x,y,distance_from_s1,angle_from_first_bearing,coverage_ratio,valid_polygon_ratio,diameter_pass_ratio,circle_coverage_pass_ratio,clear_ready_outcome_ratio,median_diameter,p90_diameter,max_valid_diameter,robust_pass_count,target_count,outcome_count,valid_polygon_count,diameter_pass_count,circle_coverage_pass_count,clear_ready_outcome_count,circle_blocked_diameter_pass_count,undefined_target_count,target_radius
-500.0,-1800.0,1868.1541692269404,-105.52411099675426,0.0,1.0,0.0,1.0,0.0,80.63811347668661,82.83072214692285,82.98422700564537,0,9,45,45,0,45,0,0,0,300.0
-500.0,-1800.0,1868.1541692269404,-105.52411099675426,0.0,1.0,0.0,1.0,0.0,101.38562565393185,104.95598184843736,105.56346511853016,0,9,45,45,0,45,0,0,0,600.0
-500.0,-1800.0,1868.1541692269404,-105.52411099675426,0.0,1.0,0.0,1.0,0.0,129.32610438964153,134.64245378433426,136.14559601852858,0,9,45,45,0,45,0,0,0,900.0
-500.0,-1800.0,1868.1541692269404,-105.52411099675426,0.0,1.0,0.0,1.0,0.0,164.16095219353642,171.73443678324742,174.72791482984894,0,9,45,45,0,45,0,0,0,1200.0
-500.0,-1800.0,1868.1541692269404,-105.52411099675426,0.0,1.0,0.0,1.0,0.0,205.8084277496912,216.36487272973235,221.5327317851495,0,9,45,45,0,45,0,0,0,1500.0
-400.0,-1800.0,1843.9088914585775,-102.52880770915151,0.0,1.0,0.0,1.0,0.0,77.1711508029645,79.07285745915871,79.19377736527254,0,9,45,45,0,45,0,0,0,300.0
-400.0,-1800.0,1843.9088914585775,-102.52880770915151,0.0,1.0,0.0,1.0,0.0,96.25570776074468,99.42838435582698,99.94208337539071,0,9,45,45,0,45,0,0,0,600.0
-400.0,-1800.0,1843.9088914585775,-102.52880770915151,0.0,1.0,0.0,1.0,0.0,122.54439185499628,127.31607368195169,128.6341919264774,0,9,45,45,0,45,0,0,0,900.0
-400.0,-1800.0,1843.9088914585775,-102.52880770915151,0.0,1.0,0.0,1.0,0.0,155.70608195342345,162.54845479257096,165.23299865497057,0,9,45,45,0,45,0,0,0,1200.0
-400.0,-1800.0,1843.9088914585775,-102.52880770915151,0.0,1.0,0.0,1.0,0.0,195.65001218405453,205.2510291474846,209.9496789923661,0,9,45,45,0,45,0,0,0,1500.0
-300.0,-1800.0,1824.8287590894658,-99.46232220802563,0.0,1.0,0.0,1.0,0.0,74.09219272866108,75.72939955375966,75.82162555368448,0,9,45,45,0,45,0,0,0,300.0
-300.0,-1800.0,1824.8287590894658,-99.46232220802563,0.0,1.0,0.0,1.0,0.0,91.51862519859338,94.33211616453244,94.76009944422613,0,9,45,45,0,45,0,0,0,600.0
-300.0,-1800.0,1824.8287590894658,-99.46232220802563,0.0,1.0,0.0,1.0,0.0,116.16495684235157,120.44241312979327,121.58827099742687,0,9,45,45,0,45,0,0,0,900.0
-300.0,-1800.0,1824.8287590894658,-99.46232220802563,0.0,1.0,0.0,1.0,0.0,147.6624590840807,153.83614849640475,156.22964152886195,0,9,45,45,0,45,0,0,0,1200.0
-300.0,-1800.0,1824.8287590894658,-99.46232220802563,0.0,1.0,0.0,1.0,0.0,185.90923967203986,194.62339618632984,198.88230678347216,0,9,45,45,0,45,0,0,0,1500.0
-200.0,-1800.0,1811.0770276274834,-96.3401917459099,0.0,1.0,0.0,1.0,0.0,71.40049376376625,72.7960599387024,72.86343420169567,0,9,45,45,0,45,0,0,0,300.0
-200.0,-1800.0,1811.0770276274834,-96.3401917459099,0.0,1.0,0.0,1.0,0.0,87.17306913780668,89.66233191260221,90.01253658964318,0,9,45,45,0,45,0,0,0,600.0
-200.0,-1800.0,1811.0770276274834,-96.3401917459099,0.0,1.0,0.0,1.0,0.0,110.18711593365758,114.01720326989346,115.00337971948,0,9,45,45,0,45,0,0,0,900.0
-200.0,-1800.0,1811.0770276274834,-96.3401917459099,0.0,1.0,0.0,1.0,0.0,140.0304267749984,145.5941615939223,147.71427110910636,0,9,45,45,0,45,0,0,0,1200.0
-200.0,-1800.0,1811.0770276274834,-96.3401917459099,0.0,1.0,0.0,1.0,0.0,176.58722568369447,184.48000095256197,188.32763699145607,0,9,45,45,0,45,0,0,0,1500.0
-100.0,-1800.0,1802.7756377319947,-93.17983011986423,0.0,1.0,0.0,1.0,0.0,69.09527731931428,70.26853639397733,70.31485587760137,0,9,45,45,0,45,0,0,0,300.0
-100.0,-1800.0,1802.7756377319947,-93.17983011986423,0.0,1.0,0.0,1.0,0.0,83.21744649071795,85.41393253323649,85.69416107896713,0,9,45,45,0,45,0,0,0,600.0
-100.0,-1800.0,1802.7756377319947,-93.17983011986423,0.0,1.0,0.0,1.0,0.0,104.60984667117323,108.03588408936817,108.87476467699024,0,9,45,45,0,45,0,0,0,900.0
-100.0,-1800.0,1802.7756377319947,-93.17983011986423,0.0,1.0,0.0,1.0,0.0,132.8101376658262,137.81899903143025,139.68317237126246,0,9,45,45,0,45,0,0,0,1200.0
-100.0,-1800.0,1802.7756377319947,-93.17983011986423,0.0,1.0,0.0,1.0,0.0,167.6850687942904,174.81889130741354,178.282727700968,0,9,45,45,0,45,0,0,0,1500.0
0.0,-1800.0,1800.0,-90.0,0.0,1.0,0.0,1.0,0.0,67.17576427413984,68.14253862037023,68.17155986385595,0,9,45,45,0,45,0,0,0,300.0
0.0,-1800.0,1800.0,-90.0,0.0,1.0,0.0,1.0,0.0,79.64986692922986,81.58154773223004,81.79946563997403,0,9,45,45,0,45,0,0,0,600.0
0.0,-1800.0,1800.0,-90.0,0.0,1.0,0.0,1.0,0.0,99.43171180266907,102.4935284440283,103.19729427559695,0,9,45,45,0,45,0,0,0,900.0
0.0,-1800.0,1800.0,-90.0,0.0,1.0,0.0,1.0,0.0,126.00147589908137,130.50695092651262,132.1324086375123,0,9,45,45,0,45,0,0,0,1200.0
0.0,-1800.0,1800.0,-90.0,0.0,1.0,0.0,1.0,0.0,159.20380202188304,165.63808791986776,168.7446247544171,0,9,45,45,0,45,0,0,0,1500.0
100.0,-1800.0,1802.7756377319947,-86.82016988013577,0.0,1.0,0.0,1.0,0.0,65.64120976766522,66.41382243714659,66.42926745100965,0,9,45,45,0,45,0,0,0,300.0
100.0,-1800.0,1802.7756377319947,-86.82016988013577,0.0,1.0,0.0,1.0,0.0,76.46814936031355,78.15953655300578,78.32267189784032,0,9,45,45,0,45,0,0,0,600.0
100.0,-1800.0,1802.7756377319947,-86.82016988013577,0.0,1.0,0.0,1.0,0.0,94.65078304384582,97.38476479667749,97.96537922164963,0,9,45,45,0,45,0,0,0,900.0
100.0,-1800.0,1802.7756377319947,-86.82016988013577,0.0,1.0,0.0,1.0,0.0,119.603964889803,123.65400235187997,125.05772765751738,0,9,45,45,0,45,0,0,0,1200.0
100.0,-1800.0,1802.7756377319947,-86.82016988013577,0.0,1.0,0.0,1.0,0.0,151.14432994499415,156.9355220847434,159.7102986919892,0,9,45,45,0,45,0,0,0,1500.0
200.0,-1800.0,1811.0770276274834,-83.6598082540901,0.0,1.0,0.0,1.0,0.0,64.49094565648143,65.07823030514098,65.08379335900928,0,9,45,45,0,45,0,0,0,300.0
200.0,-1800.0,1811.0770276274834,-83.6598082540901,0.0,1.0,0.0,1.0,0.0,73.6698541945208,75.14201230204569,75.25775827830503,0,9,45,45,0,45,0,0,0,600.0
200.0,-1800.0,1811.0770276274834,-83.6598082540901,0.0,1.0,0.0,1.0,0.0,90.26457097335496,92.70370490709344,93.17289834321733,0,9,45,45,0,45,0,0,0,900.0
200.0,-1800.0,1811.0770276274834,-83.6598082540901,0.0,1.0,0.0,1.0,0.0,113.61666145299235,117.25572950337379,118.45445321435484,0,9,45,45,0,45,0,0,0,1200.0
200.0,-1800.0,1811.0770276274834,-83.6598082540901,0.0,1.0,0.0,1.0,0.0,143.5073493138655,148.72347550759747,151.17656464566733,0,9,45,45,0,45,0,0,0,1500.0
300.0,-1800.0,1824.8287590894658,-80.53767779197439,0.0,1.0,0.0,0.4222222222222222,0.0,63.72429303471794,64.13150360877728,64.13175081831572,0,9,45,45,0,19,0,0,0,300.0
300.0,-1800.0,1824.8287590894658,-80.53767779197439,0.0,1.0,0.0,1.0,0.0,71.25234648413232,72.52289702865235,72.59851868910332,0,9,45,45,0,45,0,0,0,600.0
300.0,-1800.0,1824.8287590894658,-80.53767779197439,0.0,1.0,0.0,1.0,0.0,86.26997000586091,88.44388496249425,88.81313875291258,0,9,45,45,0,45,0,0,0,900.0
300.0,-1800.0,1824.8287590894658,-80.53767779197439,0.0,1.0,0.0,1.0,0.0,108.03803865575645,111.30718442917022,112.31736448645215,0,9,45,45,0,45,0,0,0,1200.0
300.0,-1800.0,1824.8287590894658,-80.53767779197439,0.0,1.0,0.0,1.0,0.0,136.2932511521876,140.9965833070068,143.13998295623384,0,9,45,45,0,45,0,0,0,1500.0
400.0,-1800.0,1843.9088914585775,-77.47119229084849,0.0,1.0,0.0,1.0,0.0,64.45072362721241,64.523038093859,64.52399368515773,0,9,45,45,0,45,0,0,0,300.0
400.0,-1800.0,1843.9088914585775,-77.47119229084849,0.0,1.0,0.0,1.0,0.0,69.21289223355001,70.29600823657871,70.33865459133338,0,9,45,45,0,45,0,0,0,600.0
400.0,-1800.0,1843.9088914585775,-77.47119229084849,0.0,1.0,0.0,1.0,0.0,82.66322945353045,84.59823064761466,84.87876151730418,0,9,45,45,0,45,0,0,0,900.0
400.0,-1800.0,1843.9088914585775,-77.47119229084849,0.0,1.0,0.0,1.0,0.0,102.8658621156899,105.80277275295421,106.64056782343779,0,9,45,45,0,45,0,0,0,1200.0
400.0,-1800.0,1843.9088914585775,-77.47119229084849,0.0,1.0,0.0,1.0,0.0,129.50200302694572,133.7414714581216,135.59673894388658,0,9,45,45,0,45,0,0,0,1500.0
500.0,-1800.0,1868.1541692269404,-74.47588900324574,0.0,1.0,0.0,1.0,0.0,65.59886030342307,65.73608054364911,65.73927347183377,0,9,45,45,0,45,0,0,0,300.0
500.0,-1800.0,1868.1541692269404,-74.47588900324574,0.0,1.0,0.0,1.0,0.0,67.54878588033286,68.45517651890776,68.47189881834697,0,9,45,45,0,45,0,0,0,600.0
500.0,-1800.0,1868.1541692269404,-74.47588900324574,0.0,1.0,0.0,1.0,0.0,79.43996290781594,81.15905787332454,81.36180531628392,0,9,45,45,0,45,0,0,0,900.0
500.0,-1800.0,1868.1541692269404,-74.47588900324574,0.0,1.0,0.0,1.0,0.0,98.09706740753747,100.73613163913076,101.41736865424545,0,9,45,45,0,45,0,0,0,1200.0
500.0,-1800.0,1868.1541692269404,-74.47588900324574,0.0,1.0,0.0,1.0,0.0,123.13301139009882,126.95410408510818,128.5425015004753,0,9,45,45,0,45,0,0,0,1500.0
600.0,-1800.0,1897.3665961010277,-71.56505117707799,0.0,1.0,0.0,1.0,0.0,67.13052226316367,67.33606411233143,67.34284097635407,0,9,45,45,0,45,0,0,0,300.0
600.0,-1800.0,1897.3665961010277,-71.56505117707799,0.0,1.0,0.0,0.4222222222222222,0.0,66.25699520956616,66.9935953636145,66.9944443377696,0,9,45,45,0,19,0,0,0,600.0
600.0,-1800.0,1897.3665961010277,-71.56505117707799,0.0,1.0,0.0,1.0,0.0,76.5952078555812,78.11812065403467,78.2537403253239,0,9,45,45,0,45,0,0,0,900.0
600.0,-1800.0,1897.3665961010277,-71.56505117707799,0.0,1.0,0.0,1.0,0.0,93.72764956108445,96.10001842183291,96.64015473021229,0,9,45,45,0,45,0,0,0,1200.0
600.0,-1800.0,1897.3665961010277,-71.56505117707799,0.0,1.0,0.0,1.0,0.0,117.18496581030274,120.6297979755419,121.97226214601584,0,9,45,45,0,45,0,0,0,1500.0
700.0,-1800.0,1931.3207915827966,-68.74949449286676,0.0,1.0,0.0,1.0,0.0,69.04631944682204,69.32472863794648,69.33646870508943,0,9,45,45,0,45,0,0,0,300.0
700.0,-1800.0,1931.3207915827966,-68.74949449286676,0.0,1.0,0.0,1.0,0.0,67.50605908480055,67.58172545509842,67.58373488606524,0,9,45,45,0,45,0,0,0,600.0
700.0,-1800.0,1931.3207915827966,-68.74949449286676,0.0,1.0,0.0,1.0,0.0,74.12354492261694,75.46671532363905,75.54558204327537,0,9,45,45,0,45,0,0,0,900.0
700.0,-1800.0,1931.3207915827966,-68.74949449286676,0.0,1.0,0.0,1.0,0.0,89.75257891000693,91.88622344084713,92.30030536904786,0,9,45,45,0,45,0,0,0,1200.0
700.0,-1800.0,1931.3207915827966,-68.74949449286676,0.0,1.0,0.0,1.0,0.0,111.65566961367304,114.76305732490962,115.88015902123193,0,9,45,45,0,45,0,0,0,1500.0
800.0,-1800.0,1969.771560359221,-66.03751102542182,0.0,1.0,0.0,1.0,0.0,71.34692089100814,71.70388063963475,71.72199028576117,0,9,45,45,0,45,0,0,0,300.0
800.0,-1800.0,1969.771560359221,-66.03751102542182,0.0,1.0,0.0,1.0,0.0,69.1670802903438,69.31148596627497,69.31824504475578,0,9,45,45,0,45,0,0,0,600.0
800.0,-1800.0,1969.771560359221,-66.03751102542182,0.0,1.0,0.0,1.0,0.0,72.01928101016262,73.1958455360736,73.22806960156201,0,9,45,45,0,45,0,0,0,900.0
800.0,-1800.0,1969.771560359221,-66.03751102542182,0.0,1.0,0.0,1.0,0.0,86.16576012020415,88.08552305898858,88.38814410026181,0,9,45,45,0,45,0,0,0,1200.0
800.0,-1800.0,1969.771560359221,-66.03751102542182,0.0,1.0,0.0,1.0,0.0,106.54186493252709,109.34740260383936,110.25929397714468,0,9,45,45,0,45,0,0,0,1500.0
900.0,-1800.0,2012.4611797498108,-63.43494882292201,0.0,1.0,0.0,1.0,0.0,74.03301233500765,74.4753510338646,74.5012577585354,0,9,45,45,0,45,0,0,0,300.0
900.0,-1800.0,2012.4611797498108,-63.43494882292201,0.0,1.0,0.0,1.0,0.0,71.2026712753161,71.420069274078,71.43450033734774,0,9,45,45,0,45,0,0,0,600.0
900.0,-1800.0,2012.4611797498108,-63.43494882292201,0.0,1.0,0.0,0.4222222222222222,0.0,70.2756173004015,71.2948336307707,71.2965605616554,0,9,45,45,0,19,0,0,0,900.0
900.0,-1800.0,2012.4611797498108,-63.43494882292201,0.0,1.0,0.0,1.0,0.0,82.9600522338879,84.6876897650898,84.89295320373999,0,9,45,45,0,45,0,0,0,1200.0
900.0,-1800.0,2012.4611797498108,-63.43494882292201,0.0,1.0,0.0,1.0,0.0,101.83906423442751,104.37520507809369,105.10155528353393,0,9,45,45,0,45,0,0,0,1500.0
1000.0,-1800.0,2059.1260281974,-60.94539590092286,0.0,1.0,0.0,1.0,0.0,77.10525947500595,77.64095824206598,77.6761047883289,0,9,45,45,0,45,0,0,0,300.0
1000.0,-1800.0,2059.1260281974,-60.94539590092286,0.0,1.0,0.0,1.0,0.0,73.61546261181462,73.91121418831312,73.93634375352676,0,9,45,45,0,45,0,0,0,600.0
1000.0,-1800.0,2059.1260281974,-60.94539590092286,0.0,1.0,0.0,1.0,0.0,71.97327545395775,72.05386794821364,72.05709388205948,0,9,45,45,0,45,0,0,0,900.0
1000.0,-1800.0,2059.1260281974,-60.94539590092286,0.0,1.0,0.0,1.0,0.0,80.12736612075321,81.68157485714647,81.80306712164936,0,9,45,45,0,45,0,0,0,1200.0
1000.0,-1800.0,2059.1260281974,-60.94539590092286,0.0,1.0,0.0,1.0,0.0,97.54140463680693,99.83754252628569,100.39746304550405,0,9,45,45,0,45,0,0,0,1500.0
1100.0,-1800.0,2109.5023109728986,-58.57043438516149,0.0,1.0,0.0,1.0,0.0,80.56427942596585,81.20247931642565,81.24831831910772,0,9,45,45,0,45,0,0,0,300.0
1100.0,-1800.0,2109.5023109728986,-58.57043438516149,0.0,1.0,0.0,1.0,0.0,76.40809600933368,76.78868736025257,76.82762313816605,0,9,45,45,0,45,0,0,0,600.0
1100.0,-1800.0,2109.5023109728986,-58.57043438516149,0.0,1.0,0.0,1.0,0.0,74.0736228769184,74.22797459142328,74.23887429898592,0,9,45,45,0,45,0,0,0,900.0
1100.0,-1800.0,2109.5023109728986,-58.57043438516149,0.0,1.0,0.0,1.0,0.0,77.65885114787932,79.05527482962609,79.10605688337708,0,9,45,45,0,45,0,0,0,1200.0
1100.0,-1800.0,2109.5023109728986,-58.57043438516149,0.0,1.0,0.0,1.0,0.0,93.64154498903888,95.72409514444072,96.13605840694008,0,9,45,45,0,45,0,0,0,1500.0
1200.0,-1800.0,2163.3307652783938,-56.309932474020215,0.0,1.0,0.0,1.0,0.0,84.41062131043651,85.16163007886071,85.21961952574219,0,9,45,45,0,45,0,0,0,300.0
1200.0,-1800.0,2163.3307652783938,-56.309932474020215,0.0,1.0,0.0,1.0,0.0,79.58309697703949,80.05615537016607,80.11206270632182,0,9,45,45,0,45,0,0,0,600.0
1200.0,-1800.0,2163.3307652783938,-56.309932474020215,0.0,1.0,0.0,1.0,0.0,76.54057175852995,76.77361101750648,76.79697006091831,0,9,45,45,0,45,0,0,0,900.0
1200.0,-1800.0,2163.3307652783938,-56.309932474020215,0.0,1.0,0.0,0.4222222222222222,0.0,75.54339344516458,76.79377637453977,76.79657147560938,0,9,45,45,0,19,0,0,0,1200.0
1200.0,-1800.0,2163.3307652783938,-56.309932474020215,0.0,1.0,0.0,1.0,0.0,90.13062786935382,92.02310258166588,92.30485997179534,0,9,45,45,0,45,0,0,0,1500.0
1300.0,-1800.0,2220.3603311174516,-54.16234704572171,0.0,1.0,0.0,1.0,0.0,88.64475555017162,89.52005391954236,89.59165356780456,0,9,45,45,0,45,0,0,0,300.0
1300.0,-1800.0,2220.3603311174516,-54.16234704572171,0.0,1.0,0.0,1.0,0.0,83.14277859364189,83.71708722436867,83.79316681187025,0,9,45,45,0,45,0,0,0,600.0
1300.0,-1800.0,2220.3603311174516,-54.16234704572171,0.0,1.0,0.0,1.0,0.0,79.37972261135614,79.69746862428833,79.73827042450431,0,9,45,45,0,45,0,0,0,900.0
1300.0,-1800.0,2220.3603311174516,-54.16234704572171,0.0,1.0,0.0,1.0,0.0,77.60894842286845,77.69576421600449,77.70042011985359,0,9,45,45,0,45,0,0,0,1200.0
1300.0,-1800.0,2220.3603311174516,-54.16234704572171,0.0,1.0,0.0,1.0,0.0,86.99832825977198,88.72140253182832,88.88991042750541,0,9,45,45,0,45,0,0,0,1500.0
1400.0,-1800.0,2280.350850198276,-52.1250163489018,0.0,1.0,0.0,1.0,0.0,93.26707054858,94.27931799916357,94.3659867678083,0,9,45,45,0,45,0,0,0,300.0
1400.0,-1800.0,2280.350850198276,-52.1250163489018,0.0,1.0,0.0,1.0,0.0,87.08917839482409,87.77468953787243,87.87415777486686,0,9,45,45,0,45,0,0,0,600.0
1400.0,-1800.0,2280.350850198276,-52.1250163489018,0.0,1.0,0.0,1.0,0.0,82.59638578758303,83.00597789195035,83.06935218113989,0,9,45,45,0,45,0,0,0,900.0
1400.0,-1800.0,2280.350850198276,-52.1250163489018,0.0,1.0,0.0,1.0,0.0,80.07284373475967,80.23937519376776,80.25514600396723,0,9,45,45,0,45,0,0,0,1200.0
1400.0,-1800.0,2280.350850198276,-52.1250163489018,0.0,1.0,0.0,1.0,0.0,84.23300687420561,85.80456752319093,85.87593215581114,0,9,45,45,0,45,0,0,0,1500.0
1500.0,-1800.0,2343.074902771996,-50.19442890773481,0.0,1.0,0.0,1.0,0.0,98.27787502686886,99.44091515609698,99.54410942541847,0,9,45,45,0,45,0,0,0,300.0
1500.0,-1800.0,2343.074902771996,-50.19442890773481,0.0,1.0,0.0,1.0,0.0,91.42402608711713,92.23187236335946,92.35794518667717,0,9,45,45,0,45,0,0,0,600.0
1500.0,-1800.0,2343.074902771996,-50.19442890773481,0.0,1.0,0.0,1.0,0.0,86.19539841276887,86.70512290262936,86.79629472142335,0,9,45,45,0,45,0,0,0,900.0
1500.0,-1800.0,2343.074902771996,-50.19442890773481,0.0,1.0,0.0,1.0,0.0,82.90007964091959,83.15177173701494,83.18563539511274,0,9,45,45,0,45,0,0,0,1200.0
1500.0,-1800.0,2343.074902771996,-50.19442890773481,0.0,1.0,0.0,0.4222222222222222,0.0,81.81940469350384,83.25343276644006,83.25741468233507,0,9,45,45,0,19,0,0,0,1500.0
1600.0,-1800.0,2408.3189157584593,-48.366460663429805,0.0,1.0,0.0,1.0,0.0,103.67740422433116,105.00626975013981,105.12744244416199,0,9,45,45,0,45,0,0,0,300.0
1600.0,-1800.0,2408.3189157584593,-48.366460663429805,0.0,1.0,0.0,1.0,0.0,96.14873702360818,97.09124080752643,97.24712132376943,0,9,45,45,0,45,0,0,0,600.0
1600.0,-1800.0,2408.3189157584593,-48.366460663429805,0.0,1.0,0.0,1.0,0.0,90.18100512316924,90.8003187056479,90.92456149735298,0,9,45,45,0,45,0,0,0,900.0
1600.0,-1800.0,2408.3189157584593,-48.366460663429805,0.0,1.0,0.0,1.0,0.0,86.09939783799742,86.44278231953066,86.50201724831882,0,9,45,45,0,45,0,0,0,1200.0
1600.0,-1800.0,2408.3189157584593,-48.366460663429805,0.0,1.0,0.0,1.0,0.0,84.1787235609864,84.27279402982657,84.27913098381926,0,9,45,45,0,45,0,0,0,1500.0
1700.0,-1800.0,2475.8836806279896,-46.63657704161672,0.0,1.0,0.0,1.0,0.0,109.46582836626988,110.97674585346587,111.11734615625029,0,9,45,45,0,45,0,0,0,300.0
1700.0,-1800.0,2475.8836806279896,-46.63657704161672,0.0,1.0,0.0,1.0,0.0,101.2644251173591,102.35510625567072,102.5439760795923,0,9,45,45,0,45,0,0,0,600.0
1700.0,-1800.0,2475.8836806279896,-46.63657704161672,0.0,1.0,0.0,1.0,0.0,94.55679836648669,95.29634777773076,95.45894307394447,0,9,45,45,0,45,0,0,0,900.0
1700.0,-1800.0,2475.8836806279896,-46.63657704161672,0.0,1.0,0.0,1.0,0.0,89.67876308707054,90.12150085766413,90.21359633977467,0,9,45,45,0,45,0,0,0,1200.0
1700.0,-1800.0,2475.8836806279896,-46.63657704161672,0.0,1.0,0.0,1.0,0.0,86.93883533190883,87.11929831222292,87.14078543079343,0,9,45,45,0,45,0,0,0,1500.0
1800.0,-1800.0,2545.584412271571,-45.0,0.0,1.0,0.0,1.0,0.0,115.64326211917808,117.35365650575656,117.51513006026967,0,9,45,45,0,45,0,0,0,300.0
1800.0,-1800.0,2545.584412271571,-45.0,0.0,1.0,0.0,1.0,0.0,106.77192882037174,108.02551091684838,108.25052484281849,0,9,45,45,0,45,0,0,0,600.0
1800.0,-1800.0,2545.584412271571,-45.0,0.0,1.0,0.0,1.0,0.0,99.32570889609434,100.19734662938056,100.40355168899158,0,9,45,45,0,45,0,0,0,900.0
1800.0,-1800.0,2545.584412271571,-45.0,0.0,1.0,0.0,1.0,0.0,93.64517640878613,94.19609492974544,94.32866468967447,0,9,45,45,0,45,0,0,0,1200.0
1800.0,-1800.0,2545.584412271571,-45.0,0.0,1.0,0.0,1.0,0.0,90.06504668729849,90.33772289914663,90.38388960354202,0,9,45,45,0,45,0,0,0,1500.0
-500.0,-1700.0,1772.004514666935,-106.38954033403479,0.0,1.0,0.0,1.0,0.0,78.17402376598882,80.4017808317511,80.57341887031394,0,9,45,45,0,45,0,0,0,300.0
-500.0,-1700.0,1772.004514666935,-106.38954033403479,0.0,1.0,0.0,1.0,0.0,100.06287822815095,103.73052717094329,104.40961748948664,0,9,45,45,0,45,0,0,0,600.0
-500.0,-1700.0,1772.004514666935,-106.38954033403479,0.0,1.0,0.0,1.0,0.0,129.5159602419647,135.0439150095963,136.72604745268782,0,9,45,45,0,45,0,0,0,900.0
-500.0,-1700.0,1772.004514666935,-106.38954033403479,0.0,1.0,0.0,1.0,0.0,166.25072001270735,174.21832672250872,177.5740003074216,0,9,45,45,0,45,0,0,0,1200.0
-500.0,-1700.0,1772.004514666935,-106.38954033403479,0.0,1.0,0.0,1.0,0.0,210.20641998185638,221.55559580908073,227.2362386501608,0,9,45,45,0,45,0,0,0,1500.0
-400.0,-1700.0,1746.424919657298,-103.2405199151872,0.0,1.0,0.0,1.0,0.0,74.50517324269065,76.42906215061308,76.5642056712779,0,9,45,45,0,45,0,0,0,300.0
-400.0,-1700.0,1746.424919657298,-103.2405199151872,0.0,1.0,0.0,1.0,0.0,94.6345068861182,97.87808198948161,98.45196497093816,0,9,45,45,0,45,0,0,0,600.0
-400.0,-1700.0,1746.424919657298,-103.2405199151872,0.0,1.0,0.0,1.0,0.0,122.33404027805936,127.27273625572289,128.74678175374473,0,9,45,45,0,45,0,0,0,900.0
-400.0,-1700.0,1746.424919657298,-103.2405199151872,0.0,1.0,0.0,1.0,0.0,157.28855302036246,164.45755902129065,167.46502909454503,0,9,45,45,0,45,0,0,0,1200.0
-400.0,-1700.0,1746.424919657298,-103.2405199151872,0.0,1.0,0.0,1.0,0.0,199.43067398609253,209.72421538452505,214.88014468343877,0,9,45,45,0,45,0,0,0,1500.0
-300.0,-1700.0,1726.2676501632068,-100.00797980144135,0.0,1.0,0.0,1.0,0.0,71.24742386742639,72.89703830041563,73.00006796508345,0,9,45,45,0,45,0,0,0,300.0
-300.0,-1700.0,1726.2676501632068,-100.00797980144135,0.0,1.0,0.0,1.0,0.0,89.62339574611624,92.48603867567135,92.96384845929984,0,9,45,45,0,45,0,0,0,600.0
-300.0,-1700.0,1726.2676501632068,-100.00797980144135,0.0,1.0,0.0,1.0,0.0,115.57996512102262,119.98594503560244,121.26639202116861,0,9,45,45,0,45,0,0,0,900.0
-300.0,-1700.0,1726.2676501632068,-100.00797980144135,0.0,1.0,0.0,1.0,0.0,148.76352583482728,155.20399074678264,157.88357865130558,0,9,45,45,0,45,0,0,0,1200.0
-300.0,-1700.0,1726.2676501632068,-100.00797980144135,0.0,1.0,0.0,1.0,0.0,189.09829435051594,198.41332094841914,203.0779295949586,0,9,45,45,0,45,0,0,0,1500.0
-200.0,-1700.0,1711.724276862369,-96.70983680775694,0.0,1.0,0.0,1.0,0.0,68.39988610031477,69.8008425622412,69.87607852648902,0,9,45,45,0,45,0,0,0,300.0
-200.0,-1700.0,1711.724276862369,-96.70983680775694,0.0,1.0,0.0,1.0,0.0,85.02816510220978,87.54904303545307,87.93975811528588,0,9,45,45,0,45,0,0,0,600.0
-200.0,-1700.0,1711.724276862369,-96.70983680775694,0.0,1.0,0.0,1.0,0.0,109.25323167067548,113.17898857088419,114.28011323162407,0,9,45,45,0,45,0,0,0,900.0
-200.0,-1700.0,1711.724276862369,-96.70983680775694,0.0,1.0,0.0,1.0,0.0,140.67628993391915,146.45407899004067,148.82585512318627,0,9,45,45,0,45,0,0,0,1200.0
-200.0,-1700.0,1711.724276862369,-96.70983680775694,0.0,1.0,0.0,1.0,0.0,179.21068986076278,187.62081225810215,191.8263362695155,0,9,45,45,0,45,0,0,0,1500.0
-100.0,-1700.0,1702.93863659264,-93.3664606634298,0.0,1.0,0.0,1.0,0.0,65.96161417467596,67.13557321618411,67.18727922570412,0,9,45,45,0,45,0,0,0,300.0
-100.0,-1700.0,1702.93863659264,-93.3664606634298,0.0,1.0,0.0,1.0,0.0,80.84707861484394,83.0614242421303,83.37386215048247,0,9,45,45,0,45,0,0,0,600.0
-100.0,-1700.0,1702.93863659264,-93.3664606634298,0.0,1.0,0.0,1.0,0.0,103.35297045534662,106.84700626974728,107.78286298082386,0,9,45,45,0,45,0,0,0,900.0
-100.0,-1700.0,1702.93863659264,-93.3664606634298,0.0,1.0,0.0,1.0,0.0,133.02733518213356,138.20417998885142,140.28796174754234,0,9,45,45,0,45,0,0,0,1200.0
-100.0,-1700.0,1702.93863659264,-93.3664606634298,0.0,1.0,0.0,1.0,0.0,169.76930534717135,177.3446697142832,181.1222078543636,0,9,45,45,0,45,0,0,0,1500.0
0.0,-1700.0,1700.0,-90.0,0.0,1.0,0.0,1.0,0.0,63.93164107430568,64.89632445038608,64.92871350593128,0,9,45,45,0,45,0,0,0,300.0
0.0,-1700.0,1700.0,-90.0,0.0,1.0,0.0,1.0,0.0,77.07801282760924,79.01715939310627,79.25997201954752,0,9,45,45,0,45,0,0,0,600.0
0.0,-1700.0,1700.0,-90.0,0.0,1.0,0.0,1.0,0.0,97.87784587185851,100.98473053573134,101.76913901751513,0,9,45,45,0,45,0,0,0,900.0
0.0,-1700.0,1700.0,-90.0,0.0,1.0,0.0,1.0,0.0,125.81690160524496,130.4504632982334,132.26580983455293,0,9,45,45,0,45,0,0,0,1200.0
0.0,-1700.0,1700.0,-90.0,0.0,1.0,0.0,1.0,0.0,160.77557428510093,167.58290787922448,170.96244089931815,0,9,45,45,0,45,0,0,0,1500.0
100.0,-1700.0,1702.93863659264,-86.63353933657021,0.0,1.0,0.0,1.0,0.0,62.309026440842274,63.078230483324845,63.095472120570946,0,9,45,45,0,45,0,0,0,300.0
100.0,-1700.0,1702.93863659264,-86.63353933657021,0.0,1.0,0.0,1.0,0.0,73.71844966521982,75.4098591786995,75.5915298558359,0,9,45,45,0,45,0,0,0,600.0
100.0,-1700.0,1702.93863659264,-86.63353933657021,0.0,1.0,0.0,1.0,0.0,92.82595039900146,95.58638080448249,96.2329097468951,0,9,45,45,0,45,0,0,0,900.0
100.0,-1700.0,1702.93863659264,-86.63353933657021,0.0,1.0,0.0,1.0,0.0,119.04487109861786,123.18880623721913,124.75500890730812,0,9,45,45,0,45,0,0,0,1200.0
100.0,-1700.0,1702.93863659264,-86.63353933657021,0.0,1.0,0.0,1.0,0.0,152.23085461670254,158.33351226042925,161.34392141905047,0,9,45,45,0,45,0,0,0,1500.0
200.0,-1700.0,1711.724276862369,-83.29016319224307,0.0,1.0,0.0,1.0,0.0,61.09291429221395,61.67652028651855,61.68274927739839,0,9,45,45,0,45,0,0,0,300.0
200.0,-1700.0,1711.724276862369,-83.29016319224307,0.0,1.0,0.0,1.0,0.0,70.76550192918523,72.23278445388841,72.36162833529805,0,9,45,45,0,45,0,0,0,600.0
200.0,-1700.0,1711.724276862369,-83.29016319224307,0.0,1.0,0.0,1.0,0.0,88.19470038724715,90.64555793743146,91.16750522103628,0,9,45,45,0,45,0,0,0,900.0
200.0,-1700.0,1711.724276862369,-83.29016319224307,0.0,1.0,0.0,1.0,0.0,112.71063839042964,116.41466784876621,117.75073506023243,0,9,45,45,0,45,0,0,0,1200.0
200.0,-1700.0,1711.724276862369,-83.29016319224307,0.0,1.0,0.0,1.0,0.0,144.13634429016574,149.59435577516254,152.26344012892213,0,9,45,45,0,45,0,0,0,1500.0
300.0,-1700.0,1726.2676501632068,-79.99202019855866,0.0,1.0,0.0,0.4222222222222222,0.0,60.28245575353147,60.68633656505396,60.68659480729492,0,9,45,45,0,19,0,0,0,300.0
300.0,-1700.0,1726.2676501632068,-79.99202019855866,0.0,1.0,0.0,1.0,0.0,68.21598085176288,69.47890276311793,69.56307232275438,0,9,45,45,0,45,0,0,0,600.0
300.0,-1700.0,1726.2676501632068,-79.99202019855866,0.0,1.0,0.0,1.0,0.0,83.9807446739098,86.15514960853328,86.56551989640215,0,9,45,45,0,45,0,0,0,900.0
300.0,-1700.0,1726.2676501632068,-79.99202019855866,0.0,1.0,0.0,1.0,0.0,106.81296254260006,110.12294348799374,111.24757857456855,0,9,45,45,0,45,0,0,0,1200.0
300.0,-1700.0,1726.2676501632068,-79.99202019855866,0.0,1.0,0.0,1.0,0.0,136.4929730223028,141.36309129152022,143.71758305045273,0,9,45,45,0,45,0,0,0,1500.0
400.0,-1700.0,1746.424919657298,-76.7594800848128,0.0,1.0,0.0,1.0,0.0,61.054708367296755,61.12669069664403,61.127743760571946,0,9,45,45,0,45,0,0,0,300.0
400.0,-1700.0,1746.424919657298,-76.7594800848128,0.0,1.0,0.0,1.0,0.0,66.06651143428327,67.14099088508493,67.18848843473977,0,9,45,45,0,45,0,0,0,600.0
400.0,-1700.0,1746.424919657298,-76.7594800848128,0.0,1.0,0.0,1.0,0.0,80.17990094198359,82.1072608606894,82.41874226088223,0,9,45,45,0,45,0,0,0,900.0
400.0,-1700.0,1746.424919657298,-76.7594800848128,0.0,1.0,0.0,1.0,0.0,101.34980321763301,104.30780397786324,105.23937485160096,0,9,45,45,0,45,0,0,0,1200.0
400.0,-1700.0,1746.424919657298,-76.7594800848128,0.0,1.0,0.0,1.0,0.0,129.30126725017988,133.63701707211493,135.70259408761683,0,9,45,45,0,45,0,0,0,1500.0
500.0,-1700.0,1772.004514666935,-73.61045966596522,0.0,1.0,0.0,1.0,0.0,62.268567775376596,62.405910450424955,62.409464532521795,0,9,45,45,0,45,0,0,0,300.0
500.0,-1700.0,1772.004514666935,-73.61045966596522,0.0,1.0,0.0,1.0,0.0,64.31369529178447,65.21178394042073,65.23048273081959,0,9,45,45,0,45,0,0,0,600.0
500.0,-1700.0,1772.004514666935,-73.61045966596522,0.0,1.0,0.0,1.0,0.0,76.78713759959751,78.49318678934517,78.71812945453154,0,9,45,45,0,45,0,0,0,900.0
500.0,-1700.0,1772.004514666935,-73.61045966596522,0.0,1.0,0.0,1.0,0.0,96.31814993783902,98.96252710289131,99.71902687706272,0,9,45,45,0,45,0,0,0,1200.0
500.0,-1700.0,1772.004514666935,-73.61045966596522,0.0,1.0,0.0,1.0,0.0,122.56118638003669,126.44466120693727,128.2142072941796,0,9,45,45,0,45,0,0,0,1500.0
600.0,-1700.0,1802.7756377319947,-70.5599651718238,0.0,1.0,0.0,1.0,0.0,63.88811212475598,64.09462874925707,64.10220512082589,0,9,45,45,0,45,0,0,0,300.0
600.0,-1700.0,1802.7756377319947,-70.5599651718238,0.0,1.0,0.0,0.4222222222222222,0.0,62.95377949757992,63.68333565181965,63.68422308646973,0,9,45,45,0,19,0,0,0,600.0
600.0,-1700.0,1802.7756377319947,-70.5599651718238,0.0,1.0,0.0,1.0,0.0,73.79661987476032,75.30344525996665,75.45384605110173,0,9,45,45,0,45,0,0,0,900.0
600.0,-1700.0,1802.7756377319947,-70.5599651718238,0.0,1.0,0.0,1.0,0.0,91.7138574662454,94.07933390102372,94.67833257286009,0,9,45,45,0,45,0,0,0,1200.0
600.0,-1700.0,1802.7756377319947,-70.5599651718238,0.0,1.0,0.0,1.0,0.0,116.27193052882367,119.75388133360147,121.24744867661083,0,9,45,45,0,45,0,0,0,1500.0
700.0,-1700.0,1838.4776310850236,-67.61986494804043,0.0,1.0,0.0,1.0,0.0,65.91412819800026,66.1948991449648,66.20805841913132,0,9,45,45,0,45,0,0,0,300.0
700.0,-1700.0,1838.4776310850236,-67.61986494804043,0.0,1.0,0.0,1.0,0.0,64.27285498635769,64.34854629572145,64.35077241452997,0,9,45,45,0,45,0,0,0,600.0
700.0,-1700.0,1838.4776310850236,-67.61986494804043,0.0,1.0,0.0,1.0,0.0,71.20183656829197,72.52788552744678,72.61538394738066,0,9,45,45,0,45,0,0,0,900.0
700.0,-1700.0,1838.4776310850236,-67.61986494804043,0.0,1.0,0.0,1.0,0.0,87.53150575995093,89.64924728586911,90.10783601941571,0,9,45,45,0,45,0,0,0,1200.0
700.0,-1700.0,1838.4776310850236,-67.61986494804043,0.0,1.0,0.0,1.0,0.0,110.43172322740391,113.55539877026965,114.79641078509559,0,9,45,45,0,45,0,0,0,1500.0
800.0,-1700.0,1878.8294228055936,-64.79887635452492,0.0,1.0,0.0,1.0,0.0,68.34746625595074,68.70884817084236,68.72918274321248,0,9,45,45,0,45,0,0,0,300.0
800.0,-1700.0,1878.8294228055936,-64.79887635452492,0.0,1.0,0.0,1.0,0.0,66.02241488889867,66.16772404626869,66.17529139834507,0,9,45,45,0,45,0,0,0,600.0
800.0,-1700.0,1878.8294228055936,-64.79887635452492,0.0,1.0,0.0,1.0,0.0,68.99581753605656,70.15588271888538,70.19177383500733,0,9,45,45,0,45,0,0,0,900.0
800.0,-1700.0,1878.8294228055936,-64.79887635452492,0.0,1.0,0.0,1.0,0.0,83.76430777412791,85.66199510337105,85.99672667195019,0,9,45,45,0,45,0,0,0,1200.0
800.0,-1700.0,1878.8294228055936,-64.79887635452492,0.0,1.0,0.0,1.0,0.0,105.0375771507986,107.8425874625609,108.85400820716004,0,9,45,45,0,45,0,0,0,1500.0
900.0,-1700.0,1923.5384061671346,-62.10272896905237,0.0,1.0,0.0,1.0,0.0,71.18898240250421,71.63861775570658,71.66774383135697,0,9,45,45,0,45,0,0,0,300.0
900.0,-1700.0,1923.5384061671346,-62.10272896905237,0.0,1.0,0.0,1.0,0.0,68.1677934832122,68.3874537942472,68.4036872573571,0,9,45,45,0,45,0,0,0,600.0
900.0,-1700.0,1923.5384061671346,-62.10272896905237,0.0,1.0,0.0,0.4222222222222222,0.0,67.17031560407023,68.17493996030191,68.17673809769012,0,9,45,45,0,19,0,0,0,900.0
900.0,-1700.0,1923.5384061671346,-62.10272896905237,0.0,1.0,0.0,1.0,0.0,80.40409140441324,82.10598252965603,82.33281391943662,0,9,45,45,0,45,0,0,0,1200.0
900.0,-1700.0,1923.5384061671346,-62.10272896905237,0.0,1.0,0.0,1.0,0.0,100.08505676431446,102.60747269112667,103.41172831614469,0,9,45,45,0,45,0,0,0,1500.0
1000.0,-1700.0,1972.308292331602,-59.53445508054013,0.0,1.0,0.0,1.0,0.0,74.43949073529875,74.98631707058904,75.02586702898768,0,9,45,45,0,45,0,0,0,300.0
1000.0,-1700.0,1972.308292331602,-59.53445508054013,0.0,1.0,0.0,1.0,0.0,70.71229990978969,71.01228731117777,71.04063579442123,0,9,45,45,0,45,0,0,0,600.0
1000.0,-1700.0,1972.308292331602,-59.53445508054013,0.0,1.0,0.0,1.0,0.0,68.95155139124854,69.0326614357788,69.03625825569968,0,9,45,45,0,45,0,0,0,900.0
1000.0,-1700.0,1972.308292331602,-59.53445508054013,0.0,1.0,0.0,1.0,0.0,77.44138150117168,78.9683582864219,79.10260396949691,0,9,45,45,0,45,0,0,0,1200.0
1000.0,-1700.0,1972.308292331602,-59.53445508054013,0.0,1.0,0.0,1.0,0.0,95.56805835454425,97.84051545477243,98.45939874624644,0,9,45,45,0,45,0,0,0,1500.0
1100.0,-1700.0,2024.8456731316587,-57.094757077012105,0.0,1.0,0.0,1.0,0.0,78.09972839932983,78.75398703653136,78.8056026999068,0,9,45,45,0,45,0,0,0,300.0
1100.0,-1700.0,2024.8456731316587,-57.094757077012105,0.0,1.0,0.0,1.0,0.0,73.65919951967551,74.04675392300663,74.09075949512687,0,9,45,45,0,45,0,0,0,600.0
1100.0,-1700.0,2024.8456731316587,-57.094757077012105,0.0,1.0,0.0,1.0,0.0,71.15345304623887,71.30971834474826,71.32200153911309,0,9,45,45,0,45,0,0,0,900.0
1100.0,-1700.0,2024.8456731316587,-57.094757077012105,0.0,1.0,0.0,1.0,0.0,74.86560280174577,76.23519421865862,76.29150060574236,0,9,45,45,0,45,0,0,0,1200.0
1100.0,-1700.0,2024.8456731316587,-57.094757077012105,0.0,1.0,0.0,1.0,0.0,91.478634290786,93.53043850401836,93.98500001857539,0,9,45,45,0,45,0,0,0,1500.0
1200.0,-1700.0,2080.865204668481,-54.78240703180729,0.0,1.0,0.0,1.0,0.0,82.17033408743573,82.94357815478224,83.00890530092705,0,9,45,45,0,45,0,0,0,300.0
1200.0,-1700.0,2080.865204668481,-54.78240703180729,0.0,1.0,0.0,1.0,0.0,77.01155119242082,77.49519669090046,77.55846361638989,0,9,45,45,0,45,0,0,0,600.0
1200.0,-1700.0,2080.865204668481,-54.78240703180729,0.0,1.0,0.0,1.0,0.0,73.74325830118993,73.9801396182772,74.00658889604074,0,9,45,45,0,45,0,0,0,900.0
1200.0,-1700.0,2080.865204668481,-54.78240703180729,0.0,1.0,0.0,0.4222222222222222,0.0,72.66356137023195,73.88908526988226,73.89198083585332,0,9,45,45,0,19,0,0,0,1200.0
1200.0,-1700.0,2080.865204668481,-54.78240703180729,0.0,1.0,0.0,1.0,0.0,87.80689308053263,89.66412396122928,89.97455690874072,0,9,45,45,0,45,0,0,0,1500.0
1300.0,-1700.0,2140.09345590327,-52.59464336859145,0.0,1.0,0.0,1.0,0.0,86.65183861354105,87.55694038693736,87.63762463458987,0,9,45,45,0,45,0,0,0,300.0
1300.0,-1700.0,2140.09345590327,-52.59464336859145,0.0,1.0,0.0,1.0,0.0,80.77209207240958,81.36165511494791,81.4478213452299,0,9,45,45,0,45,0,0,0,600.0
1300.0,-1700.0,2140.09345590327,-52.59464336859145,0.0,1.0,0.0,1.0,0.0,76.7278274279889,77.05201179833958,77.09833919890119,0,9,45,45,0,45,0,0,0,900.0
1300.0,-1700.0,2140.09345590327,-52.59464336859145,0.0,1.0,0.0,1.0,0.0,74.81729123206428,74.90520263861137,74.91042762944684,0,9,45,45,0,45,0,0,0,1200.0
1300.0,-1700.0,2140.09345590327,-52.59464336859145,0.0,1.0,0.0,1.0,0.0,84.54100808148151,86.22661346272889,86.4121435417797,0,9,45,45,0,45,0,0,0,1500.0
1400.0,-1700.0,2202.271554554524,-50.527540151656176,0.0,1.0,0.0,1.0,0.0,91.54466509016065,92.59582269095304,92.69350671700283,0,9,45,45,0,45,0,0,0,300.0
1400.0,-1700.0,2202.271554554524,-50.527540151656176,0.0,1.0,0.0,1.0,0.0,84.94317001762681,85.6497950645504,85.7625079465955,0,9,45,45,0,45,0,0,0,600.0
1400.0,-1700.0,2202.271554554524,-50.527540151656176,0.0,1.0,0.0,1.0,0.0,80.1135424718809,80.53298017504488,80.60506158169673,0,9,45,45,0,45,0,0,0,900.0
1400.0,-1700.0,2202.271554554524,-50.527540151656176,0.0,1.0,0.0,1.0,0.0,77.38823147430742,77.55782392005422,77.5757097124674,0,9,45,45,0,45,0,0,0,1200.0
1400.0,-1700.0,2202.271554554524,-50.527540151656176,0.0,1.0,0.0,1.0,0.0,81.6673639729132,83.20123787091771,83.28003296908015,0,9,45,45,0,45,0,0,0,1500.0
1500.0,-1700.0,2267.1568097509266,-48.57633437499735,0.0,1.0,0.0,1.0,0.0,96.84913588860877,98.06187943641922,98.17820137188113,0,9,45,45,0,45,0,0,0,300.0
1500.0,-1700.0,2267.1568097509266,-48.57633437499735,0.0,1.0,0.0,1.0,0.0,89.52671805356972,90.36288059216659,90.5057777153528,0,9,45,45,0,45,0,0,0,600.0
1500.0,-1700.0,2267.1568097509266,-48.57633437499735,0.0,1.0,0.0,1.0,0.0,83.9060897955644,84.43002748226613,84.53383634604442,0,9,45,45,0,45,0,0,0,900.0
1500.0,-1700.0,2267.1568097509266,-48.57633437499735,0.0,1.0,0.0,1.0,0.0,80.34519961008259,80.60247798013472,80.64105832126975,0,9,45,45,0,45,0,0,0,1200.0
1500.0,-1700.0,2267.1568097509266,-48.57633437499735,0.0,1.0,0.0,0.4222222222222222,0.0,79.16819913016374,80.56606337901817,80.57016763506537,0,9,45,45,0,19,0,0,0,1500.0
1600.0,-1700.0,2334.5235059857505,-46.73570458892839,0.0,1.0,0.0,1.0,0.0,102.56548373634526,103.95668107282003,104.09327386636865,0,9,45,45,0,45,0,0,0,300.0
1600.0,-1700.0,2334.5235059857505,-46.73570458892839,0.0,1.0,0.0,1.0,0.0,94.52426178968624,95.50377886347198,95.68047422508934,0,9,45,45,0,45,0,0,0,600.0
1600.0,-1700.0,2334.5235059857505,-46.73570458892839,0.0,1.0,0.0,1.0,0.0,88.11033324294614,88.74934208067569,88.89089015862201,0,9,45,45,0,45,0,0,0,900.0
1600.0,-1700.0,2334.5235059857505,-46.73570458892839,0.0,1.0,0.0,1.0,0.0,83.69864231852243,84.05083911422909,84.11849546907894,0,9,45,45,0,45,0,0,0,1200.0
1600.0,-1700.0,2334.5235059857505,-46.73570458892839,0.0,1.0,0.0,1.0,0.0,81.61453162414126,81.71032243944853,81.71747627225079,0,9,45,45,0,45,0,0,0,1500.0
1700.0,-1700.0,2404.1630560342614,-45.0,0.0,1.0,0.0,1.0,0.0,108.69386477558174,110.28172687530109,110.44021839791077,0,9,45,45,0,45,0,0,0,300.0
1700.0,-1700.0,2404.1630560342614,-45.0,0.0,1.0,0.0,1.0,0.0,99.93694979696255,101.07498837738308,101.28906349687216,0,9,45,45,0,45,0,0,0,600.0
1700.0,-1700.0,2404.1630560342614,-45.0,0.0,1.0,0.0,1.0,0.0,92.73026788929498,93.49626630956368,93.68155451167242,0,9,45,45,0,45,0,0,0,900.0
1700.0,-1700.0,2404.1630560342614,-45.0,0.0,1.0,0.0,1.0,0.0,87.45788806135117,87.91351614261538,88.01885965364608,0,9,45,45,0,45,0,0,0,1200.0
1700.0,-1700.0,2404.1630560342614,-45.0,0.0,1.0,0.0,1.0,0.0,84.4827363353894,84.66747789205189,84.69198534151745,0,9,45,45,0,45,0,0,0,1500.0
1800.0,-1700.0,2475.8836806279896,-43.36342295838329,0.0,1.0,0.0,1.0,0.0,115.23437197736781,117.03845815075853,117.22047182873689,0,9,45,45,0,45,0,0,0,300.0
1800.0,-1700.0,2475.8836806279896,-43.36342295838329,0.0,1.0,0.0,1.0,0.0,105.76559768526657,107.07868129792807,107.33368057255039,0,9,45,45,0,45,0,0,0,600.0
1800.0,-1700.0,2475.8836806279896,-43.36342295838329,0.0,1.0,0.0,1.0,0.0,97.76903796670685,98.67530917485945,98.91028989394643,0,9,45,45,0,45,0,0,0,900.0
1800.0,-1700.0,2475.8836806279896,-43.36342295838329,0.0,1.0,0.0,1.0,0.0,91.63094389265778,92.19984184670726,92.35160204736148,0,9,45,45,0,45,0,0,0,1200.0
1800.0,-1700.0,2475.8836806279896,-43.36342295838329,0.0,1.0,0.0,1.0,0.0,87.74221865723378,88.02230086917072,88.07518292163591,0,9,45,45,0,45,0,0,0,1500.0
-500.0,-1600.0,1676.305461424021,-107.35402463626133,0.0,1.0,0.0,1.0,0.0,75.83603616539845,78.10641075500985,78.29964663786255,0,9,45,45,0,45,0,0,0,300.0
-500.0,-1600.0,1676.305461424021,-107.35402463626133,0.0,1.0,0.0,1.0,0.0,99.00275224908327,102.78806972085019,103.55256949939373,0,9,45,45,0,45,0,0,0,600.0
-500.0,-1600.0,1676.305461424021,-107.35402463626133,0.0,1.0,0.0,1.0,0.0,130.15430048509833,135.93758152384888,137.8338813679725,0,9,45,45,0,45,0,0,0,900.0
-500.0,-1600.0,1676.305461424021,-107.35402463626133,0.0,1.0,0.0,1.0,0.0,169.02935356413286,177.47142320183082,181.26174242850516,0,9,45,45,0,45,0,0,0,1200.0
-500.0,-1600.0,1676.305461424021,-107.35402463626133,0.0,1.0,0.0,1.0,0.0,215.59009939316627,227.8913654375291,234.18970464909145,0,9,45,45,0,45,0,0,0,1500.0
-400.0,-1600.0,1649.2422502470642,-104.03624346792648,0.0,1.0,0.0,1.0,0.0,71.94015401388795,73.89116108425787,74.04323187684652,0,9,45,45,0,45,0,0,0,300.0
-400.0,-1600.0,1649.2422502470642,-104.03624346792648,0.0,1.0,0.0,1.0,0.0,93.23796368938038,96.56765119728301,97.21323844796775,0,9,45,45,0,45,0,0,0,600.0
-400.0,-1600.0,1649.2422502470642,-104.03624346792648,0.0,1.0,0.0,1.0,0.0,122.52017901364805,127.6609230120539,129.32137416949203,0,9,45,45,0,45,0,0,0,900.0
-400.0,-1600.0,1649.2422502470642,-104.03624346792648,0.0,1.0,0.0,1.0,0.0,159.49355671758053,167.0563508539082,170.4511037482797,0,9,45,45,0,45,0,0,0,1200.0
-400.0,-1600.0,1649.2422502470642,-104.03624346792648,0.0,1.0,0.0,1.0,0.0,204.1164847036976,215.2420646144294,220.94870508026793,0,9,45,45,0,45,0,0,0,1500.0
-300.0,-1600.0,1627.8820596099706,-100.61965527615514,0.0,1.0,0.0,1.0,0.0,68.48145301931659,70.14649740541812,70.26237384366186,0,9,45,45,0,45,0,0,0,300.0
-300.0,-1600.0,1627.8820596099706,-100.61965527615514,0.0,1.0,0.0,1.0,0.0,87.91811296926602,90.84085912136345,91.37795956180476,0,9,45,45,0,45,0,0,0,600.0
-300.0,-1600.0,1627.8820596099706,-100.61965527615514,0.0,1.0,0.0,1.0,0.0,115.34273651362803,119.9047855635481,121.34596627854725,0,9,45,45,0,45,0,0,0,900.0
-300.0,-1600.0,1627.8820596099706,-100.61965527615514,0.0,1.0,0.0,1.0,0.0,150.42393555086164,157.18667194585194,160.20913876139744,0,9,45,45,0,45,0,0,0,1200.0
-300.0,-1600.0,1627.8820596099706,-100.61965527615514,0.0,1.0,0.0,1.0,0.0,193.11501250770343,203.15231603548085,208.30541809954326,0,9,45,45,0,45,0,0,0,1500.0
-200.0,-1600.0,1612.4515496597098,-97.1250163489018,0.0,1.0,0.0,1.0,0.0,65.45887187724917,66.86686221357598,66.95143939834482,0,9,45,45,0,45,0,0,0,300.0
-200.0,-1600.0,1612.4515496597098,-97.1250163489018,0.0,1.0,0.0,1.0,0.0,83.04178554025913,85.6017766259645,86.04063102202949,0,9,45,45,0,45,0,0,0,600.0
-200.0,-1600.0,1612.4515496597098,-97.1250163489018,0.0,1.0,0.0,1.0,0.0,108.62172900741582,112.66431220588629,113.90255461787339,0,9,45,45,0,45,0,0,0,900.0
-200.0,-1600.0,1612.4515496597098,-97.1250163489018,0.0,1.0,0.0,1.0,0.0,141.82150716858513,147.85860819734614,150.53177238744303,0,9,45,45,0,45,0,0,0,1200.0
-200.0,-1600.0,1612.4515496597098,-97.1250163489018,0.0,1.0,0.0,1.0,0.0,182.58740332188273,191.6198186668055,196.25619651472218,0,9,45,45,0,45,0,0,0,1500.0
-100.0,-1600.0,1603.1219541881396,-93.57633437499736,0.0,1.0,0.0,1.0,0.0,62.87125497221648,64.04663031162578,64.10473212675996,0,9,45,45,0,45,0,0,0,300.0
-100.0,-1600.0,1603.1219541881396,-93.57633437499736,0.0,1.0,0.0,1.0,0.0,78.60712508534881,80.84409765823442,81.19475394637114,0,9,45,45,0,45,0,0,0,600.0
-100.0,-1600.0,1603.1219541881396,-93.57633437499736,0.0,1.0,0.0,1.0,0.0,102.3565306746936,105.9343356951381,106.98571605833179,0,9,45,45,0,45,0,0,0,900.0
-100.0,-1600.0,1603.1219541881396,-93.57633437499736,0.0,1.0,0.0,1.0,0.0,133.68717586310657,139.06834011180348,141.4148892177932,0,9,45,45,0,45,0,0,0,1200.0
-100.0,-1600.0,1603.1219541881396,-93.57633437499736,0.0,1.0,0.0,1.0,0.0,172.53548198040875,180.64242909261338,184.79757563102032,0,9,45,45,0,45,0,0,0,1500.0
0.0,-1600.0,1600.0,-90.0,0.0,1.0,0.0,1.0,0.0,60.71739419078837,61.68014494448843,61.71653063826084,0,9,45,45,0,45,0,0,0,300.0
0.0,-1600.0,1600.0,-90.0,0.0,1.0,0.0,1.0,0.0,74.61177599929879,76.56106431733339,76.8333696650005,0,9,45,45,0,45,0,0,0,600.0
0.0,-1600.0,1600.0,-90.0,0.0,1.0,0.0,1.0,0.0,96.54600558368,99.70925187560496,100.58957635099807,0,9,45,45,0,45,0,0,0,900.0
0.0,-1600.0,1600.0,-90.0,0.0,1.0,0.0,1.0,0.0,126.02163653484892,130.8119132959758,132.85423653941882,0,9,45,45,0,45,0,0,0,1200.0
0.0,-1600.0,1600.0,-90.0,0.0,1.0,0.0,1.0,0.0,162.96113489372172,170.21811989725364,173.92623151009823,0,9,45,45,0,45,0,0,0,1500.0
100.0,-1600.0,1603.1219541881396,-86.42366562500266,0.0,1.0,0.0,1.0,0.0,58.99609103698436,59.76177436665658,59.7811475052455,0,9,45,45,0,45,0,0,0,300.0
100.0,-1600.0,1603.1219541881396,-86.42366562500266,0.0,1.0,0.0,1.0,0.0,71.05285149568674,72.74542734591107,72.9490215101332,0,9,45,45,0,45,0,0,0,600.0
100.0,-1600.0,1603.1219541881396,-86.42366562500266,0.0,1.0,0.0,1.0,0.0,91.18836461388271,93.98287766239484,94.707662938791,0,9,45,45,0,45,0,0,0,900.0
100.0,-1600.0,1603.1219541881396,-86.42366562500266,0.0,1.0,0.0,1.0,0.0,118.82525108389366,123.08511834908992,124.84529947075615,0,9,45,45,0,45,0,0,0,1200.0
100.0,-1600.0,1603.1219541881396,-86.42366562500266,0.0,1.0,0.0,1.0,0.0,153.86624824010073,160.34491911311915,163.63891997720648,0,9,45,45,0,45,0,0,0,1500.0
200.0,-1600.0,1612.4515496597098,-82.8749836510982,0.0,1.0,0.0,1.0,0.0,57.70623558891906,58.285986132088176,58.29300579486246,0,9,45,45,0,45,0,0,0,300.0
200.0,-1600.0,1612.4515496597098,-82.8749836510982,0.0,1.0,0.0,1.0,0.0,67.92694276692787,69.38944469862005,69.53375671777913,0,9,45,45,0,45,0,0,0,600.0
200.0,-1600.0,1612.4515496597098,-82.8749836510982,0.0,1.0,0.0,1.0,0.0,86.28101558868138,88.74830110499114,89.33274947532782,0,9,45,45,0,45,0,0,0,900.0
200.0,-1600.0,1612.4515496597098,-82.8749836510982,0.0,1.0,0.0,1.0,0.0,112.09789493373735,115.8833414578773,117.38314497770533,0,9,45,45,0,45,0,0,0,1200.0
200.0,-1600.0,1612.4515496597098,-82.8749836510982,0.0,1.0,0.0,1.0,0.0,145.25262209299655,151.02082565105493,153.93239108653157,0,9,45,45,0,45,0,0,0,1500.0
300.0,-1600.0,1627.8820596099706,-79.38034472384487,0.0,1.0,0.0,0.4222222222222222,0.0,56.846746813134594,57.24717930790727,57.24744988367075,0,9,45,45,0,19,0,0,0,300.0
300.0,-1600.0,1627.8820596099706,-79.38034472384487,0.0,1.0,0.0,1.0,0.0,65.23018471119507,66.48493342651308,66.57918431685736,0,9,45,45,0,45,0,0,0,600.0
300.0,-1600.0,1627.8820596099706,-79.38034472384487,0.0,1.0,0.0,1.0,0.0,81.82042009056565,83.99773622091072,84.4567054894971,0,9,45,45,0,45,0,0,0,900.0
300.0,-1600.0,1627.8820596099706,-79.38034472384487,0.0,1.0,0.0,1.0,0.0,105.83877284953047,109.20138475039089,110.46223352057442,0,9,45,45,0,45,0,0,0,1200.0
300.0,-1600.0,1627.8820596099706,-79.38034472384487,0.0,1.0,0.0,1.0,0.0,137.12185503054138,142.24369513037757,144.80327319003186,0,9,45,45,0,45,0,0,0,1500.0
400.0,-1600.0,1649.2422502470642,-75.96375653207353,0.0,1.0,0.0,1.0,0.0,57.670032335986384,57.741719266749385,57.742888177565256,0,9,45,45,0,45,0,0,0,300.0
400.0,-1600.0,1649.2422502470642,-75.96375653207353,0.0,1.0,0.0,1.0,0.0,62.95839020152531,64.02338702971915,64.07660152171668,0,9,45,45,0,45,0,0,0,600.0
400.0,-1600.0,1649.2422502470642,-75.96375653207353,0.0,1.0,0.0,1.0,0.0,77.80197656227237,79.72240117620792,80.07037099956929,0,9,45,45,0,45,0,0,0,900.0
400.0,-1600.0,1649.2422502470642,-75.96375653207353,0.0,1.0,0.0,1.0,0.0,100.04620665972209,103.03325877012782,104.07620058867191,0,9,45,45,0,45,0,0,0,1200.0
400.0,-1600.0,1649.2422502470642,-75.96375653207353,0.0,1.0,0.0,1.0,0.0,129.47519376569034,134.01109046971834,136.247920635763,0,9,45,45,0,45,0,0,0,1500.0
500.0,-1600.0,1676.305461424021,-72.64597536373867,0.0,1.0,0.0,1.0,0.0,58.95749396036727,59.095080637754506,59.099066758695734,0,9,45,45,0,45,0,0,0,300.0
500.0,-1600.0,1676.305461424021,-72.64597536373867,0.0,1.0,0.0,1.0,0.0,61.10725676505668,61.99616302535976,62.01719316699123,0,9,45,45,0,45,0,0,0,600.0
500.0,-1600.0,1676.305461424021,-72.64597536373867,0.0,1.0,0.0,1.0,0.0,74.21995498340915,75.9124438626431,76.1634818452082,0,9,45,45,0,45,0,0,0,900.0
500.0,-1600.0,1676.305461424021,-72.64597536373867,0.0,1.0,0.0,1.0,0.0,94.71740267782761,97.37195441159913,98.21761574683042,0,9,45,45,0,45,0,0,0,1200.0
500.0,-1600.0,1676.305461424021,-72.64597536373867,0.0,1.0,0.0,1.0,0.0,122.31334311263588,126.32009233162191,128.26221980991687,0,9,45,45,0,45,0,0,0,1500.0
600.0,-1600.0,1708.8007490635061,-69.44395478041653,0.0,1.0,0.0,1.0,0.0,60.67552515977163,60.88329790500261,60.89183383023696,0,9,45,45,0,45,0,0,0,300.0
600.0,-1600.0,1708.8007490635061,-69.44395478041653,0.0,1.0,0.0,0.4222222222222222,0.0,59.67207465183959,60.39386608950933,60.39479589107285,0,9,45,45,0,19,0,0,0,600.0
600.0,-1600.0,1708.8007490635061,-69.44395478041653,0.0,1.0,0.0,1.0,0.0,71.06751188928226,72.55694229932143,72.72467522590898,0,9,45,45,0,45,0,0,0,900.0
600.0,-1600.0,1708.8007490635061,-69.44395478041653,0.0,1.0,0.0,1.0,0.0,89.84821359224775,92.2092083379745,92.8777341225137,0,9,45,45,0,45,0,0,0,1200.0
600.0,-1600.0,1708.8007490635061,-69.44395478041653,0.0,1.0,0.0,1.0,0.0,115.63623359686284,119.16771977658433,120.8413502048558,0,9,45,45,0,45,0,0,0,1500.0
700.0,-1600.0,1746.424919657298,-66.37062226934319,0.0,1.0,0.0,1.0,0.0,62.82515271273553,63.1088280896344,63.1236941228784,0,9,45,45,0,45,0,0,0,300.0
700.0,-1600.0,1746.424919657298,-66.37062226934319,0.0,1.0,0.0,1.0,0.0,61.068276400220164,61.144091624422174,61.14657786841862,0,9,45,45,0,45,0,0,0,600.0
700.0,-1600.0,1746.424919657298,-66.37062226934319,0.0,1.0,0.0,1.0,0.0,68.33681357921995,69.6440065025306,69.74160411198956,0,9,45,45,0,45,0,0,0,900.0
700.0,-1600.0,1746.424919657298,-66.37062226934319,0.0,1.0,0.0,1.0,0.0,85.43291790303581,87.53528383729622,88.04626405791132,0,9,45,45,0,45,0,0,0,1200.0
700.0,-1600.0,1746.424919657298,-66.37062226934319,0.0,1.0,0.0,1.0,0.0,109.44274769874215,112.59115307744864,113.97950098058476,0,9,45,45,0,45,0,0,0,1500.0
800.0,-1600.0,1788.8543819998317,-63.43494882292201,0.0,1.0,0.0,1.0,0.0,65.40746693752696,65.77420384030263,65.79721757117505,0,9,45,45,0,45,0,0,0,300.0
800.0,-1600.0,1788.8543819998317,-63.43494882292201,0.0,1.0,0.0,1.0,0.0,62.915962424376964,63.06243176578325,63.070976081977236,0,9,45,45,0,45,0,0,0,600.0
800.0,-1600.0,1788.8543819998317,-63.43494882292201,0.0,1.0,0.0,1.0,0.0,66.01928802270531,67.1610016367374,67.20118170671327,0,9,45,45,0,45,0,0,0,900.0
800.0,-1600.0,1788.8543819998317,-63.43494882292201,0.0,1.0,0.0,1.0,0.0,81.46404847547655,83.3387971326176,83.71118370923935,0,9,45,45,0,45,0,0,0,1200.0
800.0,-1600.0,1788.8543819998317,-63.43494882292201,0.0,1.0,0.0,1.0,0.0,103.73041150618305,106.54010337688325,107.6695495740123,0,9,45,45,0,45,0,0,0,1500.0
900.0,-1600.0,1835.7559750685818,-60.64224645720873,0.0,1.0,0.0,1.0,0.0,68.42354284508848,68.88195449890603,68.91496007173318,0,9,45,45,0,45,0,0,0,300.0
900.0,-1600.0,1835.7559750685818,-60.64224645720873,0.0,1.0,0.0,1.0,0.0,65.18340884009949,65.4058328706915,65.4242522168092,0,9,45,45,0,45,0,0,0,600.0
900.0,-1600.0,1835.7559750685818,-60.64224645720873,0.0,1.0,0.0,0.4222222222222222,0.0,64.10483139122951,65.0931484381663,65.09502354217746,0,9,45,45,0,19,0,0,0,900.0
900.0,-1600.0,1835.7559750685818,-60.64224645720873,0.0,1.0,0.0,1.0,0.0,77.93230846927085,79.60662542889578,79.85864655294245,0,9,45,45,0,45,0,0,0,1200.0
900.0,-1600.0,1835.7559750685818,-60.64224645720873,0.0,1.0,0.0,1.0,0.0,98.49506659490172,101.00638497290478,101.90271751483505,0,9,45,45,0,45,0,0,0,1500.0
1000.0,-1600.0,1886.7962264113207,-57.9946167919165,0.0,1.0,0.0,1.0,0.0,71.87437809354377,72.43454348159688,72.47940162935889,0,9,45,45,0,45,0,0,0,300.0
1000.0,-1600.0,1886.7962264113207,-57.9946167919165,0.0,1.0,0.0,1.0,0.0,67.8748108366234,68.17989393981281,68.21215351338432,0,9,45,45,0,45,0,0,0,600.0
1000.0,-1600.0,1886.7962264113207,-57.9946167919165,0.0,1.0,0.0,1.0,0.0,65.97672317226736,66.05852876815867,66.06257532318863,0,9,45,45,0,45,0,0,0,900.0
1000.0,-1600.0,1886.7962264113207,-57.9946167919165,0.0,1.0,0.0,1.0,0.0,74.82661517017,76.3239349550073,76.47301819491491,0,9,45,45,0,45,0,0,0,1200.0
1000.0,-1600.0,1886.7962264113207,-57.9946167919165,0.0,1.0,0.0,1.0,0.0,93.73054688285757,95.97993519427885,96.66822936823706,0,9,45,45,0,45,0,0,0,1500.0
1100.0,-1600.0,1941.6487838947598,-55.4914770123316,0.0,1.0,0.0,1.0,0.0,75.76085120488682,76.43432562194707,76.49290521095568,0,9,45,45,0,45,0,0,0,300.0
1100.0,-1600.0,1941.6487838947598,-55.4914770123316,0.0,1.0,0.0,1.0,0.0,70.9942239652335,71.39010190185303,71.44027315829344,0,9,45,45,0,45,0,0,0,600.0
1100.0,-1600.0,1941.6487838947598,-55.4914770123316,0.0,1.0,0.0,1.0,0.0,68.2899084230051,68.44850391341066,68.46247556821545,0,9,45,45,0,45,0,0,0,900.0
1100.0,-1600.0,1941.6487838947598,-55.4914770123316,0.0,1.0,0.0,1.0,0.0,72.1343074470603,73.47436245614777,73.53708167111395,0,9,45,45,0,45,0,0,0,1200.0
1100.0,-1600.0,1941.6487838947598,-55.4914770123316,0.0,1.0,0.0,1.0,0.0,89.42839583984471,91.44853790080904,91.95301237160312,0,9,45,45,0,45,0,0,0,1500.0
1200.0,-1600.0,2000.0,-53.13010235415598,0.0,1.0,0.0,1.0,0.0,80.08369949812716,80.88352411178472,80.95769558094663,0,9,45,45,0,45,0,0,0,300.0
1200.0,-1600.0,2000.0,-53.13010235415598,0.0,1.0,0.0,1.0,0.0,74.54535763396588,75.04162302183678,75.11384263178063,0,9,45,45,0,45,0,0,0,600.0
1200.0,-1600.0,2000.0,-53.13010235415598,0.0,1.0,0.0,1.0,0.0,71.01533071427355,71.25680147736455,71.2870329374092,0,9,45,45,0,45,0,0,0,900.0
1200.0,-1600.0,2000.0,-53.13010235415598,0.0,1.0,0.0,0.4222222222222222,0.0,69.83961053731299,71.03756856632658,71.04057063312649,0,9,45,45,0,19,0,0,0,1200.0
1200.0,-1600.0,2000.0,-53.13010235415598,0.0,1.0,0.0,1.0,0.0,85.57766863560522,87.39762753942057,87.74148448476646,0,9,45,45,0,45,0,0,0,1500.0
1300.0,-1600.0,2061.5528128088304,-50.906141113770495,0.0,1.0,0.0,1.0,0.0,84.84351354577923,85.78422399106881,85.87585475298384,0,9,45,45,0,45,0,0,0,300.0
1300.0,-1600.0,2061.5528128088304,-50.906141113770495,0.0,1.0,0.0,1.0,0.0,78.53144089091954,79.13916547208453,79.23759874029041,0,9,45,45,0,45,0,0,0,600.0
1300.0,-1600.0,2061.5528128088304,-50.906141113770495,0.0,1.0,0.0,1.0,0.0,74.1614304928149,74.49325211126788,74.54635109265068,0,9,45,45,0,45,0,0,0,900.0
1300.0,-1600.0,2061.5528128088304,-50.906141113770495,0.0,1.0,0.0,1.0,0.0,72.08754041998286,72.17681021293266,72.18273097396849,0,9,45,45,0,45,0,0,0,1200.0
1300.0,-1600.0,2061.5528128088304,-50.906141113770495,0.0,1.0,0.0,1.0,0.0,82.1648686468766,83.81022045706678,84.01548390679238,0,9,45,45,0,45,0,0,0,1500.0
1400.0,-1600.0,2126.02916254693,-48.81407483429036,0.0,1.0,0.0,1.0,0.0,90.04074376411972,91.13837789199687,91.24932953485144,0,9,45,45,0,45,0,0,0,300.0
1400.0,-1600.0,2126.02916254693,-48.81407483429036,0.0,1.0,0.0,1.0,0.0,82.95515665705405,83.68690985794672,83.81572081200075,0,9,45,45,0,45,0,0,0,600.0
1400.0,-1600.0,2126.02916254693,-48.81407483429036,0.0,1.0,0.0,1.0,0.0,77.73588703293274,78.16697237086606,78.24972756547908,0,9,45,45,0,45,0,0,0,900.0
1400.0,-1600.0,2126.02916254693,-48.81407483429036,0.0,1.0,0.0,1.0,0.0,74.77476772278975,74.94800354291723,74.96849049480187,0,9,45,45,0,45,0,0,0,1200.0
1400.0,-1600.0,2126.02916254693,-48.81407483429036,0.0,1.0,0.0,1.0,0.0,79.1740651278982,80.66701717600085,80.75439009152673,0,9,45,45,0,45,0,0,0,1500.0
1500.0,-1600.0,2193.171219946131,-46.8476102659946,0.0,1.0,0.0,1.0,0.0,95.67571469816251,96.94781964566907,97.07994664328477,0,9,45,45,0,45,0,0,0,300.0
1500.0,-1600.0,2193.171219946131,-46.8476102659946,0.0,1.0,0.0,1.0,0.0,87.81863246305339,88.68849627396452,88.85182532348844,0,9,45,45,0,45,0,0,0,600.0
1500.0,-1600.0,2193.171219946131,-46.8476102659946,0.0,1.0,0.0,1.0,0.0,81.74536647170294,82.28610667519433,82.40540099908091,0,9,45,45,0,45,0,0,0,900.0
1500.0,-1600.0,2193.171219946131,-46.8476102659946,0.0,1.0,0.0,1.0,0.0,77.87438974875035,78.13824946296691,78.18264380138307,0,9,45,45,0,45,0,0,0,1200.0
1500.0,-1600.0,2193.171219946131,-46.8476102659946,0.0,1.0,0.0,0.4222222222222222,0.0,76.58447429243753,77.94275754893602,77.94698922020739,0,9,45,45,0,19,0,0,0,1500.0
1600.0,-1600.0,2262.741699796952,-45.0,0.0,1.0,0.0,1.0,0.0,101.74864321329649,103.21428197370815,103.36943156195716,0,9,45,45,0,45,0,0,0,300.0
1600.0,-1600.0,2262.741699796952,-45.0,0.0,1.0,0.0,1.0,0.0,93.12347220237068,94.147052761691,94.3490017666796,0,9,45,45,0,45,0,0,0,600.0
1600.0,-1600.0,2262.741699796952,-45.0,0.0,1.0,0.0,1.0,0.0,86.19539841276939,86.85769656223766,87.02043216768445,0,9,45,45,0,45,0,0,0,900.0
1600.0,-1600.0,2262.741699796952,-45.0,0.0,1.0,0.0,1.0,0.0,81.39891457063815,81.76145616120505,81.83950037901538,0,9,45,45,0,45,0,0,0,1200.0
1600.0,-1600.0,2262.741699796952,-45.0,0.0,1.0,0.0,1.0,0.0,79.12263160595509,79.22048989772256,79.2286485892456,0,9,45,45,0,45,0,0,0,1500.0
1700.0,-1600.0,2334.5235059857505,-43.264295411071615,0.0,1.0,0.0,1.0,0.0,108.25965774929313,109.93941540689043,110.11942829375404,0,9,45,45,0,45,0,0,0,300.0
1700.0,-1600.0,2334.5235059857505,-43.264295411071615,0.0,1.0,0.0,1.0,0.0,98.87081349437413,100.06524995816878,100.30987383463119,0,9,45,45,0,45,0,0,0,600.0
1700.0,-1600.0,2334.5235059857505,-43.264295411071615,0.0,1.0,0.0,1.0,0.0,91.09036064520497,91.88765783063516,92.10069657986479,0,9,45,45,0,45,0,0,0,900.0
1700.0,-1600.0,2334.5235059857505,-43.264295411071615,0.0,1.0,0.0,1.0,0.0,85.35925034990179,85.82999786795074,85.95167859369242,0,9,45,45,0,45,0,0,0,1200.0
1700.0,-1600.0,2334.5235059857505,-43.264295411071615,0.0,1.0,0.0,1.0,0.0,82.10774150169907,82.29750599199247,82.32574941323652,0,9,45,45,0,45,0,0,0,1500.0
1800.0,-1600.0,2408.3189157584593,-41.6335393365702,0.0,1.0,0.0,1.0,0.0,115.20881674314717,117.12480651117738,117.33151813052484,0,9,45,45,0,45,0,0,0,300.0
1800.0,-1600.0,2408.3189157584593,-41.6335393365702,0.0,1.0,0.0,1.0,0.0,105.06139757385385,106.4453689119254,106.73667253930628,0,9,45,45,0,45,0,0,0,600.0
1800.0,-1600.0,2408.3189157584593,-41.6335393365702,0.0,1.0,0.0,1.0,0.0,96.43354417262805,97.3808385463076,97.65095903270598,0,9,45,45,0,45,0,0,0,900.0
1800.0,-1600.0,2408.3189157584593,-41.6335393365702,0.0,1.0,0.0,1.0,0.0,89.76449743592954,90.35449601829835,90.52989977099217,0,9,45,45,0,45,0,0,0,1200.0
1800.0,-1600.0,2408.3189157584593,-41.6335393365702,0.0,1.0,0.0,1.0,0.0,85.51378213401367,85.80250335997054,85.86370666573326,0,9,45,45,0,45,0,0,0,1500.0
-500.0,-1500.0,1581.1388300841897,-108.43494882292202,0.0,1.0,0.0,1.0,0.0,73.64901177634232,75.97157896316338,76.19082979697274,0,9,45,45,0,45,0,0,0,300.0
-500.0,-1500.0,1581.1388300841897,-108.43494882292202,0.0,1.0,0.0,1.0,0.0,98.25735098889523,102.18650267083987,103.05408197466487,0,9,45,45,0,45,0,0,0,600.0
-500.0,-1500.0,1581.1388300841897,-108.43494882292202,0.0,1.0,0.0,1.0,0.0,131.33163062315356,137.42629129371772,139.5819787390219,0,9,45,45,0,45,0,0,0,900.0
-500.0,-1500.0,1581.1388300841897,-108.43494882292202,0.0,1.0,0.0,1.0,0.0,172.63736913618598,181.65682900373872,185.97518584349282,0,9,45,45,0,45,0,0,0,1200.0
-500.0,-1500.0,1581.1388300841897,-108.43494882292202,0.0,1.0,0.0,1.0,0.0,222.1614158525763,235.61923726796914,242.67083568728,0,9,45,45,0,45,0,0,0,1500.0
-400.0,-1500.0,1552.4174696260025,-104.93141717813755,0.0,1.0,0.0,1.0,0.0,69.4958833955312,71.48034584932735,71.65278600431138,0,9,45,45,0,45,0,0,0,300.0
-400.0,-1500.0,1552.4174696260025,-104.93141717813755,0.0,1.0,0.0,1.0,0.0,92.11031321194818,95.5456888206696,96.27771000546402,0,9,45,45,0,45,0,0,0,600.0
-400.0,-1500.0,1552.4174696260025,-104.93141717813755,0.0,1.0,0.0,1.0,0.0,123.1825304260354,128.57027461553298,130.4562844157922,0,9,45,45,0,45,0,0,0,900.0
-400.0,-1500.0,1552.4174696260025,-104.93141717813755,0.0,1.0,0.0,1.0,0.0,162.4480128520185,170.49063426356292,174.35559096851807,0,9,45,45,0,45,0,0,0,1200.0
-400.0,-1500.0,1552.4174696260025,-104.93141717813755,0.0,1.0,0.0,1.0,0.0,209.89302397487654,222.02961262602912,228.40763746687153,0,9,45,45,0,45,0,0,0,1500.0
-300.0,-1500.0,1529.7058540778355,-101.30993247402021,0.0,1.0,0.0,1.0,0.0,65.80962396183686,67.49398853213711,67.62530904669877,0,9,45,45,0,45,0,0,0,300.0
-300.0,-1500.0,1529.7058540778355,-101.30993247402021,0.0,1.0,0.0,1.0,0.0,86.43980025829109,89.43678562909142,90.04525889147402,0,9,45,45,0,45,0,0,0,600.0
-300.0,-1500.0,1529.7058540778355,-101.30993247402021,0.0,1.0,0.0,1.0,0.0,115.52281947991169,120.27632963459652,121.91180334690547,0,9,45,45,0,45,0,0,0,900.0
-300.0,-1500.0,1529.7058540778355,-101.30993247402021,0.0,1.0,0.0,1.0,0.0,152.75759418441788,159.91372155169816,163.35219826683104,0,9,45,45,0,45,0,0,0,1200.0
-300.0,-1500.0,1529.7058540778355,-101.30993247402021,0.0,1.0,0.0,1.0,0.0,198.1291996778552,209.04450276569384,214.7929896413957,0,9,45,45,0,45,0,0,0,1500.0
-200.0,-1500.0,1513.2745950421556,-97.59464336859145,0.0,1.0,0.0,1.0,0.0,62.588970160508964,64.00611972436367,64.10191616367716,0,9,45,45,0,45,0,0,0,300.0
-200.0,-1500.0,1513.2745950421556,-97.59464336859145,0.0,1.0,0.0,1.0,0.0,81.24442188297182,83.85325575394091,84.34997066657291,0,9,45,45,0,45,0,0,0,600.0
-200.0,-1500.0,1513.2745950421556,-97.59464336859145,0.0,1.0,0.0,1.0,0.0,108.35260839875508,112.53926180782877,113.94305197673431,0,9,45,45,0,45,0,0,0,900.0
-200.0,-1500.0,1513.2745950421556,-97.59464336859145,0.0,1.0,0.0,1.0,0.0,143.56755171926352,149.92199520423569,152.96055328505267,0,9,45,45,0,45,0,0,0,1200.0
-200.0,-1500.0,1513.2745950421556,-97.59464336859145,0.0,1.0,0.0,1.0,0.0,186.87198159925597,196.66129192297896,201.8226900649286,0,9,45,45,0,45,0,0,0,1500.0
-100.0,-1500.0,1503.3296378372909,-93.81407483429037,0.0,1.0,0.0,1.0,0.0,59.83250721240316,61.01023505126877,61.0760119881978,0,9,45,45,0,45,0,0,0,300.0
-100.0,-1500.0,1503.3296378372909,-93.81407483429037,0.0,1.0,0.0,1.0,0.0,76.5222498941409,78.78809320725301,79.18460777935717,0,9,45,45,0,45,0,0,0,600.0
-100.0,-1500.0,1503.3296378372909,-93.81407483429037,0.0,1.0,0.0,1.0,0.0,101.67163102115695,105.35358732726561,106.5442485465162,0,9,45,45,0,45,0,0,0,900.0
-100.0,-1500.0,1503.3296378372909,-93.81407483429037,0.0,1.0,0.0,1.0,0.0,134.87928555189933,140.51140606564118,143.17625327156097,0,9,45,45,0,45,0,0,0,1200.0
-100.0,-1500.0,1503.3296378372909,-93.81407483429037,0.0,1.0,0.0,1.0,0.0,176.1235981267194,184.8776185152709,189.4928224228479,0,9,45,45,0,45,0,0,0,1500.0
0.0,-1500.0,1500.0,-90.0,0.0,1.0,0.0,1.0,0.0,57.538716726554284,58.499752988435375,58.54093142842705,0,9,45,45,0,45,0,0,0,300.0
0.0,-1500.0,1500.0,-90.0,0.0,1.0,0.0,1.0,0.0,72.2707201722892,74.23372048676316,74.54134893239114,0,9,45,45,0,45,0,0,0,600.0
0.0,-1500.0,1500.0,-90.0,0.0,1.0,0.0,1.0,0.0,95.47908390885605,98.71337558222328,99.7091498753863,0,9,45,45,0,45,0,0,0,900.0
0.0,-1500.0,1500.0,-90.0,0.0,1.0,0.0,1.0,0.0,126.69405629647368,131.67785380413994,133.9948464030906,0,9,45,45,0,45,0,0,0,1200.0
0.0,-1500.0,1500.0,-90.0,0.0,1.0,0.0,1.0,0.0,165.88643386654664,173.69134291057966,177.79972422036636,0,9,45,45,0,45,0,0,0,1500.0
100.0,-1500.0,1503.3296378372909,-86.18592516570965,0.0,1.0,0.0,1.0,0.0,55.70605636942289,56.46808637176747,56.49001464445693,0,9,45,45,0,45,0,0,0,300.0
100.0,-1500.0,1503.3296378372909,-86.18592516570965,0.0,1.0,0.0,1.0,0.0,68.48656038928489,70.18190826000685,70.41170896776018,0,9,45,45,0,45,0,0,0,600.0
100.0,-1500.0,1503.3296378372909,-86.18592516570965,0.0,1.0,0.0,1.0,0.0,89.77343786854843,92.61206342744711,93.43085847537299,0,9,45,45,0,45,0,0,0,900.0
100.0,-1500.0,1503.3296378372909,-86.18592516570965,0.0,1.0,0.0,1.0,0.0,119.0128491637802,123.41705520330183,125.41169520465259,0,9,45,45,0,45,0,0,0,1200.0
100.0,-1500.0,1503.3296378372909,-86.18592516570965,0.0,1.0,0.0,1.0,0.0,156.16297545776627,163.10049480491332,166.73993414546933,0,9,45,45,0,45,0,0,0,1500.0
200.0,-1500.0,1513.2745950421556,-82.40535663140857,0.0,1.0,0.0,1.0,0.0,54.33306832259424,54.90874354494409,54.9167117249346,0,9,45,45,0,45,0,0,0,300.0
200.0,-1500.0,1513.2745950421556,-82.40535663140857,0.0,1.0,0.0,1.0,0.0,65.16576651036493,66.62373973950365,66.78650602825837,0,9,45,45,0,45,0,0,0,600.0
200.0,-1500.0,1513.2745950421556,-82.40535663140857,0.0,1.0,0.0,1.0,0.0,84.55222863741963,87.04224778693307,87.70160676150326,0,9,45,45,0,45,0,0,0,900.0
200.0,-1500.0,1513.2745950421556,-82.40535663140857,0.0,1.0,0.0,1.0,0.0,111.83619699956873,115.72437239246028,117.42179749179516,0,9,45,45,0,45,0,0,0,1200.0
200.0,-1500.0,1513.2745950421556,-82.40535663140857,0.0,1.0,0.0,1.0,0.0,146.95573002472742,153.10319341802332,156.31011177527105,0,9,45,45,0,45,0,0,0,1500.0
300.0,-1500.0,1529.7058540778355,-78.69006752597979,0.0,1.0,0.0,0.4222222222222222,0.0,53.4183486961102,53.815184048456594,53.81546849799188,0,9,45,45,0,19,0,0,0,300.0
300.0,-1500.0,1529.7058540778355,-78.69006752597979,0.0,1.0,0.0,1.0,0.0,62.30365378839757,63.54964469260436,63.65590214048604,0,9,45,45,0,45,0,0,0,600.0
300.0,-1500.0,1529.7058540778355,-78.69006752597979,0.0,1.0,0.0,1.0,0.0,79.81184163545187,81.99547055587936,82.51253307556071,0,9,45,45,0,45,0,0,0,900.0
300.0,-1500.0,1529.7058540778355,-78.69006752597979,0.0,1.0,0.0,1.0,0.0,105.16395780953128,108.59459654137345,110.01955970454665,0,9,45,45,0,45,0,0,0,1200.0
300.0,-1500.0,1529.7058540778355,-78.69006752597979,0.0,1.0,0.0,1.0,0.0,138.26710838982905,143.69753248676412,146.50692125984344,0,9,45,45,0,45,0,0,0,1500.0
400.0,-1500.0,1552.4174696260025,-75.06858282186245,0.0,1.0,0.0,1.0,0.0,54.298851747305385,54.37028974125365,54.371598012654246,0,9,45,45,0,45,0,0,0,300.0
400.0,-1500.0,1552.4174696260025,-75.06858282186245,0.0,1.0,0.0,1.0,0.0,59.89500529725498,60.94952589357797,61.00954099069987,0,9,45,45,0,45,0,0,0,600.0
400.0,-1500.0,1552.4174696260025,-75.06858282186245,0.0,1.0,0.0,1.0,0.0,75.54731541638277,77.46201908528937,77.85347432073087,0,9,45,45,0,45,0,0,0,900.0
400.0,-1500.0,1552.4174696260025,-75.06858282186245,0.0,1.0,0.0,1.0,0.0,98.99504590913295,102.02168601807747,103.1985211111725,0,9,45,45,0,45,0,0,0,1200.0
400.0,-1500.0,1552.4174696260025,-75.06858282186245,0.0,1.0,0.0,1.0,0.0,130.0992643374867,134.88142113087875,137.32686959361615,0,9,45,45,0,45,0,0,0,1500.0
500.0,-1500.0,1581.1388300841897,-71.56505117707799,0.0,1.0,0.0,1.0,0.0,55.66928589148642,55.80727044042787,55.81177986948494,0,9,45,45,0,45,0,0,0,300.0
500.0,-1500.0,1581.1388300841897,-71.56505117707799,0.0,1.0,0.0,1.0,0.0,57.934330745039375,58.81299149750802,58.83679656533509,0,9,45,45,0,45,0,0,0,600.0
500.0,-1500.0,1581.1388300841897,-71.56505117707799,0.0,1.0,0.0,1.0,0.0,71.75219880810222,73.43077545777139,73.71281083727584,0,9,45,45,0,45,0,0,0,900.0
500.0,-1500.0,1581.1388300841897,-71.56505117707799,0.0,1.0,0.0,1.0,0.0,93.32712212966078,95.99846406405342,96.95103382049967,0,9,45,45,0,45,0,0,0,1200.0
500.0,-1500.0,1581.1388300841897,-71.56505117707799,0.0,1.0,0.0,1.0,0.0,122.45388117358941,126.65237153801573,128.7660898396899,0,9,45,45,0,45,0,0,0,1500.0
600.0,-1500.0,1615.5494421403512,-68.19859051364818,0.0,1.0,0.0,1.0,0.0,57.49844334733369,57.70782859616557,57.717530788277934,0,9,45,45,0,45,0,0,0,300.0
600.0,-1500.0,1615.5494421403512,-68.19859051364818,0.0,1.0,0.0,0.4222222222222222,0.0,56.415634664386715,57.128778072072805,57.129754716065555,0,9,45,45,0,19,0,0,0,600.0
600.0,-1500.0,1615.5494421403512,-68.19859051364818,0.0,1.0,0.0,1.0,0.0,68.41850511646246,69.88915579396881,70.07740801171406,0,9,45,45,0,45,0,0,0,900.0
600.0,-1500.0,1615.5494421403512,-68.19859051364818,0.0,1.0,0.0,1.0,0.0,88.15625796880086,90.51629012543074,91.26791342194699,0,9,45,45,0,45,0,0,0,1200.0
600.0,-1500.0,1615.5494421403512,-68.19859051364818,0.0,1.0,0.0,1.0,0.0,115.3318982023823,119.00722572066942,120.82006090195209,0,9,45,45,0,45,0,0,0,1500.0
700.0,-1500.0,1655.294535724685,-64.98310652189998,0.0,1.0,0.0,1.0,0.0,59.7876808460603,60.074948699379476,60.09189350800117,0,9,45,45,0,45,0,0,0,300.0
700.0,-1500.0,1655.294535724685,-64.98310652189998,0.0,1.0,0.0,1.0,0.0,57.897179303897246,57.97324239691622,57.97604517205636,0,9,45,45,0,45,0,0,0,600.0
700.0,-1500.0,1655.294535724685,-64.98310652189998,0.0,1.0,0.0,1.0,0.0,65.53680942186261,66.82318340159998,66.93270204198842,0,9,45,45,0,45,0,0,0,900.0
700.0,-1500.0,1655.294535724685,-64.98310652189998,0.0,1.0,0.0,1.0,0.0,83.47660105535483,85.5647309293654,86.13808828389628,0,9,45,45,0,45,0,0,0,1200.0
700.0,-1500.0,1655.294535724685,-64.98310652189998,0.0,1.0,0.0,1.0,0.0,108.73317336736679,111.94181718929849,113.48325905856488,0,9,45,45,0,45,0,0,0,1500.0
800.0,-1500.0,1700.0,-61.92751306414704,0.0,1.0,0.0,1.0,0.0,62.53840930494835,62.9116850536263,62.93796598959976,0,9,45,45,0,45,0,0,0,300.0
800.0,-1500.0,1700.0,-61.92751306414704,0.0,1.0,0.0,1.0,0.0,59.85419130493933,60.00214235772138,60.011883979376464,0,9,45,45,0,45,0,0,0,600.0
800.0,-1500.0,1700.0,-61.92751306414704,0.0,1.0,0.0,1.0,0.0,63.096527862866466,64.2177328819126,64.2629699790496,0,9,45,45,0,45,0,0,0,900.0
800.0,-1500.0,1700.0,-61.92751306414704,0.0,1.0,0.0,1.0,0.0,79.28008353971617,81.13127095516586,81.5482907694708,0,9,45,45,0,45,0,0,0,1200.0
800.0,-1500.0,1700.0,-61.92751306414704,0.0,1.0,0.0,1.0,0.0,102.6560850666527,105.47757250451525,106.74874350193907,0,9,45,45,0,45,0,0,0,1500.0
900.0,-1500.0,1749.28556845359,-59.03624346792648,0.0,1.0,0.0,1.0,0.0,65.75198551271248,66.2210530932262,66.25879273353853,0,9,45,45,0,45,0,0,0,300.0
900.0,-1500.0,1749.28556845359,-59.03624346792648,0.0,1.0,0.0,1.0,0.0,62.2581980671436,62.484014417229034,62.50512178024401,0,9,45,45,0,45,0,0,0,600.0
900.0,-1500.0,1749.28556845359,-59.03624346792648,0.0,1.0,0.0,0.4222222222222222,0.0,61.08515952351226,62.055136021845186,62.05709439595605,0,9,45,45,0,19,0,0,0,900.0
900.0,-1500.0,1749.28556845359,-59.03624346792648,0.0,1.0,0.0,1.0,0.0,75.55622822441161,77.20111439021181,77.48284785064264,0,9,45,45,0,45,0,0,0,1200.0
900.0,-1500.0,1749.28556845359,-59.03624346792648,0.0,1.0,0.0,1.0,0.0,97.09708675176233,99.60117949712603,100.60768941798905,0,9,45,45,0,45,0,0,0,1500.0
1000.0,-1500.0,1802.7756377319947,-56.309932474020215,0.0,1.0,0.0,1.0,0.0,69.42963254062045,70.00594876278916,70.05728569386403,0,9,45,45,0,45,0,0,0,300.0
1000.0,-1500.0,1802.7756377319947,-56.309932474020215,0.0,1.0,0.0,1.0,0.0,65.1145594572905,65.42581813190168,65.46289577346711,0,9,45,45,0,45,0,0,0,600.0
1000.0,-1500.0,1802.7756377319947,-56.309932474020215,0.0,1.0,0.0,1.0,0.0,63.05562067041546,63.13834227661179,63.142942185413276,0,9,45,45,0,45,0,0,0,900.0
1000.0,-1500.0,1802.7756377319947,-56.309932474020215,0.0,1.0,0.0,1.0,0.0,72.29211509667837,73.7571378255337,73.92363707669107,0,9,45,45,0,45,0,0,0,1200.0
1000.0,-1500.0,1802.7756377319947,-56.309932474020215,0.0,1.0,0.0,1.0,0.0,92.05024239703249,94.27790970513793,95.04889783120028,0,9,45,45,0,45,0,0,0,1500.0
1100.0,-1500.0,1860.1075237738273,-53.74616226255522,0.0,1.0,0.0,1.0,0.0,73.57239191120651,74.26909930178377,74.33617755592775,0,9,45,45,0,45,0,0,0,300.0
1100.0,-1500.0,1860.1075237738273,-53.74616226255522,0.0,1.0,0.0,1.0,0.0,68.42833274881306,68.83424644668824,68.89201870177948,0,9,45,45,0,45,0,0,0,600.0
1100.0,-1500.0,1860.1075237738273,-53.74616226255522,0.0,1.0,0.0,1.0,0.0,65.49131269159746,65.65275433472115,65.66881716965749,0,9,45,45,0,45,0,0,0,900.0
1100.0,-1500.0,1860.1075237738273,-53.74616226255522,0.0,1.0,0.0,1.0,0.0,69.47256841206683,70.78005008765604,70.85027103898194,0,9,45,45,0,45,0,0,0,1200.0
1100.0,-1500.0,1860.1075237738273,-53.74616226255522,0.0,1.0,0.0,1.0,0.0,87.50678808917775,89.49470385229233,90.05833030403058,0,9,45,45,0,45,0,0,0,1500.0
1200.0,-1500.0,1920.9372712298546,-51.34019174590991,0.0,1.0,0.0,1.0,0.0,78.18110441819682,79.01304260580582,79.0980039673644,0,9,45,45,0,45,0,0,0,300.0
1200.0,-1500.0,1920.9372712298546,-51.34019174590991,0.0,1.0,0.0,1.0,0.0,72.20401397376843,72.71546336507186,72.79871952647066,0,9,45,45,0,45,0,0,0,600.0
1200.0,-1500.0,1920.9372712298546,-51.34019174590991,0.0,1.0,0.0,1.0,0.0,68.36739253071795,68.61437954966634,68.64930813888968,0,9,45,45,0,45,0,0,0,900.0
1200.0,-1500.0,1920.9372712298546,-51.34019174590991,0.0,1.0,0.0,0.4222222222222222,0.0,67.07859895573418,68.24589193082717,68.24900675109261,0,9,45,45,0,19,0,0,0,1200.0
1200.0,-1500.0,1920.9372712298546,-51.34019174590991,0.0,1.0,0.0,1.0,0.0,83.45478188077922,85.23550932829038,85.61873534495832,0,9,45,45,0,45,0,0,0,1500.0
1300.0,-1500.0,1984.9433241279207,-49.08561677997488,0.0,1.0,0.0,1.0,0.0,83.25641306356697,84.24012883032188,84.34510792466975,0,9,45,45,0,45,0,0,0,300.0
1300.0,-1500.0,1984.9433241279207,-49.08561677997488,0.0,1.0,0.0,1.0,0.0,76.44538938940707,77.07495037092752,77.18849770441257,0,9,45,45,0,45,0,0,0,600.0
1300.0,-1500.0,1984.9433241279207,-49.08561677997488,0.0,1.0,0.0,1.0,0.0,71.69428485337339,72.03523432767851,72.09675177990181,0,9,45,45,0,45,0,0,0,900.0
1300.0,-1500.0,1984.9433241279207,-49.08561677997488,0.0,1.0,0.0,1.0,0.0,69.42729349057868,69.51824388206246,69.52502821912586,0,9,45,45,0,45,0,0,0,1200.0
1300.0,-1500.0,1984.9433241279207,-49.08561677997488,0.0,1.0,0.0,1.0,0.0,79.87891591289683,81.4810934217784,81.70944663423745,0,9,45,45,0,45,0,0,0,1500.0
1400.0,-1500.0,2051.828452868319,-46.97493401088198,0.0,1.0,0.0,1.0,0.0,88.79878062881942,89.95253686633106,90.07965865009308,0,9,45,45,0,45,0,0,0,300.0
1400.0,-1500.0,2051.828452868319,-46.97493401088198,0.0,1.0,0.0,1.0,0.0,81.15548436830488,81.91744988157242,82.06607713593387,0,9,45,45,0,45,0,0,0,600.0
1400.0,-1500.0,2051.828452868319,-46.97493401088198,0.0,1.0,0.0,1.0,0.0,75.48122800530473,75.9262090794185,76.02223361869346,0,9,45,45,0,45,0,0,0,900.0
1400.0,-1500.0,2051.828452868319,-46.97493401088198,0.0,1.0,0.0,1.0,0.0,72.24148984876348,72.41908317520999,72.44281790626198,0,9,45,45,0,45,0,0,0,1200.0
1400.0,-1500.0,2051.828452868319,-46.97493401088198,0.0,1.0,0.0,1.0,0.0,76.76056591202979,78.20908154124464,78.30643430188786,0,9,45,45,0,45,0,0,0,1500.0
1500.0,-1500.0,2121.3203435596424,-45.0,0.0,1.0,0.0,1.0,0.0,94.80851513049114,96.15229897669198,96.30367811290441,0,9,45,45,0,45,0,0,0,300.0
1500.0,-1500.0,2121.3203435596424,-45.0,0.0,1.0,0.0,1.0,0.0,86.3365867111843,87.24698346467014,87.43543549175152,0,9,45,45,0,45,0,0,0,600.0
1500.0,-1500.0,2121.3203435596424,-45.0,0.0,1.0,0.0,1.0,0.0,79.73599451852824,80.29677917524562,80.4353098368213,0,9,45,45,0,45,0,0,0,900.0
1500.0,-1500.0,2121.3203435596424,-45.0,0.0,1.0,0.0,1.0,0.0,75.49915490925241,75.77081815970178,75.82248666994096,0,9,45,45,0,45,0,0,0,1200.0
1500.0,-1500.0,2121.3203435596424,-45.0,0.0,1.0,0.0,0.4222222222222222,0.0,74.07529161068766,75.39020308784873,75.39456709103169,0,9,45,45,0,19,0,0,0,1500.0
1600.0,-1500.0,2193.171219946131,-43.15238973400541,0.0,1.0,0.0,1.0,0.0,101.28579795801872,102.84132837954749,103.01906996694252,0,9,45,45,0,45,0,0,0,300.0
1600.0,-1500.0,2193.171219946131,-43.15238973400541,0.0,1.0,0.0,1.0,0.0,91.99031870957067,93.06691959085548,93.29988220038504,0,9,45,45,0,45,0,0,0,600.0
1600.0,-1500.0,2193.171219946131,-43.15238973400541,0.0,1.0,0.0,1.0,0.0,84.46479346209202,85.15489645783225,85.3439183030161,0,9,45,45,0,45,0,0,0,900.0
1600.0,-1500.0,2193.171219946131,-43.15238973400541,0.0,1.0,0.0,1.0,0.0,79.21528048873621,79.59005550137312,79.68110124096138,0,9,45,45,0,45,0,0,0,1200.0
1600.0,-1500.0,2193.171219946131,-43.15238973400541,0.0,1.0,0.0,1.0,0.0,76.71047334774045,76.81082136337038,76.82023515706692,0,9,45,45,0,45,0,0,0,1500.0
1700.0,-1500.0,2267.1568097509266,-41.423665625002656,0.0,1.0,0.0,1.0,0.0,108.2307111966113,110.02144624216791,110.22764742629293,0,9,45,45,0,45,0,0,0,300.0
1700.0,-1500.0,2267.1568097509266,-41.423665625002656,0.0,1.0,0.0,1.0,0.0,98.11773490068072,99.38006804929523,99.66216136283272,0,9,45,45,0,45,0,0,0,600.0
1700.0,-1500.0,2267.1568097509266,-41.423665625002656,0.0,1.0,0.0,1.0,0.0,89.67231582008144,90.50702401008938,90.75443695980356,0,9,45,45,0,45,0,0,0,900.0
1700.0,-1500.0,2267.1568097509266,-41.423665625002656,0.0,1.0,0.0,1.0,0.0,83.40257678041439,83.8912030492521,84.03331790589895,0,9,45,45,0,45,0,0,0,1200.0
1700.0,-1500.0,2267.1568097509266,-41.423665625002656,0.0,1.0,0.0,1.0,0.0,79.82284553478087,80.01853836639907,80.05147393184008,0,9,45,45,0,45,0,0,0,1500.0
1800.0,-1500.0,2343.074902771996,-39.80557109226519,0.0,1.0,0.0,1.0,0.0,115.64326211917825,117.69440601997883,117.93115810550354,0,9,45,45,0,45,0,0,0,300.0
1800.0,-1500.0,2343.074902771996,-39.80557109226519,0.0,1.0,0.0,1.0,0.0,104.71942771197371,106.18878321843829,106.52456147411107,0,9,45,45,0,45,0,0,0,600.0
1800.0,-1500.0,2343.074902771996,-39.80557109226519,0.0,1.0,0.0,1.0,0.0,95.36187692167222,96.35826923920595,96.67184067722215,0,9,45,45,0,45,0,0,0,900.0
1800.0,-1500.0,2343.074902771996,-39.80557109226519,0.0,1.0,0.0,1.0,0.0,88.07128455216088,88.68626576387396,88.89120204000399,0,9,45,45,0,45,0,0,0,1200.0
1800.0,-1500.0,2343.074902771996,-39.80557109226519,0.0,1.0,0.0,1.0,0.0,83.3915422465238,83.69040507068762,83.76207529565758,0,9,45,45,0,45,0,0,0,1500.0
-500.0,-1400.0,1486.6068747318504,-109.6538240580533,0.0,1.0,0.0,1.0,0.0,71.64487672071118,74.03211077525575,74.28310117017051,0,9,45,45,0,45,0,0,0,300.0
-500.0,-1400.0,1486.6068747318504,-109.6538240580533,0.0,1.0,0.0,1.0,0.0,97.89384831973707,102.0009635880125,102.99463371332973,0,9,45,45,0,45,0,0,0,600.0
-500.0,-1400.0,1486.6068747318504,-109.6538240580533,0.0,1.0,0.0,1.0,0.0,133.16489555613595,139.6439417763087,142.11815533217316,0,9,45,45,0,45,0,0,0,900.0
-500.0,-1400.0,1486.6068747318504,-109.6538240580533,0.0,1.0,0.0,1.0,0.0,177.2563367514677,187.09363102111917,191.95608068267717,0,9,45,45,0,45,0,0,0,1200.0
-500.0,-1400.0,1486.6068747318504,-109.6538240580533,0.0,1.0,0.0,1.0,0.0,230.1812180044284,245.07282769926923,253.04547378712013,0,9,45,45,0,45,0,0,0,1500.0
-400.0,-1400.0,1456.0219778561036,-105.94539590092286,0.0,1.0,0.0,1.0,0.0,67.19773913157898,69.22392661147477,69.42119001930651,0,9,45,45,0,45,0,0,0,300.0
-400.0,-1400.0,1456.0219778561036,-105.94539590092286,0.0,1.0,0.0,1.0,0.0,91.3085446914721,94.87518847156865,95.7128010480651,0,9,45,45,0,45,0,0,0,600.0
-400.0,-1400.0,1456.0219778561036,-105.94539590092286,0.0,1.0,0.0,1.0,0.0,124.42413928700938,130.11746503617735,132.28020246745777,0,9,45,45,0,45,0,0,0,900.0
-400.0,-1400.0,1456.0219778561036,-105.94539590092286,0.0,1.0,0.0,1.0,0.0,166.31599963858744,175.064160674591,179.39431906869228,0,9,45,45,0,45,0,0,0,1200.0
-400.0,-1400.0,1456.0219778561036,-105.94539590092286,0.0,1.0,0.0,1.0,0.0,217.00006105577688,230.41374311259563,237.5890975819302,0,9,45,45,0,45,0,0,0,1500.0
-300.0,-1400.0,1431.7821063276353,-102.0947570770121,0.0,1.0,0.0,1.0,0.0,63.25157498094734,64.96035043781467,65.11047002074706,0,9,45,45,0,45,0,0,0,300.0
-300.0,-1400.0,1431.7821063276353,-102.0947570770121,0.0,1.0,0.0,1.0,0.0,85.23609395408239,88.32584626242331,89.0213819835197,0,9,45,45,0,45,0,0,0,600.0
-300.0,-1400.0,1431.7821063276353,-102.0947570770121,0.0,1.0,0.0,1.0,0.0,116.21012830339589,121.20127205079623,123.07486417446692,0,9,45,45,0,45,0,0,0,900.0
-300.0,-1400.0,1431.7821063276353,-102.0947570770121,0.0,1.0,0.0,1.0,0.0,155.91184008218303,163.6658465644598,167.50425697634202,0,9,45,45,0,45,0,0,0,1200.0
-300.0,-1400.0,1431.7821063276353,-102.0947570770121,0.0,1.0,0.0,1.0,0.0,204.36033005441672,216.40474612149677,222.84098381893565,0,9,45,45,0,45,0,0,0,1500.0
-200.0,-1400.0,1414.213562373095,-98.13010235415598,0.0,1.0,0.0,1.0,0.0,59.80488885414235,61.233993179337006,61.3434304102743,0,9,45,45,0,45,0,0,0,300.0
-200.0,-1400.0,1414.213562373095,-98.13010235415598,0.0,1.0,0.0,1.0,0.0,79.67522103841117,82.34571511315991,82.91289002887244,0,9,45,45,0,45,0,0,0,600.0
-200.0,-1400.0,1414.213562373095,-98.13010235415598,0.0,1.0,0.0,1.0,0.0,108.52343875387884,112.88977131530586,114.4962034376074,0,9,45,45,0,45,0,0,0,900.0
-200.0,-1400.0,1414.213562373095,-98.13010235415598,0.0,1.0,0.0,1.0,0.0,146.04576592460813,152.8954030902518,156.28090179396054,0,9,45,45,0,45,0,0,0,1200.0
-200.0,-1400.0,1414.213562373095,-98.13010235415598,0.0,1.0,0.0,1.0,0.0,192.26436918948133,203.0434106152831,208.79613175336456,0,9,45,45,0,45,0,0,0,1500.0
-100.0,-1400.0,1403.56688476182,-94.08561677997488,0.0,1.0,0.0,1.0,0.0,56.85594899225984,58.037275243386645,58.112373939850535,0,9,45,45,0,45,0,0,0,300.0
-100.0,-1400.0,1403.56688476182,-94.08561677997488,0.0,1.0,0.0,1.0,0.0,74.62401121825407,76.92702498109654,77.37927620199102,0,9,45,45,0,45,0,0,0,600.0
-100.0,-1400.0,1403.56688476182,-94.08561677997488,0.0,1.0,0.0,1.0,0.0,101.36430760496638,105.17713937564791,106.5380448705546,0,9,45,45,0,45,0,0,0,900.0
-100.0,-1400.0,1403.56688476182,-94.08561677997488,0.0,1.0,0.0,1.0,0.0,136.7197524831526,142.74969098471604,145.7194416568636,0,9,45,45,0,45,0,0,0,1200.0
-100.0,-1400.0,1403.56688476182,-94.08561677997488,0.0,1.0,0.0,1.0,0.0,180.71481629734998,190.32767282695468,195.44995383583182,0,9,45,45,0,45,0,0,0,1500.0
0.0,-1400.0,1400.0,-90.0,0.0,1.0,0.0,1.0,0.0,54.402837572136946,55.362465831198115,55.40946010623286,0,9,45,45,0,45,0,0,0,300.0
0.0,-1400.0,1400.0,-90.0,0.0,1.0,0.0,1.0,0.0,70.07975349499762,72.06129709713105,72.41176521912946,0,9,45,45,0,45,0,0,0,600.0
0.0,-1400.0,1400.0,-90.0,0.0,1.0,0.0,1.0,0.0,94.73243837468685,98.05713109118751,99.1937781138909,0,9,45,45,0,45,0,0,0,900.0
0.0,-1400.0,1400.0,-90.0,0.0,1.0,0.0,1.0,0.0,127.93574388491284,133.22562053925122,135.81514786491692,0,9,45,45,0,45,0,0,0,1200.0
0.0,-1400.0,1400.0,-90.0,0.0,1.0,0.0,1.0,0.0,169.71458433191862,178.2558143997653,182.79825919911664,0,9,45,45,0,45,0,0,0,1500.0
100.0,-1400.0,1403.56688476182,-85.91438322002513,0.0,1.0,0.0,1.0,0.0,52.44355062630653,53.201770846252,53.22679808000307,0,9,45,45,0,45,0,0,0,300.0
100.0,-1400.0,1403.56688476182,-85.91438322002513,0.0,1.0,0.0,1.0,0.0,66.038804070608,67.739199728424,68.00070934446552,0,9,45,45,0,45,0,0,0,600.0
100.0,-1400.0,1403.56688476182,-85.91438322002513,0.0,1.0,0.0,1.0,0.0,88.62676014914013,91.52284354966403,92.45611240027048,0,9,45,45,0,45,0,0,0,900.0
100.0,-1400.0,1403.56688476182,-85.91438322002513,0.0,1.0,0.0,1.0,0.0,119.69551125874733,124.32001180250263,126.56323340647675,0,9,45,45,0,45,0,0,0,1200.0
100.0,-1400.0,1403.56688476182,-85.91438322002513,0.0,1.0,0.0,1.0,0.0,159.26682189525667,166.82642479835275,170.83721658329765,0,9,45,45,0,45,0,0,0,1500.0
200.0,-1400.0,1414.213562373095,-81.86989764584403,0.0,1.0,0.0,1.0,0.0,50.976147093901076,51.547470435721706,51.55658979292081,0,9,45,45,0,45,0,0,0,300.0
200.0,-1400.0,1414.213562373095,-81.86989764584403,0.0,1.0,0.0,1.0,0.0,62.49650321907761,63.95045194096321,64.13549326410916,0,9,45,45,0,45,0,0,0,600.0
200.0,-1400.0,1414.213562373095,-81.86989764584403,0.0,1.0,0.0,1.0,0.0,83.04514366905403,85.56643683960539,86.31678537084835,0,9,45,45,0,45,0,0,0,900.0
200.0,-1400.0,1414.213562373095,-81.86989764584403,0.0,1.0,0.0,1.0,0.0,112.00045706928128,116.02940077807321,117.95865611113264,0,9,45,45,0,45,0,0,0,1200.0
200.0,-1400.0,1414.213562373095,-81.86989764584403,0.0,1.0,0.0,1.0,0.0,149.37484434796002,156.0383344077922,159.56328790235412,0,9,45,45,0,45,0,0,0,1500.0
300.0,-1400.0,1431.7821063276353,-77.9052429229879,0.0,1.0,0.0,0.4222222222222222,0.0,49.998765326534084,50.39181413706572,50.39211430104586,0,9,45,45,0,19,0,0,0,300.0
300.0,-1400.0,1431.7821063276353,-77.9052429229879,0.0,1.0,0.0,1.0,0.0,59.447186860985695,60.68381505950097,60.80453180060774,0,9,45,45,0,45,0,0,0,600.0
300.0,-1400.0,1431.7821063276353,-77.9052429229879,0.0,1.0,0.0,1.0,0.0,77.98408863529845,80.178824800125,80.76623979205964,0,9,45,45,0,45,0,0,0,900.0
300.0,-1400.0,1431.7821063276353,-77.9052429229879,0.0,1.0,0.0,1.0,0.0,104.85135541996138,108.37036219731908,109.99585526784473,0,9,45,45,0,45,0,0,0,1200.0
300.0,-1400.0,1431.7821063276353,-77.9052429229879,0.0,1.0,0.0,1.0,0.0,140.04202484620117,145.89050735901662,148.9731212580185,0,9,45,45,0,45,0,0,0,1500.0
400.0,-1400.0,1456.0219778561036,-74.05460409907715,0.0,1.0,0.0,1.0,0.0,50.94389795144511,51.015146642624444,51.016624901399,0,9,45,45,0,45,0,0,0,300.0
400.0,-1400.0,1456.0219778561036,-74.05460409907715,0.0,1.0,0.0,1.0,0.0,56.88433499320328,57.92721286268569,57.995403609379345,0,9,45,45,0,45,0,0,0,600.0
400.0,-1400.0,1456.0219778561036,-74.05460409907715,0.0,1.0,0.0,1.0,0.0,73.43841102646063,75.34936289071626,75.79329695582733,0,9,45,45,0,45,0,0,0,900.0
400.0,-1400.0,1456.0219778561036,-74.05460409907715,0.0,1.0,0.0,1.0,0.0,98.2480211575096,101.32833472844479,102.66841340114375,0,9,45,45,0,45,0,0,0,1200.0
400.0,-1400.0,1456.0219778561036,-74.05460409907715,0.0,1.0,0.0,1.0,0.0,131.27163253508147,136.38188082380304,139.0633897891469,0,9,45,45,0,45,0,0,0,1500.0
500.0,-1400.0,1486.6068747318504,-70.3461759419467,0.0,1.0,0.0,1.0,0.0,52.40856433063367,52.54714440749069,52.552296797804466,0,9,45,45,0,45,0,0,0,300.0
500.0,-1400.0,1486.6068747318504,-70.3461759419467,0.0,1.0,0.0,1.0,0.0,54.800887580989055,55.66801126473575,55.69515279596636,0,9,45,45,0,45,0,0,0,600.0
500.0,-1400.0,1486.6068747318504,-70.3461759419467,0.0,1.0,0.0,1.0,0.0,69.4009769438819,71.06557727581347,71.38487405661044,0,9,45,45,0,45,0,0,0,900.0
500.0,-1400.0,1486.6068747318504,-70.3461759419467,0.0,1.0,0.0,1.0,0.0,92.18890743755964,94.88608928862138,95.96864178753142,0,9,45,45,0,45,0,0,0,1200.0
500.0,-1400.0,1486.6068747318504,-70.3461759419467,0.0,1.0,0.0,1.0,0.0,123.06660357771838,127.51113575700995,129.83056083367316,0,9,45,45,0,45,0,0,0,1500.0
600.0,-1400.0,1523.1546211727816,-66.80140948635182,0.0,1.0,0.0,1.0,0.0,54.36408103898424,54.575537019041235,54.586677348632236,0,9,45,45,0,45,0,0,0,300.0
600.0,-1400.0,1523.1546211727816,-66.80140948635182,0.0,1.0,0.0,0.4222222222222222,0.0,53.18910016770334,53.89250326129538,53.89353189119844,0,9,45,45,0,19,0,0,0,600.0
600.0,-1400.0,1523.1546211727816,-66.80140948635182,0.0,1.0,0.0,1.0,0.0,65.86254678981943,67.3129957116689,67.52581106593311,0,9,45,45,0,45,0,0,0,900.0
600.0,-1400.0,1523.1546211727816,-66.80140948635182,0.0,1.0,0.0,1.0,0.0,86.67064340736023,89.0347947681699,89.88710074208203,0,9,45,45,0,45,0,0,0,1200.0
600.0,-1400.0,1523.1546211727816,-66.80140948635182,0.0,1.0,0.0,1.0,0.0,115.42923057664704,119.2865713912196,121.27057938999766,0,9,45,45,0,45,0,0,0,1500.0
700.0,-1400.0,1565.2475842498527,-63.43494882292201,0.0,1.0,0.0,1.0,0.0,56.81226457141874,57.104010570178346,57.12352419274322,0,9,45,45,0,45,0,0,0,300.0
700.0,-1400.0,1565.2475842498527,-63.43494882292201,0.0,1.0,0.0,1.0,0.0,54.76552855210482,54.84199679706242,54.84519079195322,0,9,45,45,0,45,0,0,0,600.0
700.0,-1400.0,1565.2475842498527,-63.43494882292201,0.0,1.0,0.0,1.0,0.0,62.811804293287565,64.07515097266437,64.1988840490444,0,9,45,45,0,45,0,0,0,900.0
700.0,-1400.0,1565.2475842498527,-63.43494882292201,0.0,1.0,0.0,1.0,0.0,81.68754154644343,83.76347218232655,84.41208460546791,0,9,45,45,0,45,0,0,0,1200.0
700.0,-1400.0,1565.2475842498527,-63.43494882292201,0.0,1.0,0.0,1.0,0.0,108.36075852456655,111.70187811098839,113.37845219274782,0,9,45,45,0,45,0,0,0,1500.0
800.0,-1400.0,1612.4515496597098,-60.25511870305778,0.0,1.0,0.0,1.0,0.0,59.75495711451579,60.136297397518405,60.166620461486886,0,9,45,45,0,45,0,0,0,300.0
800.0,-1400.0,1612.4515496597098,-60.25511870305778,0.0,1.0,0.0,1.0,0.0,56.845069269314436,56.99491006877648,57.006142497495524,0,9,45,45,0,45,0,0,0,600.0
800.0,-1400.0,1612.4515496597098,-60.25511870305778,0.0,1.0,0.0,1.0,0.0,60.23564119740291,61.33382395869525,61.385078133885116,0,9,45,45,0,45,0,0,0,900.0
800.0,-1400.0,1612.4515496597098,-60.25511870305778,0.0,1.0,0.0,1.0,0.0,77.23112710733662,79.05853308720756,79.52912589231397,0,9,45,45,0,45,0,0,0,1200.0
800.0,-1400.0,1612.4515496597098,-60.25511870305778,0.0,1.0,0.0,1.0,0.0,101.86088234868745,104.74594644650816,106.14772571824366,0,9,45,45,0,45,0,0,0,1500.0
900.0,-1400.0,1664.3316977093239,-57.264773727892404,0.0,1.0,0.0,1.0,0.0,63.19387767883937,63.676026296822926,63.71962571353865,0,9,45,45,0,45,0,0,0,300.0
900.0,-1400.0,1664.3316977093239,-57.264773727892404,0.0,1.0,0.0,1.0,0.0,59.40294047123931,59.63294788234738,59.65741361890753,0,9,45,45,0,45,0,0,0,600.0
900.0,-1400.0,1664.3316977093239,-57.264773727892404,0.0,1.0,0.0,0.4222222222222222,0.0,58.118441273241864,59.06765812951413,59.069706638656235,0,9,45,45,0,19,0,0,0,900.0
900.0,-1400.0,1664.3316977093239,-57.264773727892404,0.0,1.0,0.0,1.0,0.0,73.28976646005134,74.90341062928373,75.22059942173854,0,9,45,45,0,45,0,0,0,1200.0
900.0,-1400.0,1664.3316977093239,-57.264773727892404,0.0,1.0,0.0,1.0,0.0,95.9271541067638,98.42962283607268,99.56986512225178,0,9,45,45,0,45,0,0,0,1500.0
1000.0,-1400.0,1720.4650534085254,-54.46232220802562,0.0,1.0,0.0,1.0,0.0,67.13052226316317,67.72662087981527,67.7859772010898,0,9,45,45,0,45,0,0,0,300.0
1000.0,-1400.0,1720.4650534085254,-54.46232220802562,0.0,1.0,0.0,1.0,0.0,62.44604162540137,62.76485112791988,62.80795801292277,0,9,45,45,0,45,0,0,0,600.0
1000.0,-1400.0,1720.4650534085254,-54.46232220802562,0.0,1.0,0.0,1.0,0.0,60.19634143086647,60.280255297769514,60.28554751972476,0,9,45,45,0,45,0,0,0,900.0
1000.0,-1400.0,1720.4650534085254,-54.46232220802562,0.0,1.0,0.0,1.0,0.0,69.84849014239198,71.27837409029986,71.46552792717362,0,9,45,45,0,45,0,0,0,1200.0
1000.0,-1400.0,1720.4650534085254,-54.46232220802562,0.0,1.0,0.0,1.0,0.0,90.55432807164918,92.76267229745746,93.63356291413936,0,9,45,45,0,45,0,0,0,1500.0
1100.0,-1400.0,1780.4493814764855,-51.84277341263094,0.0,1.0,0.0,1.0,0.0,71.56611357248238,72.29124711626244,72.36884149180305,0,9,45,45,0,45,0,0,0,300.0
1100.0,-1400.0,1780.4493814764855,-51.84277341263094,0.0,1.0,0.0,1.0,0.0,65.98069657171791,66.39883251581192,66.4661205583266,0,9,45,45,0,45,0,0,0,600.0
1100.0,-1400.0,1780.4493814764855,-51.84277341263094,0.0,1.0,0.0,1.0,0.0,62.76763381938367,62.93256818482047,62.95126482138972,0,9,45,45,0,45,0,0,0,900.0
1100.0,-1400.0,1780.4493814764855,-51.84277341263094,0.0,1.0,0.0,1.0,0.0,66.88911080985606,68.16062114328844,68.23969530823263,0,9,45,45,0,45,0,0,0,1200.0
1100.0,-1400.0,1780.4493814764855,-51.84277341263094,0.0,1.0,0.0,1.0,0.0,85.7336987136641,87.6893673186901,88.32403564335645,0,9,45,45,0,45,0,0,0,1500.0
1200.0,-1400.0,1843.9088914585775,-49.398705354995535,0.0,1.0,0.0,1.0,0.0,76.50159170842305,77.37280189998015,77.47110735457298,0,9,45,45,0,45,0,0,0,300.0
1200.0,-1400.0,1843.9088914585775,-49.398705354995535,0.0,1.0,0.0,1.0,0.0,70.01233774381242,70.54225443545184,70.63932202320905,0,9,45,45,0,45,0,0,0,600.0
1200.0,-1400.0,1843.9088914585775,-49.398705354995535,0.0,1.0,0.0,1.0,0.0,65.8123679699531,66.06603480449849,66.10689444916906,0,9,45,45,0,45,0,0,0,900.0
1200.0,-1400.0,1843.9088914585775,-49.398705354995535,0.0,1.0,0.0,0.4222222222222222,0.0,64.3886236968362,65.52170459117994,65.52493854813994,0,9,45,45,0,19,0,0,0,1200.0
1200.0,-1400.0,1843.9088914585775,-49.398705354995535,0.0,1.0,0.0,1.0,0.0,81.45251635197165,83.19222631630097,83.6224001209943,0,9,45,45,0,45,0,0,0,1500.0
1300.0,-1400.0,1910.49731745428,-47.12109639666146,0.0,1.0,0.0,1.0,0.0,81.93763337736992,82.97393044765829,83.09540705936678,0,9,45,45,0,45,0,0,0,300.0
1300.0,-1400.0,1910.49731745428,-47.12109639666146,0.0,1.0,0.0,1.0,0.0,74.54535763396565,75.20147253010802,75.33391623796452,0,9,45,45,0,45,0,0,0,600.0
1300.0,-1400.0,1910.49731745428,-47.12109639666146,0.0,1.0,0.0,1.0,0.0,69.34345732545306,69.6954124674008,69.76756727406874,0,9,45,45,0,45,0,0,0,900.0
1300.0,-1400.0,1910.49731745428,-47.12109639666146,0.0,1.0,0.0,1.0,0.0,66.84526872335395,66.9382991016637,66.94617387977435,0,9,45,45,0,45,0,0,0,1200.0
1300.0,-1400.0,1910.49731745428,-47.12109639666146,0.0,1.0,0.0,1.0,0.0,77.69359058120355,79.24958189020813,79.50524930936193,0,9,45,45,0,45,0,0,0,1500.0
1400.0,-1400.0,1979.8989873223331,-45.0,0.0,1.0,0.0,1.0,0.0,87.87468734713616,89.0970603760878,89.24415358819338,0,9,45,45,0,45,0,0,0,300.0
1400.0,-1400.0,1979.8989873223331,-45.0,0.0,1.0,0.0,1.0,0.0,79.58309697703949,80.38181594492052,80.55518679677445,0,9,45,45,0,45,0,0,0,600.0
1400.0,-1400.0,1979.8989873223331,-45.0,0.0,1.0,0.0,1.0,0.0,73.37199006288718,73.8337109392988,73.946494287478,0,9,45,45,0,45,0,0,0,900.0
1400.0,-1400.0,1979.8989873223331,-45.0,0.0,1.0,0.0,1.0,0.0,69.79899340500195,69.98182954105278,70.00968963156124,0,9,45,45,0,45,0,0,0,1200.0
1400.0,-1400.0,1979.8989873223331,-45.0,0.0,1.0,0.0,1.0,0.0,74.43520204229384,75.83549006813351,75.9445598424287,0,9,45,45,0,45,0,0,0,1500.0
1500.0,-1400.0,2051.828452868319,-43.025065989118026,0.0,1.0,0.0,1.0,0.0,94.31301631345376,95.7444426248365,95.91958382994822,0,9,45,45,0,45,0,0,0,300.0
1500.0,-1400.0,2051.828452868319,-43.025065989118026,0.0,1.0,0.0,1.0,0.0,85.12792756961642,86.08766316574912,86.30743910181633,0,9,45,45,0,45,0,0,0,600.0
1500.0,-1400.0,2051.828452868319,-43.025065989118026,0.0,1.0,0.0,1.0,0.0,77.90694393850849,78.49189228943975,78.6546873854558,0,9,45,45,0,45,0,0,0,900.0
1500.0,-1400.0,2051.828452868319,-43.025065989118026,0.0,1.0,0.0,1.0,0.0,73.23338467367151,73.5143701391425,73.57529457828119,0,9,45,45,0,45,0,0,0,1200.0
1500.0,-1400.0,2051.828452868319,-43.025065989118026,0.0,1.0,0.0,0.4222222222222222,0.0,71.64848303536121,72.9158306929474,72.92033164892649,0,9,45,45,0,19,0,0,0,1500.0
1600.0,-1400.0,2126.02916254693,-41.18592516570965,0.0,1.0,0.0,1.0,0.0,101.25273845303964,102.91819244397816,103.12380104801952,0,9,45,45,0,45,0,0,0,300.0
1600.0,-1400.0,2126.02916254693,-41.18592516570965,0.0,1.0,0.0,1.0,0.0,91.18138846825994,92.32257269251019,92.59414498548685,0,9,45,45,0,45,0,0,0,600.0
1600.0,-1400.0,2126.02916254693,-41.18592516570965,0.0,1.0,0.0,1.0,0.0,82.95515665705408,83.6788252742559,83.90094599142279,0,9,45,45,0,45,0,0,0,900.0
1600.0,-1400.0,2126.02916254693,-41.18592516570965,0.0,1.0,0.0,1.0,0.0,77.16640644237366,77.5557719216821,77.66336009070446,0,9,45,45,0,45,0,0,0,1200.0
1600.0,-1400.0,2126.02916254693,-41.18592516570965,0.0,1.0,0.0,1.0,0.0,74.38638588276245,74.48974260395883,74.50075148991121,0,9,45,45,0,45,0,0,0,1500.0
1700.0,-1400.0,2202.271554554524,-39.472459848343824,0.0,1.0,0.0,1.0,0.0,108.69386477558187,110.62032647663673,110.85881279916158,0,9,45,45,0,45,0,0,0,300.0
1700.0,-1400.0,2202.271554554524,-39.472459848343824,0.0,1.0,0.0,1.0,0.0,97.74434228672317,99.08943536857548,99.4181058183411,0,9,45,45,0,45,0,0,0,600.0
1700.0,-1400.0,2202.271554554524,-39.472459848343824,0.0,1.0,0.0,1.0,0.0,88.52148105440438,89.40142572701336,89.69203348446464,0,9,45,45,0,45,0,0,0,900.0
1700.0,-1400.0,2202.271554554524,-39.472459848343824,0.0,1.0,0.0,1.0,0.0,81.61277300064988,82.12274054889986,82.29082387152151,0,9,45,45,0,45,0,0,0,1200.0
1700.0,-1400.0,2202.271554554524,-39.472459848343824,0.0,1.0,0.0,1.0,0.0,77.6384748397012,77.84120889416316,77.88014017150613,0,9,45,45,0,45,0,0,0,1500.0
1800.0,-1400.0,2280.350850198276,-37.874983651098205,0.0,1.0,0.0,1.0,0.0,116.63633053204991,118.8527941102854,119.12656264539028,0,9,45,45,0,45,0,0,0,300.0
1800.0,-1400.0,2280.350850198276,-37.874983651098205,0.0,1.0,0.0,1.0,0.0,104.81712866126767,106.39062528508899,106.78161093663452,0,9,45,45,0,45,0,0,0,600.0
1800.0,-1400.0,2280.350850198276,-37.874983651098205,0.0,1.0,0.0,1.0,0.0,94.60905064340196,95.66490981261035,96.03296439589148,0,9,45,45,0,45,0,0,0,900.0
1800.0,-1400.0,2280.350850198276,-37.874983651098205,0.0,1.0,0.0,1.0,0.0,86.58382994844295,87.22869293139124,87.47108880667679,0,9,45,45,0,45,0,0,0,1200.0
1800.0,-1400.0,2280.350850198276,-37.874983651098205,0.0,1.0,0.0,1.0,0.0,81.38975301275943,81.70060905882346,81.7856699753174,0,9,45,45,0,45,0,0,0,1500.0
-500.0,-1300.0,1392.838827718412,-111.03751102542182,0.0,1.0,0.0,1.0,0.0,69.86535190274891,72.33380439963054,72.6240946356874,0,9,45,45,0,45,0,0,0,300.0
-500.0,-1300.0,1392.838827718412,-111.03751102542182,0.0,1.0,0.0,1.0,0.0,98.00039973891965,102.33079660868611,103.48111492720318,0,9,45,45,0,45,0,0,0,600.0
-500.0,-1300.0,1392.838827718412,-111.03751102542182,0.0,1.0,0.0,1.0,0.0,135.80783473066737,142.76809054407823,145.63970303010436,0,9,45,45,0,45,0,0,0,900.0
-500.0,-1300.0,1392.838827718412,-111.03751102542182,0.0,1.0,0.0,1.0,0.0,183.12490694076303,194.0053338480074,199.5281959798845,0,9,45,45,0,45,0,0,0,1200.0
-500.0,-1300.0,1392.838827718412,-111.03751102542182,0.0,1.0,0.0,1.0,0.0,239.99225414724987,256.7461158789516,265.80530237779186,0,9,45,45,0,45,0,0,0,1500.0
-400.0,-1300.0,1360.1470508735442,-107.10272896905236,0.0,1.0,0.0,1.0,0.0,65.07883424762278,67.15773865074543,67.38569683149801,0,9,45,45,0,45,0,0,0,300.0
-400.0,-1300.0,1360.1470508735442,-107.10272896905236,0.0,1.0,0.0,1.0,0.0,90.90741306561745,94.63934518047107,95.60795638728251,0,9,45,45,0,45,0,0,0,600.0
-400.0,-1300.0,1360.1470508735442,-107.10272896905236,0.0,1.0,0.0,1.0,0.0,126.38053385200043,132.45716080617876,134.96482224365616,0,9,45,45,0,45,0,0,0,900.0
-400.0,-1300.0,1360.1470508735442,-107.10272896905236,0.0,1.0,0.0,1.0,0.0,171.3132741723162,180.9501384581601,185.85619737420393,0,9,45,45,0,45,0,0,0,1200.0
-400.0,-1300.0,1360.1470508735442,-107.10272896905236,0.0,1.0,0.0,1.0,0.0,225.75270516231532,240.8054590984784,248.93915753572549,0,9,45,45,0,45,0,0,0,1500.0
-300.0,-1300.0,1334.1664064126335,-102.9946167919165,0.0,1.0,0.0,1.0,0.0,60.83287559550106,62.57284913575448,62.74618178392483,0,9,45,45,0,45,0,0,0,300.0
-300.0,-1300.0,1334.1664064126335,-102.9946167919165,0.0,1.0,0.0,1.0,0.0,84.36941640489805,87.57664485027055,88.3800187672218,0,9,45,45,0,45,0,0,0,600.0
-300.0,-1300.0,1334.1664064126335,-102.9946167919165,0.0,1.0,0.0,1.0,0.0,117.5229736667512,122.81305523959833,124.98313171476573,0,9,45,45,0,45,0,0,0,900.0
-300.0,-1300.0,1334.1664064126335,-102.9946167919165,0.0,1.0,0.0,1.0,0.0,160.08053237521452,168.58456530435,172.92156559359924,0,9,45,45,0,45,0,0,0,1200.0
-300.0,-1300.0,1334.1664064126335,-102.9946167919165,0.0,1.0,0.0,1.0,0.0,212.09693046640095,225.57559507162543,232.85248334497865,0,9,45,45,0,45,0,0,0,1500.0
-200.0,-1300.0,1315.2946437965904,-98.74616226255522,0.0,1.0,0.0,1.0,0.0,57.125724312191245,58.5705317773881,58.69678881103369,0,9,45,45,0,45,0,0,0,300.0
-200.0,-1300.0,1315.2946437965904,-98.74616226255522,0.0,1.0,0.0,1.0,0.0,78.38538231339885,81.13471246876938,81.78899872550639,0,9,45,45,0,45,0,0,0,600.0
-200.0,-1300.0,1315.2946437965904,-98.74616226255522,0.0,1.0,0.0,1.0,0.0,109.23631736867826,113.82967734887926,115.68811181824958,0,9,45,45,0,45,0,0,0,900.0
-200.0,-1300.0,1315.2946437965904,-98.74616226255522,0.0,1.0,0.0,1.0,0.0,149.4290880896486,156.9048847189652,160.7185160012171,0,9,45,45,0,45,0,0,0,1200.0
-200.0,-1300.0,1315.2946437965904,-98.74616226255522,0.0,1.0,0.0,1.0,0.0,199.0275386082312,211.0534709083659,217.53911997811178,0,9,45,45,0,45,0,0,0,1500.0
-100.0,-1300.0,1303.8404810405298,-94.39870535499554,0.0,1.0,0.0,1.0,0.0,53.95526803589192,55.14188487799147,55.22846228753273,0,9,45,45,0,45,0,0,0,300.0
-100.0,-1300.0,1303.8404810405298,-94.39870535499554,0.0,1.0,0.0,1.0,0.0,72.95354856491917,75.30495089106859,75.82596149464524,0,9,45,45,0,45,0,0,0,600.0
-100.0,-1300.0,1303.8404810405298,-94.39870535499554,0.0,1.0,0.0,1.0,0.0,101.52147486698075,105.50080944361693,107.07312031332133,0,9,45,45,0,45,0,0,0,900.0
-100.0,-1300.0,1303.8404810405298,-94.39870535499554,0.0,1.0,0.0,1.0,0.0,139.36155899281044,145.90767630565006,149.24161903051345,0,9,45,45,0,45,0,0,0,1200.0
-100.0,-1300.0,1303.8404810405298,-94.39870535499554,0.0,1.0,0.0,1.0,0.0,186.547554594091,197.2365362049725,202.99347529218727,0,9,45,45,0,45,0,0,0,1500.0
0.0,-1300.0,1300.0,-90.0,0.0,1.0,0.0,1.0,0.0,51.319076818657,52.277737241558356,52.33188478210451,0,9,45,45,0,45,0,0,0,300.0
0.0,-1300.0,1300.0,-90.0,0.0,1.0,0.0,1.0,0.0,68.07117968160149,70.07790863589416,70.48109428782982,0,9,45,45,0,45,0,0,0,600.0
0.0,-1300.0,1300.0,-90.0,0.0,1.0,0.0,1.0,0.0,94.3788776898119,97.81989373122192,99.13116576687356,0,9,45,45,0,45,0,0,0,900.0
0.0,-1300.0,1300.0,-90.0,0.0,1.0,0.0,1.0,0.0,129.88068790849908,135.58974532427382,138.48571637641209,0,9,45,45,0,45,0,0,0,1200.0
0.0,-1300.0,1300.0,-90.0,0.0,1.0,0.0,1.0,0.0,174.66042333281248,184.12274832745646,189.21053059031712,0,9,45,45,0,45,0,0,0,1500.0
100.0,-1300.0,1303.8404810405298,-85.60129464500447,0.0,1.0,0.0,1.0,0.0,49.214522980970116,49.968750395956526,49.9975864307938,0,9,45,45,0,45,0,0,0,300.0
100.0,-1300.0,1303.8404810405298,-85.60129464500447,0.0,1.0,0.0,1.0,0.0,63.734331901910714,65.44303877146436,65.74345961149518,0,9,45,45,0,45,0,0,0,600.0
100.0,-1300.0,1303.8404810405298,-85.60129464500447,0.0,1.0,0.0,1.0,0.0,87.80818201319741,90.77974278223498,91.85460658638314,0,9,45,45,0,45,0,0,0,900.0
100.0,-1300.0,1303.8404810405298,-85.60129464500447,0.0,1.0,0.0,1.0,0.0,120.98920638499234,125.94798905148613,128.44578637636133,0,9,45,45,0,45,0,0,0,1200.0
100.0,-1300.0,1303.8404810405298,-85.60129464500447,0.0,1.0,0.0,1.0,0.0,163.36999393164317,171.7105591456677,176.18582813083336,0,9,45,45,0,45,0,0,0,1500.0
200.0,-1300.0,1315.2946437965904,-81.2538377374448,0.0,1.0,0.0,1.0,0.0,47.63898471210701,48.20560400547825,48.21613903193629,0,9,45,45,0,45,0,0,0,300.0
200.0,-1300.0,1315.2946437965904,-81.2538377374448,0.0,1.0,0.0,1.0,0.0,59.93766723051548,61.38850016066027,61.60079394796147,0,9,45,45,0,45,0,0,0,600.0
200.0,-1300.0,1315.2946437965904,-81.2538377374448,0.0,1.0,0.0,1.0,0.0,81.80789599497427,84.3721751368316,85.23477061137395,0,9,45,45,0,45,0,0,0,900.0
200.0,-1300.0,1315.2946437965904,-81.2538377374448,0.0,1.0,0.0,1.0,0.0,112.68963111782325,116.97919611260821,119.11674090215847,0,9,45,45,0,45,0,0,0,1200.0
200.0,-1300.0,1315.2946437965904,-81.2538377374448,0.0,1.0,0.0,1.0,0.0,152.68047481317822,159.99887306366182,163.91543011683322,0,9,45,45,0,45,0,0,0,1500.0
300.0,-1300.0,1334.1664064126335,-77.0053832080835,0.0,1.0,0.0,0.4222222222222222,0.0,46.58993768456933,46.978955205832676,46.97927330639916,0,9,45,45,0,19,0,0,0,300.0
300.0,-1300.0,1334.1664064126335,-77.0053832080835,0.0,1.0,0.0,1.0,0.0,56.67438061898493,57.90106216489748,58.03941640790879,0,9,45,45,0,45,0,0,0,600.0
300.0,-1300.0,1334.1664064126335,-77.0053832080835,0.0,1.0,0.0,1.0,0.0,76.37494015399075,78.58758383681797,79.26150288868519,0,9,45,45,0,45,0,0,0,900.0
300.0,-1300.0,1334.1664064126335,-77.0053832080835,0.0,1.0,0.0,1.0,0.0,104.98397479607036,108.67975990466937,110.49313394554459,0,9,45,45,0,45,0,0,0,1200.0
300.0,-1300.0,1334.1664064126335,-77.0053832080835,0.0,1.0,0.0,1.0,0.0,142.59634617926855,148.9869625848727,152.3958351760158,0,9,45,45,0,45,0,0,0,1500.0
400.0,-1300.0,1360.1470508735442,-72.89727103094764,0.0,1.0,0.0,1.0,0.0,47.60867957280961,47.67981679336087,47.68150575078952,0,9,45,45,0,45,0,0,0,300.0
400.0,-1300.0,1360.1470508735442,-72.89727103094764,0.0,1.0,0.0,1.0,0.0,53.9363144621202,54.96618422384543,55.04432292996704,0,9,45,45,0,45,0,0,0,600.0
400.0,-1300.0,1360.1470508735442,-72.89727103094764,0.0,1.0,0.0,1.0,0.0,71.50417017755262,73.41446544523133,73.92267050148229,0,9,45,45,0,45,0,0,0,900.0
400.0,-1300.0,1360.1470508735442,-72.89727103094764,0.0,1.0,0.0,1.0,0.0,97.87335388465142,101.04528796731094,102.56876258371251,0,9,45,45,0,45,0,0,0,1200.0
400.0,-1300.0,1360.1470508735442,-72.89727103094764,0.0,1.0,0.0,1.0,0.0,133.12221241095304,138.67432346755203,141.62383398529516,0,9,45,45,0,45,0,0,0,1500.0
500.0,-1300.0,1392.838827718412,-68.96248897457819,0.0,1.0,0.0,1.0,0.0,49.18126873788421,49.32070253497712,49.32665803708018,0,9,45,45,0,45,0,0,0,300.0
500.0,-1300.0,1392.838827718412,-68.96248897457819,0.0,1.0,0.0,1.0,0.0,51.7143256265864,52.568334140746494,52.59953325484637,0,9,45,45,0,45,0,0,0,600.0
500.0,-1300.0,1392.838827718412,-68.96248897457819,0.0,1.0,0.0,1.0,0.0,67.18792016388045,68.83896450792196,69.20368318689489,0,9,45,45,0,45,0,0,0,900.0
500.0,-1300.0,1392.838827718412,-68.96248897457819,0.0,1.0,0.0,1.0,0.0,91.35748170654175,94.09298499934292,95.33614662942213,0,9,45,45,0,45,0,0,0,1200.0
500.0,-1300.0,1392.838827718412,-68.96248897457819,0.0,1.0,0.0,1.0,0.0,124.26257303466292,129.06044722610804,131.59628115914688,0,9,45,45,0,45,0,0,0,1500.0
600.0,-1300.0,1431.7821063276353,-65.22485943116808,0.0,1.0,0.0,1.0,0.0,51.281738914789585,51.49586487982221,51.508808421068856,0,9,45,45,0,45,0,0,0,300.0
600.0,-1300.0,1431.7821063276353,-65.22485943116808,0.0,1.0,0.0,0.4222222222222222,0.0,49.99826115937348,50.69056058227859,50.691647123503614,0,9,45,45,0,19,0,0,0,600.0
600.0,-1300.0,1431.7821063276353,-65.22485943116808,0.0,1.0,0.0,1.0,0.0,63.41565699594502,64.84451958294353,65.08712294475399,0,9,45,45,0,45,0,0,0,900.0
600.0,-1300.0,1431.7821063276353,-65.22485943116808,0.0,1.0,0.0,1.0,0.0,85.43404879824047,87.80963004878814,88.7858871647003,0,9,45,45,0,45,0,0,0,1200.0
600.0,-1300.0,1431.7821063276353,-65.22485943116808,0.0,1.0,0.0,1.0,0.0,116.0214878998001,120.14448532784341,122.30975682737963,0,9,45,45,0,45,0,0,0,1500.0
700.0,-1300.0,1476.48230602334,-61.69924423399363,0.0,1.0,0.0,1.0,0.0,53.912556040821066,54.20994005822656,54.23268141274388,0,9,45,45,0,45,0,0,0,300.0
700.0,-1300.0,1476.48230602334,-61.69924423399363,0.0,1.0,0.0,1.0,0.0,51.68071566765012,51.75779158615641,51.761477941388954,0,9,45,45,0,45,0,0,0,600.0
700.0,-1300.0,1476.48230602334,-61.69924423399363,0.0,1.0,0.0,1.0,0.0,60.17386388961269,61.41172283075217,61.55260492025415,0,9,45,45,0,45,0,0,0,900.0
700.0,-1300.0,1476.48230602334,-61.69924423399363,0.0,1.0,0.0,1.0,0.0,80.09801650218837,82.1651021163314,82.9059293676304,0,9,45,45,0,45,0,0,0,1200.0
700.0,-1300.0,1476.48230602334,-61.69924423399363,0.0,1.0,0.0,1.0,0.0,108.40211195783924,111.92477875059558,113.76009035715262,0,9,45,45,0,45,0,0,0,1500.0
800.0,-1300.0,1526.4337522473747,-58.3924977537511,0.0,1.0,0.0,1.0,0.0,57.07614558754734,57.46755135453185,57.50295856702306,0,9,45,45,0,45,0,0,0,300.0
800.0,-1300.0,1526.4337522473747,-58.3924977537511,0.0,1.0,0.0,1.0,0.0,53.898517966238344,54.050774017523096,54.063897083815284,0,9,45,45,0,45,0,0,0,600.0
800.0,-1300.0,1526.4337522473747,-58.3924977537511,0.0,1.0,0.0,1.0,0.0,57.44627865639507,58.518511885027934,58.57699993354011,0,9,45,45,0,45,0,0,0,900.0
800.0,-1300.0,1526.4337522473747,-58.3924977537511,0.0,1.0,0.0,1.0,0.0,75.34088490030433,77.144934839283,77.6807926811903,0,9,45,45,0,45,0,0,0,1200.0
800.0,-1300.0,1526.4337522473747,-58.3924977537511,0.0,1.0,0.0,1.0,0.0,101.40608018321086,104.40977873342342,105.94172338887132,0,9,45,45,0,45,0,0,0,1500.0
900.0,-1300.0,1581.1388300841897,-55.30484646876604,0.0,1.0,0.0,1.0,0.0,60.77468918621241,61.27310375956009,61.32407541455754,0,9,45,45,0,45,0,0,0,300.0
900.0,-1300.0,1581.1388300841897,-55.30484646876604,0.0,1.0,0.0,1.0,0.0,56.63120688132051,56.866435897169254,56.895174932395406,0,9,45,45,0,45,0,0,0,600.0
900.0,-1300.0,1581.1388300841897,-55.30484646876604,0.0,1.0,0.0,0.4222222222222222,0.0,55.213213202073675,56.13878305557366,56.14092912022028,0,9,45,45,0,19,0,0,0,900.0
900.0,-1300.0,1581.1388300841897,-55.30484646876604,0.0,1.0,0.0,1.0,0.0,71.15003897795582,72.73079522569621,73.09087784994979,0,9,45,45,0,45,0,0,0,1200.0
900.0,-1300.0,1581.1388300841897,-55.30484646876604,0.0,1.0,0.0,1.0,0.0,95.03273717434507,97.59277360500005,98.84690370619079,0,9,45,45,0,45,0,0,0,1500.0
1000.0,-1300.0,1640.1219466856726,-52.43140797117251,0.0,1.0,0.0,1.0,0.0,65.01000484299335,65.63066106803876,65.70010391793308,0,9,45,45,0,45,0,0,0,300.0
1000.0,-1300.0,1640.1219466856726,-52.43140797117251,0.0,1.0,0.0,1.0,0.0,59.887725036560035,60.215865017010906,60.26665368411916,0,9,45,45,0,45,0,0,0,600.0
1000.0,-1300.0,1640.1219466856726,-52.43140797117251,0.0,1.0,0.0,1.0,0.0,57.40852812197201,57.493984953224896,57.50016021500039,0,9,45,45,0,45,0,0,0,900.0
1000.0,-1300.0,1640.1219466856726,-52.43140797117251,0.0,1.0,0.0,1.0,0.0,67.5083173038046,68.9000547707191,69.11200465972105,0,9,45,45,0,45,0,0,0,1200.0
1000.0,-1300.0,1640.1219466856726,-52.43140797117251,0.0,1.0,0.0,1.0,0.0,89.27823221478137,91.47115527015652,92.46472953651511,0,9,45,45,0,45,0,0,0,1500.0
1100.0,-1300.0,1702.93863659264,-49.76364169072618,0.0,1.0,0.0,1.0,0.0,69.78350374396018,70.5438992906931,70.63471251652997,0,9,45,45,0,45,0,0,0,300.0
1100.0,-1300.0,1702.93863659264,-49.76364169072618,0.0,1.0,0.0,1.0,0.0,63.67598554848319,64.10918280804422,64.18859472592904,0,9,45,45,0,45,0,0,0,600.0
1100.0,-1300.0,1702.93863659264,-49.76364169072618,0.0,1.0,0.0,1.0,0.0,60.13092187240562,60.300169993809845,60.32224854037025,0,9,45,45,0,45,0,0,0,900.0
1100.0,-1300.0,1702.93863659264,-49.76364169072618,0.0,1.0,0.0,1.0,0.0,64.39396892386019,65.62572767626455,65.71535770334422,0,9,45,45,0,45,0,0,0,1200.0
1100.0,-1300.0,1702.93863659264,-49.76364169072618,0.0,1.0,0.0,1.0,0.0,84.1345405756438,86.05876115943778,86.78010783902342,0,9,45,45,0,45,0,0,0,1500.0
1200.0,-1300.0,1769.1806012954132,-47.290610042638534,0.0,1.0,0.0,1.0,0.0,75.0962040123447,76.01611735983461,76.13118327373573,0,9,45,45,0,45,0,0,0,300.0
1200.0,-1300.0,1769.1806012954132,-47.290610042638534,0.0,1.0,0.0,1.0,0.0,68.00250497439215,68.5551664148589,68.6698153739606,0,9,45,45,0,45,0,0,0,600.0
1200.0,-1300.0,1769.1806012954132,-47.290610042638534,0.0,1.0,0.0,1.0,0.0,63.36624636373309,63.62807443759439,63.676566921921165,0,9,45,45,0,45,0,0,0,900.0
1200.0,-1300.0,1769.1806012954132,-47.290610042638534,0.0,1.0,0.0,0.4222222222222222,0.0,61.77896460107435,62.873779638584836,62.877139117175815,0,9,45,45,0,19,0,0,0,1200.0
1200.0,-1300.0,1769.1806012954132,-47.290610042638534,0.0,1.0,0.0,1.0,0.0,79.58852242350838,81.28575748407975,81.77274685484939,0,9,45,45,0,45,0,0,0,1500.0
1300.0,-1300.0,1838.4776310850236,-45.0,0.0,1.0,0.0,1.0,0.0,80.94877887326533,82.05028290023427,82.19246301359073,0,9,45,45,0,45,0,0,0,300.0
1300.0,-1300.0,1838.4776310850236,-45.0,0.0,1.0,0.0,1.0,0.0,72.87228851616487,73.56112159985143,73.71758511415011,0,9,45,45,0,45,0,0,0,600.0
1300.0,-1300.0,1838.4776310850236,-45.0,0.0,1.0,0.0,1.0,0.0,67.1305222631638,67.49588465911135,67.58173171233707,0,9,45,45,0,45,0,0,0,900.0
1300.0,-1300.0,1838.4776310850236,-45.0,0.0,1.0,0.0,1.0,0.0,64.35149227717068,64.44710373186722,64.4563828861769,0,9,45,45,0,45,0,0,0,1200.0
1300.0,-1300.0,1838.4776310850236,-45.0,0.0,1.0,0.0,1.0,0.0,75.62118120681114,77.12795663128776,77.41636072943416,0,9,45,45,0,45,0,0,0,1500.0
1400.0,-1300.0,1910.49731745428,-42.87890360333855,0.0,1.0,0.0,1.0,0.0,87.34161997473323,88.6490938884715,88.82122893263448,0,9,45,45,0,45,0,0,0,300.0
1400.0,-1300.0,1910.49731745428,-42.87890360333855,0.0,1.0,0.0,1.0,0.0,78.28890239530604,79.13294362316768,79.33771217470833,0,9,45,45,0,45,0,0,0,600.0
1400.0,-1300.0,1910.49731745428,-42.87890360333855,0.0,1.0,0.0,1.0,0.0,71.43698367196961,71.91910098007806,72.05343296074734,0,9,45,45,0,45,0,0,0,900.0
1400.0,-1300.0,1910.49731745428,-42.87890360333855,0.0,1.0,0.0,1.0,0.0,67.45983822596448,67.64902831442036,67.6822324841572,0,9,45,45,0,45,0,0,0,1200.0
1400.0,-1300.0,1910.49731745428,-42.87890360333855,0.0,1.0,0.0,1.0,0.0,72.2073152935998,73.55532555737004,73.67830076606894,0,9,45,45,0,45,0,0,0,1500.0
1500.0,-1300.0,1984.9433241279207,-40.91438322002513,0.0,1.0,0.0,1.0,0.0,94.27490235864661,95.81504261960484,96.01995514864188,0,9,45,45,0,45,0,0,0,300.0
1500.0,-1300.0,1984.9433241279207,-40.91438322002513,0.0,1.0,0.0,1.0,0.0,84.25465931093036,85.27529329994798,85.53474297842187,0,9,45,45,0,45,0,0,0,600.0
1500.0,-1300.0,1984.9433241279207,-40.91438322002513,0.0,1.0,0.0,1.0,0.0,76.29583897430324,76.91027493602778,77.10421085536453,0,9,45,45,0,45,0,0,0,900.0
1500.0,-1300.0,1984.9433241279207,-40.91438322002513,0.0,1.0,0.0,1.0,0.0,71.09415941065679,71.38637940697028,71.45931018753691,0,9,45,45,0,45,0,0,0,1200.0
1500.0,-1300.0,1984.9433241279207,-40.91438322002513,0.0,1.0,0.0,0.4222222222222222,0.0,69.3127014122781,70.52786952893935,70.53251159097552,0,9,45,45,0,19,0,0,0,1500.0
1600.0,-1300.0,2061.5528128088304,-39.0938588862295,0.0,1.0,0.0,1.0,0.0,101.74864321329801,103.5504739721487,103.79097241736392,0,9,45,45,0,45,0,0,0,300.0
1600.0,-1300.0,2061.5528128088304,-39.0938588862295,0.0,1.0,0.0,1.0,0.0,90.7708529916306,91.99182469055789,92.31220843154072,0,9,45,45,0,45,0,0,0,600.0
1600.0,-1300.0,2061.5528128088304,-39.0938588862295,0.0,1.0,0.0,1.0,0.0,81.71438630866254,82.47910118563935,82.74360082998093,0,9,45,45,0,45,0,0,0,900.0
1600.0,-1300.0,2061.5528128088304,-39.0938588862295,0.0,1.0,0.0,1.0,0.0,75.27593192160558,75.68287267197971,75.81190482866835,0,9,45,45,0,45,0,0,0,1200.0
1600.0,-1300.0,2061.5528128088304,-39.0938588862295,0.0,1.0,0.0,1.0,0.0,72.1597030441712,72.26671387042535,72.27979061831628,0,9,45,45,0,45,0,0,0,1500.0
1700.0,-1300.0,2140.09345590327,-37.40535663140856,0.0,1.0,0.0,1.0,0.0,109.76275088215672,111.85763429615986,112.13651764126658,0,9,45,45,0,45,0,0,0,300.0
1700.0,-1300.0,2140.09345590327,-37.40535663140856,0.0,1.0,0.0,1.0,0.0,97.83799622654531,99.28541867493072,99.67287063172076,0,9,45,45,0,45,0,0,0,600.0
1700.0,-1300.0,2140.09345590327,-37.40535663140856,0.0,1.0,0.0,1.0,0.0,87.69735825083355,88.6327417286839,88.9785126361365,0,9,45,45,0,45,0,0,0,900.0
1700.0,-1300.0,2140.09345590327,-37.40535663140856,0.0,1.0,0.0,1.0,0.0,80.02200257970763,80.55772586068704,80.75940998809008,0,9,45,45,0,45,0,0,0,1200.0
1700.0,-1300.0,2140.09345590327,-37.40535663140856,0.0,1.0,0.0,1.0,0.0,75.56689925953495,75.77805874806862,75.82480406848282,0,9,45,45,0,45,0,0,0,1500.0
1800.0,-1300.0,2220.3603311174516,-35.83765295427829,0.0,1.0,0.0,1.0,0.0,118.3170634269001,120.73871009247756,121.05877261601182,0,9,45,45,0,45,0,0,0,300.0
1800.0,-1300.0,2220.3603311174516,-35.83765295427829,0.0,1.0,0.0,1.0,0.0,105.45603538029302,107.15839498345983,107.61894306956444,0,9,45,45,0,45,0,0,0,600.0
1800.0,-1300.0,2220.3603311174516,-35.83765295427829,0.0,1.0,0.0,1.0,0.0,94.24737773205526,95.3762659693023,95.81371834668859,0,9,45,45,0,45,0,0,0,900.0
1800.0,-1300.0,2220.3603311174516,-35.83765295427829,0.0,1.0,0.0,1.0,0.0,85.34463036232813,86.0256636672709,86.31640385998448,0,9,45,45,0,45,0,0,0,1200.0
1800.0,-1300.0,2220.3603311174516,-35.83765295427829,0.0,1.0,0.0,1.0,0.0,79.52602445156234,79.85118483946411,79.95371012726385,0,9,45,45,0,45,0,0,0,1500.0
-500.0,-1200.0,1300.0,-112.61986494804043,0.0,1.0,0.0,1.0,0.0,68.36606353285984,70.93816200272428,71.27795699694609,0,9,45,45,0,45,0,0,0,300.0
-500.0,-1200.0,1300.0,-112.61986494804043,0.0,1.0,0.0,1.0,0.0,98.69505632438118,103.31016270940304,104.65862937970606,0,9,45,45,0,45,0,0,0,600.0
-500.0,-1200.0,1300.0,-112.61986494804043,0.0,1.0,0.0,1.0,0.0,139.46657238366535,147.03918101408433,150.41579114731513,0,9,45,45,0,45,0,0,0,900.0
-500.0,-1200.0,1300.0,-112.61986494804043,0.0,1.0,0.0,1.0,0.0,190.56294851680957,202.7686336601864,209.1350000276949,0,9,45,45,0,45,0,0,0,1200.0
-500.0,-1200.0,1300.0,-112.61986494804043,0.0,1.0,0.0,1.0,0.0,252.05387147847148,271.1752996658762,281.6266895595466,0,9,45,45,0,45,0,0,0,1500.0
-400.0,-1200.0,1264.9110640673518,-108.43494882292202,0.0,1.0,0.0,1.0,0.0,63.18324935631104,65.32979200134102,65.59635445387424,0,9,45,45,0,45,0,0,0,300.0
-400.0,-1200.0,1264.9110640673518,-108.43494882292202,0.0,1.0,0.0,1.0,0.0,91.00700645237877,94.95040113938886,96.08447305233575,0,9,45,45,0,45,0,0,0,600.0
-400.0,-1200.0,1264.9110640673518,-108.43494882292202,0.0,1.0,0.0,1.0,0.0,129.233523372663,135.79872657114217,138.7442764009278,0,9,45,45,0,45,0,0,0,900.0
-400.0,-1200.0,1264.9110640673518,-108.43494882292202,0.0,1.0,0.0,1.0,0.0,177.7291326820615,188.49538981437524,194.13666854982395,0,9,45,45,0,45,0,0,0,1200.0
-400.0,-1200.0,1264.9110640673518,-108.43494882292202,0.0,1.0,0.0,1.0,0.0,236.5732911631728,253.70976588259902,263.07082868198626,0,9,45,45,0,45,0,0,0,1500.0
-300.0,-1200.0,1236.9316876852981,-104.03624346792648,0.0,1.0,0.0,1.0,0.0,58.58748522189672,60.36790069695594,60.57037876771861,0,9,45,45,0,45,0,0,0,300.0
-300.0,-1200.0,1236.9316876852981,-104.03624346792648,0.0,1.0,0.0,1.0,0.0,83.92328798518702,87.28161091998297,88.22095993913096,0,9,45,45,0,45,0,0,0,600.0
-300.0,-1200.0,1236.9316876852981,-104.03624346792648,0.0,1.0,0.0,1.0,0.0,119.62016753818523,125.29226314043112,127.83832781121,0,9,45,45,0,45,0,0,0,900.0
-300.0,-1200.0,1236.9316876852981,-104.03624346792648,0.0,1.0,0.0,1.0,0.0,165.52375081234263,174.98141490309672,179.9546745167128,0,9,45,45,0,45,0,0,0,1200.0
-300.0,-1200.0,1236.9316876852981,-104.03624346792648,0.0,1.0,0.0,1.0,0.0,221.72578463670834,237.0278460413432,245.3809278354647,0,9,45,45,0,45,0,0,0,1500.0
-200.0,-1200.0,1216.552506059644,-99.46232220802563,0.0,1.0,0.0,1.0,0.0,54.576756424916205,56.04240400009258,56.189742347095084,0,9,45,45,0,45,0,0,0,300.0
-200.0,-1200.0,1216.552506059644,-99.46232220802563,0.0,1.0,0.0,1.0,0.0,77.44330456156771,80.29494208652902,81.05884733161791,0,9,45,45,0,45,0,0,0,600.0
-200.0,-1200.0,1216.552506059644,-99.46232220802563,0.0,1.0,0.0,1.0,0.0,110.62837598729816,115.51299365639443,117.69061377762445,0,9,45,45,0,45,0,0,0,900.0
-200.0,-1200.0,1216.552506059644,-99.46232220802563,0.0,1.0,0.0,1.0,0.0,153.94970378203504,162.22225058440125,166.5820380009562,0,9,45,45,0,45,0,0,0,1200.0
-200.0,-1200.0,1216.552506059644,-99.46232220802563,0.0,1.0,0.0,1.0,0.0,207.5141412937369,221.12550345654546,228.54913070755205,0,9,45,45,0,45,0,0,0,1500.0
-100.0,-1200.0,1204.1594578792296,-94.76364169072617,0.0,1.0,0.0,1.0,0.0,51.14850880647834,52.34276804445055,52.4437076424886,0,9,45,45,0,45,0,0,0,300.0
-100.0,-1200.0,1204.1594578792296,-94.76364169072617,0.0,1.0,0.0,1.0,0.0,71.56565936563022,73.98090384974687,74.58823239371482,0,9,45,45,0,45,0,0,0,600.0
-100.0,-1200.0,1204.1594578792296,-94.76364169072617,0.0,1.0,0.0,1.0,0.0,102.25992030619079,106.45418589377945,108.29387460597152,0,9,45,45,0,45,0,0,0,900.0
-100.0,-1200.0,1204.1594578792296,-94.76364169072617,0.0,1.0,0.0,1.0,0.0,143.01029006986,150.21396050077595,154.01236244807592,0,9,45,45,0,45,0,0,0,1200.0
-100.0,-1200.0,1204.1594578792296,-94.76364169072617,0.0,1.0,0.0,1.0,0.0,193.94170796005514,205.99936897058393,212.5683340606185,0,9,45,45,0,45,0,0,0,1500.0
0.0,-1200.0,1200.0,-90.0,0.0,1.0,0.0,1.0,0.0,48.299663274884374,49.25800358541286,49.321087535533366,0,9,45,45,0,45,0,0,0,300.0
0.0,-1200.0,1200.0,-90.0,0.0,1.0,0.0,1.0,0.0,66.28780786844604,68.32901896268555,68.79819618373122,0,9,45,45,0,45,0,0,0,600.0
0.0,-1200.0,1200.0,-90.0,0.0,1.0,0.0,1.0,0.0,94.51622740113642,98.10893497198191,99.64067740456416,0,9,45,45,0,45,0,0,0,900.0
0.0,-1200.0,1200.0,-90.0,0.0,1.0,0.0,1.0,0.0,132.70914709323736,138.95307432846343,142.23977937629303,0,9,45,45,0,45,0,0,0,1200.0
0.0,-1200.0,1200.0,-90.0,0.0,1.0,0.0,1.0,0.0,181.0124221772607,191.64677603061025,197.43222310266,0,9,45,45,0,45,0,0,0,1500.0
100.0,-1200.0,1204.1594578792296,-85.23635830927383,0.0,1.0,0.0,1.0,0.0,46.02674664920008,46.776771193164834,46.810360411601785,0,9,45,45,0,45,0,0,0,300.0
100.0,-1200.0,1204.1594578792296,-85.23635830927383,0.0,1.0,0.0,1.0,0.0,61.60567772305665,63.327441217557954,63.6764097606959,0,9,45,45,0,45,0,0,0,600.0
100.0,-1200.0,1204.1594578792296,-85.23635830927383,0.0,1.0,0.0,1.0,0.0,87.39803115732917,90.469825122491,91.7230650895216,0,9,45,45,0,45,0,0,0,900.0
100.0,-1200.0,1204.1594578792296,-85.23635830927383,0.0,1.0,0.0,1.0,0.0,123.05013779836614,128.43647794243734,131.258838718139,0,9,45,45,0,45,0,0,0,1200.0
100.0,-1200.0,1204.1594578792296,-85.23635830927383,0.0,1.0,0.0,1.0,0.0,168.73083110519806,178.06578240945106,183.13529408493207,0,9,45,45,0,45,0,0,0,1500.0
200.0,-1200.0,1216.552506059644,-80.53767779197439,0.0,1.0,0.0,1.0,0.0,44.32616477660468,44.887625604882324,44.899927985712104,0,9,45,45,0,45,0,0,0,300.0
200.0,-1200.0,1216.552506059644,-80.53767779197439,0.0,1.0,0.0,1.0,0.0,57.51331333724057,58.96258997499609,59.20875916860821,0,9,45,45,0,45,0,0,0,600.0
200.0,-1200.0,1216.552506059644,-80.53767779197439,0.0,1.0,0.0,1.0,0.0,80.90490285173071,83.52847263526064,84.53207941018636,0,9,45,45,0,45,0,0,0,900.0
200.0,-1200.0,1216.552506059644,-80.53767779197439,0.0,1.0,0.0,1.0,0.0,114.03715869857236,118.66122563312258,121.06431993322754,0,9,45,45,0,45,0,0,0,1200.0
200.0,-1200.0,1216.552506059644,-80.53767779197439,0.0,1.0,0.0,1.0,0.0,157.10208515061422,165.2551676707118,169.67285318483007,0,9,45,45,0,45,0,0,0,1500.0
300.0,-1200.0,1236.9316876852981,-75.96375653207353,0.0,1.0,0.0,0.4222222222222222,0.0,43.194412314107474,43.579076799869775,43.57941554979121,0,9,45,45,0,19,0,0,0,300.0
300.0,-1200.0,1236.9316876852981,-75.96375653207353,0.0,1.0,0.0,1.0,0.0,54.002639782249474,55.218891467648064,55.379084400206715,0,9,45,45,0,45,0,0,0,600.0
300.0,-1200.0,1236.9316876852981,-75.96375653207353,0.0,1.0,0.0,1.0,0.0,75.03465499479162,77.27494407759617,78.05715044150439,0,9,45,45,0,45,0,0,0,900.0
300.0,-1200.0,1236.9316876852981,-75.96375653207353,0.0,1.0,0.0,1.0,0.0,105.67384000625742,109.6242444992561,111.65093274275259,0,9,45,45,0,45,0,0,0,1200.0
300.0,-1200.0,1236.9316876852981,-75.96375653207353,0.0,1.0,0.0,1.0,0.0,146.13189056002318,153.2143904361817,157.0409755653436,0,9,45,45,0,45,0,0,0,1500.0
400.0,-1200.0,1264.9110640673518,-71.56505117707799,0.0,1.0,0.0,1.0,0.0,44.29777473251558,44.36890402126625,44.37085908968987,0,9,45,45,0,45,0,0,0,300.0
400.0,-1200.0,1264.9110640673518,-71.56505117707799,0.0,1.0,0.0,1.0,0.0,51.0634719037209,52.0787471026899,52.16916021688256,0,9,45,45,0,45,0,0,0,600.0
400.0,-1200.0,1264.9110640673518,-71.56505117707799,0.0,1.0,0.0,1.0,0.0,69.78263966340214,71.69706919995794,72.28537190383106,0,9,45,45,0,45,0,0,0,900.0
400.0,-1200.0,1264.9110640673518,-71.56505117707799,0.0,1.0,0.0,1.0,0.0,97.96310493887158,101.32189723041266,103.01287187175244,0,9,45,45,0,45,0,0,0,1200.0
400.0,-1200.0,1264.9110640673518,-71.56505117707799,0.0,1.0,0.0,1.0,0.0,135.82639897568743,141.9434829743118,145.23640174907922,0,9,45,45,0,45,0,0,0,1500.0
500.0,-1200.0,1300.0,-67.38013505195957,0.0,1.0,0.0,1.0,0.0,45.995159354784896,46.1357906519225,46.14276884437559,0,9,45,45,0,45,0,0,0,300.0
500.0,-1200.0,1300.0,-67.38013505195957,0.0,1.0,0.0,1.0,0.0,48.68389887238068,49.52285429998808,49.559052345335196,0,9,45,45,0,45,0,0,0,600.0
500.0,-1200.0,1300.0,-67.38013505195957,0.0,1.0,0.0,1.0,0.0,65.14100562160523,66.779709397803,67.20072666202364,0,9,45,45,0,45,0,0,0,900.0
500.0,-1200.0,1300.0,-67.38013505195957,0.0,1.0,0.0,1.0,0.0,90.90655704762712,93.74937089304382,95.14319109467196,0,9,45,45,0,45,0,0,0,1200.0
500.0,-1200.0,1300.0,-67.38013505195957,0.0,1.0,0.0,1.0,0.0,126.19200455047772,131.4428527471377,134.25634022807557,0,9,45,45,0,45,0,0,0,1500.0
600.0,-1200.0,1341.640786499874,-63.43494882292201,0.0,1.0,0.0,1.0,0.0,48.26361920787821,48.48121422025254,48.49646312747779,0,9,45,45,0,45,0,0,0,300.0
600.0,-1200.0,1341.640786499874,-63.43494882292201,0.0,1.0,0.0,0.4222222222222222,0.0,46.85041153360097,47.52988908718039,47.53104037443677,0,9,45,45,0,19,0,0,0,600.0
600.0,-1200.0,1341.640786499874,-63.43494882292201,0.0,1.0,0.0,1.0,0.0,61.09803635660731,62.50409784946328,62.78338778192942,0,9,45,45,0,45,0,0,0,900.0
600.0,-1200.0,1341.640786499874,-63.43494882292201,0.0,1.0,0.0,1.0,0.0,84.50367660153051,86.9012277736321,88.03297372966432,0,9,45,45,0,45,0,0,0,1200.0
600.0,-1200.0,1341.640786499874,-63.43494882292201,0.0,1.0,0.0,1.0,0.0,117.23501151455923,121.71295216087529,124.09813636063514,0,9,45,45,0,45,0,0,0,1500.0
700.0,-1200.0,1389.2443989449805,-59.743562836470744,0.0,1.0,0.0,1.0,0.0,51.106549909310736,51.41112132241048,51.437997626679824,0,9,45,45,0,45,0,0,0,300.0
700.0,-1200.0,1389.2443989449805,-59.743562836470744,0.0,1.0,0.0,1.0,0.0,48.65198604160274,48.72993475068854,48.73425403984133,0,9,45,45,0,45,0,0,0,600.0
700.0,-1200.0,1389.2443989449805,-59.743562836470744,0.0,1.0,0.0,1.0,0.0,57.63775092662249,58.84742411377063,59.009284226919895,0,9,45,45,0,45,0,0,0,900.0
700.0,-1200.0,1389.2443989449805,-59.743562836470744,0.0,1.0,0.0,1.0,0.0,78.75083589327781,80.81437894120116,81.67030657736738,0,9,45,45,0,45,0,0,0,1200.0
700.0,-1200.0,1389.2443989449805,-59.743562836470744,0.0,1.0,0.0,1.0,0.0,108.96112911803093,112.75377092480815,114.75876016835485,0,9,45,45,0,45,0,0,0,1500.0
800.0,-1200.0,1442.2205101855957,-56.309932474020215,0.0,1.0,0.0,1.0,0.0,54.52716743445994,54.931316439267235,54.97324176975582,0,9,45,45,0,45,0,0,0,300.0
800.0,-1200.0,1442.2205101855957,-56.309932474020215,0.0,1.0,0.0,1.0,0.0,51.02704783901982,51.18240734500424,51.19798004061224,0,9,45,45,0,45,0,0,0,600.0
800.0,-1200.0,1442.2205101855957,-56.309932474020215,0.0,1.0,0.0,1.0,0.0,54.73998565848508,55.78286942149755,55.85015900580921,0,9,45,45,0,45,0,0,0,900.0
800.0,-1200.0,1442.2205101855957,-56.309932474020215,0.0,1.0,0.0,1.0,0.0,73.64019391762588,75.42232776411018,76.03911826496021,0,9,45,45,0,45,0,0,0,1200.0
800.0,-1200.0,1442.2205101855957,-56.309932474020215,0.0,1.0,0.0,1.0,0.0,101.37475044040255,104.56410411020673,106.23406374048822,0,9,45,45,0,45,0,0,0,1500.0
900.0,-1200.0,1500.0,-53.13010235415598,0.0,1.0,0.0,1.0,0.0,58.528235255490905,59.047185092708055,59.107607419871435,0,9,45,45,0,45,0,0,0,300.0
900.0,-1200.0,1500.0,-53.13010235415598,0.0,1.0,0.0,1.0,0.0,53.96036669449004,54.202170394086295,54.23646353346992,0,9,45,45,0,45,0,0,0,600.0
900.0,-1200.0,1500.0,-53.13010235415598,0.0,1.0,0.0,0.4222222222222222,0.0,52.379707902985054,53.278176424744814,53.28042797484478,0,9,45,45,0,19,0,0,0,900.0
900.0,-1200.0,1500.0,-53.13010235415598,0.0,1.0,0.0,1.0,0.0,69.1586025163391,70.70518038551891,71.11802094555055,0,9,45,45,0,45,0,0,0,1200.0
900.0,-1200.0,1500.0,-53.13010235415598,0.0,1.0,0.0,1.0,0.0,94.47798261484014,97.14055960298073,98.51776926738066,0,9,45,45,0,45,0,0,0,1500.0
1000.0,-1200.0,1562.049935181331,-50.19442890773481,0.0,1.0,0.0,1.0,0.0,63.11193351134284,63.76355769299517,63.84592244056653,0,9,45,45,0,45,0,0,0,300.0
1000.0,-1200.0,1562.049935181331,-50.19442890773481,0.0,1.0,0.0,1.0,0.0,57.46359894184573,57.803415268419464,57.86419648094904,0,9,45,45,0,45,0,0,0,600.0
1000.0,-1200.0,1562.049935181331,-50.19442890773481,0.0,1.0,0.0,1.0,0.0,54.7037164234329,54.79116802985824,54.79849520691614,0,9,45,45,0,45,0,0,0,900.0
1000.0,-1200.0,1562.049935181331,-50.19442890773481,0.0,1.0,0.0,1.0,0.0,65.2867361273448,66.63722486973106,66.87938271728879,0,9,45,45,0,45,0,0,0,1200.0
1000.0,-1200.0,1562.049935181331,-50.19442890773481,0.0,1.0,0.0,1.0,0.0,88.26942615770382,90.50302187871534,91.60018016328733,0,9,45,45,0,45,0,0,0,1500.0
1100.0,-1200.0,1627.8820596099706,-47.48955292199916,0.0,1.0,0.0,1.0,0.0,68.27984432915879,69.08468962788564,69.19242148822258,0,9,45,45,0,45,0,0,0,300.0
1100.0,-1200.0,1627.8820596099706,-47.48955292199916,0.0,1.0,0.0,1.0,0.0,61.546619952370236,61.998637031913724,62.093810171151134,0,9,45,45,0,45,0,0,0,600.0
1100.0,-1200.0,1627.8820596099706,-47.48955292199916,0.0,1.0,0.0,1.0,0.0,57.59591903273528,57.77053929118381,57.79705871792777,0,9,45,45,0,45,0,0,0,900.0
1100.0,-1200.0,1627.8820596099706,-47.48955292199916,0.0,1.0,0.0,1.0,0.0,61.99871728695357,63.18655493698202,63.28892495895188,0,9,45,45,0,45,0,0,0,1200.0
1100.0,-1200.0,1627.8820596099706,-47.48955292199916,0.0,1.0,0.0,1.0,0.0,82.74275709403358,84.63755520464608,85.46666878458029,0,9,45,45,0,45,0,0,0,1500.0
1200.0,-1200.0,1697.0562748477141,-45.0,0.0,1.0,0.0,1.0,0.0,74.03301233500783,75.01431748470438,75.15081169072853,0,9,45,45,0,45,0,0,0,300.0
1200.0,-1200.0,1697.0562748477141,-45.0,0.0,1.0,0.0,1.0,0.0,66.2171392640628,66.79823108625372,66.93570112599438,0,9,45,45,0,45,0,0,0,600.0
1200.0,-1200.0,1697.0562748477141,-45.0,0.0,1.0,0.0,1.0,0.0,61.04918592797872,61.32109212090376,61.379625284261586,0,9,45,45,0,45,0,0,0,900.0
1200.0,-1200.0,1697.0562748477141,-45.0,0.0,1.0,0.0,0.4222222222222222,0.0,59.260233288549806,60.31216247027885,60.31565367282531,0,9,45,45,0,19,0,0,0,1200.0
1200.0,-1200.0,1697.0562748477141,-45.0,0.0,1.0,0.0,1.0,0.0,77.88524808710818,79.53910925716882,80.096086815358,0,9,45,45,0,45,0,0,0,1500.0
1300.0,-1200.0,1769.1806012954132,-42.70938995736147,0.0,1.0,0.0,1.0,0.0,80.37204149486428,81.55575285085195,81.72437360160912,0,9,45,45,0,45,0,0,0,300.0
1300.0,-1200.0,1769.1806012954132,-42.70938995736147,0.0,1.0,0.0,1.0,0.0,71.48069083050932,72.21046432944631,72.39804213068382,0,9,45,45,0,45,0,0,0,600.0
1300.0,-1200.0,1769.1806012954132,-42.70938995736147,0.0,1.0,0.0,1.0,0.0,65.0833768106982,65.46527243372535,65.56912231088097,0,9,45,45,0,45,0,0,0,900.0
1300.0,-1200.0,1769.1806012954132,-42.70938995736147,0.0,1.0,0.0,1.0,0.0,61.95752884421591,62.056358767527854,62.06748850537456,0,9,45,45,0,45,0,0,0,1200.0
1300.0,-1200.0,1769.1806012954132,-42.70938995736147,0.0,1.0,0.0,1.0,0.0,73.67646102866559,75.13108814805322,75.45935475023757,0,9,45,45,0,45,0,0,0,1500.0
1400.0,-1200.0,1843.9088914585775,-40.60129464500447,0.0,1.0,0.0,1.0,0.0,87.29719982261246,88.71198516514706,88.91606876121567,0,9,45,45,0,45,0,0,0,300.0
1400.0,-1200.0,1843.9088914585775,-40.60129464500447,0.0,1.0,0.0,1.0,0.0,77.34086835265494,78.24169404891897,78.4870409830928,0,9,45,45,0,45,0,0,0,600.0
1400.0,-1200.0,1843.9088914585775,-40.60129464500447,0.0,1.0,0.0,1.0,0.0,69.71411663360176,70.22142149897928,70.38403359976475,0,9,45,45,0,45,0,0,0,900.0
1400.0,-1200.0,1843.9088914585775,-40.60129464500447,0.0,1.0,0.0,1.0,0.0,65.23914099872502,65.43609946261996,65.4763853188514,0,9,45,45,0,45,0,0,0,1200.0
1400.0,-1200.0,1843.9088914585775,-40.60129464500447,0.0,1.0,0.0,1.0,0.0,70.08742223413145,71.37888530392591,71.51857873439019,0,9,45,45,0,45,0,0,0,1500.0
1500.0,-1200.0,1920.9372712298546,-38.65980825409009,0.0,1.0,0.0,1.0,0.0,94.80851513049151,96.48577655449418,96.72863717172062,0,9,45,45,0,45,0,0,0,300.0
1500.0,-1200.0,1920.9372712298546,-38.65980825409009,0.0,1.0,0.0,1.0,0.0,83.79967995374682,84.89671028097484,85.20731602748864,0,9,45,45,0,45,0,0,0,600.0
1500.0,-1200.0,1920.9372712298546,-38.65980825409009,0.0,1.0,0.0,1.0,0.0,74.9527123477211,75.60365549381207,75.83835134118168,0,9,45,45,0,45,0,0,0,900.0
1500.0,-1200.0,1920.9372712298546,-38.65980825409009,0.0,1.0,0.0,1.0,0.0,69.10298636845104,69.40888624795113,69.49773908350447,0,9,45,45,0,45,0,0,0,1200.0
1500.0,-1200.0,1920.9372712298546,-38.65980825409009,0.0,1.0,0.0,0.4222222222222222,0.0,67.07745660229223,68.23539226393191,68.24017890853686,0,9,45,45,0,19,0,0,0,1500.0
1600.0,-1200.0,2000.0,-36.86989764584402,0.0,1.0,0.0,1.0,0.0,102.90585426839684,104.87974082232657,105.16467740349134,0,9,45,45,0,45,0,0,0,300.0
1600.0,-1200.0,2000.0,-36.86989764584402,0.0,1.0,0.0,1.0,0.0,90.85792760333798,92.17910714719545,92.56229139826144,0,9,45,45,0,45,0,0,0,600.0
1600.0,-1200.0,2000.0,-36.86989764584402,0.0,1.0,0.0,1.0,0.0,80.80655053324737,81.62222849432861,81.94202693577787,0,9,45,45,0,45,0,0,0,900.0
1600.0,-1200.0,2000.0,-36.86989764584402,0.0,1.0,0.0,1.0,0.0,73.57459918229239,74.0029600855174,74.16038930400528,0,9,45,45,0,45,0,0,0,1200.0
1600.0,-1200.0,2000.0,-36.86989764584402,0.0,1.0,0.0,1.0,0.0,70.0409317159024,70.15241005759569,70.16822984107715,0,9,45,45,0,45,0,0,0,1500.0
1700.0,-1200.0,2080.865204668481,-35.21759296819271,0.0,1.0,0.0,1.0,0.0,111.58898429004792,113.89640478096406,114.22670805355928,0,9,45,45,0,45,0,0,0,300.0
1700.0,-1200.0,2080.865204668481,-35.21759296819271,0.0,1.0,0.0,1.0,0.0,98.51555378756964,100.09162500041089,100.554554110422,0,9,45,45,0,45,0,0,0,600.0
1700.0,-1200.0,2080.865204668481,-35.21759296819271,0.0,1.0,0.0,1.0,0.0,87.27975801807693,88.28416517348344,88.70168668329421,0,9,45,45,0,45,0,0,0,900.0
1700.0,-1200.0,2080.865204668481,-35.21759296819271,0.0,1.0,0.0,1.0,0.0,78.67291071106679,79.24012398665138,79.48618393846426,0,9,45,45,0,45,0,0,0,1200.0
1700.0,-1200.0,2080.865204668481,-35.21759296819271,0.0,1.0,0.0,1.0,0.0,73.62286668042616,73.84419683936002,73.90135994865064,0,9,45,45,0,45,0,0,0,1500.0
1800.0,-1200.0,2163.3307652783938,-33.690067525979785,0.0,1.0,0.0,1.0,0.0,120.85761717628098,123.53825337240634,123.9172124202104,0,9,45,45,0,45,0,0,0,300.0
1800.0,-1200.0,2163.3307652783938,-33.690067525979785,0.0,1.0,0.0,1.0,0.0,106.77192882037205,108.63643584152075,109.18614721582783,0,9,45,45,0,45,0,0,0,600.0
1800.0,-1200.0,2163.3307652783938,-33.690067525979785,0.0,1.0,0.0,1.0,0.0,94.37394363656506,95.59398275635009,96.1214201239427,0,9,45,45,0,45,0,0,0,900.0
1800.0,-1200.0,2163.3307652783938,-33.690067525979785,0.0,1.0,0.0,1.0,0.0,84.41062131043647,85.13973757070403,85.49042942000415,0,9,45,45,0,45,0,0,0,1200.0
1800.0,-1200.0,2163.3307652783938,-33.690067525979785,0.0,1.0,0.0,1.0,0.0,77.82274758392924,78.16514015254614,78.29095152797841,0,9,45,45,0,45,0,0,0,1500.0
-500.0,-1100.0,1208.3045973594571,-114.44395478041653,0.0,1.0,0.0,1.0,0.0,67.22292493481064,69.92980809882022,70.33323898156667,0,9,45,45,0,45,0,0,0,300.0
-500.0,-1100.0,1208.3045973594571,-114.44395478041653,0.0,1.0,0.0,1.0,0.0,100.13961068171923,105.12472455998163,106.72919515129504,0,9,45,45,0,45,0,0,0,600.0
-500.0,-1100.0,1208.3045973594571,-114.44395478041653,0.0,1.0,0.0,1.0,0.0,144.42380593624196,152.7908374612229,156.82315975660046,0,9,45,45,0,45,0,0,0,900.0
-500.0,-1100.0,1208.3045973594571,-114.44395478041653,0.0,1.0,0.0,1.0,0.0,200.00904068514373,213.93272693726323,221.40014793560448,0,9,45,45,0,45,0,0,0,1200.0
-500.0,-1100.0,1208.3045973594571,-114.44395478041653,0.0,1.0,0.0,1.0,0.0,266.99603387094464,289.1904477264281,301.4659320177905,0,9,45,45,0,45,0,0,0,1500.0
-400.0,-1100.0,1170.4699910719626,-109.98310652189998,0.0,1.0,0.0,1.0,0.0,61.571050287896604,63.805986169909566,64.12208122140476,0,9,45,45,0,45,0,0,0,300.0
-400.0,-1100.0,1170.4699910719626,-109.98310652189998,0.0,1.0,0.0,1.0,0.0,91.74451556566711,95.96355118569359,97.31106696893707,0,9,45,45,0,45,0,0,0,600.0
-400.0,-1100.0,1170.4699910719626,-109.98310652189998,0.0,1.0,0.0,1.0,0.0,133.23260589112198,140.44418857285908,143.94605533701522,0,9,45,45,0,45,0,0,0,900.0
-400.0,-1100.0,1170.4699910719626,-109.98310652189998,0.0,1.0,0.0,1.0,0.0,185.9603433425963,198.21472033836483,204.79130046501132,0,9,45,45,0,45,0,0,0,1200.0
-400.0,-1100.0,1170.4699910719626,-109.98310652189998,0.0,1.0,0.0,1.0,0.0,250.04097517201845,269.8815581090439,280.8497009057482,0,9,45,45,0,45,0,0,0,1500.0
-300.0,-1100.0,1140.175425099138,-105.25511870305779,0.0,1.0,0.0,1.0,0.0,56.56156483382104,58.39532469694136,58.63512326601924,0,9,45,45,0,45,0,0,0,300.0
-300.0,-1100.0,1140.175425099138,-105.25511870305779,0.0,1.0,0.0,1.0,0.0,84.01216217110996,87.56839947914654,88.68284175042315,0,9,45,45,0,45,0,0,0,600.0
-300.0,-1100.0,1140.175425099138,-105.25511870305779,0.0,1.0,0.0,1.0,0.0,122.71981384037555,128.9127677188952,131.92247641368567,0,9,45,45,0,45,0,0,0,900.0
-300.0,-1100.0,1140.175425099138,-105.25511870305779,0.0,1.0,0.0,1.0,0.0,172.59835971667067,183.33797368405197,189.09568027667186,0,9,45,45,0,45,0,0,0,1200.0
-300.0,-1100.0,1140.175425099138,-105.25511870305779,0.0,1.0,0.0,1.0,0.0,233.77732103097532,251.44545374739658,261.2068528889527,0,9,45,45,0,45,0,0,0,1500.0
-200.0,-1100.0,1118.033988749895,-100.30484646876603,0.0,1.0,0.0,1.0,0.0,52.19222156799601,53.68592773798867,53.86020200572443,0,9,45,45,0,45,0,0,0,300.0
-200.0,-1100.0,1118.033988749895,-100.30484646876603,0.0,1.0,0.0,1.0,0.0,76.94262472006798,79.92938282286619,80.83414063724572,0,9,45,45,0,45,0,0,0,600.0
-200.0,-1100.0,1118.033988749895,-100.30484646876603,0.0,1.0,0.0,1.0,0.0,112.88810762838268,118.17750039345124,120.7438742991978,0,9,45,45,0,45,0,0,0,900.0
-200.0,-1100.0,1118.033988749895,-100.30484646876603,0.0,1.0,0.0,1.0,0.0,159.92642375178406,169.29078338670607,174.30447129012492,0,9,45,45,0,45,0,0,0,1200.0
-200.0,-1100.0,1118.033988749895,-100.30484646876603,0.0,1.0,0.0,1.0,0.0,218.2078956613473,233.87657065936395,242.52702139343572,0,9,45,45,0,45,0,0,0,1500.0
-100.0,-1100.0,1104.536101718726,-95.1944289077348,0.0,1.0,0.0,1.0,0.0,48.45998518566881,49.665242175712365,49.78449184104167,0,9,45,45,0,45,0,0,0,300.0
-100.0,-1100.0,1104.536101718726,-95.1944289077348,0.0,1.0,0.0,1.0,0.0,70.5351799592452,73.0360285581996,73.75398066049137,0,9,45,45,0,45,0,0,0,600.0
-100.0,-1100.0,1104.536101718726,-95.1944289077348,0.0,1.0,0.0,1.0,0.0,103.74030954262211,108.23290858751297,110.40207309403944,0,9,45,45,0,45,0,0,0,900.0
-100.0,-1100.0,1104.536101718726,-95.1944289077348,0.0,1.0,0.0,1.0,0.0,147.94849921305834,156.06938635188408,160.40973226086246,0,9,45,45,0,45,0,0,0,1200.0
-100.0,-1100.0,1104.536101718726,-95.1944289077348,0.0,1.0,0.0,1.0,0.0,203.3362376760635,217.17020439742748,224.80081518093354,0,9,45,45,0,45,0,0,0,1500.0
0.0,-1100.0,1100.0,-90.0,0.0,1.0,0.0,1.0,0.0,45.360973746759775,46.3199734310238,46.39442660085493,0,9,45,45,0,45,0,0,0,300.0
0.0,-1100.0,1100.0,-90.0,0.0,1.0,0.0,1.0,0.0,64.78782544124688,66.87680311286013,67.43028450336647,0,9,45,45,0,45,0,0,0,600.0
0.0,-1100.0,1100.0,-90.0,0.0,1.0,0.0,1.0,0.0,95.27914418138808,99.07358066079007,100.88902997510807,0,9,45,45,0,45,0,0,0,900.0
0.0,-1100.0,1100.0,-90.0,0.0,1.0,0.0,1.0,0.0,136.66916753556416,143.67078046039134,147.40438884062536,0,9,45,45,0,45,0,0,0,1200.0
0.0,-1100.0,1100.0,-90.0,0.0,1.0,0.0,1.0,0.0,189.16667134710232,201.32258243287555,208.0198903185377,0,9,45,45,0,45,0,0,0,1500.0
100.0,-1100.0,1104.536101718726,-84.8055710922652,0.0,1.0,0.0,1.0,0.0,42.890570331689844,43.63616051563931,43.675787475167496,0,9,45,45,0,45,0,0,0,300.0
100.0,-1100.0,1104.536101718726,-84.8055710922652,0.0,1.0,0.0,1.0,0.0,59.69669652217475,61.438533200970795,61.84928186572405,0,9,45,45,0,45,0,0,0,600.0
100.0,-1100.0,1104.536101718726,-84.8055710922652,0.0,1.0,0.0,1.0,0.0,87.50685842087238,90.71360814436804,92.19645525696389,0,9,45,45,0,45,0,0,0,900.0
100.0,-1100.0,1104.536101718726,-84.8055710922652,0.0,1.0,0.0,1.0,0.0,126.09356262882473,132.09266399109708,135.28217430086656,0,9,45,45,0,45,0,0,0,1200.0
100.0,-1100.0,1104.536101718726,-84.8055710922652,0.0,1.0,0.0,1.0,0.0,175.704372139898,186.33093237435963,192.17701893723972,0,9,45,45,0,45,0,0,0,1500.0
200.0,-1100.0,1118.033988749895,-79.69515353123397,0.0,1.0,0.0,1.0,0.0,41.04377419113412,41.59948189097497,41.61402938530646,0,9,45,45,0,45,0,0,0,300.0
200.0,-1100.0,1118.033988749895,-79.69515353123397,0.0,1.0,0.0,1.0,0.0,55.255443722818086,56.70578004963035,56.99486212132619,0,9,45,45,0,45,0,0,0,600.0
200.0,-1100.0,1118.033988749895,-79.69515353123397,0.0,1.0,0.0,1.0,0.0,80.42466194758322,83.1306420881488,84.31524760987153,0,9,45,45,0,45,0,0,0,900.0
200.0,-1100.0,1118.033988749895,-79.69515353123397,0.0,1.0,0.0,1.0,0.0,116.22722171123237,121.33329174626226,124.03748705078657,0,9,45,45,0,45,0,0,0,1200.0
200.0,-1100.0,1118.033988749895,-79.69515353123397,0.0,1.0,0.0,1.0,0.0,162.95541610375224,172.18060735474234,177.2661446414379,0,9,45,45,0,45,0,0,0,1500.0
300.0,-1100.0,1140.175425099138,-74.74488129694222,0.0,1.0,0.8,0.4222222222222222,0.2222222222222222,39.81559266411617,40.19547287236007,40.19583562412623,0,9,45,45,36,19,10,26,0,300.0
300.0,-1100.0,1140.175425099138,-74.74488129694222,0.0,1.0,0.0,1.0,0.0,51.45470011764578,52.660288859328595,52.848007778303284,0,9,45,45,0,45,0,0,0,600.0
300.0,-1100.0,1140.175425099138,-74.74488129694222,0.0,1.0,0.0,1.0,0.0,74.03195455857363,76.31402102675382,77.23470657531222,0,9,45,45,0,45,0,0,0,900.0
300.0,-1100.0,1140.175425099138,-74.74488129694222,0.0,1.0,0.0,1.0,0.0,107.0758099474423,111.39120451816528,113.66512072253984,0,9,45,45,0,45,0,0,0,1200.0
300.0,-1100.0,1140.175425099138,-74.74488129694222,0.0,1.0,0.0,1.0,0.0,150.92679653002995,158.8901502124348,163.28240802463068,0,9,45,45,0,45,0,0,0,1500.0
400.0,-1100.0,1170.4699910719626,-70.01689347810003,0.0,1.0,0.0,1.0,0.0,41.01726302429298,41.088525169411724,41.090823902410975,0,9,45,45,0,45,0,0,0,300.0
400.0,-1100.0,1170.4699910719626,-70.01689347810003,0.0,1.0,0.0,1.0,0.0,48.281843056574935,49.28070759418013,49.386515912462336,0,9,45,45,0,45,0,0,0,600.0
400.0,-1100.0,1170.4699910719626,-70.01689347810003,0.0,1.0,0.0,1.0,0.0,68.32533455167427,70.25127915511251,70.94151252353606,0,9,45,45,0,45,0,0,0,900.0
400.0,-1100.0,1170.4699910719626,-70.01689347810003,0.0,1.0,0.0,1.0,0.0,98.64466509864236,102.26477604718718,104.15980946919917,0,9,45,45,0,45,0,0,0,1200.0
400.0,-1100.0,1170.4699910719626,-70.01689347810003,0.0,1.0,0.0,1.0,0.0,139.62638255366545,146.46021858015956,150.22211648820027,0,9,45,45,0,45,0,0,0,1500.0
500.0,-1100.0,1208.3045973594571,-65.55604521958347,0.0,1.0,0.0,1.0,0.0,42.86056711184621,43.002863853309464,43.0111744262313,0,9,45,45,0,45,0,0,0,300.0
500.0,-1100.0,1208.3045973594571,-65.55604521958347,0.0,1.0,0.0,1.0,0.0,45.7212987912843,46.542812519082844,46.58526196668828,0,9,45,45,0,45,0,0,0,600.0
500.0,-1100.0,1208.3045973594571,-65.55604521958347,0.0,1.0,0.0,1.0,0.0,63.297441754895495,64.92631284323463,65.41852538207628,0,9,45,45,0,45,0,0,0,900.0
500.0,-1100.0,1208.3045973594571,-65.55604521958347,0.0,1.0,0.0,1.0,0.0,90.93810062924426,93.9552130958267,95.51552138643933,0,9,45,45,0,45,0,0,0,1200.0
500.0,-1100.0,1208.3045973594571,-65.55604521958347,0.0,1.0,0.0,1.0,0.0,129.06278264673242,134.8910027330313,138.08261984840266,0,9,45,45,0,45,0,0,0,1500.0
600.0,-1100.0,1252.9964086141667,-61.38954033403479,0.0,1.0,0.0,1.0,0.0,45.326061226647155,45.54821504908235,45.56647968358153,0,9,45,45,0,45,0,0,0,300.0
600.0,-1100.0,1252.9964086141667,-61.38954033403479,0.0,1.0,0.0,0.4222222222222222,0.0,43.75483060740576,44.41929964067706,44.42052355224138,0,9,45,45,0,19,0,0,0,600.0
600.0,-1100.0,1252.9964086141667,-61.38954033403479,0.0,1.0,0.0,1.0,0.0,58.935784245684516,60.31822837029101,60.64355419005737,0,9,45,45,0,45,0,0,0,900.0
600.0,-1100.0,1252.9964086141667,-61.38954033403479,0.0,1.0,0.0,1.0,0.0,83.95840951043728,86.46900730264338,87.72443494719495,0,9,45,45,0,45,0,0,0,1200.0
600.0,-1100.0,1252.9964086141667,-61.38954033403479,0.0,1.0,0.0,1.0,0.0,119.24547956746774,124.18335127097154,126.86203701948845,0,9,45,45,0,45,0,0,0,1500.0
700.0,-1100.0,1303.8404810405298,-57.52880770915151,0.0,1.0,0.0,1.0,0.0,48.41848796915005,48.732364745353394,48.76465986896841,0,9,45,45,0,45,0,0,0,300.0
700.0,-1100.0,1303.8404810405298,-57.52880770915151,0.0,1.0,0.0,1.0,0.0,45.691020154716654,45.77019529533383,45.77534895449805,0,9,45,45,0,45,0,0,0,600.0
700.0,-1100.0,1303.8404810405298,-57.52880770915151,0.0,1.0,0.0,1.0,0.0,55.22181741165802,56.400423347673545,56.588377459244555,0,9,45,45,0,45,0,0,0,900.0
700.0,-1100.0,1303.8404810405298,-57.52880770915151,0.0,1.0,0.0,1.0,0.0,77.70453841324576,79.78362302684049,80.77556046856796,0,9,45,45,0,45,0,0,0,1200.0
700.0,-1100.0,1303.8404810405298,-57.52880770915151,0.0,1.0,0.0,1.0,0.0,110.18224241687689,114.3306244116761,116.55876084022384,0,9,45,45,0,45,0,0,0,1500.0
800.0,-1100.0,1360.1470508735442,-53.97262661489639,0.0,1.0,0.0,1.0,0.0,52.14213033105374,52.56269140227135,52.61316161277586,0,9,45,45,0,45,0,0,0,300.0
800.0,-1100.0,1360.1470508735442,-53.97262661489639,0.0,1.0,0.0,1.0,0.0,48.246670651872485,48.406052338273966,48.424880160973906,0,9,45,45,0,45,0,0,0,600.0
800.0,-1100.0,1360.1470508735442,-53.97262661489639,0.0,1.0,0.0,1.0,0.0,52.13064632864261,53.14025359970589,53.21840466908873,0,9,45,45,0,45,0,0,0,900.0
800.0,-1100.0,1360.1470508735442,-53.97262661489639,0.0,1.0,0.0,1.0,0.0,72.17046750106188,73.93370889949934,74.65303760707639,0,9,45,45,0,45,0,0,0,1200.0
800.0,-1100.0,1360.1470508735442,-53.97262661489639,0.0,1.0,0.0,1.0,0.0,101.8825171552876,105.33370250801246,107.17065237065572,0,9,45,45,0,45,0,0,0,1500.0
900.0,-1100.0,1421.2670403551895,-50.71059313749964,0.0,1.0,0.0,1.0,0.0,56.50046078212359,57.04580724495884,57.118611541240206,0,9,45,45,0,45,0,0,0,300.0
900.0,-1100.0,1421.2670403551895,-50.71059313749964,0.0,1.0,0.0,1.0,0.0,51.41310577402596,51.66329719092618,51.704990886618326,0,9,45,45,0,45,0,0,0,600.0
900.0,-1100.0,1421.2670403551895,-50.71059313749964,0.0,1.0,0.0,0.4222222222222222,0.0,49.6302113306566,50.49744147103742,50.499806836066355,0,9,45,45,0,19,0,0,0,900.0
900.0,-1100.0,1421.2670403551895,-50.71059313749964,0.0,1.0,0.0,1.0,0.0,67.34344393202093,68.85520911740656,69.33426255128545,0,9,45,45,0,45,0,0,0,1200.0
900.0,-1100.0,1421.2670403551895,-50.71059313749964,0.0,1.0,0.0,1.0,0.0,94.35208010788165,97.19723277184889,98.69383231939476,0,9,45,45,0,45,0,0,0,1500.0
1000.0,-1100.0,1486.6068747318504,-47.72631099390627,0.0,1.0,0.0,1.0,0.0,61.49602948225805,62.1874374749212,62.28671294334832,0,9,45,45,0,45,0,0,0,300.0
1000.0,-1100.0,1486.6068747318504,-47.72631099390627,0.0,1.0,0.0,1.0,0.0,55.20557010288297,55.560222665168354,55.63432014083084,0,9,45,45,0,45,0,0,0,600.0
1000.0,-1100.0,1486.6068747318504,-47.72631099390627,0.0,1.0,0.0,1.0,0.0,52.09577832811751,52.18581659392011,52.194686720304524,0,9,45,45,0,45,0,0,0,900.0
1000.0,-1100.0,1486.6068747318504,-47.72631099390627,0.0,1.0,0.0,1.0,0.0,63.20236760832551,64.50853897324689,64.78816558094321,0,9,45,45,0,45,0,0,0,1200.0
1000.0,-1100.0,1486.6068747318504,-47.72631099390627,0.0,1.0,0.0,1.0,0.0,87.59353526894971,89.9173461058484,91.12100191470279,0,9,45,45,0,45,0,0,0,1500.0
1100.0,-1100.0,1555.6349186104046,-45.0,0.0,1.0,0.0,1.0,0.0,67.13052226316384,67.99247032437049,68.12231289583431,0,9,45,45,0,45,0,0,0,300.0
1100.0,-1100.0,1555.6349186104046,-45.0,0.0,1.0,0.0,1.0,0.0,59.636286107172936,60.11221338923622,60.22835968514063,0,9,45,45,0,45,0,0,0,600.0
1100.0,-1100.0,1555.6349186104046,-45.0,0.0,1.0,0.0,1.0,0.0,55.18094938671925,55.36232999109876,55.39483580445206,0,9,45,45,0,45,0,0,0,900.0
1100.0,-1100.0,1555.6349186104046,-45.0,0.0,1.0,0.0,1.0,0.0,59.7167712648063,60.85614690660764,60.97412144477452,0,9,45,45,0,45,0,0,0,1200.0
1100.0,-1100.0,1555.6349186104046,-45.0,0.0,1.0,0.0,1.0,0.0,81.60388961825171,83.50987133492376,84.43929985433147,0,9,45,45,0,45,0,0,0,1500.0
1200.0,-1100.0,1627.8820596099706,-42.510447078000844,0.0,1.0,0.0,1.0,0.0,73.40490829390593,74.465098911136,74.62955762937233,0,9,45,45,0,45,0,0,0,300.0
1200.0,-1100.0,1627.8820596099706,-42.510447078000844,0.0,1.0,0.0,1.0,0.0,64.71414861202301,65.3314089262796,65.49917434663058,0,9,45,45,0,45,0,0,0,600.0
1200.0,-1100.0,1627.8820596099706,-42.510447078000844,0.0,1.0,0.0,1.0,0.0,58.88722537141996,59.17173745797338,59.24382001629125,0,9,45,45,0,45,0,0,0,900.0
1200.0,-1100.0,1627.8820596099706,-42.510447078000844,0.0,1.0,0.0,0.4222222222222222,0.0,56.844517774904084,57.84831971885281,57.85194841140693,0,9,45,45,0,19,0,0,0,1200.0
1200.0,-1100.0,1627.8820596099706,-42.510447078000844,0.0,1.0,0.0,1.0,0.0,76.37227567717845,77.98276588545458,78.62784341340281,0,9,45,45,0,45,0,0,0,1500.0
1300.0,-1100.0,1702.93863659264,-40.23635830927382,0.0,1.0,0.0,1.0,0.0,80.31961434331512,81.60899190202002,81.81207223144905,0,9,45,45,0,45,0,0,0,300.0
1300.0,-1100.0,1702.93863659264,-40.23635830927382,0.0,1.0,0.0,1.0,0.0,70.44496186745214,71.22691143776203,71.4556775702956,0,9,45,45,0,45,0,0,0,600.0
1300.0,-1100.0,1702.93863659264,-40.23635830927382,0.0,1.0,0.0,1.0,0.0,63.239111752581245,63.64169508151646,63.76980402819595,0,9,45,45,0,45,0,0,0,900.0
1300.0,-1100.0,1702.93863659264,-40.23635830927382,0.0,1.0,0.0,1.0,0.0,59.67678155283568,59.77965360647211,59.79328816093998,0,9,45,45,0,45,0,0,0,1200.0
1300.0,-1100.0,1702.93863659264,-40.23635830927382,0.0,1.0,0.0,1.0,0.0,71.87772136130957,73.27754165415979,73.6553042872524,0,9,45,45,0,45,0,0,0,1500.0
1400.0,-1100.0,1780.4493814764855,-38.15722658736906,0.0,1.0,0.0,1.0,0.0,87.87468734713762,89.42745428908881,89.67312648166654,0,9,45,45,0,45,0,0,0,300.0
1400.0,-1100.0,1780.4493814764855,-38.15722658736906,0.0,1.0,0.0,1.0,0.0,76.83197092824885,77.8052940704317,78.10420085829543,0,9,45,45,0,45,0,0,0,600.0
1400.0,-1100.0,1780.4493814764855,-38.15722658736906,0.0,1.0,0.0,1.0,0.0,68.25469616477675,68.7936087997946,68.99421920855664,0,9,45,45,0,45,0,0,0,900.0
1400.0,-1100.0,1780.4493814764855,-38.15722658736906,0.0,1.0,0.0,1.0,0.0,63.15549106639356,63.36204808250679,63.41196961499583,0,9,45,45,0,45,0,0,0,1200.0
1400.0,-1100.0,1780.4493814764855,-38.15722658736906,0.0,1.0,0.0,1.0,0.0,68.08746297311536,69.31796225085245,69.4780791685463,0,9,45,45,0,45,0,0,0,1500.0
1500.0,-1100.0,1860.1075237738273,-36.25383773744479,0.0,1.0,0.0,1.0,0.0,96.06992797447752,97.92356042824511,98.21577001476015,0,9,45,45,0,45,0,0,0,300.0
1500.0,-1100.0,1860.1075237738273,-36.25383773744479,0.0,1.0,0.0,1.0,0.0,83.8764831846213,85.07120709388268,85.4491454787155,0,9,45,45,0,45,0,0,0,600.0
1500.0,-1100.0,1860.1075237738273,-36.25383773744479,0.0,1.0,0.0,1.0,0.0,73.94594345285843,74.642870577979,74.93213350931183,0,9,45,45,0,45,0,0,0,900.0
1500.0,-1100.0,1860.1075237738273,-36.25383773744479,0.0,1.0,0.0,1.0,0.0,67.28778066009717,67.61054463668289,67.72106014553829,0,9,45,45,0,45,0,0,0,1200.0
1500.0,-1100.0,1860.1075237738273,-36.25383773744479,0.0,1.0,0.0,0.4222222222222222,0.0,64.95312870506916,66.04834203680991,66.05327581735432,0,9,45,45,0,19,0,0,0,1500.0
1600.0,-1100.0,1941.6487838947598,-34.5085229876684,0.0,1.0,0.0,1.0,0.0,104.9049914697346,107.1002551257788,107.4429336574364,0,9,45,45,0,45,0,0,0,300.0
1600.0,-1100.0,1941.6487838947598,-34.5085229876684,0.0,1.0,0.0,1.0,0.0,91.5784504276879,93.02795129615671,93.49358467497903,0,9,45,45,0,45,0,0,0,600.0
1600.0,-1100.0,1941.6487838947598,-34.5085229876684,0.0,1.0,0.0,1.0,0.0,80.31961434331501,81.19972649744595,81.59326452778784,0,9,45,45,0,45,0,0,0,900.0
1600.0,-1100.0,1941.6487838947598,-34.5085229876684,0.0,1.0,0.0,1.0,0.0,72.10368112539138,72.55851679508052,72.75448656741787,0,9,45,45,0,45,0,0,0,1200.0
1600.0,-1100.0,1941.6487838947598,-34.5085229876684,0.0,1.0,0.0,1.0,0.0,68.04199977555282,68.15898670244863,68.1785440849142,0,9,45,45,0,45,0,0,0,1500.0
1700.0,-1100.0,2024.8456731316587,-32.9052429229879,0.0,1.0,0.0,1.0,0.0,114.37945903887864,116.96042567638654,117.35750068107143,0,9,45,45,0,45,0,0,0,300.0
1700.0,-1100.0,2024.8456731316587,-32.9052429229879,0.0,1.0,0.0,1.0,0.0,99.93694979696278,101.67795526541613,102.2397558407374,0,9,45,45,0,45,0,0,0,600.0
1700.0,-1100.0,2024.8456731316587,-32.9052429229879,0.0,1.0,0.0,1.0,0.0,87.37843687711516,88.47041103682628,88.98323768192022,0,9,45,45,0,45,0,0,0,900.0
1700.0,-1100.0,2024.8456731316587,-32.9052429229879,0.0,1.0,0.0,1.0,0.0,77.62378848735008,78.2371847189336,78.53616815236936,0,9,45,45,0,45,0,0,0,1200.0
1700.0,-1100.0,2024.8456731316587,-32.9052429229879,0.0,1.0,0.0,1.0,0.0,71.82463267461428,72.05836884569858,72.12979296708656,0,9,45,45,0,45,0,0,0,1500.0
1800.0,-1100.0,2109.5023109728986,-31.429565614838516,0.0,1.0,0.0,1.0,0.0,124.4928856367621,127.50695046956986,127.96235415909638,0,9,45,45,0,45,0,0,0,300.0
1800.0,-1100.0,2109.5023109728986,-31.429565614838516,0.0,1.0,0.0,1.0,0.0,108.95054855001072,111.02313974669237,111.68942999048775,0,9,45,45,0,45,0,0,0,600.0
1800.0,-1100.0,2109.5023109728986,-31.429565614838516,0.0,1.0,0.0,1.0,0.0,95.12226194067667,96.46309805946444,97.10480705268603,0,9,45,45,0,45,0,0,0,900.0
1800.0,-1100.0,2109.5023109728986,-31.429565614838516,0.0,1.0,0.0,1.0,0.0,83.86028044464965,84.67015133410348,85.08118725873776,0,9,45,45,0,45,0,0,0,1200.0
1800.0,-1100.0,2109.5023109728986,-31.429565614838516,0.0,1.0,0.0,1.0,0.0,76.30942135792984,76.67282080073099,76.83048476647261,0,9,45,45,0,45,0,0,0,1500.0
-500.0,-1000.0,1118.033988749895,-116.56505117707799,0.0,1.0,0.0,1.0,0.0,66.54240035996665,69.4285580551272,69.91579402211144,0,9,45,45,0,45,0,0,0,300.0
-500.0,-1000.0,1118.033988749895,-116.56505117707799,0.0,1.0,0.0,1.0,0.0,102.56185774056078,108.03886464484292,109.98252379107576,0,9,45,45,0,45,0,0,0,600.0
-500.0,-1000.0,1118.033988749895,-116.56505117707799,0.0,1.0,0.0,1.0,0.0,151.0776823200409,160.62916321432812,165.40530131050164,0,9,45,45,0,45,0,0,0,900.0
-500.0,-1000.0,1118.033988749895,-116.56505117707799,0.0,1.0,0.0,1.0,0.0,212.08085113069745,228.36910790695077,237.22870036573454,0,9,45,45,0,45,0,0,0,1200.0
-500.0,-1000.0,1118.033988749895,-116.56505117707799,0.0,1.0,0.0,1.0,0.0,285.7065654033441,311.9896983694372,326.7202130662015,0,9,45,45,0,45,0,0,0,1500.0
-400.0,-1000.0,1077.0329614269008,-111.80140948635182,0.0,1.0,0.0,1.0,0.0,60.32636095282309,62.679395883251104,63.06058394431025,0,9,45,45,0,45,0,0,0,300.0
-400.0,-1000.0,1077.0329614269008,-111.80140948635182,0.0,1.0,0.0,1.0,0.0,93.3131756735671,97.89960864146468,99.52946931225597,0,9,45,45,0,45,0,0,0,600.0
-400.0,-1000.0,1077.0329614269008,-111.80140948635182,0.0,1.0,0.0,1.0,0.0,138.72936403742972,146.92388049763667,151.04216628002362,0,9,45,45,0,45,0,0,0,900.0
-400.0,-1000.0,1077.0329614269008,-111.80140948635182,0.0,1.0,0.0,1.0,0.0,196.56574392767376,210.85687819671372,218.62524675120937,0,9,45,45,0,45,0,0,0,1200.0
-400.0,-1000.0,1077.0329614269008,-111.80140948635182,0.0,1.0,0.0,1.0,0.0,266.97175197721515,290.40909727883695,303.53830317939634,0,9,45,45,0,45,0,0,0,1500.0
-300.0,-1000.0,1044.030650891055,-106.69924423399362,0.0,1.0,0.0,1.0,0.0,54.81960590891124,56.72524229779344,57.013967483744075,0,9,45,45,0,45,0,0,0,300.0
-300.0,-1000.0,1044.030650891055,-106.69924423399362,0.0,1.0,0.0,1.0,0.0,84.79728314892849,88.61847129064124,89.96409668275933,0,9,45,45,0,45,0,0,0,600.0
-300.0,-1000.0,1044.030650891055,-106.69924423399362,0.0,1.0,0.0,1.0,0.0,127.1295010941821,134.11763473670612,137.64177651232873,0,9,45,45,0,45,0,0,0,900.0
-300.0,-1000.0,1044.030650891055,-106.69924423399362,0.0,1.0,0.0,1.0,0.0,181.80714641426567,194.28156383447447,201.0569048067533,0,9,45,45,0,45,0,0,0,1200.0
-300.0,-1000.0,1044.030650891055,-106.69924423399362,0.0,1.0,0.0,1.0,0.0,248.99876697290082,269.81327835317245,281.466921435515,0,9,45,45,0,45,0,0,0,1500.0
-200.0,-1000.0,1019.803902718557,-101.30993247402021,0.0,1.0,0.0,1.0,0.0,50.019758315791975,51.55196532291282,51.761457673880194,0,9,45,45,0,45,0,0,0,300.0
-200.0,-1000.0,1019.803902718557,-101.30993247402021,0.0,1.0,0.0,1.0,0.0,77.01521298660772,80.18421975639764,81.27453556460333,0,9,45,45,0,45,0,0,0,600.0
-200.0,-1000.0,1019.803902718557,-101.30993247402021,0.0,1.0,0.0,1.0,0.0,116.2816173914464,122.20346213270841,125.1936544403623,0,9,45,45,0,45,0,0,0,900.0
-200.0,-1000.0,1019.803902718557,-101.30993247402021,0.0,1.0,0.0,1.0,0.0,167.808672492531,178.63695511235846,184.51199402188837,0,9,45,45,0,45,0,0,0,1200.0
-200.0,-1000.0,1019.803902718557,-101.30993247402021,0.0,1.0,0.0,1.0,0.0,231.79022915558184,250.19430884252137,260.491926058329,0,9,45,45,0,45,0,0,0,1500.0
-100.0,-1000.0,1004.987562112089,-95.71059313749964,0.0,1.0,0.0,1.0,0.0,45.923324815561756,47.14451300116782,47.28763408657905,0,9,45,45,0,45,0,0,0,300.0
-100.0,-1000.0,1004.987562112089,-95.71059313749964,0.0,1.0,0.0,1.0,0.0,69.96733402464378,72.58523902828041,73.44852268566963,0,9,45,45,0,45,0,0,0,600.0
-100.0,-1000.0,1004.987562112089,-95.71059313749964,0.0,1.0,0.0,1.0,0.0,106.18973784164876,111.17511173528658,113.68813399069613,0,9,45,45,0,45,0,0,0,900.0
-100.0,-1000.0,1004.987562112089,-95.71059313749964,0.0,1.0,0.0,1.0,0.0,154.57484321882603,163.91793736137868,168.98007431923398,0,9,45,45,0,45,0,0,0,1200.0
-100.0,-1000.0,1004.987562112089,-95.71059313749964,0.0,1.0,0.0,1.0,0.0,215.34964121899895,231.5204102795464,240.60042175073517,0,9,45,45,0,45,0,0,0,1500.0
0.0,-1000.0,1000.0,-90.0,0.0,1.0,0.0,1.0,0.0,42.52547902504925,43.486665536309346,43.57589923589859,0,9,45,45,0,45,0,0,0,300.0
0.0,-1000.0,1000.0,-90.0,0.0,1.0,0.0,1.0,0.0,63.65272260590411,65.80891705481558,66.47276658359073,0,9,45,45,0,45,0,0,0,600.0
0.0,-1000.0,1000.0,-90.0,0.0,1.0,0.0,1.0,0.0,96.8581897917685,101.02685268536311,103.11616746961425,0,9,45,45,0,45,0,0,0,900.0
0.0,-1000.0,1000.0,-90.0,0.0,1.0,0.0,1.0,0.0,142.1111442061476,150.120551726584,154.45200720642586,0,9,45,45,0,45,0,0,0,1200.0
0.0,-1000.0,1000.0,-90.0,0.0,1.0,0.0,1.0,0.0,199.6815063835016,213.80017892666635,221.78087333970106,0,9,45,45,0,45,0,0,0,1500.0
100.0,-1000.0,1004.987562112089,-84.28940686250037,0.0,1.0,0.6,1.0,0.6,39.82007560232761,40.56099902333436,40.60845717827636,0,9,45,45,27,45,27,0,0,300.0
100.0,-1000.0,1004.987562112089,-84.28940686250037,0.0,1.0,0.0,1.0,0.0,58.06831675552445,59.84081330821779,60.33208552143644,0,9,45,45,0,45,0,0,0,600.0
100.0,-1000.0,1004.987562112089,-84.28940686250037,0.0,1.0,0.0,1.0,0.0,88.29123568307266,91.75311433524314,93.4689629578993,0,9,45,45,0,45,0,0,0,900.0
100.0,-1000.0,1004.987562112089,-84.28940686250037,0.0,1.0,0.0,1.0,0.0,130.42404164977594,137.24201696891396,140.9199792801588,0,9,45,45,0,45,0,0,0,1200.0
100.0,-1000.0,1004.987562112089,-84.28940686250037,0.0,1.0,0.0,1.0,0.0,184.79145252969545,197.05223126871107,204.02323053425243,0,9,45,45,0,45,0,0,0,1500.0
200.0,-1000.0,1019.803902718557,-78.69006752597979,1.0,1.0,1.0,1.0,1.0,37.800058795509955,38.34922368364453,38.366681726999914,9,9,45,45,45,45,45,0,0,300.0
200.0,-1000.0,1019.803902718557,-78.69006752597979,0.0,1.0,0.0,1.0,0.0,53.20789442363465,54.663647037253014,55.00835538370721,0,9,45,45,0,45,0,0,0,600.0
200.0,-1000.0,1019.803902718557,-78.69006752597979,0.0,1.0,0.0,1.0,0.0,80.49246122748129,83.34788229799818,84.73737231304561,0,9,45,45,0,45,0,0,0,900.0
200.0,-1000.0,1019.803902718557,-78.69006752597979,0.0,1.0,0.0,1.0,0.0,119.52092104544369,125.28067619861986,128.37745176136252,0,9,45,45,0,45,0,0,0,1200.0
200.0,-1000.0,1019.803902718557,-78.69006752597979,0.0,1.0,0.0,1.0,0.0,170.68635603771796,181.27221963718387,187.31905673416014,0,9,45,45,0,45,0,0,0,1500.0
300.0,-1000.0,1044.030650891055,-73.30075576600639,0.0,1.0,1.0,0.4222222222222222,0.4222222222222222,36.458123722962505,36.83262882587994,36.833019778162644,0,9,45,45,45,19,19,26,0,300.0
300.0,-1000.0,1044.030650891055,-73.30075576600639,0.0,1.0,0.0,1.0,0.0,49.06102961538415,50.256249016718186,50.47941917699839,0,9,45,45,0,45,0,0,0,600.0
300.0,-1000.0,1044.030650891055,-73.30075576600639,0.0,1.0,0.0,1.0,0.0,73.46383573561478,75.80856217870499,76.91093972651555,0,9,45,45,0,45,0,0,0,900.0
300.0,-1000.0,1044.030650891055,-73.30075576600639,0.0,1.0,0.0,1.0,0.0,109.40989399954188,114.23581303428972,116.81897979487252,0,9,45,45,0,45,0,0,0,1200.0
300.0,-1000.0,1044.030650891055,-73.30075576600639,0.0,1.0,0.0,1.0,0.0,157.37445065902767,166.4573923195236,171.66164793325908,0,9,45,45,0,45,0,0,0,1500.0
400.0,-1000.0,1077.0329614269008,-68.19859051364818,1.0,1.0,1.0,1.0,1.0,37.775380313041985,37.8469716892197,37.849726300533355,9,9,45,45,45,45,45,0,0,300.0
400.0,-1000.0,1077.0329614269008,-68.19859051364818,0.0,1.0,0.0,1.0,0.0,45.61233674430837,46.59277052931262,46.71827200780931,0,9,45,45,0,45,0,0,0,600.0
400.0,-1000.0,1077.0329614269008,-68.19859051364818,0.0,1.0,0.0,1.0,0.0,67.20437880432327,69.15325596577671,69.97653630474339,0,9,45,45,0,45,0,0,0,900.0
400.0,-1000.0,1077.0329614269008,-68.19859051364818,0.0,1.0,0.0,1.0,0.0,100.09939483773186,104.10725664265192,106.23981925954767,0,9,45,45,0,45,0,0,0,1200.0
400.0,-1000.0,1077.0329614269008,-68.19859051364818,0.0,1.0,0.0,1.0,0.0,144.86539598700006,152.60666947470486,157.0461166562188,0,9,45,45,0,45,0,0,0,1500.0
500.0,-1000.0,1118.033988749895,-63.43494882292201,1.0,1.0,1.0,1.0,1.0,39.79154848852008,39.93616423235629,39.94625888786452,9,9,45,45,45,45,45,0,0,300.0
500.0,-1000.0,1118.033988749895,-63.43494882292201,0.0,1.0,0.0,1.0,0.0,42.841457914597505,43.64258170217468,43.692987109401415,0,9,45,45,0,45,0,0,0,600.0
500.0,-1000.0,1118.033988749895,-63.43494882292201,0.0,1.0,0.0,1.0,0.0,61.70843523114065,63.332086717585085,63.91657452429424,0,9,45,45,0,45,0,0,0,900.0
500.0,-1000.0,1118.033988749895,-63.43494882292201,0.0,1.0,0.0,1.0,0.0,91.59746327074174,94.89466754542185,96.63520979457228,0,9,45,45,0,45,0,0,0,1200.0
500.0,-1000.0,1118.033988749895,-63.43494882292201,0.0,1.0,0.0,1.0,0.0,133.17026390416615,139.72064020783282,143.46939875312006,0,9,45,45,0,45,0,0,0,1500.0
600.0,-1000.0,1166.19037896906,-59.03624346792648,0.0,1.0,0.0,1.0,0.0,42.4914808805043,42.71971957515091,42.74203866206563,0,9,45,45,0,45,0,0,0,300.0
600.0,-1000.0,1166.19037896906,-59.03624346792648,0.0,1.0,0.0,0.4222222222222222,0.0,40.723439682341635,41.370090681230124,41.3713962639707,0,9,45,45,0,19,0,0,0,600.0
600.0,-1000.0,1166.19037896906,-59.03624346792648,0.0,1.0,0.0,1.0,0.0,56.96370337194739,58.32250445089825,58.706946836019256,0,9,45,45,0,45,0,0,0,900.0
600.0,-1000.0,1166.19037896906,-59.03624346792648,0.0,1.0,0.0,1.0,0.0,83.9105916410078,86.59637557624937,87.99920035431471,0,9,45,45,0,45,0,0,0,1200.0
600.0,-1000.0,1166.19037896906,-59.03624346792648,0.0,1.0,0.0,1.0,0.0,122.30137838633583,127.80141546859537,130.9301159184073,0,9,45,45,0,45,0,0,0,1500.0
700.0,-1000.0,1220.6555615733703,-55.00797980144134,0.0,1.0,0.0,1.0,0.0,45.881889296975224,46.208046531799766,46.24763679528223,0,9,45,45,0,45,0,0,0,300.0
700.0,-1000.0,1220.6555615733703,-55.00797980144134,0.0,1.0,0.0,1.0,0.0,42.812736212431446,42.893619798443595,42.89990711464826,0,9,45,45,0,45,0,0,0,600.0
700.0,-1000.0,1220.6555615733703,-55.00797980144134,0.0,1.0,0.0,1.0,0.0,52.9493845074552,54.09398405131866,54.31507109311598,0,9,45,45,0,45,0,0,0,900.0
700.0,-1000.0,1220.6555615733703,-55.00797980144134,0.0,1.0,0.0,1.0,0.0,77.04202477177857,79.21677009028889,80.32288899134468,0,9,45,45,0,45,0,0,0,1200.0
700.0,-1000.0,1220.6555615733703,-55.00797980144134,0.0,1.0,0.0,1.0,0.0,112.27191401539997,116.85224002579372,119.42819317897579,0,9,45,45,0,45,0,0,0,1500.0
800.0,-1000.0,1280.6248474865697,-51.34019174590991,0.0,1.0,0.0,1.0,0.0,49.96847489848072,50.410616662500246,50.47258693537276,0,9,45,45,0,45,0,0,0,300.0
800.0,-1000.0,1280.6248474865697,-51.34019174590991,0.0,1.0,0.0,1.0,0.0,45.5782616871452,45.74291969977763,45.766205425926394,0,9,45,45,0,45,0,0,0,600.0
800.0,-1000.0,1280.6248474865697,-51.34019174590991,0.0,1.0,0.0,1.0,0.0,49.63506673014206,50.606906665991104,50.69869279934715,0,9,45,45,0,45,0,0,0,900.0
800.0,-1000.0,1280.6248474865697,-51.34019174590991,0.0,1.0,0.0,1.0,0.0,70.98946831152693,72.7510300792344,73.59201699479722,0,9,45,45,0,45,0,0,0,1200.0
800.0,-1000.0,1280.6248474865697,-51.34019174590991,0.0,1.0,0.0,1.0,0.0,103.09512461822716,106.87673059201907,108.96409089734038,0,9,45,45,0,45,0,0,0,1500.0
900.0,-1000.0,1345.362404707371,-48.01278750418334,0.0,1.0,0.0,1.0,0.0,54.75551972366191,55.33554079613912,55.42498782957186,0,9,45,45,0,45,0,0,0,300.0
900.0,-1000.0,1345.362404707371,-48.01278750418334,0.0,1.0,0.0,1.0,0.0,49.019818657318126,49.28088616990012,49.33273529377531,0,9,45,45,0,45,0,0,0,600.0
900.0,-1000.0,1345.362404707371,-48.01278750418334,0.0,1.0,0.0,0.4222222222222222,0.0,46.97947571050277,47.810516579446315,47.81300428098786,0,9,45,45,0,19,0,0,0,900.0
900.0,-1000.0,1345.362404707371,-48.01278750418334,0.0,1.0,0.0,1.0,0.0,65.74232267791257,67.21977608372691,67.78403078277314,0,9,45,45,0,45,0,0,0,1200.0
900.0,-1000.0,1345.362404707371,-48.01278750418334,0.0,1.0,0.0,1.0,0.0,94.78304585107966,97.87855426011895,99.53747547266137,0,9,45,45,0,45,0,0,0,1500.0
1000.0,-1000.0,1414.213562373095,-45.0,0.0,1.0,0.0,1.0,0.0,60.245872164504505,60.989539482818344,61.11150485586418,0,9,45,45,0,45,0,0,0,300.0
1000.0,-1000.0,1414.213562373095,-45.0,0.0,1.0,0.0,1.0,0.0,53.15732967901873,53.53118611683041,53.62353989121392,0,9,45,45,0,45,0,0,0,600.0
1000.0,-1000.0,1414.213562373095,-45.0,0.0,1.0,0.0,1.0,0.0,49.60150438824917,49.694919805369636,49.705922811428884,0,9,45,45,0,45,0,0,0,900.0
1000.0,-1000.0,1414.213562373095,-45.0,0.0,1.0,0.0,1.0,0.0,61.278826606761974,62.537864032374415,62.86502158715857,0,9,45,45,0,45,0,0,0,1200.0
1000.0,-1000.0,1414.213562373095,-45.0,0.0,1.0,0.0,1.0,0.0,87.34451649760841,89.83191270213807,91.14514633971352,0,9,45,45,0,45,0,0,0,1500.0
1100.0,-1000.0,1486.6068747318504,-42.27368900609374,0.0,1.0,0.0,1.0,0.0,66.44116283710369,67.37814721888142,67.53760089573858,0,9,45,45,0,45,0,0,0,300.0
1100.0,-1000.0,1486.6068747318504,-42.27368900609374,0.0,1.0,0.0,1.0,0.0,58.00565126449059,58.51257333213971,58.657398229257225,0,9,45,45,0,45,0,0,0,600.0
1100.0,-1000.0,1486.6068747318504,-42.27368900609374,0.0,1.0,0.0,1.0,0.0,52.90929447091482,53.0992936143894,53.140123537382735,0,9,45,45,0,45,0,0,0,900.0
1100.0,-1000.0,1486.6068747318504,-42.27368900609374,0.0,1.0,0.0,1.0,0.0,57.563811931771056,58.64987295903957,58.78731425096244,0,9,45,45,0,45,0,0,0,1200.0
1100.0,-1000.0,1486.6068747318504,-42.27368900609374,0.0,1.0,0.0,1.0,0.0,80.78242956502908,82.75663979576538,83.77810209293524,0,9,45,45,0,45,0,0,0,1500.0
1200.0,-1000.0,1562.049935181331,-39.80557109226519,0.0,1.0,0.0,1.0,0.0,73.3421039802929,74.50600446607082,74.70784673940923,0,9,45,45,0,45,0,0,0,300.0
1200.0,-1000.0,1562.049935181331,-39.80557109226519,0.0,1.0,0.0,1.0,0.0,63.57458461444782,64.23884615947053,64.44789378481488,0,9,45,45,0,45,0,0,0,600.0
1200.0,-1000.0,1562.049935181331,-39.80557109226519,0.0,1.0,0.0,1.0,0.0,56.91507677659508,57.215604335541094,57.30652754863545,0,9,45,45,0,45,0,0,0,900.0
1200.0,-1000.0,1562.049935181331,-39.80557109226519,0.0,1.0,0.0,0.4222222222222222,0.0,54.545506799418995,55.495275613878874,55.49904679008758,0,9,45,45,0,19,0,0,0,1200.0
1200.0,-1000.0,1562.049935181331,-39.80557109226519,0.0,1.0,0.0,1.0,0.0,75.09029960414516,76.66817760608498,77.41782022768504,0,9,45,45,0,45,0,0,0,1500.0
1300.0,-1000.0,1640.1219466856726,-37.568592028827496,0.0,1.0,0.0,1.0,0.0,80.94877887326537,82.37714335773532,82.62621712755364,0,9,45,45,0,45,0,0,0,300.0
1300.0,-1000.0,1640.1219466856726,-37.568592028827496,0.0,1.0,0.0,1.0,0.0,69.86962914456575,70.7195563915356,71.00423828142586,0,9,45,45,0,45,0,0,0,600.0
1300.0,-1000.0,1640.1219466856726,-37.568592028827496,0.0,1.0,0.0,1.0,0.0,61.64875330955403,62.077686052205614,62.23943516121175,0,9,45,45,0,45,0,0,0,900.0
1300.0,-1000.0,1640.1219466856726,-37.568592028827496,0.0,1.0,0.0,1.0,0.0,57.52491568478602,57.63291394007008,57.650048244500645,0,9,45,45,0,45,0,0,0,1200.0
1300.0,-1000.0,1640.1219466856726,-37.568592028827496,0.0,1.0,0.0,1.0,0.0,70.24853788532435,71.59143630028503,72.03217518901722,0,9,45,45,0,45,0,0,0,1500.0
1400.0,-1000.0,1720.4650534085254,-35.53767779197438,0.0,1.0,0.0,1.0,0.0,89.26087838558875,90.9952230990373,91.29633045572905,0,9,45,45,0,45,0,0,0,300.0
1400.0,-1000.0,1720.4650534085254,-35.53767779197438,0.0,1.0,0.0,1.0,0.0,76.89302445186163,77.96102032711822,78.33237397698504,0,9,45,45,0,45,0,0,0,600.0
1400.0,-1000.0,1720.4650534085254,-35.53767779197438,0.0,1.0,0.0,1.0,0.0,67.1305222631635,67.70988216289874,67.96296304879284,0,9,45,45,0,45,0,0,0,900.0
1400.0,-1000.0,1720.4650534085254,-35.53767779197438,0.0,1.0,0.0,1.0,0.0,61.23245740682427,61.45102715240069,61.514474355107986,0,9,45,45,0,45,0,0,0,1200.0
1400.0,-1000.0,1720.4650534085254,-35.53767779197438,0.0,1.0,0.0,1.0,0.0,66.22120733330173,67.38629858246722,67.57187092579885,0,9,45,45,0,45,0,0,0,1500.0
1500.0,-1000.0,1802.7756377319947,-33.690067525979785,0.0,1.0,0.0,1.0,0.0,98.27787502686806,100.36370438712243,100.72162372559904,0,9,45,45,0,45,0,0,0,300.0
1500.0,-1000.0,1802.7756377319947,-33.690067525979785,0.0,1.0,0.0,1.0,0.0,84.64477050173791,85.96732131893982,86.43603525553895,0,9,45,45,0,45,0,0,0,600.0
1500.0,-1000.0,1802.7756377319947,-33.690067525979785,0.0,1.0,0.0,1.0,0.0,73.37199006288739,74.13002743561589,74.49231066652825,0,9,45,45,0,45,0,0,0,900.0
1500.0,-1000.0,1802.7756377319947,-33.690067525979785,0.0,1.0,0.0,1.0,0.0,65.68619320135913,66.03005884153129,66.1709449769802,0,9,45,45,0,45,0,0,0,1200.0
1500.0,-1000.0,1802.7756377319947,-33.690067525979785,0.0,1.0,0.0,0.4222222222222222,0.0,62.95094749228918,63.977531600550506,63.982613869192946,0,9,45,45,0,19,0,0,0,1500.0
1600.0,-1000.0,1886.7962264113207,-32.005383208083494,0.0,1.0,0.0,1.0,0.0,107.99914141283531,110.48596900282487,110.90547068404844,0,9,45,45,0,45,0,0,0,300.0
1600.0,-1000.0,1886.7962264113207,-32.005383208083494,0.0,1.0,0.0,1.0,0.0,93.1234722023709,94.74114681079756,95.31761625356131,0,9,45,45,0,45,0,0,0,600.0
1600.0,-1000.0,1886.7962264113207,-32.005383208083494,0.0,1.0,0.0,1.0,0.0,80.37801876691218,81.35689335801013,81.83577305419158,0,9,45,45,0,45,0,0,0,900.0
1600.0,-1000.0,1886.7962264113207,-32.005383208083494,0.0,1.0,0.0,1.0,0.0,70.92072351234812,71.41572093486545,71.65864063040964,0,9,45,45,0,45,0,0,0,1200.0
1600.0,-1000.0,1886.7962264113207,-32.005383208083494,0.0,1.0,0.0,1.0,0.0,66.17666086233095,66.30051296309719,66.3253273276826,0,9,45,45,0,45,0,0,0,1500.0
1700.0,-1000.0,1972.308292331602,-30.46554491945988,0.0,1.0,0.0,1.0,0.0,118.42402562039456,121.36539656494067,121.85125632018668,0,9,45,45,0,45,0,0,0,300.0
1700.0,-1000.0,1972.308292331602,-30.46554491945988,0.0,1.0,0.0,1.0,0.0,102.32696692787536,104.28441480897246,104.9788078279975,0,9,45,45,0,45,0,0,0,600.0
1700.0,-1000.0,1972.308292331602,-30.46554491945988,0.0,1.0,0.0,1.0,0.0,88.1486952893384,89.3838058654394,89.99684277095292,0,9,45,45,0,45,0,0,0,900.0
1700.0,-1000.0,1972.308292331602,-30.46554491945988,0.0,1.0,0.0,1.0,0.0,76.95714915329317,77.6455796192607,78.00239428417507,0,9,45,45,0,45,0,0,0,1200.0
1700.0,-1000.0,1972.308292331602,-30.46554491945988,0.0,1.0,0.0,1.0,0.0,70.19572020021974,70.44477891287492,70.53634176054533,0,9,45,45,0,45,0,0,0,1500.0
1800.0,-1000.0,2059.1260281974,-29.054604099077146,0.0,1.0,0.0,1.0,0.0,129.55189581712446,133.00541056707067,133.56242051462993,0,9,45,45,0,45,0,0,0,300.0
1800.0,-1000.0,2059.1260281974,-29.054604099077146,0.0,1.0,0.0,1.0,0.0,112.25275415766411,114.59870600669619,115.42102825815921,0,9,45,45,0,45,0,0,0,600.0
1800.0,-1000.0,2059.1260281974,-29.054604099077146,0.0,1.0,0.0,1.0,0.0,96.68105472636522,98.21081540188722,98.97601919428882,0,9,45,45,0,45,0,0,0,900.0
1800.0,-1000.0,2059.1260281974,-29.054604099077146,0.0,1.0,0.0,1.0,0.0,83.8053118297089,84.73036886530484,85.21523342607126,0,9,45,45,0,45,0,0,0,1200.0
1800.0,-1000.0,2059.1260281974,-29.054604099077146,0.0,1.0,0.0,1.0,0.0,75.02661300897259,75.42218962731751,75.61854707084028,0,9,45,45,0,45,0,0,0,1500.0
-500.0,-900.0,1029.5630140987,-119.05460409907714,0.0,1.0,0.0,1.0,0.0,66.47870713581953,69.60992029442748,70.21081470458931,0,9,45,45,0,45,0,0,0,300.0
-500.0,-900.0,1029.5630140987,-119.05460409907714,0.0,1.0,0.0,1.0,0.0,106.29287575590546,112.44206897563473,114.84902800872024,0,9,45,45,0,45,0,0,0,600.0
-500.0,-900.0,1029.5630140987,-119.05460409907714,0.0,1.0,0.0,1.0,0.0,160.00695914833295,171.1938483872538,176.97537763620358,0,9,45,45,0,45,0,0,0,900.0
-500.0,-900.0,1029.5630140987,-119.05460409907714,0.0,1.0,0.0,1.0,0.0,227.6766347584456,247.20922049167137,257.9851474825164,0,9,45,45,0,45,0,0,0,1200.0
-500.0,-900.0,1029.5630140987,-119.05460409907714,0.0,1.0,0.0,1.0,0.0,309.47835330460066,341.368609968757,359.51408413031436,0,9,45,45,0,45,0,0,0,1500.0
-400.0,-900.0,984.8857801796105,-113.96248897457819,0.0,1.0,0.0,1.0,0.0,59.57090530610969,62.08602821702347,62.55528191288665,0,9,45,45,0,45,0,0,0,300.0
-400.0,-900.0,984.8857801796105,-113.96248897457819,0.0,1.0,0.0,1.0,0.0,95.9940091774655,101.08357335422,103.09843553879712,0,9,45,45,0,45,0,0,0,600.0
-400.0,-900.0,984.8857801796105,-113.96248897457819,0.0,1.0,0.0,1.0,0.0,146.23507358701306,155.77196750829938,160.73785905024923,0,9,45,45,0,45,0,0,0,900.0
-400.0,-900.0,984.8857801796105,-113.96248897457819,0.0,1.0,0.0,1.0,0.0,210.35791672708652,227.43434124042682,236.85012568140704,0,9,45,45,0,45,0,0,0,1200.0
-400.0,-900.0,984.8857801796105,-113.96248897457819,0.0,1.0,0.0,1.0,0.0,288.5532901317203,316.92055670492755,333.0522639685101,0,9,45,45,0,45,0,0,0,1500.0
-300.0,-900.0,948.6832980505138,-108.43494882292202,0.0,1.0,0.0,1.0,0.0,53.4547147545216,55.45976484808044,55.81449674009404,0,9,45,45,0,45,0,0,0,300.0
-300.0,-900.0,948.6832980505138,-108.43494882292202,0.0,1.0,0.0,1.0,0.0,86.5133001219613,90.69868726546208,92.3589422112304,0,9,45,45,0,45,0,0,0,600.0
-300.0,-900.0,948.6832980505138,-108.43494882292202,0.0,1.0,0.0,1.0,0.0,133.2968495115458,141.37154236078158,145.6025014123679,0,9,45,45,0,45,0,0,0,900.0
-300.0,-900.0,948.6832980505138,-108.43494882292202,0.0,1.0,0.0,1.0,0.0,193.8812392985508,208.7276508477667,216.90846392922012,0,9,45,45,0,45,0,0,0,1200.0
-300.0,-900.0,948.6832980505138,-108.43494882292202,0.0,1.0,0.0,1.0,0.0,268.48884022453416,293.5942427751281,307.8821907781476,0,9,45,45,0,45,0,0,0,1500.0
-200.0,-900.0,921.9544457292888,-102.52880770915151,0.0,1.0,0.0,1.0,0.0,48.12785388037234,49.71419217791349,49.971041687695354,0,9,45,45,0,45,0,0,0,300.0
-200.0,-900.0,921.9544457292888,-102.52880770915151,0.0,1.0,0.0,1.0,0.0,77.85304097671172,81.27422739628548,82.61649932748529,0,9,45,45,0,45,0,0,0,600.0
-200.0,-900.0,921.9544457292888,-102.52880770915151,0.0,1.0,0.0,1.0,0.0,121.19657380360377,127.98352279638968,131.55564595125938,0,9,45,45,0,45,0,0,0,900.0
-200.0,-900.0,921.9544457292888,-102.52880770915151,0.0,1.0,0.0,1.0,0.0,178.25019596069788,191.08013478611264,198.14393038778726,0,9,45,45,0,45,0,0,0,1200.0
-200.0,-900.0,921.9544457292888,-102.52880770915151,0.0,1.0,0.0,1.0,0.0,249.25229393083052,271.3190795144966,283.9839011273135,0,9,45,45,0,45,0,0,0,1500.0
-100.0,-900.0,905.5385138137417,-96.3401917459099,0.0,1.0,0.0,1.0,0.0,43.58653456890334,44.831165956301106,45.00626829482159,0,9,45,45,0,45,0,0,0,300.0
-100.0,-900.0,905.5385138137417,-96.3401917459099,0.0,1.0,0.0,1.0,0.0,70.0152133874992,72.79708079696115,73.85713555455318,0,9,45,45,0,45,0,0,0,600.0
-100.0,-900.0,905.5385138137417,-96.3401917459099,0.0,1.0,0.0,1.0,0.0,109.93952097978418,115.60013720313744,118.58505645753937,0,9,45,45,0,45,0,0,0,900.0
-100.0,-900.0,905.5385138137417,-96.3401917459099,0.0,1.0,0.0,1.0,0.0,163.46960452999863,174.48426630868562,180.5419913086236,0,9,45,45,0,45,0,0,0,1200.0
-100.0,-900.0,905.5385138137417,-96.3401917459099,0.0,1.0,0.0,1.0,0.0,230.8814719793176,250.17124340427557,261.33902565751737,0,9,45,45,0,45,0,0,0,1500.0
0.0,-900.0,900.0,-90.0,0.0,1.0,0.6,1.0,0.6,39.82493346461493,40.79077386611502,40.899732819987015,0,9,45,45,27,45,27,0,0,300.0
0.0,-900.0,900.0,-90.0,0.0,1.0,0.0,1.0,0.0,63.000737949540685,65.25347546325631,66.06620431875615,0,9,45,45,0,45,0,0,0,600.0
0.0,-900.0,900.0,-90.0,0.0,1.0,0.0,1.0,0.0,99.53186031992807,104.2148057463477,106.67983453222016,0,9,45,45,0,45,0,0,0,900.0
0.0,-900.0,900.0,-90.0,0.0,1.0,0.0,1.0,0.0,149.54565875238646,158.93415953743443,164.08996256243196,0,9,45,45,0,45,0,0,0,1200.0
0.0,-900.0,900.0,-90.0,0.0,1.0,0.0,1.0,0.0,213.36911248326913,230.1399743440977,239.93094496365913,0,9,45,45,0,45,0,0,0,1500.0
100.0,-900.0,905.5385138137417,-83.6598082540901,1.0,1.0,1.0,1.0,1.0,36.8349270972604,37.57100615102284,37.62887913915252,9,9,45,45,45,45,45,0,0,300.0
100.0,-900.0,905.5385138137417,-83.6598082540901,0.0,1.0,0.0,1.0,0.0,56.80833072649617,58.62786475168689,59.22722660717742,0,9,45,45,0,45,0,0,0,600.0
100.0,-900.0,905.5385138137417,-83.6598082540901,0.0,1.0,0.0,1.0,0.0,89.98038149065708,93.82187591226054,95.83015636318854,0,9,45,45,0,45,0,0,0,900.0
100.0,-900.0,905.5385138137417,-83.6598082540901,0.0,1.0,0.0,1.0,0.0,136.48606451544154,144.42571119633666,148.77715227097877,0,9,45,45,0,45,0,0,0,1200.0
100.0,-900.0,905.5385138137417,-83.6598082540901,0.0,1.0,0.0,1.0,0.0,196.72095356497655,211.21626458724555,219.74497581870216,0,9,45,45,0,45,0,0,0,1500.0
200.0,-900.0,921.9544457292888,-77.47119229084849,1.0,1.0,1.0,1.0,1.0,34.606446116775004,35.14800411828936,35.16932729566669,9,9,45,45,45,45,45,0,0,300.0
200.0,-900.0,921.9544457292888,-77.47119229084849,0.0,1.0,0.0,1.0,0.0,51.43293105784495,52.901386376477106,53.320283911718896,0,9,45,45,0,45,0,0,0,600.0
200.0,-900.0,921.9544457292888,-77.47119229084849,0.0,1.0,0.0,1.0,0.0,81.2919206191484,84.41606131801521,86.02670834882716,0,9,45,45,0,45,0,0,0,900.0
200.0,-900.0,921.9544457292888,-77.47119229084849,0.0,1.0,0.0,1.0,0.0,124.30012537353485,130.9566962674414,134.59496006343528,0,9,45,45,0,45,0,0,0,1200.0
200.0,-900.0,921.9544457292888,-77.47119229084849,0.0,1.0,0.0,1.0,0.0,180.94437120607034,193.3930721447083,200.7685867507833,0,9,45,45,0,45,0,0,0,1500.0
300.0,-900.0,948.6832980505138,-71.56505117707799,0.0,1.0,1.0,0.4222222222222222,0.4222222222222222,33.12849760478308,33.49679768180725,33.4972221688848,0,9,45,45,45,19,19,26,0,300.0
300.0,-900.0,948.6832980505138,-71.56505117707799,0.0,1.0,0.0,1.0,0.0,46.863824780542224,48.05000921091646,48.320077365106144,0,9,45,45,0,45,0,0,0,600.0
300.0,-900.0,948.6832980505138,-71.56505117707799,0.0,1.0,0.0,1.0,0.0,73.47232870415353,75.99142292280942,77.25965390381407,0,9,45,45,0,45,0,0,0,900.0
300.0,-900.0,948.6832980505138,-71.56505117707799,0.0,1.0,0.0,1.0,0.0,113.0039408618627,118.52324905144201,121.53687127389988,0,9,45,45,0,45,0,0,0,1200.0
300.0,-900.0,948.6832980505138,-71.56505117707799,0.0,1.0,0.0,1.0,0.0,166.04860979317198,176.6655529236619,182.99163610466837,0,9,45,45,0,45,0,0,0,1500.0
400.0,-900.0,984.8857801796105,-66.03751102542182,1.0,1.0,1.0,1.0,1.0,34.5835401451719,34.655742983137486,34.65912252237789,9,9,45,45,45,45,45,0,0,300.0
400.0,-900.0,984.8857801796105,-66.03751102542182,0.0,1.0,0.0,1.0,0.0,43.08288006010208,44.04276152949429,44.194072050130906,0,9,45,45,0,45,0,0,0,600.0
400.0,-900.0,984.8857801796105,-66.03751102542182,0.0,1.0,0.0,1.0,0.0,66.52480406468239,68.5397091139514,69.5169372669698,0,9,45,45,0,45,0,0,0,900.0
400.0,-900.0,984.8857801796105,-66.03751102542182,0.0,1.0,0.0,1.0,0.0,102.59404317063395,107.13717717952365,109.59824278186503,0,9,45,45,0,45,0,0,0,1200.0
400.0,-900.0,984.8857801796105,-66.03751102542182,0.0,1.0,0.0,1.0,0.0,152.0450076523484,161.03129285837036,166.40661468271153,0,9,45,45,0,45,0,0,0,1500.0
500.0,-900.0,1029.5630140987,-60.94539590092286,1.0,1.0,1.0,1.0,1.0,36.80773130590731,36.95560709415656,36.96817187676338,9,9,45,45,45,45,45,0,0,300.0
500.0,-900.0,1029.5630140987,-60.94539590092286,0.0,1.0,0.4,1.0,0.4,40.063683060376604,40.840787428573236,40.90153356082468,0,9,45,45,18,45,18,0,0,600.0
500.0,-900.0,1029.5630140987,-60.94539590092286,0.0,1.0,0.0,1.0,0.0,60.447455767455445,62.073974500684905,62.781770880957346,0,9,45,45,0,45,0,0,0,900.0
500.0,-900.0,1029.5630140987,-60.94539590092286,0.0,1.0,0.0,1.0,0.0,93.09904143302505,96.79030234362457,98.77571915907271,0,9,45,45,0,45,0,0,0,1200.0
500.0,-900.0,1029.5630140987,-60.94539590092286,0.0,1.0,0.0,1.0,0.0,138.947178747176,146.49050208162086,151.00885554180394,0,9,45,45,0,45,0,0,0,1500.0
600.0,-900.0,1081.6653826391969,-56.309932474020215,0.0,1.0,0.8,1.0,0.8,39.791548488519744,40.02807768508303,40.05603135316091,0,9,45,45,36,45,36,0,0,300.0
600.0,-900.0,1081.6653826391969,-56.309932474020215,0.0,1.0,1.0,0.4222222222222222,0.4222222222222222,37.77169672258229,38.39688818726989,38.39828573780469,0,9,45,45,45,19,19,26,0,600.0
600.0,-900.0,1081.6653826391969,-56.309932474020215,0.0,1.0,0.0,1.0,0.0,55.23014543821945,56.56674582308267,57.02933869872016,0,9,45,45,0,45,0,0,0,900.0
600.0,-900.0,1081.6653826391969,-56.309932474020215,0.0,1.0,0.0,1.0,0.0,84.52619025225708,87.48835225318349,89.06604895209128,0,9,45,45,0,45,0,0,0,1200.0
600.0,-900.0,1081.6653826391969,-56.309932474020215,0.0,1.0,0.0,1.0,0.0,126.77108064734244,133.04610154913632,136.79664083884762,0,9,45,45,0,45,0,0,0,1500.0
700.0,-900.0,1140.175425099138,-52.1250163489018,0.0,1.0,0.0,1.0,0.0,43.544589197412044,43.88734476893622,43.93707888743343,0,9,45,45,0,45,0,0,0,300.0
700.0,-900.0,1140.175425099138,-52.1250163489018,0.0,1.0,0.3111111111111111,1.0,0.3111111111111111,40.036421867379836,40.11968759688388,40.12757300198361,0,9,45,45,14,45,14,0,0,600.0
700.0,-900.0,1140.175425099138,-52.1250163489018,0.0,1.0,0.0,1.0,0.0,50.851032190408816,51.958883063032886,52.22315154305846,0,9,45,45,0,45,0,0,0,900.0
700.0,-900.0,1140.175425099138,-52.1250163489018,0.0,1.0,0.0,1.0,0.0,76.88549711662641,79.2313833396366,80.46401589090063,0,9,45,45,0,45,0,0,0,1200.0
700.0,-900.0,1140.175425099138,-52.1250163489018,0.0,1.0,0.0,1.0,0.0,115.53485150378995,120.70358362203017,123.77108419620242,0,9,45,45,0,45,0,0,0,1500.0
800.0,-900.0,1204.1594578792296,-48.366460663429805,0.0,1.0,0.0,1.0,0.0,48.07436851180409,48.545620403763216,48.62356066188472,0,9,45,45,0,45,0,0,0,300.0
800.0,-900.0,1204.1594578792296,-48.366460663429805,0.0,1.0,0.0,1.0,0.0,43.04969891899871,43.22139115976533,43.25100862415941,0,9,45,45,0,45,0,0,0,600.0
800.0,-900.0,1204.1594578792296,-48.366460663429805,0.0,1.0,0.0,1.0,0.0,47.273784668494116,48.20280796235306,48.31208073997611,0,9,45,45,0,45,0,0,0,900.0
800.0,-900.0,1204.1594578792296,-48.366460663429805,0.0,1.0,0.0,1.0,0.0,70.18141869753337,72.01610623898787,72.95921800781011,0,9,45,45,0,45,0,0,0,1200.0
800.0,-900.0,1204.1594578792296,-48.366460663429805,0.0,1.0,0.0,1.0,0.0,105.25823283283638,109.47045895335813,111.9355928372881,0,9,45,45,0,45,0,0,0,1500.0
900.0,-900.0,1272.7922061357856,-45.0,0.0,1.0,0.0,1.0,0.0,53.38596441018587,54.01275545842419,54.125262421409246,0,9,45,45,0,45,0,0,0,300.0
900.0,-900.0,1272.7922061357856,-45.0,0.0,1.0,0.0,1.0,0.0,46.822588204393064,47.09804746487272,47.164332344837234,0,9,45,45,0,45,0,0,0,600.0
900.0,-900.0,1272.7922061357856,-45.0,0.0,1.0,0.0,0.4222222222222222,0.0,44.445174966412594,45.234121852709166,45.23674025461911,0,9,45,45,0,19,0,0,0,900.0
900.0,-900.0,1272.7922061357856,-45.0,0.0,1.0,0.0,1.0,0.0,64.4086795521964,65.85423598118493,66.53162113170251,0,9,45,45,0,45,0,0,0,1200.0
900.0,-900.0,1272.7922061357856,-45.0,0.0,1.0,0.0,1.0,0.0,95.96131638444402,99.35501786240445,101.29462082674071,0,9,45,45,0,45,0,0,0,1500.0
1000.0,-900.0,1345.362404707371,-41.98721249581666,0.0,1.0,0.0,1.0,0.0,59.4822815128275,60.296478857719706,60.44980325747005,0,9,45,45,0,45,0,0,0,300.0
1000.0,-900.0,1345.362404707371,-41.98721249581666,0.0,1.0,0.0,1.0,0.0,51.38091204652231,51.78020183929316,51.89844217750919,0,9,45,45,0,45,0,0,0,600.0
1000.0,-900.0,1345.362404707371,-41.98721249581666,0.0,1.0,0.0,1.0,0.0,47.24141181581211,47.339284287814976,47.35334997499147,0,9,45,45,0,45,0,0,0,900.0
1000.0,-900.0,1345.362404707371,-41.98721249581666,0.0,1.0,0.0,1.0,0.0,59.547381268457315,60.75708537612747,61.146291412753335,0,9,45,45,0,45,0,0,0,1200.0
1000.0,-900.0,1345.362404707371,-41.98721249581666,0.0,1.0,0.0,1.0,0.0,87.66228820313869,90.36406133109898,91.85133929447122,0,9,45,45,0,45,0,0,0,1500.0
1100.0,-900.0,1421.2670403551895,-39.28940686250036,0.0,1.0,0.0,1.0,0.0,66.36457848238696,67.40290882287445,67.60318675862926,0,9,45,45,0,45,0,0,0,300.0
1100.0,-900.0,1421.2670403551895,-39.28940686250036,0.0,1.0,0.0,1.0,0.0,56.74208262421757,57.29019167128402,57.47551148137269,0,9,45,45,0,45,0,0,0,600.0
1100.0,-900.0,1421.2670403551895,-39.28940686250036,0.0,1.0,0.0,1.0,0.0,50.81147498400803,51.01264110753587,51.06548437329709,0,9,45,45,0,45,0,0,0,900.0
1100.0,-900.0,1421.2670403551895,-39.28940686250036,0.0,1.0,0.0,1.0,0.0,55.558457163566324,56.58616698688134,56.748468802215,0,9,45,45,0,45,0,0,0,1200.0
1100.0,-900.0,1421.2670403551895,-39.28940686250036,0.0,1.0,0.0,1.0,0.0,80.37385309987977,82.48653504696085,83.6038406922415,0,9,45,45,0,45,0,0,0,1500.0
1200.0,-900.0,1500.0,-36.86989764584402,0.0,1.0,0.0,1.0,0.0,74.03301233500822,75.33708893779882,75.59035984876036,0,9,45,45,0,45,0,0,0,300.0
1200.0,-900.0,1500.0,-36.86989764584402,0.0,1.0,0.0,1.0,0.0,62.91596242437685,63.64291750922804,63.90997499550716,0,9,45,45,0,45,0,0,0,600.0
1200.0,-900.0,1500.0,-36.86989764584402,0.0,1.0,0.0,1.0,0.0,55.18094938671915,55.50222006413811,55.62029197800376,0,9,45,45,0,45,0,0,0,900.0
1200.0,-900.0,1500.0,-36.86989764584402,0.0,1.0,0.0,0.4222222222222222,0.0,52.378569735938626,53.2677153047574,53.271632759067295,0,9,45,45,0,19,0,0,0,1200.0
1200.0,-900.0,1500.0,-36.86989764584402,0.0,1.0,0.0,1.0,0.0,74.0982130867768,75.71043402834269,76.53968822811898,0,9,45,45,0,45,0,0,0,1500.0
1300.0,-900.0,1581.1388300841897,-34.69515353123397,0.0,1.0,0.0,1.0,0.0,82.48708306772527,84.10343012917048,84.41566419252632,0,9,45,45,0,45,0,0,0,300.0
1300.0,-900.0,1581.1388300841897,-34.69515353123397,0.0,1.0,0.0,1.0,0.0,69.90662491597352,70.84753795127321,71.21041524337507,0,9,45,45,0,45,0,0,0,600.0
1300.0,-900.0,1581.1388300841897,-34.69515353123397,0.0,1.0,0.0,1.0,0.0,60.38548043087892,60.848720222340326,61.058723496492924,0,9,45,45,0,45,0,0,0,900.0
1300.0,-900.0,1581.1388300841897,-34.69515353123397,0.0,1.0,0.0,1.0,0.0,55.52052766497912,55.635110182877405,55.65732466376007,0,9,45,45,0,45,0,0,0,1200.0
1300.0,-900.0,1581.1388300841897,-34.69515353123397,0.0,1.0,0.0,1.0,0.0,68.82095594785247,70.10577540506694,70.62916681874061,0,9,45,45,0,45,0,0,0,1500.0
1400.0,-900.0,1664.3316977093239,-32.7352262721076,0.0,1.0,0.0,1.0,0.0,91.72595111936819,93.70602870167102,94.08315545207938,0,9,45,45,0,45,0,0,0,300.0
1400.0,-900.0,1664.3316977093239,-32.7352262721076,0.0,1.0,0.0,1.0,0.0,77.71422852791397,78.90930511255829,79.38152773697578,0,9,45,45,0,45,0,0,0,600.0
1400.0,-900.0,1664.3316977093239,-32.7352262721076,0.0,1.0,0.0,1.0,0.0,66.44609635211545,67.089911330091,67.40638357967508,0,9,45,45,0,45,0,0,0,900.0
1400.0,-900.0,1664.3316977093239,-32.7352262721076,0.0,1.0,0.0,1.0,0.0,59.501237995440114,59.73507938540351,59.81823253927235,0,9,45,45,0,45,0,0,0,1200.0
1400.0,-900.0,1664.3316977093239,-32.7352262721076,0.0,1.0,0.0,1.0,0.0,64.50498458956743,65.60038548826057,65.81851327275204,0,9,45,45,0,45,0,0,0,1500.0
1500.0,-900.0,1749.28556845359,-30.96375653207352,0.0,1.0,0.0,1.0,0.0,101.74864321329686,104.14887424752067,104.59680834541469,0,9,45,45,0,45,0,0,0,300.0
1500.0,-900.0,1749.28556845359,-30.96375653207352,0.0,1.0,0.0,1.0,0.0,86.33658671118462,87.83111799706433,88.42574229102124,0,9,45,45,0,45,0,0,0,600.0
1500.0,-900.0,1749.28556845359,-30.96375653207352,0.0,1.0,0.0,1.0,0.0,73.37199006288729,74.23756110908568,74.67662639114548,0,9,45,45,0,45,0,0,0,900.0
1500.0,-900.0,1749.28556845359,-30.96375653207352,0.0,1.0,0.0,1.0,0.0,64.35149227717068,64.72510996098345,64.90725848763522,0,9,45,45,0,45,0,0,0,1200.0
1500.0,-900.0,1749.28556845359,-30.96375653207352,0.0,1.0,0.0,0.4222222222222222,0.0,61.082925111167434,62.03460265105352,62.03983326429352,0,9,45,45,0,19,0,0,0,1500.0
1600.0,-900.0,1835.7559750685818,-29.357753542791276,0.0,1.0,0.0,1.0,0.0,112.55417505180691,115.4359748650502,115.96063755636592,0,9,45,45,0,45,0,0,0,300.0
1600.0,-900.0,1835.7559750685818,-29.357753542791276,0.0,1.0,0.0,1.0,0.0,95.77030980859004,97.61466161990631,98.3443854935898,0,9,45,45,0,45,0,0,0,600.0
1600.0,-900.0,1835.7559750685818,-29.357753542791276,0.0,1.0,0.0,1.0,0.0,81.16396988336807,82.29141808379345,82.87429011971011,0,9,45,45,0,45,0,0,0,900.0
1600.0,-900.0,1835.7559750685818,-29.357753542791276,0.0,1.0,0.0,1.0,0.0,70.11747574756393,70.67350011773527,70.96801305292976,0,9,45,45,0,45,0,0,0,1200.0
1600.0,-900.0,1835.7559750685818,-29.357753542791276,0.0,1.0,0.0,1.0,0.0,64.46122153265881,64.5937443980686,64.62624002382296,0,9,45,45,0,45,0,0,0,1500.0
1700.0,-900.0,1923.5384061671346,-27.89727103094763,0.0,1.0,0.0,1.0,0.0,124.14161787373862,127.5714261721339,128.17876237115024,0,9,45,45,0,45,0,0,0,300.0
1700.0,-900.0,1923.5384061671346,-27.89727103094763,0.0,1.0,0.0,1.0,0.0,106.01155410496123,108.26116060083145,109.13843190460365,0,9,45,45,0,45,0,0,0,600.0
1700.0,-900.0,1923.5384061671346,-27.89727103094763,0.0,1.0,0.0,1.0,0.0,89.82637509424902,91.25258098085288,91.99904430223899,0,9,45,45,0,45,0,0,0,900.0
1700.0,-900.0,1923.5384061671346,-27.89727103094763,0.0,1.0,0.0,1.0,0.0,76.79455871031435,77.59850294215622,78.02355813975504,0,9,45,45,0,45,0,0,0,1200.0
1700.0,-900.0,1923.5384061671346,-27.89727103094763,0.0,1.0,0.0,1.0,0.0,68.76809271628105,69.03636413935031,69.1574416486278,0,9,45,45,0,45,0,0,0,1500.0
1800.0,-900.0,2012.4611797498108,-26.56505117707799,0.0,1.0,0.0,1.0,0.0,136.510129705984,140.55944472926342,141.2554362625733,0,9,45,45,0,45,0,0,0,300.0
1800.0,-900.0,2012.4611797498108,-26.56505117707799,0.0,1.0,0.0,1.0,0.0,117.05647051098225,119.77183527137255,120.80894601789603,0,9,45,45,0,45,0,0,0,600.0
1800.0,-900.0,2012.4611797498108,-26.56505117707799,0.0,1.0,0.0,1.0,0.0,99.34083779392283,101.1152129112033,102.04792400298625,0,9,45,45,0,45,0,0,0,900.0
1800.0,-900.0,2012.4611797498108,-26.56505117707799,0.0,1.0,0.0,1.0,0.0,84.41062131043746,85.50040501384241,86.08153309405873,0,9,45,45,0,45,0,0,0,1200.0
1800.0,-900.0,2012.4611797498108,-26.56505117707799,0.0,1.0,0.0,1.0,0.0,74.04403964244176,74.48500829221419,74.7231963814956,0,9,45,45,0,45,0,0,0,1500.0
-500.0,-800.0,943.3981132056604,-122.0053832080835,0.0,1.0,0.0,1.0,0.0,67.26409563632659,70.74177866824039,71.5025276476731,0,9,45,45,0,45,0,0,0,300.0
-500.0,-800.0,943.3981132056604,-122.0053832080835,0.0,1.0,0.0,1.0,0.0,111.83261503035426,118.93227158153408,121.99628318215181,0,9,45,45,0,45,0,0,0,600.0
-500.0,-800.0,943.3981132056604,-122.0053832080835,0.0,1.0,0.0,1.0,0.0,172.08590219546292,185.58661588370177,192.80589418949833,0,9,45,45,0,45,0,0,0,900.0
-500.0,-800.0,943.3981132056604,-122.0053832080835,0.0,1.0,0.0,1.0,0.0,248.1549330926676,272.2911710724564,285.82613933055546,0,9,45,45,0,45,0,0,0,1200.0
-500.0,-800.0,943.3981132056604,-122.0053832080835,0.0,1.0,0.0,1.0,0.0,340.27120348487574,380.14604953024013,403.2428010057394,0,9,45,45,0,45,0,0,0,1500.0
-400.0,-800.0,894.4271909999159,-116.56505117707799,0.0,1.0,0.0,1.0,0.0,59.48787369093191,62.23297856312179,62.82575007468175,0,9,45,45,0,45,0,0,0,300.0
-400.0,-800.0,894.4271909999159,-116.56505117707799,0.0,1.0,0.0,1.0,0.0,100.21167182951176,106.01376448501432,108.57362541756613,0,9,45,45,0,45,0,0,0,600.0
-400.0,-800.0,894.4271909999159,-116.56505117707799,0.0,1.0,0.0,1.0,0.0,156.52216332013768,167.9632450436344,174.13458472289673,0,9,45,45,0,45,0,0,0,900.0
-400.0,-800.0,894.4271909999159,-116.56505117707799,0.0,1.0,0.0,1.0,0.0,228.5652523226754,249.59175869554954,261.37617045296116,0,9,45,45,0,45,0,0,0,1200.0
-400.0,-800.0,894.4271909999159,-116.56505117707799,0.0,1.0,0.0,1.0,0.0,316.58439070062553,351.93467524366685,372.44433026086386,0,9,45,45,0,45,0,0,0,1500.0
-300.0,-800.0,854.4003745317531,-110.55604521958347,0.0,1.0,0.0,1.0,0.0,52.60676073854238,54.753857829516434,55.20086580144725,0,9,45,45,0,45,0,0,0,300.0
-300.0,-800.0,854.4003745317531,-110.55604521958347,0.0,1.0,0.0,1.0,0.0,89.5151347483389,94.21784852608437,96.32258137406475,0,9,45,45,0,45,0,0,0,600.0
-300.0,-800.0,854.4003745317531,-110.55604521958347,0.0,1.0,0.0,1.0,0.0,141.8984486213979,151.54923347324566,156.74993789323872,0,9,45,45,0,45,0,0,0,900.0
-300.0,-800.0,854.4003745317531,-110.55604521958347,0.0,1.0,0.0,1.0,0.0,209.92559687072736,228.13451726865105,238.33353476585674,0,9,45,45,0,45,0,0,0,1200.0
-300.0,-800.0,854.4003745317531,-110.55604521958347,0.0,1.0,0.0,1.0,0.0,293.85814999343967,324.9625223624238,343.187829629014,0,9,45,45,0,45,0,0,0,1500.0
-200.0,-800.0,824.6211251235321,-104.03624346792648,0.0,1.0,0.0,1.0,0.0,46.61898184469019,48.283825598641506,48.60661922398388,0,9,45,45,0,45,0,0,0,300.0
-200.0,-800.0,824.6211251235321,-104.03624346792648,0.0,1.0,0.0,1.0,0.0,79.74677835879027,83.5281754269541,85.22555187413985,0,9,45,45,0,45,0,0,0,600.0
-200.0,-800.0,824.6211251235321,-104.03624346792648,0.0,1.0,0.0,1.0,0.0,128.21949696284298,136.2897112829905,140.63287936131258,0,9,45,45,0,45,0,0,0,900.0
-200.0,-800.0,824.6211251235321,-104.03624346792648,0.0,1.0,0.0,1.0,0.0,192.23899622552796,207.9057137682844,216.6745695108506,0,9,45,45,0,45,0,0,0,1200.0
-200.0,-800.0,824.6211251235321,-104.03624346792648,0.0,1.0,0.0,1.0,0.0,272.0932696952068,299.32652076393236,315.44400450552195,0,9,45,45,0,45,0,0,0,1500.0
-100.0,-800.0,806.2257748298549,-97.1250163489018,0.0,1.0,0.0,1.0,0.0,41.520892770129564,42.80088831298225,43.02031551101474,0,9,45,45,0,45,0,0,0,300.0
-100.0,-800.0,806.2257748298549,-97.1250163489018,0.0,1.0,0.0,1.0,0.0,70.91075358429256,73.92930409867307,75.26588619372151,0,9,45,45,0,45,0,0,0,600.0
-100.0,-800.0,806.2257748298549,-97.1250163489018,0.0,1.0,0.0,1.0,0.0,115.49165682009415,122.17605255171912,125.76658176584226,0,9,45,45,0,45,0,0,0,900.0
-100.0,-800.0,806.2257748298549,-97.1250163489018,0.0,1.0,0.0,1.0,0.0,175.5100519053734,188.8824319235095,196.37790060535195,0,9,45,45,0,45,0,0,0,1200.0
-100.0,-800.0,806.2257748298549,-97.1250163489018,0.0,1.0,0.0,1.0,0.0,251.29178711696636,275.00802511886275,289.18564590769427,0,9,45,45,0,45,0,0,0,1500.0
0.0,-800.0,800.0,-90.0,1.0,1.0,1.0,1.0,1.0,37.30588799964939,38.280532158666695,38.41668483250025,9,9,45,45,45,45,45,0,0,300.0
0.0,-800.0,800.0,-90.0,0.0,1.0,0.0,1.0,0.0,63.01081826742446,65.4059566479879,66.42711826970941,0,9,45,45,0,45,0,0,0,600.0
0.0,-800.0,800.0,-90.0,0.0,1.0,0.0,1.0,0.0,103.72298284337317,109.20170480037204,112.13656834391983,0,9,45,45,0,45,0,0,0,900.0
0.0,-800.0,800.0,-90.0,0.0,1.0,0.0,1.0,0.0,159.74520510680114,171.04014314133292,177.4246986717608,0,9,45,45,0,45,0,0,0,1200.0
0.0,-800.0,800.0,-90.0,0.0,1.0,0.0,1.0,0.0,231.45720684128645,251.99037326241648,264.3878200424805,0,9,45,45,0,45,0,0,0,1500.0
100.0,-800.0,806.2257748298549,-82.8749836510982,1.0,1.0,1.0,1.0,1.0,33.96347138346393,34.69472234931003,34.766878358889564,9,9,45,45,45,45,45,0,0,300.0
100.0,-800.0,806.2257748298549,-82.8749836510982,0.0,1.0,0.0,1.0,0.0,56.048947466868675,57.94167072893865,58.691572488852664,0,9,45,45,0,45,0,0,0,600.0
100.0,-800.0,806.2257748298549,-82.8749836510982,0.0,1.0,0.0,1.0,0.0,92.92317919399993,97.36214590117837,99.73067335206584,0,9,45,45,0,45,0,0,0,900.0
100.0,-800.0,806.2257748298549,-82.8749836510982,0.0,1.0,0.0,1.0,0.0,144.95303275422495,154.41329591190217,159.79897333766596,0,9,45,45,0,45,0,0,0,1200.0
100.0,-800.0,806.2257748298549,-82.8749836510982,0.0,1.0,0.0,1.0,0.0,212.594766774347,230.25913652595568,241.0281116960978,0,9,45,45,0,45,0,0,0,1500.0
200.0,-800.0,824.6211251235321,-75.96375653207353,1.0,1.0,1.0,1.0,1.0,31.479195100762656,32.01169351485957,32.03830076085834,9,9,45,45,45,45,45,0,0,300.0
200.0,-800.0,824.6211251235321,-75.96375653207353,0.0,1.0,0.0,1.0,0.0,50.023103329861044,51.51662938506391,52.038100294335955,0,9,45,45,0,45,0,0,0,600.0
200.0,-800.0,824.6211251235321,-75.96375653207353,0.0,1.0,0.0,1.0,0.0,83.10323292524653,86.65453610789146,88.53869954943563,0,9,45,45,0,45,0,0,0,900.0
200.0,-800.0,824.6211251235321,-75.96375653207353,0.0,1.0,0.0,1.0,0.0,131.14454761898818,138.99541207543257,143.48788427187077,0,9,45,45,0,45,0,0,0,1200.0
200.0,-800.0,824.6211251235321,-75.96375653207353,0.0,1.0,0.0,1.0,0.0,194.71175839859384,209.80242836157225,219.08692984386698,0,9,45,45,0,45,0,0,0,1500.0
300.0,-800.0,854.4003745317531,-69.44395478041653,0.0,1.0,1.0,0.4222222222222222,0.4222222222222222,29.836037325919794,30.196933044754665,30.197397945536427,0,9,45,45,45,19,19,26,0,300.0
300.0,-800.0,854.4003745317531,-69.44395478041653,0.0,1.0,0.0,1.0,0.0,44.92410679612387,46.10460416898725,46.43886706125685,0,9,45,45,0,45,0,0,0,600.0
300.0,-800.0,854.4003745317531,-69.44395478041653,0.0,1.0,0.0,1.0,0.0,74.27448690960156,77.07680877530717,78.55151167351369,0,9,45,45,0,45,0,0,0,900.0
300.0,-800.0,854.4003745317531,-69.44395478041653,0.0,1.0,0.0,1.0,0.0,118.33344816618418,124.78316878250772,128.48201725282735,0,9,45,45,0,45,0,0,0,1200.0
300.0,-800.0,854.4003745317531,-69.44395478041653,0.0,1.0,0.0,1.0,0.0,177.81790429484823,190.6112756430478,198.54788132134095,0,9,45,45,0,45,0,0,0,1500.0
400.0,-800.0,894.4271909999159,-63.43494882292201,1.0,1.0,1.0,1.0,1.0,31.457981212188482,31.531215882891626,31.535488040988618,9,9,45,45,45,45,45,0,0,300.0
400.0,-800.0,894.4271909999159,-63.43494882292201,0.0,1.0,0.2,1.0,0.2,40.73202423773827,41.6693985663088,41.855591854619675,0,9,45,45,9,45,9,0,0,600.0
400.0,-800.0,894.4271909999159,-63.43494882292201,0.0,1.0,0.0,1.0,0.0,66.44679626626474,68.62582979142279,69.7591857505127,0,9,45,45,0,45,0,0,0,900.0
400.0,-800.0,894.4271909999159,-63.43494882292201,0.0,1.0,0.0,1.0,0.0,106.5362111233331,111.77651216626634,114.77551900249601,0,9,45,45,0,45,0,0,0,1200.0
400.0,-800.0,894.4271909999159,-63.43494882292201,0.0,1.0,0.0,1.0,0.0,161.92578761351132,172.6800490989824,179.3982109590305,0,9,45,45,0,45,0,0,0,1500.0
500.0,-800.0,943.3981132056604,-57.9946167919165,1.0,1.0,1.0,1.0,1.0,33.9374054183117,34.08994696990641,34.10607675669216,9,9,45,45,45,45,45,0,0,300.0
500.0,-800.0,943.3981132056604,-57.9946167919165,1.0,1.0,1.0,1.0,1.0,37.413307585085,38.16196747750365,38.23650909745746,9,9,45,45,45,45,45,0,0,600.0
500.0,-800.0,943.3981132056604,-57.9946167919165,0.0,1.0,0.0,1.0,0.0,59.62535641718729,61.31207325320547,62.14776033213913,0,9,45,45,0,45,0,0,0,900.0
500.0,-800.0,943.3981132056604,-57.9946167919165,0.0,1.0,0.0,1.0,0.0,95.77183386818302,99.97842940247003,102.36589276525284,0,9,45,45,0,45,0,0,0,1200.0
500.0,-800.0,943.3981132056604,-57.9946167919165,0.0,1.0,0.0,1.0,0.0,147.05131042014418,156.00693201557806,161.62928965930672,0,9,45,45,0,45,0,0,0,1500.0
600.0,-800.0,1000.0,-53.13010235415598,1.0,1.0,1.0,1.0,1.0,37.27267881698294,37.52081151091839,37.556921315890314,9,9,45,45,45,45,45,0,0,300.0
600.0,-800.0,1000.0,-53.13010235415598,0.0,1.0,1.0,0.4222222222222222,0.4222222222222222,34.919805268656496,35.51878428316329,35.520285316563246,0,9,45,45,45,19,19,26,0,600.0
600.0,-800.0,1000.0,-53.13010235415598,0.0,1.0,0.0,1.0,0.0,53.80592699053838,55.124434535187206,55.69426201506909,0,9,45,45,0,45,0,0,0,900.0
600.0,-800.0,1000.0,-53.13010235415598,0.0,1.0,0.0,1.0,0.0,86.06090771229835,89.39405405610384,91.25311717665264,0,9,45,45,0,45,0,0,0,1200.0
600.0,-800.0,1000.0,-53.13010235415598,0.0,1.0,0.0,1.0,0.0,133.21412351522696,140.59437213777014,145.2370975503215,0,9,45,45,0,45,0,0,0,1500.0
700.0,-800.0,1063.014581273465,-48.81407483429036,0.0,1.0,0.0,1.0,0.0,41.477578328527024,41.84345492897336,41.907860406000374,0,9,45,45,0,45,0,0,0,300.0
700.0,-800.0,1063.014581273465,-48.81407483429036,1.0,1.0,1.0,1.0,1.0,37.38738386139487,37.47400177145862,37.484245247400935,9,9,45,45,45,45,45,0,0,600.0
700.0,-800.0,1063.014581273465,-48.81407483429036,0.0,1.0,0.0,1.0,0.0,48.968719819796675,50.037764095019085,50.36025098285228,0,9,45,45,0,45,0,0,0,900.0
700.0,-800.0,1063.014581273465,-48.81407483429036,0.0,1.0,0.0,1.0,0.0,77.42355025414237,80.028617056154,81.43757319880463,0,9,45,45,0,45,0,0,0,1200.0
700.0,-800.0,1063.014581273465,-48.81407483429036,0.0,1.0,0.0,1.0,0.0,120.43790850721233,126.44939897669217,130.22258494838488,0,9,45,45,0,45,0,0,0,1500.0
800.0,-800.0,1131.370849898476,-45.0,0.0,1.0,0.0,1.0,0.0,46.56173610118534,47.0735263808455,47.1745008833398,0,9,45,45,0,45,0,0,0,300.0
800.0,-800.0,1131.370849898476,-45.0,0.0,1.0,0.0,1.0,0.0,40.69945728531908,40.88072808060252,40.91975018950769,0,9,45,45,0,45,0,0,0,600.0
800.0,-800.0,1131.370849898476,-45.0,0.0,1.0,0.0,1.0,0.0,45.072303014053105,45.9529935131594,46.08532120707918,0,9,45,45,0,45,0,0,0,900.0
800.0,-800.0,1131.370849898476,-45.0,0.0,1.0,0.0,1.0,0.0,69.87561319808677,71.86553016171057,72.91611707177057,0,9,45,45,0,45,0,0,0,1200.0
800.0,-800.0,1131.370849898476,-45.0,0.0,1.0,0.0,1.0,0.0,108.75028962459561,113.58358210753526,116.59168193214477,0,9,45,45,0,45,0,0,0,1500.0
900.0,-800.0,1204.1594578792296,-41.6335393365702,0.0,1.0,0.0,1.0,0.0,52.530698786926926,53.2226844559627,53.36833626965314,0,9,45,45,0,45,0,0,0,300.0
900.0,-800.0,1204.1594578792296,-41.6335393365702,0.0,1.0,0.0,1.0,0.0,44.88224871796477,45.177248009149174,45.26494988549609,0,9,45,45,0,45,0,0,0,600.0
900.0,-800.0,1204.1594578792296,-41.6335393365702,0.0,1.0,0.0,0.4222222222222222,0.0,42.04836723091821,42.7882278259395,42.79098458729759,0,9,45,45,0,19,0,0,0,900.0
900.0,-800.0,1204.1594578792296,-41.6335393365702,0.0,1.0,0.0,1.0,0.0,63.42268129846896,64.91268588385569,65.67571120431583,0,9,45,45,0,45,0,0,0,1200.0
900.0,-800.0,1204.1594578792296,-41.6335393365702,0.0,1.0,0.0,1.0,0.0,98.18199687555231,102.01224203167155,104.35455084831253,0,9,45,45,0,45,0,0,0,1500.0
1000.0,-800.0,1280.6248474865697,-38.65980825409009,0.0,1.0,0.0,1.0,0.0,59.38685446458833,60.299485949260436,60.49772835073887,0,9,45,45,0,45,0,0,0,300.0
1000.0,-800.0,1280.6248474865697,-38.65980825409009,0.0,1.0,0.0,1.0,0.0,49.9684748984808,50.402436995874595,50.558900894121045,0,9,45,45,0,45,0,0,0,600.0
1000.0,-800.0,1280.6248474865697,-38.65980825409009,0.0,1.0,0.0,1.0,0.0,45.040974600802315,45.14481987445758,45.16349363892786,0,9,45,45,0,45,0,0,0,900.0
1000.0,-800.0,1280.6248474865697,-38.65980825409009,0.0,1.0,0.0,1.0,0.0,58.051964267142154,59.211364049459675,59.684650832204916,0,9,45,45,0,45,0,0,0,1200.0
1000.0,-800.0,1280.6248474865697,-38.65980825409009,0.0,1.0,0.0,1.0,0.0,88.76470420082174,91.75231153456504,93.52343843460821,0,9,45,45,0,45,0,0,0,1500.0
1100.0,-800.0,1360.1470508735442,-36.02737338510361,0.0,1.0,0.0,1.0,0.0,67.13052226316412,68.31045551805,68.56903174931838,0,9,45,45,0,45,0,0,0,300.0
1100.0,-800.0,1360.1470508735442,-36.02737338510361,0.0,1.0,0.0,1.0,0.0,55.97705478028073,56.581629151212425,56.826368550414216,0,9,45,45,0,45,0,0,0,600.0
1100.0,-800.0,1360.1470508735442,-36.02737338510361,0.0,1.0,0.0,1.0,0.0,48.92935574904394,49.145289550695395,49.21627331283313,0,9,45,45,0,45,0,0,0,900.0
1100.0,-800.0,1360.1470508735442,-36.02737338510361,0.0,1.0,0.0,1.0,0.0,53.72346291700851,54.68783863166211,54.882883736308,0,9,45,45,0,45,0,0,0,1200.0
1100.0,-800.0,1360.1470508735442,-36.02737338510361,0.0,1.0,0.0,1.0,0.0,80.52679953000738,82.81805571233043,84.10825838298744,0,9,45,45,0,45,0,0,0,1500.0
1200.0,-800.0,1442.2205101855957,-33.690067525979785,0.0,1.0,0.0,1.0,0.0,75.76085120488756,77.26097793275945,77.58750889528254,0,9,45,45,0,45,0,0,0,300.0
1200.0,-800.0,1442.2205101855957,-33.690067525979785,0.0,1.0,0.0,1.0,0.0,62.91596242437674,63.729321837566914,64.08094674929502,0,9,45,45,0,45,0,0,0,600.0
1200.0,-800.0,1442.2205101855957,-33.690067525979785,0.0,1.0,0.0,1.0,0.0,53.75542185941291,54.10422147249215,54.26313102800583,0,9,45,45,0,45,0,0,0,900.0
1200.0,-800.0,1442.2205101855957,-33.690067525979785,0.0,1.0,0.0,0.4222222222222222,0.0,50.360757993831314,51.18202528044056,51.186091095354385,0,9,45,45,0,19,0,0,0,1200.0
1200.0,-800.0,1442.2205101855957,-33.690067525979785,0.0,1.0,0.0,1.0,0.0,73.4864037952439,75.20332455270153,76.10904418282375,0,9,45,45,0,45,0,0,0,1500.0
1300.0,-800.0,1526.4337522473747,-31.6075022462489,0.0,1.0,0.0,1.0,0.0,85.27643993928373,87.15591870099762,87.5579537530213,0,9,45,45,0,45,0,0,0,300.0
1300.0,-800.0,1526.4337522473747,-31.6075022462489,0.0,1.0,0.0,1.0,0.0,70.78583495585437,71.85269234516088,72.32888264076226,0,9,45,45,0,45,0,0,0,600.0
1300.0,-800.0,1526.4337522473747,-31.6075022462489,0.0,1.0,0.0,1.0,0.0,59.559649168970985,60.085549592328206,60.35090258794994,0,9,45,45,0,45,0,0,0,900.0
1300.0,-800.0,1526.4337522473747,-31.6075022462489,0.0,1.0,0.0,1.0,0.0,53.686342256842956,53.809521825174585,53.839463247445174,0,9,45,45,0,45,0,0,0,1200.0
1300.0,-800.0,1526.4337522473747,-31.6075022462489,0.0,1.0,0.0,1.0,0.0,67.64157672582056,68.89468546196855,69.50507434113176,0,9,45,45,0,45,0,0,0,1500.0
1400.0,-800.0,1612.4515496597098,-29.74488129694222,0.0,1.0,0.0,1.0,0.0,95.67571469816282,98.00000610609797,98.48506784453788,0,9,45,45,0,45,0,0,0,300.0
1400.0,-800.0,1612.4515496597098,-29.74488129694222,0.0,1.0,0.0,1.0,0.0,79.58309697704027,80.95468180767011,81.57232645899158,0,9,45,45,0,45,0,0,0,600.0
1400.0,-800.0,1612.4515496597098,-29.74488129694222,0.0,1.0,0.0,1.0,0.0,66.36680748194844,67.11195064110825,67.50350898971344,0,9,45,45,0,45,0,0,0,900.0
1400.0,-800.0,1612.4515496597098,-29.74488129694222,0.0,1.0,0.0,1.0,0.0,58.00565126449126,58.25928983039721,58.37248011108998,0,9,45,45,0,45,0,0,0,1200.0
1400.0,-800.0,1612.4515496597098,-29.74488129694222,0.0,1.0,0.0,1.0,0.0,62.95910967342154,63.98099537956981,64.24219611269923,0,9,45,45,0,45,0,0,0,1500.0
1500.0,-800.0,1700.0,-28.072486935852957,0.0,1.0,0.0,1.0,0.0,106.95713612144093,109.79804289059268,110.37366314880978,0,9,45,45,0,45,0,0,0,300.0
1500.0,-800.0,1700.0,-28.072486935852957,0.0,1.0,0.0,1.0,0.0,89.30218793777588,91.03621493153796,91.81160863813098,0,9,45,45,0,45,0,0,0,600.0
1500.0,-800.0,1700.0,-28.072486935852957,0.0,1.0,0.0,1.0,0.0,74.16143049281447,75.18919362480996,75.72867325930424,0,9,45,45,0,45,0,0,0,900.0
1500.0,-800.0,1700.0,-28.072486935852957,0.0,1.0,0.0,1.0,0.0,63.37035904029728,63.79508814628828,64.02130063944726,0,9,45,45,0,45,0,0,0,1200.0
1500.0,-800.0,1700.0,-28.072486935852957,0.0,1.0,0.0,0.4222222222222222,0.0,59.36172786319352,60.23193156514624,60.237308605089694,0,9,45,45,0,19,0,0,0,1500.0
1600.0,-800.0,1788.8543819998317,-26.56505117707799,0.0,1.0,0.0,1.0,0.0,119.1192983379426,122.55500986373454,123.22875722394272,0,9,45,45,0,45,0,0,0,300.0
1600.0,-800.0,1788.8543819998317,-26.56505117707799,0.0,1.0,0.0,1.0,0.0,99.93694979696144,102.09759648752197,103.04663241202036,0,9,45,45,0,45,0,0,0,600.0
1600.0,-800.0,1788.8543819998317,-26.56505117707799,0.0,1.0,0.0,1.0,0.0,82.95515665705469,84.31015650682603,85.02449345393717,0,9,45,45,0,45,0,0,0,900.0
1600.0,-800.0,1788.8543819998317,-26.56505117707799,0.0,1.0,0.0,1.0,0.0,69.7989934050016,70.4719193983088,70.83074695271081,0,9,45,45,0,45,0,0,0,1200.0
1600.0,-800.0,1788.8543819998317,-26.56505117707799,0.0,1.0,0.0,1.0,0.0,62.9159624243767,63.059620871691344,63.10387572724104,0,9,45,45,0,45,0,0,0,1500.0
1700.0,-800.0,1878.8294228055936,-25.20112364547507,0.0,1.0,0.0,1.0,0.0,132.16096576279224,136.27610652374818,137.0556067727373,0,9,45,45,0,45,0,0,0,300.0
1700.0,-800.0,1878.8294228055936,-25.20112364547507,0.0,1.0,0.0,1.0,0.0,111.48139481201639,114.13929374939009,115.2776266055966,0,9,45,45,0,45,0,0,0,600.0
1700.0,-800.0,1878.8294228055936,-25.20112364547507,0.0,1.0,0.0,1.0,0.0,92.73026788929519,94.46681379234161,95.38446280857575,0,9,45,45,0,45,0,0,0,900.0
1700.0,-800.0,1878.8294228055936,-25.20112364547507,0.0,1.0,0.0,1.0,0.0,77.32915487273408,78.28547106426012,78.81645130445263,0,9,45,45,0,45,0,0,0,1200.0
1700.0,-800.0,1878.8294228055936,-25.20112364547507,0.0,1.0,0.0,1.0,0.0,67.5882164073246,67.8911027690163,68.04735813137255,0,9,45,45,0,45,0,0,0,1500.0
1800.0,-800.0,1969.771560359221,-23.962488974578186,0.0,1.0,0.0,1.0,0.0,146.08107666030313,150.96675771743583,151.85970885877043,0,9,45,45,0,45,0,0,0,300.0
1800.0,-800.0,1969.771560359221,-23.962488974578186,0.0,1.0,0.0,1.0,0.0,123.93007347616712,127.16231936835746,128.50549320889894,0,9,45,45,0,45,0,0,0,600.0
1800.0,-800.0,1969.771560359221,-23.962488974578186,0.0,1.0,0.0,1.0,0.0,103.4734765162854,105.64963617608868,106.80072168410237,0,9,45,45,0,45,0,0,0,900.0
1800.0,-800.0,1969.771560359221,-23.962488974578186,0.0,1.0,0.0,1.0,0.0,85.93004509429585,87.23671658329565,87.97481615109298,0,9,45,45,0,45,0,0,0,1200.0
1800.0,-800.0,1969.771560359221,-23.962488974578186,0.0,1.0,0.0,1.0,0.0,73.41866271209666,73.9595060376941,74.25081924519866,0,9,45,45,0,45,0,0,0,1500.0
-500.0,-700.0,860.2325267042627,-125.53767779197437,0.0,1.0,0.0,1.0,0.0,69.2654253546864,73.25432709702767,74.2505010965295,0,9,45,45,0,45,0,0,0,300.0
-500.0,-700.0,860.2325267042627,-125.53767779197437,0.0,1.0,0.0,1.0,0.0,119.97251135576957,128.47577017305457,132.5170084046026,0,9,45,45,0,45,0,0,0,600.0
-500.0,-700.0,860.2325267042627,-125.53767779197437,0.0,1.0,0.0,1.0,0.0,188.6999368201518,205.6771834030484,215.0044825793781,0,9,45,45,0,45,0,0,0,900.0
-500.0,-700.0,860.2325267042627,-125.53767779197437,0.0,1.0,0.0,1.0,0.0,275.67371208760295,306.65542555463145,324.37146197923516,0,9,45,45,0,45,0,0,0,1200.0
-500.0,-700.0,860.2325267042627,-125.53767779197437,0.0,1.0,0.0,1.0,0.0,381.2091285658304,432.9919767334285,463.6884946747091,0,9,45,45,0,45,0,0,0,1500.0
-400.0,-700.0,806.2257748298549,-119.74488129694222,0.0,1.0,0.0,1.0,0.0,60.36657094064719,63.452006613087235,64.22612237745317,0,9,45,45,0,45,0,0,0,300.0
-400.0,-700.0,806.2257748298549,-119.74488129694222,0.0,1.0,0.0,1.0,0.0,106.63877684796077,113.502602873786,116.86269017498469,0,9,45,45,0,45,0,0,0,600.0
-400.0,-700.0,806.2257748298549,-119.74488129694222,0.0,1.0,0.0,1.0,0.0,170.81432401852172,185.16947416301682,193.0514426302027,0,9,45,45,0,45,0,0,0,900.0
-400.0,-700.0,806.2257748298549,-119.74488129694222,0.0,1.0,0.0,1.0,0.0,253.13720651177084,280.03187237061235,295.3987052193202,0,9,45,45,0,45,0,0,0,1200.0
-400.0,-700.0,806.2257748298549,-119.74488129694222,0.0,1.0,0.0,1.0,0.0,353.9287555179324,399.56404229367917,426.893991918776,0,9,45,45,0,45,0,0,0,1500.0
-300.0,-700.0,761.5773105863908,-113.19859051364818,0.0,1.0,0.0,1.0,0.0,52.49639700432128,54.855000248227256,55.43698138890947,0,9,45,45,0,45,0,0,0,300.0
-300.0,-700.0,761.5773105863908,-113.19859051364818,0.0,1.0,0.0,1.0,0.0,94.36553822950631,99.87887666510538,102.59738964180406,0,9,45,45,0,45,0,0,0,600.0
-300.0,-700.0,761.5773105863908,-113.19859051364818,0.0,1.0,0.0,1.0,0.0,154.0062460766969,166.03918009755034,172.6412758857721,0,9,45,45,0,45,0,0,0,900.0
-300.0,-700.0,761.5773105863908,-113.19859051364818,0.0,1.0,0.0,1.0,0.0,231.69252592949812,254.8926978822867,268.1384848453724,0,9,45,45,0,45,0,0,0,1200.0
-300.0,-700.0,761.5773105863908,-113.19859051364818,0.0,1.0,0.0,1.0,0.0,327.7577647570787,367.7828039251066,392.00761333444126,0,9,45,45,0,45,0,0,0,1500.0
-200.0,-700.0,728.0109889280518,-105.94539590092286,0.0,1.0,0.0,1.0,0.0,45.65427234573605,47.437594235784324,47.85640052403255,0,9,45,45,0,45,0,0,0,300.0
-200.0,-700.0,728.0109889280518,-105.94539590092286,0.0,1.0,0.0,1.0,0.0,83.15799981929372,87.5320803372955,89.69715953434614,0,9,45,45,0,45,0,0,0,600.0
-200.0,-700.0,728.0109889280518,-105.94539590092286,0.0,1.0,0.0,1.0,0.0,138.28016782641134,148.26972477999863,153.7453652287152,0,9,45,45,0,45,0,0,0,900.0
-200.0,-700.0,728.0109889280518,-105.94539590092286,0.0,1.0,0.0,1.0,0.0,211.3411600583899,231.15147465528298,242.554464372869,0,9,45,45,0,45,0,0,0,1200.0
-200.0,-700.0,728.0109889280518,-105.94539590092286,0.0,1.0,0.0,1.0,0.0,302.6945912586877,337.61658401255056,358.9841942706579,0,9,45,45,0,45,0,0,0,1500.0
-100.0,-700.0,707.1067811865476,-98.13010235415598,0.0,1.0,0.5555555555555556,1.0,0.5555555555555556,39.83761051920558,41.172857556579956,41.45644501443622,0,9,45,45,25,45,25,0,0,300.0
-100.0,-700.0,707.1067811865476,-98.13010235415598,0.0,1.0,0.0,1.0,0.0,73.02288296230407,76.4477015451259,78.14045089698027,0,9,45,45,0,45,0,0,0,600.0
-100.0,-700.0,707.1067811865476,-98.13010235415598,0.0,1.0,0.0,1.0,0.0,123.64290750730059,131.84744181809032,136.33844796309094,0,9,45,45,0,45,0,0,0,900.0
-100.0,-700.0,707.1067811865476,-98.13010235415598,0.0,1.0,0.0,1.0,0.0,192.08654103291613,208.85233402012096,218.6134310993664,0,9,45,45,0,45,0,0,0,1200.0
-100.0,-700.0,707.1067811865476,-98.13010235415598,0.0,1.0,0.0,1.0,0.0,278.7391240545283,309.03606399540644,327.7814671883084,0,9,45,45,0,45,0,0,0,1500.0
0.0,-700.0,700.0,-90.0,1.0,1.0,1.0,1.0,1.0,35.03987674749881,36.03064854856552,36.20588260956473,9,9,45,45,45,45,45,0,0,300.0
0.0,-700.0,700.0,-90.0,0.0,1.0,0.0,1.0,0.0,63.96787194245642,66.61281026962561,67.90757393245846,0,9,45,45,0,45,0,0,0,600.0
0.0,-700.0,700.0,-90.0,0.0,1.0,0.0,1.0,0.0,110.10401850144105,116.76195672038261,120.39899100575695,0,9,45,45,0,45,0,0,0,900.0
0.0,-700.0,700.0,-90.0,0.0,1.0,0.0,1.0,0.0,173.93443924784825,188.00374238314583,196.28565089473437,0,9,45,45,0,45,0,0,0,1200.0
0.0,-700.0,700.0,-90.0,0.0,1.0,0.0,1.0,0.0,255.8929700939993,282.01450611745423,298.36025736926916,0,9,45,45,0,45,0,0,0,1500.0
100.0,-700.0,707.1067811865476,-81.86989764584403,1.0,1.0,1.0,1.0,1.0,31.248251609538805,31.975225970481606,32.06774663205458,9,9,45,45,45,45,45,0,0,300.0
100.0,-700.0,707.1067811865476,-81.86989764584403,0.0,1.0,0.0,1.0,0.0,56.00022853464064,58.014700389036605,58.97932805556632,0,9,45,45,0,45,0,0,0,600.0
100.0,-700.0,707.1067811865476,-81.86989764584403,0.0,1.0,0.0,1.0,0.0,97.67611650187129,103.0065272278951,105.90953241174694,0,9,45,45,0,45,0,0,0,900.0
100.0,-700.0,707.1067811865476,-81.86989764584403,0.0,1.0,0.0,1.0,0.0,156.893449670443,168.58955571889385,175.5453271728731,0,9,45,45,0,45,0,0,0,1200.0
100.0,-700.0,707.1067811865476,-81.86989764584403,0.0,1.0,0.0,1.0,0.0,234.159790185267,256.5280515385871,270.6847588013826,0,9,45,45,0,45,0,0,0,1500.0
200.0,-700.0,728.0109889280518,-74.05460409907715,1.0,1.0,1.0,1.0,1.0,28.44216749660164,28.963606431342846,28.997701804689672,9,9,45,45,45,45,45,0,0,300.0
200.0,-700.0,728.0109889280518,-74.05460409907715,0.0,1.0,0.0,1.0,0.0,49.1240105787548,50.66416736422239,51.334206700571876,0,9,45,45,0,45,0,0,0,600.0
200.0,-700.0,728.0109889280518,-74.05460409907715,0.0,1.0,0.0,1.0,0.0,86.37498747439324,90.57817954078425,92.85682739583604,0,9,45,45,0,45,0,0,0,900.0
200.0,-700.0,728.0109889280518,-74.05460409907715,0.0,1.0,0.0,1.0,0.0,140.97557022419358,150.5977366184075,156.37117091572796,0,9,45,45,0,45,0,0,0,1200.0
200.0,-700.0,728.0109889280518,-74.05460409907715,0.0,1.0,0.0,1.0,0.0,213.54572535297257,232.55611417241965,244.72291082654448,0,9,45,45,0,45,0,0,0,1500.0
300.0,-700.0,761.5773105863908,-66.80140948635182,0.0,1.0,1.0,0.4222222222222222,0.4222222222222222,26.59455008385167,26.94625163064769,26.94676594559922,0,9,45,45,45,19,19,26,0,300.0
300.0,-700.0,761.5773105863908,-66.80140948635182,0.0,1.0,0.0,1.0,0.0,43.335321703680115,44.51739738408495,44.94355037104101,0,9,45,45,0,45,0,0,0,600.0
300.0,-700.0,761.5773105863908,-66.80140948635182,0.0,1.0,0.0,1.0,0.0,76.21915179140676,79.47731337232355,81.23146913722707,0,9,45,45,0,45,0,0,0,900.0
300.0,-700.0,761.5773105863908,-66.80140948635182,0.0,1.0,0.0,1.0,0.0,126.1968492361312,134.0210042862234,138.74706591271772,0,9,45,45,0,45,0,0,0,1200.0
300.0,-700.0,761.5773105863908,-66.80140948635182,0.0,1.0,0.0,1.0,0.0,194.05993411228542,210.081892408162,220.44689969156295,0,9,45,45,0,45,0,0,0,1500.0
400.0,-700.0,806.2257748298549,-60.25511870305778,1.0,1.0,1.0,1.0,1.0,28.422534634657218,28.49745503438824,28.503071248747762,9,9,45,45,45,45,45,0,0,300.0
400.0,-700.0,806.2257748298549,-60.25511870305778,1.0,1.0,1.0,1.0,1.0,38.61556355366831,39.52926654360378,39.764562946156985,9,9,45,45,45,45,45,0,0,600.0
400.0,-700.0,806.2257748298549,-60.25511870305778,0.0,1.0,0.0,1.0,0.0,67.22830961268586,69.70618609308362,71.02638317626653,0,9,45,45,0,45,0,0,0,900.0
400.0,-700.0,806.2257748298549,-60.25511870305778,0.0,1.0,0.0,1.0,0.0,112.57802428711447,118.85749369248217,122.66275984907618,0,9,45,45,0,45,0,0,0,1200.0
400.0,-700.0,806.2257748298549,-60.25511870305778,0.0,1.0,0.0,1.0,0.0,175.71526025699814,189.0930208945054,197.83381027388464,0,9,45,45,0,45,0,0,0,1500.0
500.0,-700.0,860.2325267042627,-54.46232220802562,1.0,1.0,1.0,1.0,1.0,31.223020812700685,31.38242556395994,31.403979006461384,9,9,45,45,45,45,45,0,0,300.0
500.0,-700.0,860.2325267042627,-54.46232220802562,1.0,1.0,1.0,1.0,1.0,34.92424507119599,35.63918704514993,35.73276396358681,9,9,45,45,45,45,45,0,0,600.0
500.0,-700.0,860.2325267042627,-54.46232220802562,0.0,1.0,0.0,1.0,0.0,59.41978541380856,61.26535396838017,62.23324449030425,0,9,45,45,0,45,0,0,0,900.0
500.0,-700.0,860.2325267042627,-54.46232220802562,0.0,1.0,0.0,1.0,0.0,100.14496473791323,105.11123984329036,108.1143992571532,0,9,45,45,0,45,0,0,0,1200.0
500.0,-700.0,860.2325267042627,-54.46232220802562,0.0,1.0,0.0,1.0,0.0,158.5290421252907,169.5944615454482,176.86644740986668,0,9,45,45,0,45,0,0,0,1500.0
600.0,-700.0,921.9544457292888,-49.398705354995535,1.0,1.0,1.0,1.0,1.0,35.00616887190621,35.27112721772592,35.31966101160452,9,9,45,45,45,45,45,0,0,300.0
600.0,-700.0,921.9544457292888,-49.398705354995535,0.0,1.0,1.0,0.4222222222222222,0.4222222222222222,32.1943118484181,32.76085229558997,32.76246927406997,0,9,45,45,45,19,19,26,0,600.0
600.0,-700.0,921.9544457292888,-49.398705354995535,0.0,1.0,0.0,1.0,0.0,52.80192581575281,54.15681212468057,54.83564433810964,0,9,45,45,0,45,0,0,0,900.0
600.0,-700.0,921.9544457292888,-49.398705354995535,0.0,1.0,0.0,1.0,0.0,88.92852790471825,92.79209600937645,95.10451090809315,0,9,45,45,0,45,0,0,0,1200.0
600.0,-700.0,921.9544457292888,-49.398705354995535,0.0,1.0,0.0,1.0,0.0,142.52404851893564,151.5834991575922,157.53432376775356,0,9,45,45,0,45,0,0,0,1500.0
700.0,-700.0,989.9494936611666,-45.0,0.0,1.0,0.7111111111111111,1.0,0.7111111111111111,39.791548488519744,40.19090797246026,40.277593398387225,0,9,45,45,32,45,32,0,0,300.0
700.0,-700.0,989.9494936611666,-45.0,1.0,1.0,1.0,1.0,1.0,34.899496702500976,34.99091477052639,35.00484481578062,9,9,45,45,45,45,45,0,0,600.0
700.0,-700.0,989.9494936611666,-45.0,0.0,1.0,0.0,1.0,0.0,47.363899499862505,48.39368677575869,48.79831185000331,0,9,45,45,0,45,0,0,0,900.0
700.0,-700.0,989.9494936611666,-45.0,0.0,1.0,0.0,1.0,0.0,78.9631093344239,81.91435088398623,83.64066567209802,0,9,45,45,0,45,0,0,0,1200.0
700.0,-700.0,989.9494936611666,-45.0,0.0,1.0,0.0,1.0,0.0,127.72946561563077,135.04158144299706,139.83475281767096,0,9,45,45,0,45,0,0,0,1500.0
800.0,-700.0,1063.014581273465,-41.18592516570965,0.0,1.0,0.0,1.0,0.0,45.59069423412997,46.161286346255096,46.297072492743425,0,9,45,45,0,45,0,0,0,300.0
800.0,-700.0,1063.014581273465,-41.18592516570965,1.0,1.0,1.0,1.0,1.0,38.58320322118683,38.77788596084105,38.83168004535223,9,9,45,45,45,45,45,0,0,600.0
800.0,-700.0,1063.014581273465,-41.18592516570965,0.0,1.0,0.0,1.0,0.0,43.06323863012935,43.889871285709724,44.05374999916157,0,9,45,45,0,45,0,0,0,900.0
800.0,-700.0,1063.014581273465,-41.18592516570965,0.0,1.0,0.0,1.0,0.0,70.2827337382679,72.49284518701737,73.73154892039352,0,9,45,45,0,45,0,0,0,1200.0
800.0,-700.0,1063.014581273465,-41.18592516570965,0.0,1.0,0.0,1.0,0.0,114.18173207477294,119.98603641640952,123.77385560909046,0,9,45,45,0,45,0,0,0,1500.0
900.0,-700.0,1140.175425099138,-37.874983651098205,0.0,1.0,0.0,1.0,0.0,52.40856433063384,53.19531264254449,53.39080546831726,0,9,45,45,0,45,0,0,0,300.0
900.0,-700.0,1140.175425099138,-37.874983651098205,0.0,1.0,0.0,1.0,0.0,43.29191497422148,43.61434646569562,43.735544403338395,0,9,45,45,0,45,0,0,0,600.0
900.0,-700.0,1140.175425099138,-37.874983651098205,0.0,1.0,0.6,0.4222222222222222,0.022222222222222223,39.81389142574455,40.496487085487175,40.49938836122293,0,9,45,45,27,19,1,26,0,900.0
900.0,-700.0,1140.175425099138,-37.874983651098205,0.0,1.0,0.0,1.0,0.0,62.913216024554664,64.52592323589133,65.37872820346489,0,9,45,45,0,45,0,0,0,1200.0
900.0,-700.0,1140.175425099138,-37.874983651098205,0.0,1.0,0.0,1.0,0.0,101.92477896636709,106.44265384764276,109.36703095068466,0,9,45,45,0,45,0,0,0,1500.0
1000.0,-700.0,1220.6555615733703,-34.99202019855866,0.0,1.0,0.0,1.0,0.0,60.24587216450513,61.30184666611538,61.567335457292,0,9,45,45,0,45,0,0,0,300.0
1000.0,-700.0,1220.6555615733703,-34.99202019855866,0.0,1.0,0.0,1.0,0.0,49.06490207545153,49.54794041133753,49.7637098216298,0,9,45,45,0,45,0,0,0,600.0
1000.0,-700.0,1220.6555615733703,-34.99202019855866,0.0,1.0,0.0,1.0,0.0,43.0327658317892,43.14478314654965,43.17080821706814,0,9,45,45,0,45,0,0,0,900.0
1000.0,-700.0,1220.6555615733703,-34.99202019855866,0.0,1.0,0.0,1.0,0.0,56.85934321156085,58.00035890166551,58.562767152247424,0,9,45,45,0,45,0,0,0,1200.0
1000.0,-700.0,1220.6555615733703,-34.99202019855866,0.0,1.0,0.0,1.0,0.0,91.00882739094646,94.44461034482958,96.6379788596814,0,9,45,45,0,45,0,0,0,1500.0
1100.0,-700.0,1303.8404810405298,-32.47119229084849,0.0,1.0,0.0,1.0,0.0,69.10107541380602,70.4875285856663,70.83307420873402,0,9,45,45,0,45,0,0,0,300.0
1100.0,-700.0,1303.8404810405298,-32.47119229084849,0.0,1.0,0.0,1.0,0.0,55.919263713192656,56.608865426448695,56.94053955847814,0,9,45,45,0,45,0,0,0,600.0
1100.0,-700.0,1303.8404810405298,-32.47119229084849,0.0,1.0,0.0,1.0,0.0,47.32422596473804,47.560210014932665,47.66016848442388,0,9,45,45,0,45,0,0,0,900.0
1100.0,-700.0,1303.8404810405298,-32.47119229084849,0.0,1.0,0.0,1.0,0.0,52.088153878519,52.98468427890562,53.224702520847536,0,9,45,45,0,45,0,0,0,1200.0
1100.0,-700.0,1303.8404810405298,-32.47119229084849,0.0,1.0,0.0,1.0,0.0,81.48634060163214,84.04240780449845,85.61468718979454,0,9,45,45,0,45,0,0,0,1500.0
1200.0,-700.0,1389.2443989449805,-30.256437163529263,0.0,1.0,0.0,1.0,0.0,78.97169409003439,80.75809823048863,81.19363032573598,0,9,45,45,0,45,0,0,0,300.0
1200.0,-700.0,1389.2443989449805,-30.256437163529263,0.0,1.0,0.0,1.0,0.0,63.85710729272213,64.80941037689647,65.27522007101368,0,9,45,45,0,45,0,0,0,600.0
1200.0,-700.0,1389.2443989449805,-30.256437163529263,0.0,1.0,0.0,1.0,0.0,52.74894465674887,53.15196602199367,53.35912115389731,0,9,45,45,0,45,0,0,0,900.0
1200.0,-700.0,1389.2443989449805,-30.256437163529263,0.0,1.0,0.0,0.4222222222222222,0.0,48.51068347832411,49.2562304868284,49.26044446635893,0,9,45,45,0,19,0,0,0,1200.0
1200.0,-700.0,1389.2443989449805,-30.256437163529263,0.0,1.0,0.0,1.0,0.0,73.40325775646231,75.26057058063432,76.32012439434881,0,9,45,45,0,45,0,0,0,1500.0
1300.0,-700.0,1476.48230602334,-28.30075576600638,0.0,1.0,0.0,1.0,0.0,89.85505304201078,92.11914641812251,92.65454671121219,0,9,45,45,0,45,0,0,0,300.0
1300.0,-700.0,1476.48230602334,-28.30075576600638,0.0,1.0,0.0,1.0,0.0,72.87228851616487,74.14364952882946,74.76884543366587,0,9,45,45,0,45,0,0,0,600.0
1300.0,-700.0,1476.48230602334,-28.30075576600638,0.0,1.0,0.0,1.0,0.0,59.34799466918889,59.98193929857774,60.3161417131441,0,9,45,45,0,45,0,0,0,900.0
1300.0,-700.0,1476.48230602334,-28.30075576600638,0.0,1.0,0.0,1.0,0.0,52.05163465440324,52.18627979218182,52.22868117509728,0,9,45,45,0,45,0,0,0,1200.0
1300.0,-700.0,1476.48230602334,-28.30075576600638,0.0,1.0,0.0,1.0,0.0,66.7839767640293,68.08016427093035,68.75557825834132,0,9,45,45,0,45,0,0,0,1500.0
1400.0,-700.0,1565.2475842498527,-26.56505117707799,0.0,1.0,0.0,1.0,0.0,101.74864321329815,104.5764863202638,105.22165251260967,0,9,45,45,0,45,0,0,0,300.0
1400.0,-700.0,1565.2475842498527,-26.56505117707799,0.0,1.0,0.0,1.0,0.0,82.95515665705481,84.60822166157011,85.41929923770824,0,9,45,45,0,45,0,0,0,600.0
1400.0,-700.0,1565.2475842498527,-26.56505117707799,0.0,1.0,0.0,1.0,0.0,67.1305222631636,68.05441402527428,68.54627194952191,0,9,45,45,0,45,0,0,0,900.0
1400.0,-700.0,1565.2475842498527,-26.56505117707799,0.0,1.0,0.0,1.0,0.0,56.812264571418666,57.10327018617518,57.253823498822044,0,9,45,45,0,45,0,0,0,1200.0
1400.0,-700.0,1565.2475842498527,-26.56505117707799,0.0,1.0,0.0,1.0,0.0,61.61089719573463,62.55636351522815,62.877228910817685,0,9,45,45,0,45,0,0,0,1500.0
1500.0,-700.0,1655.294535724685,-25.016893478100023,0.0,1.0,0.0,1.0,0.0,114.65026418438111,118.13630490714326,118.90119697660707,0,9,45,45,0,45,0,0,0,300.0
1500.0,-700.0,1655.294535724685,-25.016893478100023,0.0,1.0,0.0,1.0,0.0,94.09533254438699,96.19914062006033,97.22404598375162,0,9,45,45,0,45,0,0,0,600.0
1500.0,-700.0,1655.294535724685,-25.016893478100023,0.0,1.0,0.0,1.0,0.0,76.08619538009307,77.36180348447832,78.04480000187745,0,9,45,45,0,45,0,0,0,900.0
1500.0,-700.0,1655.294535724685,-25.016893478100023,0.0,1.0,0.0,1.0,0.0,62.85074096528219,63.37887964647433,63.66256130660243,0,9,45,45,0,45,0,0,0,1200.0
1500.0,-700.0,1655.294535724685,-25.016893478100023,0.0,1.0,0.0,0.4222222222222222,0.0,57.800473230130144,58.582467139726475,58.58798671318753,0,9,45,45,0,19,0,0,0,1500.0
1600.0,-700.0,1746.424919657298,-23.629377730656817,0.0,1.0,0.0,1.0,0.0,128.55805415528056,132.80520002962217,133.69987286031716,0,9,45,45,0,45,0,0,0,300.0
1600.0,-700.0,1746.424919657298,-23.629377730656817,0.0,1.0,0.0,1.0,0.0,106.28309133778093,108.9131730425303,110.18147716562684,0,9,45,45,0,45,0,0,0,600.0
1600.0,-700.0,1746.424919657298,-23.629377730656817,0.0,1.0,0.0,1.0,0.0,86.1953984127697,87.88879010480866,88.79814916030953,0,9,45,45,0,45,0,0,0,900.0
1600.0,-700.0,1746.424919657298,-23.629377730656817,0.0,1.0,0.0,1.0,0.0,70.19848216204859,71.01980864211325,71.49207057118737,0,9,45,45,0,45,0,0,0,1200.0
1600.0,-700.0,1746.424919657298,-23.629377730656817,0.0,1.0,0.0,1.0,0.0,61.56814172340683,61.726404976435276,61.78974422326809,0,9,45,45,0,45,0,0,0,1500.0
1700.0,-700.0,1838.4776310850236,-22.380135051959574,0.0,1.0,0.0,1.0,0.0,143.47046840547065,148.59016433031218,149.62479047832497,0,9,45,45,0,45,0,0,0,300.0
1700.0,-700.0,1838.4776310850236,-22.380135051959574,0.0,1.0,0.0,1.0,0.0,119.5099142290319,122.76389955670555,124.29141639488283,0,9,45,45,0,45,0,0,0,600.0
1700.0,-700.0,1838.4776310850236,-22.380135051959574,0.0,1.0,0.0,1.0,0.0,97.43583151430977,99.61773657584476,100.79070857074403,0,9,45,45,0,45,0,0,0,900.0
1700.0,-700.0,1838.4776310850236,-22.380135051959574,0.0,1.0,0.0,1.0,0.0,78.84884460820268,80.03465672677395,80.73914886795856,0,9,45,45,0,45,0,0,0,1200.0
1700.0,-700.0,1838.4776310850236,-22.380135051959574,0.0,1.0,0.0,1.0,0.0,66.72942902888737,67.096463109263,67.29402548989607,0,9,45,45,0,45,0,0,0,1500.0
1800.0,-700.0,1931.3207915827966,-21.25050550713324,0.0,1.0,0.0,1.0,0.0,159.38623840982288,165.49854852385795,166.68343414798733,0,9,45,45,0,45,0,0,0,300.0
1800.0,-700.0,1931.3207915827966,-21.25050550713324,0.0,1.0,0.0,1.0,0.0,133.7686038350967,137.75641990866163,139.55519446687447,0,9,45,45,0,45,0,0,0,600.0
1800.0,-700.0,1931.3207915827966,-21.25050550713324,0.0,1.0,0.0,1.0,0.0,109.78606417879114,112.53222913553445,114.00836700802171,0,9,45,45,0,45,0,0,0,900.0
1800.0,-700.0,1931.3207915827966,-21.25050550713324,0.0,1.0,0.0,1.0,0.0,88.77383928877146,90.39884057637735,91.37906518898124,0,9,45,45,0,45,0,0,0,1200.0
1800.0,-700.0,1931.3207915827966,-21.25050550713324,0.0,1.0,0.0,1.0,0.0,73.33132573864977,73.9884102710952,74.37963245147192,0,9,45,45,0,45,0,0,0,1500.0
-500.0,-600.0,781.0249675906655,-129.8055710922652,0.0,1.0,0.0,1.0,0.0,73.0980677592805,77.88452039295566,79.24890998950124,0,9,45,45,0,45,0,0,0,300.0
-500.0,-600.0,781.0249675906655,-129.8055710922652,0.0,1.0,0.0,1.0,0.0,132.04298146121093,142.85872106015375,148.32888324312677,0,9,45,45,0,45,0,0,0,600.0
-500.0,-600.0,781.0249675906655,-129.8055710922652,0.0,1.0,0.0,1.0,0.0,212.18363013445844,234.69498662309846,247.330704292862,0,9,45,45,0,45,0,0,0,900.0
-500.0,-600.0,781.0249675906655,-129.8055710922652,0.0,1.0,0.0,1.0,0.0,313.8843721049832,355.694916560808,380.1964827283757,0,9,45,45,0,45,0,0,0,1200.0
-500.0,-600.0,781.0249675906655,-129.8055710922652,0.0,1.0,0.0,1.0,0.0,437.60677309790253,508.1680197394283,551.5641298657968,0,9,45,45,0,45,0,0,0,1500.0
-400.0,-600.0,721.1102550927978,-123.69006752597979,0.0,1.0,0.0,1.0,0.0,62.69237178290975,66.30984276258039,67.36658157974672,0,9,45,45,0,45,0,0,0,300.0
-400.0,-600.0,721.1102550927978,-123.69006752597979,0.0,1.0,0.0,1.0,0.0,116.40613203343389,125.09833499022237,129.5534174420189,0,9,45,45,0,45,0,0,0,600.0
-400.0,-600.0,721.1102550927978,-123.69006752597979,0.0,1.0,0.0,1.0,0.0,191.17171265672553,210.10223111295198,220.71994659171847,0,9,45,45,0,45,0,0,0,900.0
-400.0,-600.0,721.1102550927978,-123.69006752597979,0.0,1.0,0.0,1.0,0.0,287.3673199008747,323.53082460315113,344.6949596019762,0,9,45,45,0,45,0,0,0,1200.0
-400.0,-600.0,721.1102550927978,-123.69006752597979,0.0,1.0,0.0,1.0,0.0,405.4487992309351,467.4314815798626,505.94898455530256,0,9,45,45,0,45,0,0,0,1500.0
-300.0,-600.0,670.820393249937,-116.56505117707799,0.0,1.0,0.0,1.0,0.0,53.49376065858888,56.1846946525569,56.976152126829014,0,9,45,45,0,45,0,0,0,300.0
-300.0,-600.0,670.820393249937,-116.56505117707799,0.0,1.0,0.0,1.0,0.0,102.01135855554199,108.90307352821404,112.47862594084329,0,9,45,45,0,45,0,0,0,600.0
-300.0,-600.0,670.820393249937,-116.56505117707799,0.0,1.0,0.0,1.0,0.0,171.42393924200684,187.1938190216623,196.03212783972089,0,9,45,45,0,45,0,0,0,900.0
-300.0,-600.0,670.820393249937,-116.56505117707799,0.0,1.0,0.0,1.0,0.0,262.13849585211676,293.0913930730319,311.37429695045523,0,9,45,45,0,45,0,0,0,1200.0
-300.0,-600.0,670.820393249937,-116.56505117707799,0.0,1.0,0.0,1.0,0.0,374.61047485547687,428.78724067043333,462.8225094380596,0,9,45,45,0,45,0,0,0,1500.0
-200.0,-600.0,632.4555320336759,-108.43494882292202,0.0,1.0,0.0,1.0,0.0,45.50350322618939,47.47520056969443,48.042236526167876,0,9,45,45,0,45,0,0,0,300.0
-200.0,-600.0,632.4555320336759,-108.43494882292202,0.0,1.0,0.0,1.0,0.0,88.86456634103075,94.24769490718762,97.06833427491198,0,9,45,45,0,45,0,0,0,600.0
-200.0,-600.0,632.4555320336759,-108.43494882292202,0.0,1.0,0.0,1.0,0.0,152.9429819061091,165.94178520118217,173.22093254726505,0,9,45,45,0,45,0,0,0,900.0
-200.0,-600.0,632.4555320336759,-108.43494882292202,0.0,1.0,0.0,1.0,0.0,238.19600643019317,264.4597776142737,280.1749400477276,0,9,45,45,0,45,0,0,0,1200.0
-200.0,-600.0,632.4555320336759,-108.43494882292202,0.0,1.0,0.0,1.0,0.0,345.0857436317507,392.1831648235139,422.10996472615153,0,9,45,45,0,45,0,0,0,1500.0
-100.0,-600.0,608.276253029822,-99.46232220802563,0.2222222222222222,1.0,0.8444444444444444,1.0,0.8444444444444444,38.72165228078386,40.14747104326451,40.529423665808956,2,9,45,45,38,45,38,0,0,300.0
-100.0,-600.0,608.276253029822,-99.46232220802563,0.0,1.0,0.0,1.0,0.0,76.97485189101752,81.11112529220063,83.2910190004781,0,9,45,45,0,45,0,0,0,600.0
-100.0,-600.0,608.276253029822,-99.46232220802563,0.0,1.0,0.0,1.0,0.0,135.73470287325358,146.3223076352491,152.24498130609783,0,9,45,45,0,45,0,0,0,900.0
-100.0,-600.0,608.276253029822,-99.46232220802563,0.0,1.0,0.0,1.0,0.0,215.54030643932333,237.6414029728506,251.04187358772157,0,9,45,45,0,45,0,0,0,1200.0
-100.0,-600.0,608.276253029822,-99.46232220802563,0.0,1.0,0.0,1.0,0.0,316.87027079350224,357.57055873128013,383.7411479613756,0,9,45,45,0,45,0,0,0,1500.0
0.0,-600.0,600.0,-90.0,1.0,1.0,1.0,1.0,1.0,33.14390393422302,34.164509481342776,34.39909809186561,9,9,45,45,45,45,45,0,0,300.0
0.0,-600.0,600.0,-90.0,0.0,1.0,0.0,1.0,0.0,66.35457354661868,69.47653716423171,71.11988968814651,0,9,45,45,0,45,0,0,0,600.0
0.0,-600.0,600.0,-90.0,0.0,1.0,0.0,1.0,0.0,119.80890383010092,128.28010735599992,133.06852400382087,0,9,45,45,0,45,0,0,0,900.0
0.0,-600.0,600.0,-90.0,0.0,1.0,0.0,1.0,0.0,194.1747162372479,212.60211766816826,223.92502225977597,0,9,45,45,0,45,0,0,0,1200.0
0.0,-600.0,600.0,-90.0,0.0,1.0,0.0,1.0,0.0,289.9617373451262,324.90435935589267,347.65051999497103,0,9,45,45,0,45,0,0,0,1500.0
100.0,-600.0,608.276253029822,-80.53767779197439,1.0,1.0,1.0,1.0,1.0,28.756656668620284,29.481294987498046,29.604379584304105,9,9,45,45,45,45,45,0,0,300.0
100.0,-600.0,608.276253029822,-80.53767779197439,0.0,1.0,0.0,1.0,0.0,57.01857934928618,59.33061281656129,60.53215996661377,0,9,45,45,0,45,0,0,0,600.0
100.0,-600.0,608.276253029822,-80.53767779197439,0.0,1.0,0.0,1.0,0.0,105.18021483338397,111.8549272984825,115.6623079072113,0,9,45,45,0,45,0,0,0,900.0
100.0,-600.0,608.276253029822,-80.53767779197439,0.0,1.0,0.0,1.0,0.0,174.10610459598024,189.3125700770098,198.77983594710915,0,9,45,45,0,45,0,0,0,1200.0
100.0,-600.0,608.276253029822,-80.53767779197439,0.0,1.0,0.0,1.0,0.0,264.3602295551636,294.143434017686,313.77744009137956,0,9,45,45,0,45,0,0,0,1500.0
200.0,-600.0,632.4555320336759,-71.56505117707799,1.0,1.0,1.0,1.0,1.0,25.53173595186045,26.03937355134495,26.08458010844128,9,9,45,45,45,45,45,0,0,300.0
200.0,-600.0,632.4555320336759,-71.56505117707799,0.0,1.0,0.0,1.0,0.0,48.98155246943579,50.66094861520633,51.50643593587622,0,9,45,45,0,45,0,0,0,600.0
200.0,-600.0,632.4555320336759,-71.56505117707799,0.0,1.0,0.0,1.0,0.0,91.86902500989065,97.04001996066711,100.00453698191873,0,9,45,45,0,45,0,0,0,900.0
200.0,-600.0,632.4555320336759,-71.56505117707799,0.0,1.0,0.0,1.0,0.0,155.34578158072642,167.74905149028592,175.56811113025051,0,9,45,45,0,45,0,0,0,1200.0
200.0,-600.0,632.4555320336759,-71.56505117707799,0.0,1.0,0.0,1.0,0.0,240.0687557224762,265.25101387584044,282.0665437997169,0,9,45,45,0,45,0,0,0,1500.0
300.0,-600.0,670.820393249937,-63.43494882292201,0.0,1.0,1.0,0.4222222222222222,0.4222222222222222,23.425205766800484,23.764944543590197,23.765520187218385,0,9,45,45,45,19,19,26,0,300.0
300.0,-600.0,670.820393249937,-63.43494882292201,0.0,1.0,0.0,1.0,0.0,42.25183830076526,43.45061388681605,44.01648686483216,0,9,45,45,0,45,0,0,0,600.0
300.0,-600.0,670.820393249937,-63.43494882292201,0.0,1.0,0.0,1.0,0.0,79.90215834249983,83.8323841246997,86.08163925187195,0,9,45,45,0,45,0,0,0,900.0
300.0,-600.0,670.820393249937,-63.43494882292201,0.0,1.0,0.0,1.0,0.0,137.9106424440715,147.89460922661436,154.25910159860268,0,9,45,45,0,45,0,0,0,1200.0
300.0,-600.0,670.820393249937,-63.43494882292201,0.0,1.0,0.0,1.0,0.0,217.11112899678457,238.20326686850154,252.46830938797427,0,9,45,45,0,45,0,0,0,1500.0
400.0,-600.0,721.1102550927978,-56.309932474020215,1.0,1.0,1.0,1.0,1.0,25.51352391950991,25.59120367250212,25.59899002030612,9,9,45,45,45,45,45,0,0,300.0
400.0,-600.0,721.1102550927978,-56.309932474020215,1.0,1.0,1.0,1.0,1.0,36.82009695881294,37.71116388205509,38.019559132480104,9,9,45,45,45,45,45,0,0,600.0
400.0,-600.0,721.1102550927978,-56.309932474020215,0.0,1.0,0.0,1.0,0.0,69.3125829959861,72.23637284629905,73.88812561401413,0,9,45,45,0,45,0,0,0,900.0
400.0,-600.0,721.1102550927978,-56.309932474020215,0.0,1.0,0.0,1.0,0.0,121.8245740168728,129.74045012923617,134.83094899152152,0,9,45,45,0,45,0,0,0,1200.0
400.0,-600.0,721.1102550927978,-56.309932474020215,0.0,1.0,0.0,1.0,0.0,195.4468950455021,213.0333580900946,224.93987359698505,0,9,45,45,0,45,0,0,0,1500.0
500.0,-600.0,781.0249675906655,-50.19442890773481,1.0,1.0,1.0,1.0,1.0,28.731799470922866,28.901707634209732,28.93209824047452,9,9,45,45,45,45,45,0,0,300.0
500.0,-600.0,781.0249675906655,-50.19442890773481,1.0,1.0,1.0,1.0,1.0,32.6433680636724,33.31861243486553,33.439691358644396,9,9,45,45,45,45,45,0,0,600.0
500.0,-600.0,781.0249675906655,-50.19442890773481,0.0,1.0,0.0,1.0,0.0,60.13669644737146,62.26107407110176,63.42401045934401,0,9,45,45,0,45,0,0,0,900.0
500.0,-600.0,781.0249675906655,-50.19442890773481,0.0,1.0,0.0,1.0,0.0,107.12004143780973,113.28756480736602,117.27237765064305,0,9,45,45,0,45,0,0,0,1200.0
500.0,-600.0,781.0249675906655,-50.19442890773481,0.0,1.0,0.0,1.0,0.0,175.1444959097887,189.6266154944127,199.446173390058,0,9,45,45,0,45,0,0,0,1500.0
600.0,-600.0,848.5281374238571,-45.0,1.0,1.0,1.0,1.0,1.0,33.1085696320314,33.39911554312686,33.46785056299719,9,9,45,45,45,45,45,0,0,300.0
600.0,-600.0,848.5281374238571,-45.0,0.0,1.0,1.0,0.4222222222222222,0.4222222222222222,29.630116644274903,30.156081235139425,30.157826836412656,0,9,45,45,45,19,19,26,0,600.0
600.0,-600.0,848.5281374238571,-45.0,0.0,1.0,0.0,1.0,0.0,52.406709898565126,53.899147621283,54.68708780382797,0,9,45,45,0,45,0,0,0,900.0
600.0,-600.0,848.5281374238571,-45.0,0.0,1.0,0.0,1.0,0.0,93.84748659095484,98.5517338697534,101.58436412695312,0,9,45,45,0,45,0,0,0,1200.0
600.0,-600.0,848.5281374238571,-45.0,0.0,1.0,0.0,1.0,0.0,156.2108602544844,167.97684027961702,175.96150053754764,0,9,45,45,0,45,0,0,0,1500.0
700.0,-600.0,921.9544457292888,-40.60129464500447,1.0,1.0,1.0,1.0,1.0,38.67043417632747,39.120847024459486,39.2435204915464,9,9,45,45,45,45,45,0,0,300.0
700.0,-600.0,921.9544457292888,-40.60129464500447,1.0,1.0,1.0,1.0,1.0,32.61957049936251,32.71804973130998,32.7381926594257,9,9,45,45,45,45,45,0,0,600.0
700.0,-600.0,921.9544457292888,-40.60129464500447,0.0,1.0,0.0,1.0,0.0,46.135148442603224,47.15459014464932,47.65662658091739,0,9,45,45,0,45,0,0,0,900.0
700.0,-600.0,921.9544457292888,-40.60129464500447,0.0,1.0,0.0,1.0,0.0,82.03606595607673,85.54683392457115,87.78094954508056,0,9,45,45,0,45,0,0,0,1200.0
700.0,-600.0,921.9544457292888,-40.60129464500447,0.0,1.0,0.0,1.0,0.0,138.67933832033717,148.08820272762938,154.47154156556715,0,9,45,45,0,45,0,0,0,1500.0
800.0,-600.0,1000.0,-36.86989764584402,0.0,1.0,0.0,1.0,0.0,45.42896380166899,46.089553573597726,46.28114569913072,0,9,45,45,0,45,0,0,0,300.0
800.0,-600.0,1000.0,-36.86989764584402,1.0,1.0,1.0,1.0,1.0,36.787299591146194,37.0014800427587,37.08019465200264,9,9,45,45,45,45,45,0,0,600.0
800.0,-600.0,1000.0,-36.86989764584402,0.0,1.0,0.0,1.0,0.0,41.290735397060686,42.057950227607066,42.26734149094484,0,9,45,45,0,45,0,0,0,900.0
800.0,-600.0,1000.0,-36.86989764584402,0.0,1.0,0.0,1.0,0.0,71.77085541649585,74.31736781708884,75.88728357341832,0,9,45,45,0,45,0,0,0,1200.0
800.0,-600.0,1000.0,-36.86989764584402,0.0,1.0,0.0,1.0,0.0,122.59479755582855,129.97765779487918,134.97589055412595,0,9,45,45,0,45,0,0,0,1500.0
900.0,-600.0,1081.6653826391969,-33.690067525979785,0.0,1.0,0.0,1.0,0.0,53.38596441018603,54.318217920760375,54.593073607913915,0,9,45,45,0,45,0,0,0,300.0
900.0,-600.0,1081.6653826391969,-33.690067525979785,0.0,1.0,0.0,1.0,0.0,42.205310655218234,42.569868785352014,42.745214710002074,0,9,45,45,0,45,0,0,0,600.0
900.0,-600.0,1081.6653826391969,-33.690067525979785,0.0,1.0,1.0,0.4222222222222222,0.4222222222222222,37.77056849537358,38.38651896033031,38.389568321515824,0,9,45,45,45,19,19,26,0,900.0
900.0,-600.0,1081.6653826391969,-33.690067525979785,0.0,1.0,0.0,1.0,0.0,63.105107366963786,64.89558312545722,65.93128869789808,0,9,45,45,0,45,0,0,0,1200.0
900.0,-600.0,1081.6653826391969,-33.690067525979785,0.0,1.0,0.0,1.0,0.0,108.01593072554466,113.67747544126937,117.49076259228053,0,9,45,45,0,45,0,0,0,1500.0
1000.0,-600.0,1166.19037896906,-30.96375653207352,0.0,1.0,0.0,1.0,0.0,62.53840930494892,63.8150277955012,64.18703132136098,0,9,45,45,0,45,0,0,0,300.0
1000.0,-600.0,1166.19037896906,-30.96375653207352,0.0,1.0,0.0,1.0,0.0,48.91466004192489,49.49170740605696,49.78441759409699,0,9,45,45,0,45,0,0,0,600.0
1000.0,-600.0,1166.19037896906,-30.96375653207352,0.0,1.0,0.0,1.0,0.0,41.26085562976855,41.38437227849626,41.423043421397736,0,9,45,45,0,45,0,0,0,900.0
1000.0,-600.0,1166.19037896906,-30.96375653207352,0.0,1.0,0.0,1.0,0.0,56.0815695933238,57.2894486162885,57.92388991743623,0,9,45,45,0,45,0,0,0,1200.0
1000.0,-600.0,1166.19037896906,-30.96375653207352,0.0,1.0,0.0,1.0,0.0,95.01665253487808,99.23696556800141,102.05099526597535,0,9,45,45,0,45,0,0,0,1500.0
1100.0,-600.0,1252.9964086141667,-28.61045966596522,0.0,1.0,0.0,1.0,0.0,72.88157338445886,74.58651087561609,75.06929091915903,0,9,45,45,0,45,0,0,0,300.0
1100.0,-600.0,1252.9964086141667,-28.61045966596522,0.0,1.0,0.0,1.0,0.0,56.92402495035951,57.77240495363881,58.21395210723273,0,9,45,45,0,45,0,0,0,600.0
1100.0,-600.0,1252.9964086141667,-28.61045966596522,0.0,1.0,0.0,1.0,0.0,46.09435427031962,46.36808173984932,46.508192049906015,0,9,45,45,0,45,0,0,0,900.0
1100.0,-600.0,1252.9964086141667,-28.61045966596522,0.0,1.0,0.0,1.0,0.0,50.69394040696215,51.51931259737427,51.824862388955665,0,9,45,45,0,45,0,0,0,1200.0
1100.0,-600.0,1252.9964086141667,-28.61045966596522,0.0,1.0,0.0,1.0,0.0,83.68448341928709,86.72121396874218,88.70908293032166,0,9,45,45,0,45,0,0,0,1500.0
1200.0,-600.0,1341.640786499874,-26.56505117707799,0.0,1.0,0.0,1.0,0.0,84.41062131043786,86.63914428787635,87.24624304410578,0,9,45,45,0,45,0,0,0,300.0
1200.0,-600.0,1341.640786499874,-26.56505117707799,0.0,1.0,0.0,1.0,0.0,66.22722519594866,67.41014194080218,68.03194933532434,0,9,45,45,0,45,0,0,0,600.0
1200.0,-600.0,1341.640786499874,-26.56505117707799,0.0,1.0,0.0,1.0,0.0,52.34924505375119,52.85393954873166,53.123060214533105,0,9,45,45,0,45,0,0,0,900.0
1200.0,-600.0,1341.640786499874,-26.56505117707799,0.0,1.0,0.0,0.4222222222222222,0.0,46.848222021542384,47.50977832840573,47.514137464768375,0,9,45,45,0,19,0,0,0,1200.0
1200.0,-600.0,1341.640786499874,-26.56505117707799,0.0,1.0,0.0,1.0,0.0,74.11921320580953,76.20261126522033,77.52673645090688,0,9,45,45,0,45,0,0,0,1500.0
1300.0,-600.0,1431.7821063276353,-24.77514056883192,0.0,1.0,0.0,1.0,0.0,97.12125779727633,99.9800280745909,100.72502280361606,0,9,45,45,0,45,0,0,0,300.0
1300.0,-600.0,1431.7821063276353,-24.77514056883192,0.0,1.0,0.0,1.0,0.0,76.78335442002532,78.39056040624891,79.23030361724412,0,9,45,45,0,45,0,0,0,600.0
1300.0,-600.0,1431.7821063276353,-24.77514056883192,0.0,1.0,0.0,1.0,0.0,60.05463280106996,60.857377954064006,61.30461929969229,0,9,45,45,0,45,0,0,0,900.0
1300.0,-600.0,1431.7821063276353,-24.77514056883192,0.0,1.0,0.0,1.0,0.0,50.65772780143811,50.808092373542195,50.872155717911504,0,9,45,45,0,45,0,0,0,1200.0
1300.0,-600.0,1431.7821063276353,-24.77514056883192,0.0,1.0,0.0,1.0,0.0,66.37613365318745,67.76900911393321,68.5522051240383,0,9,45,45,0,45,0,0,0,1500.0
1400.0,-600.0,1523.1546211727816,-23.19859051364819,0.0,1.0,0.0,1.0,0.0,111.00990529888286,114.61708180598256,115.5136668248276,0,9,45,45,0,45,0,0,0,300.0
1400.0,-600.0,1523.1546211727816,-23.19859051364819,0.0,1.0,0.0,1.0,0.0,88.59554946503026,90.70827078407437,91.80088469375936,0,9,45,45,0,45,0,0,0,600.0
1400.0,-600.0,1523.1546211727816,-23.19859051364819,0.0,1.0,0.0,1.0,0.0,69.19533614960295,70.3729778728562,71.04390214277544,0,9,45,45,0,45,0,0,0,900.0
1400.0,-600.0,1523.1546211727816,-23.19859051364819,0.0,1.0,0.0,1.0,0.0,56.03274537272204,56.397609969546146,56.594240225161975,0,9,45,45,0,45,0,0,0,1200.0
1400.0,-600.0,1523.1546211727816,-23.19859051364819,0.0,1.0,0.0,1.0,0.0,60.501584868530436,61.370423369627474,61.77836526914366,0,9,45,45,0,45,0,0,0,1500.0
1500.0,-600.0,1615.5494421403512,-21.80140948635181,0.0,1.0,0.0,1.0,0.0,126.07367708862489,130.55903166413415,131.62107220820252,0,9,45,45,0,45,0,0,0,300.0
1500.0,-600.0,1615.5494421403512,-21.80140948635181,0.0,1.0,0.0,1.0,0.0,101.64384799642565,104.35478272856643,105.73808669452296,0,9,45,45,0,45,0,0,0,600.0
1500.0,-600.0,1615.5494421403512,-21.80140948635181,0.0,1.0,0.0,1.0,0.0,79.73599451852856,81.37380599581542,82.31236393202632,0,9,45,45,0,45,0,0,0,900.0
1500.0,-600.0,1615.5494421403512,-21.80140948635181,0.0,1.0,0.0,1.0,0.0,63.03683854431196,63.70030272870811,64.097219003763,0,9,45,45,0,45,0,0,0,1200.0
1500.0,-600.0,1615.5494421403512,-21.80140948635181,0.0,1.0,0.0,0.4222222222222222,0.0,56.41244132867148,57.099487391347424,57.10514362840541,0,9,45,45,0,19,0,0,0,1500.0
1600.0,-600.0,1708.8007490635061,-20.556045219583467,0.0,1.0,0.0,1.0,0.0,142.31027889347624,147.81532214419244,149.05688961937554,0,9,45,45,0,45,0,0,0,300.0
1600.0,-600.0,1708.8007490635061,-20.556045219583467,0.0,1.0,0.0,1.0,0.0,115.91210515938582,119.32474274100232,121.03947794480096,0,9,45,45,0,45,0,0,0,600.0
1600.0,-600.0,1708.8007490635061,-20.556045219583467,0.0,1.0,0.0,1.0,0.0,91.63656517215355,93.82764469772049,95.0781595031513,0,9,45,45,0,45,0,0,0,900.0
1600.0,-600.0,1708.8007490635061,-20.556045219583467,0.0,1.0,0.0,1.0,0.0,71.67389581255124,72.72662739253346,73.3884181807522,0,9,45,45,0,45,0,0,0,1200.0
1600.0,-600.0,1708.8007490635061,-20.556045219583467,0.0,1.0,0.0,1.0,0.0,60.458894429809284,60.640279568626056,60.733563594182954,0,9,45,45,0,45,0,0,0,1500.0
1700.0,-600.0,1802.7756377319947,-19.44003482817619,0.0,1.0,0.0,1.0,0.0,159.7178981870383,166.39601265009523,167.83140802156984,0,9,45,45,0,45,0,0,0,300.0
1700.0,-600.0,1802.7756377319947,-19.44003482817619,0.0,1.0,0.0,1.0,0.0,131.38912493708054,135.61609965437606,137.70563300669716,0,9,45,45,0,45,0,0,0,600.0
1700.0,-600.0,1802.7756377319947,-19.44003482817619,0.0,1.0,0.0,1.0,0.0,104.85993737396066,107.70569226769382,109.31371732370215,0,9,45,45,0,45,0,0,0,900.0
1700.0,-600.0,1802.7756377319947,-19.44003482817619,0.0,1.0,0.0,1.0,0.0,81.91550616916932,83.43757828476744,84.42347907161901,0,9,45,45,0,45,0,0,0,1200.0
1700.0,-600.0,1802.7756377319947,-19.44003482817619,0.0,1.0,0.0,1.0,0.0,66.31924748086655,66.77977478664508,67.0548017077411,0,9,45,45,0,45,0,0,0,1500.0
1800.0,-600.0,1897.3665961010277,-18.43494882292201,0.0,1.0,0.0,1.0,0.0,178.29510399697935,186.31168277876128,187.95545254915993,0,9,45,45,0,45,0,0,0,300.0
1800.0,-600.0,1897.3665961010277,-18.43494882292201,0.0,1.0,0.0,1.0,0.0,148.066024670016,153.22923517988477,155.73969254522598,0,9,45,45,0,45,0,0,0,600.0
1800.0,-600.0,1897.3665961010277,-18.43494882292201,0.0,1.0,0.0,1.0,0.0,119.37464546556049,122.985187553082,124.99815397177919,0,9,45,45,0,45,0,0,0,900.0
1800.0,-600.0,1897.3665961010277,-18.43494882292201,0.0,1.0,0.0,1.0,0.0,93.65590570152781,95.7735299978822,97.14068215620634,0,9,45,45,0,45,0,0,0,1200.0
1800.0,-600.0,1897.3665961010277,-18.43494882292201,0.0,1.0,0.0,1.0,0.0,74.0415964580567,74.8808118142424,75.43323361982459,0,9,45,45,0,45,0,0,0,1500.0
-500.0,-500.0,707.1067811865476,-135.0,0.0,1.0,0.0,1.0,0.0,79.87855978472155,86.00744210947991,87.9968699304447,0,9,45,45,0,45,0,0,0,300.0
-500.0,-500.0,707.1067811865476,-135.0,0.0,1.0,0.0,1.0,0.0,150.46561070879065,165.28909559593802,173.12933678172843,0,9,45,45,0,45,0,0,0,600.0
-500.0,-500.0,707.1067811865476,-135.0,0.0,1.0,0.0,1.0,0.0,246.80692198547604,278.76291797348443,297.2050751817006,0,9,45,45,0,45,0,0,0,900.0
-500.0,-500.0,707.1067811865476,-135.0,0.0,1.0,0.0,1.0,0.0,369.5116210459281,429.9886283779392,466.62060555235973,0,9,45,45,0,45,0,0,0,1200.0
-500.0,-500.0,707.1067811865476,-135.0,0.0,1.0,0.0,1.0,0.0,519.3352336636701,622.6137138623706,689.1936861126005,0,9,45,45,0,45,0,0,0,1500.0
-400.0,-500.0,640.3124237432849,-128.6598082540901,0.0,1.0,0.0,1.0,0.0,67.34617198197672,71.85986451747719,73.394301500532,0,9,45,45,0,45,0,0,0,300.0
-400.0,-500.0,640.3124237432849,-128.6598082540901,0.0,1.0,0.0,1.0,0.0,131.57053356926903,143.35270379392247,149.69176322557638,0,9,45,45,0,45,0,0,0,600.0
-400.0,-500.0,640.3124237432849,-128.6598082540901,0.0,1.0,0.0,1.0,0.0,221.35545670335935,248.0789550375651,263.4799209923308,0,9,45,45,0,45,0,0,0,900.0
-400.0,-500.0,640.3124237432849,-128.6598082540901,0.0,1.0,0.0,1.0,0.0,337.3060864039725,389.25531352609494,420.88936313326514,0,9,45,45,0,45,0,0,0,1200.0
-400.0,-500.0,640.3124237432849,-128.6598082540901,0.0,1.0,0.0,1.0,0.0,480.1487441335322,570.5215745562522,629.3601658015456,0,9,45,45,0,45,0,0,0,1500.0
-300.0,-500.0,583.09518948453,-120.96375653207352,0.0,1.0,0.0,1.0,0.0,56.27103149680189,59.523754821962115,60.667584821744754,0,9,45,45,0,45,0,0,0,300.0
-300.0,-500.0,583.09518948453,-120.96375653207352,0.0,1.0,0.0,1.0,0.0,114.17484250512757,123.41274014543282,128.4400550415945,0,9,45,45,0,45,0,0,0,600.0
-300.0,-500.0,583.09518948453,-120.96375653207352,0.0,1.0,0.0,1.0,0.0,197.439526975942,219.56328078401572,232.29744783957466,0,9,45,45,0,45,0,0,0,900.0
-300.0,-500.0,583.09518948453,-120.96375653207352,0.0,1.0,0.0,1.0,0.0,306.6822625855143,350.87416041213197,378.13781368706805,0,9,45,45,0,45,0,0,0,1200.0
-300.0,-500.0,583.09518948453,-120.96375653207352,0.0,1.0,0.0,1.0,0.0,442.6045954643258,521.282921579973,573.0514656081235,0,9,45,45,0,45,0,0,0,1500.0
-200.0,-500.0,538.5164807134504,-111.80140948635182,0.0,1.0,0.0,1.0,0.0,46.65658783678355,48.94980432073234,49.764734656127985,0,9,45,45,0,45,0,0,0,300.0
-200.0,-500.0,538.5164807134504,-111.80140948635182,0.0,1.0,0.0,1.0,0.0,98.28287196383688,105.42843909835686,109.31262337560469,0,9,45,45,0,45,0,0,0,600.0
-200.0,-500.0,538.5164807134504,-111.80140948635182,0.0,1.0,0.0,1.0,0.0,175.05676398116697,193.12729350597937,203.57549138508807,0,9,45,45,0,45,0,0,0,900.0
-200.0,-500.0,538.5164807134504,-111.80140948635182,0.0,1.0,0.0,1.0,0.0,277.6309620945768,314.92869809340243,338.25850269422307,0,9,45,45,0,45,0,0,0,1200.0
-200.0,-500.0,538.5164807134504,-111.80140948635182,0.0,1.0,0.0,1.0,0.0,406.68752617357853,474.8033729014588,520.1291566779618,0,9,45,45,0,45,0,0,0,1500.0
-100.0,-500.0,509.9019513592785,-101.30993247402021,0.3333333333333333,1.0,0.8666666666666667,1.0,0.8666666666666667,38.50760649330386,40.09210987819882,40.63726778230166,3,9,45,45,39,45,39,0,0,300.0
-100.0,-500.0,509.9019513592785,-101.30993247402021,0.0,1.0,0.0,1.0,0.0,83.9043362462655,89.31847755617923,92.25599701094418,0,9,45,45,0,45,0,0,0,600.0
-100.0,-500.0,509.9019513592785,-101.30993247402021,0.0,1.0,0.0,1.0,0.0,154.20891952172212,168.7158888020087,177.23956570968787,0,9,45,45,0,45,0,0,0,900.0
-100.0,-500.0,509.9019513592785,-101.30993247402021,0.0,1.0,0.0,1.0,0.0,250.14588421657317,281.34931483104964,301.15166154834577,0,9,45,45,0,45,0,0,0,1200.0
-100.0,-500.0,509.9019513592785,-101.30993247402021,0.0,1.0,0.0,1.0,0.0,372.38447810148466,430.9945703682216,470.4635769383769,0,9,45,45,0,45,0,0,0,1500.0
0.0,-500.0,500.0,-90.0,1.0,1.0,1.0,1.0,1.0,31.826361302952055,32.90445852740779,33.23638329179536,9,9,45,45,45,45,45,0,0,300.0
0.0,-500.0,500.0,-90.0,0.0,1.0,0.0,1.0,0.0,71.0555721030738,75.060275863292,77.22600360321293,0,9,45,45,0,45,0,0,0,600.0
0.0,-500.0,500.0,-90.0,0.0,1.0,0.0,1.0,0.0,134.90300646514473,146.37547437233653,153.22378933515986,0,9,45,45,0,45,0,0,0,900.0
0.0,-500.0,500.0,-90.0,0.0,1.0,0.0,1.0,0.0,224.22421588217279,250.07262805025337,266.7254674907928,0,9,45,45,0,45,0,0,0,1200.0
0.0,-500.0,500.0,-90.0,0.0,1.0,0.0,1.0,0.0,339.6848899567564,389.77420448779634,423.9336387562609,0,9,45,45,0,45,0,0,0,1500.0
100.0,-500.0,509.9019513592785,-78.69006752597979,1.0,1.0,1.0,1.0,1.0,26.603947211817324,27.331823518626507,27.504177691853606,9,9,45,45,45,45,45,0,0,300.0
100.0,-500.0,509.9019513592785,-78.69006752597979,0.0,1.0,0.0,1.0,0.0,59.76046052272184,62.64033809930993,64.18872588068126,0,9,45,45,0,45,0,0,0,600.0
100.0,-500.0,509.9019513592785,-78.69006752597979,0.0,1.0,0.0,1.0,0.0,117.15286698842782,126.07008868181354,131.47229268156005,0,9,45,45,0,45,0,0,0,900.0
100.0,-500.0,509.9019513592785,-78.69006752597979,0.0,1.0,0.0,1.0,0.0,199.86747377884282,221.04214292362633,234.89657900579562,0,9,45,45,0,45,0,0,0,1200.0
100.0,-500.0,509.9019513592785,-78.69006752597979,0.0,1.0,0.0,1.0,0.0,308.5811042855288,351.06617273591723,380.4267891202339,0,9,45,45,0,45,0,0,0,1500.0
200.0,-500.0,538.5164807134504,-68.19859051364818,1.0,1.0,1.0,1.0,1.0,22.806168372154186,23.29638526465631,23.359136003904656,9,9,45,45,45,45,45,0,0,300.0
200.0,-500.0,538.5164807134504,-68.19859051364818,0.0,1.0,0.0,1.0,0.0,50.04969741886593,52.05362832132596,53.11990962977384,0,9,45,45,0,45,0,0,0,600.0
200.0,-500.0,538.5164807134504,-68.19859051364818,0.0,1.0,0.0,1.0,0.0,100.98125715718605,107.77465493218727,111.94122375967578,0,9,45,45,0,45,0,0,0,900.0
200.0,-500.0,538.5164807134504,-68.19859051364818,0.0,1.0,0.0,1.0,0.0,177.0826870202086,194.20927260433479,205.59105201243395,0,9,45,45,0,45,0,0,0,1200.0
200.0,-500.0,538.5164807134504,-68.19859051364818,0.0,1.0,0.0,1.0,0.0,279.0689325760361,314.8277387303276,339.8391652295371,0,9,45,45,0,45,0,0,0,1500.0
300.0,-500.0,583.09518948453,-59.03624346792648,0.0,1.0,1.0,0.4222222222222222,0.4222222222222222,20.361719841170817,20.685045340615062,20.68569813198535,0,9,45,45,45,19,19,26,0,300.0
300.0,-500.0,583.09518948453,-59.03624346792648,0.0,1.0,0.0,1.0,0.0,41.9552958205039,43.298187788124686,43.999600177157355,0,9,45,45,0,45,0,0,0,600.0
300.0,-500.0,583.09518948453,-59.03624346792648,0.0,1.0,0.0,1.0,0.0,86.42240925594236,91.47754168666037,94.60136079887764,0,9,45,45,0,45,0,0,0,900.0
300.0,-500.0,583.09518948453,-59.03624346792648,0.0,1.0,0.0,1.0,0.0,155.88405625711525,169.56266280045395,178.7457864692231,0,9,45,45,0,45,0,0,0,1200.0
300.0,-500.0,583.09518948453,-59.03624346792648,0.0,1.0,0.0,1.0,0.0,251.14844301367023,281.0922121646715,302.07601022598317,0,9,45,45,0,45,0,0,0,1500.0
400.0,-500.0,640.3124237432849,-51.34019174590991,1.0,1.0,1.0,1.0,1.0,22.7891308435726,22.871459849888815,22.883102712963197,9,9,45,45,45,45,45,0,0,300.0
400.0,-500.0,640.3124237432849,-51.34019174590991,1.0,1.0,1.0,1.0,1.0,35.49473415576347,36.3755150396172,36.79600849739861,9,9,45,45,45,45,45,0,0,600.0
400.0,-500.0,640.3124237432849,-51.34019174590991,0.0,1.0,0.0,1.0,0.0,73.52459840954653,77.18322478067604,79.4409209088753,0,9,45,45,0,45,0,0,0,900.0
400.0,-500.0,640.3124237432849,-51.34019174590991,0.0,1.0,0.0,1.0,0.0,136.29526139864947,147.06687280962606,154.31070329760502,0,9,45,45,0,45,0,0,0,1200.0
400.0,-500.0,640.3124237432849,-51.34019174590991,0.0,1.0,0.0,1.0,0.0,224.82506395752384,249.63302601035065,267.0524459286841,0,9,45,45,0,45,0,0,0,1500.0
500.0,-500.0,707.1067811865476,-45.0,1.0,1.0,1.0,1.0,1.0,26.578664839509365,26.765593058415206,26.81176994560696,9,9,45,45,45,45,45,0,0,300.0
500.0,-500.0,707.1067811865476,-45.0,1.0,1.0,1.0,1.0,1.0,30.639413303380987,31.268932016187208,31.432510793579286,9,9,45,45,45,45,45,0,0,600.0
500.0,-500.0,707.1067811865476,-45.0,0.0,1.0,0.0,1.0,0.0,62.35107013485654,64.9134273800566,66.4669465516966,0,9,45,45,0,45,0,0,0,900.0
500.0,-500.0,707.1067811865476,-45.0,0.0,1.0,0.0,1.0,0.0,118.35259544675813,126.66140363532386,132.25188124364703,0,9,45,45,0,45,0,0,0,1200.0
500.0,-500.0,707.1067811865476,-45.0,0.0,1.0,0.0,1.0,0.0,200.11113624789354,220.41211010782916,234.6947459861773,0,9,45,45,0,45,0,0,0,1500.0
600.0,-500.0,781.0249675906655,-39.80557109226519,1.0,1.0,1.0,1.0,1.0,31.78729230722391,32.11942307973526,32.22394689240744,9,9,45,45,45,45,45,0,0,300.0
600.0,-500.0,781.0249675906655,-39.80557109226519,0.0,1.0,1.0,0.4222222222222222,0.4222222222222222,27.272753399709497,27.747637806939437,27.74952339504379,0,9,45,45,45,19,19,26,0,600.0
600.0,-500.0,781.0249675906655,-39.80557109226519,0.0,1.0,0.0,1.0,0.0,52.97511287100115,54.70244866529285,55.70083449677918,0,9,45,45,0,45,0,0,0,900.0
600.0,-500.0,781.0249675906655,-39.80557109226519,0.0,1.0,0.0,1.0,0.0,102.10898329644436,108.35821497204238,112.55580204065903,0,9,45,45,0,45,0,0,0,1200.0
600.0,-500.0,781.0249675906655,-39.80557109226519,0.0,1.0,0.0,1.0,0.0,177.02809999144304,193.40253969522237,204.94231755376217,0,9,45,45,0,45,0,0,0,1500.0
700.0,-500.0,860.2325267042627,-35.53767779197438,1.0,1.0,1.0,1.0,1.0,38.44651222593082,38.98051016355911,39.16618698849252,9,9,45,45,45,45,45,0,0,300.0
700.0,-500.0,860.2325267042627,-35.53767779197438,1.0,1.0,1.0,1.0,1.0,30.616228703412133,30.725513576200346,30.757237177553993,9,9,45,45,45,45,45,0,0,600.0
700.0,-500.0,860.2325267042627,-35.53767779197438,0.0,1.0,0.0,1.0,0.0,45.4610270575321,46.57189477590508,47.158809998462495,0,9,45,45,0,45,0,0,0,900.0
700.0,-500.0,860.2325267042627,-35.53767779197438,0.0,1.0,0.0,1.0,0.0,87.63845603822277,92.19269350550617,95.2344011868928,0,9,45,45,0,45,0,0,0,1200.0
700.0,-500.0,860.2325267042627,-35.53767779197438,0.0,1.0,0.0,1.0,0.0,155.60955957078593,168.67926126623001,177.75068028360567,0,9,45,45,0,45,0,0,0,1500.0
800.0,-500.0,943.3981132056604,-32.005383208083494,0.0,1.0,0.0,1.0,0.0,46.56173610118545,47.37057340539878,47.658808126780656,0,9,45,45,0,45,0,0,0,300.0
800.0,-500.0,943.3981132056604,-32.005383208083494,1.0,1.0,1.0,1.0,1.0,35.46036175617406,35.707860467432724,35.82932031520482,9,9,45,45,45,45,45,0,0,600.0
800.0,-500.0,943.3981132056604,-32.005383208083494,0.0,1.0,0.6,1.0,0.6,39.82124048134143,40.52523528906991,40.80561814417623,0,9,45,45,27,45,27,0,0,900.0
800.0,-500.0,943.3981132056604,-32.005383208083494,0.0,1.0,0.0,1.0,0.0,75.03923616061451,78.22729050734853,80.32916287234139,0,9,45,45,0,45,0,0,0,1200.0
800.0,-500.0,943.3981132056604,-32.005383208083494,0.0,1.0,0.0,1.0,0.0,135.90550134833111,146.21264873396774,153.09580252467805,0,9,45,45,0,45,0,0,0,1500.0
900.0,-500.0,1029.5630140987,-29.054604099077146,0.0,1.0,0.0,1.0,0.0,56.12637707883206,57.299353003348095,57.710514129079606,0,9,45,45,0,45,0,0,0,300.0
900.0,-500.0,1029.5630140987,-29.054604099077146,0.0,1.0,0.0,1.0,0.0,41.90265591485445,42.36518443265242,42.60761671303563,0,9,45,45,0,45,0,0,0,600.0
900.0,-500.0,1029.5630140987,-29.054604099077146,0.0,1.0,1.0,0.4222222222222222,0.4222222222222222,35.95100589250349,36.48986873463318,36.49306587268136,0,9,45,45,45,19,19,26,0,900.0
900.0,-500.0,1029.5630140987,-29.054604099077146,0.0,1.0,0.0,1.0,0.0,64.43030717538099,66.54870712224701,67.90881379430405,0,9,45,45,0,45,0,0,0,1200.0
900.0,-500.0,1029.5630140987,-29.054604099077146,0.0,1.0,0.0,1.0,0.0,117.9878352695351,125.879139238402,130.98011626392756,0,9,45,45,0,45,0,0,0,1500.0
1000.0,-500.0,1118.033988749895,-26.56505117707799,0.0,1.0,0.0,1.0,0.0,67.13052226316401,68.77327431270709,69.32718738300221,0,9,45,45,0,45,0,0,0,300.0
1000.0,-500.0,1118.033988749895,-26.56505117707799,0.0,1.0,0.0,1.0,0.0,49.96847489848132,50.72764030169152,51.12999898070613,0,9,45,45,0,45,0,0,0,600.0
1000.0,-500.0,1118.033988749895,-26.56505117707799,1.0,1.0,1.0,1.0,1.0,39.79154848852008,39.93188112731008,39.99461053987019,9,9,45,45,45,45,45,0,0,900.0
1000.0,-500.0,1118.033988749895,-26.56505117707799,0.0,1.0,0.0,1.0,0.0,55.9308188055669,57.265738066603575,58.04832368388356,0,9,45,45,0,45,0,0,0,1200.0
1000.0,-500.0,1118.033988749895,-26.56505117707799,0.0,1.0,0.0,1.0,0.0,101.95690196510972,107.76384629853236,111.44007734230263,0,9,45,45,0,45,0,0,0,1500.0
1100.0,-500.0,1208.3045973594571,-24.443954780416536,0.0,1.0,0.0,1.0,0.0,79.5647295274026,81.79930434390184,82.51563735689595,0,9,45,45,0,45,0,0,0,300.0
1100.0,-500.0,1208.3045973594571,-24.443954780416536,0.0,1.0,0.0,1.0,0.0,59.636286107173255,60.778616195307464,61.38693862538584,0,9,45,45,0,45,0,0,0,600.0
1100.0,-500.0,1208.3045973594571,-24.443954780416536,0.0,1.0,0.0,1.0,0.0,45.41764238686142,45.774638183903804,45.96673271147264,0,9,45,45,0,45,0,0,0,900.0
1100.0,-500.0,1208.3045973594571,-24.443954780416536,0.0,1.0,0.0,1.0,0.0,49.60840607710864,50.385982479349025,50.771474524393206,0,9,45,45,0,45,0,0,0,1200.0
1100.0,-500.0,1208.3045973594571,-24.443954780416536,0.0,1.0,0.0,1.0,0.0,87.94694572036053,91.99044870481116,94.5534635854071,0,9,45,45,0,45,0,0,0,1500.0
1200.0,-500.0,1300.0,-22.619864948040426,0.0,1.0,0.0,1.0,0.0,93.4212006404418,96.38618507283158,97.28470078315134,0,9,45,45,0,45,0,0,0,300.0
1200.0,-500.0,1300.0,-22.619864948040426,0.0,1.0,0.0,1.0,0.0,70.86918353060304,72.49046675035714,73.3548148435368,0,9,45,45,0,45,0,0,0,600.0
1200.0,-500.0,1300.0,-22.619864948040426,0.0,1.0,0.0,1.0,0.0,52.90929447091472,53.57411484989389,53.967601312395715,0,9,45,45,0,45,0,0,0,900.0
1200.0,-500.0,1300.0,-22.619864948040426,0.0,1.0,0.0,0.4222222222222222,0.0,45.393989962775485,45.963115767660206,45.96761394302456,0,9,45,45,0,19,0,0,0,1200.0
1200.0,-500.0,1300.0,-22.619864948040426,0.0,1.0,0.0,1.0,0.0,76.14363440622623,78.72162763241587,80.44006028203671,0,9,45,45,0,45,0,0,0,1500.0
1300.0,-500.0,1392.838827718412,-21.037511025421818,0.0,1.0,0.0,1.0,0.0,108.69386477558139,112.54456122960119,113.64527105123706,0,9,45,45,0,45,0,0,0,300.0
1300.0,-500.0,1392.838827718412,-21.037511025421818,0.0,1.0,0.0,1.0,0.0,83.63072936422728,85.83684419687206,87.01195876370605,0,9,45,45,0,45,0,0,0,600.0
1300.0,-500.0,1392.838827718412,-21.037511025421818,0.0,1.0,0.0,1.0,0.0,62.25037226130955,63.32715739479161,63.987142474195096,0,9,45,45,0,45,0,0,0,900.0
1300.0,-500.0,1392.838827718412,-21.037511025421818,0.0,1.0,0.0,1.0,0.0,49.57234363341303,49.753476382292334,49.850455711632115,0,9,45,45,0,45,0,0,0,1200.0
1300.0,-500.0,1392.838827718412,-21.037511025421818,0.0,1.0,0.0,1.0,0.0,66.66731347665703,68.23823665927758,69.24029087657352,0,9,45,45,0,45,0,0,0,1500.0
1400.0,-500.0,1486.6068747318504,-19.65382405805331,0.0,1.0,0.0,1.0,0.0,125.37811157974177,130.28674302914655,131.60999898121574,0,9,45,45,0,45,0,0,0,300.0
1400.0,-500.0,1486.6068747318504,-19.65382405805331,0.0,1.0,0.0,1.0,0.0,97.89044431354569,100.79800227368648,102.34381724158975,0,9,45,45,0,45,0,0,0,600.0
1400.0,-500.0,1486.6068747318504,-19.65382405805331,0.0,1.0,0.0,1.0,0.0,73.37199006288739,74.972974242018,75.96254755118024,0,9,45,45,0,45,0,0,0,900.0
1400.0,-500.0,1486.6068747318504,-19.65382405805331,0.0,1.0,0.0,1.0,0.0,55.87844286446498,56.35681899241027,56.651098316730405,0,9,45,45,0,45,0,0,0,1200.0
1400.0,-500.0,1486.6068747318504,-19.65382405805331,0.0,1.0,0.0,1.0,0.0,59.703952362392755,60.58661696607393,61.04745056151122,0,9,45,45,0,45,0,0,0,1500.0
1500.0,-500.0,1581.1388300841897,-18.43494882292201,0.0,1.0,0.0,1.0,0.0,143.47046840547077,149.62640304492615,151.1929532535698,0,9,45,45,0,45,0,0,0,300.0
1500.0,-500.0,1581.1388300841897,-18.43494882292201,0.0,1.0,0.0,1.0,0.0,113.62452914283747,117.36132070721635,119.34333076852135,0,9,45,45,0,45,0,0,0,600.0
1500.0,-500.0,1581.1388300841897,-18.43494882292201,0.0,1.0,0.0,1.0,0.0,86.19539841276865,88.44321365438267,89.82449028780056,0,9,45,45,0,45,0,0,0,900.0
1500.0,-500.0,1581.1388300841897,-18.43494882292201,0.0,1.0,0.0,1.0,0.0,64.35149227717085,65.25663842229088,65.84933168340257,0,9,45,45,0,45,0,0,0,1200.0
1500.0,-500.0,1581.1388300841897,-18.43494882292201,0.0,1.0,0.0,0.4222222222222222,0.0,55.21069658752654,55.7962670759137,55.80205258889086,0,9,45,45,0,19,0,0,0,1500.0
1600.0,-500.0,1676.305461424021,-17.35402463626132,0.0,1.0,0.0,1.0,0.0,162.9683184768997,170.57830783830445,172.4093312768217,0,9,45,45,0,45,0,0,0,300.0
1600.0,-500.0,1676.305461424021,-17.35402463626132,0.0,1.0,0.0,1.0,0.0,130.81493387505358,135.53600618490725,138.00976568694526,0,9,45,45,0,45,0,0,0,600.0
1600.0,-500.0,1676.305461424021,-17.35402463626132,0.0,1.0,0.0,1.0,0.0,100.65101976355189,103.6799031183921,105.51613829340164,0,9,45,45,0,45,0,0,0,900.0
1600.0,-500.0,1676.305461424021,-17.35402463626132,0.0,1.0,0.0,1.0,0.0,74.91939262509395,76.390948564475,77.3683239929691,0,9,45,45,0,45,0,0,0,1200.0
1600.0,-500.0,1676.305461424021,-17.35402463626132,0.0,1.0,0.0,1.0,0.0,59.660789136122034,59.897344499185664,60.02750849695532,0,9,45,45,0,45,0,0,0,1500.0
1700.0,-500.0,1772.004514666935,-16.389540334034784,0.0,1.0,0.0,1.0,0.0,183.86968008334426,193.1581069812525,195.27523658988036,0,9,45,45,0,45,0,0,0,300.0
1700.0,-500.0,1772.004514666935,-16.389540334034784,0.0,1.0,0.0,1.0,0.0,149.4481046307499,155.32859470554502,158.3473203535467,0,9,45,45,0,45,0,0,0,600.0
1700.0,-500.0,1772.004514666935,-16.389540334034784,0.0,1.0,0.0,1.0,0.0,116.68337622725143,120.64007352374423,122.99712849436816,0,9,45,45,0,45,0,0,0,900.0
1700.0,-500.0,1772.004514666935,-16.389540334034784,0.0,1.0,0.0,1.0,0.0,87.45788806135157,89.63139558245038,91.08060874504437,0,9,45,45,0,45,0,0,0,1200.0
1700.0,-500.0,1772.004514666935,-16.389540334034784,0.0,1.0,0.0,1.0,0.0,66.62087160140474,67.23080277769971,67.64632198184957,0,9,45,45,0,45,0,0,0,1500.0
1800.0,-500.0,1868.1541692269404,-15.524110996754258,0.0,1.0,0.0,1.0,0.0,206.17304131740116,217.38217553851214,219.8075149397087,0,9,45,45,0,45,0,0,0,300.0
1800.0,-500.0,1868.1541692269404,-15.524110996754258,0.0,1.0,0.0,1.0,0.0,169.5138646986175,176.7316023126388,180.3639288095124,0,9,45,45,0,45,0,0,0,600.0
1800.0,-500.0,1868.1541692269404,-15.524110996754258,0.0,1.0,0.0,1.0,0.0,134.250158054329,139.29453120704898,142.24178577292753,0,9,45,45,0,45,0,0,0,900.0
1800.0,-500.0,1868.1541692269404,-15.524110996754258,0.0,1.0,0.0,1.0,0.0,101.84196975569685,104.85734376574601,106.86477453667268,0,9,45,45,0,45,0,0,0,1200.0
1800.0,-500.0,1868.1541692269404,-15.524110996754258,0.0,1.0,0.0,1.0,0.0,76.05919678675006,77.25439734728239,78.05901655997856,0,9,45,45,0,45,0,0,0,1500.0
-500.0,-400.0,640.3124237432849,-141.34019174590992,0.0,1.0,0.0,1.0,0.0,91.86403545561735,100.51450600848713,103.69818287642393,0,9,45,45,0,45,0,0,0,300.0
-500.0,-400.0,640.3124237432849,-141.34019174590992,0.0,1.0,0.0,1.0,0.0,180.1658004288338,202.59672949361345,215.0755575349141,0,9,45,45,0,45,0,0,0,600.0
-500.0,-400.0,640.3124237432849,-141.34019174590992,0.0,1.0,0.0,1.0,0.0,301.3346289698524,351.48146546603766,381.59435816824856,0,9,45,45,0,45,0,0,0,900.0
-500.0,-400.0,640.3124237432849,-141.34019174590992,0.0,1.0,0.0,1.0,0.0,456.52347929141786,553.5162234880369,615.3343912407049,0,9,45,45,0,45,0,0,0,1200.0
-500.0,-400.0,640.3124237432849,-141.34019174590992,0.0,1.0,0.0,1.0,0.0,647.1881061647309,815.759401447946,932.0913079307306,0,9,45,45,0,45,0,0,0,1500.0
-400.0,-400.0,565.685424949238,-135.0,0.0,1.0,0.0,1.0,0.0,76.10800393802644,82.30323512913662,84.74515686360084,0,9,45,45,0,45,0,0,0,300.0
-400.0,-400.0,565.685424949238,-135.0,0.0,1.0,0.0,1.0,0.0,156.30640897448777,174.0024252022593,183.9434245741447,0,9,45,45,0,45,0,0,0,600.0
-400.0,-400.0,565.685424949238,-135.0,0.0,1.0,0.0,1.0,0.0,269.05983946204975,310.73894687916857,335.69294471596294,0,9,45,45,0,45,0,0,0,900.0
-400.0,-400.0,565.685424949238,-135.0,0.0,1.0,0.0,1.0,0.0,415.4681869309359,498.0909710898963,551.3549488900804,0,9,45,45,0,45,0,0,0,1200.0
-400.0,-400.0,565.685424949238,-135.0,0.0,1.0,0.0,1.0,0.0,596.9029512169155,743.6139724939894,845.6813235592583,0,9,45,45,0,45,0,0,0,1500.0
-300.0,-400.0,500.0,-126.86989764584402,0.0,1.0,0.0,1.0,0.0,62.187467763706536,66.49549126610172,68.30473329040935,0,9,45,45,0,45,0,0,0,300.0
-300.0,-400.0,500.0,-126.86989764584402,0.0,1.0,0.0,1.0,0.0,134.34647537590126,148.12411502962368,155.8545905062071,0,9,45,45,0,45,0,0,0,600.0
-300.0,-400.0,500.0,-126.86989764584402,0.0,1.0,0.0,1.0,0.0,238.75903847789766,272.9823407460567,293.5038907427851,0,9,45,45,0,45,0,0,0,900.0
-300.0,-400.0,500.0,-126.86989764584402,0.0,1.0,0.0,1.0,0.0,376.48749527031487,446.35854970809703,491.96647891725763,0,9,45,45,0,45,0,0,0,1200.0
-300.0,-400.0,500.0,-126.86989764584402,0.0,1.0,0.0,1.0,0.0,548.8237666873274,675.8625261503882,765.0389128994012,0,9,45,45,0,45,0,0,0,1500.0
-200.0,-400.0,447.21359549995793,-116.56505117707799,0.0,1.0,0.0,1.0,0.0,50.10583591475588,53.00688224250716,54.28681270878307,0,9,45,45,0,45,0,0,0,300.0
-200.0,-400.0,447.21359549995793,-116.56505117707799,0.0,1.0,0.0,1.0,0.0,114.2826261613377,124.79587934777477,130.68808522648058,0,9,45,45,0,45,0,0,0,600.0
-200.0,-400.0,447.21359549995793,-116.56505117707799,0.0,1.0,0.0,1.0,0.0,210.41682897519158,238.01810288167763,254.85973207174186,0,9,45,45,0,45,0,0,0,900.0
-200.0,-400.0,447.21359549995793,-116.56505117707799,0.0,1.0,0.0,1.0,0.0,339.55483731680164,398.16313799663163,436.9402549349549,0,9,45,45,0,45,0,0,0,1200.0
-200.0,-400.0,447.21359549995793,-116.56505117707799,0.0,1.0,0.0,1.0,0.0,502.91329896112916,612.3026850955482,689.8506593470146,0,9,45,45,0,45,0,0,0,1500.0
-100.0,-400.0,412.31056256176606,-104.03624346792648,0.0,1.0,0.5111111111111111,1.0,0.5111111111111111,39.87338917939513,41.76408771347705,42.61277593706993,0,9,45,45,23,45,23,0,0,300.0
-100.0,-400.0,412.31056256176606,-104.03624346792648,0.0,1.0,0.0,1.0,0.0,96.11949811276398,103.9528568841422,108.3372847554253,0,9,45,45,0,45,0,0,0,600.0
-100.0,-400.0,412.31056256176606,-104.03624346792648,0.0,1.0,0.0,1.0,0.0,184.02319646562208,205.96755820110238,219.6075694564933,0,9,45,45,0,45,0,0,0,900.0
-100.0,-400.0,412.31056256176606,-104.03624346792648,0.0,1.0,0.0,1.0,0.0,304.64763938045286,353.36079533533837,386.06513683866206,0,9,45,45,0,45,0,0,0,1200.0
-100.0,-400.0,412.31056256176606,-104.03624346792648,0.0,1.0,0.0,1.0,0.0,459.13777314472895,552.7465468400296,619.8270486019373,0,9,45,45,0,45,0,0,0,1500.0
0.0,-400.0,400.0,-90.0,1.0,1.0,1.0,1.0,1.0,31.50540913371223,32.70297832399395,33.213559134854705,9,9,45,45,45,45,45,0,0,300.0
0.0,-400.0,400.0,-90.0,0.0,1.0,0.0,1.0,0.0,79.87260255340057,85.52007157066646,88.7123493358804,0,9,45,45,0,45,0,0,0,600.0
0.0,-400.0,400.0,-90.0,0.0,1.0,0.0,1.0,0.0,159.57493954329593,176.73509545322017,187.60969477944903,0,9,45,45,0,45,0,0,0,900.0
0.0,-400.0,400.0,-90.0,0.0,1.0,0.0,1.0,0.0,271.7479119654053,311.81936359023723,339.1469110050088,0,9,45,45,0,45,0,0,0,1200.0
0.0,-400.0,400.0,-90.0,0.0,1.0,0.0,1.0,0.0,417.467111168858,497.01992122349753,554.7007330808846,0,9,45,45,0,45,0,0,0,1500.0
100.0,-400.0,412.31056256176606,-75.96375653207353,1.0,1.0,1.0,1.0,1.0,25.011551664930522,25.758314692531954,26.019050147167977,9,9,45,45,45,45,45,0,0,300.0
100.0,-400.0,412.31056256176606,-75.96375653207353,0.0,1.0,0.0,1.0,0.0,65.57227380949409,69.49770603771628,71.74394213593538,0,9,45,45,0,45,0,0,0,600.0
100.0,-400.0,412.31056256176606,-75.96375653207353,0.0,1.0,0.0,1.0,0.0,137.07785342774613,150.2388810798821,158.74507429283054,0,9,45,45,0,45,0,0,0,900.0
100.0,-400.0,412.31056256176606,-75.96375653207353,0.0,1.0,0.0,1.0,0.0,240.84313985833157,273.41873172865155,296.00805382739435,0,9,45,45,0,45,0,0,0,1200.0
100.0,-400.0,412.31056256176606,-75.96375653207353,0.0,1.0,0.0,1.0,0.0,377.8752745773979,444.9617863057824,494.2251248445115,0,9,45,45,0,45,0,0,0,1500.0
200.0,-400.0,447.21359549995793,-63.43494882292201,1.0,1.0,1.0,1.0,1.0,20.366012118869136,20.8346992831544,20.927795927309838,9,9,45,45,45,45,45,0,0,300.0
200.0,-400.0,447.21359549995793,-63.43494882292201,0.0,1.0,0.0,1.0,0.0,53.26810556166655,55.88825608313317,57.387759501248006,0,9,45,45,0,45,0,0,0,600.0
200.0,-400.0,447.21359549995793,-63.43494882292201,0.0,1.0,0.0,1.0,0.0,116.5500614591727,126.41383488683663,132.91211371789322,0,9,45,45,0,45,0,0,0,900.0
200.0,-400.0,447.21359549995793,-63.43494882292201,0.0,1.0,0.0,1.0,0.0,211.9276235934286,238.13814443681508,256.48806206590416,0,9,45,45,0,45,0,0,0,1200.0
200.0,-400.0,447.21359549995793,-63.43494882292201,0.0,1.0,0.0,1.0,0.0,340.34078475199567,396.70683702745566,438.17334473808404,0,9,45,45,0,45,0,0,0,1500.0
300.0,-400.0,500.0,-53.13010235415598,0.0,1.0,1.0,0.4222222222222222,0.4222222222222222,17.459902634328248,17.759392141581646,17.760142658281623,0,9,45,45,45,19,19,26,0,300.0
300.0,-400.0,500.0,-53.13010235415598,0.0,1.0,0.0,1.0,0.0,43.03045385614917,44.69702702805192,45.62655858832632,0,9,45,45,0,45,0,0,0,600.0
300.0,-400.0,500.0,-53.13010235415598,0.0,1.0,0.0,1.0,0.0,98.02703622056622,105.2433826640235,110.0333229940802,0,9,45,45,0,45,0,0,0,900.0
300.0,-400.0,500.0,-53.13010235415598,0.0,1.0,0.0,1.0,0.0,185.00451260477044,205.82933531807052,220.4445908136818,0,9,45,45,0,45,0,0,0,1200.0
300.0,-400.0,500.0,-53.13010235415598,0.0,1.0,0.0,1.0,0.0,304.84750134527167,351.78350627581034,386.3375877624634,0,9,45,45,0,45,0,0,0,1500.0
400.0,-400.0,565.685424949238,-45.0,1.0,1.0,1.0,1.0,1.0,20.34972864265954,20.44036404030126,20.459875094753844,9,9,45,45,45,45,45,0,0,300.0
400.0,-400.0,565.685424949238,-45.0,1.0,1.0,1.0,1.0,1.0,34.937806599043384,35.93276508085528,36.458058535885286,9,9,45,45,45,45,45,0,0,600.0
400.0,-400.0,565.685424949238,-45.0,0.0,1.0,0.0,1.0,0.0,81.56885032493729,86.67555172850808,90.06258807896174,0,9,45,45,0,45,0,0,0,900.0
400.0,-400.0,565.685424949238,-45.0,0.0,1.0,0.0,1.0,0.0,160.0889089983145,176.32968808626305,187.75579678894158,0,9,45,45,0,45,0,0,0,1200.0
400.0,-400.0,565.685424949238,-45.0,0.0,1.0,0.0,1.0,0.0,271.3857843489539,310.04068291908175,338.5290143845009,0,9,45,45,0,45,0,0,0,1500.0
500.0,-400.0,640.3124237432849,-38.65980825409009,1.0,1.0,1.0,1.0,1.0,24.9842374492404,25.201218497937298,25.279450447060523,9,9,45,45,45,45,45,0,0,300.0
500.0,-400.0,640.3124237432849,-38.65980825409009,1.0,1.0,1.0,1.0,1.0,29.025982133571077,29.605682024729838,29.842325416102458,9,9,45,45,45,45,45,0,0,600.0
500.0,-400.0,640.3124237432849,-38.65980825409009,0.0,1.0,0.0,1.0,0.0,67.26940947925196,70.72049827282443,72.99511155901092,0,9,45,45,0,45,0,0,0,900.0
500.0,-400.0,640.3124237432849,-38.65980825409009,0.0,1.0,0.0,1.0,0.0,137.21262693168046,149.5950475370355,158.32452978398592,0,9,45,45,0,45,0,0,0,1200.0
500.0,-400.0,640.3124237432849,-38.65980825409009,0.0,1.0,0.0,1.0,0.0,239.95423709553268,271.3835430545065,294.5783568302565,0,9,45,45,0,45,0,0,0,1500.0
600.0,-400.0,721.1102550927978,-33.690067525979785,1.0,1.0,1.0,1.0,1.0,31.45798121218837,31.864660918783457,32.04047337464751,9,9,45,45,45,45,45,0,0,300.0
600.0,-400.0,721.1102550927978,-33.690067525979785,0.0,1.0,1.0,0.4222222222222222,0.4222222222222222,25.180378996915657,25.59101264022028,25.593045547677193,0,9,45,45,45,19,19,26,0,600.0
600.0,-400.0,721.1102550927978,-33.690067525979785,0.0,1.0,0.0,1.0,0.0,55.26385217369311,57.45680493810271,58.87653504813234,0,9,45,45,0,45,0,0,0,900.0
600.0,-400.0,721.1102550927978,-33.690067525979785,0.0,1.0,0.0,1.0,0.0,116.4314507401938,125.74665281429729,132.08535789245798,0,9,45,45,0,45,0,0,0,1200.0
600.0,-400.0,721.1102550927978,-33.690067525979785,0.0,1.0,0.0,1.0,0.0,210.56234351748148,236.12539465720803,254.33755902768794,0,9,45,45,0,45,0,0,0,1500.0
700.0,-400.0,806.2257748298549,-29.74488129694222,0.0,1.0,0.6222222222222222,1.0,0.6222222222222222,39.791548488520135,40.47734090383506,40.78616322949579,0,9,45,45,28,45,28,0,0,300.0
700.0,-400.0,806.2257748298549,-29.74488129694222,1.0,1.0,1.0,1.0,1.0,29.00282563224563,29.129644915198604,29.18624005554499,9,9,45,45,45,45,45,0,0,600.0
700.0,-400.0,806.2257748298549,-29.74488129694222,0.0,1.0,0.0,1.0,0.0,45.71945837411196,47.01082912846475,47.79583903753222,0,9,45,45,0,45,0,0,0,900.0
700.0,-400.0,806.2257748298549,-29.74488129694222,0.0,1.0,0.0,1.0,0.0,97.83587044162677,104.60679667369484,109.01572220543441,0,9,45,45,0,45,0,0,0,1200.0
700.0,-400.0,806.2257748298549,-29.74488129694222,0.0,1.0,0.0,1.0,0.0,183.23449810029825,203.79582813785197,217.68298213852168,0,9,45,45,0,45,0,0,0,1500.0
800.0,-400.0,894.4271909999159,-26.56505117707799,0.0,1.0,0.0,1.0,0.0,49.96847489848072,51.048798243760984,51.52331620601018,0,9,45,45,0,45,0,0,0,300.0
800.0,-400.0,894.4271909999159,-26.56505117707799,1.0,1.0,1.0,1.0,1.0,34.8994967025008,35.2359596991544,35.415373476355406,9,9,45,45,45,45,45,0,0,600.0
800.0,-400.0,894.4271909999159,-26.56505117707799,1.0,1.0,1.0,1.0,1.0,38.774967958833784,39.465046195664584,39.82158449100628,9,9,45,45,45,45,45,0,0,900.0
800.0,-400.0,894.4271909999159,-26.56505117707799,0.0,1.0,0.0,1.0,0.0,81.56552157208739,86.21107703882583,89.15206187384203,0,9,45,45,0,45,0,0,0,1200.0
800.0,-400.0,894.4271909999159,-26.56505117707799,0.0,1.0,0.0,1.0,0.0,158.01620931890602,174.17533100101502,184.52105183589873,0,9,45,45,0,45,0,0,0,1500.0
900.0,-400.0,984.8857801796105,-23.962488974578186,0.0,1.0,0.0,1.0,0.0,61.96503673808356,63.58115968417873,64.25274660444947,0,9,45,45,0,45,0,0,0,300.0
900.0,-400.0,984.8857801796105,-23.962488974578186,0.0,1.0,0.0,1.0,0.0,42.965022547147925,43.61835829164782,43.98740807554649,0,9,45,45,0,45,0,0,0,600.0
900.0,-400.0,984.8857801796105,-23.962488974578186,0.0,1.0,1.0,0.4222222222222222,0.4222222222222222,34.39073715588805,34.84138978113508,34.844729303866856,0,9,45,45,45,19,19,26,0,900.0
900.0,-400.0,984.8857801796105,-23.962488974578186,0.0,1.0,0.0,1.0,0.0,67.82338091478046,70.74510842789219,72.60774133789194,0,9,45,45,0,45,0,0,0,1200.0
900.0,-400.0,984.8857801796105,-23.962488974578186,0.0,1.0,0.0,1.0,0.0,134.9836334986112,147.30413392488782,154.79773702328504,0,9,45,45,0,45,0,0,0,1500.0
1000.0,-400.0,1077.0329614269008,-21.80140948635181,0.0,1.0,0.0,1.0,0.0,75.7608512048876,78.07994294531527,78.9796923823323,0,9,45,45,0,45,0,0,0,300.0
1000.0,-400.0,1077.0329614269008,-21.80140948635181,0.0,1.0,0.0,1.0,0.0,53.15732967901873,54.2492039972102,54.87490928801758,0,9,45,45,0,45,0,0,0,600.0
1000.0,-400.0,1077.0329614269008,-21.80140948635181,1.0,1.0,1.0,1.0,1.0,38.745972645684276,38.928025195156785,39.0264715239093,9,9,45,45,45,45,45,0,0,900.0
1000.0,-400.0,1077.0329614269008,-21.80140948635181,0.0,1.0,0.0,1.0,0.0,56.87207881638815,58.50153775828608,59.5742577876679,0,9,45,45,0,45,0,0,0,1200.0
1000.0,-400.0,1077.0329614269008,-21.80140948635181,0.0,1.0,0.0,1.0,0.0,114.25788243164439,123.27148585574707,128.51382853507627,0,9,45,45,0,45,0,0,0,1500.0
1100.0,-400.0,1170.4699910719626,-19.98310652189998,0.0,1.0,0.0,1.0,0.0,91.34072399593698,94.55608911507406,95.71540043305089,0,9,45,45,0,45,0,0,0,300.0
1100.0,-400.0,1170.4699910719626,-19.98310652189998,0.0,1.0,0.0,1.0,0.0,65.39000709819655,67.06014396436063,68.00912464729068,0,9,45,45,0,45,0,0,0,600.0
1100.0,-400.0,1170.4699910719626,-19.98310652189998,0.0,1.0,0.0,1.0,0.0,45.67036199796837,46.17098844128489,46.48607668291809,0,9,45,45,0,45,0,0,0,900.0
1100.0,-400.0,1170.4699910719626,-19.98310652189998,0.0,1.0,0.0,1.0,0.0,48.966784188840755,49.79583749979909,50.25095598833754,0,9,45,45,0,45,0,0,0,1200.0
1100.0,-400.0,1170.4699910719626,-19.98310652189998,0.0,1.0,0.0,1.0,0.0,96.02485950547988,102.23857258206638,105.74782698879518,0,9,45,45,0,45,0,0,0,1500.0
1200.0,-400.0,1264.9110640673518,-18.43494882292201,0.0,1.0,0.0,1.0,0.0,108.69386477558177,113.02529505895632,114.47618115597844,0,9,45,45,0,45,0,0,0,300.0
1200.0,-400.0,1264.9110640673518,-18.43494882292201,0.0,1.0,0.0,1.0,0.0,79.58309697704026,81.99012503538802,83.33210264785284,0,9,45,45,0,45,0,0,0,600.0
1200.0,-400.0,1264.9110640673518,-18.43494882292201,0.0,1.0,0.0,1.0,0.0,55.180949386719526,56.15744855543073,56.79585885007376,0,9,45,45,0,45,0,0,0,900.0
1200.0,-400.0,1264.9110640673518,-18.43494882292201,0.0,1.0,0.0,0.4222222222222222,0.0,44.168557270021225,44.63701366073102,44.641642071112656,0,9,45,45,0,19,0,0,0,1200.0
1200.0,-400.0,1264.9110640673518,-18.43494882292201,0.0,1.0,0.0,1.0,0.0,80.5566439468099,84.4660266469397,86.68395917888854,0,9,45,45,0,45,0,0,0,1500.0
1300.0,-400.0,1360.1470508735442,-17.102728969052375,0.0,1.0,0.0,1.0,0.0,127.81270650860064,133.50690110267692,135.2821495494084,0,9,45,45,0,45,0,0,0,300.0
1300.0,-400.0,1360.1470508735442,-17.102728969052375,0.0,1.0,0.0,1.0,0.0,95.67571469816245,98.99620714688714,100.80799830514194,0,9,45,45,0,45,0,0,0,600.0
1300.0,-400.0,1360.1470508735442,-17.102728969052375,0.0,1.0,0.0,1.0,0.0,67.1305222631641,68.74518040012389,69.80755148420042,0,9,45,45,0,45,0,0,0,900.0
1300.0,-400.0,1360.1470508735442,-17.102728969052375,0.0,1.0,0.0,1.0,0.0,48.929970499939344,49.18229852835909,49.33340807706565,0,9,45,45,0,45,0,0,0,1200.0
1300.0,-400.0,1360.1470508735442,-17.102728969052375,0.0,1.0,0.0,1.0,0.0,68.2139557171266,70.32485047185182,71.62411082693131,0,9,45,45,0,45,0,0,0,1500.0
1400.0,-400.0,1456.0219778561036,-15.945395900922854,0.0,1.0,0.0,1.0,0.0,148.69192590477192,156.02295244777855,158.15621382638395,0,9,45,45,0,45,0,0,0,300.0
1400.0,-400.0,1456.0219778561036,-15.945395900922854,0.0,1.0,0.0,1.0,0.0,113.62452914283725,118.02618645325308,120.42035010259471,0,9,45,45,0,45,0,0,0,600.0
1400.0,-400.0,1456.0219778561036,-15.945395900922854,0.0,1.0,0.0,1.0,0.0,81.34278383330809,83.76315826774498,85.35182392581724,0,9,45,45,0,45,0,0,0,900.0
1400.0,-400.0,1456.0219778561036,-15.945395900922854,0.0,1.0,0.0,1.0,0.0,56.81226457141835,57.525114646164376,58.0086834688862,0,9,45,45,0,45,0,0,0,1200.0
1400.0,-400.0,1456.0219778561036,-15.945395900922854,0.0,1.0,0.0,1.0,0.0,59.373824869063256,60.33226776749303,60.91383715800514,0,9,45,45,0,45,0,0,0,1500.0
1500.0,-400.0,1552.4174696260025,-14.931417178137554,0.0,1.0,0.0,1.0,0.0,171.3277396369833,180.59752212068838,183.12336317701602,0,9,45,45,0,45,0,0,0,300.0
1500.0,-400.0,1552.4174696260025,-14.931417178137554,0.0,1.0,0.0,1.0,0.0,133.39930317013557,139.08433745865955,142.1669359839388,0,9,45,45,0,45,0,0,0,600.0
1500.0,-400.0,1552.4174696260025,-14.931417178137554,0.0,1.0,0.0,1.0,0.0,97.67183918593618,101.07822323266558,103.29995206711767,0,9,45,45,0,45,0,0,0,900.0
1500.0,-400.0,1552.4174696260025,-14.931417178137554,0.0,1.0,0.0,1.0,0.0,67.7232354526468,69.17343012286779,70.08918155667122,0,9,45,45,0,45,0,0,0,1200.0
1500.0,-400.0,1552.4174696260025,-14.931417178137554,0.0,1.0,0.0,0.4222222222222222,0.0,54.20762604882518,54.68565604800621,54.69156351798905,0,9,45,45,0,19,0,0,0,1500.0
1600.0,-400.0,1649.2422502470642,-14.036243467926479,0.0,1.0,0.0,1.0,0.0,195.71742299617503,207.25624918680745,210.21018937890065,0,9,45,45,0,45,0,0,0,300.0
1600.0,-400.0,1649.2422502470642,-14.036243467926479,0.0,1.0,0.0,1.0,0.0,154.97891610839545,162.16833155338873,166.0554624218163,0,9,45,45,0,45,0,0,0,600.0
1600.0,-400.0,1649.2422502470642,-14.036243467926479,0.0,1.0,0.0,1.0,0.0,116.01130252898234,120.60645639490336,123.569126361274,0,9,45,45,0,45,0,0,0,900.0
1600.0,-400.0,1649.2422502470642,-14.036243467926479,0.0,1.0,0.0,1.0,0.0,81.39891457063815,83.79233973121472,85.28224250926493,0,9,45,45,0,45,0,0,0,1200.0
1600.0,-400.0,1649.2422502470642,-14.036243467926479,0.0,1.0,0.0,1.0,0.0,59.32914439425164,59.66032869193774,59.87998240885748,0,9,45,45,0,45,0,0,0,1500.0
1700.0,-400.0,1746.424919657298,-13.240519915187205,0.0,1.0,0.0,1.0,0.0,221.85898547822265,236.02603036816566,239.44457093461213,0,9,45,45,0,45,0,0,0,300.0
1700.0,-400.0,1746.424919657298,-13.240519915187205,0.0,1.0,0.0,1.0,0.0,178.34846499658659,187.3114763081531,192.10051595251556,0,9,45,45,0,45,0,0,0,600.0
1700.0,-400.0,1746.424919657298,-13.240519915187205,0.0,1.0,0.0,1.0,0.0,136.28689140500694,142.31863292114514,146.11210954380178,0,9,45,45,0,45,0,0,0,900.0
1700.0,-400.0,1746.424919657298,-13.240519915187205,0.0,1.0,0.0,1.0,0.0,97.56656622035277,101.0742705410836,103.30597043933642,0,9,45,45,0,45,0,0,0,1200.0
1700.0,-400.0,1746.424919657298,-13.240519915187205,0.0,1.0,0.0,1.0,0.0,68.14344570250339,69.1714638471736,69.80496507012361,0,9,45,45,0,45,0,0,0,1500.0
1800.0,-400.0,1843.9088914585775,-12.528807709151511,0.0,1.0,0.0,1.0,0.0,249.75095201895746,266.93481564651415,270.8554656835401,0,9,45,45,0,45,0,0,0,300.0
1800.0,-400.0,1843.9088914585775,-12.528807709151511,0.0,1.0,0.0,1.0,0.0,203.49728642659542,214.54853017355887,220.3215238327048,0,9,45,45,0,45,0,0,0,600.0
1800.0,-400.0,1843.9088914585775,-12.528807709151511,0.0,1.0,0.0,1.0,0.0,158.44717419280923,166.1692752715074,170.90640547943687,0,9,45,45,0,45,0,0,0,900.0
1800.0,-400.0,1843.9088914585775,-12.528807709151511,0.0,1.0,0.0,1.0,0.0,116.01130252898287,120.79367003458319,123.95547587928363,0,9,45,45,0,45,0,0,0,1200.0
1800.0,-400.0,1843.9088914585775,-12.528807709151511,0.0,1.0,0.0,1.0,0.0,80.43936534646322,82.54053105648572,83.72249138456544,0,9,45,45,0,45,0,0,0,1500.0
-500.0,-300.0,583.09518948453,-149.03624346792648,0.0,1.0,0.0,1.0,0.0,114.41317319533415,128.6953444691124,134.63209668132134,0,9,45,45,0,45,0,0,0,300.0
-500.0,-300.0,583.09518948453,-149.03624346792648,0.0,1.0,0.0,1.0,0.0,232.99090387325387,272.8428697268087,296.3974535777105,0,9,45,45,0,45,0,0,0,600.0
-500.0,-300.0,583.09518948453,-149.03624346792648,0.0,1.0,0.0,1.0,0.0,397.23199613551253,490.05927126310496,549.6372181410952,0,9,45,45,0,45,0,0,0,900.0
-500.0,-300.0,583.09518948453,-149.03624346792648,0.0,1.0,0.0,1.0,0.0,609.895457759006,795.025339995404,924.7488198283019,0,9,45,45,0,45,0,0,0,1200.0
-500.0,-300.0,583.09518948453,-149.03624346792648,0.0,1.0,0.0,1.0,0.0,874.6019384550788,1207.7377529022885,1467.1447466330467,0,9,45,45,0,45,0,0,0,1500.0
-400.0,-300.0,500.0,-143.13010235415598,0.0,1.0,0.0,1.0,0.0,93.19334367819785,103.12727930074047,107.64169097008936,0,9,45,45,0,45,0,0,0,300.0
-400.0,-300.0,500.0,-143.13010235415598,0.0,1.0,0.0,1.0,0.0,200.6057557189593,231.83503031654834,250.22257958070193,0,9,45,45,0,45,0,0,0,600.0
-400.0,-300.0,500.0,-143.13010235415598,0.0,1.0,0.0,1.0,0.0,353.0060366223575,429.51782966762744,478.29245604224894,0,9,45,45,0,45,0,0,0,900.0
-400.0,-300.0,500.0,-143.13010235415598,0.0,1.0,0.0,1.0,0.0,552.9451948341574,709.2020218183407,819.5468292532746,0,9,45,45,0,45,0,0,0,1200.0
-400.0,-300.0,500.0,-143.13010235415598,0.0,1.0,0.0,1.0,0.0,803.7779578245437,1090.8195758611976,1314.91103005079,0,9,45,45,0,45,0,0,0,1500.0
-300.0,-300.0,424.26406871192853,-135.0,0.0,1.0,0.0,1.0,0.0,74.45941023565149,81.10760687003523,84.42274957414746,0,9,45,45,0,45,0,0,0,300.0
-300.0,-300.0,424.26406871192853,-135.0,0.0,1.0,0.0,1.0,0.0,170.8467520393768,194.87189231981023,208.97135090410836,0,9,45,45,0,45,0,0,0,600.0
-300.0,-300.0,424.26406871192853,-135.0,0.0,1.0,0.0,1.0,0.0,311.60114019820185,373.56822831742215,413.51621166756064,0,9,45,45,0,45,0,0,0,900.0
-300.0,-300.0,424.26406871192853,-135.0,0.0,1.0,0.0,1.0,0.0,499.0843411246179,630.0328767304553,723.3595696729379,0,9,45,45,0,45,0,0,0,1200.0
-300.0,-300.0,424.26406871192853,-135.0,0.0,1.0,0.0,1.0,0.0,736.3986355628523,982.560473409382,1175.4824594869456,0,9,45,45,0,45,0,0,0,1500.0
-200.0,-300.0,360.5551275463989,-123.69006752597979,0.0,1.0,0.0,1.0,0.0,58.203066016716946,62.549167495111185,64.77670872100946,0,9,45,45,0,45,0,0,0,300.0
-200.0,-300.0,360.5551275463989,-123.69006752597979,0.0,1.0,0.0,1.0,0.0,143.68365995043735,161.76541230157557,172.3474798009881,0,9,45,45,0,45,0,0,0,600.0
-200.0,-300.0,360.5551275463989,-123.69006752597979,0.0,1.0,0.0,1.0,0.0,272.96268866639537,322.4308213394846,354.86286815529513,0,9,45,45,0,45,0,0,0,900.0
-200.0,-300.0,360.5551275463989,-123.69006752597979,0.0,1.0,0.0,1.0,0.0,448.2333252924144,557.0898664064492,635.5043963923612,0,9,45,45,0,45,0,0,0,1200.0
-200.0,-300.0,360.5551275463989,-123.69006752597979,0.0,1.0,0.0,1.0,0.0,672.356569106582,882.3464597994534,1047.7735948743798,0,9,45,45,0,45,0,0,0,1500.0
-100.0,-300.0,316.22776601683796,-108.43494882292202,0.0,1.0,0.0,1.0,0.0,44.432283170515376,47.12384745359381,48.53416713745599,0,9,45,45,0,45,0,0,0,300.0
-100.0,-300.0,316.22776601683796,-108.43494882292202,0.0,1.0,0.0,1.0,0.0,119.09800321509658,132.22988880713686,140.0874700238638,0,9,45,45,0,45,0,0,0,600.0
-100.0,-300.0,316.22776601683796,-108.43494882292202,0.0,1.0,0.0,1.0,0.0,237.04465043654983,275.9447274919225,301.93095575609107,0,9,45,45,0,45,0,0,0,900.0
-100.0,-300.0,316.22776601683796,-108.43494882292202,0.0,1.0,0.0,1.0,0.0,400.32053658482687,489.9850388807777,555.3684740840224,0,9,45,45,0,45,0,0,0,1200.0
-100.0,-300.0,316.22776601683796,-108.43494882292202,0.0,1.0,0.0,1.0,0.0,611.553026411658,789.6235174941932,930.8198745476018,0,9,45,45,0,45,0,0,0,1500.0
0.0,-300.0,300.0,-90.0,1.0,1.0,1.0,1.0,1.0,33.17728677330934,34.73826858211586,35.55994484407326,9,9,45,45,45,45,45,0,0,300.0
0.0,-300.0,300.0,-90.0,0.0,1.0,0.0,1.0,0.0,97.08735811862395,106.30105883408413,111.96251112988799,0,9,45,45,0,45,0,0,0,600.0
0.0,-300.0,300.0,-90.0,0.0,1.0,0.0,1.0,0.0,203.81093397405377,233.86452269267784,254.36018325375673,0,9,45,45,0,45,0,0,0,900.0
0.0,-300.0,300.0,-90.0,0.0,1.0,0.0,1.0,0.0,355.28260027862177,428.36697642605895,482.40108674831794,0,9,45,45,0,45,0,0,0,1200.0
0.0,-300.0,300.0,-90.0,0.0,1.0,0.0,1.0,0.0,553.89773872594,703.890955754163,823.7617470811269,0,9,45,45,0,45,0,0,0,1500.0
100.0,-300.0,316.22776601683796,-71.56505117707799,1.0,1.0,1.0,1.0,1.0,24.490776234717895,25.330474307603165,25.75321796793811,9,9,45,45,45,45,45,0,0,300.0
100.0,-300.0,316.22776601683796,-71.56505117707799,0.0,1.0,0.0,1.0,0.0,77.67289079036321,83.87452574514296,87.78405556512526,0,9,45,45,0,45,0,0,0,600.0
100.0,-300.0,316.22776601683796,-71.56505117707799,0.0,1.0,0.0,1.0,0.0,173.23774262133023,195.97315449809003,211.83003481089023,0,9,45,45,0,45,0,0,0,900.0
100.0,-300.0,316.22776601683796,-71.56505117707799,0.0,1.0,0.0,1.0,0.0,313.06498952280947,372.01346805874715,416.10741835014096,0,9,45,45,0,45,0,0,0,1200.0
100.0,-300.0,316.22776601683796,-71.56505117707799,0.0,1.0,0.0,1.0,0.0,499.3088468179204,625.0069765359212,725.831435029184,0,9,45,45,0,45,0,0,0,1500.0
200.0,-300.0,360.5551275463989,-56.309932474020215,1.0,1.0,1.0,1.0,1.0,18.41004847940647,18.855581941027545,19.009779566240052,9,9,45,45,45,45,45,0,0,300.0
200.0,-300.0,360.5551275463989,-56.309932474020215,0.0,1.0,0.0,1.0,0.0,60.9122870084364,64.87022506461808,67.41547449576076,0,9,45,45,0,45,0,0,0,600.0
200.0,-300.0,360.5551275463989,-56.309932474020215,0.0,1.0,0.0,1.0,0.0,145.31764635664047,162.21298384866196,174.06058535589102,0,9,45,45,0,45,0,0,0,900.0
200.0,-300.0,360.5551275463989,-56.309932474020215,0.0,1.0,0.0,1.0,0.0,273.6231528287101,320.7780102122934,356.0437940135502,0,9,45,45,0,45,0,0,0,1200.0
200.0,-300.0,360.5551275463989,-56.309932474020215,0.0,1.0,0.0,1.0,0.0,447.7130502705333,552.5544839848019,636.3419310038263,0,9,45,45,0,45,0,0,0,1500.0
300.0,-300.0,424.26406871192853,-45.0,0.0,1.0,1.0,0.4222222222222222,0.4222222222222222,14.815058322137451,15.078040617569712,15.078913418206328,0,9,45,45,45,19,19,26,0,300.0
300.0,-300.0,424.26406871192853,-45.0,0.0,1.0,0.0,1.0,0.0,46.92374329547742,49.2758669348767,50.79218206347656,0,9,45,45,0,45,0,0,0,600.0
300.0,-300.0,424.26406871192853,-45.0,0.0,1.0,0.0,1.0,0.0,120.06668174873616,132.24726606469738,140.81684759170597,0,9,45,45,0,45,0,0,0,900.0
300.0,-300.0,424.26406871192853,-45.0,0.0,1.0,0.0,1.0,0.0,236.92446718010842,274.0414775958965,301.8145389127274,0,9,45,45,0,45,0,0,0,1200.0
300.0,-300.0,424.26406871192853,-45.0,0.0,1.0,0.0,1.0,0.0,399.0460414441958,485.6610254021516,554.6779470573135,0,9,45,45,0,45,0,0,0,1500.0
400.0,-300.0,500.0,-36.86989764584402,1.0,1.0,1.0,1.0,1.0,18.393649795573097,18.50074002137935,18.54009732600132,9,9,45,45,45,45,45,0,0,300.0
400.0,-300.0,500.0,-36.86989764584402,1.0,1.0,1.0,1.0,1.0,35.885427708247924,37.15868390854442,37.94364178670916,9,9,45,45,45,45,45,0,0,600.0
400.0,-300.0,500.0,-36.86989764584402,0.0,1.0,0.0,1.0,0.0,97.53686141889183,105.97927154405207,111.91919375235908,0,9,45,45,0,45,0,0,0,900.0
400.0,-300.0,500.0,-36.86989764584402,0.0,1.0,0.0,1.0,0.0,202.9515661333253,231.6060095942414,253.07088767560458,0,9,45,45,0,45,0,0,0,1200.0
400.0,-300.0,500.0,-36.86989764584402,0.0,1.0,0.0,1.0,0.0,353.253359602515,424.0242762601122,480.28866136307886,0,9,45,45,0,45,0,0,0,1500.0
500.0,-300.0,583.09518948453,-30.96375653207352,1.0,1.0,1.0,1.0,1.0,24.457330020962445,24.74585370302848,24.892208797048497,9,9,45,45,45,45,45,0,0,300.0
500.0,-300.0,583.09518948453,-30.96375653207352,1.0,1.0,1.0,1.0,1.0,28.0407847966619,28.64472430814425,28.961944958718114,9,9,45,45,45,45,45,0,0,600.0
500.0,-300.0,583.09518948453,-30.96375653207352,0.0,1.0,0.0,1.0,0.0,77.83809112529524,83.51659272887805,87.2644515376082,0,9,45,45,0,45,0,0,0,900.0
500.0,-300.0,583.09518948453,-30.96375653207352,0.0,1.0,0.0,1.0,0.0,171.7080406514329,193.90832524871198,209.51287623531383,0,9,45,45,0,45,0,0,0,1200.0
500.0,-300.0,583.09518948453,-30.96375653207352,0.0,1.0,0.0,1.0,0.0,310.2918942183107,368.0415688559696,412.68225480788334,0,9,45,45,0,45,0,0,0,1500.0
600.0,-300.0,670.820393249937,-26.56505117707799,1.0,1.0,1.0,1.0,1.0,33.11361259797433,33.70507097040109,34.01597466766217,9,9,45,45,45,45,45,0,0,300.0
600.0,-300.0,670.820393249937,-26.56505117707799,0.0,1.0,1.0,0.4222222222222222,0.4222222222222222,23.424111010771192,23.754889164202865,23.757068732384187,0,9,45,45,45,19,19,26,0,600.0
600.0,-300.0,670.820393249937,-26.56505117707799,0.0,1.0,0.0,1.0,0.0,61.174141179065735,64.65830777911947,66.86404640538142,0,9,45,45,0,45,0,0,0,900.0
600.0,-300.0,670.820393249937,-26.56505117707799,0.0,1.0,0.0,1.0,0.0,143.22835840620428,159.9497154850113,170.89610222288397,0,9,45,45,0,45,0,0,0,1200.0
600.0,-300.0,670.820393249937,-26.56505117707799,0.0,1.0,0.0,1.0,0.0,270.1324336432239,317.2352402878953,351.4224440463348,0,9,45,45,0,45,0,0,0,1500.0
700.0,-300.0,761.5773105863908,-23.19859051364819,0.0,1.0,0.0,1.0,0.0,44.29777473251513,45.354135392037186,45.90044234687968,0,9,45,45,0,45,0,0,0,300.0
700.0,-300.0,761.5773105863908,-23.19859051364819,1.0,1.0,1.0,1.0,1.0,28.01637268636102,28.198804984773073,28.297120112580988,9,9,45,45,45,45,45,0,0,600.0
700.0,-300.0,761.5773105863908,-23.19859051364819,0.0,1.0,0.0,1.0,0.0,47.88667218917822,49.71301892094942,50.89659673772194,0,9,45,45,0,45,0,0,0,900.0
700.0,-300.0,761.5773105863908,-23.19859051364819,0.0,1.0,0.0,1.0,0.0,117.59541236330473,129.67925584031664,137.047088288603,0,9,45,45,0,45,0,0,0,1200.0
700.0,-300.0,761.5773105863908,-23.19859051364819,0.0,1.0,0.0,1.0,0.0,232.76396267261535,270.4963042900433,296.1275728348083,0,9,45,45,0,45,0,0,0,1500.0
800.0,-300.0,854.4003745317531,-20.556045219583467,0.0,1.0,0.0,1.0,0.0,57.95605257969291,59.66237137050116,60.51973897240048,0,9,45,45,0,45,0,0,0,300.0
800.0,-300.0,854.4003745317531,-20.556045219583467,1.0,1.0,1.0,1.0,1.0,35.83694790627562,36.36331369626673,36.6942090903761,9,9,45,45,45,45,45,0,0,600.0
800.0,-300.0,854.4003745317531,-20.556045219583467,1.0,1.0,1.0,1.0,1.0,38.439556234125256,39.225858381449484,39.70448665863301,9,9,45,45,45,45,45,0,0,900.0
800.0,-300.0,854.4003745317531,-20.556045219583467,0.0,1.0,0.0,1.0,0.0,94.97164288375622,103.19525084594946,107.89433134746521,0,9,45,45,0,45,0,0,0,1200.0
800.0,-300.0,854.4003745317531,-20.556045219583467,0.0,1.0,0.0,1.0,0.0,198.2009914581272,227.7456725918072,246.4734741359148,0,9,45,45,0,45,0,0,0,1500.0
900.0,-300.0,948.6832980505138,-18.43494882292201,0.0,1.0,0.0,1.0,0.0,74.033012335008,76.61461758994238,77.86984627261299,0,9,45,45,0,45,0,0,0,300.0
900.0,-300.0,948.6832980505138,-18.43494882292201,0.0,1.0,0.0,1.0,0.0,46.82795285076391,47.8867649989411,48.57034107810317,0,9,45,45,0,45,0,0,0,600.0
900.0,-300.0,948.6832980505138,-18.43494882292201,0.0,1.0,1.0,0.4222222222222222,0.4222222222222222,33.12641795251593,33.477760245548204,33.48123155333454,0,9,45,45,45,19,19,26,0,900.0
900.0,-300.0,948.6832980505138,-18.43494882292201,0.0,1.0,0.0,1.0,0.0,75.65932517661595,80.69847709557183,83.52625181119603,0,9,45,45,0,45,0,0,0,1200.0
900.0,-300.0,948.6832980505138,-18.43494882292201,0.0,1.0,0.0,1.0,0.0,166.5126112015265,188.85092165035377,202.20258055984831,0,9,45,45,0,45,0,0,0,1500.0
1000.0,-300.0,1044.030650891055,-16.69924423399362,0.0,1.0,0.0,1.0,0.0,92.49646917402715,96.28986529409227,97.96706709666752,0,9,45,45,0,45,0,0,0,300.0
1000.0,-300.0,1044.030650891055,-16.69924423399362,0.0,1.0,0.0,1.0,0.0,60.72690709680356,62.54139255388951,63.69668742395925,0,9,45,45,0,45,0,0,0,600.0
1000.0,-300.0,1044.030650891055,-16.69924423399362,1.0,1.0,1.0,1.0,1.0,38.407068336668566,38.69111643872921,38.87524526717721,9,9,45,45,45,45,45,0,0,900.0
1000.0,-300.0,1044.030650891055,-16.69924423399362,0.0,1.0,0.0,1.0,0.0,60.13240786155833,62.795580686707645,64.27976582763901,0,9,45,45,0,45,0,0,0,1200.0
1000.0,-300.0,1044.030650891055,-16.69924423399362,0.0,1.0,0.0,1.0,0.0,137.76357640564558,153.70379549214744,163.1442779263187,0,9,45,45,0,45,0,0,0,1500.0
1100.0,-300.0,1140.175425099138,-15.255118703057777,0.0,1.0,0.0,1.0,0.0,113.32637977263205,118.68604233313724,120.84140210225236,0,9,45,45,0,45,0,0,0,300.0
1100.0,-300.0,1140.175425099138,-15.255118703057777,0.0,1.0,0.0,1.0,0.0,77.34086835265482,80.1572360776525,81.89941512839776,0,9,45,45,0,45,0,0,0,600.0
1100.0,-300.0,1140.175425099138,-15.255118703057777,0.0,1.0,0.0,1.0,0.0,47.82348946849,48.70703272564947,49.27573165272573,0,9,45,45,0,45,0,0,0,900.0
1100.0,-300.0,1140.175425099138,-15.255118703057777,0.0,1.0,0.0,1.0,0.0,49.12098837976922,50.11786052324585,50.7772645395761,0,9,45,45,0,45,0,0,0,1200.0
1100.0,-300.0,1140.175425099138,-15.255118703057777,0.0,1.0,0.0,1.0,0.0,112.21782511984435,122.95637213413681,129.25629847290946,0,9,45,45,0,45,0,0,0,1500.0
1200.0,-300.0,1236.9316876852981,-14.036243467926479,0.0,1.0,0.0,1.0,0.0,136.5101297059839,143.83657980968175,146.53164602835955,0,9,45,45,0,45,0,0,0,300.0
1200.0,-300.0,1236.9316876852981,-14.036243467926479,0.0,1.0,0.0,1.0,0.0,96.5272384157563,100.63098400073446,103.08685786460084,0,9,45,45,0,45,0,0,0,600.0
1200.0,-300.0,1236.9316876852981,-14.036243467926479,0.0,1.0,0.0,1.0,0.0,61.04918592797872,62.844254798411015,63.961681881948806,0,9,45,45,0,45,0,0,0,900.0
1200.0,-300.0,1236.9316876852981,-14.036243467926479,0.0,1.0,0.0,0.4222222222222222,0.0,43.1913970176611,43.551619295338256,43.556369047385985,0,9,45,45,0,19,0,0,0,1200.0
1200.0,-300.0,1236.9316876852981,-14.036243467926479,0.0,1.0,0.0,1.0,0.0,90.244848299935,96.86631499096639,100.70394634168905,0,9,45,45,0,45,0,0,0,1500.0
1300.0,-300.0,1334.1664064126335,-12.994616791916505,0.0,1.0,0.0,1.0,0.0,162.0395988277939,171.78380374633275,175.08240996361855,0,9,45,45,0,45,0,0,0,300.0
1300.0,-300.0,1334.1664064126335,-12.994616791916505,0.0,1.0,0.0,1.0,0.0,118.2012058539135,123.91609199917414,127.22459736291765,0,9,45,45,0,45,0,0,0,600.0
1300.0,-300.0,1334.1664064126335,-12.994616791916505,0.0,1.0,0.0,1.0,0.0,77.60289350197516,80.53909950973201,82.42891687843746,0,9,45,45,0,45,0,0,0,900.0
1300.0,-300.0,1334.1664064126335,-12.994616791916505,0.0,1.0,0.0,1.0,0.0,49.08037929714421,49.49927839179702,49.7909105104135,0,9,45,45,0,45,0,0,0,1200.0
1300.0,-300.0,1334.1664064126335,-12.994616791916505,0.0,1.0,0.0,1.0,0.0,72.49884983521342,76.00070676003047,77.98928514610097,0,9,45,45,0,45,0,0,0,1500.0
1400.0,-300.0,1431.7821063276353,-12.094757077012101,0.0,1.0,0.0,1.0,0.0,189.90942369643636,202.5740342767669,206.54239659160405,0,9,45,45,0,45,0,0,0,300.0
1400.0,-300.0,1431.7821063276353,-12.094757077012101,0.0,1.0,0.0,1.0,0.0,142.31027889347507,150.00133304633098,154.3130553892448,0,9,45,45,0,45,0,0,0,600.0
1400.0,-300.0,1431.7821063276353,-12.094757077012101,0.0,1.0,0.0,1.0,0.0,97.14037447600876,101.41184139446935,104.33473451621713,0,9,45,45,0,45,0,0,0,900.0
1400.0,-300.0,1431.7821063276353,-12.094757077012101,0.0,1.0,0.0,1.0,0.0,60.05463280106959,61.48598882295287,62.28494905528651,0,9,45,45,0,45,0,0,0,1200.0
1400.0,-300.0,1431.7821063276353,-12.094757077012101,0.0,1.0,0.0,1.0,0.0,59.93414435694832,61.24068977971434,62.03946556603768,0,9,45,45,0,45,0,0,0,1500.0
1500.0,-300.0,1529.7058540778355,-11.309932474020213,0.0,1.0,0.0,1.0,0.0,220.11597018866186,236.25660773305572,240.96340694537426,0,9,45,45,0,45,0,0,0,300.0
1500.0,-300.0,1529.7058540778355,-11.309932474020213,0.0,1.0,0.0,1.0,0.0,168.82124262087515,178.7973737716825,184.37364356749828,0,9,45,45,0,45,0,0,0,600.0
1500.0,-300.0,1529.7058540778355,-11.309932474020213,0.0,1.0,0.0,1.0,0.0,119.37464546556029,125.39085487225265,129.49263019793284,0,9,45,45,0,45,0,0,0,900.0
1500.0,-300.0,1529.7058540778355,-11.309932474020213,0.0,1.0,0.0,1.0,0.0,75.50637399762684,78.33538794046979,79.92162402249483,0,9,45,45,0,45,0,0,0,1200.0
1500.0,-300.0,1529.7058540778355,-11.309932474020213,0.0,1.0,0.0,0.4222222222222222,0.0,53.414414072427164,53.779580360582415,53.7856074572695,0,9,45,45,0,19,0,0,0,1500.0
1600.0,-300.0,1627.8820596099706,-10.619655276155134,0.0,1.0,0.0,1.0,0.0,252.656716211378,272.88330420262247,278.3997658715961,0,9,45,45,0,45,0,0,0,300.0
1600.0,-300.0,1627.8820596099706,-10.619655276155134,0.0,1.0,0.0,1.0,0.0,197.7124851969776,210.3779369298835,217.4408432965536,0,9,45,45,0,45,0,0,0,600.0
1600.0,-300.0,1627.8820596099706,-10.619655276155134,0.0,1.0,0.0,1.0,0.0,144.2231055354119,152.33953188364026,157.81492549692135,0,9,45,45,0,45,0,0,0,900.0
1600.0,-300.0,1627.8820596099706,-10.619655276155134,0.0,1.0,0.0,1.0,0.0,94.68710761903071,99.30908161071343,101.88974808883971,0,9,45,45,0,45,0,0,0,1200.0
1600.0,-300.0,1627.8820596099706,-10.619655276155134,0.0,1.0,0.0,1.0,0.0,59.88538502592412,60.50996963878485,60.896884169398916,0,9,45,45,0,45,0,0,0,1500.0
1700.0,-300.0,1726.2676501632068,-10.007979801441337,0.0,1.0,0.0,1.0,0.0,287.52987248413535,309.69549548941376,314.5107086535755,0,9,45,45,0,45,0,0,0,300.0
1700.0,-300.0,1726.2676501632068,-10.007979801441337,0.0,1.0,0.0,1.0,0.0,228.969543018774,244.76480846995918,253.55770438279313,0,9,45,45,0,45,0,0,0,600.0
1700.0,-300.0,1726.2676501632068,-10.007979801441337,0.0,1.0,0.0,1.0,0.0,171.58031913781608,182.19074102262056,189.271493479256,0,9,45,45,0,45,0,0,0,900.0
1700.0,-300.0,1726.2676501632068,-10.007979801441337,0.0,1.0,0.0,1.0,0.0,117.09692748474242,123.74866234753185,127.66703636279408,0,9,45,45,0,45,0,0,0,1200.0
1700.0,-300.0,1726.2676501632068,-10.007979801441337,0.0,1.0,0.0,1.0,0.0,72.40652707472375,74.43674012084844,75.61105237492775,0,9,45,45,0,45,0,0,0,1500.0
1800.0,-300.0,1824.8287590894658,-9.462322208025617,0.0,1.0,0.0,1.0,0.0,320.7060927573202,342.6273829323551,349.5143536575792,0,9,45,45,0,45,0,0,0,300.0
1800.0,-300.0,1824.8287590894658,-9.462322208025617,0.0,1.0,0.0,1.0,0.0,262.582477320317,282.10172089910867,292.77324547376014,0,9,45,45,0,45,0,0,0,600.0
1800.0,-300.0,1824.8287590894658,-9.462322208025617,0.0,1.0,0.0,1.0,0.0,201.3915667894915,215.02667613857193,223.86594967741172,0,9,45,45,0,45,0,0,0,900.0
1800.0,-300.0,1824.8287590894658,-9.462322208025617,0.0,1.0,0.0,1.0,0.0,142.40534255063267,151.35222810339332,156.96943888060505,0,9,45,45,0,45,0,0,0,1200.0
1800.0,-300.0,1824.8287590894658,-9.462322208025617,0.0,1.0,0.0,1.0,0.0,90.06504668729886,94.05783036741093,96.36647351546493,0,9,45,45,0,45,0,0,0,1500.0
-500.0,-200.0,538.5164807134504,-158.19859051364818,0.0,1.0,0.0,1.0,0.0,164.21870975113433,195.79236618414484,210.7523251567955,0,9,45,45,0,45,0,0,0,300.0
-500.0,-200.0,538.5164807134504,-158.19859051364818,0.0,1.0,0.0,1.0,0.0,347.0448489684484,443.5823909694478,506.74146992791435,0,9,45,45,0,45,0,0,0,600.0
-500.0,-200.0,538.5164807134504,-158.19859051364818,0.0,1.0,0.0,1.0,0.0,606.4793889039646,847.6245094047864,1027.6481007215107,0,9,45,45,0,45,0,0,0,900.0
-500.0,-200.0,538.5164807134504,-158.19859051364818,0.0,1.0,0.0,1.0,0.0,953.0146881058699,1473.1749032457842,1930.7680516847543,0,9,45,45,0,45,0,0,0,1200.0
-500.0,-200.0,538.5164807134504,-158.19859051364818,0.0,1.0,0.0,1.0,0.0,1401.6145721989742,2436.570734472763,3564.3479386023564,0,9,45,45,0,45,0,0,0,1500.0
-400.0,-200.0,447.21359549995793,-153.434948822922,0.0,1.0,0.0,1.0,0.0,131.62915363856564,152.8969110117842,164.06626518977473,0,9,45,45,0,45,0,0,0,300.0
-400.0,-200.0,447.21359549995793,-153.434948822922,0.0,1.0,0.0,1.0,0.0,296.22765028462544,370.60850048609666,418.69633105851545,0,9,45,45,0,45,0,0,0,600.0
-400.0,-200.0,447.21359549995793,-153.434948822922,0.0,1.0,0.0,1.0,0.0,535.0404740901729,729.8115843627629,873.1409953497414,0,9,45,45,0,45,0,0,0,900.0
-400.0,-200.0,447.21359549995793,-153.434948822922,0.0,1.0,0.0,1.0,0.0,857.4783700708459,1285.9203533043226,1659.5000764558517,0,9,45,45,0,45,0,0,0,1200.0
-400.0,-200.0,447.21359549995793,-153.434948822922,0.0,1.0,0.0,1.0,0.0,1277.0175259899847,2141.098275351972,3058.8705676813647,0,9,45,45,0,45,0,0,0,1500.0
-300.0,-200.0,360.5551275463989,-146.30993247402023,0.0,1.0,0.0,1.0,0.0,102.96704748177075,117.01877922042281,124.69245878622856,0,9,45,45,0,45,0,0,0,300.0
-300.0,-200.0,360.5551275463989,-146.30993247402023,0.0,1.0,0.0,1.0,0.0,249.8417719290248,306.09581000816377,342.0760593694846,0,9,45,45,0,45,0,0,0,600.0
-300.0,-200.0,360.5551275463989,-146.30993247402023,0.0,1.0,0.0,1.0,0.0,468.8027514503592,623.3280308977675,737.7557178361152,0,9,45,45,0,45,0,0,0,900.0
-300.0,-200.0,360.5551275463989,-146.30993247402023,0.0,1.0,0.0,1.0,0.0,768.2717367231235,1119.2346281177777,1423.515359903211,0,9,45,45,0,45,0,0,0,1200.0
-300.0,-200.0,360.5551275463989,-146.30993247402023,0.0,1.0,0.0,1.0,0.0,1160.3767520429828,1880.193053388164,2628.847623481611,0,9,45,45,0,45,0,0,0,1500.0
-200.0,-200.0,282.842712474619,-135.0,0.0,1.0,0.0,1.0,0.0,78.15320448724388,87.00121260112965,91.97171228707235,0,9,45,45,0,45,0,0,0,300.0
-200.0,-200.0,282.842712474619,-135.0,0.0,1.0,0.0,1.0,0.0,207.73409346546794,249.04548554494815,275.6774744450402,0,9,45,45,0,45,0,0,0,600.0
-200.0,-200.0,282.842712474619,-135.0,0.0,1.0,0.0,1.0,0.0,407.52359195332167,528.6202873376759,619.1265891159536,0,9,45,45,0,45,0,0,0,900.0
-200.0,-200.0,282.842712474619,-135.0,0.0,1.0,0.0,1.0,0.0,685.0343837890617,970.628237939845,1217.5707302452656,0,9,45,45,0,45,0,0,0,1200.0
-200.0,-200.0,282.842712474619,-135.0,0.0,1.0,0.0,1.0,0.0,1051.165631255978,1648.9574581784466,2260.2833861549207,0,9,45,45,0,45,0,0,0,1500.0
-100.0,-200.0,223.60679774997897,-116.56505117707799,0.0,1.0,0.0,1.0,0.0,57.14131308066885,62.397939673887386,65.34404261324029,0,9,45,45,0,45,0,0,0,300.0
-100.0,-200.0,223.60679774997897,-116.56505117707799,0.0,1.0,0.0,1.0,0.0,169.77741865840082,199.08156899831582,218.47012746747745,0,9,45,45,0,45,0,0,0,600.0
-100.0,-200.0,223.60679774997897,-116.56505117707799,0.0,1.0,0.0,1.0,0.0,350.9890664209821,444.50625784178567,515.2672202442872,0,9,45,45,0,45,0,0,0,900.0
-100.0,-200.0,223.60679774997897,-116.56505117707799,0.0,1.0,0.0,1.0,0.0,607.4440819689977,838.0073523584596,1037.4154538679345,0,9,45,45,0,45,0,0,0,1200.0
-100.0,-200.0,223.60679774997897,-116.56505117707799,0.0,1.0,0.0,1.0,0.0,948.9127661778891,1443.38940273653,1942.443739485318,0,9,45,45,0,45,0,0,0,1500.0
0.0,-200.0,200.0,-90.0,0.0,1.0,0.5333333333333333,1.0,0.5333333333333333,39.936301276700284,42.76003578533323,44.3561746679402,0,9,45,45,24,45,24,0,0,300.0
0.0,-200.0,200.0,-90.0,0.0,1.0,0.0,1.0,0.0,135.87395598270265,155.90968179511862,169.5734555025044,0,9,45,45,0,45,0,0,0,600.0
0.0,-200.0,200.0,-90.0,0.0,1.0,0.0,1.0,0.0,299.01298985756085,369.9687427427508,424.49978074908495,0,9,45,45,0,45,0,0,0,900.0
0.0,-200.0,200.0,-90.0,0.0,1.0,0.0,1.0,0.0,535.2134645171858,719.5990092911352,879.5680651839255,0,9,45,45,0,45,0,0,0,1200.0
0.0,-200.0,200.0,-90.0,0.0,1.0,0.0,1.0,0.0,853.1959492848852,1260.1862172931067,1666.9589359661197,0,9,45,45,0,45,0,0,0,1500.0
100.0,-200.0,223.60679774997897,-63.43494882292201,1.0,1.0,1.0,1.0,1.0,26.634052780833276,27.944128041566586,28.693879750624003,9,9,45,45,45,45,45,0,0,300.0
100.0,-200.0,223.60679774997897,-63.43494882292201,0.0,1.0,0.0,1.0,0.0,105.9638117967143,119.06907221840754,128.24403103295208,0,9,45,45,0,45,0,0,0,600.0
100.0,-200.0,223.60679774997897,-63.43494882292201,0.0,1.0,0.0,1.0,0.0,251.43723707346285,304.4246522262812,345.4010831482843,0,9,45,45,0,45,0,0,0,900.0
100.0,-200.0,223.60679774997897,-63.43494882292201,0.0,1.0,0.0,1.0,0.0,468.08748588693993,614.7073596729892,741.1513394325854,0,9,45,45,0,45,0,0,0,1200.0
100.0,-200.0,223.60679774997897,-63.43494882292201,0.0,1.0,0.0,1.0,0.0,763.6370988438304,1098.3758455534157,1427.2073258968433,0,9,45,45,0,45,0,0,0,1500.0
200.0,-200.0,282.842712474619,-45.0,1.0,1.0,1.0,1.0,1.0,17.468903299521692,17.96638254042764,18.229029267942643,9,9,45,45,45,45,45,0,0,300.0
200.0,-200.0,282.842712474619,-45.0,0.0,1.0,0.0,1.0,0.0,80.04445449915725,88.16484404313152,93.87789839447079,0,9,45,45,0,45,0,0,0,600.0
200.0,-200.0,282.842712474619,-45.0,0.0,1.0,0.0,1.0,0.0,208.13413066548642,246.86992971044046,276.76234863404807,0,9,45,45,0,45,0,0,0,900.0
200.0,-200.0,282.842712474619,-45.0,0.0,1.0,0.0,1.0,0.0,405.84174420542905,521.234228053349,619.7687909035772,0,9,45,45,0,45,0,0,0,1200.0
200.0,-200.0,282.842712474619,-45.0,0.0,1.0,0.0,1.0,0.0,679.8980684808397,953.7848813663468,1217.882604351052,0,9,45,45,0,45,0,0,0,1500.0
300.0,-200.0,360.5551275463989,-33.690067525979785,0.0,1.0,1.0,0.4222222222222222,0.4222222222222222,12.590189498457828,12.79550632011014,12.796522773838596,0,9,45,45,45,19,19,26,0,300.0
300.0,-200.0,360.5551275463989,-33.690067525979785,0.0,1.0,0.0,1.0,0.0,58.2157253700969,62.873326407148646,66.04267894622899,0,9,45,45,0,45,0,0,0,600.0
300.0,-200.0,360.5551275463989,-33.690067525979785,0.0,1.0,0.0,1.0,0.0,169.01264206530792,196.5798563599826,217.5615342630856,0,9,45,45,0,45,0,0,0,900.0
300.0,-200.0,360.5551275463989,-33.690067525979785,0.0,1.0,0.0,1.0,0.0,348.2819086049684,437.6925716698106,513.4115392689091,0,9,45,45,0,45,0,0,0,1200.0
300.0,-200.0,360.5551275463989,-33.690067525979785,0.0,1.0,0.0,1.0,0.0,601.677288921777,823.912407058656,1034.6839953414553,0,9,45,45,0,45,0,0,0,1500.0
400.0,-200.0,447.21359549995793,-26.56505117707799,1.0,1.0,1.0,1.0,1.0,17.4497483512504,17.6179798495772,17.707686738177703,9,9,45,45,45,45,45,0,0,300.0
400.0,-200.0,447.21359549995793,-26.56505117707799,0.0,1.0,0.3333333333333333,1.0,0.3333333333333333,40.782760786043696,43.10553851941292,44.576030936921015,0,9,45,45,15,45,15,0,0,600.0
400.0,-200.0,447.21359549995793,-26.56505117707799,0.0,1.0,0.0,1.0,0.0,134.03235767142948,153.52642637604717,166.95011564159034,0,9,45,45,0,45,0,0,0,900.0
400.0,-200.0,447.21359549995793,-26.56505117707799,0.0,1.0,0.0,1.0,0.0,295.2447737555708,364.5721635841411,420.3881444681213,0,9,45,45,0,45,0,0,0,1200.0
400.0,-200.0,447.21359549995793,-26.56505117707799,0.0,1.0,0.0,1.0,0.0,528.7072692254096,707.2392788015608,874.0907217738929,0,9,45,45,0,45,0,0,0,1500.0
500.0,-200.0,538.5164807134504,-21.80140948635181,1.0,1.0,1.0,1.0,1.0,26.578664839509365,27.1246019986051,27.43745464400879,9,9,45,45,45,45,45,0,0,300.0
500.0,-200.0,538.5164807134504,-21.80140948635181,1.0,1.0,1.0,1.0,1.0,28.436039408194073,29.25076887914304,29.78712889383395,9,9,45,45,45,45,45,0,0,600.0
500.0,-200.0,538.5164807134504,-21.80140948635181,0.0,1.0,0.0,1.0,0.0,103.23469066858166,116.22102286548443,124.26260902603798,0,9,45,45,0,45,0,0,0,900.0
500.0,-200.0,538.5164807134504,-21.80140948635181,0.0,1.0,0.0,1.0,0.0,246.60204271722614,299.93781125536236,339.27290490986053,0,9,45,45,0,45,0,0,0,1200.0
500.0,-200.0,538.5164807134504,-21.80140948635181,0.0,1.0,0.0,1.0,0.0,460.75309067986416,606.3915890583844,733.1955762064119,0,9,45,45,0,45,0,0,0,1500.0
600.0,-200.0,632.4555320336759,-18.43494882292201,0.0,1.0,0.5777777777777777,1.0,0.5777777777777777,39.79154848852013,40.99506251769401,41.66605132392642,0,9,45,45,26,45,26,0,0,300.0
600.0,-200.0,632.4555320336759,-18.43494882292201,0.0,1.0,1.0,0.4222222222222222,0.4222222222222222,22.084278635010612,22.31850683036551,22.320821035556328,0,9,45,45,45,19,19,26,0,600.0
600.0,-200.0,632.4555320336759,-18.43494882292201,0.0,1.0,0.0,1.0,0.0,76.81503043553987,84.57468954813115,89.0735209216394,0,9,45,45,0,45,0,0,0,900.0
600.0,-200.0,632.4555320336759,-18.43494882292201,0.0,1.0,0.0,1.0,0.0,202.26921826524358,242.11986126709138,268.87096983752,0,9,45,45,0,45,0,0,0,1200.0
600.0,-200.0,632.4555320336759,-18.43494882292201,0.0,1.0,0.0,1.0,0.0,397.61221092230045,515.0896852748244,609.5809671677647,0,9,45,45,0,45,0,0,0,1500.0
700.0,-200.0,728.0109889280518,-15.945395900922854,0.0,1.0,0.0,1.0,0.0,56.81226457141862,59.01309322662654,60.210175051297355,0,9,45,45,0,45,0,0,0,300.0
700.0,-200.0,728.0109889280518,-15.945395900922854,1.0,1.0,1.0,1.0,1.0,28.406132285709177,28.762557323082188,29.0043417344431,9,9,45,45,45,45,45,0,0,600.0
700.0,-200.0,728.0109889280518,-15.945395900922854,0.0,1.0,0.0,1.0,0.0,55.291707002155164,59.16199462987444,61.36833110707267,0,9,45,45,0,45,0,0,0,900.0
700.0,-200.0,728.0109889280518,-15.945395900922854,0.0,1.0,0.0,1.0,0.0,162.22500993694658,190.5093828705114,208.2028120443578,0,9,45,45,0,45,0,0,0,1200.0
700.0,-200.0,728.0109889280518,-15.945395900922854,0.0,1.0,0.0,1.0,0.0,339.11624897141735,432.29287368155593,501.2265360657568,0,9,45,45,0,45,0,0,0,1500.0
800.0,-200.0,824.6211251235321,-14.036243467926479,0.0,1.0,0.0,1.0,0.0,77.48945805419773,81.08416577669436,83.02773121090814,0,9,45,45,0,45,0,0,0,300.0
800.0,-200.0,824.6211251235321,-14.036243467926479,0.0,1.0,0.2,1.0,0.2,40.69945728531908,41.89616986560736,42.641121254632466,0,9,45,45,9,45,9,0,0,600.0
800.0,-200.0,824.6211251235321,-14.036243467926479,0.3333333333333333,1.0,0.5555555555555556,1.0,0.5555555555555556,39.83214810634769,41.18145581642891,41.936434576781075,3,9,45,45,25,45,25,0,0,900.0
800.0,-200.0,824.6211251235321,-14.036243467926479,0.0,1.0,0.0,1.0,0.0,126.55429524395122,145.08372325414842,156.51956406599902,0,9,45,45,0,45,0,0,0,1200.0
800.0,-200.0,824.6211251235321,-14.036243467926479,0.0,1.0,0.0,1.0,0.0,285.13615214420383,357.44627731361936,406.44167552849393,0,9,45,45,0,45,0,0,0,1500.0
900.0,-200.0,921.9544457292888,-12.528807709151511,0.0,1.0,0.0,1.0,0.0,101.74864321329771,107.27426508677944,110.1607619163524,0,9,45,45,0,45,0,0,0,300.0
900.0,-200.0,921.9544457292888,-12.528807709151511,0.0,1.0,0.0,1.0,0.0,58.00565126449143,60.39683501729159,61.97773793964181,0,9,45,45,0,45,0,0,0,600.0
900.0,-200.0,921.9544457292888,-12.528807709151511,0.0,1.0,1.0,0.4222222222222222,0.4222222222222222,32.19292579408598,32.43491864219229,32.43851067778252,0,9,45,45,45,19,19,26,0,900.0
900.0,-200.0,921.9544457292888,-12.528807709151511,0.0,1.0,0.0,1.0,0.0,95.54759453279058,106.63653389264293,113.38442819146921,0,9,45,45,0,45,0,0,0,1200.0
900.0,-200.0,921.9544457292888,-12.528807709151511,0.0,1.0,0.0,1.0,0.0,235.59376552362278,288.527918048891,323.82024191456384,0,9,45,45,0,45,0,0,0,1500.0
1000.0,-200.0,1019.803902718557,-11.309932474020213,0.0,1.0,0.0,1.0,0.0,129.5518958171238,137.64783249012916,141.6928587235859,0,9,45,45,0,45,0,0,0,300.0
1000.0,-200.0,1019.803902718557,-11.309932474020213,0.0,1.0,0.0,1.0,0.0,79.58309697703993,83.59390324816852,86.32842013195526,0,9,45,45,0,45,0,0,0,600.0
1000.0,-200.0,1019.803902718557,-11.309932474020213,0.4444444444444444,1.0,0.6666666666666666,1.0,0.6666666666666666,39.79154848851987,40.498821037185444,40.899265388115175,4,9,45,45,30,45,30,0,0,900.0
1000.0,-200.0,1019.803902718557,-11.309932474020213,0.0,1.0,0.0,1.0,0.0,69.93704758690996,75.65042765275943,78.92051161749254,0,9,45,45,0,45,0,0,0,1200.0
1000.0,-200.0,1019.803902718557,-11.309932474020213,0.0,1.0,0.0,1.0,0.0,190.4866721026191,227.75882616433353,252.22030695801232,0,9,45,45,0,45,0,0,0,1500.0
1100.0,-200.0,1118.033988749895,-10.304846468766033,0.0,1.0,0.0,1.0,0.0,160.87873069292735,172.52413298049368,177.72974184483354,0,9,45,45,0,45,0,0,0,300.0
1100.0,-200.0,1118.033988749895,-10.304846468766033,0.0,1.0,0.0,1.0,0.0,105.06139757385408,111.26839017805185,115.4345322317357,0,9,45,45,0,45,0,0,0,600.0
1100.0,-200.0,1118.033988749895,-10.304846468766033,0.0,1.0,0.0,1.0,0.0,55.18094938671943,57.439126503418905,58.72377766067972,0,9,45,45,0,45,0,0,0,900.0
1100.0,-200.0,1118.033988749895,-10.304846468766033,0.0,1.0,0.0,1.0,0.0,51.372537791245946,53.30917753405891,54.42465480434429,0,9,45,45,0,45,0,0,0,1200.0
1100.0,-200.0,1118.033988749895,-10.304846468766033,0.0,1.0,0.0,1.0,0.0,149.9429209994063,174.95838700202268,190.7834920246092,0,9,45,45,0,45,0,0,0,1500.0
1200.0,-200.0,1216.552506059644,-9.462322208025617,0.0,1.0,0.0,1.0,0.0,195.71742299617483,211.86045870896208,218.39072769240985,0,9,45,45,0,45,0,0,0,300.0
1200.0,-200.0,1216.552506059644,-9.462322208025617,0.0,1.0,0.0,1.0,0.0,134.26104452632802,143.35111742571465,149.24396645160766,0,9,45,45,0,45,0,0,0,600.0
1200.0,-200.0,1216.552506059644,-9.462322208025617,0.0,1.0,0.0,1.0,0.0,76.54057175853025,80.99752708677673,83.5264285133098,0,9,45,45,0,45,0,0,0,900.0
1200.0,-200.0,1216.552506059644,-9.462322208025617,0.0,1.0,0.0,0.4222222222222222,0.0,42.47962712996049,42.72526553317216,42.73013883636693,0,9,45,45,0,19,0,0,0,1200.0
1200.0,-200.0,1216.552506059644,-9.462322208025617,0.0,1.0,0.0,1.0,0.0,114.34794462925622,130.16425358167868,139.03995732910565,0,9,45,45,0,45,0,0,0,1500.0
1300.0,-200.0,1315.2946437965904,-8.74616226255521,0.0,1.0,0.0,1.0,0.0,234.06091014210955,255.77662721217268,263.80487724604615,0,9,45,45,0,45,0,0,0,300.0
1300.0,-200.0,1315.2946437965904,-8.74616226255521,0.0,1.0,0.0,1.0,0.0,167.08988287622134,179.84884524533283,187.79850200499035,0,9,45,45,0,45,0,0,0,600.0
1300.0,-200.0,1315.2946437965904,-8.74616226255521,0.0,1.0,0.0,1.0,0.0,102.64249912321938,109.81425673358564,114.06756373521041,0,9,45,45,0,45,0,0,0,900.0
1300.0,-200.0,1315.2946437965904,-8.74616226255521,0.0,1.0,0.0,1.0,0.0,51.321249561609655,52.451697328932966,53.12634452234748,0,9,45,45,0,45,0,0,0,1200.0
1300.0,-200.0,1315.2946437965904,-8.74616226255521,0.0,1.0,0.0,1.0,0.0,84.64801747953902,92.98519793747003,97.23646826344496,0,9,45,45,0,45,0,0,0,1500.0
1400.0,-200.0,1414.213562373095,-8.13010235415598,0.0,1.0,0.0,1.0,0.0,275.9047469335977,302.2833461656888,309.6113278784583,0,9,45,45,0,45,0,0,0,300.0
1400.0,-200.0,1414.213562373095,-8.13010235415598,0.0,1.0,0.0,1.0,0.0,203.49728642659548,220.78620007417044,231.18651957201098,0,9,45,45,0,45,0,0,0,600.0
1400.0,-200.0,1414.213562373095,-8.13010235415598,0.0,1.0,0.0,1.0,0.0,132.8933241975467,143.1641706957409,149.86626371839387,0,9,45,45,0,45,0,0,0,900.0
1400.0,-200.0,1414.213562373095,-8.13010235415598,0.0,1.0,0.0,1.0,0.0,69.79899340500214,73.46001597763045,75.51606033055506,0,9,45,45,0,45,0,0,0,1200.0
1400.0,-200.0,1414.213562373095,-8.13010235415598,0.0,1.0,0.0,1.0,0.0,62.97794206121133,65.6991784513265,67.19960978815861,0,9,45,45,0,45,0,0,0,1500.0
1500.0,-200.0,1513.2745950421556,-7.594643368591445,0.0,1.0,0.0,1.0,0.0,317.21114460078053,345.06053715939447,351.9227250982925,0,9,45,45,0,45,0,0,0,300.0
1500.0,-200.0,1513.2745950421556,-7.594643368591445,0.0,1.0,0.0,1.0,0.0,243.45369604023492,266.1414521170064,279.5226106261543,0,9,45,45,0,45,0,0,0,600.0
1500.0,-200.0,1513.2745950421556,-7.594643368591445,0.0,1.0,0.0,1.0,0.0,167.0078576744593,180.87541170341387,190.77815335147432,0,9,45,45,0,45,0,0,0,900.0
1500.0,-200.0,1513.2745950421556,-7.594643368591445,0.0,1.0,0.0,1.0,0.0,95.20912755943655,102.11527055004821,106.21702096593937,0,9,45,45,0,45,0,0,0,1200.0
1500.0,-200.0,1513.2745950421556,-7.594643368591445,0.0,1.0,0.0,0.4222222222222222,0.0,52.84048226134956,53.08848710676277,53.09465530210261,0,9,45,45,0,19,0,0,0,1500.0
1600.0,-200.0,1612.4515496597098,-7.125016348901798,0.0,1.0,0.0,1.0,0.0,356.706887642841,388.66732795110806,397.7582368677053,0,9,45,45,0,45,0,0,0,300.0
1600.0,-200.0,1612.4515496597098,-7.125016348901798,0.0,1.0,0.0,1.0,0.0,286.940936810941,315.8672760374562,332.93824580440264,0,9,45,45,0,45,0,0,0,600.0
1600.0,-200.0,1612.4515496597098,-7.125016348901798,0.0,1.0,0.0,1.0,0.0,204.83953298747622,223.42774578889123,236.80574256269009,0,9,45,45,0,45,0,0,0,900.0
1600.0,-200.0,1612.4515496597098,-7.125016348901798,0.0,1.0,0.0,1.0,0.0,125.8319248487537,136.8606237323231,143.39943149396697,0,9,45,45,0,45,0,0,0,1200.0
1600.0,-200.0,1612.4515496597098,-7.125016348901798,0.0,1.0,0.0,1.0,0.0,62.915962424376715,64.6619879697721,65.62916459692329,0,9,45,45,0,45,0,0,0,1500.0
1700.0,-200.0,1711.724276862369,-6.7098368077569335,0.0,1.0,0.0,1.0,0.0,395.7221436458672,432.92897761096026,443.84863127074345,0,9,45,45,0,45,0,0,0,300.0
1700.0,-200.0,1711.724276862369,-6.7098368077569335,0.0,1.0,0.0,1.0,0.0,333.9473372291232,370.17040454696684,391.57728132570804,0,9,45,45,0,45,0,0,0,600.0
1700.0,-200.0,1711.724276862369,-6.7098368077569335,0.0,1.0,0.0,1.0,0.0,246.30738575827795,270.65170339139894,288.02231857048673,0,9,45,45,0,45,0,0,0,900.0
1700.0,-200.0,1711.724276862369,-6.7098368077569335,0.0,1.0,0.0,1.0,0.0,160.85033782321338,176.8641729810256,186.3587264666595,0,9,45,45,0,45,0,0,0,1200.0
1700.0,-200.0,1711.724276862369,-6.7098368077569335,0.0,1.0,0.0,1.0,0.0,84.48273633538976,90.17657029325258,93.01034381777677,0,9,45,45,0,45,0,0,0,1500.0
1800.0,-200.0,1811.0770276274834,-6.34019174590991,0.0,1.0,0.0,1.0,0.0,439.3982796183883,480.0957526899734,490.8869116508938,0,9,45,45,0,45,0,0,0,300.0
1800.0,-200.0,1811.0770276274834,-6.34019174590991,0.0,1.0,0.0,1.0,0.0,384.46512225930456,429.2607290684723,455.5937364292604,0,9,45,45,0,45,0,0,0,600.0
1800.0,-200.0,1811.0770276274834,-6.34019174590991,0.0,1.0,0.0,1.0,0.0,291.3637733918286,322.6057172195335,344.5397324572656,0,9,45,45,0,45,0,0,0,900.0
1800.0,-200.0,1811.0770276274834,-6.34019174590991,0.0,1.0,0.0,1.0,0.0,199.8738995939251,221.39825215380432,234.86182892199525,0,9,45,45,0,45,0,0,0,1200.0
1800.0,-200.0,1811.0770276274834,-6.34019174590991,0.0,1.0,0.0,1.0,0.0,113.94565421786305,124.42239668776402,130.08845837412753,0,9,45,45,0,45,0,0,0,1500.0
-500.0,-100.0,509.9019513592785,-168.6900675259798,0.0,1.0,0.0,1.0,0.0,337.37749861287807,493.0170454286342,588.7521847204564,0,9,45,45,0,45,0,0,0,300.0
-500.0,-100.0,509.9019513592785,-168.6900675259798,0.0,1.0,0.0,1.0,0.0,770.7570793569103,1400.0950239527572,2060.318834712199,0,9,45,45,0,45,0,0,0,600.0
-500.0,-100.0,509.9019513592785,-168.6900675259798,0.0,1.0,0.0,1.0,0.0,1483.2177000583156,3997.347988518856,10324.715087067554,0,9,45,45,0,45,0,0,0,900.0
-500.0,-100.0,509.9019513592785,-168.6900675259798,0.0,0.9555555555555556,0.0,0.9555555555555556,0.0,2595.9053929030283,12028.881292290407,354162.5628533044,0,9,45,43,0,43,0,0,0,1200.0
-500.0,-100.0,509.9019513592785,-168.6900675259798,0.0,0.8222222222222222,0.0,0.8222222222222222,0.0,3489.8166179817736,17804.120825122416,104247.17659788461,0,9,45,37,0,37,0,0,0,1500.0
-400.0,-100.0,412.31056256176606,-165.96375653207352,0.0,1.0,0.0,1.0,0.0,263.99670703761706,363.10965519397456,427.3960259875114,0,9,45,45,0,45,0,0,0,300.0
-400.0,-100.0,412.31056256176606,-165.96375653207352,0.0,1.0,0.0,1.0,0.0,640.9349269339034,1086.9390511437605,1515.4657680480998,0,9,45,45,0,45,0,0,0,600.0
-400.0,-100.0,412.31056256176606,-165.96375653207352,0.0,1.0,0.0,1.0,0.0,1263.3839287603319,2989.025029522927,6200.722564077222,0,9,45,45,0,45,0,0,0,900.0
-400.0,-100.0,412.31056256176606,-165.96375653207352,0.0,0.9777777777777777,0.0,0.9777777777777777,0.0,2224.7787406855623,8651.88127057722,333450.1493512649,0,9,45,44,0,44,0,0,0,1200.0
-400.0,-100.0,412.31056256176606,-165.96375653207352,0.0,0.8666666666666667,0.0,0.8666666666666667,0.0,3228.6320143460384,16796.830212396453,415185.8993989197,0,9,45,39,0,39,0,0,0,1500.0
-300.0,-100.0,316.22776601683796,-161.565051177078,0.0,1.0,0.0,1.0,0.0,201.23572092515903,263.1231831463023,303.809661531276,0,9,45,45,0,45,0,0,0,300.0
-300.0,-100.0,316.22776601683796,-161.565051177078,0.0,1.0,0.0,1.0,0.0,527.6416736829437,841.3961167242352,1121.9305961920666,0,9,45,45,0,45,0,0,0,600.0
-300.0,-100.0,316.22776601683796,-161.565051177078,0.0,1.0,0.0,1.0,0.0,1072.683842186645,2267.047605949156,4128.290654262238,0,9,45,45,0,45,0,0,0,900.0
-300.0,-100.0,316.22776601683796,-161.565051177078,0.0,1.0,0.0,1.0,0.0,1955.3301119132748,7031.796182739047,311668.3164041705,0,9,45,45,0,45,0,0,0,1200.0
-300.0,-100.0,316.22776601683796,-161.565051177078,0.0,0.8888888888888888,0.0,0.8888888888888888,0.0,2963.672393421967,12789.307092825722,94425.24582337063,0,9,45,40,0,40,0,0,0,1500.0
-200.0,-100.0,223.60679774997897,-153.434948822922,0.0,1.0,0.0,1.0,0.0,148.11382514231272,185.30425024304833,209.34816552925773,0,9,45,45,0,45,0,0,0,300.0
-200.0,-100.0,223.60679774997897,-153.434948822922,0.0,1.0,0.0,1.0,0.0,428.73918503542296,642.9601766521613,829.7500382279259,0,9,45,45,0,45,0,0,0,600.0
-200.0,-100.0,223.60679774997897,-153.434948822922,0.0,1.0,0.0,1.0,0.0,906.3588238824709,1742.3250122253432,2897.1622059766437,0,9,45,45,0,45,0,0,0,900.0
-200.0,-100.0,223.60679774997897,-153.434948822922,0.0,1.0,0.0,1.0,0.0,1676.3556125506109,4930.7592019735675,22383.97979774457,0,9,45,45,0,45,0,0,0,1200.0
-200.0,-100.0,223.60679774997897,-153.434948822922,0.0,0.9111111111111111,0.0,0.9111111111111111,0.0,2637.6812154610866,10035.515437867249,36279.87358647513,0,9,45,41,0,41,0,0,0,1500.0
-100.0,-100.0,141.4213562373095,-135.0,0.0,1.0,0.0,1.0,0.0,103.86704673273397,124.52274277247407,137.8387372225201,0,9,45,45,0,45,0,0,0,300.0
-100.0,-100.0,141.4213562373095,-135.0,0.0,1.0,0.0,1.0,0.0,342.51719189453087,485.3141189699225,608.7853651226328,0,9,45,45,0,45,0,0,0,600.0
-100.0,-100.0,141.4213562373095,-135.0,0.0,1.0,0.0,1.0,0.0,760.6926022033407,1347.5234622993971,2092.5980501918125,0,9,45,45,0,45,0,0,0,900.0
-100.0,-100.0,141.4213562373095,-135.0,0.0,1.0,0.0,1.0,0.0,1435.342106454422,3624.4713009943202,10412.115079034185,0,9,45,45,0,45,0,0,0,1200.0
-100.0,-100.0,141.4213562373095,-135.0,0.0,0.9555555555555556,0.0,0.9555555555555556,0.0,2458.2061230196146,8388.587609756592,50080.30937538667,0,9,45,43,0,43,0,0,0,1500.0
0.0,-100.0,100.0,-90.0,0.0,1.0,0.0,1.0,0.0,67.93697799135133,77.95484089755931,84.7867277512522,0,9,45,45,0,45,0,0,0,300.0
0.0,-100.0,100.0,-90.0,0.0,1.0,0.0,1.0,0.0,267.6067322585929,359.7995046455676,439.7840325919627,0,9,45,45,0,45,0,0,0,600.0
0.0,-100.0,100.0,-90.0,0.0,1.0,0.0,1.0,0.0,632.749378769862,1043.0265953391377,1534.0003167787347,0,9,45,45,0,45,0,0,0,900.0
0.0,-100.0,100.0,-90.0,0.0,1.0,0.0,1.0,0.0,1225.606432819721,2738.695412969788,6240.250244294639,0,9,45,45,0,45,0,0,0,1200.0
0.0,-100.0,100.0,-90.0,0.0,0.9777777777777777,0.0,0.9777777777777777,0.0,2170.6900964762535,7947.390076560021,84004.81076018437,0,9,45,44,0,44,0,0,0,1500.0
100.0,-100.0,141.4213562373095,-45.0,0.1111111111111111,1.0,0.4888888888888889,1.0,0.4888888888888889,40.02222724957863,44.08242202156576,46.938949197235395,1,9,45,45,22,45,22,0,0,300.0
100.0,-100.0,141.4213562373095,-45.0,0.0,1.0,0.0,1.0,0.0,202.92087210271453,260.6171140266745,309.8843954517886,0,9,45,45,0,45,0,0,0,600.0
100.0,-100.0,141.4213562373095,-45.0,0.0,1.0,0.0,1.0,0.0,520.1892987147397,807.3064752039977,1130.1221385823244,0,9,45,45,0,45,0,0,0,900.0
100.0,-100.0,141.4213562373095,-45.0,0.0,1.0,0.0,1.0,0.0,1041.9982295602726,2115.251084807345,4142.678697361884,0,9,45,45,0,45,0,0,0,1200.0
100.0,-100.0,141.4213562373095,-45.0,0.0,1.0,0.0,1.0,0.0,1869.5128207802236,6124.3850541360525,307357.870999136,0,9,45,45,0,45,0,0,0,1500.0
200.0,-100.0,223.60679774997897,-26.56505117707799,1.0,1.0,1.0,1.0,1.0,20.391380393021848,21.55276925970646,22.288015468460507,9,9,45,45,45,45,45,0,0,300.0
200.0,-100.0,223.60679774997897,-26.56505117707799,0.0,1.0,0.0,1.0,0.0,147.6223868777854,182.28608179207055,210.19407223406066,0,9,45,45,0,45,0,0,0,600.0
200.0,-100.0,223.60679774997897,-26.56505117707799,0.0,1.0,0.0,1.0,0.0,421.137087074213,618.8712831870289,829.89867423194,0,9,45,45,0,45,0,0,0,900.0
200.0,-100.0,223.60679774997897,-26.56505117707799,0.0,1.0,0.0,1.0,0.0,880.4915297557477,1646.668076222647,2896.0811114335447,0,9,45,45,0,45,0,0,0,1200.0
200.0,-100.0,223.60679774997897,-26.56505117707799,0.0,1.0,0.0,1.0,0.0,1607.3213385578467,4468.976285513416,22351.416592776543,0,9,45,45,0,45,0,0,0,1500.0
300.0,-100.0,316.22776601683796,-18.43494882292201,0.0,1.0,1.0,0.4222222222222222,0.4222222222222222,11.042139317505306,11.159253415182755,11.160410517778164,0,9,45,45,45,19,19,26,0,300.0
300.0,-100.0,316.22776601683796,-18.43494882292201,0.0,1.0,0.0,1.0,0.0,101.13460913262179,121.05993063354569,134.43548491876,0,9,45,45,0,45,0,0,0,600.0
300.0,-100.0,316.22776601683796,-18.43494882292201,0.0,1.0,0.0,1.0,0.0,334.08918793442655,471.14572999633276,602.5331816833401,0,9,45,45,0,45,0,0,0,900.0
300.0,-100.0,316.22776601683796,-18.43494882292201,0.0,1.0,0.0,1.0,0.0,737.9020612920435,1284.1945783682986,2081.057073147311,0,9,45,45,0,45,0,0,0,1200.0
300.0,-100.0,316.22776601683796,-18.43494882292201,0.0,1.0,0.0,1.0,0.0,1378.5518689422297,3365.9511001425,10371.559794278763,0,9,45,45,0,45,0,0,0,1500.0
400.0,-100.0,412.31056256176606,-14.036243467926479,1.0,1.0,1.0,1.0,1.0,20.34972864265954,20.94808493280368,21.320560627316233,9,9,45,45,45,45,45,0,0,300.0
400.0,-100.0,412.31056256176606,-14.036243467926479,0.0,1.0,0.0,1.0,0.0,63.27714762197561,72.54186162707421,78.25978203299951,0,9,45,45,0,45,0,0,0,600.0
400.0,-100.0,412.31056256176606,-14.036243467926479,0.0,1.0,0.0,1.0,0.0,257.85218267502586,351.3945091594886,428.3690198433675,0,9,45,45,0,45,0,0,0,900.0
400.0,-100.0,412.31056256176606,-14.036243467926479,0.0,1.0,0.0,1.0,0.0,611.6881801275583,1014.0993092143021,1514.93557718171,0,9,45,45,0,45,0,0,0,1200.0
400.0,-100.0,412.31056256176606,-14.036243467926479,0.0,1.0,0.0,1.0,0.0,1177.6622833861043,2594.0208993688802,6193.311750706416,0,9,45,45,0,45,0,0,0,1500.0
500.0,-100.0,509.9019513592785,-11.309932474020213,0.2222222222222222,1.0,0.5555555555555556,1.0,0.5555555555555556,39.791548488519965,41.79695162408426,43.16421006597763,2,9,45,45,25,45,25,0,0,300.0
500.0,-100.0,509.9019513592785,-11.309932474020213,1.0,1.0,1.0,1.0,1.0,34.96852379345498,37.825213826379716,39.46025580874627,9,9,45,45,45,45,45,0,0,600.0
500.0,-100.0,509.9019513592785,-11.309932474020213,0.0,1.0,0.0,1.0,0.0,191.51484658280108,251.0674713017811,294.31165496206046,0,9,45,45,0,45,0,0,0,900.0
500.0,-100.0,509.9019513592785,-11.309932474020213,0.0,1.0,0.0,1.0,0.0,499.80948312814206,793.4348780141515,1105.412891432761,0,9,45,45,0,45,0,0,0,1200.0
500.0,-100.0,509.9019513592785,-11.309932474020213,0.0,1.0,0.0,1.0,0.0,1000.3168884598261,2053.3777511078424,4091.7841079469085,0,9,45,45,0,45,0,0,0,1500.0
600.0,-100.0,608.276253029822,-9.462322208025617,0.0,1.0,0.0,1.0,0.0,67.13052226316401,71.67555871285732,74.62198322580383,0,9,45,45,0,45,0,0,0,300.0
600.0,-100.0,608.276253029822,-9.462322208025617,0.0,1.0,1.0,0.4222222222222222,0.4222222222222222,21.239813564980246,21.36263276658608,21.365069418183467,0,9,45,45,45,19,19,26,0,600.0
600.0,-100.0,608.276253029822,-9.462322208025617,0.0,1.0,0.0,1.0,0.0,134.48050998731856,167.97714573117986,191.40278129857623,0,9,45,45,0,45,0,0,0,900.0
600.0,-100.0,608.276253029822,-9.462322208025617,0.0,1.0,0.0,1.0,0.0,400.62761064354504,610.3507262023368,800.8374861992784,0,9,45,45,0,45,0,0,0,1200.0
600.0,-100.0,608.276253029822,-9.462322208025617,0.0,1.0,0.0,1.0,0.0,843.0828921186455,1626.6720163363789,2842.577942833625,0,9,45,45,0,45,0,0,0,1500.0
700.0,-100.0,707.1067811865476,-8.13010235415598,0.0,1.0,0.0,1.0,0.0,101.74864321329774,110.39310003708522,115.59325978600549,0,9,45,45,0,45,0,0,0,300.0
700.0,-100.0,707.1067811865476,-8.13010235415598,1.0,1.0,1.0,1.0,1.0,34.89949670250107,36.730007988815224,37.75803016527753,9,9,45,45,45,45,45,0,0,600.0
700.0,-100.0,707.1067811865476,-8.13010235415598,0.0,1.0,0.0,1.0,0.0,86.68631826427453,103.67274843673984,113.6232147428113,0,9,45,45,0,45,0,0,0,900.0
700.0,-100.0,707.1067811865476,-8.13010235415598,0.0,1.0,0.0,1.0,0.0,312.84230616132146,452.1417689949326,570.0770742282001,0,9,45,45,0,45,0,0,0,1200.0
700.0,-100.0,707.1067811865476,-8.13010235415598,0.0,1.0,0.0,1.0,0.0,703.2167933263069,1283.3661550681222,2025.739659854203,0,9,45,45,0,45,0,0,0,1500.0
800.0,-100.0,806.2257748298549,-7.125016348901798,0.0,1.0,0.0,1.0,0.0,143.4704684054705,157.9336380187281,166.46912290220132,0,9,45,45,0,45,0,0,0,300.0
800.0,-100.0,806.2257748298549,-7.125016348901798,0.0,1.0,0.0,1.0,0.0,62.91596242437685,68.43031186616155,71.69971574698349,0,9,45,45,0,45,0,0,0,600.0
800.0,-100.0,806.2257748298549,-7.125016348901798,0.0,1.0,0.0,1.0,0.0,49.697740334294615,55.53082622928271,58.18495165971891,0,9,45,45,0,45,0,0,0,900.0
800.0,-100.0,806.2257748298549,-7.125016348901798,0.0,1.0,0.0,1.0,0.0,235.46775885330356,322.9495240109813,393.30514843972696,0,9,45,45,0,45,0,0,0,1200.0
800.0,-100.0,806.2257748298549,-7.125016348901798,0.0,1.0,0.0,1.0,0.0,578.51296155723,995.9908701852812,1458.317312328833,0,9,45,45,0,45,0,0,0,1500.0
900.0,-100.0,905.5385138137417,-6.34019174590991,0.0,1.0,0.0,1.0,0.0,192.23256112965228,214.63036453423615,227.7968682146302,0,9,45,45,0,45,0,0,0,300.0
900.0,-100.0,905.5385138137417,-6.34019174590991,0.0,1.0,0.0,1.0,0.0,99.93694979696255,110.69912607690216,117.43091446099763,0,9,45,45,0,45,0,0,0,600.0
900.0,-100.0,905.5385138137417,-6.34019174590991,0.0,1.0,1.0,0.4222222222222222,0.4222222222222222,31.61952079845018,31.744447869827894,31.748188708233023,0,9,45,45,45,19,19,26,0,900.0
900.0,-100.0,905.5385138137417,-6.34019174590991,0.0,1.0,0.0,1.0,0.0,167.88635496883202,221.42854009297582,257.4304551857682,0,9,45,45,0,45,0,0,0,1200.0
900.0,-100.0,905.5385138137417,-6.34019174590991,0.0,1.0,0.0,1.0,0.0,467.1980884977334,754.6820708806617,1047.8621915985846,0,9,45,45,0,45,0,0,0,1500.0
1000.0,-100.0,1004.987562112089,-5.710593137499642,0.0,1.0,0.0,1.0,0.0,248.00752194124667,281.33783391672597,300.00000000000125,0,9,45,45,0,45,0,0,0,300.0
1000.0,-100.0,1004.987562112089,-5.710593137499642,0.0,1.0,0.0,1.0,0.0,144.61199299991978,161.69697393945938,174.23064399156155,0,9,45,45,0,45,0,0,0,600.0
1000.0,-100.0,1004.987562112089,-5.710593137499642,0.0,1.0,0.0,1.0,0.0,49.60150438824935,53.772688015124345,55.62482697357219,0,9,45,45,0,45,0,0,0,900.0
1000.0,-100.0,1004.987562112089,-5.710593137499642,0.0,1.0,0.0,1.0,0.0,110.1514401319493,139.0990280670188,153.8800008730629,0,9,45,45,0,45,0,0,0,1200.0
1000.0,-100.0,1004.987562112089,-5.710593137499642,0.0,1.0,0.0,1.0,0.0,367.8648686367086,560.0865474222578,742.6597718989772,0,9,45,45,0,45,0,0,0,1500.0
1100.0,-100.0,1104.536101718726,-5.194428907734806,0.0,1.0,0.0,1.0,0.0,306.82963264603194,347.4851358024475,355.937659803797,0,9,45,45,0,45,0,0,0,300.0
1100.0,-100.0,1104.536101718726,-5.194428907734806,0.0,1.0,0.0,1.0,0.0,196.55575005373777,222.5858709410478,242.41340076546385,0,9,45,45,0,45,0,0,0,600.0
1100.0,-100.0,1104.536101718726,-5.194428907734806,0.0,1.0,0.0,1.0,0.0,86.1953984127693,97.40645457777848,103.62020300514094,0,9,45,45,0,45,0,0,0,900.0
1100.0,-100.0,1104.536101718726,-5.194428907734806,0.0,1.0,0.0,1.0,0.0,64.47489130241014,74.57950249489818,78.7144692292131,0,9,45,45,0,45,0,0,0,1200.0
1100.0,-100.0,1104.536101718726,-5.194428907734806,0.0,1.0,0.0,1.0,0.0,279.45260081234835,408.7347455752396,511.59001045637507,0,9,45,45,0,45,0,0,0,1500.0
1200.0,-100.0,1204.1594578792296,-4.763641690726178,0.0,1.0,0.0,1.0,0.0,366.0195716120314,403.8652236962399,417.67318974055434,0,9,45,45,0,45,0,0,0,300.0
1200.0,-100.0,1204.1594578792296,-4.763641690726178,0.0,1.0,0.0,1.0,0.0,255.62541301719912,293.808658524371,322.5845533056763,0,9,45,45,0,45,0,0,0,600.0
1200.0,-100.0,1204.1594578792296,-4.763641690726178,0.0,1.0,0.0,1.0,0.0,132.8933241975467,152.85230488992394,165.74910820670553,0,9,45,45,0,45,0,0,0,900.0
1200.0,-100.0,1204.1594578792296,-4.763641690726178,0.0,1.0,0.0,0.4222222222222222,0.0,42.04662600774571,42.173089282090544,42.17817739014644,0,9,45,45,0,19,0,0,0,1200.0
1200.0,-100.0,1204.1594578792296,-4.763641690726178,0.0,1.0,0.0,1.0,0.0,201.32230631309164,283.5053827809443,334.969915734679,0,9,45,45,0,45,0,0,0,1500.0
1300.0,-100.0,1303.8404810405298,-4.398705354995532,0.0,1.0,0.0,1.0,0.0,415.83514814056986,472.27654363935727,482.34743043059046,0,9,45,45,0,45,0,0,0,300.0
1300.0,-100.0,1303.8404810405298,-4.398705354995532,0.0,1.0,0.0,1.0,0.0,321.7574613858547,375.98723498758875,415.4895944929308,0,9,45,45,0,45,0,0,0,600.0
1300.0,-100.0,1303.8404810405298,-4.398705354995532,0.0,1.0,0.0,1.0,0.0,187.61522791484632,219.76803796268672,240.72465169059836,0,9,45,45,0,45,0,0,0,900.0
1300.0,-100.0,1303.8404810405298,-4.398705354995532,0.0,1.0,0.0,1.0,0.0,64.35149227717102,72.04101777211558,75.12740674944797,0,9,45,45,0,45,0,0,0,1200.0
1300.0,-100.0,1303.8404810405298,-4.398705354995532,0.0,1.0,0.0,1.0,0.0,133.64304462992084,178.6457026108012,200.25809768676817,0,9,45,45,0,45,0,0,0,1500.0
1400.0,-100.0,1403.56688476182,-4.085616779974877,0.0,1.0,0.0,1.0,0.0,474.6360388037437,533.179211943833,548.1626390731251,0,9,45,45,0,45,0,0,0,300.0
1400.0,-100.0,1403.56688476182,-4.085616779974877,0.0,1.0,0.0,1.0,0.0,394.9198426450009,469.2759336324487,521.9770409233411,0,9,45,45,0,45,0,0,0,600.0
1400.0,-100.0,1403.56688476182,-4.085616779974877,0.0,1.0,0.0,1.0,0.0,249.7692391907,295.8785616039142,328.837254061029,0,9,45,45,0,45,0,0,0,900.0
1400.0,-100.0,1403.56688476182,-4.085616779974877,0.0,1.0,0.0,1.0,0.0,109.53105710420901,129.8276627412905,139.5432642951928,0,9,45,45,0,45,0,0,0,1200.0
1400.0,-100.0,1403.56688476182,-4.085616779974877,0.0,1.0,0.0,1.0,0.0,79.27317515188392,95.29374824995386,101.48881062814489,0,9,45,45,0,45,0,0,0,1500.0
1500.0,-100.0,1503.3296378372909,-3.8140748342903543,0.0,1.0,0.0,1.0,0.0,539.622651272866,602.6884667185581,623.6628461154792,0,9,45,45,0,45,0,0,0,300.0
1500.0,-100.0,1503.3296378372909,-3.8140748342903543,0.0,1.0,0.0,1.0,0.0,475.09483571670916,574.1358690028479,621.1182278574391,0,9,45,45,0,45,0,0,0,600.0
1500.0,-100.0,1503.3296378372909,-3.8140748342903543,0.0,1.0,0.0,1.0,0.0,319.1348596389103,380.974865298999,430.79770123851597,0,9,45,45,0,45,0,0,0,900.0
1500.0,-100.0,1503.3296378372909,-3.8140748342903543,0.0,1.0,0.0,1.0,0.0,165.91031331410983,199.9112672871994,220.66250210939458,0,9,45,45,0,45,0,0,0,1200.0
1500.0,-100.0,1503.3296378372909,-3.8140748342903543,0.0,1.0,0.0,0.4222222222222222,0.0,52.49285666401193,52.62068842971958,52.62717621483273,0,9,45,45,0,19,0,0,0,1500.0
1600.0,-100.0,1603.1219541881396,-3.576334374997351,0.0,1.0,0.0,1.0,0.0,601.0179968504852,678.1143002327135,700.0884798898754,0,9,45,45,0,45,0,0,0,300.0
1600.0,-100.0,1603.1219541881396,-3.576334374997351,0.0,1.0,0.0,1.0,0.0,562.2719422385481,664.8947090897013,698.3779993006435,0,9,45,45,0,45,0,0,0,600.0
1600.0,-100.0,1603.1219541881396,-3.576334374997351,0.0,1.0,0.0,1.0,0.0,395.6131580297758,477.0863170594441,547.5123715575148,0,9,45,45,0,45,0,0,0,900.0
1600.0,-100.0,1603.1219541881396,-3.576334374997351,0.0,1.0,0.0,1.0,0.0,230.68012934394554,281.0369923298347,316.70704576321106,0,9,45,45,0,45,0,0,0,1200.0
1600.0,-100.0,1603.1219541881396,-3.576334374997351,0.0,1.0,0.0,1.0,0.0,79.12263160595528,91.85636190939188,96.64658242748052,0,9,45,45,0,45,0,0,0,1500.0
1700.0,-100.0,1702.93863659264,-3.3664606634298013,0.0,1.0,0.0,1.0,0.0,663.5180037936407,753.3867697521079,779.5744445684337,0,9,45,45,0,45,0,0,0,300.0
1700.0,-100.0,1702.93863659264,-3.3664606634298013,0.0,1.0,0.0,1.0,0.0,644.8335261999521,745.6866969449259,772.739116317376,0,9,45,45,0,45,0,0,0,600.0
1700.0,-100.0,1702.93863659264,-3.3664606634298013,0.0,1.0,0.0,1.0,0.0,479.15369456111324,586.658745951635,680.0284039637046,0,9,45,45,0,45,0,0,0,900.0
1700.0,-100.0,1702.93863659264,-3.3664606634298013,0.0,1.0,0.0,1.0,0.0,303.0434048195504,375.7548763752444,428.00890024539245,0,9,45,45,0,45,0,0,0,1200.0
1700.0,-100.0,1702.93863659264,-3.3664606634298013,0.0,1.0,0.0,1.0,0.0,132.89332419754635,165.68073606636352,180.3712970263665,0,9,45,45,0,45,0,0,0,1500.0
1800.0,-100.0,1802.7756377319947,-3.1798301198642345,0.0,1.0,0.0,1.0,0.0,734.5427048115776,832.576768335633,859.7663105790436,0,9,45,45,0,45,0,0,0,300.0
1800.0,-100.0,1802.7756377319947,-3.1798301198642345,0.0,1.0,0.0,1.0,0.0,723.423447501509,837.2593236973735,854.0144899318955,0,9,45,45,0,45,0,0,0,600.0
1800.0,-100.0,1802.7756377319947,-3.1798301198642345,0.0,1.0,0.0,1.0,0.0,569.7282710893162,708.4566864069552,829.5231206243824,0,9,45,45,0,45,0,0,0,900.0
1800.0,-100.0,1802.7756377319947,-3.1798301198642345,0.0,1.0,0.0,1.0,0.0,382.70285879264776,482.0851922363762,555.4471818084116,0,9,45,45,0,45,0,0,0,1200.0
1800.0,-100.0,1802.7756377319947,-3.1798301198642345,0.0,1.0,0.0,1.0,0.0,198.95774244260033,253.2633072019182,283.67607578973497,0,9,45,45,0,45,0,0,0,1500.0
-500.0,0.0,500.0,180.0,0.0,0.0,0.0,0.0,0.0,nan,nan,nan,0,9,45,0,0,0,0,0,0,300.0
-500.0,0.0,500.0,180.0,0.0,0.0,0.0,0.0,0.0,nan,nan,nan,0,9,45,0,0,0,0,0,0,600.0
-500.0,0.0,500.0,180.0,0.0,0.0,0.0,0.0,0.0,nan,nan,nan,0,9,45,0,0,0,0,0,0,900.0
-500.0,0.0,500.0,180.0,0.0,0.0,0.0,0.0,0.0,nan,nan,nan,0,9,45,0,0,0,0,0,0,1200.0
-500.0,0.0,500.0,180.0,0.0,0.0,0.0,0.0,0.0,nan,nan,nan,0,9,45,0,0,0,0,0,0,1500.0
-400.0,0.0,400.0,180.0,0.0,0.0,0.0,0.0,0.0,nan,nan,nan,0,9,45,0,0,0,0,0,0,300.0
-400.0,0.0,400.0,180.0,0.0,0.0,0.0,0.0,0.0,nan,nan,nan,0,9,45,0,0,0,0,0,0,600.0
-400.0,0.0,400.0,180.0,0.0,0.0,0.0,0.0,0.0,nan,nan,nan,0,9,45,0,0,0,0,0,0,900.0
-400.0,0.0,400.0,180.0,0.0,0.0,0.0,0.0,0.0,nan,nan,nan,0,9,45,0,0,0,0,0,0,1200.0
-400.0,0.0,400.0,180.0,0.0,0.0,0.0,0.0,0.0,nan,nan,nan,0,9,45,0,0,0,0,0,0,1500.0
-300.0,0.0,300.0,180.0,0.0,0.0,0.0,0.0,0.0,nan,nan,nan,0,9,45,0,0,0,0,0,0,300.0
-300.0,0.0,300.0,180.0,0.0,0.0,0.0,0.0,0.0,nan,nan,nan,0,9,45,0,0,0,0,0,0,600.0
-300.0,0.0,300.0,180.0,0.0,0.0,0.0,0.0,0.0,nan,nan,nan,0,9,45,0,0,0,0,0,0,900.0
-300.0,0.0,300.0,180.0,0.0,0.0,0.0,0.0,0.0,nan,nan,nan,0,9,45,0,0,0,0,0,0,1200.0
-300.0,0.0,300.0,180.0,0.0,0.0,0.0,0.0,0.0,nan,nan,nan,0,9,45,0,0,0,0,0,0,1500.0
-200.0,0.0,200.0,180.0,0.0,0.0,0.0,0.0,0.0,nan,nan,nan,0,9,45,0,0,0,0,0,0,300.0
-200.0,0.0,200.0,180.0,0.0,0.0,0.0,0.0,0.0,nan,nan,nan,0,9,45,0,0,0,0,0,0,600.0
-200.0,0.0,200.0,180.0,0.0,0.0,0.0,0.0,0.0,nan,nan,nan,0,9,45,0,0,0,0,0,0,900.0
-200.0,0.0,200.0,180.0,0.0,0.0,0.0,0.0,0.0,nan,nan,nan,0,9,45,0,0,0,0,0,0,1200.0
-200.0,0.0,200.0,180.0,0.0,0.0,0.0,0.0,0.0,nan,nan,nan,0,9,45,0,0,0,0,0,0,1500.0
-100.0,0.0,100.0,180.0,0.0,0.0,0.0,0.0,0.0,nan,nan,nan,0,9,45,0,0,0,0,0,0,300.0
-100.0,0.0,100.0,180.0,0.0,0.0,0.0,0.0,0.0,nan,nan,nan,0,9,45,0,0,0,0,0,0,600.0
-100.0,0.0,100.0,180.0,0.0,0.0,0.0,0.0,0.0,nan,nan,nan,0,9,45,0,0,0,0,0,0,900.0
-100.0,0.0,100.0,180.0,0.0,0.0,0.0,0.0,0.0,nan,nan,nan,0,9,45,0,0,0,0,0,0,1200.0
-100.0,0.0,100.0,180.0,0.0,0.0,0.0,0.0,0.0,nan,nan,nan,0,9,45,0,0,0,0,0,0,1500.0
0.0,0.0,0.0,0.0,0.0,0.0,0.0,0.0,0.0,nan,nan,nan,0,9,45,0,0,0,0,0,0,300.0
0.0,0.0,0.0,0.0,0.0,0.0,0.0,0.0,0.0,nan,nan,nan,0,9,45,0,0,0,0,0,0,600.0
0.0,0.0,0.0,0.0,0.0,0.0,0.0,0.0,0.0,nan,nan,nan,0,9,45,0,0,0,0,0,0,900.0
0.0,0.0,0.0,0.0,0.0,0.0,0.0,0.0,0.0,nan,nan,nan,0,9,45,0,0,0,0,0,0,1200.0
0.0,0.0,0.0,0.0,0.0,0.0,0.0,0.0,0.0,nan,nan,nan,0,9,45,0,0,0,0,0,0,1500.0
100.0,0.0,100.0,0.0,0.0,0.08888888888888889,0.0,0.08888888888888889,0.0,500.0942526823786,800.1656609430671,800.1656609431469,0,9,45,4,0,4,0,0,0,300.0
100.0,0.0,100.0,0.0,0.0,0.044444444444444446,0.0,0.044444444444444446,0.0,500.0182762471408,500.01827624719726,500.0182762472114,0,9,45,2,0,2,0,0,0,600.0
100.0,0.0,100.0,0.0,0.0,0.044444444444444446,0.0,0.044444444444444446,0.0,800.017134111401,800.0171341114162,800.0171341114201,0,9,45,2,0,2,0,0,0,900.0
100.0,0.0,100.0,0.0,0.0,0.044444444444444446,0.0,0.044444444444444446,0.0,1100.0166149483834,1100.016614948396,1100.0166149483991,0,9,45,2,0,2,0,0,0,1200.0
100.0,0.0,100.0,0.0,0.0,0.044444444444444446,0.0,0.044444444444444446,0.0,1400.0163182809506,1400.016318280988,1400.0163182809972,0,9,45,2,0,2,0,0,0,1500.0
200.0,0.0,200.0,0.0,0.0,0.35555555555555557,0.0,0.35555555555555557,0.0,233.5969766167291,601.6137548978685,802.0219865524299,0,9,45,16,0,16,0,0,0,300.0
200.0,0.0,200.0,0.0,0.0,0.08888888888888889,0.0,0.08888888888888889,0.0,1000.1885053647572,1600.3313218861342,1600.3313218862938,0,9,45,4,0,4,0,0,0,600.0
200.0,0.0,200.0,0.0,0.0,0.044444444444444446,0.0,0.044444444444444446,0.0,700.0391630071174,700.0391630071214,700.0391630071224,0,9,45,2,0,2,0,0,0,900.0
200.0,0.0,200.0,0.0,0.0,0.044444444444444446,0.0,0.044444444444444446,0.0,1000.0365524942816,1000.0365524943945,1000.0365524944228,0,9,45,2,0,2,0,0,0,1200.0
200.0,0.0,200.0,0.0,0.0,0.044444444444444446,0.0,0.044444444444444446,0.0,1300.0351467964258,1300.035146796475,1300.0351467964872,0,9,45,2,0,2,0,0,0,1500.0
300.0,0.0,300.0,0.0,0.0,0.8888888888888888,0.8888888888888888,0.35555555555555557,0.35555555555555557,5.237996726263409,5.241275319582644,5.242320243367758,0,9,45,40,40,16,16,24,1,300.0
300.0,0.0,300.0,0.0,0.0,0.13333333333333333,0.0,0.13333333333333333,0.0,600.1313632284739,600.3427550839203,600.342755083938,0,9,45,6,0,6,0,0,0,600.0
300.0,0.0,300.0,0.0,0.0,0.08888888888888889,0.0,0.08888888888888889,0.0,1500.2827580471358,2400.4969828292014,2400.4969828294406,0,9,45,4,0,4,0,0,0,900.0
300.0,0.0,300.0,0.0,0.0,0.044444444444444446,0.0,0.044444444444444446,0.0,900.0609198755927,900.0609198756367,900.0609198756478,0,9,45,2,0,2,0,0,0,1200.0
300.0,0.0,300.0,0.0,0.0,0.044444444444444446,0.0,0.044444444444444446,0.0,1200.0571129573154,1200.05711295738,1200.0571129573962,0,9,45,2,0,2,0,0,0,1500.0
400.0,0.0,400.0,0.0,0.0,1.0,0.0,1.0,0.0,228.8302569382118,400.0,400.0,0,9,45,45,0,45,0,0,0,300.0
400.0,0.0,400.0,0.0,0.0,0.35555555555555557,0.0,0.35555555555555557,0.0,467.1939532334582,1203.227509795737,1604.0439731048598,0,9,45,16,0,16,0,0,0,600.0
400.0,0.0,400.0,0.0,0.0,0.13333333333333333,0.0,0.13333333333333333,0.0,1143.0680794972882,1334.1167927235801,1334.116792723598,0,9,45,6,0,6,0,0,0,900.0
400.0,0.0,400.0,0.0,0.0,0.08888888888888889,0.0,0.08888888888888889,0.0,2000.3770107295145,3200.6626437722684,3200.6626437725877,0,9,45,4,0,4,0,0,0,1200.0
400.0,0.0,400.0,0.0,0.0,0.08888888888888889,0.0,0.08888888888888889,0.0,9356.703079232359,17613.323086241646,17613.32308624567,0,9,45,4,0,4,0,0,0,1500.0
500.0,0.0,500.0,0.0,0.0,1.0,0.0,1.0,0.0,500.0,500.0000000000001,500.0000000000001,0,9,45,45,0,45,0,0,0,300.0
500.0,0.0,500.0,0.0,0.0,0.6666666666666666,0.0,0.6666666666666666,0.0,200.6184083778021,1000.4855452513276,1004.1619670312152,0,9,45,30,0,30,0,0,0,600.0
500.0,0.0,500.0,0.0,0.0,0.26666666666666666,0.0,0.26666666666666666,0.0,1365.6924285786363,3868.5734975277346,4001.799781274831,0,9,45,12,0,12,0,0,0,900.0
500.0,0.0,500.0,0.0,0.0,0.13333333333333333,0.0,0.13333333333333333,0.0,1750.3085412305697,2334.8649575154923,2334.8649575156464,0,9,45,6,0,6,0,0,0,1200.0
500.0,0.0,500.0,0.0,0.0,0.08888888888888889,0.0,0.08888888888888889,0.0,2500.471263411893,4000.828304715335,4000.828304715734,0,9,45,4,0,4,0,0,0,1500.0
600.0,0.0,600.0,0.0,0.0,1.0,0.0,1.0,0.0,600.0,600.0,600.0000000000001,0,9,45,45,0,45,0,0,0,300.0
600.0,0.0,600.0,0.0,0.0,0.8888888888888888,0.8888888888888888,0.35555555555555557,0.35555555555555557,10.475993452526819,10.482550639165288,10.484640486735517,0,9,45,40,40,16,16,24,1,600.0
600.0,0.0,600.0,0.0,0.0,0.35555555555555557,0.0,0.35555555555555557,0.0,700.7909298501872,1804.8412646936094,2406.06595965729,0,9,45,16,0,16,0,0,0,900.0
600.0,0.0,600.0,0.0,0.0,0.13333333333333333,0.0,0.13333333333333333,0.0,1200.2627264569478,1200.6855101678407,1200.685510167876,0,9,45,6,0,6,0,0,0,1200.0
600.0,0.0,600.0,0.0,0.0,0.13333333333333333,0.0,0.13333333333333333,0.0,2400.418874631875,3602.666882134512,3602.6668821347894,0,9,45,6,0,6,0,0,0,1500.0
700.0,0.0,700.0,0.0,0.0,1.0,0.0,1.0,0.0,700.0,700.0000000000001,700.0000000000001,0,9,45,45,0,45,0,0,0,300.0
700.0,0.0,700.0,0.0,0.0,1.0,0.0,1.0,0.0,200.78143040012995,700.0,700.0000000000001,0,9,45,45,0,45,0,0,0,600.0
700.0,0.0,700.0,0.0,0.0,0.6222222222222222,0.0,0.6222222222222222,0.0,489.4010861507089,2808.844221085343,5604.200554342809,0,9,45,28,0,28,0,0,0,900.0
700.0,0.0,700.0,0.0,0.0,0.26666666666666666,0.0,0.26666666666666666,0.0,1314.0235458224956,3384.658277948894,3501.2476872845373,0,9,45,12,0,12,0,0,0,1200.0
700.0,0.0,700.0,0.0,0.0,0.13333333333333333,0.0,0.13333333333333333,0.0,1723.4137468602726,1867.7256958480164,1867.725695848033,0,9,45,6,0,6,0,0,0,1500.0
800.0,0.0,800.0,0.0,0.0,1.0,0.0,1.0,0.0,800.0,800.0000000000001,800.0000000000002,0,9,45,45,0,45,0,0,0,300.0
800.0,0.0,800.0,0.0,0.0,1.0,0.0,1.0,0.0,457.6605138764236,800.0,800.0,0,9,45,45,0,45,0,0,0,600.0
800.0,0.0,800.0,0.0,0.0,0.8,0.0,0.8,0.0,202.26079097477697,854.2698868368176,3212.313566572863,0,9,45,36,0,36,0,0,0,900.0
800.0,0.0,800.0,0.0,0.0,0.35555555555555557,0.0,0.35555555555555557,0.0,934.3879064669164,2406.455019591474,3208.0879462097196,0,9,45,16,0,16,0,0,0,1200.0
800.0,0.0,800.0,0.0,0.0,0.26666666666666666,0.0,0.26666666666666666,0.0,3466.876076337411,10834.533009176714,11207.44576891059,0,9,45,12,0,12,0,0,0,1500.0
900.0,0.0,900.0,0.0,0.0,1.0,0.0,1.0,0.0,899.9999999999999,900.0000000000001,900.0000000000001,0,9,45,45,0,45,0,0,0,300.0
900.0,0.0,900.0,0.0,0.0,1.0,0.0,1.0,0.0,899.9999999999999,900.0000000000001,900.0000000000001,0,9,45,45,0,45,0,0,0,600.0
900.0,0.0,900.0,0.0,0.0,0.8888888888888888,0.8888888888888888,0.35555555555555557,0.35555555555555557,15.713990178792674,15.723825958748424,15.726960730098384,0,9,45,40,40,16,16,24,1,900.0
900.0,0.0,900.0,0.0,0.0,0.4888888888888889,0.0,0.4888888888888889,0.0,601.7447409053365,1801.8514165477181,1806.423275451774,0,9,45,22,0,22,0,0,0,1200.0
900.0,0.0,900.0,0.0,0.0,0.26666666666666666,0.0,0.26666666666666666,0.0,1415.8059549673187,3481.274906062928,3601.19964128481,0,9,45,12,0,12,0,0,0,1500.0
1000.0,0.0,1000.0,0.0,0.0,1.0,0.0,1.0,0.0,1000.0,1000.0000000000002,1000.0000000000002,0,9,45,45,0,45,0,0,0,300.0
1000.0,0.0,1000.0,0.0,0.0,1.0,0.0,1.0,0.0,1000.0,1000.0000000000002,1000.0000000000002,0,9,45,45,0,45,0,0,0,600.0
1000.0,0.0,1000.0,0.0,0.0,1.0,0.0,1.0,0.0,200.67657303135306,920.3563771706067,1000.0000000000002,0,9,45,45,0,45,0,0,0,900.0
1000.0,0.0,1000.0,0.0,0.0,0.6666666666666666,0.0,0.6666666666666666,0.0,401.2368167556042,2000.9710905026552,2008.3239340624305,0,9,45,30,0,30,0,0,0,1200.0
1000.0,0.0,1000.0,0.0,0.0,0.35555555555555557,0.0,0.35555555555555557,0.0,1167.9848830836456,3008.0687744893517,4010.10993276215,0,9,45,16,0,16,0,0,0,1500.0
1100.0,0.0,1100.0,0.0,0.0,1.0,0.0,1.0,0.0,1100.0000000000002,1100.0000000000002,1100.0000000000002,0,9,45,45,0,45,0,0,0,300.0
1100.0,0.0,1100.0,0.0,0.0,1.0,0.0,1.0,0.0,1100.0,1100.0000000000002,1100.0000000000002,0,9,45,45,0,45,0,0,0,600.0
1100.0,0.0,1100.0,0.0,0.0,1.0,0.0,1.0,0.0,464.3001372435236,1100.0,1100.0000000000002,0,9,45,45,0,45,0,0,0,900.0
1100.0,0.0,1100.0,0.0,0.0,0.8444444444444444,0.0,0.8444444444444444,0.0,185.6373710170933,844.985459648818,2210.5476101180416,0,9,45,38,0,38,0,0,0,1200.0
1100.0,0.0,1100.0,0.0,0.0,0.4888888888888889,0.0,0.4888888888888889,0.0,882.4226102568757,2936.534878118144,3536.066817385863,0,9,45,22,0,22,0,0,0,1500.0
1200.0,0.0,1200.0,0.0,0.0,1.0,0.0,1.0,0.0,1200.0,1200.0000000000002,1200.0000000000002,0,9,45,45,0,45,0,0,0,300.0
1200.0,0.0,1200.0,0.0,0.0,1.0,0.0,1.0,0.0,1200.0,1200.0,1200.0000000000002,0,9,45,45,0,45,0,0,0,600.0
1200.0,0.0,1200.0,0.0,0.0,1.0,0.0,1.0,0.0,686.4907708146353,1200.0,1200.0000000000002,0,9,45,45,0,45,0,0,0,900.0
1200.0,0.0,1200.0,0.0,0.0,0.8888888888888888,0.8888888888888888,0.35555555555555557,0.35555555555555557,20.951986905053637,20.965101278330575,20.969280973471033,0,9,45,40,40,16,16,24,1,1200.0
1200.0,0.0,1200.0,0.0,0.0,0.6222222222222222,0.0,0.6222222222222222,0.0,645.0656900486592,2405.398887026083,4802.513886010296,0,9,45,28,0,28,0,0,0,1500.0
1300.0,0.0,1300.0,0.0,0.0,1.0,0.0,1.0,0.0,1300.0,1300.0000000000002,1300.0000000000002,0,9,45,45,0,45,0,0,0,300.0
1300.0,0.0,1300.0,0.0,0.0,1.0,0.0,1.0,0.0,1300.0,1300.0000000000002,1300.0000000000002,0,9,45,45,0,45,0,0,0,600.0
1300.0,0.0,1300.0,0.0,0.0,1.0,0.0,1.0,0.0,1095.553644961794,1300.0000000000002,1300.0000000000002,0,9,45,45,0,45,0,0,0,900.0
1300.0,0.0,1300.0,0.0,0.0,1.0,0.0,1.0,0.0,201.17683235061472,1040.4415988202209,1300.0000000000002,0,9,45,45,0,45,0,0,0,1200.0
1300.0,0.0,1300.0,0.0,0.0,0.7555555555555555,0.0,0.7555555555555555,0.0,418.12943265331603,1666.3225608456955,3471.5245989390464,0,9,45,34,0,34,0,0,0,1500.0
1400.0,0.0,1400.0,0.0,0.0,1.0,0.0,1.0,0.0,1400.0,1400.0000000000002,1400.0000000000002,0,9,45,45,0,45,0,0,0,300.0
1400.0,0.0,1400.0,0.0,0.0,1.0,0.0,1.0,0.0,1400.0,1400.0000000000002,1400.0000000000002,0,9,45,45,0,45,0,0,0,600.0
1400.0,0.0,1400.0,0.0,0.0,1.0,0.0,1.0,0.0,1400.0,1400.0000000000002,1400.0000000000002,0,9,45,45,0,45,0,0,0,900.0
1400.0,0.0,1400.0,0.0,0.0,1.0,0.0,1.0,0.0,401.5628608002599,1400.0,1400.0000000000002,0,9,45,45,0,45,0,0,0,1200.0
1400.0,0.0,1400.0,0.0,0.0,0.8888888888888888,0.0,0.8888888888888888,0.0,195.0221241181344,834.4999779911302,1878.6969817346314,0,9,45,40,0,40,0,0,0,1500.0
1500.0,0.0,1500.0,0.0,0.0,1.0,0.0,1.0,0.0,1500.0000000000002,1500.0000000000002,1500.0000000000002,0,9,45,45,0,45,0,0,0,300.0
1500.0,0.0,1500.0,0.0,0.0,1.0,0.0,1.0,0.0,1500.0,1500.0000000000002,1500.0000000000002,0,9,45,45,0,45,0,0,0,600.0
1500.0,0.0,1500.0,0.0,0.0,1.0,0.0,1.0,0.0,1500.0,1500.0000000000002,1500.0000000000002,0,9,45,45,0,45,0,0,0,900.0
1500.0,0.0,1500.0,0.0,0.0,1.0,0.0,1.0,0.0,750.1677700106011,1500.0000000000002,1500.0000000000002,0,9,45,45,0,45,0,0,0,1200.0
1500.0,0.0,1500.0,0.0,0.0,0.8888888888888888,0.8888888888888888,0.35555555555555557,0.35555555555555557,26.189983631324388,26.206376597914055,26.211601216830616,0,9,45,40,40,16,16,24,1,1500.0
1600.0,0.0,1600.0,0.0,0.0,1.0,0.0,1.0,0.0,1600.0,1600.0000000000002,1600.0000000000005,0,9,45,45,0,45,0,0,0,300.0
1600.0,0.0,1600.0,0.0,0.0,1.0,0.0,1.0,0.0,1600.0,1600.0000000000002,1600.0000000000005,0,9,45,45,0,45,0,0,0,600.0
1600.0,0.0,1600.0,0.0,0.0,1.0,0.0,1.0,0.0,1600.0,1600.0,1600.0000000000005,0,9,45,45,0,45,0,0,0,900.0
1600.0,0.0,1600.0,0.0,0.0,1.0,0.0,1.0,0.0,915.3210277528472,1600.0,1600.0,0,9,45,45,0,45,0,0,0,1200.0
1600.0,0.0,1600.0,0.0,0.0,1.0,0.0,1.0,0.0,201.8117325572079,1193.3037895415982,1600.0,0,9,45,45,0,45,0,0,0,1500.0
1700.0,0.0,1700.0,0.0,0.0,1.0,0.0,1.0,0.0,1700.0,1700.0000000000002,1700.0000000000002,0,9,45,45,0,45,0,0,0,300.0
1700.0,0.0,1700.0,0.0,0.0,1.0,0.0,1.0,0.0,1700.0,1700.0000000000002,1700.0000000000002,0,9,45,45,0,45,0,0,0,600.0
1700.0,0.0,1700.0,0.0,0.0,1.0,0.0,1.0,0.0,1700.0,1700.0000000000002,1700.0000000000002,0,9,45,45,0,45,0,0,0,900.0
1700.0,0.0,1700.0,0.0,0.0,1.0,0.0,1.0,0.0,1308.7576002045328,1700.0000000000002,1700.0000000000002,0,9,45,45,0,45,0,0,0,1200.0
1700.0,0.0,1700.0,0.0,0.0,1.0,0.0,1.0,0.0,400.9545185560816,1700.0,1700.0000000000002,0,9,45,45,0,45,0,0,0,1500.0
1800.0,0.0,1800.0,0.0,0.0,1.0,0.0,1.0,0.0,1800.0,1800.0000000000002,1800.0000000000005,0,9,45,45,0,45,0,0,0,300.0
1800.0,0.0,1800.0,0.0,0.0,1.0,0.0,1.0,0.0,1799.9999999999998,1800.0000000000002,1800.0000000000002,0,9,45,45,0,45,0,0,0,600.0
1800.0,0.0,1800.0,0.0,0.0,1.0,0.0,1.0,0.0,1800.0,1800.0000000000002,1800.0000000000005,0,9,45,45,0,45,0,0,0,900.0
1800.0,0.0,1800.0,0.0,0.0,1.0,0.0,1.0,0.0,1799.9999999999998,1800.0000000000002,1800.0000000000002,0,9,45,45,0,45,0,0,0,1200.0
1800.0,0.0,1800.0,0.0,0.0,1.0,0.0,1.0,0.0,656.4443017003365,1800.0,1800.0000000000002,0,9,45,45,0,45,0,0,0,1500.0
-500.0,100.0,509.9019513592785,168.6900675259798,0.0,1.0,0.0,1.0,0.0,337.3774986128816,493.0170454286332,588.7521847204545,0,9,45,45,0,45,0,0,0,300.0
-500.0,100.0,509.9019513592785,168.6900675259798,0.0,1.0,0.0,1.0,0.0,770.7570793569122,1400.0950239527306,2060.318834712171,0,9,45,45,0,45,0,0,0,600.0
-500.0,100.0,509.9019513592785,168.6900675259798,0.0,1.0,0.0,1.0,0.0,1483.2177000582888,3997.3479885189354,10324.715087067756,0,9,45,45,0,45,0,0,0,900.0
-500.0,100.0,509.9019513592785,168.6900675259798,0.0,0.9555555555555556,0.0,0.9555555555555556,0.0,2595.905392903042,12028.881292290705,354162.5628537084,0,9,45,43,0,43,0,0,0,1200.0
-500.0,100.0,509.9019513592785,168.6900675259798,0.0,0.8222222222222222,0.0,0.8222222222222222,0.0,3489.8166179818113,17804.120825122212,104247.176597871,0,9,45,37,0,37,0,0,0,1500.0
-400.0,100.0,412.31056256176606,165.96375653207352,0.0,1.0,0.0,1.0,0.0,263.9967070376174,363.1096551939738,427.3960259875174,0,9,45,45,0,45,0,0,0,300.0
-400.0,100.0,412.31056256176606,165.96375653207352,0.0,1.0,0.0,1.0,0.0,640.9349269338961,1086.9390511437405,1515.4657680480964,0,9,45,45,0,45,0,0,0,600.0
-400.0,100.0,412.31056256176606,165.96375653207352,0.0,1.0,0.0,1.0,0.0,1263.3839287603619,2989.0250295228534,6200.722564076952,0,9,45,45,0,45,0,0,0,900.0
-400.0,100.0,412.31056256176606,165.96375653207352,0.0,0.9777777777777777,0.0,0.9777777777777777,0.0,2224.7787406854823,8651.881270576987,333450.1493505742,0,9,45,44,0,44,0,0,0,1200.0
-400.0,100.0,412.31056256176606,165.96375653207352,0.0,0.8666666666666667,0.0,0.8666666666666667,0.0,3228.632014346074,16796.830212396824,415185.8993981294,0,9,45,39,0,39,0,0,0,1500.0
-300.0,100.0,316.22776601683796,161.565051177078,0.0,1.0,0.0,1.0,0.0,201.23572092515622,263.1231831463025,303.80966153127406,0,9,45,45,0,45,0,0,0,300.0
-300.0,100.0,316.22776601683796,161.565051177078,0.0,1.0,0.0,1.0,0.0,527.6416736829342,841.3961167242321,1121.9305961920747,0,9,45,45,0,45,0,0,0,600.0
-300.0,100.0,316.22776601683796,161.565051177078,0.0,1.0,0.0,1.0,0.0,1072.6838421866635,2267.047605949114,4128.290654262175,0,9,45,45,0,45,0,0,0,900.0
-300.0,100.0,316.22776601683796,161.565051177078,0.0,1.0,0.0,1.0,0.0,1955.330111913284,7031.796182738761,311668.31640351325,0,9,45,45,0,45,0,0,0,1200.0
-300.0,100.0,316.22776601683796,161.565051177078,0.0,0.8888888888888888,0.0,0.8888888888888888,0.0,2963.6723934219635,12789.307092824514,94425.24582337502,0,9,45,40,0,40,0,0,0,1500.0
-200.0,100.0,223.60679774997897,153.434948822922,0.0,1.0,0.0,1.0,0.0,148.1138251423134,185.30425024305023,209.3481655292571,0,9,45,45,0,45,0,0,0,300.0
-200.0,100.0,223.60679774997897,153.434948822922,0.0,1.0,0.0,1.0,0.0,428.7391850354265,642.9601766521605,829.7500382279098,0,9,45,45,0,45,0,0,0,600.0
-200.0,100.0,223.60679774997897,153.434948822922,0.0,1.0,0.0,1.0,0.0,906.3588238824734,1742.3250122253226,2897.162205976699,0,9,45,45,0,45,0,0,0,900.0
-200.0,100.0,223.60679774997897,153.434948822922,0.0,1.0,0.0,1.0,0.0,1676.3556125505825,4930.759201973612,22383.97979774173,0,9,45,45,0,45,0,0,0,1200.0
-200.0,100.0,223.60679774997897,153.434948822922,0.0,0.9111111111111111,0.0,0.9111111111111111,0.0,2637.6812154610507,10035.515437867849,36279.87358647319,0,9,45,41,0,41,0,0,0,1500.0
-100.0,100.0,141.4213562373095,135.0,0.0,1.0,0.0,1.0,0.0,103.86704673273378,124.52274277247324,137.83873722252088,0,9,45,45,0,45,0,0,0,300.0
-100.0,100.0,141.4213562373095,135.0,0.0,1.0,0.0,1.0,0.0,342.51719189453166,485.31411896992137,608.7853651226415,0,9,45,45,0,45,0,0,0,600.0
-100.0,100.0,141.4213562373095,135.0,0.0,1.0,0.0,1.0,0.0,760.6926022033332,1347.523462299384,2092.598050191872,0,9,45,45,0,45,0,0,0,900.0
-100.0,100.0,141.4213562373095,135.0,0.0,1.0,0.0,1.0,0.0,1435.3421064544534,3624.471300994215,10412.115079034429,0,9,45,45,0,45,0,0,0,1200.0
-100.0,100.0,141.4213562373095,135.0,0.0,0.9555555555555556,0.0,0.9555555555555556,0.0,2458.206123019525,8388.587609755969,50080.309375370285,0,9,45,43,0,43,0,0,0,1500.0
0.0,100.0,100.0,90.0,0.0,1.0,0.0,1.0,0.0,67.93697799135082,77.95484089755972,84.78672775125271,0,9,45,45,0,45,0,0,0,300.0
0.0,100.0,100.0,90.0,0.0,1.0,0.0,1.0,0.0,267.60673225858994,359.7995046455673,439.7840325919684,0,9,45,45,0,45,0,0,0,600.0
0.0,100.0,100.0,90.0,0.0,1.0,0.0,1.0,0.0,632.7493787698518,1043.026595339154,1534.000316778707,0,9,45,45,0,45,0,0,0,900.0
0.0,100.0,100.0,90.0,0.0,1.0,0.0,1.0,0.0,1225.6064328197403,2738.6954129697847,6240.250244294574,0,9,45,45,0,45,0,0,0,1200.0
0.0,100.0,100.0,90.0,0.0,0.9777777777777777,0.0,0.9777777777777777,0.0,2170.690096476258,7947.390076560277,84004.8107601722,0,9,45,44,0,44,0,0,0,1500.0
100.0,100.0,141.4213562373095,45.0,0.1111111111111111,1.0,0.4888888888888889,1.0,0.4888888888888889,40.022227249578904,44.082422021565534,46.93894919723567,1,9,45,45,22,45,22,0,0,300.0
100.0,100.0,141.4213562373095,45.0,0.0,1.0,0.0,1.0,0.0,202.92087210271507,260.6171140266771,309.8843954517847,0,9,45,45,0,45,0,0,0,600.0
100.0,100.0,141.4213562373095,45.0,0.0,1.0,0.0,1.0,0.0,520.189298714743,807.306475203999,1130.1221385823007,0,9,45,45,0,45,0,0,0,900.0
100.0,100.0,141.4213562373095,45.0,0.0,1.0,0.0,1.0,0.0,1041.9982295602756,2115.2510848073043,4142.678697361997,0,9,45,45,0,45,0,0,0,1200.0
100.0,100.0,141.4213562373095,45.0,0.0,1.0,0.0,1.0,0.0,1869.512820780194,6124.385054135968,307357.87099889864,0,9,45,45,0,45,0,0,0,1500.0
200.0,100.0,223.60679774997897,26.56505117707799,1.0,1.0,1.0,1.0,1.0,20.391380393021798,21.55276925970643,22.288015468460408,9,9,45,45,45,45,45,0,0,300.0
200.0,100.0,223.60679774997897,26.56505117707799,0.0,1.0,0.0,1.0,0.0,147.6223868777854,182.2860817920718,210.19407223406023,0,9,45,45,0,45,0,0,0,600.0
200.0,100.0,223.60679774997897,26.56505117707799,0.0,1.0,0.0,1.0,0.0,421.13708707421404,618.8712831870243,829.8986742319358,0,9,45,45,0,45,0,0,0,900.0
200.0,100.0,223.60679774997897,26.56505117707799,0.0,1.0,0.0,1.0,0.0,880.4915297557399,1646.6680762226558,2896.0811114334647,0,9,45,45,0,45,0,0,0,1200.0
200.0,100.0,223.60679774997897,26.56505117707799,0.0,1.0,0.0,1.0,0.0,1607.3213385578804,4468.976285513507,22351.416592777576,0,9,45,45,0,45,0,0,0,1500.0
300.0,100.0,316.22776601683796,18.43494882292201,0.0,1.0,1.0,0.4222222222222222,0.4222222222222222,11.042139317505324,11.15925341518275,11.160410517778185,0,9,45,45,45,19,19,26,0,300.0
300.0,100.0,316.22776601683796,18.43494882292201,0.0,1.0,0.0,1.0,0.0,101.13460913262124,121.05993063354563,134.43548491875978,0,9,45,45,0,45,0,0,0,600.0
300.0,100.0,316.22776601683796,18.43494882292201,0.0,1.0,0.0,1.0,0.0,334.0891879344237,471.1457299963312,602.5331816833326,0,9,45,45,0,45,0,0,0,900.0
300.0,100.0,316.22776601683796,18.43494882292201,0.0,1.0,0.0,1.0,0.0,737.9020612920325,1284.1945783682834,2081.057073147279,0,9,45,45,0,45,0,0,0,1200.0
300.0,100.0,316.22776601683796,18.43494882292201,0.0,1.0,0.0,1.0,0.0,1378.5518689422497,3365.951100142429,10371.559794278759,0,9,45,45,0,45,0,0,0,1500.0
400.0,100.0,412.31056256176606,14.036243467926479,1.0,1.0,1.0,1.0,1.0,20.349728642659638,20.9480849328037,21.320560627316237,9,9,45,45,45,45,45,0,0,300.0
400.0,100.0,412.31056256176606,14.036243467926479,0.0,1.0,0.0,1.0,0.0,63.27714762197583,72.5418616270743,78.25978203299972,0,9,45,45,0,45,0,0,0,600.0
400.0,100.0,412.31056256176606,14.036243467926479,0.0,1.0,0.0,1.0,0.0,257.8521826750262,351.3945091594903,428.36901984336555,0,9,45,45,0,45,0,0,0,900.0
400.0,100.0,412.31056256176606,14.036243467926479,0.0,1.0,0.0,1.0,0.0,611.688180127562,1014.0993092143004,1514.9355771817238,0,9,45,45,0,45,0,0,0,1200.0
400.0,100.0,412.31056256176606,14.036243467926479,0.0,1.0,0.0,1.0,0.0,1177.662283386108,2594.0208993688466,6193.31175070613,0,9,45,45,0,45,0,0,0,1500.0
500.0,100.0,509.9019513592785,11.309932474020213,0.2222222222222222,1.0,0.5555555555555556,1.0,0.5555555555555556,39.79154848852002,41.79695162408425,43.1642100659773,2,9,45,45,25,45,25,0,0,300.0
500.0,100.0,509.9019513592785,11.309932474020213,1.0,1.0,1.0,1.0,1.0,34.96852379345498,37.82521382637975,39.46025580874617,9,9,45,45,45,45,45,0,0,600.0
500.0,100.0,509.9019513592785,11.309932474020213,0.0,1.0,0.0,1.0,0.0,191.5148465828012,251.06747130178093,294.31165496206216,0,9,45,45,0,45,0,0,0,900.0
500.0,100.0,509.9019513592785,11.309932474020213,0.0,1.0,0.0,1.0,0.0,499.8094831281436,793.4348780141536,1105.4128914327414,0,9,45,45,0,45,0,0,0,1200.0
500.0,100.0,509.9019513592785,11.309932474020213,0.0,1.0,0.0,1.0,0.0,1000.3168884598181,2053.3777511078233,4091.784107947051,0,9,45,45,0,45,0,0,0,1500.0
600.0,100.0,608.276253029822,9.462322208025617,0.0,1.0,0.0,1.0,0.0,67.13052226316412,71.67555871285734,74.62198322580392,0,9,45,45,0,45,0,0,0,300.0
600.0,100.0,608.276253029822,9.462322208025617,0.0,1.0,1.0,0.4222222222222222,0.4222222222222222,21.23981356498023,21.36263276658606,21.365069418183467,0,9,45,45,45,19,19,26,0,600.0
600.0,100.0,608.276253029822,9.462322208025617,0.0,1.0,0.0,1.0,0.0,134.48050998731802,167.97714573117943,191.40278129857634,0,9,45,45,0,45,0,0,0,900.0
600.0,100.0,608.276253029822,9.462322208025617,0.0,1.0,0.0,1.0,0.0,400.62761064354163,610.3507262023295,800.8374861992661,0,9,45,45,0,45,0,0,0,1200.0
600.0,100.0,608.276253029822,9.462322208025617,0.0,1.0,0.0,1.0,0.0,843.0828921186344,1626.6720163363764,2842.5779428335786,0,9,45,45,0,45,0,0,0,1500.0
700.0,100.0,707.1067811865476,8.13010235415598,0.0,1.0,0.0,1.0,0.0,101.74864321329777,110.39310003708528,115.59325978600563,0,9,45,45,0,45,0,0,0,300.0
700.0,100.0,707.1067811865476,8.13010235415598,1.0,1.0,1.0,1.0,1.0,34.89949670250107,36.730007988815295,37.75803016527743,9,9,45,45,45,45,45,0,0,600.0
700.0,100.0,707.1067811865476,8.13010235415598,0.0,1.0,0.0,1.0,0.0,86.68631826427496,103.6727484367403,113.62321474281084,0,9,45,45,0,45,0,0,0,900.0
700.0,100.0,707.1067811865476,8.13010235415598,0.0,1.0,0.0,1.0,0.0,312.8423061613219,452.1417689949305,570.0770742281951,0,9,45,45,0,45,0,0,0,1200.0
700.0,100.0,707.1067811865476,8.13010235415598,0.0,1.0,0.0,1.0,0.0,703.2167933263107,1283.3661550681113,2025.7396598541648,0,9,45,45,0,45,0,0,0,1500.0
800.0,100.0,806.2257748298549,7.125016348901798,0.0,1.0,0.0,1.0,0.0,143.47046840547077,157.93363801872835,166.46912290220106,0,9,45,45,0,45,0,0,0,300.0
800.0,100.0,806.2257748298549,7.125016348901798,0.0,1.0,0.0,1.0,0.0,62.91596242437685,68.43031186616135,71.69971574698359,0,9,45,45,0,45,0,0,0,600.0
800.0,100.0,806.2257748298549,7.125016348901798,0.0,1.0,0.0,1.0,0.0,49.697740334294615,55.53082622928285,58.18495165971891,0,9,45,45,0,45,0,0,0,900.0
800.0,100.0,806.2257748298549,7.125016348901798,0.0,1.0,0.0,1.0,0.0,235.4677588533038,322.949524010981,393.3051484397278,0,9,45,45,0,45,0,0,0,1200.0
800.0,100.0,806.2257748298549,7.125016348901798,0.0,1.0,0.0,1.0,0.0,578.5129615572316,995.9908701852796,1458.3173123288345,0,9,45,45,0,45,0,0,0,1500.0
900.0,100.0,905.5385138137417,6.34019174590991,0.0,1.0,0.0,1.0,0.0,192.23256112965402,214.63036453423615,227.79686821462792,0,9,45,45,0,45,0,0,0,300.0
900.0,100.0,905.5385138137417,6.34019174590991,0.0,1.0,0.0,1.0,0.0,99.93694979696278,110.69912607690235,117.43091446099763,0,9,45,45,0,45,0,0,0,600.0
900.0,100.0,905.5385138137417,6.34019174590991,0.0,1.0,1.0,0.4222222222222222,0.4222222222222222,31.61952079845018,31.74444786982788,31.748188708233023,0,9,45,45,45,19,19,26,0,900.0
900.0,100.0,905.5385138137417,6.34019174590991,0.0,1.0,0.0,1.0,0.0,167.88635496883137,221.42854009297622,257.43045518576776,0,9,45,45,0,45,0,0,0,1200.0
900.0,100.0,905.5385138137417,6.34019174590991,0.0,1.0,0.0,1.0,0.0,467.19808849772977,754.6820708806642,1047.8621915985984,0,9,45,45,0,45,0,0,0,1500.0
1000.0,100.0,1004.987562112089,5.710593137499642,0.0,1.0,0.0,1.0,0.0,248.00752194124442,281.33783391672637,299.9999999999997,0,9,45,45,0,45,0,0,0,300.0
1000.0,100.0,1004.987562112089,5.710593137499642,0.0,1.0,0.0,1.0,0.0,144.61199299991966,161.6969739394596,174.23064399156266,0,9,45,45,0,45,0,0,0,600.0
1000.0,100.0,1004.987562112089,5.710593137499642,0.0,1.0,0.0,1.0,0.0,49.60150438824935,53.77268801512429,55.62482697357219,0,9,45,45,0,45,0,0,0,900.0
1000.0,100.0,1004.987562112089,5.710593137499642,0.0,1.0,0.0,1.0,0.0,110.1514401319495,139.09902806701885,153.88000087306267,0,9,45,45,0,45,0,0,0,1200.0
1000.0,100.0,1004.987562112089,5.710593137499642,0.0,1.0,0.0,1.0,0.0,367.86486863670905,560.0865474222596,742.6597718989739,0,9,45,45,0,45,0,0,0,1500.0
1100.0,100.0,1104.536101718726,5.194428907734806,0.0,1.0,0.0,1.0,0.0,306.8296326460324,347.4851358024458,355.93765980379607,0,9,45,45,0,45,0,0,0,300.0
1100.0,100.0,1104.536101718726,5.194428907734806,0.0,1.0,0.0,1.0,0.0,196.55575005373822,222.58587094104828,242.41340076546365,0,9,45,45,0,45,0,0,0,600.0
1100.0,100.0,1104.536101718726,5.194428907734806,0.0,1.0,0.0,1.0,0.0,86.19539841276939,97.40645457777848,103.6202030051406,0,9,45,45,0,45,0,0,0,900.0
1100.0,100.0,1104.536101718726,5.194428907734806,0.0,1.0,0.0,1.0,0.0,64.47489130240982,74.57950249489829,78.71446922921271,0,9,45,45,0,45,0,0,0,1200.0
1100.0,100.0,1104.536101718726,5.194428907734806,0.0,1.0,0.0,1.0,0.0,279.45260081234886,408.73474557524037,511.5900104563787,0,9,45,45,0,45,0,0,0,1500.0
1200.0,100.0,1204.1594578792296,4.763641690726178,0.0,1.0,0.0,1.0,0.0,366.01957161203234,403.86522369624123,417.6731897405525,0,9,45,45,0,45,0,0,0,300.0
1200.0,100.0,1204.1594578792296,4.763641690726178,0.0,1.0,0.0,1.0,0.0,255.62541301720094,293.8086585243732,322.5845533056737,0,9,45,45,0,45,0,0,0,600.0
1200.0,100.0,1204.1594578792296,4.763641690726178,0.0,1.0,0.0,1.0,0.0,132.893324197547,152.85230488992397,165.74910820670618,0,9,45,45,0,45,0,0,0,900.0
1200.0,100.0,1204.1594578792296,4.763641690726178,0.0,1.0,0.0,0.4222222222222222,0.0,42.04662600774571,42.173089282090544,42.17817739014644,0,9,45,45,0,19,0,0,0,1200.0
1200.0,100.0,1204.1594578792296,4.763641690726178,0.0,1.0,0.0,1.0,0.0,201.3223063130912,283.5053827809436,334.96991573467744,0,9,45,45,0,45,0,0,0,1500.0
1300.0,100.0,1303.8404810405298,4.398705354995532,0.0,1.0,0.0,1.0,0.0,415.8351481405677,472.2765436393586,482.34743043059154,0,9,45,45,0,45,0,0,0,300.0
1300.0,100.0,1303.8404810405298,4.398705354995532,0.0,1.0,0.0,1.0,0.0,321.75746138585225,375.98723498758943,415.4895944929313,0,9,45,45,0,45,0,0,0,600.0
1300.0,100.0,1303.8404810405298,4.398705354995532,0.0,1.0,0.0,1.0,0.0,187.61522791484632,219.76803796268612,240.72465169059993,0,9,45,45,0,45,0,0,0,900.0
1300.0,100.0,1303.8404810405298,4.398705354995532,0.0,1.0,0.0,1.0,0.0,64.35149227717102,72.04101777211568,75.12740674944777,0,9,45,45,0,45,0,0,0,1200.0
1300.0,100.0,1303.8404810405298,4.398705354995532,0.0,1.0,0.0,1.0,0.0,133.64304462992064,178.6457026108007,200.2580976867686,0,9,45,45,0,45,0,0,0,1500.0
1400.0,100.0,1403.56688476182,4.085616779974877,0.0,1.0,0.0,1.0,0.0,474.6360388037427,533.1792119438352,548.1626390731267,0,9,45,45,0,45,0,0,0,300.0
1400.0,100.0,1403.56688476182,4.085616779974877,0.0,1.0,0.0,1.0,0.0,394.9198426450019,469.27593363244847,521.9770409233425,0,9,45,45,0,45,0,0,0,600.0
1400.0,100.0,1403.56688476182,4.085616779974877,0.0,1.0,0.0,1.0,0.0,249.76923919070023,295.87856160391436,328.8372540610295,0,9,45,45,0,45,0,0,0,900.0
1400.0,100.0,1403.56688476182,4.085616779974877,0.0,1.0,0.0,1.0,0.0,109.53105710420922,129.8276627412905,139.54326429519304,0,9,45,45,0,45,0,0,0,1200.0
1400.0,100.0,1403.56688476182,4.085616779974877,0.0,1.0,0.0,1.0,0.0,79.27317515188359,95.293748249954,101.48881062814489,0,9,45,45,0,45,0,0,0,1500.0
1500.0,100.0,1503.3296378372909,3.8140748342903543,0.0,1.0,0.0,1.0,0.0,539.622651272863,602.688466718557,623.6628461154809,0,9,45,45,0,45,0,0,0,300.0
1500.0,100.0,1503.3296378372909,3.8140748342903543,0.0,1.0,0.0,1.0,0.0,475.09483571671024,574.1358690028478,621.1182278574375,0,9,45,45,0,45,0,0,0,600.0
1500.0,100.0,1503.3296378372909,3.8140748342903543,0.0,1.0,0.0,1.0,0.0,319.13485963891213,380.9748652989997,430.7977012385171,0,9,45,45,0,45,0,0,0,900.0
1500.0,100.0,1503.3296378372909,3.8140748342903543,0.0,1.0,0.0,1.0,0.0,165.91031331410983,199.91126728719976,220.66250210939404,0,9,45,45,0,45,0,0,0,1200.0
1500.0,100.0,1503.3296378372909,3.8140748342903543,0.0,1.0,0.0,0.4222222222222222,0.0,52.49285666401193,52.62068842971957,52.62717621483273,0,9,45,45,0,19,0,0,0,1500.0
1600.0,100.0,1603.1219541881396,3.576334374997351,0.0,1.0,0.0,1.0,0.0,601.0179968504868,678.1143002327136,700.0884798898779,0,9,45,45,0,45,0,0,0,300.0
1600.0,100.0,1603.1219541881396,3.576334374997351,0.0,1.0,0.0,1.0,0.0,562.27194223855,664.8947090897004,698.3779993006408,0,9,45,45,0,45,0,0,0,600.0
1600.0,100.0,1603.1219541881396,3.576334374997351,0.0,1.0,0.0,1.0,0.0,395.6131580297738,477.08631705944396,547.5123715575162,0,9,45,45,0,45,0,0,0,900.0
1600.0,100.0,1603.1219541881396,3.576334374997351,0.0,1.0,0.0,1.0,0.0,230.68012934394534,281.03699232983496,316.70704576321253,0,9,45,45,0,45,0,0,0,1200.0
1600.0,100.0,1603.1219541881396,3.576334374997351,0.0,1.0,0.0,1.0,0.0,79.12263160595545,91.85636190939186,96.64658242748052,0,9,45,45,0,45,0,0,0,1500.0
1700.0,100.0,1702.93863659264,3.3664606634298013,0.0,1.0,0.0,1.0,0.0,663.5180037936354,753.3867697521068,779.5744445684361,0,9,45,45,0,45,0,0,0,300.0
1700.0,100.0,1702.93863659264,3.3664606634298013,0.0,1.0,0.0,1.0,0.0,644.8335261999539,745.6866969449261,772.7391163173729,0,9,45,45,0,45,0,0,0,600.0
1700.0,100.0,1702.93863659264,3.3664606634298013,0.0,1.0,0.0,1.0,0.0,479.1536945611137,586.658745951634,680.0284039637063,0,9,45,45,0,45,0,0,0,900.0
1700.0,100.0,1702.93863659264,3.3664606634298013,0.0,1.0,0.0,1.0,0.0,303.04340481955063,375.75487637524566,428.00890024539314,0,9,45,45,0,45,0,0,0,1200.0
1700.0,100.0,1702.93863659264,3.3664606634298013,0.0,1.0,0.0,1.0,0.0,132.89332419754655,165.68073606636352,180.37129702636716,0,9,45,45,0,45,0,0,0,1500.0
1800.0,100.0,1802.7756377319947,3.1798301198642345,0.0,1.0,0.0,1.0,0.0,734.5427048115714,832.5767683356357,859.7663105790408,0,9,45,45,0,45,0,0,0,300.0
1800.0,100.0,1802.7756377319947,3.1798301198642345,0.0,1.0,0.0,1.0,0.0,723.4234475015046,837.2593236973794,854.0144899318922,0,9,45,45,0,45,0,0,0,600.0
1800.0,100.0,1802.7756377319947,3.1798301198642345,0.0,1.0,0.0,1.0,0.0,569.7282710893174,708.45668640695,829.5231206243847,0,9,45,45,0,45,0,0,0,900.0
1800.0,100.0,1802.7756377319947,3.1798301198642345,0.0,1.0,0.0,1.0,0.0,382.7028587926497,482.0851922363769,555.4471818084127,0,9,45,45,0,45,0,0,0,1200.0
1800.0,100.0,1802.7756377319947,3.1798301198642345,0.0,1.0,0.0,1.0,0.0,198.95774244260076,253.26330720191805,283.6760757897359,0,9,45,45,0,45,0,0,0,1500.0
-500.0,200.0,538.5164807134504,158.19859051364818,0.0,1.0,0.0,1.0,0.0,164.218709751134,195.79236618414387,210.7523251567984,0,9,45,45,0,45,0,0,0,300.0
-500.0,200.0,538.5164807134504,158.19859051364818,0.0,1.0,0.0,1.0,0.0,347.04484896845344,443.5823909694458,506.74146992790844,0,9,45,45,0,45,0,0,0,600.0
-500.0,200.0,538.5164807134504,158.19859051364818,0.0,1.0,0.0,1.0,0.0,606.4793889039656,847.6245094047758,1027.6481007214966,0,9,45,45,0,45,0,0,0,900.0
-500.0,200.0,538.5164807134504,158.19859051364818,0.0,1.0,0.0,1.0,0.0,953.0146881058854,1473.174903245767,1930.7680516847513,0,9,45,45,0,45,0,0,0,1200.0
-500.0,200.0,538.5164807134504,158.19859051364818,0.0,1.0,0.0,1.0,0.0,1401.6145721989599,2436.5707344727684,3564.3479386024724,0,9,45,45,0,45,0,0,0,1500.0
-400.0,200.0,447.21359549995793,153.434948822922,0.0,1.0,0.0,1.0,0.0,131.6291536385672,152.8969110117844,164.06626518977586,0,9,45,45,0,45,0,0,0,300.0
-400.0,200.0,447.21359549995793,153.434948822922,0.0,1.0,0.0,1.0,0.0,296.2276502846268,370.60850048610047,418.6963310585142,0,9,45,45,0,45,0,0,0,600.0
-400.0,200.0,447.21359549995793,153.434948822922,0.0,1.0,0.0,1.0,0.0,535.0404740901735,729.8115843627519,873.1409953497337,0,9,45,45,0,45,0,0,0,900.0
-400.0,200.0,447.21359549995793,153.434948822922,0.0,1.0,0.0,1.0,0.0,857.478370070853,1285.920353304321,1659.5000764558197,0,9,45,45,0,45,0,0,0,1200.0
-400.0,200.0,447.21359549995793,153.434948822922,0.0,1.0,0.0,1.0,0.0,1277.017525989965,2141.0982753519775,3058.8705676813624,0,9,45,45,0,45,0,0,0,1500.0
-300.0,200.0,360.5551275463989,146.30993247402023,0.0,1.0,0.0,1.0,0.0,102.96704748176967,117.01877922042175,124.69245878623009,0,9,45,45,0,45,0,0,0,300.0
-300.0,200.0,360.5551275463989,146.30993247402023,0.0,1.0,0.0,1.0,0.0,249.8417719290225,306.095810008161,342.07605936948295,0,9,45,45,0,45,0,0,0,600.0
-300.0,200.0,360.5551275463989,146.30993247402023,0.0,1.0,0.0,1.0,0.0,468.8027514503534,623.3280308977622,737.7557178361067,0,9,45,45,0,45,0,0,0,900.0
-300.0,200.0,360.5551275463989,146.30993247402023,0.0,1.0,0.0,1.0,0.0,768.2717367231188,1119.234628117771,1423.5153599032014,0,9,45,45,0,45,0,0,0,1200.0
-300.0,200.0,360.5551275463989,146.30993247402023,0.0,1.0,0.0,1.0,0.0,1160.376752042963,1880.1930533881255,2628.8476234816812,0,9,45,45,0,45,0,0,0,1500.0
-200.0,200.0,282.842712474619,135.0,0.0,1.0,0.0,1.0,0.0,78.15320448724316,87.00121260112957,91.97171228707326,0,9,45,45,0,45,0,0,0,300.0
-200.0,200.0,282.842712474619,135.0,0.0,1.0,0.0,1.0,0.0,207.73409346546757,249.04548554494647,275.67747444504175,0,9,45,45,0,45,0,0,0,600.0
-200.0,200.0,282.842712474619,135.0,0.0,1.0,0.0,1.0,0.0,407.5235919533268,528.6202873376766,619.1265891159447,0,9,45,45,0,45,0,0,0,900.0
-200.0,200.0,282.842712474619,135.0,0.0,1.0,0.0,1.0,0.0,685.0343837890633,970.6282379398427,1217.570730245283,0,9,45,45,0,45,0,0,0,1200.0
-200.0,200.0,282.842712474619,135.0,0.0,1.0,0.0,1.0,0.0,1051.1656312559942,1648.9574581784582,2260.2833861548615,0,9,45,45,0,45,0,0,0,1500.0
-100.0,200.0,223.60679774997897,116.56505117707799,0.0,1.0,0.0,1.0,0.0,57.141313080669356,62.397939673887336,65.34404261324075,0,9,45,45,0,45,0,0,0,300.0
-100.0,200.0,223.60679774997897,116.56505117707799,0.0,1.0,0.0,1.0,0.0,169.7774186584025,199.0815689983172,218.47012746747902,0,9,45,45,0,45,0,0,0,600.0
-100.0,200.0,223.60679774997897,116.56505117707799,0.0,1.0,0.0,1.0,0.0,350.98906642098325,444.5062578417819,515.2672202442842,0,9,45,45,0,45,0,0,0,900.0
-100.0,200.0,223.60679774997897,116.56505117707799,0.0,1.0,0.0,1.0,0.0,607.4440819689979,838.0073523584686,1037.4154538679215,0,9,45,45,0,45,0,0,0,1200.0
-100.0,200.0,223.60679774997897,116.56505117707799,0.0,1.0,0.0,1.0,0.0,948.9127661778962,1443.389402736528,1942.4437394852862,0,9,45,45,0,45,0,0,0,1500.0
0.0,200.0,200.0,90.0,0.0,1.0,0.5333333333333333,1.0,0.5333333333333333,39.93630127670007,42.76003578533341,44.356174667939925,0,9,45,45,24,45,24,0,0,300.0
0.0,200.0,200.0,90.0,0.0,1.0,0.0,1.0,0.0,135.87395598270163,155.90968179511944,169.57345550250542,0,9,45,45,0,45,0,0,0,600.0
0.0,200.0,200.0,90.0,0.0,1.0,0.0,1.0,0.0,299.0129898575586,369.9687427427504,424.49978074908756,0,9,45,45,0,45,0,0,0,900.0
0.0,200.0,200.0,90.0,0.0,1.0,0.0,1.0,0.0,535.2134645171799,719.5990092911346,879.5680651839368,0,9,45,45,0,45,0,0,0,1200.0
0.0,200.0,200.0,90.0,0.0,1.0,0.0,1.0,0.0,853.1959492848811,1260.1862172930942,1666.9589359660965,0,9,45,45,0,45,0,0,0,1500.0
100.0,200.0,223.60679774997897,63.43494882292201,1.0,1.0,1.0,1.0,1.0,26.634052780833116,27.944128041566586,28.6938797506239,9,9,45,45,45,45,45,0,0,300.0
100.0,200.0,223.60679774997897,63.43494882292201,0.0,1.0,0.0,1.0,0.0,105.96381179671363,119.06907221840716,128.24403103295109,0,9,45,45,0,45,0,0,0,600.0
100.0,200.0,223.60679774997897,63.43494882292201,0.0,1.0,0.0,1.0,0.0,251.43723707346254,304.42465222627885,345.40108314828586,0,9,45,45,0,45,0,0,0,900.0
100.0,200.0,223.60679774997897,63.43494882292201,0.0,1.0,0.0,1.0,0.0,468.0874858869455,614.7073596729938,741.1513394325787,0,9,45,45,0,45,0,0,0,1200.0
100.0,200.0,223.60679774997897,63.43494882292201,0.0,1.0,0.0,1.0,0.0,763.6370988438321,1098.375845553419,1427.2073258968394,0,9,45,45,0,45,0,0,0,1500.0
200.0,200.0,282.842712474619,45.0,1.0,1.0,1.0,1.0,1.0,17.468903299521553,17.966382540427688,18.229029267942874,9,9,45,45,45,45,45,0,0,300.0
200.0,200.0,282.842712474619,45.0,0.0,1.0,0.0,1.0,0.0,80.04445449915781,88.16484404313107,93.87789839447134,0,9,45,45,0,45,0,0,0,600.0
200.0,200.0,282.842712474619,45.0,0.0,1.0,0.0,1.0,0.0,208.13413066548802,246.86992971044012,276.7623486340489,0,9,45,45,0,45,0,0,0,900.0
200.0,200.0,282.842712474619,45.0,0.0,1.0,0.0,1.0,0.0,405.84174420543013,521.2342280533542,619.7687909035694,0,9,45,45,0,45,0,0,0,1200.0
200.0,200.0,282.842712474619,45.0,0.0,1.0,0.0,1.0,0.0,679.8980684808399,953.7848813663423,1217.8826043510537,0,9,45,45,0,45,0,0,0,1500.0
300.0,200.0,360.5551275463989,33.690067525979785,0.0,1.0,1.0,0.4222222222222222,0.4222222222222222,12.590189498457761,12.795506320110222,12.796522773838658,0,9,45,45,45,19,19,26,0,300.0
300.0,200.0,360.5551275463989,33.690067525979785,0.0,1.0,0.0,1.0,0.0,58.215725370096585,62.8733264071485,66.04267894622868,0,9,45,45,0,45,0,0,0,600.0
300.0,200.0,360.5551275463989,33.690067525979785,0.0,1.0,0.0,1.0,0.0,169.01264206530703,196.57985635998273,217.5615342630865,0,9,45,45,0,45,0,0,0,900.0
300.0,200.0,360.5551275463989,33.690067525979785,0.0,1.0,0.0,1.0,0.0,348.28190860496613,437.69257166981185,513.4115392689037,0,9,45,45,0,45,0,0,0,1200.0
300.0,200.0,360.5551275463989,33.690067525979785,0.0,1.0,0.0,1.0,0.0,601.677288921771,823.9124070586652,1034.6839953414474,0,9,45,45,0,45,0,0,0,1500.0
400.0,200.0,447.21359549995793,26.56505117707799,1.0,1.0,1.0,1.0,1.0,17.449748351250626,17.617979849577146,17.707686738177888,9,9,45,45,45,45,45,0,0,300.0
400.0,200.0,447.21359549995793,26.56505117707799,0.0,1.0,0.3333333333333333,1.0,0.3333333333333333,40.782760786043596,43.10553851941286,44.576030936920816,0,9,45,45,15,45,15,0,0,600.0
400.0,200.0,447.21359549995793,26.56505117707799,0.0,1.0,0.0,1.0,0.0,134.0323576714287,153.52642637604808,166.95011564159068,0,9,45,45,0,45,0,0,0,900.0
400.0,200.0,447.21359549995793,26.56505117707799,0.0,1.0,0.0,1.0,0.0,295.2447737555708,364.5721635841436,420.38814446812046,0,9,45,45,0,45,0,0,0,1200.0
400.0,200.0,447.21359549995793,26.56505117707799,0.0,1.0,0.0,1.0,0.0,528.7072692254155,707.2392788015569,874.090721773883,0,9,45,45,0,45,0,0,0,1500.0
500.0,200.0,538.5164807134504,21.80140948635181,1.0,1.0,1.0,1.0,1.0,26.57866483950942,27.12460199860516,27.43745464400879,9,9,45,45,45,45,45,0,0,300.0
500.0,200.0,538.5164807134504,21.80140948635181,1.0,1.0,1.0,1.0,1.0,28.436039408194,29.25076887914304,29.78712889383378,9,9,45,45,45,45,45,0,0,600.0
500.0,200.0,538.5164807134504,21.80140948635181,0.0,1.0,0.0,1.0,0.0,103.23469066858209,116.22102286548497,124.26260902603853,0,9,45,45,0,45,0,0,0,900.0
500.0,200.0,538.5164807134504,21.80140948635181,0.0,1.0,0.0,1.0,0.0,246.6020427172277,299.9378112553626,339.2729049098585,0,9,45,45,0,45,0,0,0,1200.0
500.0,200.0,538.5164807134504,21.80140948635181,0.0,1.0,0.0,1.0,0.0,460.753090679865,606.3915890583849,733.195576206415,0,9,45,45,0,45,0,0,0,1500.0
600.0,200.0,632.4555320336759,18.43494882292201,0.0,1.0,0.5777777777777777,1.0,0.5777777777777777,39.79154848852008,40.99506251769402,41.666051323926474,0,9,45,45,26,45,26,0,0,300.0
600.0,200.0,632.4555320336759,18.43494882292201,0.0,1.0,1.0,0.4222222222222222,0.4222222222222222,22.084278635010648,22.3185068303655,22.32082103555637,0,9,45,45,45,19,19,26,0,600.0
600.0,200.0,632.4555320336759,18.43494882292201,0.0,1.0,0.0,1.0,0.0,76.81503043553965,84.57468954813115,89.07352092163984,0,9,45,45,0,45,0,0,0,900.0
600.0,200.0,632.4555320336759,18.43494882292201,0.0,1.0,0.0,1.0,0.0,202.26921826524247,242.11986126709127,268.87096983751957,0,9,45,45,0,45,0,0,0,1200.0
600.0,200.0,632.4555320336759,18.43494882292201,0.0,1.0,0.0,1.0,0.0,397.6122109222979,515.0896852748199,609.5809671677681,0,9,45,45,0,45,0,0,0,1500.0
700.0,200.0,728.0109889280518,15.945395900922854,0.0,1.0,0.0,1.0,0.0,56.812264571418794,59.01309322662661,60.21017505129733,0,9,45,45,0,45,0,0,0,300.0
700.0,200.0,728.0109889280518,15.945395900922854,1.0,1.0,1.0,1.0,1.0,28.406132285709333,28.762557323082294,29.0043417344431,9,9,45,45,45,45,45,0,0,600.0
700.0,200.0,728.0109889280518,15.945395900922854,0.0,1.0,0.0,1.0,0.0,55.291707002154965,59.16199462987432,61.36833110707238,0,9,45,45,0,45,0,0,0,900.0
700.0,200.0,728.0109889280518,15.945395900922854,0.0,1.0,0.0,1.0,0.0,162.2250099369455,190.5093828705107,208.20281204435867,0,9,45,45,0,45,0,0,0,1200.0
700.0,200.0,728.0109889280518,15.945395900922854,0.0,1.0,0.0,1.0,0.0,339.1162489714176,432.2928736815529,501.22653606575204,0,9,45,45,0,45,0,0,0,1500.0
800.0,200.0,824.6211251235321,14.036243467926479,0.0,1.0,0.0,1.0,0.0,77.48945805419756,81.08416577669439,83.02773121090819,0,9,45,45,0,45,0,0,0,300.0
800.0,200.0,824.6211251235321,14.036243467926479,0.0,1.0,0.2,1.0,0.2,40.699457285319276,41.8961698656074,42.64112125463247,0,9,45,45,9,45,9,0,0,600.0
800.0,200.0,824.6211251235321,14.036243467926479,0.3333333333333333,1.0,0.5555555555555556,1.0,0.5555555555555556,39.83214810634769,41.1814558164288,41.936434576781075,3,9,45,45,25,45,25,0,0,900.0
800.0,200.0,824.6211251235321,14.036243467926479,0.0,1.0,0.0,1.0,0.0,126.55429524395166,145.0837232541486,156.51956406599945,0,9,45,45,0,45,0,0,0,1200.0
800.0,200.0,824.6211251235321,14.036243467926479,0.0,1.0,0.0,1.0,0.0,285.13615214420514,357.44627731361766,406.44167552849143,0,9,45,45,0,45,0,0,0,1500.0
900.0,200.0,921.9544457292888,12.528807709151511,0.0,1.0,0.0,1.0,0.0,101.74864321329805,107.27426508677999,110.16076191635229,0,9,45,45,0,45,0,0,0,300.0
900.0,200.0,921.9544457292888,12.528807709151511,0.0,1.0,0.0,1.0,0.0,58.00565126449132,60.39683501729151,61.97773793964159,0,9,45,45,0,45,0,0,0,600.0
900.0,200.0,921.9544457292888,12.528807709151511,0.0,1.0,1.0,0.4222222222222222,0.4222222222222222,32.19292579408598,32.43491864219226,32.43851067778255,0,9,45,45,45,19,19,26,0,900.0
900.0,200.0,921.9544457292888,12.528807709151511,0.0,1.0,0.0,1.0,0.0,95.54759453279037,106.63653389264243,113.3844281914688,0,9,45,45,0,45,0,0,0,1200.0
900.0,200.0,921.9544457292888,12.528807709151511,0.0,1.0,0.0,1.0,0.0,235.5937655236219,288.527918048892,323.8202419145645,0,9,45,45,0,45,0,0,0,1500.0
1000.0,200.0,1019.803902718557,11.309932474020213,0.0,1.0,0.0,1.0,0.0,129.55189581712398,137.64783249013004,141.69285872358597,0,9,45,45,0,45,0,0,0,300.0
1000.0,200.0,1019.803902718557,11.309932474020213,0.0,1.0,0.0,1.0,0.0,79.58309697704004,83.5939032481685,86.3284201319546,0,9,45,45,0,45,0,0,0,600.0
1000.0,200.0,1019.803902718557,11.309932474020213,0.4444444444444444,1.0,0.6666666666666666,1.0,0.6666666666666666,39.791548488520014,40.49882103718547,40.89926538811532,4,9,45,45,30,45,30,0,0,900.0
1000.0,200.0,1019.803902718557,11.309932474020213,0.0,1.0,0.0,1.0,0.0,69.93704758690996,75.6504276527595,78.92051161749234,0,9,45,45,0,45,0,0,0,1200.0
1000.0,200.0,1019.803902718557,11.309932474020213,0.0,1.0,0.0,1.0,0.0,190.48667210261848,227.75882616433367,252.22030695801143,0,9,45,45,0,45,0,0,0,1500.0
1100.0,200.0,1118.033988749895,10.304846468766033,0.0,1.0,0.0,1.0,0.0,160.87873069292718,172.52413298049396,177.72974184483311,0,9,45,45,0,45,0,0,0,300.0
1100.0,200.0,1118.033988749895,10.304846468766033,0.0,1.0,0.0,1.0,0.0,105.06139757385397,111.26839017805216,115.43453223173583,0,9,45,45,0,45,0,0,0,600.0
1100.0,200.0,1118.033988749895,10.304846468766033,0.0,1.0,0.0,1.0,0.0,55.180949386719526,57.43912650341883,58.72377766068002,0,9,45,45,0,45,0,0,0,900.0
1100.0,200.0,1118.033988749895,10.304846468766033,0.0,1.0,0.0,1.0,0.0,51.37253779124568,53.30917753405899,54.42465480434415,0,9,45,45,0,45,0,0,0,1200.0
1100.0,200.0,1118.033988749895,10.304846468766033,0.0,1.0,0.0,1.0,0.0,149.94292099940674,174.9583870020222,190.78349202460942,0,9,45,45,0,45,0,0,0,1500.0
1200.0,200.0,1216.552506059644,9.462322208025617,0.0,1.0,0.0,1.0,0.0,195.71742299617537,211.86045870896186,218.39072769241028,0,9,45,45,0,45,0,0,0,300.0
1200.0,200.0,1216.552506059644,9.462322208025617,0.0,1.0,0.0,1.0,0.0,134.26104452632825,143.35111742571468,149.24396645160783,0,9,45,45,0,45,0,0,0,600.0
1200.0,200.0,1216.552506059644,9.462322208025617,0.0,1.0,0.0,1.0,0.0,76.54057175853025,80.99752708677637,83.52642851331001,0,9,45,45,0,45,0,0,0,900.0
1200.0,200.0,1216.552506059644,9.462322208025617,0.0,1.0,0.0,0.4222222222222222,0.0,42.47962712996046,42.72526553317212,42.73013883636693,0,9,45,45,0,19,0,0,0,1200.0
1200.0,200.0,1216.552506059644,9.462322208025617,0.0,1.0,0.0,1.0,0.0,114.34794462925582,130.16425358167913,139.03995732910627,0,9,45,45,0,45,0,0,0,1500.0
1300.0,200.0,1315.2946437965904,8.74616226255521,0.0,1.0,0.0,1.0,0.0,234.0609101421101,255.77662721217274,263.80487724604905,0,9,45,45,0,45,0,0,0,300.0
1300.0,200.0,1315.2946437965904,8.74616226255521,0.0,1.0,0.0,1.0,0.0,167.08988287622134,179.84884524533294,187.79850200498996,0,9,45,45,0,45,0,0,0,600.0
1300.0,200.0,1315.2946437965904,8.74616226255521,0.0,1.0,0.0,1.0,0.0,102.6424991232196,109.81425673358574,114.06756373521064,0,9,45,45,0,45,0,0,0,900.0
1300.0,200.0,1315.2946437965904,8.74616226255521,0.0,1.0,0.0,1.0,0.0,51.3212495616099,52.451697328932966,53.126344522347615,0,9,45,45,0,45,0,0,0,1200.0
1300.0,200.0,1315.2946437965904,8.74616226255521,0.0,1.0,0.0,1.0,0.0,84.64801747953902,92.98519793746988,97.23646826344495,0,9,45,45,0,45,0,0,0,1500.0
1400.0,200.0,1414.213562373095,8.13010235415598,0.0,1.0,0.0,1.0,0.0,275.9047469335982,302.283346165689,309.6113278784618,0,9,45,45,0,45,0,0,0,300.0
1400.0,200.0,1414.213562373095,8.13010235415598,0.0,1.0,0.0,1.0,0.0,203.49728642659554,220.78620007417055,231.18651957201126,0,9,45,45,0,45,0,0,0,600.0
1400.0,200.0,1414.213562373095,8.13010235415598,0.0,1.0,0.0,1.0,0.0,132.89332419754658,143.16417069574106,149.86626371839353,0,9,45,45,0,45,0,0,0,900.0
1400.0,200.0,1414.213562373095,8.13010235415598,0.0,1.0,0.0,1.0,0.0,69.79899340500214,73.46001597763059,75.51606033055486,0,9,45,45,0,45,0,0,0,1200.0
1400.0,200.0,1414.213562373095,8.13010235415598,0.0,1.0,0.0,1.0,0.0,62.977942061211195,65.6991784513265,67.19960978815863,0,9,45,45,0,45,0,0,0,1500.0
1500.0,200.0,1513.2745950421556,7.594643368591445,0.0,1.0,0.0,1.0,0.0,317.2111446007811,345.06053715939515,351.92272509829064,0,9,45,45,0,45,0,0,0,300.0
1500.0,200.0,1513.2745950421556,7.594643368591445,0.0,1.0,0.0,1.0,0.0,243.45369604023543,266.14145211700657,279.5226106261547,0,9,45,45,0,45,0,0,0,600.0
1500.0,200.0,1513.2745950421556,7.594643368591445,0.0,1.0,0.0,1.0,0.0,167.00785767445953,180.87541170341444,190.77815335147454,0,9,45,45,0,45,0,0,0,900.0
1500.0,200.0,1513.2745950421556,7.594643368591445,0.0,1.0,0.0,1.0,0.0,95.20912755943655,102.11527055004815,106.21702096593957,0,9,45,45,0,45,0,0,0,1200.0
1500.0,200.0,1513.2745950421556,7.594643368591445,0.0,1.0,0.0,0.4222222222222222,0.0,52.84048226134958,53.088487106762784,53.09465530210261,0,9,45,45,0,19,0,0,0,1500.0
1600.0,200.0,1612.4515496597098,7.125016348901798,0.0,1.0,0.0,1.0,0.0,356.70688764283705,388.6673279511084,397.75823686771014,0,9,45,45,0,45,0,0,0,300.0
1600.0,200.0,1612.4515496597098,7.125016348901798,0.0,1.0,0.0,1.0,0.0,286.94093681094154,315.8672760374567,332.93824580440213,0,9,45,45,0,45,0,0,0,600.0
1600.0,200.0,1612.4515496597098,7.125016348901798,0.0,1.0,0.0,1.0,0.0,204.8395329874761,223.4277457888922,236.80574256269009,0,9,45,45,0,45,0,0,0,900.0
1600.0,200.0,1612.4515496597098,7.125016348901798,0.0,1.0,0.0,1.0,0.0,125.8319248487537,136.8606237323227,143.39943149396717,0,9,45,45,0,45,0,0,0,1200.0
1600.0,200.0,1612.4515496597098,7.125016348901798,0.0,1.0,0.0,1.0,0.0,62.91596242437683,64.66198796977216,65.629164596923,0,9,45,45,0,45,0,0,0,1500.0
1700.0,200.0,1711.724276862369,6.7098368077569335,0.0,1.0,0.0,1.0,0.0,395.72214364587126,432.92897761095946,443.8486312707443,0,9,45,45,0,45,0,0,0,300.0
1700.0,200.0,1711.724276862369,6.7098368077569335,0.0,1.0,0.0,1.0,0.0,333.94733722912326,370.17040454696695,391.5772813257044,0,9,45,45,0,45,0,0,0,600.0
1700.0,200.0,1711.724276862369,6.7098368077569335,0.0,1.0,0.0,1.0,0.0,246.30738575827786,270.65170339139905,288.0223185704866,0,9,45,45,0,45,0,0,0,900.0
1700.0,200.0,1711.724276862369,6.7098368077569335,0.0,1.0,0.0,1.0,0.0,160.8503378232127,176.864172981026,186.3587264666597,0,9,45,45,0,45,0,0,0,1200.0
1700.0,200.0,1711.724276862369,6.7098368077569335,0.0,1.0,0.0,1.0,0.0,84.48273633538994,90.17657029325258,93.01034381777697,0,9,45,45,0,45,0,0,0,1500.0
1800.0,200.0,1811.0770276274834,6.34019174590991,0.0,1.0,0.0,1.0,0.0,439.3982796183855,480.0957526899732,490.8869116508947,0,9,45,45,0,45,0,0,0,300.0
1800.0,200.0,1811.0770276274834,6.34019174590991,0.0,1.0,0.0,1.0,0.0,384.46512225930803,429.2607290684723,455.59373642925584,0,9,45,45,0,45,0,0,0,600.0
1800.0,200.0,1811.0770276274834,6.34019174590991,0.0,1.0,0.0,1.0,0.0,291.36377339182906,322.6057172195352,344.5397324572658,0,9,45,45,0,45,0,0,0,900.0
1800.0,200.0,1811.0770276274834,6.34019174590991,0.0,1.0,0.0,1.0,0.0,199.87389959392556,221.3982521538047,234.86182892199525,0,9,45,45,0,45,0,0,0,1200.0
1800.0,200.0,1811.0770276274834,6.34019174590991,0.0,1.0,0.0,1.0,0.0,113.94565421786304,124.422396687764,130.0884583741273,0,9,45,45,0,45,0,0,0,1500.0
-500.0,300.0,583.09518948453,149.03624346792648,0.0,1.0,0.0,1.0,0.0,114.41317319533569,128.6953444691115,134.63209668132265,0,9,45,45,0,45,0,0,0,300.0
-500.0,300.0,583.09518948453,149.03624346792648,0.0,1.0,0.0,1.0,0.0,232.99090387325074,272.84286972680616,296.3974535777138,0,9,45,45,0,45,0,0,0,600.0
-500.0,300.0,583.09518948453,149.03624346792648,0.0,1.0,0.0,1.0,0.0,397.2319961355099,490.05927126310667,549.6372181410918,0,9,45,45,0,45,0,0,0,900.0
-500.0,300.0,583.09518948453,149.03624346792648,0.0,1.0,0.0,1.0,0.0,609.8954577589943,795.0253399954054,924.7488198283073,0,9,45,45,0,45,0,0,0,1200.0
-500.0,300.0,583.09518948453,149.03624346792648,0.0,1.0,0.0,1.0,0.0,874.6019384550796,1207.7377529022754,1467.1447466330555,0,9,45,45,0,45,0,0,0,1500.0
-400.0,300.0,500.0,143.13010235415598,0.0,1.0,0.0,1.0,0.0,93.19334367819698,103.1272793007409,107.64169097008886,0,9,45,45,0,45,0,0,0,300.0
-400.0,300.0,500.0,143.13010235415598,0.0,1.0,0.0,1.0,0.0,200.60575571895805,231.83503031654655,250.22257958070452,0,9,45,45,0,45,0,0,0,600.0
-400.0,300.0,500.0,143.13010235415598,0.0,1.0,0.0,1.0,0.0,353.00603662235625,429.51782966762767,478.29245604224343,0,9,45,45,0,45,0,0,0,900.0
-400.0,300.0,500.0,143.13010235415598,0.0,1.0,0.0,1.0,0.0,552.9451948341522,709.2020218183369,819.5468292532687,0,9,45,45,0,45,0,0,0,1200.0
-400.0,300.0,500.0,143.13010235415598,0.0,1.0,0.0,1.0,0.0,803.7779578245364,1090.8195758612035,1314.9110300507666,0,9,45,45,0,45,0,0,0,1500.0
-300.0,300.0,424.26406871192853,135.0,0.0,1.0,0.0,1.0,0.0,74.45941023565211,81.10760687003588,84.42274957414683,0,9,45,45,0,45,0,0,0,300.0
-300.0,300.0,424.26406871192853,135.0,0.0,1.0,0.0,1.0,0.0,170.84675203937522,194.87189231981017,208.97135090410643,0,9,45,45,0,45,0,0,0,600.0
-300.0,300.0,424.26406871192853,135.0,0.0,1.0,0.0,1.0,0.0,311.60114019820145,373.56822831741965,413.51621166756274,0,9,45,45,0,45,0,0,0,900.0
-300.0,300.0,424.26406871192853,135.0,0.0,1.0,0.0,1.0,0.0,499.0843411246194,630.0328767304585,723.3595696729427,0,9,45,45,0,45,0,0,0,1200.0
-300.0,300.0,424.26406871192853,135.0,0.0,1.0,0.0,1.0,0.0,736.3986355628434,982.5604734093893,1175.4824594869272,0,9,45,45,0,45,0,0,0,1500.0
-200.0,300.0,360.5551275463989,123.69006752597979,0.0,1.0,0.0,1.0,0.0,58.20306601671756,62.54916749511062,64.77670872101012,0,9,45,45,0,45,0,0,0,300.0
-200.0,300.0,360.5551275463989,123.69006752597979,0.0,1.0,0.0,1.0,0.0,143.6836599504389,161.7654123015745,172.347479800989,0,9,45,45,0,45,0,0,0,600.0
-200.0,300.0,360.5551275463989,123.69006752597979,0.0,1.0,0.0,1.0,0.0,272.9626886663922,322.43082133948445,354.8628681552918,0,9,45,45,0,45,0,0,0,900.0
-200.0,300.0,360.5551275463989,123.69006752597979,0.0,1.0,0.0,1.0,0.0,448.2333252924117,557.0898664064465,635.5043963923594,0,9,45,45,0,45,0,0,0,1200.0
-200.0,300.0,360.5551275463989,123.69006752597979,0.0,1.0,0.0,1.0,0.0,672.35656910657,882.3464597994564,1047.7735948743834,0,9,45,45,0,45,0,0,0,1500.0
-100.0,300.0,316.22776601683796,108.43494882292202,0.0,1.0,0.0,1.0,0.0,44.4322831705157,47.123847453594244,48.534167137455825,0,9,45,45,0,45,0,0,0,300.0
-100.0,300.0,316.22776601683796,108.43494882292202,0.0,1.0,0.0,1.0,0.0,119.09800321509569,132.22988880713754,140.08747002386514,0,9,45,45,0,45,0,0,0,600.0
-100.0,300.0,316.22776601683796,108.43494882292202,0.0,1.0,0.0,1.0,0.0,237.04465043654847,275.9447274919236,301.9309557560938,0,9,45,45,0,45,0,0,0,900.0
-100.0,300.0,316.22776601683796,108.43494882292202,0.0,1.0,0.0,1.0,0.0,400.32053658482596,489.9850388807737,555.3684740840183,0,9,45,45,0,45,0,0,0,1200.0
-100.0,300.0,316.22776601683796,108.43494882292202,0.0,1.0,0.0,1.0,0.0,611.5530264116526,789.6235174941871,930.8198745475936,0,9,45,45,0,45,0,0,0,1500.0
0.0,300.0,300.0,90.0,1.0,1.0,1.0,1.0,1.0,33.177286773309014,34.738268582116206,35.5599448440731,9,9,45,45,45,45,45,0,0,300.0
0.0,300.0,300.0,90.0,0.0,1.0,0.0,1.0,0.0,97.0873581186246,106.30105883408373,111.96251112988709,0,9,45,45,0,45,0,0,0,600.0
0.0,300.0,300.0,90.0,0.0,1.0,0.0,1.0,0.0,203.81093397405218,233.8645226926792,254.36018325375815,0,9,45,45,0,45,0,0,0,900.0
0.0,300.0,300.0,90.0,0.0,1.0,0.0,1.0,0.0,355.2826002786211,428.36697642606,482.40108674831276,0,9,45,45,0,45,0,0,0,1200.0
0.0,300.0,300.0,90.0,0.0,1.0,0.0,1.0,0.0,553.8977387259416,703.8909557541617,823.7617470811304,0,9,45,45,0,45,0,0,0,1500.0
100.0,300.0,316.22776601683796,71.56505117707799,1.0,1.0,1.0,1.0,1.0,24.49077623471794,25.330474307603247,25.753217967938212,9,9,45,45,45,45,45,0,0,300.0
100.0,300.0,316.22776601683796,71.56505117707799,0.0,1.0,0.0,1.0,0.0,77.67289079036364,83.8745257451431,87.78405556512504,0,9,45,45,0,45,0,0,0,600.0
100.0,300.0,316.22776601683796,71.56505117707799,0.0,1.0,0.0,1.0,0.0,173.23774262133168,195.97315449809014,211.83003481089236,0,9,45,45,0,45,0,0,0,900.0
100.0,300.0,316.22776601683796,71.56505117707799,0.0,1.0,0.0,1.0,0.0,313.06498952280606,372.0134680587455,416.10741835013874,0,9,45,45,0,45,0,0,0,1200.0
100.0,300.0,316.22776601683796,71.56505117707799,0.0,1.0,0.0,1.0,0.0,499.308846817918,625.0069765359215,725.8314350291873,0,9,45,45,0,45,0,0,0,1500.0
200.0,300.0,360.5551275463989,56.309932474020215,1.0,1.0,1.0,1.0,1.0,18.410048479406566,18.8555819410276,19.00977956623991,9,9,45,45,45,45,45,0,0,300.0
200.0,300.0,360.5551275463989,56.309932474020215,0.0,1.0,0.0,1.0,0.0,60.91228700843672,64.87022506461854,67.41547449576119,0,9,45,45,0,45,0,0,0,600.0
200.0,300.0,360.5551275463989,56.309932474020215,0.0,1.0,0.0,1.0,0.0,145.31764635663956,162.21298384866162,174.06058535589025,0,9,45,45,0,45,0,0,0,900.0
200.0,300.0,360.5551275463989,56.309932474020215,0.0,1.0,0.0,1.0,0.0,273.62315282870895,320.778010212296,356.04379401354726,0,9,45,45,0,45,0,0,0,1200.0
200.0,300.0,360.5551275463989,56.309932474020215,0.0,1.0,0.0,1.0,0.0,447.7130502705324,552.5544839847983,636.3419310038214,0,9,45,45,0,45,0,0,0,1500.0
300.0,300.0,424.26406871192853,45.0,0.0,1.0,1.0,0.4222222222222222,0.4222222222222222,14.815058322137572,15.078040617569643,15.078913418206449,0,9,45,45,45,19,19,26,0,300.0
300.0,300.0,424.26406871192853,45.0,0.0,1.0,0.0,1.0,0.0,46.92374329547762,49.2758669348766,50.79218206347686,0,9,45,45,0,45,0,0,0,600.0
300.0,300.0,424.26406871192853,45.0,0.0,1.0,0.0,1.0,0.0,120.0666817487366,132.24726606469676,140.81684759170696,0,9,45,45,0,45,0,0,0,900.0
300.0,300.0,424.26406871192853,45.0,0.0,1.0,0.0,1.0,0.0,236.92446718010666,274.0414775958966,301.8145389127258,0,9,45,45,0,45,0,0,0,1200.0
300.0,300.0,424.26406871192853,45.0,0.0,1.0,0.0,1.0,0.0,399.0460414441954,485.661025402153,554.6779470573158,0,9,45,45,0,45,0,0,0,1500.0
400.0,300.0,500.0,36.86989764584402,1.0,1.0,1.0,1.0,1.0,18.39364979557305,18.500740021379475,18.540097326001128,9,9,45,45,45,45,45,0,0,300.0
400.0,300.0,500.0,36.86989764584402,1.0,1.0,1.0,1.0,1.0,35.88542770824811,37.158683908544575,37.943641786708966,9,9,45,45,45,45,45,0,0,600.0
400.0,300.0,500.0,36.86989764584402,0.0,1.0,0.0,1.0,0.0,97.53686141889237,105.97927154405197,111.91919375235864,0,9,45,45,0,45,0,0,0,900.0
400.0,300.0,500.0,36.86989764584402,0.0,1.0,0.0,1.0,0.0,202.95156613332662,231.6060095942397,253.07088767560572,0,9,45,45,0,45,0,0,0,1200.0
400.0,300.0,500.0,36.86989764584402,0.0,1.0,0.0,1.0,0.0,353.25335960251186,424.02427626011274,480.28866136307477,0,9,45,45,0,45,0,0,0,1500.0
500.0,300.0,583.09518948453,30.96375653207352,1.0,1.0,1.0,1.0,1.0,24.457330020962193,24.745853703028594,24.892208797048337,9,9,45,45,45,45,45,0,0,300.0
500.0,300.0,583.09518948453,30.96375653207352,1.0,1.0,1.0,1.0,1.0,28.04078479666213,28.644724308144216,28.961944958718266,9,9,45,45,45,45,45,0,0,600.0
500.0,300.0,583.09518948453,30.96375653207352,0.0,1.0,0.0,1.0,0.0,77.83809112529545,83.51659272887784,87.26445153760777,0,9,45,45,0,45,0,0,0,900.0
500.0,300.0,583.09518948453,30.96375653207352,0.0,1.0,0.0,1.0,0.0,171.7080406514322,193.90832524871223,209.51287623531246,0,9,45,45,0,45,0,0,0,1200.0
500.0,300.0,583.09518948453,30.96375653207352,0.0,1.0,0.0,1.0,0.0,310.2918942183094,368.0415688559682,412.68225480788647,0,9,45,45,0,45,0,0,0,1500.0
600.0,300.0,670.820393249937,26.56505117707799,1.0,1.0,1.0,1.0,1.0,33.113612597974274,33.70507097040105,34.01597466766217,9,9,45,45,45,45,45,0,0,300.0
600.0,300.0,670.820393249937,26.56505117707799,0.0,1.0,1.0,0.4222222222222222,0.4222222222222222,23.424111010771142,23.75488916420296,23.75706873238424,0,9,45,45,45,19,19,26,0,600.0
600.0,300.0,670.820393249937,26.56505117707799,0.0,1.0,0.0,1.0,0.0,61.174141179065444,64.65830777911938,66.86404640538143,0,9,45,45,0,45,0,0,0,900.0
600.0,300.0,670.820393249937,26.56505117707799,0.0,1.0,0.0,1.0,0.0,143.2283584062047,159.94971548501152,170.89610222288286,0,9,45,45,0,45,0,0,0,1200.0
600.0,300.0,670.820393249937,26.56505117707799,0.0,1.0,0.0,1.0,0.0,270.1324336432223,317.2352402878975,351.4224440463364,0,9,45,45,0,45,0,0,0,1500.0
700.0,300.0,761.5773105863908,23.19859051364819,0.0,1.0,0.0,1.0,0.0,44.29777473251558,45.35413539203725,45.900442346879785,0,9,45,45,0,45,0,0,0,300.0
700.0,300.0,761.5773105863908,23.19859051364819,1.0,1.0,1.0,1.0,1.0,28.01637268636095,28.198804984773197,28.297120112580682,9,9,45,45,45,45,45,0,0,600.0
700.0,300.0,761.5773105863908,23.19859051364819,0.0,1.0,0.0,1.0,0.0,47.88667218917839,49.71301892094935,50.89659673772202,0,9,45,45,0,45,0,0,0,900.0
700.0,300.0,761.5773105863908,23.19859051364819,0.0,1.0,0.0,1.0,0.0,117.59541236330516,129.67925584031718,137.04708828860234,0,9,45,45,0,45,0,0,0,1200.0
700.0,300.0,761.5773105863908,23.19859051364819,0.0,1.0,0.0,1.0,0.0,232.7639626726169,270.49630429004173,296.12757283480653,0,9,45,45,0,45,0,0,0,1500.0
800.0,300.0,854.4003745317531,20.556045219583467,0.0,1.0,0.0,1.0,0.0,57.95605257969269,59.66237137050125,60.51973897240046,0,9,45,45,0,45,0,0,0,300.0
800.0,300.0,854.4003745317531,20.556045219583467,1.0,1.0,1.0,1.0,1.0,35.836947906275434,36.363313696266694,36.694209090376006,9,9,45,45,45,45,45,0,0,600.0
800.0,300.0,854.4003745317531,20.556045219583467,1.0,1.0,1.0,1.0,1.0,38.439556234125455,39.225858381449555,39.704486658632945,9,9,45,45,45,45,45,0,0,900.0
800.0,300.0,854.4003745317531,20.556045219583467,0.0,1.0,0.0,1.0,0.0,94.9716428837562,103.19525084594954,107.89433134746564,0,9,45,45,0,45,0,0,0,1200.0
800.0,300.0,854.4003745317531,20.556045219583467,0.0,1.0,0.0,1.0,0.0,198.2009914581261,227.7456725918081,246.47347413591572,0,9,45,45,0,45,0,0,0,1500.0
900.0,300.0,948.6832980505138,18.43494882292201,0.0,1.0,0.0,1.0,0.0,74.03301233500805,76.61461758994241,77.8698462726129,0,9,45,45,0,45,0,0,0,300.0
900.0,300.0,948.6832980505138,18.43494882292201,0.0,1.0,0.0,1.0,0.0,46.8279528507638,47.886764998941075,48.57034107810307,0,9,45,45,0,45,0,0,0,600.0
900.0,300.0,948.6832980505138,18.43494882292201,0.0,1.0,1.0,0.4222222222222222,0.4222222222222222,33.126417952515965,33.47776024554822,33.481231553334574,0,9,45,45,45,19,19,26,0,900.0
900.0,300.0,948.6832980505138,18.43494882292201,0.0,1.0,0.0,1.0,0.0,75.65932517661557,80.69847709557155,83.52625181119564,0,9,45,45,0,45,0,0,0,1200.0
900.0,300.0,948.6832980505138,18.43494882292201,0.0,1.0,0.0,1.0,0.0,166.51261120152756,188.85092165035442,202.20258055984962,0,9,45,45,0,45,0,0,0,1500.0
1000.0,300.0,1044.030650891055,16.69924423399362,0.0,1.0,0.0,1.0,0.0,92.49646917402698,96.28986529409273,97.96706709666753,0,9,45,45,0,45,0,0,0,300.0
1000.0,300.0,1044.030650891055,16.69924423399362,0.0,1.0,0.0,1.0,0.0,60.72690709680399,62.541392553889594,63.69668742395913,0,9,45,45,0,45,0,0,0,600.0
1000.0,300.0,1044.030650891055,16.69924423399362,1.0,1.0,1.0,1.0,1.0,38.4070683366685,38.691116438729175,38.87524526717714,9,9,45,45,45,45,45,0,0,900.0
1000.0,300.0,1044.030650891055,16.69924423399362,0.0,1.0,0.0,1.0,0.0,60.13240786155833,62.795580686707645,64.27976582763884,0,9,45,45,0,45,0,0,0,1200.0
1000.0,300.0,1044.030650891055,16.69924423399362,0.0,1.0,0.0,1.0,0.0,137.76357640564666,153.70379549214815,163.1442779263187,0,9,45,45,0,45,0,0,0,1500.0
1100.0,300.0,1140.175425099138,15.255118703057777,0.0,1.0,0.0,1.0,0.0,113.32637977263305,118.68604233313715,120.84140210225226,0,9,45,45,0,45,0,0,0,300.0
1100.0,300.0,1140.175425099138,15.255118703057777,0.0,1.0,0.0,1.0,0.0,77.34086835265461,80.15723607765237,81.89941512839809,0,9,45,45,0,45,0,0,0,600.0
1100.0,300.0,1140.175425099138,15.255118703057777,0.0,1.0,0.0,1.0,0.0,47.823489468489925,48.7070327256495,49.275731652725646,0,9,45,45,0,45,0,0,0,900.0
1100.0,300.0,1140.175425099138,15.255118703057777,0.0,1.0,0.0,1.0,0.0,49.120988379769464,50.1178605232458,50.7772645395761,0,9,45,45,0,45,0,0,0,1200.0
1100.0,300.0,1140.175425099138,15.255118703057777,0.0,1.0,0.0,1.0,0.0,112.21782511984453,122.95637213413693,129.2562984729101,0,9,45,45,0,45,0,0,0,1500.0
1200.0,300.0,1236.9316876852981,14.036243467926479,0.0,1.0,0.0,1.0,0.0,136.51012970598413,143.83657980968184,146.53164602836134,0,9,45,45,0,45,0,0,0,300.0
1200.0,300.0,1236.9316876852981,14.036243467926479,0.0,1.0,0.0,1.0,0.0,96.5272384157563,100.63098400073429,103.08685786460146,0,9,45,45,0,45,0,0,0,600.0
1200.0,300.0,1236.9316876852981,14.036243467926479,0.0,1.0,0.0,1.0,0.0,61.04918592797862,62.84425479841113,63.96168188194841,0,9,45,45,0,45,0,0,0,900.0
1200.0,300.0,1236.9316876852981,14.036243467926479,0.0,1.0,0.0,0.4222222222222222,0.0,43.19139701766112,43.551619295338256,43.556369047385985,0,9,45,45,0,19,0,0,0,1200.0
1200.0,300.0,1236.9316876852981,14.036243467926479,0.0,1.0,0.0,1.0,0.0,90.24484829993445,96.86631499096657,100.70394634168925,0,9,45,45,0,45,0,0,0,1500.0
1300.0,300.0,1334.1664064126335,12.994616791916505,0.0,1.0,0.0,1.0,0.0,162.03959882779387,171.78380374633323,175.0824099636186,0,9,45,45,0,45,0,0,0,300.0
1300.0,300.0,1334.1664064126335,12.994616791916505,0.0,1.0,0.0,1.0,0.0,118.20120585391328,123.9160919991735,127.22459736291799,0,9,45,45,0,45,0,0,0,600.0
1300.0,300.0,1334.1664064126335,12.994616791916505,0.0,1.0,0.0,1.0,0.0,77.60289350197567,80.53909950973203,82.42891687843768,0,9,45,45,0,45,0,0,0,900.0
1300.0,300.0,1334.1664064126335,12.994616791916505,0.0,1.0,0.0,1.0,0.0,49.08037929714421,49.49927839179694,49.790910510413255,0,9,45,45,0,45,0,0,0,1200.0
1300.0,300.0,1334.1664064126335,12.994616791916505,0.0,1.0,0.0,1.0,0.0,72.49884983521358,76.00070676003057,77.98928514610097,0,9,45,45,0,45,0,0,0,1500.0
1400.0,300.0,1431.7821063276353,12.094757077012101,0.0,1.0,0.0,1.0,0.0,189.9094236964385,202.57403427676712,206.54239659160456,0,9,45,45,0,45,0,0,0,300.0
1400.0,300.0,1431.7821063276353,12.094757077012101,0.0,1.0,0.0,1.0,0.0,142.3102788934761,150.00133304633096,154.3130553892448,0,9,45,45,0,45,0,0,0,600.0
1400.0,300.0,1431.7821063276353,12.094757077012101,0.0,1.0,0.0,1.0,0.0,97.14037447600907,101.41184139446976,104.3347345162168,0,9,45,45,0,45,0,0,0,900.0
1400.0,300.0,1431.7821063276353,12.094757077012101,0.0,1.0,0.0,1.0,0.0,60.0546328010696,61.48598882295296,62.28494905528633,0,9,45,45,0,45,0,0,0,1200.0
1400.0,300.0,1431.7821063276353,12.094757077012101,0.0,1.0,0.0,1.0,0.0,59.93414435694843,61.24068977971436,62.03946556603768,0,9,45,45,0,45,0,0,0,1500.0
1500.0,300.0,1529.7058540778355,11.309932474020213,0.0,1.0,0.0,1.0,0.0,220.11597018866172,236.25660773305697,240.9634069453718,0,9,45,45,0,45,0,0,0,300.0
1500.0,300.0,1529.7058540778355,11.309932474020213,0.0,1.0,0.0,1.0,0.0,168.82124262087538,178.7973737716827,184.37364356749842,0,9,45,45,0,45,0,0,0,600.0
1500.0,300.0,1529.7058540778355,11.309932474020213,0.0,1.0,0.0,1.0,0.0,119.37464546555995,125.39085487225259,129.4926301979322,0,9,45,45,0,45,0,0,0,900.0
1500.0,300.0,1529.7058540778355,11.309932474020213,0.0,1.0,0.0,1.0,0.0,75.50637399762702,78.33538794046979,79.92162402249483,0,9,45,45,0,45,0,0,0,1200.0
1500.0,300.0,1529.7058540778355,11.309932474020213,0.0,1.0,0.0,0.4222222222222222,0.0,53.41441407242712,53.77958036058244,53.7856074572695,0,9,45,45,0,19,0,0,0,1500.0
1600.0,300.0,1627.8820596099706,10.619655276155134,0.0,1.0,0.0,1.0,0.0,252.65671621137807,272.88330420262236,278.39976587159316,0,9,45,45,0,45,0,0,0,300.0
1600.0,300.0,1627.8820596099706,10.619655276155134,0.0,1.0,0.0,1.0,0.0,197.71248519697738,210.37793692988487,217.4408432965533,0,9,45,45,0,45,0,0,0,600.0
1600.0,300.0,1627.8820596099706,10.619655276155134,0.0,1.0,0.0,1.0,0.0,144.22310553541178,152.33953188364,157.81492549692115,0,9,45,45,0,45,0,0,0,900.0
1600.0,300.0,1627.8820596099706,10.619655276155134,0.0,1.0,0.0,1.0,0.0,94.68710761903112,99.30908161071346,101.88974808883971,0,9,45,45,0,45,0,0,0,1200.0
1600.0,300.0,1627.8820596099706,10.619655276155134,0.0,1.0,0.0,1.0,0.0,59.88538502592412,60.509969638784874,60.89688416939891,0,9,45,45,0,45,0,0,0,1500.0
1700.0,300.0,1726.2676501632068,10.007979801441337,0.0,1.0,0.0,1.0,0.0,287.5298724841356,309.695495489414,314.510708653579,0,9,45,45,0,45,0,0,0,300.0
1700.0,300.0,1726.2676501632068,10.007979801441337,0.0,1.0,0.0,1.0,0.0,228.9695430187761,244.76480846995972,253.55770438279293,0,9,45,45,0,45,0,0,0,600.0
1700.0,300.0,1726.2676501632068,10.007979801441337,0.0,1.0,0.0,1.0,0.0,171.58031913781718,182.19074102262113,189.27149347925632,0,9,45,45,0,45,0,0,0,900.0
1700.0,300.0,1726.2676501632068,10.007979801441337,0.0,1.0,0.0,1.0,0.0,117.09692748474221,123.74866234753196,127.66703636279387,0,9,45,45,0,45,0,0,0,1200.0
1700.0,300.0,1726.2676501632068,10.007979801441337,0.0,1.0,0.0,1.0,0.0,72.4065270747236,74.43674012084868,75.6110523749281,0,9,45,45,0,45,0,0,0,1500.0
1800.0,300.0,1824.8287590894658,9.462322208025617,0.0,1.0,0.0,1.0,0.0,320.7060927573207,342.6273829323537,349.51435365757715,0,9,45,45,0,45,0,0,0,300.0
1800.0,300.0,1824.8287590894658,9.462322208025617,0.0,1.0,0.0,1.0,0.0,262.5824773203169,282.1017208991089,292.77324547376094,0,9,45,45,0,45,0,0,0,600.0
1800.0,300.0,1824.8287590894658,9.462322208025617,0.0,1.0,0.0,1.0,0.0,201.39156678949217,215.02667613857216,223.86594967741195,0,9,45,45,0,45,0,0,0,900.0
1800.0,300.0,1824.8287590894658,9.462322208025617,0.0,1.0,0.0,1.0,0.0,142.4053425506331,151.3522281033934,156.96943888060528,0,9,45,45,0,45,0,0,0,1200.0
1800.0,300.0,1824.8287590894658,9.462322208025617,0.0,1.0,0.0,1.0,0.0,90.06504668729868,94.05783036741116,96.3664735154655,0,9,45,45,0,45,0,0,0,1500.0
-500.0,400.0,640.3124237432849,141.34019174590992,0.0,1.0,0.0,1.0,0.0,91.86403545561832,100.51450600848824,103.69818287642313,0,9,45,45,0,45,0,0,0,300.0
-500.0,400.0,640.3124237432849,141.34019174590992,0.0,1.0,0.0,1.0,0.0,180.16580042883254,202.59672949361322,215.0755575349124,0,9,45,45,0,45,0,0,0,600.0
-500.0,400.0,640.3124237432849,141.34019174590992,0.0,1.0,0.0,1.0,0.0,301.3346289698554,351.48146546603584,381.59435816824436,0,9,45,45,0,45,0,0,0,900.0
-500.0,400.0,640.3124237432849,141.34019174590992,0.0,1.0,0.0,1.0,0.0,456.52347929142377,553.5162234880424,615.3343912407124,0,9,45,45,0,45,0,0,0,1200.0
-500.0,400.0,640.3124237432849,141.34019174590992,0.0,1.0,0.0,1.0,0.0,647.1881061647331,815.7594014479425,932.0913079307329,0,9,45,45,0,45,0,0,0,1500.0
-400.0,400.0,565.685424949238,135.0,0.0,1.0,0.0,1.0,0.0,76.1080039380257,82.30323512913704,84.74515686360185,0,9,45,45,0,45,0,0,0,300.0
-400.0,400.0,565.685424949238,135.0,0.0,1.0,0.0,1.0,0.0,156.30640897448632,174.00242520225913,183.94342457414652,0,9,45,45,0,45,0,0,0,600.0
-400.0,400.0,565.685424949238,135.0,0.0,1.0,0.0,1.0,0.0,269.05983946205293,310.7389468791661,335.69294471596,0,9,45,45,0,45,0,0,0,900.0
-400.0,400.0,565.685424949238,135.0,0.0,1.0,0.0,1.0,0.0,415.46818693093513,498.09097108989295,551.3549488900835,0,9,45,45,0,45,0,0,0,1200.0
-400.0,400.0,565.685424949238,135.0,0.0,1.0,0.0,1.0,0.0,596.9029512169142,743.6139724939867,845.6813235592604,0,9,45,45,0,45,0,0,0,1500.0
-300.0,400.0,500.0,126.86989764584402,0.0,1.0,0.0,1.0,0.0,62.18746776370604,66.49549126610162,68.30473329040885,0,9,45,45,0,45,0,0,0,300.0
-300.0,400.0,500.0,126.86989764584402,0.0,1.0,0.0,1.0,0.0,134.34647537590016,148.12411502962246,155.8545905062068,0,9,45,45,0,45,0,0,0,600.0
-300.0,400.0,500.0,126.86989764584402,0.0,1.0,0.0,1.0,0.0,238.75903847789561,272.98234074605693,293.503890742782,0,9,45,45,0,45,0,0,0,900.0
-300.0,400.0,500.0,126.86989764584402,0.0,1.0,0.0,1.0,0.0,376.48749527031714,446.3585497080941,491.9664789172533,0,9,45,45,0,45,0,0,0,1200.0
-300.0,400.0,500.0,126.86989764584402,0.0,1.0,0.0,1.0,0.0,548.823766687323,675.8625261503851,765.0389128993946,0,9,45,45,0,45,0,0,0,1500.0
-200.0,400.0,447.21359549995793,116.56505117707799,0.0,1.0,0.0,1.0,0.0,50.10583591475549,53.0068822425078,54.286812708783344,0,9,45,45,0,45,0,0,0,300.0
-200.0,400.0,447.21359549995793,116.56505117707799,0.0,1.0,0.0,1.0,0.0,114.28262616133871,124.79587934777467,130.6880852264815,0,9,45,45,0,45,0,0,0,600.0
-200.0,400.0,447.21359549995793,116.56505117707799,0.0,1.0,0.0,1.0,0.0,210.4168289751907,238.01810288167687,254.85973207174052,0,9,45,45,0,45,0,0,0,900.0
-200.0,400.0,447.21359549995793,116.56505117707799,0.0,1.0,0.0,1.0,0.0,339.554837316805,398.1631379966344,436.94025493495803,0,9,45,45,0,45,0,0,0,1200.0
-200.0,400.0,447.21359549995793,116.56505117707799,0.0,1.0,0.0,1.0,0.0,502.9132989611359,612.3026850955482,689.8506593470097,0,9,45,45,0,45,0,0,0,1500.0
-100.0,400.0,412.31056256176606,104.03624346792648,0.0,1.0,0.5111111111111111,1.0,0.5111111111111111,39.873389179394636,41.76408771347731,42.61277593706954,0,9,45,45,23,45,23,0,0,300.0
-100.0,400.0,412.31056256176606,104.03624346792648,0.0,1.0,0.0,1.0,0.0,96.11949811276331,103.95285688414222,108.33728475542631,0,9,45,45,0,45,0,0,0,600.0
-100.0,400.0,412.31056256176606,104.03624346792648,0.0,1.0,0.0,1.0,0.0,184.02319646562046,205.96755820110354,219.60756945649197,0,9,45,45,0,45,0,0,0,900.0
-100.0,400.0,412.31056256176606,104.03624346792648,0.0,1.0,0.0,1.0,0.0,304.6476393804558,353.3607953353396,386.06513683866564,0,9,45,45,0,45,0,0,0,1200.0
-100.0,400.0,412.31056256176606,104.03624346792648,0.0,1.0,0.0,1.0,0.0,459.1377731447288,552.7465468400344,619.8270486019342,0,9,45,45,0,45,0,0,0,1500.0
0.0,400.0,400.0,90.0,1.0,1.0,1.0,1.0,1.0,31.505409133712078,32.702978323994046,33.213559134854485,9,9,45,45,45,45,45,0,0,300.0
0.0,400.0,400.0,90.0,0.0,1.0,0.0,1.0,0.0,79.87260255340014,85.52007157066681,88.71234933587985,0,9,45,45,0,45,0,0,0,600.0
0.0,400.0,400.0,90.0,0.0,1.0,0.0,1.0,0.0,159.57493954329482,176.73509545322125,187.60969477944803,0,9,45,45,0,45,0,0,0,900.0
0.0,400.0,400.0,90.0,0.0,1.0,0.0,1.0,0.0,271.74791196540326,311.8193635902389,339.14691100501085,0,9,45,45,0,45,0,0,0,1200.0
0.0,400.0,400.0,90.0,0.0,1.0,0.0,1.0,0.0,417.46711116886,497.0199212235011,554.7007330808887,0,9,45,45,0,45,0,0,0,1500.0
100.0,400.0,412.31056256176606,75.96375653207353,1.0,1.0,1.0,1.0,1.0,25.011551664930263,25.75831469253191,26.019050147168336,9,9,45,45,45,45,45,0,0,300.0
100.0,400.0,412.31056256176606,75.96375653207353,0.0,1.0,0.0,1.0,0.0,65.57227380949386,69.49770603771596,71.74394213593483,0,9,45,45,0,45,0,0,0,600.0
100.0,400.0,412.31056256176606,75.96375653207353,0.0,1.0,0.0,1.0,0.0,137.07785342774724,150.23888107988205,158.74507429283187,0,9,45,45,0,45,0,0,0,900.0
100.0,400.0,412.31056256176606,75.96375653207353,0.0,1.0,0.0,1.0,0.0,240.84313985833046,273.4187317286517,296.0080538273932,0,9,45,45,0,45,0,0,0,1200.0
100.0,400.0,412.31056256176606,75.96375653207353,0.0,1.0,0.0,1.0,0.0,377.87527457740083,444.96178630577776,494.22512484451215,0,9,45,45,0,45,0,0,0,1500.0
200.0,400.0,447.21359549995793,63.43494882292201,1.0,1.0,1.0,1.0,1.0,20.36601211886923,20.834699283154368,20.927795927309642,9,9,45,45,45,45,45,0,0,300.0
200.0,400.0,447.21359549995793,63.43494882292201,0.0,1.0,0.0,1.0,0.0,53.26810556166623,55.88825608313317,57.3877595012478,0,9,45,45,0,45,0,0,0,600.0
200.0,400.0,447.21359549995793,63.43494882292201,0.0,1.0,0.0,1.0,0.0,116.55006145917204,126.41383488683596,132.91211371789277,0,9,45,45,0,45,0,0,0,900.0
200.0,400.0,447.21359549995793,63.43494882292201,0.0,1.0,0.0,1.0,0.0,211.92762359342726,238.13814443681431,256.48806206590217,0,9,45,45,0,45,0,0,0,1200.0
200.0,400.0,447.21359549995793,63.43494882292201,0.0,1.0,0.0,1.0,0.0,340.340784751999,396.7068370274538,438.17334473808785,0,9,45,45,0,45,0,0,0,1500.0
300.0,400.0,500.0,53.13010235415598,0.0,1.0,1.0,0.4222222222222222,0.4222222222222222,17.459902634328202,17.75939214158161,17.760142658281712,0,9,45,45,45,19,19,26,0,300.0
300.0,400.0,500.0,53.13010235415598,0.0,1.0,0.0,1.0,0.0,43.03045385614908,44.69702702805195,45.626558588326326,0,9,45,45,0,45,0,0,0,600.0
300.0,400.0,500.0,53.13010235415598,0.0,1.0,0.0,1.0,0.0,98.02703622056569,105.24338266402408,110.03332299407943,0,9,45,45,0,45,0,0,0,900.0
300.0,400.0,500.0,53.13010235415598,0.0,1.0,0.0,1.0,0.0,185.0045126047691,205.82933531807106,220.44459081368313,0,9,45,45,0,45,0,0,0,1200.0
300.0,400.0,500.0,53.13010235415598,0.0,1.0,0.0,1.0,0.0,304.8475013452697,351.7835062758106,386.3375877624621,0,9,45,45,0,45,0,0,0,1500.0
400.0,400.0,565.685424949238,45.0,1.0,1.0,1.0,1.0,1.0,20.34972864265949,20.440364040301272,20.45987509475384,9,9,45,45,45,45,45,0,0,300.0
400.0,400.0,565.685424949238,45.0,1.0,1.0,1.0,1.0,1.0,34.93780659904311,35.932765080855376,36.45805853588575,9,9,45,45,45,45,45,0,0,600.0
400.0,400.0,565.685424949238,45.0,0.0,1.0,0.0,1.0,0.0,81.56885032493697,86.67555172850746,90.06258807896133,0,9,45,45,0,45,0,0,0,900.0
400.0,400.0,565.685424949238,45.0,0.0,1.0,0.0,1.0,0.0,160.08890899831562,176.32968808626214,187.7557967889427,0,9,45,45,0,45,0,0,0,1200.0
400.0,400.0,565.685424949238,45.0,0.0,1.0,0.0,1.0,0.0,271.38578434895277,310.0406829190844,338.52901438450294,0,9,45,45,0,45,0,0,0,1500.0
500.0,400.0,640.3124237432849,38.65980825409009,1.0,1.0,1.0,1.0,1.0,24.984237449240766,25.201218497937234,25.279450447060366,9,9,45,45,45,45,45,0,0,300.0
500.0,400.0,640.3124237432849,38.65980825409009,1.0,1.0,1.0,1.0,1.0,29.025982133571073,29.605682024729756,29.842325416102536,9,9,45,45,45,45,45,0,0,600.0
500.0,400.0,640.3124237432849,38.65980825409009,0.0,1.0,0.0,1.0,0.0,67.26940947925165,70.72049827282412,72.99511155901052,0,9,45,45,0,45,0,0,0,900.0
500.0,400.0,640.3124237432849,38.65980825409009,0.0,1.0,0.0,1.0,0.0,137.21262693167958,149.59504753703456,158.32452978398481,0,9,45,45,0,45,0,0,0,1200.0
500.0,400.0,640.3124237432849,38.65980825409009,0.0,1.0,0.0,1.0,0.0,239.95423709553134,271.38354305450554,294.5783568302549,0,9,45,45,0,45,0,0,0,1500.0
600.0,400.0,721.1102550927978,33.690067525979785,1.0,1.0,1.0,1.0,1.0,31.457981212188155,31.86466091878325,32.040473374647355,9,9,45,45,45,45,45,0,0,300.0
600.0,400.0,721.1102550927978,33.690067525979785,0.0,1.0,1.0,0.4222222222222222,0.4222222222222222,25.180378996915522,25.591012640220445,25.593045547677317,0,9,45,45,45,19,19,26,0,600.0
600.0,400.0,721.1102550927978,33.690067525979785,0.0,1.0,0.0,1.0,0.0,55.26385217369303,57.456804938102806,58.87653504813253,0,9,45,45,0,45,0,0,0,900.0
600.0,400.0,721.1102550927978,33.690067525979785,0.0,1.0,0.0,1.0,0.0,116.43145074019317,125.746652814297,132.08535789245735,0,9,45,45,0,45,0,0,0,1200.0
600.0,400.0,721.1102550927978,33.690067525979785,0.0,1.0,0.0,1.0,0.0,210.5623435174804,236.1253946572098,254.33755902769016,0,9,45,45,0,45,0,0,0,1500.0
700.0,400.0,806.2257748298549,29.74488129694222,0.0,1.0,0.6222222222222222,1.0,0.6222222222222222,39.791548488520135,40.477340903835,40.786163229495685,0,9,45,45,28,45,28,0,0,300.0
700.0,400.0,806.2257748298549,29.74488129694222,1.0,1.0,1.0,1.0,1.0,29.002825632245393,29.12964491519857,29.18624005554482,9,9,45,45,45,45,45,0,0,600.0
700.0,400.0,806.2257748298549,29.74488129694222,0.0,1.0,0.0,1.0,0.0,45.7194583741117,47.01082912846476,47.79583903753239,0,9,45,45,0,45,0,0,0,900.0
700.0,400.0,806.2257748298549,29.74488129694222,0.0,1.0,0.0,1.0,0.0,97.83587044162637,104.60679667369425,109.0157222054342,0,9,45,45,0,45,0,0,0,1200.0
700.0,400.0,806.2257748298549,29.74488129694222,0.0,1.0,0.0,1.0,0.0,183.23449810029913,203.79582813785072,217.68298213852037,0,9,45,45,0,45,0,0,0,1500.0
800.0,400.0,894.4271909999159,26.56505117707799,0.0,1.0,0.0,1.0,0.0,49.96847489848122,51.0487982437614,51.52331620601035,0,9,45,45,0,45,0,0,0,300.0
800.0,400.0,894.4271909999159,26.56505117707799,1.0,1.0,1.0,1.0,1.0,34.89949670250125,35.23595969915429,35.415373476355775,9,9,45,45,45,45,45,0,0,600.0
800.0,400.0,894.4271909999159,26.56505117707799,1.0,1.0,1.0,1.0,1.0,38.774967958833784,39.465046195664456,39.82158449100634,9,9,45,45,45,45,45,0,0,900.0
800.0,400.0,894.4271909999159,26.56505117707799,0.0,1.0,0.0,1.0,0.0,81.56552157208719,86.21107703882572,89.15206187384163,0,9,45,45,0,45,0,0,0,1200.0
800.0,400.0,894.4271909999159,26.56505117707799,0.0,1.0,0.0,1.0,0.0,158.0162093189056,174.17533100101522,184.5210518358998,0,9,45,45,0,45,0,0,0,1500.0
900.0,400.0,984.8857801796105,23.962488974578186,0.0,1.0,0.0,1.0,0.0,61.96503673808362,63.58115968417879,64.2527466044493,0,9,45,45,0,45,0,0,0,300.0
900.0,400.0,984.8857801796105,23.962488974578186,0.0,1.0,0.0,1.0,0.0,42.965022547147726,43.61835829164767,43.987408075547094,0,9,45,45,0,45,0,0,0,600.0
900.0,400.0,984.8857801796105,23.962488974578186,0.0,1.0,1.0,0.4222222222222222,0.4222222222222222,34.39073715588818,34.841389781134986,34.84472930386695,0,9,45,45,45,19,19,26,0,900.0
900.0,400.0,984.8857801796105,23.962488974578186,0.0,1.0,0.0,1.0,0.0,67.82338091478064,70.74510842789194,72.6077413378925,0,9,45,45,0,45,0,0,0,1200.0
900.0,400.0,984.8857801796105,23.962488974578186,0.0,1.0,0.0,1.0,0.0,134.98363349861037,147.30413392488737,154.7977370232859,0,9,45,45,0,45,0,0,0,1500.0
1000.0,400.0,1077.0329614269008,21.80140948635181,0.0,1.0,0.0,1.0,0.0,75.76085120488682,78.07994294531551,78.97969238233318,0,9,45,45,0,45,0,0,0,300.0
1000.0,400.0,1077.0329614269008,21.80140948635181,0.0,1.0,0.0,1.0,0.0,53.15732967901884,54.24920399721032,54.87490928801758,0,9,45,45,0,45,0,0,0,600.0
1000.0,400.0,1077.0329614269008,21.80140948635181,1.0,1.0,1.0,1.0,1.0,38.745972645684134,38.928025195156636,39.02647152390944,9,9,45,45,45,45,45,0,0,900.0
1000.0,400.0,1077.0329614269008,21.80140948635181,0.0,1.0,0.0,1.0,0.0,56.872078816388,58.50153775828608,59.57425778766756,0,9,45,45,0,45,0,0,0,1200.0
1000.0,400.0,1077.0329614269008,21.80140948635181,0.0,1.0,0.0,1.0,0.0,114.25788243164378,123.27148585574693,128.51382853507587,0,9,45,45,0,45,0,0,0,1500.0
1100.0,400.0,1170.4699910719626,19.98310652189998,0.0,1.0,0.0,1.0,0.0,91.3407239959372,94.55608911507427,95.71540043305095,0,9,45,45,0,45,0,0,0,300.0
1100.0,400.0,1170.4699910719626,19.98310652189998,0.0,1.0,0.0,1.0,0.0,65.39000709819699,67.06014396436056,68.00912464729089,0,9,45,45,0,45,0,0,0,600.0
1100.0,400.0,1170.4699910719626,19.98310652189998,0.0,1.0,0.0,1.0,0.0,45.670361997968705,46.170988441284834,46.48607668291774,0,9,45,45,0,45,0,0,0,900.0
1100.0,400.0,1170.4699910719626,19.98310652189998,0.0,1.0,0.0,1.0,0.0,48.966784188840876,49.795837499799006,50.250955988337275,0,9,45,45,0,45,0,0,0,1200.0
1100.0,400.0,1170.4699910719626,19.98310652189998,0.0,1.0,0.0,1.0,0.0,96.02485950547968,102.2385725820665,105.74782698879557,0,9,45,45,0,45,0,0,0,1500.0
1200.0,400.0,1264.9110640673518,18.43494882292201,0.0,1.0,0.0,1.0,0.0,108.69386477558172,113.02529505895707,114.47618115597831,0,9,45,45,0,45,0,0,0,300.0
1200.0,400.0,1264.9110640673518,18.43494882292201,0.0,1.0,0.0,1.0,0.0,79.58309697704016,81.99012503538805,83.33210264785295,0,9,45,45,0,45,0,0,0,600.0
1200.0,400.0,1264.9110640673518,18.43494882292201,0.0,1.0,0.0,1.0,0.0,55.180949386719334,56.15744855543039,56.79585885007405,0,9,45,45,0,45,0,0,0,900.0
1200.0,400.0,1264.9110640673518,18.43494882292201,0.0,1.0,0.0,0.4222222222222222,0.0,44.168557270021296,44.637013660731,44.64164207111274,0,9,45,45,0,19,0,0,0,1200.0
1200.0,400.0,1264.9110640673518,18.43494882292201,0.0,1.0,0.0,1.0,0.0,80.55664394680956,84.46602664693921,86.68395917888836,0,9,45,45,0,45,0,0,0,1500.0
1300.0,400.0,1360.1470508735442,17.102728969052375,0.0,1.0,0.0,1.0,0.0,127.81270650860056,133.50690110267692,135.28214954940972,0,9,45,45,0,45,0,0,0,300.0
1300.0,400.0,1360.1470508735442,17.102728969052375,0.0,1.0,0.0,1.0,0.0,95.67571469816156,98.99620714688714,100.807998305142,0,9,45,45,0,45,0,0,0,600.0
1300.0,400.0,1360.1470508735442,17.102728969052375,0.0,1.0,0.0,1.0,0.0,67.130522263164,68.74518040012393,69.80755148420063,0,9,45,45,0,45,0,0,0,900.0
1300.0,400.0,1360.1470508735442,17.102728969052375,0.0,1.0,0.0,1.0,0.0,48.92997049993912,49.18229852835903,49.33340807706553,0,9,45,45,0,45,0,0,0,1200.0
1300.0,400.0,1360.1470508735442,17.102728969052375,0.0,1.0,0.0,1.0,0.0,68.2139557171266,70.32485047185179,71.62411082693161,0,9,45,45,0,45,0,0,0,1500.0
1400.0,400.0,1456.0219778561036,15.945395900922854,0.0,1.0,0.0,1.0,0.0,148.69192590477203,156.02295244777852,158.15621382638443,0,9,45,45,0,45,0,0,0,300.0
1400.0,400.0,1456.0219778561036,15.945395900922854,0.0,1.0,0.0,1.0,0.0,113.62452914283759,118.02618645325322,120.42035010259465,0,9,45,45,0,45,0,0,0,600.0
1400.0,400.0,1456.0219778561036,15.945395900922854,0.0,1.0,0.0,1.0,0.0,81.34278383330829,83.7631582677451,85.35182392581683,0,9,45,45,0,45,0,0,0,900.0
1400.0,400.0,1456.0219778561036,15.945395900922854,0.0,1.0,0.0,1.0,0.0,56.812264571418666,57.52511464616459,58.0086834688862,0,9,45,45,0,45,0,0,0,1200.0
1400.0,400.0,1456.0219778561036,15.945395900922854,0.0,1.0,0.0,1.0,0.0,59.37382486906336,60.3322677674928,60.913837158005016,0,9,45,45,0,45,0,0,0,1500.0
1500.0,400.0,1552.4174696260025,14.931417178137554,0.0,1.0,0.0,1.0,0.0,171.32773963698358,180.59752212068858,183.12336317701653,0,9,45,45,0,45,0,0,0,300.0
1500.0,400.0,1552.4174696260025,14.931417178137554,0.0,1.0,0.0,1.0,0.0,133.39930317013548,139.08433745866012,142.1669359839388,0,9,45,45,0,45,0,0,0,600.0
1500.0,400.0,1552.4174696260025,14.931417178137554,0.0,1.0,0.0,1.0,0.0,97.67183918593607,101.07822323266552,103.299952067118,0,9,45,45,0,45,0,0,0,900.0
1500.0,400.0,1552.4174696260025,14.931417178137554,0.0,1.0,0.0,1.0,0.0,67.7232354526468,69.17343012286793,70.08918155667068,0,9,45,45,0,45,0,0,0,1200.0
1500.0,400.0,1552.4174696260025,14.931417178137554,0.0,1.0,0.0,0.4222222222222222,0.0,54.20762604882513,54.68565604800621,54.69156351798912,0,9,45,45,0,19,0,0,0,1500.0
1600.0,400.0,1649.2422502470642,14.036243467926479,0.0,1.0,0.0,1.0,0.0,195.71742299617503,207.25624918680586,210.21018937890076,0,9,45,45,0,45,0,0,0,300.0
1600.0,400.0,1649.2422502470642,14.036243467926479,0.0,1.0,0.0,1.0,0.0,154.9789161083951,162.16833155338878,166.05546242181637,0,9,45,45,0,45,0,0,0,600.0
1600.0,400.0,1649.2422502470642,14.036243467926479,0.0,1.0,0.0,1.0,0.0,116.01130252898147,120.60645639490372,123.56912636127379,0,9,45,45,0,45,0,0,0,900.0
1600.0,400.0,1649.2422502470642,14.036243467926479,0.0,1.0,0.0,1.0,0.0,81.39891457063855,83.7923397312148,85.28224250926495,0,9,45,45,0,45,0,0,0,1200.0
1600.0,400.0,1649.2422502470642,14.036243467926479,0.0,1.0,0.0,1.0,0.0,59.32914439425175,59.6603286919377,59.879982408857366,0,9,45,45,0,45,0,0,0,1500.0
1700.0,400.0,1746.424919657298,13.240519915187205,0.0,1.0,0.0,1.0,0.0,221.858985478223,236.0260303681672,239.4445709346126,0,9,45,45,0,45,0,0,0,300.0
1700.0,400.0,1746.424919657298,13.240519915187205,0.0,1.0,0.0,1.0,0.0,178.3484649965867,187.31147630815337,192.10051595251596,0,9,45,45,0,45,0,0,0,600.0
1700.0,400.0,1746.424919657298,13.240519915187205,0.0,1.0,0.0,1.0,0.0,136.28689140500694,142.3186329211458,146.1121095438028,0,9,45,45,0,45,0,0,0,900.0
1700.0,400.0,1746.424919657298,13.240519915187205,0.0,1.0,0.0,1.0,0.0,97.56656622035297,101.0742705410834,103.30597043933557,0,9,45,45,0,45,0,0,0,1200.0
1700.0,400.0,1746.424919657298,13.240519915187205,0.0,1.0,0.0,1.0,0.0,68.14344570250354,69.17146384717343,69.80496507012361,0,9,45,45,0,45,0,0,0,1500.0
1800.0,400.0,1843.9088914585775,12.528807709151511,0.0,1.0,0.0,1.0,0.0,249.75095201895786,266.93481564651455,270.85546568354346,0,9,45,45,0,45,0,0,0,300.0
1800.0,400.0,1843.9088914585775,12.528807709151511,0.0,1.0,0.0,1.0,0.0,203.4972864265961,214.54853017355998,220.32152383270457,0,9,45,45,0,45,0,0,0,600.0
1800.0,400.0,1843.9088914585775,12.528807709151511,0.0,1.0,0.0,1.0,0.0,158.44717419280923,166.1692752715079,170.90640547943707,0,9,45,45,0,45,0,0,0,900.0
1800.0,400.0,1843.9088914585775,12.528807709151511,0.0,1.0,0.0,1.0,0.0,116.01130252898264,120.79367003458302,123.95547587928318,0,9,45,45,0,45,0,0,0,1200.0
1800.0,400.0,1843.9088914585775,12.528807709151511,0.0,1.0,0.0,1.0,0.0,80.43936534646306,82.54053105648578,83.72249138456581,0,9,45,45,0,45,0,0,0,1500.0
-500.0,500.0,707.1067811865476,135.0,0.0,1.0,0.0,1.0,0.0,79.87855978472261,86.00744210948008,87.9968699304459,0,9,45,45,0,45,0,0,0,300.0
-500.0,500.0,707.1067811865476,135.0,0.0,1.0,0.0,1.0,0.0,150.46561070879144,165.2890955959363,173.12933678172672,0,9,45,45,0,45,0,0,0,600.0
-500.0,500.0,707.1067811865476,135.0,0.0,1.0,0.0,1.0,0.0,246.80692198547376,278.76291797348716,297.20507518169865,0,9,45,45,0,45,0,0,0,900.0
-500.0,500.0,707.1067811865476,135.0,0.0,1.0,0.0,1.0,0.0,369.5116210459243,429.9886283779436,466.62060555235723,0,9,45,45,0,45,0,0,0,1200.0
-500.0,500.0,707.1067811865476,135.0,0.0,1.0,0.0,1.0,0.0,519.3352336636692,622.6137138623659,689.1936861126043,0,9,45,45,0,45,0,0,0,1500.0
-400.0,500.0,640.3124237432849,128.6598082540901,0.0,1.0,0.0,1.0,0.0,67.34617198197621,71.85986451747783,73.39430150053165,0,9,45,45,0,45,0,0,0,300.0
-400.0,500.0,640.3124237432849,128.6598082540901,0.0,1.0,0.0,1.0,0.0,131.57053356927017,143.35270379392284,149.69176322557772,0,9,45,45,0,45,0,0,0,600.0
-400.0,500.0,640.3124237432849,128.6598082540901,0.0,1.0,0.0,1.0,0.0,221.3554567033614,248.07895503756637,263.4799209923297,0,9,45,45,0,45,0,0,0,900.0
-400.0,500.0,640.3124237432849,128.6598082540901,0.0,1.0,0.0,1.0,0.0,337.30608640397566,389.25531352609727,420.8893631332681,0,9,45,45,0,45,0,0,0,1200.0
-400.0,500.0,640.3124237432849,128.6598082540901,0.0,1.0,0.0,1.0,0.0,480.14874413353533,570.5215745562535,629.3601658015522,0,9,45,45,0,45,0,0,0,1500.0
-300.0,500.0,583.09518948453,120.96375653207352,0.0,1.0,0.0,1.0,0.0,56.27103149680261,59.52375482196193,60.66758482174559,0,9,45,45,0,45,0,0,0,300.0
-300.0,500.0,583.09518948453,120.96375653207352,0.0,1.0,0.0,1.0,0.0,114.17484250512679,123.41274014543154,128.4400550415935,0,9,45,45,0,45,0,0,0,600.0
-300.0,500.0,583.09518948453,120.96375653207352,0.0,1.0,0.0,1.0,0.0,197.4395269759412,219.56328078401427,232.29744783957344,0,9,45,45,0,45,0,0,0,900.0
-300.0,500.0,583.09518948453,120.96375653207352,0.0,1.0,0.0,1.0,0.0,306.6822625855118,350.8741604121351,378.13781368706555,0,9,45,45,0,45,0,0,0,1200.0
-300.0,500.0,583.09518948453,120.96375653207352,0.0,1.0,0.0,1.0,0.0,442.6045954643301,521.2829215799744,573.0514656081223,0,9,45,45,0,45,0,0,0,1500.0
-200.0,500.0,538.5164807134504,111.80140948635182,0.0,1.0,0.0,1.0,0.0,46.65658783678293,48.94980432073247,49.764734656127715,0,9,45,45,0,45,0,0,0,300.0
-200.0,500.0,538.5164807134504,111.80140948635182,0.0,1.0,0.0,1.0,0.0,98.28287196383788,105.42843909835656,109.31262337560513,0,9,45,45,0,45,0,0,0,600.0
-200.0,500.0,538.5164807134504,111.80140948635182,0.0,1.0,0.0,1.0,0.0,175.05676398116762,193.12729350597928,203.57549138508975,0,9,45,45,0,45,0,0,0,900.0
-200.0,500.0,538.5164807134504,111.80140948635182,0.0,1.0,0.0,1.0,0.0,277.6309620945748,314.92869809340306,338.25850269422443,0,9,45,45,0,45,0,0,0,1200.0
-200.0,500.0,538.5164807134504,111.80140948635182,0.0,1.0,0.0,1.0,0.0,406.68752617357444,474.8033729014543,520.1291566779593,0,9,45,45,0,45,0,0,0,1500.0
-100.0,500.0,509.9019513592785,101.30993247402021,0.3333333333333333,1.0,0.8666666666666667,1.0,0.8666666666666667,38.50760649330347,40.09210987819924,40.637267782301336,3,9,45,45,39,45,39,0,0,300.0
-100.0,500.0,509.9019513592785,101.30993247402021,0.0,1.0,0.0,1.0,0.0,83.90433624626495,89.31847755617906,92.25599701094474,0,9,45,45,0,45,0,0,0,600.0
-100.0,500.0,509.9019513592785,101.30993247402021,0.0,1.0,0.0,1.0,0.0,154.20891952172323,168.71588880200864,177.23956570968875,0,9,45,45,0,45,0,0,0,900.0
-100.0,500.0,509.9019513592785,101.30993247402021,0.0,1.0,0.0,1.0,0.0,250.1458842165754,281.3493148310495,301.1516615483492,0,9,45,45,0,45,0,0,0,1200.0
-100.0,500.0,509.9019513592785,101.30993247402021,0.0,1.0,0.0,1.0,0.0,372.384478101488,430.9945703682189,470.463576938373,0,9,45,45,0,45,0,0,0,1500.0
0.0,500.0,500.0,90.0,1.0,1.0,1.0,1.0,1.0,31.826361302952265,32.90445852740784,33.23638329179574,9,9,45,45,45,45,45,0,0,300.0
0.0,500.0,500.0,90.0,0.0,1.0,0.0,1.0,0.0,71.05557210307444,75.06027586329142,77.22600360321347,0,9,45,45,0,45,0,0,0,600.0
0.0,500.0,500.0,90.0,0.0,1.0,0.0,1.0,0.0,134.90300646514387,146.37547437233624,153.22378933516052,0,9,45,45,0,45,0,0,0,900.0
0.0,500.0,500.0,90.0,0.0,1.0,0.0,1.0,0.0,224.2242158821721,250.07262805025374,266.725467490791,0,9,45,45,0,45,0,0,0,1200.0
0.0,500.0,500.0,90.0,0.0,1.0,0.0,1.0,0.0,339.684889956754,389.77420448779844,423.9336387562636,0,9,45,45,0,45,0,0,0,1500.0
100.0,500.0,509.9019513592785,78.69006752597979,1.0,1.0,1.0,1.0,1.0,26.603947211817115,27.3318235186266,27.504177691853812,9,9,45,45,45,45,45,0,0,300.0
100.0,500.0,509.9019513592785,78.69006752597979,0.0,1.0,0.0,1.0,0.0,59.76046052272131,62.64033809931033,64.1887258806807,0,9,45,45,0,45,0,0,0,600.0
100.0,500.0,509.9019513592785,78.69006752597979,0.0,1.0,0.0,1.0,0.0,117.15286698842881,126.07008868181299,131.47229268156082,0,9,45,45,0,45,0,0,0,900.0
100.0,500.0,509.9019513592785,78.69006752597979,0.0,1.0,0.0,1.0,0.0,199.86747377884345,221.04214292362659,234.89657900579715,0,9,45,45,0,45,0,0,0,1200.0
100.0,500.0,509.9019513592785,78.69006752597979,0.0,1.0,0.0,1.0,0.0,308.58110428552675,351.0661727359147,380.4267891202319,0,9,45,45,0,45,0,0,0,1500.0
200.0,500.0,538.5164807134504,68.19859051364818,1.0,1.0,1.0,1.0,1.0,22.806168372154136,23.296385264656195,23.359136003904457,9,9,45,45,45,45,45,0,0,300.0
200.0,500.0,538.5164807134504,68.19859051364818,0.0,1.0,0.0,1.0,0.0,50.049697418865726,52.053628321325874,53.11990962977414,0,9,45,45,0,45,0,0,0,600.0
200.0,500.0,538.5164807134504,68.19859051364818,0.0,1.0,0.0,1.0,0.0,100.98125715718562,107.77465493218767,111.94122375967643,0,9,45,45,0,45,0,0,0,900.0
200.0,500.0,538.5164807134504,68.19859051364818,0.0,1.0,0.0,1.0,0.0,177.0826870202099,194.20927260433507,205.5910520124326,0,9,45,45,0,45,0,0,0,1200.0
200.0,500.0,538.5164807134504,68.19859051364818,0.0,1.0,0.0,1.0,0.0,279.0689325760386,314.8277387303264,339.8391652295351,0,9,45,45,0,45,0,0,0,1500.0
300.0,500.0,583.09518948453,59.03624346792648,0.0,1.0,1.0,0.4222222222222222,0.4222222222222222,20.361719841170576,20.68504534061487,20.685698131985593,0,9,45,45,45,19,19,26,0,300.0
300.0,500.0,583.09518948453,59.03624346792648,0.0,1.0,0.0,1.0,0.0,41.955295820504084,43.29818778812502,43.999600177157056,0,9,45,45,0,45,0,0,0,600.0
300.0,500.0,583.09518948453,59.03624346792648,0.0,1.0,0.0,1.0,0.0,86.4224092559431,91.47754168666057,94.60136079887732,0,9,45,45,0,45,0,0,0,900.0
300.0,500.0,583.09518948453,59.03624346792648,0.0,1.0,0.0,1.0,0.0,155.88405625711437,169.5626628004539,178.74578646922245,0,9,45,45,0,45,0,0,0,1200.0
300.0,500.0,583.09518948453,59.03624346792648,0.0,1.0,0.0,1.0,0.0,251.14844301366935,281.09221216467074,302.0760102259818,0,9,45,45,0,45,0,0,0,1500.0
400.0,500.0,640.3124237432849,51.34019174590991,1.0,1.0,1.0,1.0,1.0,22.789130843572853,22.871459849888836,22.883102712963446,9,9,45,45,45,45,45,0,0,300.0
400.0,500.0,640.3124237432849,51.34019174590991,1.0,1.0,1.0,1.0,1.0,35.49473415576328,36.37551503961724,36.79600849739852,9,9,45,45,45,45,45,0,0,600.0
400.0,500.0,640.3124237432849,51.34019174590991,0.0,1.0,0.0,1.0,0.0,73.52459840954613,77.18322478067618,79.44092090887477,0,9,45,45,0,45,0,0,0,900.0
400.0,500.0,640.3124237432849,51.34019174590991,0.0,1.0,0.0,1.0,0.0,136.29526139865055,147.0668728096263,154.31070329760414,0,9,45,45,0,45,0,0,0,1200.0
400.0,500.0,640.3124237432849,51.34019174590991,0.0,1.0,0.0,1.0,0.0,224.82506395752404,249.6330260103497,267.0524459286854,0,9,45,45,0,45,0,0,0,1500.0
500.0,500.0,707.1067811865476,45.0,1.0,1.0,1.0,1.0,1.0,26.578664839509102,26.765593058414908,26.811769945606745,9,9,45,45,45,45,45,0,0,300.0
500.0,500.0,707.1067811865476,45.0,1.0,1.0,1.0,1.0,1.0,30.63941330338099,31.26893201618708,31.432510793579038,9,9,45,45,45,45,45,0,0,600.0
500.0,500.0,707.1067811865476,45.0,0.0,1.0,0.0,1.0,0.0,62.35107013485644,64.9134273800567,66.46694655169698,0,9,45,45,0,45,0,0,0,900.0
500.0,500.0,707.1067811865476,45.0,0.0,1.0,0.0,1.0,0.0,118.35259544675769,126.66140363532395,132.25188124364792,0,9,45,45,0,45,0,0,0,1200.0
500.0,500.0,707.1067811865476,45.0,0.0,1.0,0.0,1.0,0.0,200.1111362478944,220.41211010782803,234.6947459861784,0,9,45,45,0,45,0,0,0,1500.0
600.0,500.0,781.0249675906655,39.80557109226519,1.0,1.0,1.0,1.0,1.0,31.787292307223804,32.119423079735014,32.22394689240776,9,9,45,45,45,45,45,0,0,300.0
600.0,500.0,781.0249675906655,39.80557109226519,0.0,1.0,1.0,0.4222222222222222,0.4222222222222222,27.27275339970942,27.747637806939558,27.749523395043937,0,9,45,45,45,19,19,26,0,600.0
600.0,500.0,781.0249675906655,39.80557109226519,0.0,1.0,0.0,1.0,0.0,52.97511287100113,54.70244866529273,55.700834496779365,0,9,45,45,0,45,0,0,0,900.0
600.0,500.0,781.0249675906655,39.80557109226519,0.0,1.0,0.0,1.0,0.0,102.10898329644498,108.35821497204262,112.55580204065862,0,9,45,45,0,45,0,0,0,1200.0
600.0,500.0,781.0249675906655,39.80557109226519,0.0,1.0,0.0,1.0,0.0,177.02809999144176,193.40253969522203,204.9423175537615,0,9,45,45,0,45,0,0,0,1500.0
700.0,500.0,860.2325267042627,35.53767779197438,1.0,1.0,1.0,1.0,1.0,38.44651222593126,38.98051016355894,39.16618698849257,9,9,45,45,45,45,45,0,0,300.0
700.0,500.0,860.2325267042627,35.53767779197438,1.0,1.0,1.0,1.0,1.0,30.61622870341221,30.72551357620024,30.757237177553822,9,9,45,45,45,45,45,0,0,600.0
700.0,500.0,860.2325267042627,35.53767779197438,0.0,1.0,0.0,1.0,0.0,45.461027057532014,46.57189477590524,47.15880999846224,0,9,45,45,0,45,0,0,0,900.0
700.0,500.0,860.2325267042627,35.53767779197438,0.0,1.0,0.0,1.0,0.0,87.63845603822237,92.19269350550601,95.23440118689241,0,9,45,45,0,45,0,0,0,1200.0
700.0,500.0,860.2325267042627,35.53767779197438,0.0,1.0,0.0,1.0,0.0,155.6095595707872,168.6792612662311,177.75068028360718,0,9,45,45,0,45,0,0,0,1500.0
800.0,500.0,943.3981132056604,32.005383208083494,0.0,1.0,0.0,1.0,0.0,46.5617361011855,47.37057340539893,47.658808126780706,0,9,45,45,0,45,0,0,0,300.0
800.0,500.0,943.3981132056604,32.005383208083494,1.0,1.0,1.0,1.0,1.0,35.460361756173775,35.707860467432575,35.82932031520463,9,9,45,45,45,45,45,0,0,600.0
800.0,500.0,943.3981132056604,32.005383208083494,0.0,1.0,0.6,1.0,0.6,39.82124048134129,40.52523528906973,40.80561814417644,0,9,45,45,27,45,27,0,0,900.0
800.0,500.0,943.3981132056604,32.005383208083494,0.0,1.0,0.0,1.0,0.0,75.0392361606145,78.2272905073489,80.329162872341,0,9,45,45,0,45,0,0,0,1200.0
800.0,500.0,943.3981132056604,32.005383208083494,0.0,1.0,0.0,1.0,0.0,135.90550134833072,146.21264873396842,153.0958025246789,0,9,45,45,0,45,0,0,0,1500.0
900.0,500.0,1029.5630140987,29.054604099077146,0.0,1.0,0.0,1.0,0.0,56.126377078832455,57.299353003348365,57.71051412907958,0,9,45,45,0,45,0,0,0,300.0
900.0,500.0,1029.5630140987,29.054604099077146,0.0,1.0,0.0,1.0,0.0,41.90265591485415,42.36518443265244,42.60761671303543,0,9,45,45,0,45,0,0,0,600.0
900.0,500.0,1029.5630140987,29.054604099077146,0.0,1.0,1.0,0.4222222222222222,0.4222222222222222,35.951005892503424,36.489868734633056,36.49306587268148,0,9,45,45,45,19,19,26,0,900.0
900.0,500.0,1029.5630140987,29.054604099077146,0.0,1.0,0.0,1.0,0.0,64.43030717538116,66.54870712224664,67.90881379430422,0,9,45,45,0,45,0,0,0,1200.0
900.0,500.0,1029.5630140987,29.054604099077146,0.0,1.0,0.0,1.0,0.0,117.98783526953571,125.87913923840262,130.98011626392815,0,9,45,45,0,45,0,0,0,1500.0
1000.0,500.0,1118.033988749895,26.56505117707799,0.0,1.0,0.0,1.0,0.0,67.13052226316317,68.77327431270707,69.32718738300221,0,9,45,45,0,45,0,0,0,300.0
1000.0,500.0,1118.033988749895,26.56505117707799,0.0,1.0,0.0,1.0,0.0,49.96847489848152,50.72764030169123,51.1299989807055,0,9,45,45,0,45,0,0,0,600.0
1000.0,500.0,1118.033988749895,26.56505117707799,1.0,1.0,1.0,1.0,1.0,39.79154848852015,39.93188112730997,39.994610539870045,9,9,45,45,45,45,45,0,0,900.0
1000.0,500.0,1118.033988749895,26.56505117707799,0.0,1.0,0.0,1.0,0.0,55.930818805566894,57.26573806660349,58.048323683883545,0,9,45,45,0,45,0,0,0,1200.0
1000.0,500.0,1118.033988749895,26.56505117707799,0.0,1.0,0.0,1.0,0.0,101.95690196510894,107.76384629853223,111.44007734230203,0,9,45,45,0,45,0,0,0,1500.0
1100.0,500.0,1208.3045973594571,24.443954780416536,0.0,1.0,0.0,1.0,0.0,79.564729527403,81.79930434390235,82.51563735689578,0,9,45,45,0,45,0,0,0,300.0
1100.0,500.0,1208.3045973594571,24.443954780416536,0.0,1.0,0.0,1.0,0.0,59.63628610717315,60.77861619530748,61.38693862538584,0,9,45,45,0,45,0,0,0,600.0
1100.0,500.0,1208.3045973594571,24.443954780416536,0.0,1.0,0.0,1.0,0.0,45.417642386861246,45.774638183903676,45.966732711472545,0,9,45,45,0,45,0,0,0,900.0
1100.0,500.0,1208.3045973594571,24.443954780416536,0.0,1.0,0.0,1.0,0.0,49.60840607710853,50.38598247934888,50.77147452439335,0,9,45,45,0,45,0,0,0,1200.0
1100.0,500.0,1208.3045973594571,24.443954780416536,0.0,1.0,0.0,1.0,0.0,87.94694572036016,91.99044870481082,94.55346358540787,0,9,45,45,0,45,0,0,0,1500.0
1200.0,500.0,1300.0,22.619864948040426,0.0,1.0,0.0,1.0,0.0,93.42120064044194,96.3861850728322,97.28470078315236,0,9,45,45,0,45,0,0,0,300.0
1200.0,500.0,1300.0,22.619864948040426,0.0,1.0,0.0,1.0,0.0,70.86918353060359,72.49046675035727,73.35481484353735,0,9,45,45,0,45,0,0,0,600.0
1200.0,500.0,1300.0,22.619864948040426,0.0,1.0,0.0,1.0,0.0,52.909294470914546,53.57411484989436,53.967601312395246,0,9,45,45,0,45,0,0,0,900.0
1200.0,500.0,1300.0,22.619864948040426,0.0,1.0,0.0,0.4222222222222222,0.0,45.39398996277541,45.96311576766023,45.96761394302465,0,9,45,45,0,19,0,0,0,1200.0
1200.0,500.0,1300.0,22.619864948040426,0.0,1.0,0.0,1.0,0.0,76.1436344062259,78.72162763241614,80.44006028203637,0,9,45,45,0,45,0,0,0,1500.0
1300.0,500.0,1392.838827718412,21.037511025421818,0.0,1.0,0.0,1.0,0.0,108.69386477558146,112.54456122960133,113.64527105123703,0,9,45,45,0,45,0,0,0,300.0
1300.0,500.0,1392.838827718412,21.037511025421818,0.0,1.0,0.0,1.0,0.0,83.63072936422651,85.83684419687191,87.01195876370615,0,9,45,45,0,45,0,0,0,600.0
1300.0,500.0,1392.838827718412,21.037511025421818,0.0,1.0,0.0,1.0,0.0,62.25037226130954,63.327157394792,63.9871424741956,0,9,45,45,0,45,0,0,0,900.0
1300.0,500.0,1392.838827718412,21.037511025421818,0.0,1.0,0.0,1.0,0.0,49.57234363341303,49.75347638229232,49.850455711632,0,9,45,45,0,45,0,0,0,1200.0
1300.0,500.0,1392.838827718412,21.037511025421818,0.0,1.0,0.0,1.0,0.0,66.66731347665701,68.23823665927746,69.24029087657323,0,9,45,45,0,45,0,0,0,1500.0
1400.0,500.0,1486.6068747318504,19.65382405805331,0.0,1.0,0.0,1.0,0.0,125.3781115797404,130.2867430291468,131.60999898121395,0,9,45,45,0,45,0,0,0,300.0
1400.0,500.0,1486.6068747318504,19.65382405805331,0.0,1.0,0.0,1.0,0.0,97.8904443135459,100.7980022736869,102.34381724158975,0,9,45,45,0,45,0,0,0,600.0
1400.0,500.0,1486.6068747318504,19.65382405805331,0.0,1.0,0.0,1.0,0.0,73.37199006288729,74.97297424201797,75.96254755118012,0,9,45,45,0,45,0,0,0,900.0
1400.0,500.0,1486.6068747318504,19.65382405805331,0.0,1.0,0.0,1.0,0.0,55.878442864464965,56.35681899241011,56.65109831673041,0,9,45,45,0,45,0,0,0,1200.0
1400.0,500.0,1486.6068747318504,19.65382405805331,0.0,1.0,0.0,1.0,0.0,59.703952362392755,60.58661696607379,61.04745056151111,0,9,45,45,0,45,0,0,0,1500.0
1500.0,500.0,1581.1388300841897,18.43494882292201,0.0,1.0,0.0,1.0,0.0,143.47046840547077,149.62640304492754,151.1929532535699,0,9,45,45,0,45,0,0,0,300.0
1500.0,500.0,1581.1388300841897,18.43494882292201,0.0,1.0,0.0,1.0,0.0,113.62452914283747,117.3613207072168,119.34333076852253,0,9,45,45,0,45,0,0,0,600.0
1500.0,500.0,1581.1388300841897,18.43494882292201,0.0,1.0,0.0,1.0,0.0,86.19539841276939,88.44321365438248,89.82449028780066,0,9,45,45,0,45,0,0,0,900.0
1500.0,500.0,1581.1388300841897,18.43494882292201,0.0,1.0,0.0,1.0,0.0,64.35149227717068,65.2566384222908,65.84933168340274,0,9,45,45,0,45,0,0,0,1200.0
1500.0,500.0,1581.1388300841897,18.43494882292201,0.0,1.0,0.0,0.4222222222222222,0.0,55.210696587526606,55.796267075913676,55.802052588890945,0,9,45,45,0,19,0,0,0,1500.0
1600.0,500.0,1676.305461424021,17.35402463626132,0.0,1.0,0.0,1.0,0.0,162.9683184768998,170.57830783830423,172.4093312768218,0,9,45,45,0,45,0,0,0,300.0
1600.0,500.0,1676.305461424021,17.35402463626132,0.0,1.0,0.0,1.0,0.0,130.8149338750538,135.53600618490748,138.00976568694497,0,9,45,45,0,45,0,0,0,600.0
1600.0,500.0,1676.305461424021,17.35402463626132,0.0,1.0,0.0,1.0,0.0,100.65101976355112,103.67990311839213,105.51613829340175,0,9,45,45,0,45,0,0,0,900.0
1600.0,500.0,1676.305461424021,17.35402463626132,0.0,1.0,0.0,1.0,0.0,74.91939262509432,76.39094856447493,77.3683239929691,0,9,45,45,0,45,0,0,0,1200.0
1600.0,500.0,1676.305461424021,17.35402463626132,0.0,1.0,0.0,1.0,0.0,59.66078913612203,59.897344499185685,60.027508496955434,0,9,45,45,0,45,0,0,0,1500.0
1700.0,500.0,1772.004514666935,16.389540334034784,0.0,1.0,0.0,1.0,0.0,183.86968008334458,193.15810698125236,195.27523658988218,0,9,45,45,0,45,0,0,0,300.0
1700.0,500.0,1772.004514666935,16.389540334034784,0.0,1.0,0.0,1.0,0.0,149.44810463074796,155.32859470554507,158.34732035354824,0,9,45,45,0,45,0,0,0,600.0
1700.0,500.0,1772.004514666935,16.389540334034784,0.0,1.0,0.0,1.0,0.0,116.68337622725163,120.64007352374409,122.99712849436915,0,9,45,45,0,45,0,0,0,900.0
1700.0,500.0,1772.004514666935,16.389540334034784,0.0,1.0,0.0,1.0,0.0,87.45788806135137,89.63139558244987,91.08060874504497,0,9,45,45,0,45,0,0,0,1200.0
1700.0,500.0,1772.004514666935,16.389540334034784,0.0,1.0,0.0,1.0,0.0,66.62087160140446,67.2308027776998,67.64632198184941,0,9,45,45,0,45,0,0,0,1500.0
1800.0,500.0,1868.1541692269404,15.524110996754258,0.0,1.0,0.0,1.0,0.0,206.1730413174018,217.3821755385122,219.8075149397091,0,9,45,45,0,45,0,0,0,300.0
1800.0,500.0,1868.1541692269404,15.524110996754258,0.0,1.0,0.0,1.0,0.0,169.51386469861782,176.73160231263975,180.36392880951382,0,9,45,45,0,45,0,0,0,600.0
1800.0,500.0,1868.1541692269404,15.524110996754258,0.0,1.0,0.0,1.0,0.0,134.25015805432923,139.2945312070479,142.24178577292753,0,9,45,45,0,45,0,0,0,900.0
1800.0,500.0,1868.1541692269404,15.524110996754258,0.0,1.0,0.0,1.0,0.0,101.84196975569685,104.85734376574605,106.86477453667247,0,9,45,45,0,45,0,0,0,1200.0
1800.0,500.0,1868.1541692269404,15.524110996754258,0.0,1.0,0.0,1.0,0.0,76.05919678674991,77.25439734728215,78.05901655997873,0,9,45,45,0,45,0,0,0,1500.0
-500.0,600.0,781.0249675906655,129.8055710922652,0.0,1.0,0.0,1.0,0.0,73.09806775928118,77.88452039295572,79.24890998950214,0,9,45,45,0,45,0,0,0,300.0
-500.0,600.0,781.0249675906655,129.8055710922652,0.0,1.0,0.0,1.0,0.0,132.04298146121013,142.85872106015486,148.32888324312765,0,9,45,45,0,45,0,0,0,600.0
-500.0,600.0,781.0249675906655,129.8055710922652,0.0,1.0,0.0,1.0,0.0,212.18363013445662,234.69498662310025,247.33070429285985,0,9,45,45,0,45,0,0,0,900.0
-500.0,600.0,781.0249675906655,129.8055710922652,0.0,1.0,0.0,1.0,0.0,313.88437210498114,355.69491656080754,380.19648272837844,0,9,45,45,0,45,0,0,0,1200.0
-500.0,600.0,781.0249675906655,129.8055710922652,0.0,1.0,0.0,1.0,0.0,437.6067730979001,508.1680197394238,551.5641298657997,0,9,45,45,0,45,0,0,0,1500.0
-400.0,600.0,721.1102550927978,123.69006752597979,0.0,1.0,0.0,1.0,0.0,62.69237178290936,66.30984276258023,67.366581579746,0,9,45,45,0,45,0,0,0,300.0
-400.0,600.0,721.1102550927978,123.69006752597979,0.0,1.0,0.0,1.0,0.0,116.40613203343511,125.09833499022125,129.55341744202025,0,9,45,45,0,45,0,0,0,600.0
-400.0,600.0,721.1102550927978,123.69006752597979,0.0,1.0,0.0,1.0,0.0,191.17171265672397,210.1022311129518,220.71994659171665,0,9,45,45,0,45,0,0,0,900.0
-400.0,600.0,721.1102550927978,123.69006752597979,0.0,1.0,0.0,1.0,0.0,287.3673199008778,323.530824603149,344.694959601978,0,9,45,45,0,45,0,0,0,1200.0
-400.0,600.0,721.1102550927978,123.69006752597979,0.0,1.0,0.0,1.0,0.0,405.4487992309319,467.4314815798576,505.9489845552992,0,9,45,45,0,45,0,0,0,1500.0
-300.0,600.0,670.820393249937,116.56505117707799,0.0,1.0,0.0,1.0,0.0,53.49376065858815,56.18469465255748,56.97615212682957,0,9,45,45,0,45,0,0,0,300.0
-300.0,600.0,670.820393249937,116.56505117707799,0.0,1.0,0.0,1.0,0.0,102.01135855554134,108.90307352821401,112.4786259408424,0,9,45,45,0,45,0,0,0,600.0
-300.0,600.0,670.820393249937,116.56505117707799,0.0,1.0,0.0,1.0,0.0,171.42393924200817,187.19381902166185,196.03212783972222,0,9,45,45,0,45,0,0,0,900.0
-300.0,600.0,670.820393249937,116.56505117707799,0.0,1.0,0.0,1.0,0.0,262.1384958521145,293.09139307303,311.3742969504539,0,9,45,45,0,45,0,0,0,1200.0
-300.0,600.0,670.820393249937,116.56505117707799,0.0,1.0,0.0,1.0,0.0,374.6104748554737,428.78724067042947,462.8225094380641,0,9,45,45,0,45,0,0,0,1500.0
-200.0,600.0,632.4555320336759,108.43494882292202,0.0,1.0,0.0,1.0,0.0,45.50350322618917,47.475200569694024,48.04223652616848,0,9,45,45,0,45,0,0,0,300.0
-200.0,600.0,632.4555320336759,108.43494882292202,0.0,1.0,0.0,1.0,0.0,88.8645663410314,94.24769490718849,97.06833427491165,0,9,45,45,0,45,0,0,0,600.0
-200.0,600.0,632.4555320336759,108.43494882292202,0.0,1.0,0.0,1.0,0.0,152.94298190610832,165.94178520118305,173.22093254726684,0,9,45,45,0,45,0,0,0,900.0
-200.0,600.0,632.4555320336759,108.43494882292202,0.0,1.0,0.0,1.0,0.0,238.19600643019137,264.4597776142751,280.1749400477303,0,9,45,45,0,45,0,0,0,1200.0
-200.0,600.0,632.4555320336759,108.43494882292202,0.0,1.0,0.0,1.0,0.0,345.0857436317489,392.18316482351395,422.10996472614886,0,9,45,45,0,45,0,0,0,1500.0
-100.0,600.0,608.276253029822,99.46232220802563,0.2222222222222222,1.0,0.8444444444444444,1.0,0.8444444444444444,38.72165228078413,40.14747104326486,40.529423665808466,2,9,45,45,38,45,38,0,0,300.0
-100.0,600.0,608.276253029822,99.46232220802563,0.0,1.0,0.0,1.0,0.0,76.97485189101708,81.1111252922005,83.29101900047777,0,9,45,45,0,45,0,0,0,600.0
-100.0,600.0,608.276253029822,99.46232220802563,0.0,1.0,0.0,1.0,0.0,135.7347028732547,146.32230763524757,152.2449813060966,0,9,45,45,0,45,0,0,0,900.0
-100.0,600.0,608.276253029822,99.46232220802563,0.0,1.0,0.0,1.0,0.0,215.54030643932174,237.6414029728524,251.04187358772023,0,9,45,45,0,45,0,0,0,1200.0
-100.0,600.0,608.276253029822,99.46232220802563,0.0,1.0,0.0,1.0,0.0,316.8702707935052,357.5705587312797,383.74114796137354,0,9,45,45,0,45,0,0,0,1500.0
0.0,600.0,600.0,90.0,1.0,1.0,1.0,1.0,1.0,33.1439039342227,34.16450948134252,34.39909809186534,9,9,45,45,45,45,45,0,0,300.0
0.0,600.0,600.0,90.0,0.0,1.0,0.0,1.0,0.0,66.35457354661803,69.47653716423241,71.1198896881462,0,9,45,45,0,45,0,0,0,600.0
0.0,600.0,600.0,90.0,0.0,1.0,0.0,1.0,0.0,119.80890383010016,128.28010735600017,133.06852400382022,0,9,45,45,0,45,0,0,0,900.0
0.0,600.0,600.0,90.0,0.0,1.0,0.0,1.0,0.0,194.1747162372492,212.60211766816747,223.92502225977418,0,9,45,45,0,45,0,0,0,1200.0
0.0,600.0,600.0,90.0,0.0,1.0,0.0,1.0,0.0,289.96173734512394,324.9043593558936,347.6505199949692,0,9,45,45,0,45,0,0,0,1500.0
100.0,600.0,608.276253029822,80.53767779197439,1.0,1.0,1.0,1.0,1.0,28.756656668620604,29.48129498749843,29.60437958430389,9,9,45,45,45,45,45,0,0,300.0
100.0,600.0,608.276253029822,80.53767779197439,0.0,1.0,0.0,1.0,0.0,57.018579349285865,59.3306128165609,60.53215996661441,0,9,45,45,0,45,0,0,0,600.0
100.0,600.0,608.276253029822,80.53767779197439,0.0,1.0,0.0,1.0,0.0,105.18021483338482,111.854927298482,115.66230790721075,0,9,45,45,0,45,0,0,0,900.0
100.0,600.0,608.276253029822,80.53767779197439,0.0,1.0,0.0,1.0,0.0,174.10610459597933,189.31257007700998,198.7798359471105,0,9,45,45,0,45,0,0,0,1200.0
100.0,600.0,608.276253029822,80.53767779197439,0.0,1.0,0.0,1.0,0.0,264.3602295551616,294.1434340176857,313.77744009138087,0,9,45,45,0,45,0,0,0,1500.0
200.0,600.0,632.4555320336759,71.56505117707799,1.0,1.0,1.0,1.0,1.0,25.531735951860192,26.039373551345005,26.08458010844154,9,9,45,45,45,45,45,0,0,300.0
200.0,600.0,632.4555320336759,71.56505117707799,0.0,1.0,0.0,1.0,0.0,48.98155246943588,50.66094861520649,51.506435935876425,0,9,45,45,0,45,0,0,0,600.0
200.0,600.0,632.4555320336759,71.56505117707799,0.0,1.0,0.0,1.0,0.0,91.86902500989012,97.04001996066641,100.0045369819181,0,9,45,45,0,45,0,0,0,900.0
200.0,600.0,632.4555320336759,71.56505117707799,0.0,1.0,0.0,1.0,0.0,155.34578158072728,167.7490514902862,175.5681111302501,0,9,45,45,0,45,0,0,0,1200.0
200.0,600.0,632.4555320336759,71.56505117707799,0.0,1.0,0.0,1.0,0.0,240.06875572247486,265.25101387584107,282.06654379971826,0,9,45,45,0,45,0,0,0,1500.0
300.0,600.0,670.820393249937,63.43494882292201,0.0,1.0,1.0,0.4222222222222222,0.4222222222222222,23.425205766800737,23.764944543589976,23.765520187218637,0,9,45,45,45,19,19,26,0,300.0
300.0,600.0,670.820393249937,63.43494882292201,0.0,1.0,0.0,1.0,0.0,42.25183830076486,43.45061388681585,44.016486864832466,0,9,45,45,0,45,0,0,0,600.0
300.0,600.0,670.820393249937,63.43494882292201,0.0,1.0,0.0,1.0,0.0,79.90215834249909,83.83238412469977,86.08163925187154,0,9,45,45,0,45,0,0,0,900.0
300.0,600.0,670.820393249937,63.43494882292201,0.0,1.0,0.0,1.0,0.0,137.91064244407065,147.89460922661468,154.25910159860376,0,9,45,45,0,45,0,0,0,1200.0
300.0,600.0,670.820393249937,63.43494882292201,0.0,1.0,0.0,1.0,0.0,217.1111289967835,238.20326686850245,252.46830938797606,0,9,45,45,0,45,0,0,0,1500.0
400.0,600.0,721.1102550927978,56.309932474020215,1.0,1.0,1.0,1.0,1.0,25.513523919509808,25.591203672501933,25.59899002030591,9,9,45,45,45,45,45,0,0,300.0
400.0,600.0,721.1102550927978,56.309932474020215,1.0,1.0,1.0,1.0,1.0,36.82009695881313,37.7111638820552,38.01955913247982,9,9,45,45,45,45,45,0,0,600.0
400.0,600.0,721.1102550927978,56.309932474020215,0.0,1.0,0.0,1.0,0.0,69.3125829959861,72.23637284629936,73.88812561401373,0,9,45,45,0,45,0,0,0,900.0
400.0,600.0,721.1102550927978,56.309932474020215,0.0,1.0,0.0,1.0,0.0,121.82457401687344,129.74045012923708,134.83094899152238,0,9,45,45,0,45,0,0,0,1200.0
400.0,600.0,721.1102550927978,56.309932474020215,0.0,1.0,0.0,1.0,0.0,195.44689504550144,213.03335809009513,224.9398735969835,0,9,45,45,0,45,0,0,0,1500.0
500.0,600.0,781.0249675906655,50.19442890773481,1.0,1.0,1.0,1.0,1.0,28.731799470922812,28.901707634209885,28.93209824047436,9,9,45,45,45,45,45,0,0,300.0
500.0,600.0,781.0249675906655,50.19442890773481,1.0,1.0,1.0,1.0,1.0,32.643368063672135,33.318612434865784,33.43969135864421,9,9,45,45,45,45,45,0,0,600.0
500.0,600.0,781.0249675906655,50.19442890773481,0.0,1.0,0.0,1.0,0.0,60.13669644737165,62.261074071101305,63.42401045934372,0,9,45,45,0,45,0,0,0,900.0
500.0,600.0,781.0249675906655,50.19442890773481,0.0,1.0,0.0,1.0,0.0,107.1200414378093,113.28756480736574,117.27237765064369,0,9,45,45,0,45,0,0,0,1200.0
500.0,600.0,781.0249675906655,50.19442890773481,0.0,1.0,0.0,1.0,0.0,175.14449590978978,189.62661549441242,199.44617339005646,0,9,45,45,0,45,0,0,0,1500.0
600.0,600.0,848.5281374238571,45.0,1.0,1.0,1.0,1.0,1.0,33.10856963203193,33.39911554312681,33.46785056299757,9,9,45,45,45,45,45,0,0,300.0
600.0,600.0,848.5281374238571,45.0,0.0,1.0,1.0,0.4222222222222222,0.4222222222222222,29.630116644275144,30.156081235139286,30.157826836412898,0,9,45,45,45,19,19,26,0,600.0
600.0,600.0,848.5281374238571,45.0,0.0,1.0,0.0,1.0,0.0,52.40670989856484,53.89914762128309,54.687087803828526,0,9,45,45,0,45,0,0,0,900.0
600.0,600.0,848.5281374238571,45.0,0.0,1.0,0.0,1.0,0.0,93.84748659095524,98.5517338697532,101.58436412695372,0,9,45,45,0,45,0,0,0,1200.0
600.0,600.0,848.5281374238571,45.0,0.0,1.0,0.0,1.0,0.0,156.21086025448378,167.97684027961725,175.96150053754698,0,9,45,45,0,45,0,0,0,1500.0
700.0,600.0,921.9544457292888,40.60129464500447,1.0,1.0,1.0,1.0,1.0,38.670434176327085,39.12084702445977,39.243520491546676,9,9,45,45,45,45,45,0,0,300.0
700.0,600.0,921.9544457292888,40.60129464500447,1.0,1.0,1.0,1.0,1.0,32.61957049936233,32.71804973131003,32.73819265942561,9,9,45,45,45,45,45,0,0,600.0
700.0,600.0,921.9544457292888,40.60129464500447,0.0,1.0,0.0,1.0,0.0,46.135148442603395,47.15459014464954,47.65662658091757,0,9,45,45,0,45,0,0,0,900.0
700.0,600.0,921.9544457292888,40.60129464500447,0.0,1.0,0.0,1.0,0.0,82.03606595607654,85.54683392457082,87.78094954508036,0,9,45,45,0,45,0,0,0,1200.0
700.0,600.0,921.9544457292888,40.60129464500447,0.0,1.0,0.0,1.0,0.0,138.6793383203382,148.0882027276287,154.47154156556797,0,9,45,45,0,45,0,0,0,1500.0
800.0,600.0,1000.0,36.86989764584402,0.0,1.0,0.0,1.0,0.0,45.42896380166943,46.08955357359727,46.281145699131244,0,9,45,45,0,45,0,0,0,300.0
800.0,600.0,1000.0,36.86989764584402,1.0,1.0,1.0,1.0,1.0,36.7872995911461,37.00148004275895,37.080194652002255,9,9,45,45,45,45,45,0,0,600.0
800.0,600.0,1000.0,36.86989764584402,0.0,1.0,0.0,1.0,0.0,41.29073539706054,42.05795022760718,42.26734149094469,0,9,45,45,0,45,0,0,0,900.0
800.0,600.0,1000.0,36.86989764584402,0.0,1.0,0.0,1.0,0.0,71.77085541649622,74.31736781708915,75.88728357341793,0,9,45,45,0,45,0,0,0,1200.0
800.0,600.0,1000.0,36.86989764584402,0.0,1.0,0.0,1.0,0.0,122.59479755582812,129.97765779487867,134.97589055412533,0,9,45,45,0,45,0,0,0,1500.0
900.0,600.0,1081.6653826391969,33.690067525979785,0.0,1.0,0.0,1.0,0.0,53.38596441018592,54.3182179207604,54.593073607913944,0,9,45,45,0,45,0,0,0,300.0
900.0,600.0,1081.6653826391969,33.690067525979785,0.0,1.0,0.0,1.0,0.0,42.20531065521893,42.569868785351694,42.74521471000247,0,9,45,45,0,45,0,0,0,600.0
900.0,600.0,1081.6653826391969,33.690067525979785,0.0,1.0,1.0,0.4222222222222222,0.4222222222222222,37.77056849537338,38.38651896033046,38.38956832151601,0,9,45,45,45,19,19,26,0,900.0
900.0,600.0,1081.6653826391969,33.690067525979785,0.0,1.0,0.0,1.0,0.0,63.105107366963445,64.89558312545759,65.93128869789825,0,9,45,45,0,45,0,0,0,1200.0
900.0,600.0,1081.6653826391969,33.690067525979785,0.0,1.0,0.0,1.0,0.0,108.01593072554407,113.67747544126911,117.49076259227992,0,9,45,45,0,45,0,0,0,1500.0
1000.0,600.0,1166.19037896906,30.96375653207352,0.0,1.0,0.0,1.0,0.0,62.53840930494897,63.81502779550105,64.18703132136109,0,9,45,45,0,45,0,0,0,300.0
1000.0,600.0,1166.19037896906,30.96375653207352,0.0,1.0,0.0,1.0,0.0,48.914660041924385,49.49170740605719,49.784417594096674,0,9,45,45,0,45,0,0,0,600.0
1000.0,600.0,1166.19037896906,30.96375653207352,0.0,1.0,0.0,1.0,0.0,41.26085562976855,41.384372278496095,41.42304342139803,0,9,45,45,0,45,0,0,0,900.0
1000.0,600.0,1166.19037896906,30.96375653207352,0.0,1.0,0.0,1.0,0.0,56.08156959332426,57.28944861628843,57.92388991743653,0,9,45,45,0,45,0,0,0,1200.0
1000.0,600.0,1166.19037896906,30.96375653207352,0.0,1.0,0.0,1.0,0.0,95.01665253487771,99.23696556800118,102.05099526597593,0,9,45,45,0,45,0,0,0,1500.0
1100.0,600.0,1252.9964086141667,28.61045966596522,0.0,1.0,0.0,1.0,0.0,72.88157338445941,74.58651087561616,75.06929091915895,0,9,45,45,0,45,0,0,0,300.0
1100.0,600.0,1252.9964086141667,28.61045966596522,0.0,1.0,0.0,1.0,0.0,56.92402495035908,57.77240495363836,58.213952107233155,0,9,45,45,0,45,0,0,0,600.0
1100.0,600.0,1252.9964086141667,28.61045966596522,0.0,1.0,0.0,1.0,0.0,46.09435427031946,46.36808173984949,46.50819204990575,0,9,45,45,0,45,0,0,0,900.0
1100.0,600.0,1252.9964086141667,28.61045966596522,0.0,1.0,0.0,1.0,0.0,50.69394040696202,51.51931259737442,51.82486238895579,0,9,45,45,0,45,0,0,0,1200.0
1100.0,600.0,1252.9964086141667,28.61045966596522,0.0,1.0,0.0,1.0,0.0,83.68448341928692,86.72121396874198,88.7090829303222,0,9,45,45,0,45,0,0,0,1500.0
1200.0,600.0,1341.640786499874,26.56505117707799,0.0,1.0,0.0,1.0,0.0,84.41062131043758,86.63914428787652,87.24624304410592,0,9,45,45,0,45,0,0,0,300.0
1200.0,600.0,1341.640786499874,26.56505117707799,0.0,1.0,0.0,1.0,0.0,66.22722519594855,67.4101419408021,68.03194933532434,0,9,45,45,0,45,0,0,0,600.0
1200.0,600.0,1341.640786499874,26.56505117707799,0.0,1.0,0.0,1.0,0.0,52.34924505375174,52.853939548731525,53.123060214533474,0,9,45,45,0,45,0,0,0,900.0
1200.0,600.0,1341.640786499874,26.56505117707799,0.0,1.0,0.0,0.4222222222222222,0.0,46.848222021542284,47.50977832840592,47.51413746476848,0,9,45,45,0,19,0,0,0,1200.0
1200.0,600.0,1341.640786499874,26.56505117707799,0.0,1.0,0.0,1.0,0.0,74.11921320580936,76.20261126522036,77.52673645090705,0,9,45,45,0,45,0,0,0,1500.0
1300.0,600.0,1431.7821063276353,24.77514056883192,0.0,1.0,0.0,1.0,0.0,97.12125779727602,99.98002807459054,100.72502280361583,0,9,45,45,0,45,0,0,0,300.0
1300.0,600.0,1431.7821063276353,24.77514056883192,0.0,1.0,0.0,1.0,0.0,76.78335442002553,78.39056040624887,79.23030361724412,0,9,45,45,0,45,0,0,0,600.0
1300.0,600.0,1431.7821063276353,24.77514056883192,0.0,1.0,0.0,1.0,0.0,60.05463280106929,60.857377954063935,61.304619299691986,0,9,45,45,0,45,0,0,0,900.0
1300.0,600.0,1431.7821063276353,24.77514056883192,0.0,1.0,0.0,1.0,0.0,50.657727801437964,50.808092373542095,50.87215571791163,0,9,45,45,0,45,0,0,0,1200.0
1300.0,600.0,1431.7821063276353,24.77514056883192,0.0,1.0,0.0,1.0,0.0,66.37613365318774,67.76900911393322,68.552205124038,0,9,45,45,0,45,0,0,0,1500.0
1400.0,600.0,1523.1546211727816,23.19859051364819,0.0,1.0,0.0,1.0,0.0,111.00990529888234,114.61708180598282,115.51366682482754,0,9,45,45,0,45,0,0,0,300.0
1400.0,600.0,1523.1546211727816,23.19859051364819,0.0,1.0,0.0,1.0,0.0,88.59554946503116,90.7082707840745,91.80088469375957,0,9,45,45,0,45,0,0,0,600.0
1400.0,600.0,1523.1546211727816,23.19859051364819,0.0,1.0,0.0,1.0,0.0,69.19533614960366,70.3729778728561,71.04390214277532,0,9,45,45,0,45,0,0,0,900.0
1400.0,600.0,1523.1546211727816,23.19859051364819,0.0,1.0,0.0,1.0,0.0,56.0327453727219,56.397609969546394,56.594240225161364,0,9,45,45,0,45,0,0,0,1200.0
1400.0,600.0,1523.1546211727816,23.19859051364819,0.0,1.0,0.0,1.0,0.0,60.501584868530315,61.370423369627474,61.77836526914378,0,9,45,45,0,45,0,0,0,1500.0
1500.0,600.0,1615.5494421403512,21.80140948635181,0.0,1.0,0.0,1.0,0.0,126.07367708862448,130.55903166413407,131.62107220820195,0,9,45,45,0,45,0,0,0,300.0
1500.0,600.0,1615.5494421403512,21.80140948635181,0.0,1.0,0.0,1.0,0.0,101.64384799642565,104.35478272856668,105.73808669452285,0,9,45,45,0,45,0,0,0,600.0
1500.0,600.0,1615.5494421403512,21.80140948635181,0.0,1.0,0.0,1.0,0.0,79.73599451852814,81.37380599581542,82.31236393202609,0,9,45,45,0,45,0,0,0,900.0
1500.0,600.0,1615.5494421403512,21.80140948635181,0.0,1.0,0.0,1.0,0.0,63.036838544312815,63.70030272870842,64.09721900376317,0,9,45,45,0,45,0,0,0,1200.0
1500.0,600.0,1615.5494421403512,21.80140948635181,0.0,1.0,0.0,0.4222222222222222,0.0,56.4124413286714,57.09948739134738,57.1051436284055,0,9,45,45,0,19,0,0,0,1500.0
1600.0,600.0,1708.8007490635061,20.556045219583467,0.0,1.0,0.0,1.0,0.0,142.31027889347632,147.81532214419178,149.05688961937562,0,9,45,45,0,45,0,0,0,300.0
1600.0,600.0,1708.8007490635061,20.556045219583467,0.0,1.0,0.0,1.0,0.0,115.91210515938538,119.3247427410025,121.03947794480092,0,9,45,45,0,45,0,0,0,600.0
1600.0,600.0,1708.8007490635061,20.556045219583467,0.0,1.0,0.0,1.0,0.0,91.63656517215388,93.82764469772057,95.07815950315076,0,9,45,45,0,45,0,0,0,900.0
1600.0,600.0,1708.8007490635061,20.556045219583467,0.0,1.0,0.0,1.0,0.0,71.67389581255087,72.72662739253339,73.38841818075201,0,9,45,45,0,45,0,0,0,1200.0
1600.0,600.0,1708.8007490635061,20.556045219583467,0.0,1.0,0.0,1.0,0.0,60.45889442980916,60.640279568625914,60.73356359418306,0,9,45,45,0,45,0,0,0,1500.0
1700.0,600.0,1802.7756377319947,19.44003482817619,0.0,1.0,0.0,1.0,0.0,159.717898187038,166.3960126500956,167.8314080215699,0,9,45,45,0,45,0,0,0,300.0
1700.0,600.0,1802.7756377319947,19.44003482817619,0.0,1.0,0.0,1.0,0.0,131.38912493708,135.616099654376,137.70563300669744,0,9,45,45,0,45,0,0,0,600.0
1700.0,600.0,1802.7756377319947,19.44003482817619,0.0,1.0,0.0,1.0,0.0,104.85993737396153,107.7056922676943,109.31371732370204,0,9,45,45,0,45,0,0,0,900.0
1700.0,600.0,1802.7756377319947,19.44003482817619,0.0,1.0,0.0,1.0,0.0,81.9155061691695,83.43757828476762,84.42347907161842,0,9,45,45,0,45,0,0,0,1200.0
1700.0,600.0,1802.7756377319947,19.44003482817619,0.0,1.0,0.0,1.0,0.0,66.31924748086642,66.77977478664505,67.05480170774095,0,9,45,45,0,45,0,0,0,1500.0
1800.0,600.0,1897.3665961010277,18.43494882292201,0.0,1.0,0.0,1.0,0.0,178.29510399697926,186.31168277876156,187.95545254916038,0,9,45,45,0,45,0,0,0,300.0
1800.0,600.0,1897.3665961010277,18.43494882292201,0.0,1.0,0.0,1.0,0.0,148.0660246700161,153.22923517988482,155.7396925452258,0,9,45,45,0,45,0,0,0,600.0
1800.0,600.0,1897.3665961010277,18.43494882292201,0.0,1.0,0.0,1.0,0.0,119.3746454655606,122.98518755308224,124.99815397177932,0,9,45,45,0,45,0,0,0,900.0
1800.0,600.0,1897.3665961010277,18.43494882292201,0.0,1.0,0.0,1.0,0.0,93.6559057015276,95.77352999788215,97.14068215620614,0,9,45,45,0,45,0,0,0,1200.0
1800.0,600.0,1897.3665961010277,18.43494882292201,0.0,1.0,0.0,1.0,0.0,74.04159645805655,74.88081181424238,75.43323361982426,0,9,45,45,0,45,0,0,0,1500.0
-500.0,700.0,860.2325267042627,125.53767779197437,0.0,1.0,0.0,1.0,0.0,69.26542535468695,73.25432709702666,74.25050109652848,0,9,45,45,0,45,0,0,0,300.0
-500.0,700.0,860.2325267042627,125.53767779197437,0.0,1.0,0.0,1.0,0.0,119.97251135577102,128.47577017305517,132.5170084046018,0,9,45,45,0,45,0,0,0,600.0
-500.0,700.0,860.2325267042627,125.53767779197437,0.0,1.0,0.0,1.0,0.0,188.6999368201536,205.67718340304785,215.00448257937597,0,9,45,45,0,45,0,0,0,900.0
-500.0,700.0,860.2325267042627,125.53767779197437,0.0,1.0,0.0,1.0,0.0,275.67371208760386,306.6554255546305,324.3714619792331,0,9,45,45,0,45,0,0,0,1200.0
-500.0,700.0,860.2325267042627,125.53767779197437,0.0,1.0,0.0,1.0,0.0,381.20912856583305,432.991976733428,463.6884946747043,0,9,45,45,0,45,0,0,0,1500.0
-400.0,700.0,806.2257748298549,119.74488129694222,0.0,1.0,0.0,1.0,0.0,60.366570940646355,63.45200661308791,64.22612237745254,0,9,45,45,0,45,0,0,0,300.0
-400.0,700.0,806.2257748298549,119.74488129694222,0.0,1.0,0.0,1.0,0.0,106.6387768479601,113.50260287378586,116.86269017498402,0,9,45,45,0,45,0,0,0,600.0
-400.0,700.0,806.2257748298549,119.74488129694222,0.0,1.0,0.0,1.0,0.0,170.81432401852348,185.16947416301764,193.0514426302016,0,9,45,45,0,45,0,0,0,900.0
-400.0,700.0,806.2257748298549,119.74488129694222,0.0,1.0,0.0,1.0,0.0,253.13720651177331,280.03187237061377,295.39870521931726,0,9,45,45,0,45,0,0,0,1200.0
-400.0,700.0,806.2257748298549,119.74488129694222,0.0,1.0,0.0,1.0,0.0,353.9287555179362,399.5640422936815,426.89399191877936,0,9,45,45,0,45,0,0,0,1500.0
-300.0,700.0,761.5773105863908,113.19859051364818,0.0,1.0,0.0,1.0,0.0,52.49639700432173,54.855000248227924,55.43698138890892,0,9,45,45,0,45,0,0,0,300.0
-300.0,700.0,761.5773105863908,113.19859051364818,0.0,1.0,0.0,1.0,0.0,94.3655382295053,99.8788766651054,102.59738964180328,0,9,45,45,0,45,0,0,0,600.0
-300.0,700.0,761.5773105863908,113.19859051364818,0.0,1.0,0.0,1.0,0.0,154.00624607669602,166.0391800975504,172.64127588577017,0,9,45,45,0,45,0,0,0,900.0
-300.0,700.0,761.5773105863908,113.19859051364818,0.0,1.0,0.0,1.0,0.0,231.69252592950016,254.8926978822886,268.1384848453697,0,9,45,45,0,45,0,0,0,1200.0
-300.0,700.0,761.5773105863908,113.19859051364818,0.0,1.0,0.0,1.0,0.0,327.7577647570807,367.7828039251092,392.00761333444416,0,9,45,45,0,45,0,0,0,1500.0
-200.0,700.0,728.0109889280518,105.94539590092286,0.0,1.0,0.0,1.0,0.0,45.65427234573577,47.43759423578477,47.856400524033,0,9,45,45,0,45,0,0,0,300.0
-200.0,700.0,728.0109889280518,105.94539590092286,0.0,1.0,0.0,1.0,0.0,83.15799981929416,87.53208033729535,89.69715953434559,0,9,45,45,0,45,0,0,0,600.0
-200.0,700.0,728.0109889280518,105.94539590092286,0.0,1.0,0.0,1.0,0.0,138.28016782641276,148.26972477999988,153.74536522871628,0,9,45,45,0,45,0,0,0,900.0
-200.0,700.0,728.0109889280518,105.94539590092286,0.0,1.0,0.0,1.0,0.0,211.34116005839144,231.1514746552832,242.55446437287034,0,9,45,45,0,45,0,0,0,1200.0
-200.0,700.0,728.0109889280518,105.94539590092286,0.0,1.0,0.0,1.0,0.0,302.6945912586888,337.61658401254897,358.9841942706538,0,9,45,45,0,45,0,0,0,1500.0
-100.0,700.0,707.1067811865476,98.13010235415598,0.0,1.0,0.5555555555555556,1.0,0.5555555555555556,39.83761051920508,41.172857556579785,41.456445014435666,0,9,45,45,25,45,25,0,0,300.0
-100.0,700.0,707.1067811865476,98.13010235415598,0.0,1.0,0.0,1.0,0.0,73.02288296230341,76.44770154512662,78.1404508969796,0,9,45,45,0,45,0,0,0,600.0
-100.0,700.0,707.1067811865476,98.13010235415598,0.0,1.0,0.0,1.0,0.0,123.64290750730005,131.84744181809023,136.33844796308915,0,9,45,45,0,45,0,0,0,900.0
-100.0,700.0,707.1067811865476,98.13010235415598,0.0,1.0,0.0,1.0,0.0,192.0865410329179,208.8523340201197,218.6134310993651,0,9,45,45,0,45,0,0,0,1200.0
-100.0,700.0,707.1067811865476,98.13010235415598,0.0,1.0,0.0,1.0,0.0,278.7391240545303,309.0360639954066,327.78146718831044,0,9,45,45,0,45,0,0,0,1500.0
0.0,700.0,700.0,90.0,1.0,1.0,1.0,1.0,1.0,35.03987674749848,36.030648548565644,36.20588260956435,9,9,45,45,45,45,45,0,0,300.0
0.0,700.0,700.0,90.0,0.0,1.0,0.0,1.0,0.0,63.96787194245685,66.61281026962578,67.9075739324591,0,9,45,45,0,45,0,0,0,600.0
0.0,700.0,700.0,90.0,0.0,1.0,0.0,1.0,0.0,110.10401850144008,116.76195672038286,120.39899100575641,0,9,45,45,0,45,0,0,0,900.0
0.0,700.0,700.0,90.0,0.0,1.0,0.0,1.0,0.0,173.93443924784737,188.00374238314467,196.2856508947328,0,9,45,45,0,45,0,0,0,1200.0
0.0,700.0,700.0,90.0,0.0,1.0,0.0,1.0,0.0,255.8929700940011,282.0145061174549,298.36025736927024,0,9,45,45,0,45,0,0,0,1500.0
100.0,700.0,707.1067811865476,81.86989764584403,1.0,1.0,1.0,1.0,1.0,31.248251609538485,31.975225970481507,32.067746632055005,9,9,45,45,45,45,45,0,0,300.0
100.0,700.0,707.1067811865476,81.86989764584403,0.0,1.0,0.0,1.0,0.0,56.00022853464032,58.01470038903677,58.97932805556696,0,9,45,45,0,45,0,0,0,600.0
100.0,700.0,707.1067811865476,81.86989764584403,0.0,1.0,0.0,1.0,0.0,97.67611650187192,103.00652722789424,105.90953241174768,0,9,45,45,0,45,0,0,0,900.0
100.0,700.0,707.1067811865476,81.86989764584403,0.0,1.0,0.0,1.0,0.0,156.89344967044454,168.5895557188942,175.54532717287444,0,9,45,45,0,45,0,0,0,1200.0
100.0,700.0,707.1067811865476,81.86989764584403,0.0,1.0,0.0,1.0,0.0,234.15979018526858,256.52805153858725,270.6847588013849,0,9,45,45,0,45,0,0,0,1500.0
200.0,700.0,728.0109889280518,74.05460409907715,1.0,1.0,1.0,1.0,1.0,28.44216749660185,28.963606431342942,28.997701804689516,9,9,45,45,45,45,45,0,0,300.0
200.0,700.0,728.0109889280518,74.05460409907715,0.0,1.0,0.0,1.0,0.0,49.12401057875428,50.66416736422222,51.33420670057208,0,9,45,45,0,45,0,0,0,600.0
200.0,700.0,728.0109889280518,74.05460409907715,0.0,1.0,0.0,1.0,0.0,86.3749874743926,90.57817954078426,92.85682739583646,0,9,45,45,0,45,0,0,0,900.0
200.0,700.0,728.0109889280518,74.05460409907715,0.0,1.0,0.0,1.0,0.0,140.97557022419292,150.5977366184074,156.37117091572884,0,9,45,45,0,45,0,0,0,1200.0
200.0,700.0,728.0109889280518,74.05460409907715,0.0,1.0,0.0,1.0,0.0,213.54572535297413,232.55611417241877,244.72291082654604,0,9,45,45,0,45,0,0,0,1500.0
300.0,700.0,761.5773105863908,66.80140948635182,0.0,1.0,1.0,0.4222222222222222,0.4222222222222222,26.594550083851562,26.946251630647403,26.946765945599534,0,9,45,45,45,19,19,26,0,300.0
300.0,700.0,761.5773105863908,66.80140948635182,0.0,1.0,0.0,1.0,0.0,43.33532170367981,44.51739738408503,44.94355037104091,0,9,45,45,0,45,0,0,0,600.0
300.0,700.0,761.5773105863908,66.80140948635182,0.0,1.0,0.0,1.0,0.0,76.21915179140709,79.47731337232338,81.23146913722748,0,9,45,45,0,45,0,0,0,900.0
300.0,700.0,761.5773105863908,66.80140948635182,0.0,1.0,0.0,1.0,0.0,126.19684923613035,134.0210042862227,138.7470659127186,0,9,45,45,0,45,0,0,0,1200.0
300.0,700.0,761.5773105863908,66.80140948635182,0.0,1.0,0.0,1.0,0.0,194.05993411228434,210.08189240816168,220.4468996915647,0,9,45,45,0,45,0,0,0,1500.0
400.0,700.0,806.2257748298549,60.25511870305778,1.0,1.0,1.0,1.0,1.0,28.422534634656852,28.497455034388288,28.503071248747652,9,9,45,45,45,45,45,0,0,300.0
400.0,700.0,806.2257748298549,60.25511870305778,1.0,1.0,1.0,1.0,1.0,38.61556355366812,39.5292665436037,39.76456294615728,9,9,45,45,45,45,45,0,0,600.0
400.0,700.0,806.2257748298549,60.25511870305778,0.0,1.0,0.0,1.0,0.0,67.22830961268575,69.70618609308397,71.02638317626622,0,9,45,45,0,45,0,0,0,900.0
400.0,700.0,806.2257748298549,60.25511870305778,0.0,1.0,0.0,1.0,0.0,112.5780242871151,118.85749369248148,122.66275984907575,0,9,45,45,0,45,0,0,0,1200.0
400.0,700.0,806.2257748298549,60.25511870305778,0.0,1.0,0.0,1.0,0.0,175.71526025699944,189.09302089450625,197.83381027388356,0,9,45,45,0,45,0,0,0,1500.0
500.0,700.0,860.2325267042627,54.46232220802562,1.0,1.0,1.0,1.0,1.0,31.22302081270101,31.382425563959778,31.403979006461704,9,9,45,45,45,45,45,0,0,300.0
500.0,700.0,860.2325267042627,54.46232220802562,1.0,1.0,1.0,1.0,1.0,34.92424507119616,35.63918704515026,35.732763963586535,9,9,45,45,45,45,45,0,0,600.0
500.0,700.0,860.2325267042627,54.46232220802562,0.0,1.0,0.0,1.0,0.0,59.41978541380787,61.26535396837974,62.23324449030387,0,9,45,45,0,45,0,0,0,900.0
500.0,700.0,860.2325267042627,54.46232220802562,0.0,1.0,0.0,1.0,0.0,100.1449647379126,105.11123984329048,108.11439925715277,0,9,45,45,0,45,0,0,0,1200.0
500.0,700.0,860.2325267042627,54.46232220802562,0.0,1.0,0.0,1.0,0.0,158.52904212529006,169.59446154544716,176.86644740986537,0,9,45,45,0,45,0,0,0,1500.0
600.0,700.0,921.9544457292888,49.398705354995535,1.0,1.0,1.0,1.0,1.0,35.00616887190578,35.27112721772562,35.31966101160469,9,9,45,45,45,45,45,0,0,300.0
600.0,700.0,921.9544457292888,49.398705354995535,0.0,1.0,1.0,0.4222222222222222,0.4222222222222222,32.19431184841846,32.76085229559028,32.76246927407014,0,9,45,45,45,19,19,26,0,600.0
600.0,700.0,921.9544457292888,49.398705354995535,0.0,1.0,0.0,1.0,0.0,52.80192581575244,54.15681212468051,54.83564433811001,0,9,45,45,0,45,0,0,0,900.0
600.0,700.0,921.9544457292888,49.398705354995535,0.0,1.0,0.0,1.0,0.0,88.92852790471866,92.7920960093764,95.10451090809232,0,9,45,45,0,45,0,0,0,1200.0
600.0,700.0,921.9544457292888,49.398705354995535,0.0,1.0,0.0,1.0,0.0,142.52404851893482,151.58349915759263,157.5343237677542,0,9,45,45,0,45,0,0,0,1500.0
700.0,700.0,989.9494936611666,45.0,0.0,1.0,0.7111111111111111,1.0,0.7111111111111111,39.79154848852051,40.190907972460394,40.27759339838701,0,9,45,45,32,45,32,0,0,300.0
700.0,700.0,989.9494936611666,45.0,1.0,1.0,1.0,1.0,1.0,34.89949670250062,34.99091477052649,35.00484481578053,9,9,45,45,45,45,45,0,0,600.0
700.0,700.0,989.9494936611666,45.0,0.0,1.0,0.0,1.0,0.0,47.36389949986225,48.39368677575879,48.79831185000307,0,9,45,45,0,45,0,0,0,900.0
700.0,700.0,989.9494936611666,45.0,0.0,1.0,0.0,1.0,0.0,78.96310933442352,81.91435088398637,83.64066567209784,0,9,45,45,0,45,0,0,0,1200.0
700.0,700.0,989.9494936611666,45.0,0.0,1.0,0.0,1.0,0.0,127.72946561563117,135.04158144299612,139.83475281767178,0,9,45,45,0,45,0,0,0,1500.0
800.0,700.0,1063.014581273465,41.18592516570965,0.0,1.0,0.0,1.0,0.0,45.59069423412997,46.16128634625457,46.297072492742956,0,9,45,45,0,45,0,0,0,300.0
800.0,700.0,1063.014581273465,41.18592516570965,1.0,1.0,1.0,1.0,1.0,38.58320322118721,38.77788596084069,38.83168004535232,9,9,45,45,45,45,45,0,0,600.0
800.0,700.0,1063.014581273465,41.18592516570965,0.0,1.0,0.0,1.0,0.0,43.06323863012949,43.889871285709745,44.05374999916188,0,9,45,45,0,45,0,0,0,900.0
800.0,700.0,1063.014581273465,41.18592516570965,0.0,1.0,0.0,1.0,0.0,70.28273373826734,72.49284518701751,73.73154892039295,0,9,45,45,0,45,0,0,0,1200.0
800.0,700.0,1063.014581273465,41.18592516570965,0.0,1.0,0.0,1.0,0.0,114.18173207477233,119.98603641641009,123.77385560909147,0,9,45,45,0,45,0,0,0,1500.0
900.0,700.0,1140.175425099138,37.874983651098205,0.0,1.0,0.0,1.0,0.0,52.40856433063372,53.195312642544636,53.39080546831667,0,9,45,45,0,45,0,0,0,300.0
900.0,700.0,1140.175425099138,37.874983651098205,0.0,1.0,0.0,1.0,0.0,43.29191497422117,43.61434646569531,43.73554440333809,0,9,45,45,0,45,0,0,0,600.0
900.0,700.0,1140.175425099138,37.874983651098205,0.0,1.0,0.6,0.4222222222222222,0.022222222222222223,39.81389142574433,40.49648708548695,40.49938836122307,0,9,45,45,27,19,1,26,0,900.0
900.0,700.0,1140.175425099138,37.874983651098205,0.0,1.0,0.0,1.0,0.0,62.9132160245545,64.5259232358913,65.37872820346456,0,9,45,45,0,45,0,0,0,1200.0
900.0,700.0,1140.175425099138,37.874983651098205,0.0,1.0,0.0,1.0,0.0,101.92477896636748,106.44265384764307,109.36703095068407,0,9,45,45,0,45,0,0,0,1500.0
1000.0,700.0,1220.6555615733703,34.99202019855866,0.0,1.0,0.0,1.0,0.0,60.24587216450507,61.30184666611552,61.56733545729265,0,9,45,45,0,45,0,0,0,300.0
1000.0,700.0,1220.6555615733703,34.99202019855866,0.0,1.0,0.0,1.0,0.0,49.064902075452245,49.54794041133795,49.763709821629384,0,9,45,45,0,45,0,0,0,600.0
1000.0,700.0,1220.6555615733703,34.99202019855866,0.0,1.0,0.0,1.0,0.0,43.03276583178906,43.14478314654973,43.170808217067815,0,9,45,45,0,45,0,0,0,900.0
1000.0,700.0,1220.6555615733703,34.99202019855866,0.0,1.0,0.0,1.0,0.0,56.85934321156054,58.00035890166551,58.562767152247275,0,9,45,45,0,45,0,0,0,1200.0
1000.0,700.0,1220.6555615733703,34.99202019855866,0.0,1.0,0.0,1.0,0.0,91.00882739094627,94.44461034482897,96.63797885968121,0,9,45,45,0,45,0,0,0,1500.0
1100.0,700.0,1303.8404810405298,32.47119229084849,0.0,1.0,0.0,1.0,0.0,69.10107541380602,70.48752858566671,70.83307420873405,0,9,45,45,0,45,0,0,0,300.0
1100.0,700.0,1303.8404810405298,32.47119229084849,0.0,1.0,0.0,1.0,0.0,55.91926371319245,56.60886542644863,56.94053955847773,0,9,45,45,0,45,0,0,0,600.0
1100.0,700.0,1303.8404810405298,32.47119229084849,0.0,1.0,0.0,1.0,0.0,47.32422596473839,47.56021001493252,47.66016848442396,0,9,45,45,0,45,0,0,0,900.0
1100.0,700.0,1303.8404810405298,32.47119229084849,0.0,1.0,0.0,1.0,0.0,52.08815387851914,52.984684278905746,53.22470252084725,0,9,45,45,0,45,0,0,0,1200.0
1100.0,700.0,1303.8404810405298,32.47119229084849,0.0,1.0,0.0,1.0,0.0,81.48634060163144,84.04240780449817,85.61468718979417,0,9,45,45,0,45,0,0,0,1500.0
1200.0,700.0,1389.2443989449805,30.256437163529263,0.0,1.0,0.0,1.0,0.0,78.97169409003445,80.75809823048901,81.1936303257361,0,9,45,45,0,45,0,0,0,300.0
1200.0,700.0,1389.2443989449805,30.256437163529263,0.0,1.0,0.0,1.0,0.0,63.85710729272201,64.80941037689696,65.27522007101358,0,9,45,45,0,45,0,0,0,600.0
1200.0,700.0,1389.2443989449805,30.256437163529263,0.0,1.0,0.0,1.0,0.0,52.7489446567485,53.15196602199332,53.35912115389749,0,9,45,45,0,45,0,0,0,900.0
1200.0,700.0,1389.2443989449805,30.256437163529263,0.0,1.0,0.0,0.4222222222222222,0.0,48.51068347832422,49.25623048682826,49.26044446635916,0,9,45,45,0,19,0,0,0,1200.0
1200.0,700.0,1389.2443989449805,30.256437163529263,0.0,1.0,0.0,1.0,0.0,73.40325775646198,75.26057058063392,76.32012439434881,0,9,45,45,0,45,0,0,0,1500.0
1300.0,700.0,1476.48230602334,28.30075576600638,0.0,1.0,0.0,1.0,0.0,89.85505304201078,92.11914641812228,92.65454671121219,0,9,45,45,0,45,0,0,0,300.0
1300.0,700.0,1476.48230602334,28.30075576600638,0.0,1.0,0.0,1.0,0.0,72.87228851616487,74.14364952882941,74.76884543366643,0,9,45,45,0,45,0,0,0,600.0
1300.0,700.0,1476.48230602334,28.30075576600638,0.0,1.0,0.0,1.0,0.0,59.34799466918956,59.98193929857784,60.31614171314428,0,9,45,45,0,45,0,0,0,900.0
1300.0,700.0,1476.48230602334,28.30075576600638,0.0,1.0,0.0,1.0,0.0,52.05163465440298,52.18627979218185,52.22868117509756,0,9,45,45,0,45,0,0,0,1200.0
1300.0,700.0,1476.48230602334,28.30075576600638,0.0,1.0,0.0,1.0,0.0,66.78397676402918,68.08016427093041,68.75557825834132,0,9,45,45,0,45,0,0,0,1500.0
1400.0,700.0,1565.2475842498527,26.56505117707799,0.0,1.0,0.0,1.0,0.0,101.74864321329801,104.57648632026384,105.22165251260904,0,9,45,45,0,45,0,0,0,300.0
1400.0,700.0,1565.2475842498527,26.56505117707799,0.0,1.0,0.0,1.0,0.0,82.95515665705491,84.6082216615703,85.4192992377088,0,9,45,45,0,45,0,0,0,600.0
1400.0,700.0,1565.2475842498527,26.56505117707799,0.0,1.0,0.0,1.0,0.0,67.1305222631633,68.05441402527387,68.54627194952221,0,9,45,45,0,45,0,0,0,900.0
1400.0,700.0,1565.2475842498527,26.56505117707799,0.0,1.0,0.0,1.0,0.0,56.81226457141882,57.10327018617512,57.25382349882236,0,9,45,45,0,45,0,0,0,1200.0
1400.0,700.0,1565.2475842498527,26.56505117707799,0.0,1.0,0.0,1.0,0.0,61.61089719573474,62.55636351522832,62.87722891081743,0,9,45,45,0,45,0,0,0,1500.0
1500.0,700.0,1655.294535724685,25.016893478100023,0.0,1.0,0.0,1.0,0.0,114.6502641843814,118.13630490714445,118.90119697660693,0,9,45,45,0,45,0,0,0,300.0
1500.0,700.0,1655.294535724685,25.016893478100023,0.0,1.0,0.0,1.0,0.0,94.09533254438732,96.19914062006052,97.22404598375161,0,9,45,45,0,45,0,0,0,600.0
1500.0,700.0,1655.294535724685,25.016893478100023,0.0,1.0,0.0,1.0,0.0,76.08619538009275,77.36180348447874,78.04480000187723,0,9,45,45,0,45,0,0,0,900.0
1500.0,700.0,1655.294535724685,25.016893478100023,0.0,1.0,0.0,1.0,0.0,62.85074096528219,63.37887964647419,63.662561306602264,0,9,45,45,0,45,0,0,0,1200.0
1500.0,700.0,1655.294535724685,25.016893478100023,0.0,1.0,0.0,0.4222222222222222,0.0,57.800473230130336,58.582467139726404,58.58798671318773,0,9,45,45,0,19,0,0,0,1500.0
1600.0,700.0,1746.424919657298,23.629377730656817,0.0,1.0,0.0,1.0,0.0,128.55805415528252,132.80520002962209,133.69987286031744,0,9,45,45,0,45,0,0,0,300.0
1600.0,700.0,1746.424919657298,23.629377730656817,0.0,1.0,0.0,1.0,0.0,106.28309133778093,108.91317304253005,110.18147716562764,0,9,45,45,0,45,0,0,0,600.0
1600.0,700.0,1746.424919657298,23.629377730656817,0.0,1.0,0.0,1.0,0.0,86.19539841276992,87.88879010480836,88.79814916030965,0,9,45,45,0,45,0,0,0,900.0
1600.0,700.0,1746.424919657298,23.629377730656817,0.0,1.0,0.0,1.0,0.0,70.19848216204949,71.01980864211293,71.49207057118794,0,9,45,45,0,45,0,0,0,1200.0
1600.0,700.0,1746.424919657298,23.629377730656817,0.0,1.0,0.0,1.0,0.0,61.568141723406605,61.72640497643546,61.78974422326833,0,9,45,45,0,45,0,0,0,1500.0
1700.0,700.0,1838.4776310850236,22.380135051959574,0.0,1.0,0.0,1.0,0.0,143.47046840547054,148.59016433031218,149.62479047832474,0,9,45,45,0,45,0,0,0,300.0
1700.0,700.0,1838.4776310850236,22.380135051959574,0.0,1.0,0.0,1.0,0.0,119.50991422903168,122.76389955670581,124.2914163948831,0,9,45,45,0,45,0,0,0,600.0
1700.0,700.0,1838.4776310850236,22.380135051959574,0.0,1.0,0.0,1.0,0.0,97.43583151430977,99.61773657584477,100.79070857074414,0,9,45,45,0,45,0,0,0,900.0
1700.0,700.0,1838.4776310850236,22.380135051959574,0.0,1.0,0.0,1.0,0.0,78.84884460820267,80.0346567267741,80.73914886795778,0,9,45,45,0,45,0,0,0,1200.0
1700.0,700.0,1838.4776310850236,22.380135051959574,0.0,1.0,0.0,1.0,0.0,66.7294290288875,67.09646310926283,67.29402548989563,0,9,45,45,0,45,0,0,0,1500.0
1800.0,700.0,1931.3207915827966,21.25050550713324,0.0,1.0,0.0,1.0,0.0,159.38623840982325,165.4985485238592,166.68343414798684,0,9,45,45,0,45,0,0,0,300.0
1800.0,700.0,1931.3207915827966,21.25050550713324,0.0,1.0,0.0,1.0,0.0,133.7686038350967,137.756419908663,139.5551944668748,0,9,45,45,0,45,0,0,0,600.0
1800.0,700.0,1931.3207915827966,21.25050550713324,0.0,1.0,0.0,1.0,0.0,109.78606417879092,112.53222913553496,114.00836700802203,0,9,45,45,0,45,0,0,0,900.0
1800.0,700.0,1931.3207915827966,21.25050550713324,0.0,1.0,0.0,1.0,0.0,88.77383928877126,90.39884057637731,91.37906518898146,0,9,45,45,0,45,0,0,0,1200.0
1800.0,700.0,1931.3207915827966,21.25050550713324,0.0,1.0,0.0,1.0,0.0,73.33132573864975,73.98841027109538,74.37963245147161,0,9,45,45,0,45,0,0,0,1500.0
-500.0,800.0,943.3981132056604,122.0053832080835,0.0,1.0,0.0,1.0,0.0,67.26409563632558,70.74177866824061,71.5025276476735,0,9,45,45,0,45,0,0,0,300.0
-500.0,800.0,943.3981132056604,122.0053832080835,0.0,1.0,0.0,1.0,0.0,111.83261503035504,118.93227158153579,121.99628318215305,0,9,45,45,0,45,0,0,0,600.0
-500.0,800.0,943.3981132056604,122.0053832080835,0.0,1.0,0.0,1.0,0.0,172.08590219546159,185.58661588370222,192.80589418950035,0,9,45,45,0,45,0,0,0,900.0
-500.0,800.0,943.3981132056604,122.0053832080835,0.0,1.0,0.0,1.0,0.0,248.1549330926651,272.29117107245537,285.82613933055296,0,9,45,45,0,45,0,0,0,1200.0
-500.0,800.0,943.3981132056604,122.0053832080835,0.0,1.0,0.0,1.0,0.0,340.27120348487284,380.14604953023957,403.2428010057376,0,9,45,45,0,45,0,0,0,1500.0
-400.0,800.0,894.4271909999159,116.56505117707799,0.0,1.0,0.0,1.0,0.0,59.48787369093264,62.23297856312131,62.82575007468108,0,9,45,45,0,45,0,0,0,300.0
-400.0,800.0,894.4271909999159,116.56505117707799,0.0,1.0,0.0,1.0,0.0,100.21167182951098,106.0137644850156,108.57362541756669,0,9,45,45,0,45,0,0,0,600.0
-400.0,800.0,894.4271909999159,116.56505117707799,0.0,1.0,0.0,1.0,0.0,156.52216332013634,167.9632450436337,174.1345847228954,0,9,45,45,0,45,0,0,0,900.0
-400.0,800.0,894.4271909999159,116.56505117707799,0.0,1.0,0.0,1.0,0.0,228.56525232267742,249.59175869554934,261.376170452963,0,9,45,45,0,45,0,0,0,1200.0
-400.0,800.0,894.4271909999159,116.56505117707799,0.0,1.0,0.0,1.0,0.0,316.58439070062286,351.93467524367003,372.4443302608663,0,9,45,45,0,45,0,0,0,1500.0
-300.0,800.0,854.4003745317531,110.55604521958347,0.0,1.0,0.0,1.0,0.0,52.6067607385421,54.75385782951649,55.20086580144814,0,9,45,45,0,45,0,0,0,300.0
-300.0,800.0,854.4003745317531,110.55604521958347,0.0,1.0,0.0,1.0,0.0,89.51513474833834,94.21784852608359,96.32258137406528,0,9,45,45,0,45,0,0,0,600.0
-300.0,800.0,854.4003745317531,110.55604521958347,0.0,1.0,0.0,1.0,0.0,141.89844862139668,151.5492334732461,156.7499378932378,0,9,45,45,0,45,0,0,0,900.0
-300.0,800.0,854.4003745317531,110.55604521958347,0.0,1.0,0.0,1.0,0.0,209.9255968707258,228.1345172686527,238.33353476585495,0,9,45,45,0,45,0,0,0,1200.0
-300.0,800.0,854.4003745317531,110.55604521958347,0.0,1.0,0.0,1.0,0.0,293.85814999343694,324.9625223624249,343.18782962901105,0,9,45,45,0,45,0,0,0,1500.0
-200.0,800.0,824.6211251235321,104.03624346792648,0.0,1.0,0.0,1.0,0.0,46.618981844689635,48.2838255986411,48.60661922398432,0,9,45,45,0,45,0,0,0,300.0
-200.0,800.0,824.6211251235321,104.03624346792648,0.0,1.0,0.0,1.0,0.0,79.74677835878927,83.52817542695462,85.22555187413909,0,9,45,45,0,45,0,0,0,600.0
-200.0,800.0,824.6211251235321,104.03624346792648,0.0,1.0,0.0,1.0,0.0,128.21949696284398,136.28971128299042,140.63287936131354,0,9,45,45,0,45,0,0,0,900.0
-200.0,800.0,824.6211251235321,104.03624346792648,0.0,1.0,0.0,1.0,0.0,192.23899622552662,207.90571376828444,216.67456951085262,0,9,45,45,0,45,0,0,0,1200.0
-200.0,800.0,824.6211251235321,104.03624346792648,0.0,1.0,0.0,1.0,0.0,272.0932696952041,299.32652076392975,315.4440045055204,0,9,45,45,0,45,0,0,0,1500.0
-100.0,800.0,806.2257748298549,97.1250163489018,0.0,1.0,0.0,1.0,0.0,41.52089277012901,42.800888312981904,43.02031551101436,0,9,45,45,0,45,0,0,0,300.0
-100.0,800.0,806.2257748298549,97.1250163489018,0.0,1.0,0.0,1.0,0.0,70.9107535842932,73.92930409867316,75.26588619372087,0,9,45,45,0,45,0,0,0,600.0
-100.0,800.0,806.2257748298549,97.1250163489018,0.0,1.0,0.0,1.0,0.0,115.4916568200935,122.17605255171898,125.76658176584313,0,9,45,45,0,45,0,0,0,900.0
-100.0,800.0,806.2257748298549,97.1250163489018,0.0,1.0,0.0,1.0,0.0,175.51005190537205,188.88243192350922,196.3779006053504,0,9,45,45,0,45,0,0,0,1200.0
-100.0,800.0,806.2257748298549,97.1250163489018,0.0,1.0,0.0,1.0,0.0,251.29178711696835,275.0080251188649,289.1856459076965,0,9,45,45,0,45,0,0,0,1500.0
0.0,800.0,800.0,90.0,1.0,1.0,1.0,1.0,1.0,37.30588799964977,38.28053215866657,38.41668483250057,9,9,45,45,45,45,45,0,0,300.0
0.0,800.0,800.0,90.0,0.0,1.0,0.0,1.0,0.0,63.010818267424156,65.40595664798809,66.42711826970897,0,9,45,45,0,45,0,0,0,600.0
0.0,800.0,800.0,90.0,0.0,1.0,0.0,1.0,0.0,103.72298284337263,109.20170480037132,112.13656834392081,0,9,45,45,0,45,0,0,0,900.0
0.0,800.0,800.0,90.0,0.0,1.0,0.0,1.0,0.0,159.74520510680028,171.04014314133363,177.4246986717597,0,9,45,45,0,45,0,0,0,1200.0
0.0,800.0,800.0,90.0,0.0,1.0,0.0,1.0,0.0,231.4572068412849,251.99037326241432,264.38782004248316,0,9,45,45,0,45,0,0,0,1500.0
100.0,800.0,806.2257748298549,82.8749836510982,1.0,1.0,1.0,1.0,1.0,33.963471383464196,34.6947223493098,34.76687835888988,9,9,45,45,45,45,45,0,0,300.0
100.0,800.0,806.2257748298549,82.8749836510982,0.0,1.0,0.0,1.0,0.0,56.04894746686816,57.94167072893823,58.69157248885224,0,9,45,45,0,45,0,0,0,600.0
100.0,800.0,806.2257748298549,82.8749836510982,0.0,1.0,0.0,1.0,0.0,92.92317919399906,97.36214590117922,99.7306733520652,0,9,45,45,0,45,0,0,0,900.0
100.0,800.0,806.2257748298549,82.8749836510982,0.0,1.0,0.0,1.0,0.0,144.9530327542256,154.41329591190245,159.79897333766442,0,9,45,45,0,45,0,0,0,1200.0
100.0,800.0,806.2257748298549,82.8749836510982,0.0,1.0,0.0,1.0,0.0,212.5947667743459,230.25913652595437,241.02811169609623,0,9,45,45,0,45,0,0,0,1500.0
200.0,800.0,824.6211251235321,75.96375653207353,1.0,1.0,1.0,1.0,1.0,31.479195100762496,32.011693514859644,32.038300760858604,9,9,45,45,45,45,45,0,0,300.0
200.0,800.0,824.6211251235321,75.96375653207353,0.0,1.0,0.0,1.0,0.0,50.023103329860525,51.51662938506382,52.03810029433667,0,9,45,45,0,45,0,0,0,600.0
200.0,800.0,824.6211251235321,75.96375653207353,0.0,1.0,0.0,1.0,0.0,83.10323292524707,86.654536107891,88.53869954943626,0,9,45,45,0,45,0,0,0,900.0
200.0,800.0,824.6211251235321,75.96375653207353,0.0,1.0,0.0,1.0,0.0,131.14454761898773,138.99541207543191,143.48788427186966,0,9,45,45,0,45,0,0,0,1200.0
200.0,800.0,824.6211251235321,75.96375653207353,0.0,1.0,0.0,1.0,0.0,194.71175839859254,209.80242836157254,219.08692984386875,0,9,45,45,0,45,0,0,0,1500.0
300.0,800.0,854.4003745317531,69.44395478041653,0.0,1.0,1.0,0.4222222222222222,0.4222222222222222,29.836037325919474,30.196933044754623,30.197397945536796,0,9,45,45,45,19,19,26,0,300.0
300.0,800.0,854.4003745317531,69.44395478041653,0.0,1.0,0.0,1.0,0.0,44.92410679612417,46.104604168987024,46.438867061256644,0,9,45,45,0,45,0,0,0,600.0
300.0,800.0,854.4003745317531,69.44395478041653,0.0,1.0,0.0,1.0,0.0,74.27448690960126,77.07680877530686,78.55151167351441,0,9,45,45,0,45,0,0,0,900.0
300.0,800.0,854.4003745317531,69.44395478041653,0.0,1.0,0.0,1.0,0.0,118.33344816618377,124.7831687825078,128.4820172528265,0,9,45,45,0,45,0,0,0,1200.0
300.0,800.0,854.4003745317531,69.44395478041653,0.0,1.0,0.0,1.0,0.0,177.81790429484715,190.61127564304803,198.5478813213394,0,9,45,45,0,45,0,0,0,1500.0
400.0,800.0,894.4271909999159,63.43494882292201,1.0,1.0,1.0,1.0,1.0,31.457981212188855,31.531215882891363,31.535488040988458,9,9,45,45,45,45,45,0,0,300.0
400.0,800.0,894.4271909999159,63.43494882292201,0.0,1.0,0.2,1.0,0.2,40.73202423773846,41.669398566308736,41.855591854619284,0,9,45,45,9,45,9,0,0,600.0
400.0,800.0,894.4271909999159,63.43494882292201,0.0,1.0,0.0,1.0,0.0,66.44679626626424,68.62582979142299,69.7591857505123,0,9,45,45,0,45,0,0,0,900.0
400.0,800.0,894.4271909999159,63.43494882292201,0.0,1.0,0.0,1.0,0.0,106.53621112333246,111.77651216626634,114.7755190024956,0,9,45,45,0,45,0,0,0,1200.0
400.0,800.0,894.4271909999159,63.43494882292201,0.0,1.0,0.0,1.0,0.0,161.9257876135122,172.68004909898207,179.3982109590292,0,9,45,45,0,45,0,0,0,1500.0
500.0,800.0,943.3981132056604,57.9946167919165,1.0,1.0,1.0,1.0,1.0,33.93740541831143,34.08994696990608,34.10607675669195,9,9,45,45,45,45,45,0,0,300.0
500.0,800.0,943.3981132056604,57.9946167919165,1.0,1.0,1.0,1.0,1.0,37.413307585084816,38.161967477503296,38.236509097457265,9,9,45,45,45,45,45,0,0,600.0
500.0,800.0,943.3981132056604,57.9946167919165,0.0,1.0,0.0,1.0,0.0,59.6253564171869,61.31207325320519,62.14776033213951,0,9,45,45,0,45,0,0,0,900.0
500.0,800.0,943.3981132056604,57.9946167919165,0.0,1.0,0.0,1.0,0.0,95.77183386818385,99.97842940246989,102.36589276525409,0,9,45,45,0,45,0,0,0,1200.0
500.0,800.0,943.3981132056604,57.9946167919165,0.0,1.0,0.0,1.0,0.0,147.05131042014332,156.0069320155771,161.6292896593063,0,9,45,45,0,45,0,0,0,1500.0
600.0,800.0,1000.0,53.13010235415598,1.0,1.0,1.0,1.0,1.0,37.272678816982825,37.52081151091832,37.55692131588993,9,9,45,45,45,45,45,0,0,300.0
600.0,800.0,1000.0,53.13010235415598,0.0,1.0,1.0,0.4222222222222222,0.4222222222222222,34.919805268656404,35.51878428316322,35.520285316563424,0,9,45,45,45,19,19,26,0,600.0
600.0,800.0,1000.0,53.13010235415598,0.0,1.0,0.0,1.0,0.0,53.805926990538644,55.12443453518699,55.69426201506955,0,9,45,45,0,45,0,0,0,900.0
600.0,800.0,1000.0,53.13010235415598,0.0,1.0,0.0,1.0,0.0,86.06090771229816,89.3940540561039,91.25311717665265,0,9,45,45,0,45,0,0,0,1200.0
600.0,800.0,1000.0,53.13010235415598,0.0,1.0,0.0,1.0,0.0,133.21412351522653,140.59437213777042,145.23709755032087,0,9,45,45,0,45,0,0,0,1500.0
700.0,800.0,1063.014581273465,48.81407483429036,0.0,1.0,0.0,1.0,0.0,41.47757832852785,41.843454928973074,41.90786040600071,0,9,45,45,0,45,0,0,0,300.0
700.0,800.0,1063.014581273465,48.81407483429036,1.0,1.0,1.0,1.0,1.0,37.38738386139515,37.47400177145865,37.48424524740122,9,9,45,45,45,45,45,0,0,600.0
700.0,800.0,1063.014581273465,48.81407483429036,0.0,1.0,0.0,1.0,0.0,48.968719819796924,50.037764095019156,50.36025098285201,0,9,45,45,0,45,0,0,0,900.0
700.0,800.0,1063.014581273465,48.81407483429036,0.0,1.0,0.0,1.0,0.0,77.42355025414179,80.02861705615457,81.43757319880385,0,9,45,45,0,45,0,0,0,1200.0
700.0,800.0,1063.014581273465,48.81407483429036,0.0,1.0,0.0,1.0,0.0,120.43790850721149,126.44939897669254,130.2225849483857,0,9,45,45,0,45,0,0,0,1500.0
800.0,800.0,1131.370849898476,45.0,0.0,1.0,0.0,1.0,0.0,46.56173610118489,47.07352638084509,47.1745008833403,0,9,45,45,0,45,0,0,0,300.0
800.0,800.0,1131.370849898476,45.0,0.0,1.0,0.0,1.0,0.0,40.69945728531898,40.880728080602545,40.91975018950768,0,9,45,45,0,45,0,0,0,600.0
800.0,800.0,1131.370849898476,45.0,0.0,1.0,0.0,1.0,0.0,45.07230301405294,45.95299351315907,46.085321207079424,0,9,45,45,0,45,0,0,0,900.0
800.0,800.0,1131.370849898476,45.0,0.0,1.0,0.0,1.0,0.0,69.87561319808621,71.86553016171075,72.9161170717715,0,9,45,45,0,45,0,0,0,1200.0
800.0,800.0,1131.370849898476,45.0,0.0,1.0,0.0,1.0,0.0,108.7502896245964,113.58358210753455,116.59168193214556,0,9,45,45,0,45,0,0,0,1500.0
900.0,800.0,1204.1594578792296,41.6335393365702,0.0,1.0,0.0,1.0,0.0,52.53069878692637,53.222684455962266,53.36833626965264,0,9,45,45,0,45,0,0,0,300.0
900.0,800.0,1204.1594578792296,41.6335393365702,0.0,1.0,0.0,1.0,0.0,44.88224871796477,45.177248009149096,45.26494988549649,0,9,45,45,0,45,0,0,0,600.0
900.0,800.0,1204.1594578792296,41.6335393365702,0.0,1.0,0.0,0.4222222222222222,0.0,42.04836723091844,42.78822782593976,42.790984587297736,0,9,45,45,0,19,0,0,0,900.0
900.0,800.0,1204.1594578792296,41.6335393365702,0.0,1.0,0.0,1.0,0.0,63.42268129846945,64.9126858838554,65.6757112043153,0,9,45,45,0,45,0,0,0,1200.0
900.0,800.0,1204.1594578792296,41.6335393365702,0.0,1.0,0.0,1.0,0.0,98.18199687555213,102.01224203167175,104.35455084831213,0,9,45,45,0,45,0,0,0,1500.0
1000.0,800.0,1280.6248474865697,38.65980825409009,0.0,1.0,0.0,1.0,0.0,59.38685446458833,60.299485949260074,60.497728350738704,0,9,45,45,0,45,0,0,0,300.0
1000.0,800.0,1280.6248474865697,38.65980825409009,0.0,1.0,0.0,1.0,0.0,49.96847489848153,50.40243699587447,50.55890089412073,0,9,45,45,0,45,0,0,0,600.0
1000.0,800.0,1280.6248474865697,38.65980825409009,0.0,1.0,0.0,1.0,0.0,45.04097460080264,45.14481987445736,45.1634936389281,0,9,45,45,0,45,0,0,0,900.0
1000.0,800.0,1280.6248474865697,38.65980825409009,0.0,1.0,0.0,1.0,0.0,58.05196426714215,59.21136404945951,59.68465083220507,0,9,45,45,0,45,0,0,0,1200.0
1000.0,800.0,1280.6248474865697,38.65980825409009,0.0,1.0,0.0,1.0,0.0,88.7647042008212,91.75231153456537,93.52343843460764,0,9,45,45,0,45,0,0,0,1500.0
1100.0,800.0,1360.1470508735442,36.02737338510361,0.0,1.0,0.0,1.0,0.0,67.13052226316407,68.31045551804988,68.56903174931873,0,9,45,45,0,45,0,0,0,300.0
1100.0,800.0,1360.1470508735442,36.02737338510361,0.0,1.0,0.0,1.0,0.0,55.97705478027998,56.58162915121217,56.826368550413896,0,9,45,45,0,45,0,0,0,600.0
1100.0,800.0,1360.1470508735442,36.02737338510361,0.0,1.0,0.0,1.0,0.0,48.92935574904359,49.145289550695466,49.216273312833486,0,9,45,45,0,45,0,0,0,900.0
1100.0,800.0,1360.1470508735442,36.02737338510361,0.0,1.0,0.0,1.0,0.0,53.72346291700851,54.68783863166233,54.882883736307726,0,9,45,45,0,45,0,0,0,1200.0
1100.0,800.0,1360.1470508735442,36.02737338510361,0.0,1.0,0.0,1.0,0.0,80.52679953000703,82.81805571233063,84.10825838298798,0,9,45,45,0,45,0,0,0,1500.0
1200.0,800.0,1442.2205101855957,33.690067525979785,0.0,1.0,0.0,1.0,0.0,75.7608512048876,77.26097793276003,77.58750889528314,0,9,45,45,0,45,0,0,0,300.0
1200.0,800.0,1442.2205101855957,33.690067525979785,0.0,1.0,0.0,1.0,0.0,62.91596242437631,63.7293218375665,64.08094674929471,0,9,45,45,0,45,0,0,0,600.0
1200.0,800.0,1442.2205101855957,33.690067525979785,0.0,1.0,0.0,1.0,0.0,53.755421859413005,54.104221472491965,54.2631310280064,0,9,45,45,0,45,0,0,0,900.0
1200.0,800.0,1442.2205101855957,33.690067525979785,0.0,1.0,0.0,0.4222222222222222,0.0,50.360757993831044,51.18202528044089,51.186091095354634,0,9,45,45,0,19,0,0,0,1200.0
1200.0,800.0,1442.2205101855957,33.690067525979785,0.0,1.0,0.0,1.0,0.0,73.4864037952442,75.20332455270182,76.10904418282325,0,9,45,45,0,45,0,0,0,1500.0
1300.0,800.0,1526.4337522473747,31.6075022462489,0.0,1.0,0.0,1.0,0.0,85.27643993928459,87.1559187009978,87.55795375302093,0,9,45,45,0,45,0,0,0,300.0
1300.0,800.0,1526.4337522473747,31.6075022462489,0.0,1.0,0.0,1.0,0.0,70.78583495585426,71.8526923451611,72.32888264076314,0,9,45,45,0,45,0,0,0,600.0
1300.0,800.0,1526.4337522473747,31.6075022462489,0.0,1.0,0.0,1.0,0.0,59.55964916897167,60.08554959232854,60.35090258794926,0,9,45,45,0,45,0,0,0,900.0
1300.0,800.0,1526.4337522473747,31.6075022462489,0.0,1.0,0.0,1.0,0.0,53.68634225684323,53.80952182517436,53.83946324744502,0,9,45,45,0,45,0,0,0,1200.0
1300.0,800.0,1526.4337522473747,31.6075022462489,0.0,1.0,0.0,1.0,0.0,67.6415767258207,68.8946854619682,69.50507434113192,0,9,45,45,0,45,0,0,0,1500.0
1400.0,800.0,1612.4515496597098,29.74488129694222,0.0,1.0,0.0,1.0,0.0,95.67571469816282,98.00000610609791,98.48506784453895,0,9,45,45,0,45,0,0,0,300.0
1400.0,800.0,1612.4515496597098,29.74488129694222,0.0,1.0,0.0,1.0,0.0,79.58309697704027,80.95468180767,81.57232645899137,0,9,45,45,0,45,0,0,0,600.0
1400.0,800.0,1612.4515496597098,29.74488129694222,0.0,1.0,0.0,1.0,0.0,66.36680748194884,67.11195064110768,67.50350898971394,0,9,45,45,0,45,0,0,0,900.0
1400.0,800.0,1612.4515496597098,29.74488129694222,0.0,1.0,0.0,1.0,0.0,58.00565126449079,58.25928983039714,58.37248011108964,0,9,45,45,0,45,0,0,0,1200.0
1400.0,800.0,1612.4515496597098,29.74488129694222,0.0,1.0,0.0,1.0,0.0,62.95910967342129,63.98099537956969,64.2421961126991,0,9,45,45,0,45,0,0,0,1500.0
1500.0,800.0,1700.0,28.072486935852957,0.0,1.0,0.0,1.0,0.0,106.95713612144097,109.79804289059248,110.37366314881011,0,9,45,45,0,45,0,0,0,300.0
1500.0,800.0,1700.0,28.072486935852957,0.0,1.0,0.0,1.0,0.0,89.30218793777578,91.03621493153886,91.81160863813113,0,9,45,45,0,45,0,0,0,600.0
1500.0,800.0,1700.0,28.072486935852957,0.0,1.0,0.0,1.0,0.0,74.16143049281428,75.1891936248101,75.72867325930444,0,9,45,45,0,45,0,0,0,900.0
1500.0,800.0,1700.0,28.072486935852957,0.0,1.0,0.0,1.0,0.0,63.37035904029745,63.79508814628824,64.0213006394469,0,9,45,45,0,45,0,0,0,1200.0
1500.0,800.0,1700.0,28.072486935852957,0.0,1.0,0.0,0.4222222222222222,0.0,59.361727863193614,60.231931565146255,60.23730860508991,0,9,45,45,0,19,0,0,0,1500.0
1600.0,800.0,1788.8543819998317,26.56505117707799,0.0,1.0,0.0,1.0,0.0,119.1192983379424,122.55500986373444,123.22875722394252,0,9,45,45,0,45,0,0,0,300.0
1600.0,800.0,1788.8543819998317,26.56505117707799,0.0,1.0,0.0,1.0,0.0,99.93694979696244,102.0975964875228,103.0466324120207,0,9,45,45,0,45,0,0,0,600.0
1600.0,800.0,1788.8543819998317,26.56505117707799,0.0,1.0,0.0,1.0,0.0,82.9551566570548,84.31015650682603,85.02449345393686,0,9,45,45,0,45,0,0,0,900.0
1600.0,800.0,1788.8543819998317,26.56505117707799,0.0,1.0,0.0,1.0,0.0,69.7989934050025,70.47191939830859,70.83074695271155,0,9,45,45,0,45,0,0,0,1200.0
1600.0,800.0,1788.8543819998317,26.56505117707799,0.0,1.0,0.0,1.0,0.0,62.915962424376964,63.059620871691,63.103875727240904,0,9,45,45,0,45,0,0,0,1500.0
1700.0,800.0,1878.8294228055936,25.20112364547507,0.0,1.0,0.0,1.0,0.0,132.1609657627909,136.27610652374912,137.055606772739,0,9,45,45,0,45,0,0,0,300.0
1700.0,800.0,1878.8294228055936,25.20112364547507,0.0,1.0,0.0,1.0,0.0,111.4813948120165,114.13929374938985,115.2776266055962,0,9,45,45,0,45,0,0,0,600.0
1700.0,800.0,1878.8294228055936,25.20112364547507,0.0,1.0,0.0,1.0,0.0,92.73026788929519,94.46681379234138,95.38446280857544,0,9,45,45,0,45,0,0,0,900.0
1700.0,800.0,1878.8294228055936,25.20112364547507,0.0,1.0,0.0,1.0,0.0,77.32915487273485,78.2854710642601,78.81645130445241,0,9,45,45,0,45,0,0,0,1200.0
1700.0,800.0,1878.8294228055936,25.20112364547507,0.0,1.0,0.0,1.0,0.0,67.58821640732444,67.8911027690162,68.04735813137225,0,9,45,45,0,45,0,0,0,1500.0
1800.0,800.0,1969.771560359221,23.962488974578186,0.0,1.0,0.0,1.0,0.0,146.081076660302,150.96675771743614,151.8597088587703,0,9,45,45,0,45,0,0,0,300.0
1800.0,800.0,1969.771560359221,23.962488974578186,0.0,1.0,0.0,1.0,0.0,123.93007347616724,127.16231936835759,128.5054932088986,0,9,45,45,0,45,0,0,0,600.0
1800.0,800.0,1969.771560359221,23.962488974578186,0.0,1.0,0.0,1.0,0.0,103.4734765162854,105.64963617608907,106.80072168410226,0,9,45,45,0,45,0,0,0,900.0
1800.0,800.0,1969.771560359221,23.962488974578186,0.0,1.0,0.0,1.0,0.0,85.93004509429545,87.23671658329533,87.97481615109419,0,9,45,45,0,45,0,0,0,1200.0
1800.0,800.0,1969.771560359221,23.962488974578186,0.0,1.0,0.0,1.0,0.0,73.41866271209649,73.9595060376942,74.25081924519849,0,9,45,45,0,45,0,0,0,1500.0
-500.0,900.0,1029.5630140987,119.05460409907714,0.0,1.0,0.0,1.0,0.0,66.47870713582026,69.60992029442767,70.21081470459004,0,9,45,45,0,45,0,0,0,300.0
-500.0,900.0,1029.5630140987,119.05460409907714,0.0,1.0,0.0,1.0,0.0,106.29287575590658,112.44206897563524,114.8490280087209,0,9,45,45,0,45,0,0,0,600.0
-500.0,900.0,1029.5630140987,119.05460409907714,0.0,1.0,0.0,1.0,0.0,160.00695914833486,171.19384838725284,176.97537763620514,0,9,45,45,0,45,0,0,0,900.0
-500.0,900.0,1029.5630140987,119.05460409907714,0.0,1.0,0.0,1.0,0.0,227.67663475844338,247.20922049166882,257.985147482514,0,9,45,45,0,45,0,0,0,1200.0
-500.0,900.0,1029.5630140987,119.05460409907714,0.0,1.0,0.0,1.0,0.0,309.4783533045995,341.3686099687576,359.5140841303112,0,9,45,45,0,45,0,0,0,1500.0
-400.0,900.0,984.8857801796105,113.96248897457819,0.0,1.0,0.0,1.0,0.0,59.570905306110305,62.08602821702357,62.555281912885924,0,9,45,45,0,45,0,0,0,300.0
-400.0,900.0,984.8857801796105,113.96248897457819,0.0,1.0,0.0,1.0,0.0,95.99400917746628,101.08357335422099,103.09843553879789,0,9,45,45,0,45,0,0,0,600.0
-400.0,900.0,984.8857801796105,113.96248897457819,0.0,1.0,0.0,1.0,0.0,146.2350735870116,155.77196750829802,160.73785905025102,0,9,45,45,0,45,0,0,0,900.0
-400.0,900.0,984.8857801796105,113.96248897457819,0.0,1.0,0.0,1.0,0.0,210.35791672708496,227.43434124042662,236.85012568140903,0,9,45,45,0,45,0,0,0,1200.0
-400.0,900.0,984.8857801796105,113.96248897457819,0.0,1.0,0.0,1.0,0.0,288.55329013171854,316.9205567049302,333.0522639685079,0,9,45,45,0,45,0,0,0,1500.0
-300.0,900.0,948.6832980505138,108.43494882292202,0.0,1.0,0.0,1.0,0.0,53.4547147545221,55.45976484808105,55.814496740094704,0,9,45,45,0,45,0,0,0,300.0
-300.0,900.0,948.6832980505138,108.43494882292202,0.0,1.0,0.0,1.0,0.0,86.51330012196019,90.69868726546241,92.35894221123083,0,9,45,45,0,45,0,0,0,600.0
-300.0,900.0,948.6832980505138,108.43494882292202,0.0,1.0,0.0,1.0,0.0,133.2968495115469,141.3715423607826,145.60250141236713,0,9,45,45,0,45,0,0,0,900.0
-300.0,900.0,948.6832980505138,108.43494882292202,0.0,1.0,0.0,1.0,0.0,193.88123929855192,208.72765084776677,216.90846392922168,0,9,45,45,0,45,0,0,0,1200.0
-300.0,900.0,948.6832980505138,108.43494882292202,0.0,1.0,0.0,1.0,0.0,268.4888402245335,293.59424277512824,307.88219077814915,0,9,45,45,0,45,0,0,0,1500.0
-200.0,900.0,921.9544457292888,102.52880770915151,0.0,1.0,0.0,1.0,0.0,48.12785388037279,49.714192177913546,49.97104168769474,0,9,45,45,0,45,0,0,0,300.0
-200.0,900.0,921.9544457292888,102.52880770915151,0.0,1.0,0.0,1.0,0.0,77.85304097671238,81.2742273962855,82.61649932748605,0,9,45,45,0,45,0,0,0,600.0
-200.0,900.0,921.9544457292888,102.52880770915151,0.0,1.0,0.0,1.0,0.0,121.19657380360488,127.98352279639029,131.5556459512608,0,9,45,45,0,45,0,0,0,900.0
-200.0,900.0,921.9544457292888,102.52880770915151,0.0,1.0,0.0,1.0,0.0,178.25019596069987,191.08013478611178,198.14393038778928,0,9,45,45,0,45,0,0,0,1200.0
-200.0,900.0,921.9544457292888,102.52880770915151,0.0,1.0,0.0,1.0,0.0,249.2522939308285,271.31907951449614,283.9839011273148,0,9,45,45,0,45,0,0,0,1500.0
-100.0,900.0,905.5385138137417,96.3401917459099,0.0,1.0,0.0,1.0,0.0,43.58653456890377,44.83116595630125,45.006268294822135,0,9,45,45,0,45,0,0,0,300.0
-100.0,900.0,905.5385138137417,96.3401917459099,0.0,1.0,0.0,1.0,0.0,70.01521338749963,72.7970807969619,73.85713555455361,0,9,45,45,0,45,0,0,0,600.0
-100.0,900.0,905.5385138137417,96.3401917459099,0.0,1.0,0.0,1.0,0.0,109.93952097978483,115.6001372031385,118.58505645753849,0,9,45,45,0,45,0,0,0,900.0
-100.0,900.0,905.5385138137417,96.3401917459099,0.0,1.0,0.0,1.0,0.0,163.46960452999753,174.48426630868556,180.54199130862185,0,9,45,45,0,45,0,0,0,1200.0
-100.0,900.0,905.5385138137417,96.3401917459099,0.0,1.0,0.0,1.0,0.0,230.88147197931605,250.17124340427637,261.33902565751987,0,9,45,45,0,45,0,0,0,1500.0
0.0,900.0,900.0,90.0,0.0,1.0,0.6,1.0,0.6,39.82493346461538,40.79077386611509,40.89973281998745,0,9,45,45,27,45,27,0,0,300.0
0.0,900.0,900.0,90.0,0.0,1.0,0.0,1.0,0.0,63.00073794954111,65.25347546325695,66.06620431875582,0,9,45,45,0,45,0,0,0,600.0
0.0,900.0,900.0,90.0,0.0,1.0,0.0,1.0,0.0,99.53186031992709,104.21480574634876,106.67983453221929,0,9,45,45,0,45,0,0,0,900.0
0.0,900.0,900.0,90.0,0.0,1.0,0.0,1.0,0.0,149.54565875238734,158.93415953743403,164.08996256243282,0,9,45,45,0,45,0,0,0,1200.0
0.0,900.0,900.0,90.0,0.0,1.0,0.0,1.0,0.0,213.36911248327067,230.13997434409652,239.93094496366024,0,9,45,45,0,45,0,0,0,1500.0
100.0,900.0,905.5385138137417,83.6598082540901,1.0,1.0,1.0,1.0,1.0,36.83492709726079,37.571006151023305,37.6288791391522,9,9,45,45,45,45,45,0,0,300.0
100.0,900.0,905.5385138137417,83.6598082540901,0.0,1.0,0.0,1.0,0.0,56.80833072649659,58.62786475168697,59.227226607178046,0,9,45,45,0,45,0,0,0,600.0
100.0,900.0,905.5385138137417,83.6598082540901,0.0,1.0,0.0,1.0,0.0,89.98038149065782,93.82187591226125,95.83015636318801,0,9,45,45,0,45,0,0,0,900.0
100.0,900.0,905.5385138137417,83.6598082540901,0.0,1.0,0.0,1.0,0.0,136.48606451544262,144.42571119633652,148.7771522709794,0,9,45,45,0,45,0,0,0,1200.0
100.0,900.0,905.5385138137417,83.6598082540901,0.0,1.0,0.0,1.0,0.0,196.72095356497832,211.2162645872466,219.74497581870017,0,9,45,45,0,45,0,0,0,1500.0
200.0,900.0,921.9544457292888,77.47119229084849,1.0,1.0,1.0,1.0,1.0,34.60644611677484,35.14800411828954,35.169327295667344,9,9,45,45,45,45,45,0,0,300.0
200.0,900.0,921.9544457292888,77.47119229084849,0.0,1.0,0.0,1.0,0.0,51.43293105784535,52.901386376477674,53.32028391171837,0,9,45,45,0,45,0,0,0,600.0
200.0,900.0,921.9544457292888,77.47119229084849,0.0,1.0,0.0,1.0,0.0,81.29192061914893,84.41606131801566,86.02670834882673,0,9,45,45,0,45,0,0,0,900.0
200.0,900.0,921.9544457292888,77.47119229084849,0.0,1.0,0.0,1.0,0.0,124.3001253735357,130.95669626744098,134.59496006343633,0,9,45,45,0,45,0,0,0,1200.0
200.0,900.0,921.9544457292888,77.47119229084849,0.0,1.0,0.0,1.0,0.0,180.94437120606878,193.39307214470966,200.76858675078435,0,9,45,45,0,45,0,0,0,1500.0
300.0,900.0,948.6832980505138,71.56505117707799,0.0,1.0,1.0,0.4222222222222222,0.4222222222222222,33.128497604782915,33.49679768180732,33.49722216888517,0,9,45,45,45,19,19,26,0,300.0
300.0,900.0,948.6832980505138,71.56505117707799,0.0,1.0,0.0,1.0,0.0,46.863824780542636,48.050009210916514,48.32007736510645,0,9,45,45,0,45,0,0,0,600.0
300.0,900.0,948.6832980505138,71.56505117707799,0.0,1.0,0.0,1.0,0.0,73.47232870415404,75.9914229228097,77.2596539038147,0,9,45,45,0,45,0,0,0,900.0
300.0,900.0,948.6832980505138,71.56505117707799,0.0,1.0,0.0,1.0,0.0,113.00394086186229,118.52324905144253,121.53687127389924,0,9,45,45,0,45,0,0,0,1200.0
300.0,900.0,948.6832980505138,71.56505117707799,0.0,1.0,0.0,1.0,0.0,166.04860979317283,176.66555292366186,182.99163610466988,0,9,45,45,0,45,0,0,0,1500.0
400.0,900.0,984.8857801796105,66.03751102542182,1.0,1.0,1.0,1.0,1.0,34.58354014517146,34.65574298313703,34.65912252237751,9,9,45,45,45,45,45,0,0,300.0
400.0,900.0,984.8857801796105,66.03751102542182,0.0,1.0,0.0,1.0,0.0,43.08288006010238,44.04276152949477,44.1940720501306,0,9,45,45,0,45,0,0,0,600.0
400.0,900.0,984.8857801796105,66.03751102542182,0.0,1.0,0.0,1.0,0.0,66.5248040646828,68.53970911395152,69.51693726697061,0,9,45,45,0,45,0,0,0,900.0
400.0,900.0,984.8857801796105,66.03751102542182,0.0,1.0,0.0,1.0,0.0,102.59404317063478,107.13717717952345,109.59824278186586,0,9,45,45,0,45,0,0,0,1200.0
400.0,900.0,984.8857801796105,66.03751102542182,0.0,1.0,0.0,1.0,0.0,152.04500765234968,161.03129285837036,166.4066146827109,0,9,45,45,0,45,0,0,0,1500.0
500.0,900.0,1029.5630140987,60.94539590092286,1.0,1.0,1.0,1.0,1.0,36.80773130590698,36.95560709415667,36.968171876763705,9,9,45,45,45,45,45,0,0,300.0
500.0,900.0,1029.5630140987,60.94539590092286,0.0,1.0,0.4,1.0,0.4,40.06368306037641,40.84078742857365,40.9015335608245,0,9,45,45,18,45,18,0,0,600.0
500.0,900.0,1029.5630140987,60.94539590092286,0.0,1.0,0.0,1.0,0.0,60.44745576745582,62.07397450068489,62.78177088095696,0,9,45,45,0,45,0,0,0,900.0
500.0,900.0,1029.5630140987,60.94539590092286,0.0,1.0,0.0,1.0,0.0,93.09904143302525,96.79030234362433,98.77571915907188,0,9,45,45,0,45,0,0,0,1200.0
500.0,900.0,1029.5630140987,60.94539590092286,0.0,1.0,0.0,1.0,0.0,138.94717874717682,146.4905020816208,151.0088555418029,0,9,45,45,0,45,0,0,0,1500.0
600.0,900.0,1081.6653826391969,56.309932474020215,0.0,1.0,0.8,1.0,0.8,39.791548488519524,40.02807768508315,40.056031353161345,0,9,45,45,36,45,36,0,0,300.0
600.0,900.0,1081.6653826391969,56.309932474020215,0.0,1.0,1.0,0.4222222222222222,0.4222222222222222,37.771696722582654,38.39688818726977,38.398285737804876,0,9,45,45,45,19,19,26,0,600.0
600.0,900.0,1081.6653826391969,56.309932474020215,0.0,1.0,0.0,1.0,0.0,55.23014543821974,56.56674582308278,57.02933869871996,0,9,45,45,0,45,0,0,0,900.0
600.0,900.0,1081.6653826391969,56.309932474020215,0.0,1.0,0.0,1.0,0.0,84.52619025225728,87.48835225318408,89.06604895209107,0,9,45,45,0,45,0,0,0,1200.0
600.0,900.0,1081.6653826391969,56.309932474020215,0.0,1.0,0.0,1.0,0.0,126.77108064734142,133.0461015491372,136.79664083884845,0,9,45,45,0,45,0,0,0,1500.0
700.0,900.0,1140.175425099138,52.1250163489018,0.0,1.0,0.0,1.0,0.0,43.54458919741171,43.8873447689369,43.93707888743409,0,9,45,45,0,45,0,0,0,300.0
700.0,900.0,1140.175425099138,52.1250163489018,0.0,1.0,0.3111111111111111,1.0,0.3111111111111111,40.036421867379445,40.119687596883765,40.12757300198409,0,9,45,45,14,45,14,0,0,600.0
700.0,900.0,1140.175425099138,52.1250163489018,0.0,1.0,0.0,1.0,0.0,50.851032190409086,51.95888306303287,52.223151543058094,0,9,45,45,0,45,0,0,0,900.0
700.0,900.0,1140.175425099138,52.1250163489018,0.0,1.0,0.0,1.0,0.0,76.8854971166268,79.23138333963645,80.4640158909014,0,9,45,45,0,45,0,0,0,1200.0
700.0,900.0,1140.175425099138,52.1250163489018,0.0,1.0,0.0,1.0,0.0,115.53485150379056,120.70358362202995,123.77108419620161,0,9,45,45,0,45,0,0,0,1500.0
800.0,900.0,1204.1594578792296,48.366460663429805,0.0,1.0,0.0,1.0,0.0,48.074368511803534,48.54562040376366,48.62356066188524,0,9,45,45,0,45,0,0,0,300.0
800.0,900.0,1204.1594578792296,48.366460663429805,0.0,1.0,0.0,1.0,0.0,43.0496989189983,43.2213911597658,43.25100862415921,0,9,45,45,0,45,0,0,0,600.0
800.0,900.0,1204.1594578792296,48.366460663429805,0.0,1.0,0.0,1.0,0.0,47.27378466849403,48.20280796235316,48.31208073997587,0,9,45,45,0,45,0,0,0,900.0
800.0,900.0,1204.1594578792296,48.366460663429805,0.0,1.0,0.0,1.0,0.0,70.18141869753373,72.01610623898833,72.95921800781105,0,9,45,45,0,45,0,0,0,1200.0
800.0,900.0,1204.1594578792296,48.366460663429805,0.0,1.0,0.0,1.0,0.0,105.25823283283658,109.47045895335829,111.93559283728749,0,9,45,45,0,45,0,0,0,1500.0
900.0,900.0,1272.7922061357856,45.0,0.0,1.0,0.0,1.0,0.0,53.385964410185316,54.01275545842422,54.1252624214086,0,9,45,45,0,45,0,0,0,300.0
900.0,900.0,1272.7922061357856,45.0,0.0,1.0,0.0,1.0,0.0,46.822588204392865,47.09804746487285,47.164332344837135,0,9,45,45,0,45,0,0,0,600.0
900.0,900.0,1272.7922061357856,45.0,0.0,1.0,0.0,0.4222222222222222,0.0,44.445174966412836,45.23412185270888,45.23674025461927,0,9,45,45,0,19,0,0,0,900.0
900.0,900.0,1272.7922061357856,45.0,0.0,1.0,0.0,1.0,0.0,64.40867955219674,65.85423598118498,66.53162113170268,0,9,45,45,0,45,0,0,0,1200.0
900.0,900.0,1272.7922061357856,45.0,0.0,1.0,0.0,1.0,0.0,95.96131638444422,99.35501786240414,101.2946208267405,0,9,45,45,0,45,0,0,0,1500.0
1000.0,900.0,1345.362404707371,41.98721249581666,0.0,1.0,0.0,1.0,0.0,59.48228151282761,60.29647885772039,60.44980325747078,0,9,45,45,0,45,0,0,0,300.0
1000.0,900.0,1345.362404707371,41.98721249581666,0.0,1.0,0.0,1.0,0.0,51.38091204652179,51.78020183929381,51.8984421775096,0,9,45,45,0,45,0,0,0,600.0
1000.0,900.0,1345.362404707371,41.98721249581666,0.0,1.0,0.0,1.0,0.0,47.24141181581167,47.33928428781486,47.35334997499113,0,9,45,45,0,45,0,0,0,900.0
1000.0,900.0,1345.362404707371,41.98721249581666,0.0,1.0,0.0,1.0,0.0,59.547381268457634,60.75708537612762,61.14629141275284,0,9,45,45,0,45,0,0,0,1200.0
1000.0,900.0,1345.362404707371,41.98721249581666,0.0,1.0,0.0,1.0,0.0,87.66228820313887,90.36406133109949,91.85133929447103,0,9,45,45,0,45,0,0,0,1500.0
1100.0,900.0,1421.2670403551895,39.28940686250036,0.0,1.0,0.0,1.0,0.0,66.36457848238759,67.40290882287495,67.60318675862916,0,9,45,45,0,45,0,0,0,300.0
1100.0,900.0,1421.2670403551895,39.28940686250036,0.0,1.0,0.0,1.0,0.0,56.742082624217254,57.290191671284155,57.47551148137216,0,9,45,45,0,45,0,0,0,600.0
1100.0,900.0,1421.2670403551895,39.28940686250036,0.0,1.0,0.0,1.0,0.0,50.81147498400794,51.01264110753618,51.065484373297814,0,9,45,45,0,45,0,0,0,900.0
1100.0,900.0,1421.2670403551895,39.28940686250036,0.0,1.0,0.0,1.0,0.0,55.55845716356618,56.58616698688189,56.74846880221515,0,9,45,45,0,45,0,0,0,1200.0
1100.0,900.0,1421.2670403551895,39.28940686250036,0.0,1.0,0.0,1.0,0.0,80.37385309988026,82.48653504696125,83.60384069224098,0,9,45,45,0,45,0,0,0,1500.0
1200.0,900.0,1500.0,36.86989764584402,0.0,1.0,0.0,1.0,0.0,74.03301233500805,75.33708893779855,75.5903598487605,0,9,45,45,0,45,0,0,0,300.0
1200.0,900.0,1500.0,36.86989764584402,0.0,1.0,0.0,1.0,0.0,62.915962424376104,63.64291750922825,63.909974995507916,0,9,45,45,0,45,0,0,0,600.0
1200.0,900.0,1500.0,36.86989764584402,0.0,1.0,0.0,1.0,0.0,55.180949386718964,55.50222006413842,55.620291978003664,0,9,45,45,0,45,0,0,0,900.0
1200.0,900.0,1500.0,36.86989764584402,0.0,1.0,0.0,0.4222222222222222,0.0,52.37856973593877,53.26771530475743,53.27163275906757,0,9,45,45,0,19,0,0,0,1200.0
1200.0,900.0,1500.0,36.86989764584402,0.0,1.0,0.0,1.0,0.0,74.09821308677711,75.71043402834317,76.53968822811949,0,9,45,45,0,45,0,0,0,1500.0
1300.0,900.0,1581.1388300841897,34.69515353123397,0.0,1.0,0.0,1.0,0.0,82.48708306772521,84.10343012917127,84.41566419252686,0,9,45,45,0,45,0,0,0,300.0
1300.0,900.0,1581.1388300841897,34.69515353123397,0.0,1.0,0.0,1.0,0.0,69.90662491597385,70.84753795127352,71.21041524337473,0,9,45,45,0,45,0,0,0,600.0
1300.0,900.0,1581.1388300841897,34.69515353123397,0.0,1.0,0.0,1.0,0.0,60.38548043087833,60.84872022234062,61.05872349649352,0,9,45,45,0,45,0,0,0,900.0
1300.0,900.0,1581.1388300841897,34.69515353123397,0.0,1.0,0.0,1.0,0.0,55.520527664978964,55.63511018287714,55.65732466376038,0,9,45,45,0,45,0,0,0,1200.0
1300.0,900.0,1581.1388300841897,34.69515353123397,0.0,1.0,0.0,1.0,0.0,68.82095594785262,70.10577540506719,70.62916681874032,0,9,45,45,0,45,0,0,0,1500.0
1400.0,900.0,1664.3316977093239,32.7352262721076,0.0,1.0,0.0,1.0,0.0,91.72595111936842,93.70602870167099,94.08315545208039,0,9,45,45,0,45,0,0,0,300.0
1400.0,900.0,1664.3316977093239,32.7352262721076,0.0,1.0,0.0,1.0,0.0,77.71422852791463,78.90930511255868,79.38152773697567,0,9,45,45,0,45,0,0,0,600.0
1400.0,900.0,1664.3316977093239,32.7352262721076,0.0,1.0,0.0,1.0,0.0,66.44609635211485,67.08991133009127,67.40638357967455,0,9,45,45,0,45,0,0,0,900.0
1400.0,900.0,1664.3316977093239,32.7352262721076,0.0,1.0,0.0,1.0,0.0,59.50123799543962,59.73507938540371,59.818232539272195,0,9,45,45,0,45,0,0,0,1200.0
1400.0,900.0,1664.3316977093239,32.7352262721076,0.0,1.0,0.0,1.0,0.0,64.50498458956716,65.60038548826086,65.81851327275177,0,9,45,45,0,45,0,0,0,1500.0
1500.0,900.0,1749.28556845359,30.96375653207352,0.0,1.0,0.0,1.0,0.0,101.74864321329774,104.14887424752112,104.5968083454142,0,9,45,45,0,45,0,0,0,300.0
1500.0,900.0,1749.28556845359,30.96375653207352,0.0,1.0,0.0,1.0,0.0,86.33658671118418,87.8311179970639,88.425742291022,0,9,45,45,0,45,0,0,0,600.0
1500.0,900.0,1749.28556845359,30.96375653207352,0.0,1.0,0.0,1.0,0.0,73.37199006288657,74.23756110908587,74.67662639114506,0,9,45,45,0,45,0,0,0,900.0
1500.0,900.0,1749.28556845359,30.96375653207352,0.0,1.0,0.0,1.0,0.0,64.35149227717051,64.72510996098337,64.90725848763522,0,9,45,45,0,45,0,0,0,1200.0
1500.0,900.0,1749.28556845359,30.96375653207352,0.0,1.0,0.0,0.4222222222222222,0.0,61.082925111167675,62.03460265105353,62.03983326429376,0,9,45,45,0,19,0,0,0,1500.0
1600.0,900.0,1835.7559750685818,29.357753542791276,0.0,1.0,0.0,1.0,0.0,112.55417505180823,115.43597486505044,115.96063755636693,0,9,45,45,0,45,0,0,0,300.0
1600.0,900.0,1835.7559750685818,29.357753542791276,0.0,1.0,0.0,1.0,0.0,95.7703098085906,97.61466161990757,98.34438549359085,0,9,45,45,0,45,0,0,0,600.0
1600.0,900.0,1835.7559750685818,29.357753542791276,0.0,1.0,0.0,1.0,0.0,81.16396988336818,82.29141808379359,82.87429011971064,0,9,45,45,0,45,0,0,0,900.0
1600.0,900.0,1835.7559750685818,29.357753542791276,0.0,1.0,0.0,1.0,0.0,70.11747574756376,70.67350011773557,70.96801305292921,0,9,45,45,0,45,0,0,0,1200.0
1600.0,900.0,1835.7559750685818,29.357753542791276,0.0,1.0,0.0,1.0,0.0,64.46122153265853,64.59374439806847,64.62624002382269,0,9,45,45,0,45,0,0,0,1500.0
1700.0,900.0,1923.5384061671346,27.89727103094763,0.0,1.0,0.0,1.0,0.0,124.14161787373924,127.57142617213391,128.17876237115013,0,9,45,45,0,45,0,0,0,300.0
1700.0,900.0,1923.5384061671346,27.89727103094763,0.0,1.0,0.0,1.0,0.0,106.01155410496158,108.26116060083136,109.13843190460466,0,9,45,45,0,45,0,0,0,600.0
1700.0,900.0,1923.5384061671346,27.89727103094763,0.0,1.0,0.0,1.0,0.0,89.82637509424954,91.25258098085285,91.99904430223887,0,9,45,45,0,45,0,0,0,900.0
1700.0,900.0,1923.5384061671346,27.89727103094763,0.0,1.0,0.0,1.0,0.0,76.79455871031377,77.5985029421557,78.02355813975484,0,9,45,45,0,45,0,0,0,1200.0
1700.0,900.0,1923.5384061671346,27.89727103094763,0.0,1.0,0.0,1.0,0.0,68.76809271628059,69.03636413935048,69.15744164862718,0,9,45,45,0,45,0,0,0,1500.0
1800.0,900.0,2012.4611797498108,26.56505117707799,0.0,1.0,0.0,1.0,0.0,136.51012970598353,140.55944472926285,141.25543626257453,0,9,45,45,0,45,0,0,0,300.0
1800.0,900.0,2012.4611797498108,26.56505117707799,0.0,1.0,0.0,1.0,0.0,117.05647051098282,119.77183527137254,120.8089460178962,0,9,45,45,0,45,0,0,0,600.0
1800.0,900.0,2012.4611797498108,26.56505117707799,0.0,1.0,0.0,1.0,0.0,99.3408377939226,101.11521291120317,102.04792400298636,0,9,45,45,0,45,0,0,0,900.0
1800.0,900.0,2012.4611797498108,26.56505117707799,0.0,1.0,0.0,1.0,0.0,84.41062131043687,85.50040501384228,86.08153309405932,0,9,45,45,0,45,0,0,0,1200.0
1800.0,900.0,2012.4611797498108,26.56505117707799,0.0,1.0,0.0,1.0,0.0,74.04403964244209,74.48500829221442,74.72319638149594,0,9,45,45,0,45,0,0,0,1500.0
-500.0,1000.0,1118.033988749895,116.56505117707799,0.0,1.0,0.0,1.0,0.0,66.54240035996598,69.42855805512734,69.91579402211234,0,9,45,45,0,45,0,0,0,300.0
-500.0,1000.0,1118.033988749895,116.56505117707799,0.0,1.0,0.0,1.0,0.0,102.56185774056001,108.038864644842,109.98252379107508,0,9,45,45,0,45,0,0,0,600.0
-500.0,1000.0,1118.033988749895,116.56505117707799,0.0,1.0,0.0,1.0,0.0,151.07768232004014,160.62916321432834,165.4053013105031,0,9,45,45,0,45,0,0,0,900.0
-500.0,1000.0,1118.033988749895,116.56505117707799,0.0,1.0,0.0,1.0,0.0,212.0808511306988,228.36910790695143,237.22870036573366,0,9,45,45,0,45,0,0,0,1200.0
-500.0,1000.0,1118.033988749895,116.56505117707799,0.0,1.0,0.0,1.0,0.0,285.70656540334636,311.98969836943684,326.7202130662035,0,9,45,45,0,45,0,0,0,1500.0
-400.0,1000.0,1077.0329614269008,111.80140948635182,0.0,1.0,0.0,1.0,0.0,60.326360952822185,62.679395883251715,63.06058394431109,0,9,45,45,0,45,0,0,0,300.0
-400.0,1000.0,1077.0329614269008,111.80140948635182,0.0,1.0,0.0,1.0,0.0,93.31317567356587,97.89960864146494,99.52946931225543,0,9,45,45,0,45,0,0,0,600.0
-400.0,1000.0,1077.0329614269008,111.80140948635182,0.0,1.0,0.0,1.0,0.0,138.72936403742906,146.92388049763576,151.04216628002496,0,9,45,45,0,45,0,0,0,900.0
-400.0,1000.0,1077.0329614269008,111.80140948635182,0.0,1.0,0.0,1.0,0.0,196.56574392767575,210.85687819671313,218.62524675121026,0,9,45,45,0,45,0,0,0,1200.0
-400.0,1000.0,1077.0329614269008,111.80140948635182,0.0,1.0,0.0,1.0,0.0,266.9717519772176,290.4090972788358,303.5383031793981,0,9,45,45,0,45,0,0,0,1500.0
-300.0,1000.0,1044.030650891055,106.69924423399362,0.0,1.0,0.0,1.0,0.0,54.819605908911626,56.725242297793336,57.013967483744686,0,9,45,45,0,45,0,0,0,300.0
-300.0,1000.0,1044.030650891055,106.69924423399362,0.0,1.0,0.0,1.0,0.0,84.79728314892772,88.61847129064033,89.96409668276054,0,9,45,45,0,45,0,0,0,600.0
-300.0,1000.0,1044.030650891055,106.69924423399362,0.0,1.0,0.0,1.0,0.0,127.12950109418341,134.11763473670496,137.64177651232984,0,9,45,45,0,45,0,0,0,900.0
-300.0,1000.0,1044.030650891055,106.69924423399362,0.0,1.0,0.0,1.0,0.0,181.8071464142648,194.28156383447524,201.0569048067522,0,9,45,45,0,45,0,0,0,1200.0
-300.0,1000.0,1044.030650891055,106.69924423399362,0.0,1.0,0.0,1.0,0.0,248.99876697289903,269.81327835317273,281.4669214355128,0,9,45,45,0,45,0,0,0,1500.0
-200.0,1000.0,1019.803902718557,101.30993247402021,0.0,1.0,0.0,1.0,0.0,50.01975831579141,51.55196532291237,51.76145767388074,0,9,45,45,0,45,0,0,0,300.0
-200.0,1000.0,1019.803902718557,101.30993247402021,0.0,1.0,0.0,1.0,0.0,77.01521298660694,80.18421975639848,81.27453556460267,0,9,45,45,0,45,0,0,0,600.0
-200.0,1000.0,1019.803902718557,101.30993247402021,0.0,1.0,0.0,1.0,0.0,116.28161739144554,122.2034621327073,125.19365444036086,0,9,45,45,0,45,0,0,0,900.0
-200.0,1000.0,1019.803902718557,101.30993247402021,0.0,1.0,0.0,1.0,0.0,167.8086724925299,178.63695511235812,184.51199402188948,0,9,45,45,0,45,0,0,0,1200.0
-200.0,1000.0,1019.803902718557,101.30993247402021,0.0,1.0,0.0,1.0,0.0,231.7902291555827,250.19430884252176,260.4919260583272,0,9,45,45,0,45,0,0,0,1500.0
-100.0,1000.0,1004.987562112089,95.71059313749964,0.0,1.0,0.0,1.0,0.0,45.92332481556131,47.14451300116789,47.28763408657954,0,9,45,45,0,45,0,0,0,300.0
-100.0,1000.0,1004.987562112089,95.71059313749964,0.0,1.0,0.0,1.0,0.0,69.96733402464311,72.58523902828041,73.44852268566996,0,9,45,45,0,45,0,0,0,600.0
-100.0,1000.0,1004.987562112089,95.71059313749964,0.0,1.0,0.0,1.0,0.0,106.18973784164734,111.17511173528698,113.68813399069505,0,9,45,45,0,45,0,0,0,900.0
-100.0,1000.0,1004.987562112089,95.71059313749964,0.0,1.0,0.0,1.0,0.0,154.5748432188254,163.91793736137754,168.98007431923574,0,9,45,45,0,45,0,0,0,1200.0
-100.0,1000.0,1004.987562112089,95.71059313749964,0.0,1.0,0.0,1.0,0.0,215.34964121900094,231.52041027954704,240.60042175073315,0,9,45,45,0,45,0,0,0,1500.0
0.0,1000.0,1000.0,90.0,0.0,1.0,0.0,1.0,0.0,42.52547902504991,43.486665536308884,43.57589923589809,0,9,45,45,0,45,0,0,0,300.0
0.0,1000.0,1000.0,90.0,0.0,1.0,0.0,1.0,0.0,63.65272260590453,65.80891705481568,66.47276658359148,0,9,45,45,0,45,0,0,0,600.0
0.0,1000.0,1000.0,90.0,0.0,1.0,0.0,1.0,0.0,96.85818979176774,101.0268526853632,103.11616746961373,0,9,45,45,0,45,0,0,0,900.0
0.0,1000.0,1000.0,90.0,0.0,1.0,0.0,1.0,0.0,142.11114420614888,150.12055172658285,154.45200720642694,0,9,45,45,0,45,0,0,0,1200.0
0.0,1000.0,1000.0,90.0,0.0,1.0,0.0,1.0,0.0,199.68150638350028,213.80017892666697,221.78087333969995,0,9,45,45,0,45,0,0,0,1500.0
100.0,1000.0,1004.987562112089,84.28940686250037,0.0,1.0,0.6,1.0,0.6,39.82007560232739,40.560999023334205,40.60845717827598,0,9,45,45,27,45,27,0,0,300.0
100.0,1000.0,1004.987562112089,84.28940686250037,0.0,1.0,0.0,1.0,0.0,58.06831675552402,59.840813308217875,60.33208552143707,0,9,45,45,0,45,0,0,0,600.0
100.0,1000.0,1004.987562112089,84.28940686250037,0.0,1.0,0.0,1.0,0.0,88.2912356830719,91.7531143352432,93.4689629578997,0,9,45,45,0,45,0,0,0,900.0
100.0,1000.0,1004.987562112089,84.28940686250037,0.0,1.0,0.0,1.0,0.0,130.42404164977552,137.24201696891276,140.91997928015772,0,9,45,45,0,45,0,0,0,1200.0
100.0,1000.0,1004.987562112089,84.28940686250037,0.0,1.0,0.0,1.0,0.0,184.79145252969437,197.05223126871113,204.02323053425113,0,9,45,45,0,45,0,0,0,1500.0
200.0,1000.0,1019.803902718557,78.69006752597979,1.0,1.0,1.0,1.0,1.0,37.800058795510616,38.349223683644816,38.366681726999474,9,9,45,45,45,45,45,0,0,300.0
200.0,1000.0,1019.803902718557,78.69006752597979,0.0,1.0,0.0,1.0,0.0,53.20789442363423,54.6636470372532,55.008355383707624,0,9,45,45,0,45,0,0,0,600.0
200.0,1000.0,1019.803902718557,78.69006752597979,0.0,1.0,0.0,1.0,0.0,80.49246122748043,83.3478822979987,84.73737231304489,0,9,45,45,0,45,0,0,0,900.0
200.0,1000.0,1019.803902718557,78.69006752597979,0.0,1.0,0.0,1.0,0.0,119.52092104544262,125.28067619862065,128.3774517613614,0,9,45,45,0,45,0,0,0,1200.0
200.0,1000.0,1019.803902718557,78.69006752597979,0.0,1.0,0.0,1.0,0.0,170.6863560377173,181.27221963718517,187.31905673416168,0,9,45,45,0,45,0,0,0,1500.0
300.0,1000.0,1044.030650891055,73.30075576600639,0.0,1.0,1.0,0.4222222222222222,0.4222222222222222,36.458123722962235,36.83262882588035,36.83301977816303,0,9,45,45,45,19,19,26,0,300.0
300.0,1000.0,1044.030650891055,73.30075576600639,0.0,1.0,0.0,1.0,0.0,49.06102961538467,50.25624901671813,50.47941917699788,0,9,45,45,0,45,0,0,0,600.0
300.0,1000.0,1044.030650891055,73.30075576600639,0.0,1.0,0.0,1.0,0.0,73.46383573561516,75.80856217870513,76.91093972651527,0,9,45,45,0,45,0,0,0,900.0
300.0,1000.0,1044.030650891055,73.30075576600639,0.0,1.0,0.0,1.0,0.0,109.40989399954104,114.23581303429023,116.81897979487209,0,9,45,45,0,45,0,0,0,1200.0
300.0,1000.0,1044.030650891055,73.30075576600639,0.0,1.0,0.0,1.0,0.0,157.37445065902892,166.4573923195227,171.661647933258,0,9,45,45,0,45,0,0,0,1500.0
400.0,1000.0,1077.0329614269008,68.19859051364818,1.0,1.0,1.0,1.0,1.0,37.775380313041545,37.84697168922011,37.84972630053297,9,9,45,45,45,45,45,0,0,300.0
400.0,1000.0,1077.0329614269008,68.19859051364818,0.0,1.0,0.0,1.0,0.0,45.61233674430827,46.59277052931239,46.71827200780891,0,9,45,45,0,45,0,0,0,600.0
400.0,1000.0,1077.0329614269008,68.19859051364818,0.0,1.0,0.0,1.0,0.0,67.20437880432287,69.15325596577638,69.97653630474389,0,9,45,45,0,45,0,0,0,900.0
400.0,1000.0,1077.0329614269008,68.19859051364818,0.0,1.0,0.0,1.0,0.0,100.09939483773145,104.10725664265175,106.23981925954828,0,9,45,45,0,45,0,0,0,1200.0
400.0,1000.0,1077.0329614269008,68.19859051364818,0.0,1.0,0.0,1.0,0.0,144.86539598699963,152.60666947470605,157.04611665621772,0,9,45,45,0,45,0,0,0,1500.0
500.0,1000.0,1118.033988749895,63.43494882292201,1.0,1.0,1.0,1.0,1.0,39.791548488520455,39.93616423235626,39.94625888786435,9,9,45,45,45,45,45,0,0,300.0
500.0,1000.0,1118.033988749895,63.43494882292201,0.0,1.0,0.0,1.0,0.0,42.84145791459821,43.642581702175,43.692987109401116,0,9,45,45,0,45,0,0,0,600.0
500.0,1000.0,1118.033988749895,63.43494882292201,0.0,1.0,0.0,1.0,0.0,61.70843523114025,63.33208671758555,63.91657452429482,0,9,45,45,0,45,0,0,0,900.0
500.0,1000.0,1118.033988749895,63.43494882292201,0.0,1.0,0.0,1.0,0.0,91.5974632707407,94.8946675454217,96.63520979457289,0,9,45,45,0,45,0,0,0,1200.0
500.0,1000.0,1118.033988749895,63.43494882292201,0.0,1.0,0.0,1.0,0.0,133.17026390416555,139.7206402078327,143.46939875311944,0,9,45,45,0,45,0,0,0,1500.0
600.0,1000.0,1166.19037896906,59.03624346792648,0.0,1.0,0.0,1.0,0.0,42.49148088050473,42.719719575151586,42.74203866206613,0,9,45,45,0,45,0,0,0,300.0
600.0,1000.0,1166.19037896906,59.03624346792648,0.0,1.0,0.0,0.4222222222222222,0.0,40.72343968234115,41.37009068122974,41.371396263971185,0,9,45,45,0,19,0,0,0,600.0
600.0,1000.0,1166.19037896906,59.03624346792648,0.0,1.0,0.0,1.0,0.0,56.96370337194805,58.322504450897966,58.70694683601898,0,9,45,45,0,45,0,0,0,900.0
600.0,1000.0,1166.19037896906,59.03624346792648,0.0,1.0,0.0,1.0,0.0,83.91059164100817,86.59637557625004,87.99920035431411,0,9,45,45,0,45,0,0,0,1200.0
600.0,1000.0,1166.19037896906,59.03624346792648,0.0,1.0,0.0,1.0,0.0,122.3013783863348,127.80141546859453,130.93011591840832,0,9,45,45,0,45,0,0,0,1500.0
700.0,1000.0,1220.6555615733703,55.00797980144134,0.0,1.0,0.0,1.0,0.0,45.88188929697473,46.20804653179957,46.24763679528201,0,9,45,45,0,45,0,0,0,300.0
700.0,1000.0,1220.6555615733703,55.00797980144134,0.0,1.0,0.0,1.0,0.0,42.81273621243115,42.893619798444114,42.89990711464776,0,9,45,45,0,45,0,0,0,600.0
700.0,1000.0,1220.6555615733703,55.00797980144134,0.0,1.0,0.0,1.0,0.0,52.9493845074552,54.09398405131851,54.31507109311551,0,9,45,45,0,45,0,0,0,900.0
700.0,1000.0,1220.6555615733703,55.00797980144134,0.0,1.0,0.0,1.0,0.0,77.04202477177799,79.21677009028858,80.32288899134488,0,9,45,45,0,45,0,0,0,1200.0
700.0,1000.0,1220.6555615733703,55.00797980144134,0.0,1.0,0.0,1.0,0.0,112.27191401539895,116.85224002579304,119.42819317897477,0,9,45,45,0,45,0,0,0,1500.0
800.0,1000.0,1280.6248474865697,51.34019174590991,0.0,1.0,0.0,1.0,0.0,49.96847489848177,50.410616662500146,50.472586935373265,0,9,45,45,0,45,0,0,0,300.0
800.0,1000.0,1280.6248474865697,51.34019174590991,0.0,1.0,0.0,1.0,0.0,45.578261687145705,45.74291969977767,45.76620542592689,0,9,45,45,0,45,0,0,0,600.0
800.0,1000.0,1280.6248474865697,51.34019174590991,0.0,1.0,0.0,1.0,0.0,49.635066730142505,50.6069066659917,50.698692799347675,0,9,45,45,0,45,0,0,0,900.0
800.0,1000.0,1280.6248474865697,51.34019174590991,0.0,1.0,0.0,1.0,0.0,70.98946831152657,72.75103007923448,73.59201699479704,0,9,45,45,0,45,0,0,0,1200.0
800.0,1000.0,1280.6248474865697,51.34019174590991,0.0,1.0,0.0,1.0,0.0,103.09512461822655,106.87673059201879,108.96409089733976,0,9,45,45,0,45,0,0,0,1500.0
900.0,1000.0,1345.362404707371,48.01278750418334,0.0,1.0,0.0,1.0,0.0,54.75551972366136,55.335540796139085,55.424987829571165,0,9,45,45,0,45,0,0,0,300.0
900.0,1000.0,1345.362404707371,48.01278750418334,0.0,1.0,0.0,1.0,0.0,49.01981865731864,49.280886169900825,49.33273529377479,0,9,45,45,0,45,0,0,0,600.0
900.0,1000.0,1345.362404707371,48.01278750418334,0.0,1.0,0.0,0.4222222222222222,0.0,46.97947571050242,47.81051657944597,47.81300428098828,0,9,45,45,0,19,0,0,0,900.0
900.0,1000.0,1345.362404707371,48.01278750418334,0.0,1.0,0.0,1.0,0.0,65.7423226779131,67.21977608372703,67.78403078277366,0,9,45,45,0,45,0,0,0,1200.0
900.0,1000.0,1345.362404707371,48.01278750418334,0.0,1.0,0.0,1.0,0.0,94.78304585107983,97.87855426011842,99.53747547266195,0,9,45,45,0,45,0,0,0,1500.0
1000.0,1000.0,1414.213562373095,45.0,0.0,1.0,0.0,1.0,0.0,60.245872164504455,60.98953948281857,61.11150485586483,0,9,45,45,0,45,0,0,0,300.0
1000.0,1000.0,1414.213562373095,45.0,0.0,1.0,0.0,1.0,0.0,53.157329679018204,53.531186116829815,53.62353989121349,0,9,45,45,0,45,0,0,0,600.0
1000.0,1000.0,1414.213562373095,45.0,0.0,1.0,0.0,1.0,0.0,49.60150438824891,49.694919805369786,49.70592281142871,0,9,45,45,0,45,0,0,0,900.0
1000.0,1000.0,1414.213562373095,45.0,0.0,1.0,0.0,1.0,0.0,61.27882660676198,62.53786403237416,62.865021587158076,0,9,45,45,0,45,0,0,0,1200.0
1000.0,1000.0,1414.213562373095,45.0,0.0,1.0,0.0,1.0,0.0,87.34451649760823,89.83191270213823,91.14514633971409,0,9,45,45,0,45,0,0,0,1500.0
1100.0,1000.0,1486.6068747318504,42.27368900609374,0.0,1.0,0.0,1.0,0.0,66.4411628371043,67.37814721888125,67.5376008957396,0,9,45,45,0,45,0,0,0,300.0
1100.0,1000.0,1486.6068747318504,42.27368900609374,0.0,1.0,0.0,1.0,0.0,58.00565126449154,58.51257333213956,58.65739822925786,0,9,45,45,0,45,0,0,0,600.0
1100.0,1000.0,1486.6068747318504,42.27368900609374,0.0,1.0,0.0,1.0,0.0,52.90929447091527,53.099293614389,53.14012353738328,0,9,45,45,0,45,0,0,0,900.0
1100.0,1000.0,1486.6068747318504,42.27368900609374,0.0,1.0,0.0,1.0,0.0,57.56381193177153,58.649872959040096,58.78731425096212,0,9,45,45,0,45,0,0,0,1200.0
1100.0,1000.0,1486.6068747318504,42.27368900609374,0.0,1.0,0.0,1.0,0.0,80.78242956502908,82.75663979576527,83.77810209293558,0,9,45,45,0,45,0,0,0,1500.0
1200.0,1000.0,1562.049935181331,39.80557109226519,0.0,1.0,0.0,1.0,0.0,73.3421039802929,74.50600446607072,74.70784673940943,0,9,45,45,0,45,0,0,0,300.0
1200.0,1000.0,1562.049935181331,39.80557109226519,0.0,1.0,0.0,1.0,0.0,63.57458461444761,64.23884615947003,64.44789378481552,0,9,45,45,0,45,0,0,0,600.0
1200.0,1000.0,1562.049935181331,39.80557109226519,0.0,1.0,0.0,1.0,0.0,56.915076776595356,57.21560433554152,57.30652754863487,0,9,45,45,0,45,0,0,0,900.0
1200.0,1000.0,1562.049935181331,39.80557109226519,0.0,1.0,0.0,0.4222222222222222,0.0,54.54550679941884,55.495275613879116,55.499046790087874,0,9,45,45,0,19,0,0,0,1200.0
1200.0,1000.0,1562.049935181331,39.80557109226519,0.0,1.0,0.0,1.0,0.0,75.09029960414549,76.66817760608485,77.41782022768471,0,9,45,45,0,45,0,0,0,1500.0
1300.0,1000.0,1640.1219466856726,37.568592028827496,0.0,1.0,0.0,1.0,0.0,80.9487788732652,82.37714335773532,82.62621712755364,0,9,45,45,0,45,0,0,0,300.0
1300.0,1000.0,1640.1219466856726,37.568592028827496,0.0,1.0,0.0,1.0,0.0,69.86962914456554,70.71955639153592,71.00423828142618,0,9,45,45,0,45,0,0,0,600.0
1300.0,1000.0,1640.1219466856726,37.568592028827496,0.0,1.0,0.0,1.0,0.0,61.64875330955354,62.077686052205614,62.239435161211254,0,9,45,45,0,45,0,0,0,900.0
1300.0,1000.0,1640.1219466856726,37.568592028827496,0.0,1.0,0.0,1.0,0.0,57.52491568478571,57.632913940070154,57.65004824450111,0,9,45,45,0,45,0,0,0,1200.0
1300.0,1000.0,1640.1219466856726,37.568592028827496,0.0,1.0,0.0,1.0,0.0,70.24853788532437,71.59143630028498,72.03217518901691,0,9,45,45,0,45,0,0,0,1500.0
1400.0,1000.0,1720.4650534085254,35.53767779197438,0.0,1.0,0.0,1.0,0.0,89.26087838558895,90.99522309903725,91.29633045572903,0,9,45,45,0,45,0,0,0,300.0
1400.0,1000.0,1720.4650534085254,35.53767779197438,0.0,1.0,0.0,1.0,0.0,76.89302445186252,77.96102032711788,78.33237397698514,0,9,45,45,0,45,0,0,0,600.0
1400.0,1000.0,1720.4650534085254,35.53767779197438,0.0,1.0,0.0,1.0,0.0,67.1305222631644,67.70988216289821,67.96296304879212,0,9,45,45,0,45,0,0,0,900.0
1400.0,1000.0,1720.4650534085254,35.53767779197438,0.0,1.0,0.0,1.0,0.0,61.23245740682442,61.45102715240048,61.514474355107644,0,9,45,45,0,45,0,0,0,1200.0
1400.0,1000.0,1720.4650534085254,35.53767779197438,0.0,1.0,0.0,1.0,0.0,66.22120733330216,67.38629858246733,67.5718709257983,0,9,45,45,0,45,0,0,0,1500.0
1500.0,1000.0,1802.7756377319947,33.690067525979785,0.0,1.0,0.0,1.0,0.0,98.27787502686903,100.36370438712278,100.72162372559868,0,9,45,45,0,45,0,0,0,300.0
1500.0,1000.0,1802.7756377319947,33.690067525979785,0.0,1.0,0.0,1.0,0.0,84.64477050173824,85.96732131893972,86.43603525553884,0,9,45,45,0,45,0,0,0,600.0
1500.0,1000.0,1802.7756377319947,33.690067525979785,0.0,1.0,0.0,1.0,0.0,73.37199006288677,74.13002743561543,74.49231066652898,0,9,45,45,0,45,0,0,0,900.0
1500.0,1000.0,1802.7756377319947,33.690067525979785,0.0,1.0,0.0,1.0,0.0,65.68619320135966,66.03005884153166,66.17094497698001,0,9,45,45,0,45,0,0,0,1200.0
1500.0,1000.0,1802.7756377319947,33.690067525979785,0.0,1.0,0.0,0.4222222222222222,0.0,62.950947492288904,63.97753160055076,63.9826138691932,0,9,45,45,0,19,0,0,0,1500.0
1600.0,1000.0,1886.7962264113207,32.005383208083494,0.0,1.0,0.0,1.0,0.0,107.99914141283551,110.48596900282485,110.90547068404852,0,9,45,45,0,45,0,0,0,300.0
1600.0,1000.0,1886.7962264113207,32.005383208083494,0.0,1.0,0.0,1.0,0.0,93.123472202371,94.74114681079786,95.31761625356141,0,9,45,45,0,45,0,0,0,600.0
1600.0,1000.0,1886.7962264113207,32.005383208083494,0.0,1.0,0.0,1.0,0.0,80.37801876691175,81.35689335801037,81.835773054192,0,9,45,45,0,45,0,0,0,900.0
1600.0,1000.0,1886.7962264113207,32.005383208083494,0.0,1.0,0.0,1.0,0.0,70.92072351234755,71.41572093486515,71.65864063040927,0,9,45,45,0,45,0,0,0,1200.0
1600.0,1000.0,1886.7962264113207,32.005383208083494,0.0,1.0,0.0,1.0,0.0,66.17666086233066,66.30051296309725,66.32532732768233,0,9,45,45,0,45,0,0,0,1500.0
1700.0,1000.0,1972.308292331602,30.46554491945988,0.0,1.0,0.0,1.0,0.0,118.42402562039302,121.3653965649407,121.85125632018679,0,9,45,45,0,45,0,0,0,300.0
1700.0,1000.0,1972.308292331602,30.46554491945988,0.0,1.0,0.0,1.0,0.0,102.32696692787536,104.2844148089726,104.9788078279961,0,9,45,45,0,45,0,0,0,600.0
1700.0,1000.0,1972.308292331602,30.46554491945988,0.0,1.0,0.0,1.0,0.0,88.14869528933924,89.38380586543931,89.99684277095281,0,9,45,45,0,45,0,0,0,900.0
1700.0,1000.0,1972.308292331602,30.46554491945988,0.0,1.0,0.0,1.0,0.0,76.95714915329413,77.64557961926016,78.00239428417565,0,9,45,45,0,45,0,0,0,1200.0
1700.0,1000.0,1972.308292331602,30.46554491945988,0.0,1.0,0.0,1.0,0.0,70.19572020022004,70.44477891287445,70.53634176054531,0,9,45,45,0,45,0,0,0,1500.0
1800.0,1000.0,2059.1260281974,29.054604099077146,0.0,1.0,0.0,1.0,0.0,129.5518958171245,133.00541056707067,133.56242051463036,0,9,45,45,0,45,0,0,0,300.0
1800.0,1000.0,2059.1260281974,29.054604099077146,0.0,1.0,0.0,1.0,0.0,112.25275415766491,114.59870600669673,115.42102825815915,0,9,45,45,0,45,0,0,0,600.0
1800.0,1000.0,2059.1260281974,29.054604099077146,0.0,1.0,0.0,1.0,0.0,96.68105472636512,98.21081540188743,98.97601919428979,0,9,45,45,0,45,0,0,0,900.0
1800.0,1000.0,2059.1260281974,29.054604099077146,0.0,1.0,0.0,1.0,0.0,83.8053118297083,84.73036886530488,85.21523342607087,0,9,45,45,0,45,0,0,0,1200.0
1800.0,1000.0,2059.1260281974,29.054604099077146,0.0,1.0,0.0,1.0,0.0,75.02661300897292,75.42218962731765,75.61854707083994,0,9,45,45,0,45,0,0,0,1500.0
-500.0,1100.0,1208.3045973594571,114.44395478041653,0.0,1.0,0.0,1.0,0.0,67.22292493480984,69.92980809881963,70.33323898156617,0,9,45,45,0,45,0,0,0,300.0
-500.0,1100.0,1208.3045973594571,114.44395478041653,0.0,1.0,0.0,1.0,0.0,100.13961068171812,105.12472455998187,106.72919515129405,0,9,45,45,0,45,0,0,0,600.0
-500.0,1100.0,1208.3045973594571,114.44395478041653,0.0,1.0,0.0,1.0,0.0,144.4238059362405,152.79083746122473,156.82315975660222,0,9,45,45,0,45,0,0,0,900.0
-500.0,1100.0,1208.3045973594571,114.44395478041653,0.0,1.0,0.0,1.0,0.0,200.00904068514507,213.9327269372634,221.40014793560246,0,9,45,45,0,45,0,0,0,1200.0
-500.0,1100.0,1208.3045973594571,114.44395478041653,0.0,1.0,0.0,1.0,0.0,266.9960338709424,289.1904477264279,301.4659320177887,0,9,45,45,0,45,0,0,0,1500.0
-400.0,1100.0,1170.4699910719626,109.98310652189998,0.0,1.0,0.0,1.0,0.0,61.57105028789593,63.80598616990943,64.12208122140424,0,9,45,45,0,45,0,0,0,300.0
-400.0,1100.0,1170.4699910719626,109.98310652189998,0.0,1.0,0.0,1.0,0.0,91.74451556566643,95.9635511856938,97.31106696893806,0,9,45,45,0,45,0,0,0,600.0
-400.0,1100.0,1170.4699910719626,109.98310652189998,0.0,1.0,0.0,1.0,0.0,133.23260589112112,140.44418857285854,143.94605533701355,0,9,45,45,0,45,0,0,0,900.0
-400.0,1100.0,1170.4699910719626,109.98310652189998,0.0,1.0,0.0,1.0,0.0,185.96034334259787,198.21472033836292,204.7913004650133,0,9,45,45,0,45,0,0,0,1200.0
-400.0,1100.0,1170.4699910719626,109.98310652189998,0.0,1.0,0.0,1.0,0.0,250.0409751720209,269.88155810904203,280.84970090575064,0,9,45,45,0,45,0,0,0,1500.0
-300.0,1100.0,1140.175425099138,105.25511870305779,0.0,1.0,0.0,1.0,0.0,56.561564833820256,58.395324696941934,58.63512326601858,0,9,45,45,0,45,0,0,0,300.0
-300.0,1100.0,1140.175425099138,105.25511870305779,0.0,1.0,0.0,1.0,0.0,84.0121621711092,87.56839947914617,88.68284175042402,0,9,45,45,0,45,0,0,0,600.0
-300.0,1100.0,1140.175425099138,105.25511870305779,0.0,1.0,0.0,1.0,0.0,122.71981384037436,128.912767718895,131.92247641368434,0,9,45,45,0,45,0,0,0,900.0
-300.0,1100.0,1140.175425099138,105.25511870305779,0.0,1.0,0.0,1.0,0.0,172.59835971666934,183.33797368405038,189.09568027667297,0,9,45,45,0,45,0,0,0,1200.0
-300.0,1100.0,1140.175425099138,105.25511870305779,0.0,1.0,0.0,1.0,0.0,233.77732103097753,251.44545374739442,261.2068528889543,0,9,45,45,0,45,0,0,0,1500.0
-200.0,1100.0,1118.033988749895,100.30484646876603,0.0,1.0,0.0,1.0,0.0,52.19222156799673,53.68592773798883,53.86020200572527,0,9,45,45,0,45,0,0,0,300.0
-200.0,1100.0,1118.033988749895,100.30484646876603,0.0,1.0,0.0,1.0,0.0,76.9426247200671,79.92938282286552,80.83414063724507,0,9,45,45,0,45,0,0,0,600.0
-200.0,1100.0,1118.033988749895,100.30484646876603,0.0,1.0,0.0,1.0,0.0,112.88810762838148,118.17750039345246,120.74387429919692,0,9,45,45,0,45,0,0,0,900.0
-200.0,1100.0,1118.033988749895,100.30484646876603,0.0,1.0,0.0,1.0,0.0,159.92642375178252,169.29078338670752,174.304471290126,0,9,45,45,0,45,0,0,0,1200.0
-200.0,1100.0,1118.033988749895,100.30484646876603,0.0,1.0,0.0,1.0,0.0,218.2078956613486,233.87657065936276,242.52702139343793,0,9,45,45,0,45,0,0,0,1500.0
-100.0,1100.0,1104.536101718726,95.1944289077348,0.0,1.0,0.0,1.0,0.0,48.45998518566953,49.66524217571302,49.78449184104117,0,9,45,45,0,45,0,0,0,300.0
-100.0,1100.0,1104.536101718726,95.1944289077348,0.0,1.0,0.0,1.0,0.0,70.53517995924464,73.03602855819904,73.75398066049223,0,9,45,45,0,45,0,0,0,600.0
-100.0,1100.0,1104.536101718726,95.1944289077348,0.0,1.0,0.0,1.0,0.0,103.74030954262146,108.23290858751326,110.40207309404042,0,9,45,45,0,45,0,0,0,900.0
-100.0,1100.0,1104.536101718726,95.1944289077348,0.0,1.0,0.0,1.0,0.0,147.94849921305723,156.06938635188303,160.40973226086393,0,9,45,45,0,45,0,0,0,1200.0
-100.0,1100.0,1104.536101718726,95.1944289077348,0.0,1.0,0.0,1.0,0.0,203.33623767606502,217.17020439742777,224.80081518093243,0,9,45,45,0,45,0,0,0,1500.0
0.0,1100.0,1100.0,90.0,0.0,1.0,0.0,1.0,0.0,45.360973746759214,46.31997343102432,46.39442660085476,0,9,45,45,0,45,0,0,0,300.0
0.0,1100.0,1100.0,90.0,0.0,1.0,0.0,1.0,0.0,64.78782544124601,66.87680311286078,67.43028450336688,0,9,45,45,0,45,0,0,0,600.0
0.0,1100.0,1100.0,90.0,0.0,1.0,0.0,1.0,0.0,95.27914418138721,99.07358066078945,100.88902997510915,0,9,45,45,0,45,0,0,0,900.0
0.0,1100.0,1100.0,90.0,0.0,1.0,0.0,1.0,0.0,136.66916753556308,143.6707804603901,147.4043888406262,0,9,45,45,0,45,0,0,0,1200.0
0.0,1100.0,1100.0,90.0,0.0,1.0,0.0,1.0,0.0,189.16667134710124,201.3225824328747,208.01989031853924,0,9,45,45,0,45,0,0,0,1500.0
100.0,1100.0,1104.536101718726,84.8055710922652,0.0,1.0,0.0,1.0,0.0,42.89057033168957,43.63616051563918,43.67578747516706,0,9,45,45,0,45,0,0,0,300.0
100.0,1100.0,1104.536101718726,84.8055710922652,0.0,1.0,0.0,1.0,0.0,59.6966965221756,61.438533200970426,61.849281865723846,0,9,45,45,0,45,0,0,0,600.0
100.0,1100.0,1104.536101718726,84.8055710922652,0.0,1.0,0.0,1.0,0.0,87.50685842087164,90.71360814436758,92.19645525696305,0,9,45,45,0,45,0,0,0,900.0
100.0,1100.0,1104.536101718726,84.8055710922652,0.0,1.0,0.0,1.0,0.0,126.09356262882386,132.09266399109694,135.28217430086744,0,9,45,45,0,45,0,0,0,1200.0
100.0,1100.0,1104.536101718726,84.8055710922652,0.0,1.0,0.0,1.0,0.0,175.7043721398967,186.33093237435963,192.1770189372417,0,9,45,45,0,45,0,0,0,1500.0
200.0,1100.0,1118.033988749895,79.69515353123397,0.0,1.0,0.0,1.0,0.0,41.04377419113488,41.599481890975035,41.61402938530695,0,9,45,45,0,45,0,0,0,300.0
200.0,1100.0,1118.033988749895,79.69515353123397,0.0,1.0,0.0,1.0,0.0,55.255443722818825,56.70578004963059,56.99486212132577,0,9,45,45,0,45,0,0,0,600.0
200.0,1100.0,1118.033988749895,79.69515353123397,0.0,1.0,0.0,1.0,0.0,80.42466194758269,83.13064208814819,84.31524760987091,0,9,45,45,0,45,0,0,0,900.0
200.0,1100.0,1118.033988749895,79.69515353123397,0.0,1.0,0.0,1.0,0.0,116.22722171123172,121.33329174626199,124.03748705078571,0,9,45,45,0,45,0,0,0,1200.0
200.0,1100.0,1118.033988749895,79.69515353123397,0.0,1.0,0.0,1.0,0.0,162.95541610375113,172.18060735474126,177.26614464143705,0,9,45,45,0,45,0,0,0,1500.0
300.0,1100.0,1140.175425099138,74.74488129694222,0.0,1.0,0.8,0.4222222222222222,0.2222222222222222,39.815592664116544,40.195472872359545,40.19583562412672,0,9,45,45,36,19,10,26,0,300.0
300.0,1100.0,1140.175425099138,74.74488129694222,0.0,1.0,0.0,1.0,0.0,51.454700117645146,52.660288859328716,52.8480077783038,0,9,45,45,0,45,0,0,0,600.0
300.0,1100.0,1140.175425099138,74.74488129694222,0.0,1.0,0.0,1.0,0.0,74.0319545585729,76.31402102675395,77.23470657531252,0,9,45,45,0,45,0,0,0,900.0
300.0,1100.0,1140.175425099138,74.74488129694222,0.0,1.0,0.0,1.0,0.0,107.07580994744166,111.39120451816453,113.66512072254069,0,9,45,45,0,45,0,0,0,1200.0
300.0,1100.0,1140.175425099138,74.74488129694222,0.0,1.0,0.0,1.0,0.0,150.92679653002932,158.8901502124338,163.28240802463193,0,9,45,45,0,45,0,0,0,1500.0
400.0,1100.0,1170.4699910719626,70.01689347810003,0.0,1.0,0.0,1.0,0.0,41.01726302429254,41.0885251694119,41.09082390241048,0,9,45,45,0,45,0,0,0,300.0
400.0,1100.0,1170.4699910719626,70.01689347810003,0.0,1.0,0.0,1.0,0.0,48.28184305657462,49.28070759418004,49.38651591246274,0,9,45,45,0,45,0,0,0,600.0
400.0,1100.0,1170.4699910719626,70.01689347810003,0.0,1.0,0.0,1.0,0.0,68.32533455167498,70.25127915511219,70.94151252353657,0,9,45,45,0,45,0,0,0,900.0
400.0,1100.0,1170.4699910719626,70.01689347810003,0.0,1.0,0.0,1.0,0.0,98.64466509864175,102.26477604718659,104.15980946919855,0,9,45,45,0,45,0,0,0,1200.0
400.0,1100.0,1170.4699910719626,70.01689347810003,0.0,1.0,0.0,1.0,0.0,139.62638255366417,146.46021858015874,150.22211648819942,0,9,45,45,0,45,0,0,0,1500.0
500.0,1100.0,1208.3045973594571,65.55604521958347,0.0,1.0,0.0,1.0,0.0,42.86056711184577,43.002863853309236,43.011174426230696,0,9,45,45,0,45,0,0,0,300.0
500.0,1100.0,1208.3045973594571,65.55604521958347,0.0,1.0,0.0,1.0,0.0,45.72129879128489,46.54281251908288,46.585261966688776,0,9,45,45,0,45,0,0,0,600.0
500.0,1100.0,1208.3045973594571,65.55604521958347,0.0,1.0,0.0,1.0,0.0,63.29744175489609,64.92631284323488,65.41852538207607,0,9,45,45,0,45,0,0,0,900.0
500.0,1100.0,1208.3045973594571,65.55604521958347,0.0,1.0,0.0,1.0,0.0,90.93810062924366,93.95521309582641,95.51552138644013,0,9,45,45,0,45,0,0,0,1200.0
500.0,1100.0,1208.3045973594571,65.55604521958347,0.0,1.0,0.0,1.0,0.0,129.0627826467318,134.8910027330317,138.08261984840183,0,9,45,45,0,45,0,0,0,1500.0
600.0,1100.0,1252.9964086141667,61.38954033403479,0.0,1.0,0.0,1.0,0.0,45.326061226646814,45.548215049081925,45.5664796835808,0,9,45,45,0,45,0,0,0,300.0
600.0,1100.0,1252.9964086141667,61.38954033403479,0.0,1.0,0.0,0.4222222222222222,0.0,43.754830607406156,44.419299640677075,44.420523552241875,0,9,45,45,0,19,0,0,0,600.0
600.0,1100.0,1252.9964086141667,61.38954033403479,0.0,1.0,0.0,1.0,0.0,58.93578424568383,60.31822837029139,60.64355419005708,0,9,45,45,0,45,0,0,0,900.0
600.0,1100.0,1252.9964086141667,61.38954033403479,0.0,1.0,0.0,1.0,0.0,83.9584095104367,86.46900730264385,87.72443494719595,0,9,45,45,0,45,0,0,0,1200.0
600.0,1100.0,1252.9964086141667,61.38954033403479,0.0,1.0,0.0,1.0,0.0,119.24547956746711,124.18335127097245,126.8620370194872,0,9,45,45,0,45,0,0,0,1500.0
700.0,1100.0,1303.8404810405298,57.52880770915151,0.0,1.0,0.0,1.0,0.0,48.4184879691496,48.73236474535406,48.764659868969304,0,9,45,45,0,45,0,0,0,300.0
700.0,1100.0,1303.8404810405298,57.52880770915151,0.0,1.0,0.0,1.0,0.0,45.691020154716256,45.77019529533395,45.775348954498774,0,9,45,45,0,45,0,0,0,600.0
700.0,1100.0,1303.8404810405298,57.52880770915151,0.0,1.0,0.0,1.0,0.0,55.22181741165773,56.400423347673204,56.5883774592442,0,9,45,45,0,45,0,0,0,900.0
700.0,1100.0,1303.8404810405298,57.52880770915151,0.0,1.0,0.0,1.0,0.0,77.70453841324672,79.78362302683992,80.77556046856759,0,9,45,45,0,45,0,0,0,1200.0
700.0,1100.0,1303.8404810405298,57.52880770915151,0.0,1.0,0.0,1.0,0.0,110.18224241687648,114.33062441167647,116.55876084022303,0,9,45,45,0,45,0,0,0,1500.0
800.0,1100.0,1360.1470508735442,53.97262661489639,0.0,1.0,0.0,1.0,0.0,52.14213033105346,52.5626914022714,52.61316161277642,0,9,45,45,0,45,0,0,0,300.0
800.0,1100.0,1360.1470508735442,53.97262661489639,0.0,1.0,0.0,1.0,0.0,48.24667065187207,48.406052338274094,48.424880160973395,0,9,45,45,0,45,0,0,0,600.0
800.0,1100.0,1360.1470508735442,53.97262661489639,0.0,1.0,0.0,1.0,0.0,52.13064632864324,53.14025359970552,53.21840466908945,0,9,45,45,0,45,0,0,0,900.0
800.0,1100.0,1360.1470508735442,53.97262661489639,0.0,1.0,0.0,1.0,0.0,72.17046750106243,73.93370889950008,74.65303760707583,0,9,45,45,0,45,0,0,0,1200.0
800.0,1100.0,1360.1470508735442,53.97262661489639,0.0,1.0,0.0,1.0,0.0,101.88251715528722,105.33370250801255,107.1706523706551,0,9,45,45,0,45,0,0,0,1500.0
900.0,1100.0,1421.2670403551895,50.71059313749964,0.0,1.0,0.0,1.0,0.0,56.50046078212331,57.045807244958056,57.11861154123974,0,9,45,45,0,45,0,0,0,300.0
900.0,1100.0,1421.2670403551895,50.71059313749964,0.0,1.0,0.0,1.0,0.0,51.41310577402575,51.66329719092582,51.704990886618845,0,9,45,45,0,45,0,0,0,600.0
900.0,1100.0,1421.2670403551895,50.71059313749964,0.0,1.0,0.0,0.4222222222222222,0.0,49.63021133065614,50.497441471037945,50.499806836066796,0,9,45,45,0,19,0,0,0,900.0
900.0,1100.0,1421.2670403551895,50.71059313749964,0.0,1.0,0.0,1.0,0.0,67.34344393202055,68.85520911740652,69.33426255128526,0,9,45,45,0,45,0,0,0,1200.0
900.0,1100.0,1421.2670403551895,50.71059313749964,0.0,1.0,0.0,1.0,0.0,94.3520801078809,97.19723277184941,98.69383231939437,0,9,45,45,0,45,0,0,0,1500.0
1000.0,1100.0,1486.6068747318504,47.72631099390627,0.0,1.0,0.0,1.0,0.0,61.49602948225901,62.18743747492053,62.28671294334907,0,9,45,45,0,45,0,0,0,300.0
1000.0,1100.0,1486.6068747318504,47.72631099390627,0.0,1.0,0.0,1.0,0.0,55.205570102882454,55.56022266516846,55.63432014083009,0,9,45,45,0,45,0,0,0,600.0
1000.0,1100.0,1486.6068747318504,47.72631099390627,0.0,1.0,0.0,1.0,0.0,52.09577832811697,52.18581659392056,52.19468672030434,0,9,45,45,0,45,0,0,0,900.0
1000.0,1100.0,1486.6068747318504,47.72631099390627,0.0,1.0,0.0,1.0,0.0,63.20236760832516,64.50853897324671,64.78816558094304,0,9,45,45,0,45,0,0,0,1200.0
1000.0,1100.0,1486.6068747318504,47.72631099390627,0.0,1.0,0.0,1.0,0.0,87.59353526895043,89.917346105848,91.12100191470334,0,9,45,45,0,45,0,0,0,1500.0
1100.0,1100.0,1555.6349186104046,45.0,0.0,1.0,0.0,1.0,0.0,67.13052226316469,67.99247032437071,68.12231289583507,0,9,45,45,0,45,0,0,0,300.0
1100.0,1100.0,1555.6349186104046,45.0,0.0,1.0,0.0,1.0,0.0,59.636286107172396,60.11221338923594,60.22835968514009,0,9,45,45,0,45,0,0,0,600.0
1100.0,1100.0,1555.6349186104046,45.0,0.0,1.0,0.0,1.0,0.0,55.18094938671887,55.362329991098406,55.39483580445245,0,9,45,45,0,45,0,0,0,900.0
1100.0,1100.0,1555.6349186104046,45.0,0.0,1.0,0.0,1.0,0.0,59.716771264806454,60.85614690660731,60.974121444774205,0,9,45,45,0,45,0,0,0,1200.0
1100.0,1100.0,1555.6349186104046,45.0,0.0,1.0,0.0,1.0,0.0,81.60388961825225,83.50987133492387,84.4392998543318,0,9,45,45,0,45,0,0,0,1500.0
1200.0,1100.0,1627.8820596099706,42.510447078000844,0.0,1.0,0.0,1.0,0.0,73.4049082939066,74.46509891113541,74.62955762937338,0,9,45,45,0,45,0,0,0,300.0
1200.0,1100.0,1627.8820596099706,42.510447078000844,0.0,1.0,0.0,1.0,0.0,64.71414861202247,65.3314089262789,65.49917434663124,0,9,45,45,0,45,0,0,0,600.0
1200.0,1100.0,1627.8820596099706,42.510447078000844,0.0,1.0,0.0,1.0,0.0,58.88722537141957,59.171737457973464,59.24382001629154,0,9,45,45,0,45,0,0,0,900.0
1200.0,1100.0,1627.8820596099706,42.510447078000844,0.0,1.0,0.0,0.4222222222222222,0.0,56.84451777490392,57.84831971885278,57.851948411407236,0,9,45,45,0,19,0,0,0,1200.0
1200.0,1100.0,1627.8820596099706,42.510447078000844,0.0,1.0,0.0,1.0,0.0,76.37227567717777,77.9827658854546,78.6278434134025,0,9,45,45,0,45,0,0,0,1500.0
1300.0,1100.0,1702.93863659264,40.23635830927382,0.0,1.0,0.0,1.0,0.0,80.31961434331495,81.60899190201994,81.81207223144938,0,9,45,45,0,45,0,0,0,300.0
1300.0,1100.0,1702.93863659264,40.23635830927382,0.0,1.0,0.0,1.0,0.0,70.44496186745302,71.22691143776137,71.45567757029528,0,9,45,45,0,45,0,0,0,600.0
1300.0,1100.0,1702.93863659264,40.23635830927382,0.0,1.0,0.0,1.0,0.0,63.23911175258056,63.64169508151649,63.76980402819584,0,9,45,45,0,45,0,0,0,900.0
1300.0,1100.0,1702.93863659264,40.23635830927382,0.0,1.0,0.0,1.0,0.0,59.67678155283552,59.77965360647225,59.79328816094049,0,9,45,45,0,45,0,0,0,1200.0
1300.0,1100.0,1702.93863659264,40.23635830927382,0.0,1.0,0.0,1.0,0.0,71.87772136130907,73.27754165415953,73.65530428725289,0,9,45,45,0,45,0,0,0,1500.0
1400.0,1100.0,1780.4493814764855,38.15722658736906,0.0,1.0,0.0,1.0,0.0,87.87468734713745,89.42745428908893,89.67312648166565,0,9,45,45,0,45,0,0,0,300.0
1400.0,1100.0,1780.4493814764855,38.15722658736906,0.0,1.0,0.0,1.0,0.0,76.83197092824973,77.8052940704313,78.10420085829466,0,9,45,45,0,45,0,0,0,600.0
1400.0,1100.0,1780.4493814764855,38.15722658736906,0.0,1.0,0.0,1.0,0.0,68.25469616477663,68.79360879979473,68.99421920855704,0,9,45,45,0,45,0,0,0,900.0
1400.0,1100.0,1780.4493814764855,38.15722658736906,0.0,1.0,0.0,1.0,0.0,63.155491066393225,63.36204808250655,63.41196961499651,0,9,45,45,0,45,0,0,0,1200.0
1400.0,1100.0,1780.4493814764855,38.15722658736906,0.0,1.0,0.0,1.0,0.0,68.08746297311578,69.31796225085245,69.47807916854603,0,9,45,45,0,45,0,0,0,1500.0
1500.0,1100.0,1860.1075237738273,36.25383773744479,0.0,1.0,0.0,1.0,0.0,96.0699279744767,97.92356042824495,98.21577001475984,0,9,45,45,0,45,0,0,0,300.0
1500.0,1100.0,1860.1075237738273,36.25383773744479,0.0,1.0,0.0,1.0,0.0,83.87648318462153,85.07120709388198,85.44914547871583,0,9,45,45,0,45,0,0,0,600.0
1500.0,1100.0,1860.1075237738273,36.25383773744479,0.0,1.0,0.0,1.0,0.0,73.94594345285802,74.64287057797887,74.93213350931265,0,9,45,45,0,45,0,0,0,900.0
1500.0,1100.0,1860.1075237738273,36.25383773744479,0.0,1.0,0.0,1.0,0.0,67.28778066009697,67.61054463668287,67.72106014553918,0,9,45,45,0,45,0,0,0,1200.0
1500.0,1100.0,1860.1075237738273,36.25383773744479,0.0,1.0,0.0,0.4222222222222222,0.0,64.9531287050694,66.04834203680983,66.05327581735459,0,9,45,45,0,19,0,0,0,1500.0
1600.0,1100.0,1941.6487838947598,34.5085229876684,0.0,1.0,0.0,1.0,0.0,104.90499146973477,107.10025512577967,107.44293365743626,0,9,45,45,0,45,0,0,0,300.0
1600.0,1100.0,1941.6487838947598,34.5085229876684,0.0,1.0,0.0,1.0,0.0,91.57845042768801,93.02795129615669,93.49358467497903,0,9,45,45,0,45,0,0,0,600.0
1600.0,1100.0,1941.6487838947598,34.5085229876684,0.0,1.0,0.0,1.0,0.0,80.31961434331585,81.19972649744588,81.59326452778878,0,9,45,45,0,45,0,0,0,900.0
1600.0,1100.0,1941.6487838947598,34.5085229876684,0.0,1.0,0.0,1.0,0.0,72.103681125391,72.55851679508083,72.75448656741786,0,9,45,45,0,45,0,0,0,1200.0
1600.0,1100.0,1941.6487838947598,34.5085229876684,0.0,1.0,0.0,1.0,0.0,68.04199977555254,68.15898670244857,68.17854408491449,0,9,45,45,0,45,0,0,0,1500.0
1700.0,1100.0,2024.8456731316587,32.9052429229879,0.0,1.0,0.0,1.0,0.0,114.37945903887882,116.96042567638645,117.35750068107278,0,9,45,45,0,45,0,0,0,300.0
1700.0,1100.0,2024.8456731316587,32.9052429229879,0.0,1.0,0.0,1.0,0.0,99.93694979696255,101.67795526541599,102.23975584073864,0,9,45,45,0,45,0,0,0,600.0
1700.0,1100.0,2024.8456731316587,32.9052429229879,0.0,1.0,0.0,1.0,0.0,87.37843687711603,88.470411036826,88.98323768191871,0,9,45,45,0,45,0,0,0,900.0
1700.0,1100.0,2024.8456731316587,32.9052429229879,0.0,1.0,0.0,1.0,0.0,77.62378848735008,78.23718471893295,78.53616815236974,0,9,45,45,0,45,0,0,0,1200.0
1700.0,1100.0,2024.8456731316587,32.9052429229879,0.0,1.0,0.0,1.0,0.0,71.82463267461397,72.05836884569854,72.12979296708609,0,9,45,45,0,45,0,0,0,1500.0
1800.0,1100.0,2109.5023109728986,31.429565614838516,0.0,1.0,0.0,1.0,0.0,124.4928856367604,127.50695046957011,127.96235415909794,0,9,45,45,0,45,0,0,0,300.0
1800.0,1100.0,2109.5023109728986,31.429565614838516,0.0,1.0,0.0,1.0,0.0,108.95054855000937,111.02313974669218,111.68942999048635,0,9,45,45,0,45,0,0,0,600.0
1800.0,1100.0,2109.5023109728986,31.429565614838516,0.0,1.0,0.0,1.0,0.0,95.12226194067732,96.46309805946348,97.10480705268604,0,9,45,45,0,45,0,0,0,900.0
1800.0,1100.0,2109.5023109728986,31.429565614838516,0.0,1.0,0.0,1.0,0.0,83.86028044464926,84.67015133410328,85.08118725873754,0,9,45,45,0,45,0,0,0,1200.0
1800.0,1100.0,2109.5023109728986,31.429565614838516,0.0,1.0,0.0,1.0,0.0,76.30942135792984,76.67282080073105,76.8304847664721,0,9,45,45,0,45,0,0,0,1500.0
-500.0,1200.0,1300.0,112.61986494804043,0.0,1.0,0.0,1.0,0.0,68.36606353286041,70.93816200272529,71.27795699694536,0,9,45,45,0,45,0,0,0,300.0
-500.0,1200.0,1300.0,112.61986494804043,0.0,1.0,0.0,1.0,0.0,98.69505632438252,103.31016270940191,104.65862937970716,0,9,45,45,0,45,0,0,0,600.0
-500.0,1200.0,1300.0,112.61986494804043,0.0,1.0,0.0,1.0,0.0,139.46657238366433,147.03918101408445,150.41579114731357,0,9,45,45,0,45,0,0,0,900.0
-500.0,1200.0,1300.0,112.61986494804043,0.0,1.0,0.0,1.0,0.0,190.5629485168109,202.76863366018438,209.13500002769644,0,9,45,45,0,45,0,0,0,1200.0
-500.0,1200.0,1300.0,112.61986494804043,0.0,1.0,0.0,1.0,0.0,252.0538714784737,271.17529966587443,281.6266895595486,0,9,45,45,0,45,0,0,0,1500.0
-400.0,1200.0,1264.9110640673518,108.43494882292202,0.0,1.0,0.0,1.0,0.0,63.183249356311826,65.32979200134125,65.59635445387498,0,9,45,45,0,45,0,0,0,300.0
-400.0,1200.0,1264.9110640673518,108.43494882292202,0.0,1.0,0.0,1.0,0.0,91.00700645237833,94.95040113938805,96.08447305233696,0,9,45,45,0,45,0,0,0,600.0
-400.0,1200.0,1264.9110640673518,108.43494882292202,0.0,1.0,0.0,1.0,0.0,129.23352337266186,135.79872657114242,138.74427640092665,0,9,45,45,0,45,0,0,0,900.0
-400.0,1200.0,1264.9110640673518,108.43494882292202,0.0,1.0,0.0,1.0,0.0,177.7291326820628,188.49538981437698,194.1366685498233,0,9,45,45,0,45,0,0,0,1200.0
-400.0,1200.0,1264.9110640673518,108.43494882292202,0.0,1.0,0.0,1.0,0.0,236.57329116317123,253.70976588259924,263.0708286819894,0,9,45,45,0,45,0,0,0,1500.0
-300.0,1200.0,1236.9316876852981,104.03624346792648,0.0,1.0,0.0,1.0,0.0,58.587485221896046,60.36790069695532,60.570378767718275,0,9,45,45,0,45,0,0,0,300.0
-300.0,1200.0,1236.9316876852981,104.03624346792648,0.0,1.0,0.0,1.0,0.0,83.9232879851868,87.281610919983,88.22095993913184,0,9,45,45,0,45,0,0,0,600.0
-300.0,1200.0,1236.9316876852981,104.03624346792648,0.0,1.0,0.0,1.0,0.0,119.6201675381837,125.29226314043217,127.83832781120867,0,9,45,45,0,45,0,0,0,900.0
-300.0,1200.0,1236.9316876852981,104.03624346792648,0.0,1.0,0.0,1.0,0.0,165.52375081234152,174.981414903097,179.95467451671124,0,9,45,45,0,45,0,0,0,1200.0
-300.0,1200.0,1236.9316876852981,104.03624346792648,0.0,1.0,0.0,1.0,0.0,221.72578463670635,237.0278460413438,245.38092783546224,0,9,45,45,0,45,0,0,0,1500.0
-200.0,1200.0,1216.552506059644,99.46232220802563,0.0,1.0,0.0,1.0,0.0,54.576756424916766,56.04240400009282,56.189742347095525,0,9,45,45,0,45,0,0,0,300.0
-200.0,1200.0,1216.552506059644,99.46232220802563,0.0,1.0,0.0,1.0,0.0,77.44330456156825,80.29494208652972,81.05884733161693,0,9,45,45,0,45,0,0,0,600.0
-200.0,1200.0,1216.552506059644,99.46232220802563,0.0,1.0,0.0,1.0,0.0,110.62837598729945,115.51299365639339,117.6906137776236,0,9,45,45,0,45,0,0,0,900.0
-200.0,1200.0,1216.552506059644,99.46232220802563,0.0,1.0,0.0,1.0,0.0,153.94970378203416,162.222250584401,166.58203800095555,0,9,45,45,0,45,0,0,0,1200.0
-200.0,1200.0,1216.552506059644,99.46232220802563,0.0,1.0,0.0,1.0,0.0,207.51414129373822,221.12550345654574,228.5491307075503,0,9,45,45,0,45,0,0,0,1500.0
-100.0,1200.0,1204.1594578792296,94.76364169072617,0.0,1.0,0.0,1.0,0.0,51.148508806479015,52.34276804445076,52.443707642487986,0,9,45,45,0,45,0,0,0,300.0
-100.0,1200.0,1204.1594578792296,94.76364169072617,0.0,1.0,0.0,1.0,0.0,71.56565936563099,73.98090384974762,74.5882323937158,0,9,45,45,0,45,0,0,0,600.0
-100.0,1200.0,1204.1594578792296,94.76364169072617,0.0,1.0,0.0,1.0,0.0,102.25992030619048,106.45418589377941,108.29387460597249,0,9,45,45,0,45,0,0,0,900.0
-100.0,1200.0,1204.1594578792296,94.76364169072617,0.0,1.0,0.0,1.0,0.0,143.01029006985888,150.21396050077746,154.01236244807484,0,9,45,45,0,45,0,0,0,1200.0
-100.0,1200.0,1204.1594578792296,94.76364169072617,0.0,1.0,0.0,1.0,0.0,193.94170796005668,205.99936897058362,212.568334060617,0,9,45,45,0,45,0,0,0,1500.0
0.0,1200.0,1200.0,90.0,0.0,1.0,0.0,1.0,0.0,48.299663274884814,49.25800358541249,49.32108753553287,0,9,45,45,0,45,0,0,0,300.0
0.0,1200.0,1200.0,90.0,0.0,1.0,0.0,1.0,0.0,66.2878078684454,68.32901896268504,68.79819618373068,0,9,45,45,0,45,0,0,0,600.0
0.0,1200.0,1200.0,90.0,0.0,1.0,0.0,1.0,0.0,94.51622740113612,98.1089349719822,99.64067740456329,0,9,45,45,0,45,0,0,0,900.0
0.0,1200.0,1200.0,90.0,0.0,1.0,0.0,1.0,0.0,132.70914709323606,138.95307432846482,142.2397793762924,0,9,45,45,0,45,0,0,0,1200.0
0.0,1200.0,1200.0,90.0,0.0,1.0,0.0,1.0,0.0,181.01242217725982,191.6467760306116,197.43222310265867,0,9,45,45,0,45,0,0,0,1500.0
100.0,1200.0,1204.1594578792296,85.23635830927383,0.0,1.0,0.0,1.0,0.0,46.02674664919957,46.77677119316495,46.810360411602396,0,9,45,45,0,45,0,0,0,300.0
100.0,1200.0,1204.1594578792296,85.23635830927383,0.0,1.0,0.0,1.0,0.0,61.6056777230573,63.327441217558615,63.67640976069525,0,9,45,45,0,45,0,0,0,600.0
100.0,1200.0,1204.1594578792296,85.23635830927383,0.0,1.0,0.0,1.0,0.0,87.3980311573297,90.46982512249127,91.72306508952106,0,9,45,45,0,45,0,0,0,900.0
100.0,1200.0,1204.1594578792296,85.23635830927383,0.0,1.0,0.0,1.0,0.0,123.0501377983674,128.43647794243708,131.25883871813858,0,9,45,45,0,45,0,0,0,1200.0
100.0,1200.0,1204.1594578792296,85.23635830927383,0.0,1.0,0.0,1.0,0.0,168.73083110519698,178.06578240944998,183.13529408493335,0,9,45,45,0,45,0,0,0,1500.0
200.0,1200.0,1216.552506059644,80.53767779197439,0.0,1.0,0.0,1.0,0.0,44.32616477660446,44.887625604882004,44.89992798571149,0,9,45,45,0,45,0,0,0,300.0
200.0,1200.0,1216.552506059644,80.53767779197439,0.0,1.0,0.0,1.0,0.0,57.51331333724121,58.96258997499686,59.20875916860778,0,9,45,45,0,45,0,0,0,600.0
200.0,1200.0,1216.552506059644,80.53767779197439,0.0,1.0,0.0,1.0,0.0,80.90490285173144,83.5284726352609,84.53207941018772,0,9,45,45,0,45,0,0,0,900.0
200.0,1200.0,1216.552506059644,80.53767779197439,0.0,1.0,0.0,1.0,0.0,114.03715869857173,118.6612256331218,121.06431993322882,0,9,45,45,0,45,0,0,0,1200.0
200.0,1200.0,1216.552506059644,80.53767779197439,0.0,1.0,0.0,1.0,0.0,157.10208515061316,165.25516767071093,169.67285318482874,0,9,45,45,0,45,0,0,0,1500.0
300.0,1200.0,1236.9316876852981,75.96375653207353,0.0,1.0,0.0,0.4222222222222222,0.0,43.194412314107865,43.57907679987027,43.5794155497917,0,9,45,45,0,19,0,0,0,300.0
300.0,1200.0,1236.9316876852981,75.96375653207353,0.0,1.0,0.0,1.0,0.0,54.00263978224988,55.21889146764806,55.37908440020619,0,9,45,45,0,45,0,0,0,600.0
300.0,1200.0,1236.9316876852981,75.96375653207353,0.0,1.0,0.0,1.0,0.0,75.0346549947909,77.2749440775955,78.05715044150482,0,9,45,45,0,45,0,0,0,900.0
300.0,1200.0,1236.9316876852981,75.96375653207353,0.0,1.0,0.0,1.0,0.0,105.67384000625724,109.62424449925638,111.65093274275215,0,9,45,45,0,45,0,0,0,1200.0
300.0,1200.0,1236.9316876852981,75.96375653207353,0.0,1.0,0.0,1.0,0.0,146.13189056002213,153.21439043618136,157.04097556534464,0,9,45,45,0,45,0,0,0,1500.0
400.0,1200.0,1264.9110640673518,71.56505117707799,0.0,1.0,0.0,1.0,0.0,44.297774732516075,44.368904021265706,44.37085908968937,0,9,45,45,0,45,0,0,0,300.0
400.0,1200.0,1264.9110640673518,71.56505117707799,0.0,1.0,0.0,1.0,0.0,51.063471903720384,52.07874710269001,52.16916021688308,0,9,45,45,0,45,0,0,0,600.0
400.0,1200.0,1264.9110640673518,71.56505117707799,0.0,1.0,0.0,1.0,0.0,69.78263966340266,71.69706919995808,72.28537190383067,0,9,45,45,0,45,0,0,0,900.0
400.0,1200.0,1264.9110640673518,71.56505117707799,0.0,1.0,0.0,1.0,0.0,97.96310493887177,101.32189723041299,103.01287187175285,0,9,45,45,0,45,0,0,0,1200.0
400.0,1200.0,1264.9110640673518,71.56505117707799,0.0,1.0,0.0,1.0,0.0,135.82639897568845,141.94348297431054,145.23640174908024,0,9,45,45,0,45,0,0,0,1500.0
500.0,1200.0,1300.0,67.38013505195957,0.0,1.0,0.0,1.0,0.0,45.99515935478478,46.13579065192246,46.14276884437639,0,9,45,45,0,45,0,0,0,300.0
500.0,1200.0,1300.0,67.38013505195957,0.0,1.0,0.0,1.0,0.0,48.683898872380375,49.52285429998774,49.559052345335594,0,9,45,45,0,45,0,0,0,600.0
500.0,1200.0,1300.0,67.38013505195957,0.0,1.0,0.0,1.0,0.0,65.14100562160593,66.77970939780317,67.20072666202293,0,9,45,45,0,45,0,0,0,900.0
500.0,1200.0,1300.0,67.38013505195957,0.0,1.0,0.0,1.0,0.0,90.90655704762791,93.74937089304461,95.14319109467135,0,9,45,45,0,45,0,0,0,1200.0
500.0,1200.0,1300.0,67.38013505195957,0.0,1.0,0.0,1.0,0.0,126.19200455047732,131.44285274713772,134.2563402280768,0,9,45,45,0,45,0,0,0,1500.0
600.0,1200.0,1341.640786499874,63.43494882292201,0.0,1.0,0.0,1.0,0.0,48.263619207877646,48.48121422025204,48.496463127477554,0,9,45,45,0,45,0,0,0,300.0
600.0,1200.0,1341.640786499874,63.43494882292201,0.0,1.0,0.0,0.4222222222222222,0.0,46.85041153360147,47.52988908717995,47.531040374437275,0,9,45,45,0,19,0,0,0,600.0
600.0,1200.0,1341.640786499874,63.43494882292201,0.0,1.0,0.0,1.0,0.0,61.098036356607594,62.50409784946326,62.78338778192883,0,9,45,45,0,45,0,0,0,900.0
600.0,1200.0,1341.640786499874,63.43494882292201,0.0,1.0,0.0,1.0,0.0,84.50367660152972,86.9012277736317,88.03297372966493,0,9,45,45,0,45,0,0,0,1200.0
600.0,1200.0,1341.640786499874,63.43494882292201,0.0,1.0,0.0,1.0,0.0,117.23501151455905,121.7129521608747,124.09813636063616,0,9,45,45,0,45,0,0,0,1500.0
700.0,1200.0,1389.2443989449805,59.743562836470744,0.0,1.0,0.0,1.0,0.0,51.10654990931045,51.411121322410644,51.43799762667932,0,9,45,45,0,45,0,0,0,300.0
700.0,1200.0,1389.2443989449805,59.743562836470744,0.0,1.0,0.0,1.0,0.0,48.65198604160315,48.72993475068838,48.73425403984163,0,9,45,45,0,45,0,0,0,600.0
700.0,1200.0,1389.2443989449805,59.743562836470744,0.0,1.0,0.0,1.0,0.0,57.63775092662201,58.84742411377107,59.009284226919405,0,9,45,45,0,45,0,0,0,900.0
700.0,1200.0,1389.2443989449805,59.743562836470744,0.0,1.0,0.0,1.0,0.0,78.75083589327821,80.81437894120154,81.67030657736815,0,9,45,45,0,45,0,0,0,1200.0
700.0,1200.0,1389.2443989449805,59.743562836470744,0.0,1.0,0.0,1.0,0.0,108.96112911803132,112.75377092480832,114.75876016835485,0,9,45,45,0,45,0,0,0,1500.0
800.0,1200.0,1442.2205101855957,56.309932474020215,0.0,1.0,0.0,1.0,0.0,54.52716743446061,54.931316439266496,54.97324176975577,0,9,45,45,0,45,0,0,0,300.0
800.0,1200.0,1442.2205101855957,56.309932474020215,0.0,1.0,0.0,1.0,0.0,51.027047839019616,51.18240734500387,51.19798004061182,0,9,45,45,0,45,0,0,0,600.0
800.0,1200.0,1442.2205101855957,56.309932474020215,0.0,1.0,0.0,1.0,0.0,54.73998565848489,55.78286942149751,55.85015900580875,0,9,45,45,0,45,0,0,0,900.0
800.0,1200.0,1442.2205101855957,56.309932474020215,0.0,1.0,0.0,1.0,0.0,73.64019391762626,75.4223277641104,76.03911826495964,0,9,45,45,0,45,0,0,0,1200.0
800.0,1200.0,1442.2205101855957,56.309932474020215,0.0,1.0,0.0,1.0,0.0,101.37475044040312,104.56410411020727,106.2340637404888,0,9,45,45,0,45,0,0,0,1500.0
900.0,1200.0,1500.0,53.13010235415598,0.0,1.0,0.0,1.0,0.0,58.52823525549208,59.047185092707906,59.10760741987076,0,9,45,45,0,45,0,0,0,300.0
900.0,1200.0,1500.0,53.13010235415598,0.0,1.0,0.0,1.0,0.0,53.96036669448962,54.20217039408593,54.23646353346929,0,9,45,45,0,45,0,0,0,600.0
900.0,1200.0,1500.0,53.13010235415598,0.0,1.0,0.0,0.4222222222222222,0.0,52.379707902984876,53.27817642474478,53.28042797484523,0,9,45,45,0,19,0,0,0,900.0
900.0,1200.0,1500.0,53.13010235415598,0.0,1.0,0.0,1.0,0.0,69.15860251633927,70.70518038551877,71.11802094555038,0,9,45,45,0,45,0,0,0,1200.0
900.0,1200.0,1500.0,53.13010235415598,0.0,1.0,0.0,1.0,0.0,94.47798261483976,97.14055960298035,98.5177692673816,0,9,45,45,0,45,0,0,0,1500.0
1000.0,1200.0,1562.049935181331,50.19442890773481,0.0,1.0,0.0,1.0,0.0,63.111933511342286,63.76355769299587,63.84592244056715,0,9,45,45,0,45,0,0,0,300.0
1000.0,1200.0,1562.049935181331,50.19442890773481,0.0,1.0,0.0,1.0,0.0,57.463598941845625,57.80341526841977,57.86419648094872,0,9,45,45,0,45,0,0,0,600.0
1000.0,1200.0,1562.049935181331,50.19442890773481,0.0,1.0,0.0,1.0,0.0,54.70371642343328,54.791168029857815,54.79849520691661,0,9,45,45,0,45,0,0,0,900.0
1000.0,1200.0,1562.049935181331,50.19442890773481,0.0,1.0,0.0,1.0,0.0,65.28673612734427,66.63722486973157,66.87938271728842,0,9,45,45,0,45,0,0,0,1200.0
1000.0,1200.0,1562.049935181331,50.19442890773481,0.0,1.0,0.0,1.0,0.0,88.26942615770456,90.50302187871594,91.60018016328677,0,9,45,45,0,45,0,0,0,1500.0
1100.0,1200.0,1627.8820596099706,47.48955292199916,0.0,1.0,0.0,1.0,0.0,68.2798443291579,69.08468962788629,69.19242148822195,0,9,45,45,0,45,0,0,0,300.0
1100.0,1200.0,1627.8820596099706,47.48955292199916,0.0,1.0,0.0,1.0,0.0,61.54661995237098,61.99863703191333,62.09381017115069,0,9,45,45,0,45,0,0,0,600.0
1100.0,1200.0,1627.8820596099706,47.48955292199916,0.0,1.0,0.0,1.0,0.0,57.59591903273518,57.77053929118328,57.797058717927186,0,9,45,45,0,45,0,0,0,900.0
1100.0,1200.0,1627.8820596099706,47.48955292199916,0.0,1.0,0.0,1.0,0.0,61.99871728695323,63.186554936981835,63.28892495895238,0,9,45,45,0,45,0,0,0,1200.0
1100.0,1200.0,1627.8820596099706,47.48955292199916,0.0,1.0,0.0,1.0,0.0,82.74275709403412,84.63755520464633,85.46666878458082,0,9,45,45,0,45,0,0,0,1500.0
1200.0,1200.0,1697.0562748477141,45.0,0.0,1.0,0.0,1.0,0.0,74.03301233500716,75.0143174847034,75.15081169072762,0,9,45,45,0,45,0,0,0,300.0
1200.0,1200.0,1697.0562748477141,45.0,0.0,1.0,0.0,1.0,0.0,66.21713926406386,66.79823108625362,66.93570112599514,0,9,45,45,0,45,0,0,0,600.0
1200.0,1200.0,1697.0562748477141,45.0,0.0,1.0,0.0,1.0,0.0,61.04918592797822,61.32109212090367,61.37962528426137,0,9,45,45,0,45,0,0,0,900.0
1200.0,1200.0,1697.0562748477141,45.0,0.0,1.0,0.0,0.4222222222222222,0.0,59.26023328855029,60.31216247027857,60.315653672825796,0,9,45,45,0,19,0,0,0,1200.0
1200.0,1200.0,1697.0562748477141,45.0,0.0,1.0,0.0,1.0,0.0,77.885248087108,79.53910925716852,80.09608681535751,0,9,45,45,0,45,0,0,0,1500.0
1300.0,1200.0,1769.1806012954132,42.70938995736147,0.0,1.0,0.0,1.0,0.0,80.37204149486512,81.55575285085084,81.72437360161024,0,9,45,45,0,45,0,0,0,300.0
1300.0,1200.0,1769.1806012954132,42.70938995736147,0.0,1.0,0.0,1.0,0.0,71.48069083050845,72.21046432944703,72.39804213068294,0,9,45,45,0,45,0,0,0,600.0
1300.0,1200.0,1769.1806012954132,42.70938995736147,0.0,1.0,0.0,1.0,0.0,65.083376810698,65.4652724337254,65.56912231088077,0,9,45,45,0,45,0,0,0,900.0
1300.0,1200.0,1769.1806012954132,42.70938995736147,0.0,1.0,0.0,1.0,0.0,61.95752884421641,62.056358767527946,62.067488505374904,0,9,45,45,0,45,0,0,0,1200.0
1300.0,1200.0,1769.1806012954132,42.70938995736147,0.0,1.0,0.0,1.0,0.0,73.67646102866526,75.13108814805355,75.45935475023741,0,9,45,45,0,45,0,0,0,1500.0
1400.0,1200.0,1843.9088914585775,40.60129464500447,0.0,1.0,0.0,1.0,0.0,87.29719982261341,88.71198516514703,88.91606876121563,0,9,45,45,0,45,0,0,0,300.0
1400.0,1200.0,1843.9088914585775,40.60129464500447,0.0,1.0,0.0,1.0,0.0,77.34086835265417,78.24169404891954,78.48704098309335,0,9,45,45,0,45,0,0,0,600.0
1400.0,1200.0,1843.9088914585775,40.60129464500447,0.0,1.0,0.0,1.0,0.0,69.71411663360237,70.22142149897853,70.38403359976556,0,9,45,45,0,45,0,0,0,900.0
1400.0,1200.0,1843.9088914585775,40.60129464500447,0.0,1.0,0.0,1.0,0.0,65.23914099872466,65.43609946262006,65.47638531885121,0,9,45,45,0,45,0,0,0,1200.0
1400.0,1200.0,1843.9088914585775,40.60129464500447,0.0,1.0,0.0,1.0,0.0,70.08742223413114,71.37888530392594,71.51857873439047,0,9,45,45,0,45,0,0,0,1500.0
1500.0,1200.0,1920.9372712298546,38.65980825409009,0.0,1.0,0.0,1.0,0.0,94.80851513049105,96.4857765544936,96.7286371717203,0,9,45,45,0,45,0,0,0,300.0
1500.0,1200.0,1920.9372712298546,38.65980825409009,0.0,1.0,0.0,1.0,0.0,83.79967995374616,84.8967102809745,85.20731602748765,0,9,45,45,0,45,0,0,0,600.0
1500.0,1200.0,1920.9372712298546,38.65980825409009,0.0,1.0,0.0,1.0,0.0,74.95271234772235,75.60365549381189,75.83835134118094,0,9,45,45,0,45,0,0,0,900.0
1500.0,1200.0,1920.9372712298546,38.65980825409009,0.0,1.0,0.0,1.0,0.0,69.10298636845049,69.40888624795085,69.49773908350502,0,9,45,45,0,45,0,0,0,1200.0
1500.0,1200.0,1920.9372712298546,38.65980825409009,0.0,1.0,0.0,0.4222222222222222,0.0,67.07745660229281,68.23539226393197,68.24017890853716,0,9,45,45,0,19,0,0,0,1500.0
1600.0,1200.0,2000.0,36.86989764584402,0.0,1.0,0.0,1.0,0.0,102.905854268397,104.87974082232653,105.16467740349019,0,9,45,45,0,45,0,0,0,300.0
1600.0,1200.0,2000.0,36.86989764584402,0.0,1.0,0.0,1.0,0.0,90.85792760333887,92.17910714719454,92.56229139826249,0,9,45,45,0,45,0,0,0,600.0
1600.0,1200.0,2000.0,36.86989764584402,0.0,1.0,0.0,1.0,0.0,80.80655053324665,81.62222849432862,81.94202693577735,0,9,45,45,0,45,0,0,0,900.0
1600.0,1200.0,2000.0,36.86989764584402,0.0,1.0,0.0,1.0,0.0,73.5745991822922,74.0029600855179,74.16038930400451,0,9,45,45,0,45,0,0,0,1200.0
1600.0,1200.0,2000.0,36.86989764584402,0.0,1.0,0.0,1.0,0.0,70.04093171590286,70.1524100575958,70.16822984107665,0,9,45,45,0,45,0,0,0,1500.0
1700.0,1200.0,2080.865204668481,35.21759296819271,0.0,1.0,0.0,1.0,0.0,111.58898429004797,113.89640478096368,114.22670805355861,0,9,45,45,0,45,0,0,0,300.0
1700.0,1200.0,2080.865204668481,35.21759296819271,0.0,1.0,0.0,1.0,0.0,98.51555378757064,100.0916250004108,100.55455411042217,0,9,45,45,0,45,0,0,0,600.0
1700.0,1200.0,2080.865204668481,35.21759296819271,0.0,1.0,0.0,1.0,0.0,87.27975801807631,88.28416517348336,88.70168668329347,0,9,45,45,0,45,0,0,0,900.0
1700.0,1200.0,2080.865204668481,35.21759296819271,0.0,1.0,0.0,1.0,0.0,78.67291071106717,79.2401239866508,79.48618393846367,0,9,45,45,0,45,0,0,0,1200.0
1700.0,1200.0,2080.865204668481,35.21759296819271,0.0,1.0,0.0,1.0,0.0,73.62286668042616,73.8441968393597,73.90135994865062,0,9,45,45,0,45,0,0,0,1500.0
1800.0,1200.0,2163.3307652783938,33.690067525979785,0.0,1.0,0.0,1.0,0.0,120.8576171762826,123.53825337240636,123.91721242020891,0,9,45,45,0,45,0,0,0,300.0
1800.0,1200.0,2163.3307652783938,33.690067525979785,0.0,1.0,0.0,1.0,0.0,106.77192882037184,108.6364358415208,109.18614721582789,0,9,45,45,0,45,0,0,0,600.0
1800.0,1200.0,2163.3307652783938,33.690067525979785,0.0,1.0,0.0,1.0,0.0,94.37394363656419,95.59398275634962,96.12142012394183,0,9,45,45,0,45,0,0,0,900.0
1800.0,1200.0,2163.3307652783938,33.690067525979785,0.0,1.0,0.0,1.0,0.0,84.41062131043786,85.13973757070339,85.49042942000494,0,9,45,45,0,45,0,0,0,1200.0
1800.0,1200.0,2163.3307652783938,33.690067525979785,0.0,1.0,0.0,1.0,0.0,77.82274758392907,78.16514015254643,78.2909515279791,0,9,45,45,0,45,0,0,0,1500.0
-500.0,1300.0,1392.838827718412,111.03751102542182,0.0,1.0,0.0,1.0,0.0,69.86535190274813,72.3338043996311,72.62409463568667,0,9,45,45,0,45,0,0,0,300.0
-500.0,1300.0,1392.838827718412,111.03751102542182,0.0,1.0,0.0,1.0,0.0,98.00039973892089,102.33079660868646,103.48111492720427,0,9,45,45,0,45,0,0,0,600.0
-500.0,1300.0,1392.838827718412,111.03751102542182,0.0,1.0,0.0,1.0,0.0,135.80783473066882,142.76809054407926,145.63970303010566,0,9,45,45,0,45,0,0,0,900.0
-500.0,1300.0,1392.838827718412,111.03751102542182,0.0,1.0,0.0,1.0,0.0,183.1249069407648,194.005333848006,199.52819597988648,0,9,45,45,0,45,0,0,0,1200.0
-500.0,1300.0,1392.838827718412,111.03751102542182,0.0,1.0,0.0,1.0,0.0,239.9922541472512,256.74611587894935,265.8053023777943,0,9,45,45,0,45,0,0,0,1500.0
-400.0,1300.0,1360.1470508735442,107.10272896905236,0.0,1.0,0.0,1.0,0.0,65.07883424762356,67.15773865074488,67.3856968314971,0,9,45,45,0,45,0,0,0,300.0
-400.0,1300.0,1360.1470508735442,107.10272896905236,0.0,1.0,0.0,1.0,0.0,90.907413065618,94.63934518047049,95.60795638728207,0,9,45,45,0,45,0,0,0,600.0
-400.0,1300.0,1360.1470508735442,107.10272896905236,0.0,1.0,0.0,1.0,0.0,126.38053385199888,132.4571608061793,134.96482224365494,0,9,45,45,0,45,0,0,0,900.0
-400.0,1300.0,1360.1470508735442,107.10272896905236,0.0,1.0,0.0,1.0,0.0,171.3132741723151,180.95013845816078,185.8561973742057,0,9,45,45,0,45,0,0,0,1200.0
-400.0,1300.0,1360.1470508735442,107.10272896905236,0.0,1.0,0.0,1.0,0.0,225.75270516231376,240.8054590984778,248.93915753572767,0,9,45,45,0,45,0,0,0,1500.0
-300.0,1300.0,1334.1664064126335,102.9946167919165,0.0,1.0,0.0,1.0,0.0,60.83287559550195,62.57284913575543,62.74618178392411,0,9,45,45,0,45,0,0,0,300.0
-300.0,1300.0,1334.1664064126335,102.9946167919165,0.0,1.0,0.0,1.0,0.0,84.36941640489893,87.57664485027084,88.38001876722288,0,9,45,45,0,45,0,0,0,600.0
-300.0,1300.0,1334.1664064126335,102.9946167919165,0.0,1.0,0.0,1.0,0.0,117.52297366674955,122.81305523959941,124.98313171476475,0,9,45,45,0,45,0,0,0,900.0
-300.0,1300.0,1334.1664064126335,102.9946167919165,0.0,1.0,0.0,1.0,0.0,160.08053237521608,168.5845653043501,172.92156559359793,0,9,45,45,0,45,0,0,0,1200.0
-300.0,1300.0,1334.1664064126335,102.9946167919165,0.0,1.0,0.0,1.0,0.0,212.09693046640294,225.5755950716242,232.85248334497666,0,9,45,45,0,45,0,0,0,1500.0
-200.0,1300.0,1315.2946437965904,98.74616226255522,0.0,1.0,0.0,1.0,0.0,57.125724312190904,58.57053177738773,58.69678881103476,0,9,45,45,0,45,0,0,0,300.0
-200.0,1300.0,1315.2946437965904,98.74616226255522,0.0,1.0,0.0,1.0,0.0,78.38538231339807,81.13471246877046,81.78899872550703,0,9,45,45,0,45,0,0,0,600.0
-200.0,1300.0,1315.2946437965904,98.74616226255522,0.0,1.0,0.0,1.0,0.0,109.23631736867958,113.82967734887944,115.68811181825112,0,9,45,45,0,45,0,0,0,900.0
-200.0,1300.0,1315.2946437965904,98.74616226255522,0.0,1.0,0.0,1.0,0.0,149.42908808965012,156.90488471896617,160.71851600121622,0,9,45,45,0,45,0,0,0,1200.0
-200.0,1300.0,1315.2946437965904,98.74616226255522,0.0,1.0,0.0,1.0,0.0,199.02753860823253,211.05347090836455,217.53911997811375,0,9,45,45,0,45,0,0,0,1500.0
-100.0,1300.0,1303.8404810405298,94.39870535499554,0.0,1.0,0.0,1.0,0.0,53.955268035891635,55.141884877991245,55.22846228753328,0,9,45,45,0,45,0,0,0,300.0
-100.0,1300.0,1303.8404810405298,94.39870535499554,0.0,1.0,0.0,1.0,0.0,72.95354856491983,75.30495089106869,75.82596149464621,0,9,45,45,0,45,0,0,0,600.0
-100.0,1300.0,1303.8404810405298,94.39870535499554,0.0,1.0,0.0,1.0,0.0,101.52147486698149,105.50080944361697,107.07312031332067,0,9,45,45,0,45,0,0,0,900.0
-100.0,1300.0,1303.8404810405298,94.39870535499554,0.0,1.0,0.0,1.0,0.0,139.3615589928091,145.90767630565057,149.24161903051456,0,9,45,45,0,45,0,0,0,1200.0
-100.0,1300.0,1303.8404810405298,94.39870535499554,0.0,1.0,0.0,1.0,0.0,186.54755459408923,197.23653620497225,202.99347529218858,0,9,45,45,0,45,0,0,0,1500.0
0.0,1300.0,1300.0,90.0,0.0,1.0,0.0,1.0,0.0,51.319076818656605,52.27773724155861,52.33188478210378,0,9,45,45,0,45,0,0,0,300.0
0.0,1300.0,1300.0,90.0,0.0,1.0,0.0,1.0,0.0,68.07117968160237,70.07790863589511,70.48109428783047,0,9,45,45,0,45,0,0,0,600.0
0.0,1300.0,1300.0,90.0,0.0,1.0,0.0,1.0,0.0,94.37887768981287,97.81989373122285,99.13116576687442,0,9,45,45,0,45,0,0,0,900.0
0.0,1300.0,1300.0,90.0,0.0,1.0,0.0,1.0,0.0,129.88068790849735,135.58974532427402,138.48571637641336,0,9,45,45,0,45,0,0,0,1200.0
0.0,1300.0,1300.0,90.0,0.0,1.0,0.0,1.0,0.0,174.6604233328138,184.1227483274582,189.21053059031559,0,9,45,45,0,45,0,0,0,1500.0
100.0,1300.0,1303.8404810405298,85.60129464500447,0.0,1.0,0.0,1.0,0.0,49.21452298097063,49.96875039595592,49.99758643079347,0,9,45,45,0,45,0,0,0,300.0
100.0,1300.0,1303.8404810405298,85.60129464500447,0.0,1.0,0.0,1.0,0.0,63.7343319019106,65.44303877146386,65.74345961149584,0,9,45,45,0,45,0,0,0,600.0
100.0,1300.0,1303.8404810405298,85.60129464500447,0.0,1.0,0.0,1.0,0.0,87.80818201319666,90.77974278223589,91.854606586384,0,9,45,45,0,45,0,0,0,900.0
100.0,1300.0,1303.8404810405298,85.60129464500447,0.0,1.0,0.0,1.0,0.0,120.98920638499342,125.9479890514863,128.4457863763626,0,9,45,45,0,45,0,0,0,1200.0
100.0,1300.0,1303.8404810405298,85.60129464500447,0.0,1.0,0.0,1.0,0.0,163.3699939316447,171.71055914566813,176.1858281308351,0,9,45,45,0,45,0,0,0,1500.0
200.0,1300.0,1315.2946437965904,81.2538377374448,0.0,1.0,0.0,1.0,0.0,47.6389847121064,48.20560400547763,48.216139031936066,0,9,45,45,0,45,0,0,0,300.0
200.0,1300.0,1315.2946437965904,81.2538377374448,0.0,1.0,0.0,1.0,0.0,59.93766723051526,61.38850016066004,61.600793947960824,0,9,45,45,0,45,0,0,0,600.0
200.0,1300.0,1315.2946437965904,81.2538377374448,0.0,1.0,0.0,1.0,0.0,81.8078959949751,84.37217513683169,85.23477061137467,0,9,45,45,0,45,0,0,0,900.0
200.0,1300.0,1315.2946437965904,81.2538377374448,0.0,1.0,0.0,1.0,0.0,112.68963111782388,116.97919611260762,119.11674090215953,0,9,45,45,0,45,0,0,0,1200.0
200.0,1300.0,1315.2946437965904,81.2538377374448,0.0,1.0,0.0,1.0,0.0,152.68047481317694,159.9988730636615,163.91543011683447,0,9,45,45,0,45,0,0,0,1500.0
300.0,1300.0,1334.1664064126335,77.0053832080835,0.0,1.0,0.0,0.4222222222222222,0.0,46.58993768457015,46.97895520583325,46.97927330639971,0,9,45,45,0,19,0,0,0,300.0
300.0,1300.0,1334.1664064126335,77.0053832080835,0.0,1.0,0.0,1.0,0.0,56.67438061898428,57.901062164897965,58.03941640790921,0,9,45,45,0,45,0,0,0,600.0
300.0,1300.0,1334.1664064126335,77.0053832080835,0.0,1.0,0.0,1.0,0.0,76.37494015399159,78.58758383681888,79.26150288868499,0,9,45,45,0,45,0,0,0,900.0
300.0,1300.0,1334.1664064126335,77.0053832080835,0.0,1.0,0.0,1.0,0.0,104.98397479607141,108.67975990466996,110.49313394554562,0,9,45,45,0,45,0,0,0,1200.0
300.0,1300.0,1334.1664064126335,77.0053832080835,0.0,1.0,0.0,1.0,0.0,142.59634617926685,148.98696258487254,152.39583517601724,0,9,45,45,0,45,0,0,0,1500.0
400.0,1300.0,1360.1470508735442,72.89727103094764,0.0,1.0,0.0,1.0,0.0,47.60867957281051,47.67981679336099,47.68150575078904,0,9,45,45,0,45,0,0,0,300.0
400.0,1300.0,1360.1470508735442,72.89727103094764,0.0,1.0,0.0,1.0,0.0,53.93631446212063,54.966184223844905,55.04432292996661,0,9,45,45,0,45,0,0,0,600.0
400.0,1300.0,1360.1470508735442,72.89727103094764,0.0,1.0,0.0,1.0,0.0,71.50417017755233,73.4144654452314,73.92267050148168,0,9,45,45,0,45,0,0,0,900.0
400.0,1300.0,1360.1470508735442,72.89727103094764,0.0,1.0,0.0,1.0,0.0,97.87335388465058,101.04528796731157,102.56876258371315,0,9,45,45,0,45,0,0,0,1200.0
400.0,1300.0,1360.1470508735442,72.89727103094764,0.0,1.0,0.0,1.0,0.0,133.1222124109541,138.67432346755305,141.6238339852941,0,9,45,45,0,45,0,0,0,1500.0
500.0,1300.0,1392.838827718412,68.96248897457819,0.0,1.0,0.0,1.0,0.0,49.18126873788504,49.320702534977244,49.3266580370808,0,9,45,45,0,45,0,0,0,300.0
500.0,1300.0,1392.838827718412,68.96248897457819,0.0,1.0,0.0,1.0,0.0,51.714325626585875,52.568334140746245,52.59953325484576,0,9,45,45,0,45,0,0,0,600.0
500.0,1300.0,1392.838827718412,68.96248897457819,0.0,1.0,0.0,1.0,0.0,67.18792016388035,68.83896450792155,69.20368318689448,0,9,45,45,0,45,0,0,0,900.0
500.0,1300.0,1392.838827718412,68.96248897457819,0.0,1.0,0.0,1.0,0.0,91.35748170654234,94.092984999343,95.33614662942173,0,9,45,45,0,45,0,0,0,1200.0
500.0,1300.0,1392.838827718412,68.96248897457819,0.0,1.0,0.0,1.0,0.0,124.26257303466333,129.06044722610733,131.5962811591459,0,9,45,45,0,45,0,0,0,1500.0
600.0,1300.0,1431.7821063276353,65.22485943116808,0.0,1.0,0.0,1.0,0.0,51.28173891478909,51.49586487982164,51.50880842106835,0,9,45,45,0,45,0,0,0,300.0
600.0,1300.0,1431.7821063276353,65.22485943116808,0.0,1.0,0.0,0.4222222222222222,0.0,49.99826115937398,50.69056058227803,50.69164712350413,0,9,45,45,0,19,0,0,0,600.0
600.0,1300.0,1431.7821063276353,65.22485943116808,0.0,1.0,0.0,1.0,0.0,63.415656995944616,64.84451958294432,65.08712294475347,0,9,45,45,0,45,0,0,0,900.0
600.0,1300.0,1431.7821063276353,65.22485943116808,0.0,1.0,0.0,1.0,0.0,85.43404879824088,87.80963004878842,88.7858871646997,0,9,45,45,0,45,0,0,0,1200.0
600.0,1300.0,1431.7821063276353,65.22485943116808,0.0,1.0,0.0,1.0,0.0,116.02148789980134,120.14448532784377,122.30975682738045,0,9,45,45,0,45,0,0,0,1500.0
700.0,1300.0,1476.48230602334,61.69924423399363,0.0,1.0,0.0,1.0,0.0,53.9125560408218,54.20994005822716,54.2326814127445,0,9,45,45,0,45,0,0,0,300.0
700.0,1300.0,1476.48230602334,61.69924423399363,0.0,1.0,0.0,1.0,0.0,51.68071566765096,51.75779158615606,51.76147794138969,0,9,45,45,0,45,0,0,0,600.0
700.0,1300.0,1476.48230602334,61.69924423399363,0.0,1.0,0.0,1.0,0.0,60.17386388961327,61.41172283075174,61.55260492025356,0,9,45,45,0,45,0,0,0,900.0
700.0,1300.0,1476.48230602334,61.69924423399363,0.0,1.0,0.0,1.0,0.0,80.09801650218856,82.16510211633116,82.90592936763001,0,9,45,45,0,45,0,0,0,1200.0
700.0,1300.0,1476.48230602334,61.69924423399363,0.0,1.0,0.0,1.0,0.0,108.40211195783863,111.92477875059572,113.76009035715181,0,9,45,45,0,45,0,0,0,1500.0
800.0,1300.0,1526.4337522473747,58.3924977537511,0.0,1.0,0.0,1.0,0.0,57.07614558754667,57.46755135453206,57.50295856702418,0,9,45,45,0,45,0,0,0,300.0
800.0,1300.0,1526.4337522473747,58.3924977537511,0.0,1.0,0.0,1.0,0.0,53.89851796623897,54.050774017523295,54.06389708381581,0,9,45,45,0,45,0,0,0,600.0
800.0,1300.0,1526.4337522473747,58.3924977537511,0.0,1.0,0.0,1.0,0.0,57.4462786563946,58.51851188502745,58.57699993353992,0,9,45,45,0,45,0,0,0,900.0
800.0,1300.0,1526.4337522473747,58.3924977537511,0.0,1.0,0.0,1.0,0.0,75.34088490030396,77.14493483928257,77.68079268119125,0,9,45,45,0,45,0,0,0,1200.0
800.0,1300.0,1526.4337522473747,58.3924977537511,0.0,1.0,0.0,1.0,0.0,101.40608018321144,104.40977873342311,105.9417233888721,0,9,45,45,0,45,0,0,0,1500.0
900.0,1300.0,1581.1388300841897,55.30484646876604,0.0,1.0,0.0,1.0,0.0,60.7746891862113,61.27310375956023,61.32407541455673,0,9,45,45,0,45,0,0,0,300.0
900.0,1300.0,1581.1388300841897,55.30484646876604,0.0,1.0,0.0,1.0,0.0,56.63120688131999,56.86643589716875,56.89517493239572,0,9,45,45,0,45,0,0,0,600.0
900.0,1300.0,1581.1388300841897,55.30484646876604,0.0,1.0,0.0,0.4222222222222222,0.0,55.21321320207412,56.13878305557432,56.14092912022075,0,9,45,45,0,19,0,0,0,900.0
900.0,1300.0,1581.1388300841897,55.30484646876604,0.0,1.0,0.0,1.0,0.0,71.15003897795523,72.73079522569651,73.09087784994924,0,9,45,45,0,45,0,0,0,1200.0
900.0,1300.0,1581.1388300841897,55.30484646876604,0.0,1.0,0.0,1.0,0.0,95.03273717434566,97.59277360500042,98.84690370619042,0,9,45,45,0,45,0,0,0,1500.0
1000.0,1300.0,1640.1219466856726,52.43140797117251,0.0,1.0,0.0,1.0,0.0,65.01000484299402,65.63066106803959,65.70010391793208,0,9,45,45,0,45,0,0,0,300.0
1000.0,1300.0,1640.1219466856726,52.43140797117251,0.0,1.0,0.0,1.0,0.0,59.88772503656079,60.21586501701097,60.26665368411862,0,9,45,45,0,45,0,0,0,600.0
1000.0,1300.0,1640.1219466856726,52.43140797117251,0.0,1.0,0.0,1.0,0.0,57.408528121972786,57.49398495322499,57.50016021500076,0,9,45,45,0,45,0,0,0,900.0
1000.0,1300.0,1640.1219466856726,52.43140797117251,0.0,1.0,0.0,1.0,0.0,67.50831730380514,68.90005477071901,69.11200465972088,0,9,45,45,0,45,0,0,0,1200.0
1000.0,1300.0,1640.1219466856726,52.43140797117251,0.0,1.0,0.0,1.0,0.0,89.27823221478117,91.47115527015617,92.46472953651472,0,9,45,45,0,45,0,0,0,1500.0
1100.0,1300.0,1702.93863659264,49.76364169072618,0.0,1.0,0.0,1.0,0.0,69.78350374396098,70.54389929069323,70.63471251653077,0,9,45,45,0,45,0,0,0,300.0
1100.0,1300.0,1702.93863659264,49.76364169072618,0.0,1.0,0.0,1.0,0.0,63.67598554848265,64.10918280804447,64.18859472592968,0,9,45,45,0,45,0,0,0,600.0
1100.0,1300.0,1702.93863659264,49.76364169072618,0.0,1.0,0.0,1.0,0.0,60.13092187240639,60.300169993810414,60.32224854037064,0,9,45,45,0,45,0,0,0,900.0
1100.0,1300.0,1702.93863659264,49.76364169072618,0.0,1.0,0.0,1.0,0.0,64.39396892385965,65.62572767626412,65.71535770334438,0,9,45,45,0,45,0,0,0,1200.0
1100.0,1300.0,1702.93863659264,49.76364169072618,0.0,1.0,0.0,1.0,0.0,84.13454057564343,86.05876115943727,86.78010783902342,0,9,45,45,0,45,0,0,0,1500.0
1200.0,1300.0,1769.1806012954132,47.290610042638534,0.0,1.0,0.0,1.0,0.0,75.09620401234386,76.01611735983384,76.131183273735,0,9,45,45,0,45,0,0,0,300.0
1200.0,1300.0,1769.1806012954132,47.290610042638534,0.0,1.0,0.0,1.0,0.0,68.00250497439139,68.55516641485886,68.66981537395984,0,9,45,45,0,45,0,0,0,600.0
1200.0,1300.0,1769.1806012954132,47.290610042638534,0.0,1.0,0.0,1.0,0.0,63.3662463637327,63.628074437593945,63.67656692192166,0,9,45,45,0,45,0,0,0,900.0
1200.0,1300.0,1769.1806012954132,47.290610042638534,0.0,1.0,0.0,0.4222222222222222,0.0,61.778964601074,62.87377963858492,62.87713911717615,0,9,45,45,0,19,0,0,0,1200.0
1200.0,1300.0,1769.1806012954132,47.290610042638534,0.0,1.0,0.0,1.0,0.0,79.58852242350785,81.28575748407994,81.77274685484988,0,9,45,45,0,45,0,0,0,1500.0
1300.0,1300.0,1838.4776310850236,45.0,0.0,1.0,0.0,1.0,0.0,80.9487788732643,82.05028290023455,82.19246301359136,0,9,45,45,0,45,0,0,0,300.0
1300.0,1300.0,1838.4776310850236,45.0,0.0,1.0,0.0,1.0,0.0,72.87228851616541,73.56112159985207,73.71758511414956,0,9,45,45,0,45,0,0,0,600.0
1300.0,1300.0,1838.4776310850236,45.0,0.0,1.0,0.0,1.0,0.0,67.13052226316451,67.49588465911133,67.58173171233676,0,9,45,45,0,45,0,0,0,900.0
1300.0,1300.0,1838.4776310850236,45.0,0.0,1.0,0.0,1.0,0.0,64.35149227717122,64.44710373186743,64.45638288617761,0,9,45,45,0,45,0,0,0,1200.0
1300.0,1300.0,1838.4776310850236,45.0,0.0,1.0,0.0,1.0,0.0,75.62118120681164,77.12795663128753,77.41636072943449,0,9,45,45,0,45,0,0,0,1500.0
1400.0,1300.0,1910.49731745428,42.87890360333855,0.0,1.0,0.0,1.0,0.0,87.34161997473458,88.64909388847158,88.82122893263323,0,9,45,45,0,45,0,0,0,300.0
1400.0,1300.0,1910.49731745428,42.87890360333855,0.0,1.0,0.0,1.0,0.0,78.28890239530703,79.13294362316833,79.33771217470921,0,9,45,45,0,45,0,0,0,600.0
1400.0,1300.0,1910.49731745428,42.87890360333855,0.0,1.0,0.0,1.0,0.0,71.4369836719691,71.91910098007862,72.05343296074774,0,9,45,45,0,45,0,0,0,900.0
1400.0,1300.0,1910.49731745428,42.87890360333855,0.0,1.0,0.0,1.0,0.0,67.459838225965,67.64902831442087,67.6822324841572,0,9,45,45,0,45,0,0,0,1200.0
1400.0,1300.0,1910.49731745428,42.87890360333855,0.0,1.0,0.0,1.0,0.0,72.20731529359934,73.55532555736956,73.67830076606941,0,9,45,45,0,45,0,0,0,1500.0
1500.0,1300.0,1984.9433241279207,40.91438322002513,0.0,1.0,0.0,1.0,0.0,94.27490235864674,95.815042619605,96.01995514864228,0,9,45,45,0,45,0,0,0,300.0
1500.0,1300.0,1984.9433241279207,40.91438322002513,0.0,1.0,0.0,1.0,0.0,84.2546593109296,85.27529329994789,85.53474297842321,0,9,45,45,0,45,0,0,0,600.0
1500.0,1300.0,1984.9433241279207,40.91438322002513,0.0,1.0,0.0,1.0,0.0,76.29583897430231,76.91027493602849,77.10421085536349,0,9,45,45,0,45,0,0,0,900.0
1500.0,1300.0,1984.9433241279207,40.91438322002513,0.0,1.0,0.0,1.0,0.0,71.09415941065623,71.38637940696961,71.45931018753747,0,9,45,45,0,45,0,0,0,1200.0
1500.0,1300.0,1984.9433241279207,40.91438322002513,0.0,1.0,0.0,0.4222222222222222,0.0,69.31270141227766,70.52786952893922,70.53251159097583,0,9,45,45,0,19,0,0,0,1500.0
1600.0,1300.0,2061.5528128088304,39.0938588862295,0.0,1.0,0.0,1.0,0.0,101.74864321329814,103.55047397214855,103.79097241736376,0,9,45,45,0,45,0,0,0,300.0
1600.0,1300.0,2061.5528128088304,39.0938588862295,0.0,1.0,0.0,1.0,0.0,90.77085299162972,91.99182469055822,92.31220843154006,0,9,45,45,0,45,0,0,0,600.0
1600.0,1300.0,2061.5528128088304,39.0938588862295,0.0,1.0,0.0,1.0,0.0,81.71438630866338,82.47910118564003,82.74360082998189,0,9,45,45,0,45,0,0,0,900.0
1600.0,1300.0,2061.5528128088304,39.0938588862295,0.0,1.0,0.0,1.0,0.0,75.27593192160633,75.68287267198018,75.8119048286689,0,9,45,45,0,45,0,0,0,1200.0
1600.0,1300.0,2061.5528128088304,39.0938588862295,0.0,1.0,0.0,1.0,0.0,72.15970304417199,72.26671387042506,72.27979061831678,0,9,45,45,0,45,0,0,0,1500.0
1700.0,1300.0,2140.09345590327,37.40535663140856,0.0,1.0,0.0,1.0,0.0,109.76275088215642,111.8576342961592,112.13651764126793,0,9,45,45,0,45,0,0,0,300.0
1700.0,1300.0,2140.09345590327,37.40535663140856,0.0,1.0,0.0,1.0,0.0,97.83799622654675,99.2854186749298,99.67287063172182,0,9,45,45,0,45,0,0,0,600.0
1700.0,1300.0,2140.09345590327,37.40535663140856,0.0,1.0,0.0,1.0,0.0,87.69735825083451,88.6327417286837,88.97851263613542,0,9,45,45,0,45,0,0,0,900.0
1700.0,1300.0,2140.09345590327,37.40535663140856,0.0,1.0,0.0,1.0,0.0,80.02200257970705,80.55772586068781,80.75940998809085,0,9,45,45,0,45,0,0,0,1200.0
1700.0,1300.0,2140.09345590327,37.40535663140856,0.0,1.0,0.0,1.0,0.0,75.56689925953576,75.77805874806862,75.82480406848263,0,9,45,45,0,45,0,0,0,1500.0
1800.0,1300.0,2220.3603311174516,35.83765295427829,0.0,1.0,0.0,1.0,0.0,118.31706342689976,120.73871009247915,121.05877261601177,0,9,45,45,0,45,0,0,0,300.0
1800.0,1300.0,2220.3603311174516,35.83765295427829,0.0,1.0,0.0,1.0,0.0,105.45603538029303,107.15839498345974,107.61894306956533,0,9,45,45,0,45,0,0,0,600.0
1800.0,1300.0,2220.3603311174516,35.83765295427829,0.0,1.0,0.0,1.0,0.0,94.24737773205449,95.37626596930136,95.81371834668813,0,9,45,45,0,45,0,0,0,900.0
1800.0,1300.0,2220.3603311174516,35.83765295427829,0.0,1.0,0.0,1.0,0.0,85.34463036232694,86.0256636672714,86.31640385998527,0,9,45,45,0,45,0,0,0,1200.0
1800.0,1300.0,2220.3603311174516,35.83765295427829,0.0,1.0,0.0,1.0,0.0,79.526024451562,79.85118483946374,79.95371012726419,0,9,45,45,0,45,0,0,0,1500.0
-500.0,1400.0,1486.6068747318504,109.6538240580533,0.0,1.0,0.0,1.0,0.0,71.64487672071022,74.03211077525576,74.28310117017148,0,9,45,45,0,45,0,0,0,300.0
-500.0,1400.0,1486.6068747318504,109.6538240580533,0.0,1.0,0.0,1.0,0.0,97.8938483197364,102.00096358801298,102.9946337133285,0,9,45,45,0,45,0,0,0,600.0
-500.0,1400.0,1486.6068747318504,109.6538240580533,0.0,1.0,0.0,1.0,0.0,133.16489555613427,139.64394177630896,142.1181553321737,0,9,45,45,0,45,0,0,0,900.0
-500.0,1400.0,1486.6068747318504,109.6538240580533,0.0,1.0,0.0,1.0,0.0,177.25633675146636,187.09363102111968,191.9560806826787,0,9,45,45,0,45,0,0,0,1200.0
-500.0,1400.0,1486.6068747318504,109.6538240580533,0.0,1.0,0.0,1.0,0.0,230.1812180044273,245.0728276992699,253.04547378711902,0,9,45,45,0,45,0,0,0,1500.0
-400.0,1400.0,1456.0219778561036,105.94539590092286,0.0,1.0,0.0,1.0,0.0,67.19773913157825,69.22392661147417,69.42119001930735,0,9,45,45,0,45,0,0,0,300.0
-400.0,1400.0,1456.0219778561036,105.94539590092286,0.0,1.0,0.0,1.0,0.0,91.30854469147154,94.87518847156954,95.712801048066,0,9,45,45,0,45,0,0,0,600.0
-400.0,1400.0,1456.0219778561036,105.94539590092286,0.0,1.0,0.0,1.0,0.0,124.4241392870085,130.117465036176,132.28020246745922,0,9,45,45,0,45,0,0,0,900.0
-400.0,1400.0,1456.0219778561036,105.94539590092286,0.0,1.0,0.0,1.0,0.0,166.31599963858832,175.0641606745907,179.39431906869117,0,9,45,45,0,45,0,0,0,1200.0
-400.0,1400.0,1456.0219778561036,105.94539590092286,0.0,1.0,0.0,1.0,0.0,217.00006105577822,230.4137431125948,237.58909758193238,0,9,45,45,0,45,0,0,0,1500.0
-300.0,1400.0,1431.7821063276353,102.0947570770121,0.0,1.0,0.0,1.0,0.0,63.251574980946664,64.96035043781472,65.11047002074791,0,9,45,45,0,45,0,0,0,300.0
-300.0,1400.0,1431.7821063276353,102.0947570770121,0.0,1.0,0.0,1.0,0.0,85.23609395408172,88.32584626242317,89.02138198351903,0,9,45,45,0,45,0,0,0,600.0
-300.0,1400.0,1431.7821063276353,102.0947570770121,0.0,1.0,0.0,1.0,0.0,116.21012830339677,121.20127205079649,123.07486417446619,0,9,45,45,0,45,0,0,0,900.0
-300.0,1400.0,1431.7821063276353,102.0947570770121,0.0,1.0,0.0,1.0,0.0,155.91184008218124,163.6658465644594,167.50425697634068,0,9,45,45,0,45,0,0,0,1200.0
-300.0,1400.0,1431.7821063276353,102.0947570770121,0.0,1.0,0.0,1.0,0.0,204.36033005441496,216.40474612149734,222.84098381893745,0,9,45,45,0,45,0,0,0,1500.0
-200.0,1400.0,1414.213562373095,98.13010235415598,0.0,1.0,0.0,1.0,0.0,59.80488885414189,61.23399317933685,61.34343041027374,0,9,45,45,0,45,0,0,0,300.0
-200.0,1400.0,1414.213562373095,98.13010235415598,0.0,1.0,0.0,1.0,0.0,79.67522103841016,82.34571511315957,82.91289002887133,0,9,45,45,0,45,0,0,0,600.0
-200.0,1400.0,1414.213562373095,98.13010235415598,0.0,1.0,0.0,1.0,0.0,108.52343875387807,112.88977131530706,114.49620343760826,0,9,45,45,0,45,0,0,0,900.0
-200.0,1400.0,1414.213562373095,98.13010235415598,0.0,1.0,0.0,1.0,0.0,146.04576592460683,152.89540309025324,156.2809017939592,0,9,45,45,0,45,0,0,0,1200.0
-200.0,1400.0,1414.213562373095,98.13010235415598,0.0,1.0,0.0,1.0,0.0,192.26436918947957,203.04341061528464,208.79613175336326,0,9,45,45,0,45,0,0,0,1500.0
-100.0,1400.0,1403.56688476182,94.08561677997488,0.0,1.0,0.0,1.0,0.0,56.855948992259115,58.037275243386574,58.11237393984993,0,9,45,45,0,45,0,0,0,300.0
-100.0,1400.0,1403.56688476182,94.08561677997488,0.0,1.0,0.0,1.0,0.0,74.62401121825341,76.92702498109605,77.37927620199038,0,9,45,45,0,45,0,0,0,600.0
-100.0,1400.0,1403.56688476182,94.08561677997488,0.0,1.0,0.0,1.0,0.0,101.36430760496584,105.17713937564875,106.53804487055375,0,9,45,45,0,45,0,0,0,900.0
-100.0,1400.0,1403.56688476182,94.08561677997488,0.0,1.0,0.0,1.0,0.0,136.71975248315172,142.74969098471547,145.71944165686276,0,9,45,45,0,45,0,0,0,1200.0
-100.0,1400.0,1403.56688476182,94.08561677997488,0.0,1.0,0.0,1.0,0.0,180.71481629735084,190.32767282695477,195.4499538358305,0,9,45,45,0,45,0,0,0,1500.0
0.0,1400.0,1400.0,90.0,0.0,1.0,0.0,1.0,0.0,54.402837572137564,55.36246583119798,55.409460106232196,0,9,45,45,0,45,0,0,0,300.0
0.0,1400.0,1400.0,90.0,0.0,1.0,0.0,1.0,0.0,70.07975349499696,72.06129709713129,72.4117652191287,0,9,45,45,0,45,0,0,0,600.0
0.0,1400.0,1400.0,90.0,0.0,1.0,0.0,1.0,0.0,94.73243837468631,98.05713109118679,99.19377811389197,0,9,45,45,0,45,0,0,0,900.0
0.0,1400.0,1400.0,90.0,0.0,1.0,0.0,1.0,0.0,127.9357438849137,133.22562053925157,135.8151478649182,0,9,45,45,0,45,0,0,0,1200.0
0.0,1400.0,1400.0,90.0,0.0,1.0,0.0,1.0,0.0,169.71458433191685,178.2558143997656,182.79825919911818,0,9,45,45,0,45,0,0,0,1500.0
100.0,1400.0,1403.56688476182,85.91438322002513,0.0,1.0,0.0,1.0,0.0,52.44355062630708,53.20177084625216,53.22679808000374,0,9,45,45,0,45,0,0,0,300.0
100.0,1400.0,1403.56688476182,85.91438322002513,0.0,1.0,0.0,1.0,0.0,66.03880407060757,67.7391997284238,68.00070934446477,0,9,45,45,0,45,0,0,0,600.0
100.0,1400.0,1403.56688476182,85.91438322002513,0.0,1.0,0.0,1.0,0.0,88.62676014913893,91.52284354966392,92.45611240027152,0,9,45,45,0,45,0,0,0,900.0
100.0,1400.0,1403.56688476182,85.91438322002513,0.0,1.0,0.0,1.0,0.0,119.69551125874646,124.32001180250383,126.56323340647592,0,9,45,45,0,45,0,0,0,1200.0
100.0,1400.0,1403.56688476182,85.91438322002513,0.0,1.0,0.0,1.0,0.0,159.2668218952549,166.8264247983538,170.83721658329614,0,9,45,45,0,45,0,0,0,1500.0
200.0,1400.0,1414.213562373095,81.86989764584403,0.0,1.0,0.0,1.0,0.0,50.97614709390164,51.547470435722396,51.55658979292147,0,9,45,45,0,45,0,0,0,300.0
200.0,1400.0,1414.213562373095,81.86989764584403,0.0,1.0,0.0,1.0,0.0,62.49650321907697,63.95045194096301,64.13549326411001,0,9,45,45,0,45,0,0,0,600.0
200.0,1400.0,1414.213562373095,81.86989764584403,0.0,1.0,0.0,1.0,0.0,83.0451436690535,85.56643683960493,86.31678537084919,0,9,45,45,0,45,0,0,0,900.0
200.0,1400.0,1414.213562373095,81.86989764584403,0.0,1.0,0.0,1.0,0.0,112.00045706928064,116.02940077807354,117.95865611113392,0,9,45,45,0,45,0,0,0,1200.0
200.0,1400.0,1414.213562373095,81.86989764584403,0.0,1.0,0.0,1.0,0.0,149.37484434795914,156.03833440779226,159.5632879023526,0,9,45,45,0,45,0,0,0,1500.0
300.0,1400.0,1431.7821063276353,77.9052429229879,0.0,1.0,0.0,0.4222222222222222,0.0,49.998765326534965,50.39181413706525,50.392114301046526,0,9,45,45,0,19,0,0,0,300.0
300.0,1400.0,1431.7821063276353,77.9052429229879,0.0,1.0,0.0,1.0,0.0,59.447186860986335,60.683815059500446,60.80453180060753,0,9,45,45,0,45,0,0,0,600.0
300.0,1400.0,1431.7821063276353,77.9052429229879,0.0,1.0,0.0,1.0,0.0,77.98408863529792,80.17882480012514,80.76623979205858,0,9,45,45,0,45,0,0,0,900.0
300.0,1400.0,1431.7821063276353,77.9052429229879,0.0,1.0,0.0,1.0,0.0,104.85135541996075,108.37036219731904,109.99585526784576,0,9,45,45,0,45,0,0,0,1200.0
300.0,1400.0,1431.7821063276353,77.9052429229879,0.0,1.0,0.0,1.0,0.0,140.04202484620203,145.8905073590166,148.97312125801744,0,9,45,45,0,45,0,0,0,1500.0
400.0,1400.0,1456.0219778561036,74.05460409907715,0.0,1.0,0.0,1.0,0.0,50.94389795144455,51.015146642625055,51.016624901398636,0,9,45,45,0,45,0,0,0,300.0
400.0,1400.0,1456.0219778561036,74.05460409907715,0.0,1.0,0.0,1.0,0.0,56.8843349932037,57.927212862685884,57.99540360937903,0,9,45,45,0,45,0,0,0,600.0
400.0,1400.0,1456.0219778561036,74.05460409907715,0.0,1.0,0.0,1.0,0.0,73.43841102646022,75.34936289071562,75.79329695582794,0,9,45,45,0,45,0,0,0,900.0
400.0,1400.0,1456.0219778561036,74.05460409907715,0.0,1.0,0.0,1.0,0.0,98.24802115750856,101.32833472844445,102.66841340114416,0,9,45,45,0,45,0,0,0,1200.0
400.0,1400.0,1456.0219778561036,74.05460409907715,0.0,1.0,0.0,1.0,0.0,131.27163253508084,136.38188082380435,139.06338978914607,0,9,45,45,0,45,0,0,0,1500.0
500.0,1400.0,1486.6068747318504,70.3461759419467,0.0,1.0,0.0,1.0,0.0,52.40856433063312,52.547144407491295,52.552296797803876,0,9,45,45,0,45,0,0,0,300.0
500.0,1400.0,1486.6068747318504,70.3461759419467,0.0,1.0,0.0,1.0,0.0,54.80088758098969,55.66801126473641,55.69515279596605,0,9,45,45,0,45,0,0,0,600.0
500.0,1400.0,1486.6068747318504,70.3461759419467,0.0,1.0,0.0,1.0,0.0,69.40097694388109,71.06557727581304,71.38487405661104,0,9,45,45,0,45,0,0,0,900.0
500.0,1400.0,1486.6068747318504,70.3461759419467,0.0,1.0,0.0,1.0,0.0,92.18890743755883,94.88608928862152,95.96864178753222,0,9,45,45,0,45,0,0,0,1200.0
500.0,1400.0,1486.6068747318504,70.3461759419467,0.0,1.0,0.0,1.0,0.0,123.06660357771774,127.51113575701004,129.83056083367254,0,9,45,45,0,45,0,0,0,1500.0
600.0,1400.0,1523.1546211727816,66.80140948635182,0.0,1.0,0.0,1.0,0.0,54.364081038983514,54.57553701904205,54.58667734863162,0,9,45,45,0,45,0,0,0,300.0
600.0,1400.0,1523.1546211727816,66.80140948635182,0.0,1.0,0.0,0.4222222222222222,0.0,53.189100167703124,53.892503261294806,53.89353189119907,0,9,45,45,0,19,0,0,0,600.0
600.0,1400.0,1523.1546211727816,66.80140948635182,0.0,1.0,0.0,1.0,0.0,65.86254678982003,67.31299571166836,67.5258110659324,0,9,45,45,0,45,0,0,0,900.0
600.0,1400.0,1523.1546211727816,66.80140948635182,0.0,1.0,0.0,1.0,0.0,86.67064340735962,89.03479476817006,89.88710074208181,0,9,45,45,0,45,0,0,0,1200.0
600.0,1400.0,1523.1546211727816,66.80140948635182,0.0,1.0,0.0,1.0,0.0,115.42923057664642,119.28657139121955,121.27057938999666,0,9,45,45,0,45,0,0,0,1500.0
700.0,1400.0,1565.2475842498527,63.43494882292201,0.0,1.0,0.0,1.0,0.0,56.81226457141952,57.10401057017791,57.1235241927426,0,9,45,45,0,45,0,0,0,300.0
700.0,1400.0,1565.2475842498527,63.43494882292201,0.0,1.0,0.0,1.0,0.0,54.765528552104186,54.84199679706263,54.84519079195387,0,9,45,45,0,45,0,0,0,600.0
700.0,1400.0,1565.2475842498527,63.43494882292201,0.0,1.0,0.0,1.0,0.0,62.81180429328805,64.07515097266437,64.19888404904498,0,9,45,45,0,45,0,0,0,900.0
700.0,1400.0,1565.2475842498527,63.43494882292201,0.0,1.0,0.0,1.0,0.0,81.68754154644343,83.76347218232667,84.41208460546751,0,9,45,45,0,45,0,0,0,1200.0
700.0,1400.0,1565.2475842498527,63.43494882292201,0.0,1.0,0.0,1.0,0.0,108.36075852456574,111.70187811098783,113.37845219274863,0,9,45,45,0,45,0,0,0,1500.0
800.0,1400.0,1612.4515496597098,60.25511870305778,0.0,1.0,0.0,1.0,0.0,59.754957114515165,60.136297397518305,60.166620461486666,0,9,45,45,0,45,0,0,0,300.0
800.0,1400.0,1612.4515496597098,60.25511870305778,0.0,1.0,0.0,1.0,0.0,56.845069269313704,56.994910068776576,57.006142497495304,0,9,45,45,0,45,0,0,0,600.0
800.0,1400.0,1612.4515496597098,60.25511870305778,0.0,1.0,0.0,1.0,0.0,60.2356411974034,61.33382395869593,61.38507813388472,0,9,45,45,0,45,0,0,0,900.0
800.0,1400.0,1612.4515496597098,60.25511870305778,0.0,1.0,0.0,1.0,0.0,77.23112710733623,79.0585330872074,79.52912589231455,0,9,45,45,0,45,0,0,0,1200.0
800.0,1400.0,1612.4515496597098,60.25511870305778,0.0,1.0,0.0,1.0,0.0,101.86088234868724,104.7459464465085,106.14772571824265,0,9,45,45,0,45,0,0,0,1500.0
900.0,1400.0,1664.3316977093239,57.264773727892404,0.0,1.0,0.0,1.0,0.0,63.193877678838916,63.6760262968222,63.71962571353958,0,9,45,45,0,45,0,0,0,300.0
900.0,1400.0,1664.3316977093239,57.264773727892404,0.0,1.0,0.0,1.0,0.0,59.402940471238786,59.63294788234829,59.657413618906894,0,9,45,45,0,45,0,0,0,600.0
900.0,1400.0,1664.3316977093239,57.264773727892404,0.0,1.0,0.0,0.4222222222222222,0.0,58.11844127324129,59.06765812951471,59.069706638656804,0,9,45,45,0,19,0,0,0,900.0
900.0,1400.0,1664.3316977093239,57.264773727892404,0.0,1.0,0.0,1.0,0.0,73.28976646005171,74.90341062928356,75.22059942173816,0,9,45,45,0,45,0,0,0,1200.0
900.0,1400.0,1664.3316977093239,57.264773727892404,0.0,1.0,0.0,1.0,0.0,95.92715410676323,98.42962283607359,99.5698651222506,0,9,45,45,0,45,0,0,0,1500.0
1000.0,1400.0,1720.4650534085254,54.46232220802562,0.0,1.0,0.0,1.0,0.0,67.13052226316469,67.72662087981449,67.78597720109062,0,9,45,45,0,45,0,0,0,300.0
1000.0,1400.0,1720.4650534085254,54.46232220802562,0.0,1.0,0.0,1.0,0.0,62.44604162540202,62.764851127919556,62.80795801292341,0,9,45,45,0,45,0,0,0,600.0
1000.0,1400.0,1720.4650534085254,54.46232220802562,0.0,1.0,0.0,1.0,0.0,60.19634143086588,60.28025529777007,60.28554751972525,0,9,45,45,0,45,0,0,0,900.0
1000.0,1400.0,1720.4650534085254,54.46232220802562,0.0,1.0,0.0,1.0,0.0,69.84849014239232,71.27837409030052,71.46552792717307,0,9,45,45,0,45,0,0,0,1200.0
1000.0,1400.0,1720.4650534085254,54.46232220802562,0.0,1.0,0.0,1.0,0.0,90.55432807164881,92.76267229745748,93.6335629141403,0,9,45,45,0,45,0,0,0,1500.0
1100.0,1400.0,1780.4493814764855,51.84277341263094,0.0,1.0,0.0,1.0,0.0,71.5661135724839,72.29124711626329,72.36884149180234,0,9,45,45,0,45,0,0,0,300.0
1100.0,1400.0,1780.4493814764855,51.84277341263094,0.0,1.0,0.0,1.0,0.0,65.98069657171726,66.39883251581124,66.46612055832593,0,9,45,45,0,45,0,0,0,600.0
1100.0,1400.0,1780.4493814764855,51.84277341263094,0.0,1.0,0.0,1.0,0.0,62.76763381938329,62.932568184821235,62.95126482138952,0,9,45,45,0,45,0,0,0,900.0
1100.0,1400.0,1780.4493814764855,51.84277341263094,0.0,1.0,0.0,1.0,0.0,66.88911080985679,68.16062114328855,68.23969530823229,0,9,45,45,0,45,0,0,0,1200.0
1100.0,1400.0,1780.4493814764855,51.84277341263094,0.0,1.0,0.0,1.0,0.0,85.73369871366337,87.68936731868962,88.32403564335591,0,9,45,45,0,45,0,0,0,1500.0
1200.0,1400.0,1843.9088914585775,49.398705354995535,0.0,1.0,0.0,1.0,0.0,76.501591708424,77.37280189997918,77.4711073545721,0,9,45,45,0,45,0,0,0,300.0
1200.0,1400.0,1843.9088914585775,49.398705354995535,0.0,1.0,0.0,1.0,0.0,70.01233774381156,70.54225443545124,70.63932202320937,0,9,45,45,0,45,0,0,0,600.0
1200.0,1400.0,1843.9088914585775,49.398705354995535,0.0,1.0,0.0,1.0,0.0,65.8123679699524,66.06603480449927,66.10689444916875,0,9,45,45,0,45,0,0,0,900.0
1200.0,1400.0,1843.9088914585775,49.398705354995535,0.0,1.0,0.0,0.4222222222222222,0.0,64.38862369683692,65.52170459118057,65.52493854814028,0,9,45,45,0,19,0,0,0,1200.0
1200.0,1400.0,1843.9088914585775,49.398705354995535,0.0,1.0,0.0,1.0,0.0,81.45251635197218,83.19222631630045,83.62240012099396,0,9,45,45,0,45,0,0,0,1500.0
1300.0,1400.0,1910.49731745428,47.12109639666146,0.0,1.0,0.0,1.0,0.0,81.93763337736964,82.97393044765838,83.09540705936575,0,9,45,45,0,45,0,0,0,300.0
1300.0,1400.0,1910.49731745428,47.12109639666146,0.0,1.0,0.0,1.0,0.0,74.54535763396717,75.20147253010737,75.33391623796417,0,9,45,45,0,45,0,0,0,600.0
1300.0,1400.0,1910.49731745428,47.12109639666146,0.0,1.0,0.0,1.0,0.0,69.34345732545398,69.69541246740062,69.76756727406854,0,9,45,45,0,45,0,0,0,900.0
1300.0,1400.0,1910.49731745428,47.12109639666146,0.0,1.0,0.0,1.0,0.0,66.84526872335341,66.93829910166384,66.946173879774,0,9,45,45,0,45,0,0,0,1200.0
1300.0,1400.0,1910.49731745428,47.12109639666146,0.0,1.0,0.0,1.0,0.0,77.69359058120388,79.24958189020867,79.5052493093614,0,9,45,45,0,45,0,0,0,1500.0
1400.0,1400.0,1979.8989873223331,45.0,0.0,1.0,0.0,1.0,0.0,87.87468734713671,89.09706037608754,89.24415358819573,0,9,45,45,0,45,0,0,0,300.0
1400.0,1400.0,1979.8989873223331,45.0,0.0,1.0,0.0,1.0,0.0,79.58309697704102,80.38181594492079,80.55518679677402,0,9,45,45,0,45,0,0,0,600.0
1400.0,1400.0,1979.8989873223331,45.0,0.0,1.0,0.0,1.0,0.0,73.37199006288635,73.83371093929819,73.94649428747738,0,9,45,45,0,45,0,0,0,900.0
1400.0,1400.0,1979.8989873223331,45.0,0.0,1.0,0.0,1.0,0.0,69.79899340500124,69.98182954105297,70.00968963156106,0,9,45,45,0,45,0,0,0,1200.0
1400.0,1400.0,1979.8989873223331,45.0,0.0,1.0,0.0,1.0,0.0,74.43520204229449,75.8354900681336,75.94455984242934,0,9,45,45,0,45,0,0,0,1500.0
1500.0,1400.0,2051.828452868319,43.025065989118026,0.0,1.0,0.0,1.0,0.0,94.3130163134535,95.74444262483684,95.91958382994709,0,9,45,45,0,45,0,0,0,300.0
1500.0,1400.0,2051.828452868319,43.025065989118026,0.0,1.0,0.0,1.0,0.0,85.1279275696174,86.08766316574821,86.30743910181532,0,9,45,45,0,45,0,0,0,600.0
1500.0,1400.0,2051.828452868319,43.025065989118026,0.0,1.0,0.0,1.0,0.0,77.90694393850796,78.49189228943891,78.65468738545664,0,9,45,45,0,45,0,0,0,900.0
1500.0,1400.0,2051.828452868319,43.025065989118026,0.0,1.0,0.0,1.0,0.0,73.23338467367095,73.51437013914347,73.57529457828042,0,9,45,45,0,45,0,0,0,1200.0
1500.0,1400.0,2051.828452868319,43.025065989118026,0.0,1.0,0.0,0.4222222222222222,0.0,71.64848303536077,72.91583069294758,72.9203316489268,0,9,45,45,0,19,0,0,0,1500.0
1600.0,1400.0,2126.02916254693,41.18592516570965,0.0,1.0,0.0,1.0,0.0,101.25273845303958,102.91819244397821,103.12380104801895,0,9,45,45,0,45,0,0,0,300.0
1600.0,1400.0,2126.02916254693,41.18592516570965,0.0,1.0,0.0,1.0,0.0,91.18138846825994,92.32257269250914,92.59414498548591,0,9,45,45,0,45,0,0,0,600.0
1600.0,1400.0,2126.02916254693,41.18592516570965,0.0,1.0,0.0,1.0,0.0,82.95515665705575,83.67882527425506,83.90094599142363,0,9,45,45,0,45,0,0,0,900.0
1600.0,1400.0,2126.02916254693,41.18592516570965,0.0,1.0,0.0,1.0,0.0,77.16640644237442,77.55577192168138,77.66336009070464,0,9,45,45,0,45,0,0,0,1200.0
1600.0,1400.0,2126.02916254693,41.18592516570965,0.0,1.0,0.0,1.0,0.0,74.38638588276197,74.48974260395883,74.5007514899117,0,9,45,45,0,45,0,0,0,1500.0
1700.0,1400.0,2202.271554554524,39.472459848343824,0.0,1.0,0.0,1.0,0.0,108.69386477558174,110.62032647663712,110.85881279916111,0,9,45,45,0,45,0,0,0,300.0
1700.0,1400.0,2202.271554554524,39.472459848343824,0.0,1.0,0.0,1.0,0.0,97.74434228672372,99.08943536857538,99.41810581833987,0,9,45,45,0,45,0,0,0,600.0
1700.0,1400.0,2202.271554554524,39.472459848343824,0.0,1.0,0.0,1.0,0.0,88.52148105440553,89.40142572701363,89.6920334844641,0,9,45,45,0,45,0,0,0,900.0
1700.0,1400.0,2202.271554554524,39.472459848343824,0.0,1.0,0.0,1.0,0.0,81.61277300064928,82.12274054889937,82.29082387152229,0,9,45,45,0,45,0,0,0,1200.0
1700.0,1400.0,2202.271554554524,39.472459848343824,0.0,1.0,0.0,1.0,0.0,77.63847483970056,77.84120889416374,77.88014017150577,0,9,45,45,0,45,0,0,0,1500.0
1800.0,1400.0,2280.350850198276,37.874983651098205,0.0,1.0,0.0,1.0,0.0,116.63633053204974,118.8527941102854,119.1265626453906,0,9,45,45,0,45,0,0,0,300.0
1800.0,1400.0,2280.350850198276,37.874983651098205,0.0,1.0,0.0,1.0,0.0,104.81712866126745,106.39062528508927,106.78161093663334,0,9,45,45,0,45,0,0,0,600.0
1800.0,1400.0,2280.350850198276,37.874983651098205,0.0,1.0,0.0,1.0,0.0,94.60905064340302,95.66490981261012,96.03296439589245,0,9,45,45,0,45,0,0,0,900.0
1800.0,1400.0,2280.350850198276,37.874983651098205,0.0,1.0,0.0,1.0,0.0,86.58382994844234,87.22869293139063,87.47108880667618,0,9,45,45,0,45,0,0,0,1200.0
1800.0,1400.0,2280.350850198276,37.874983651098205,0.0,1.0,0.0,1.0,0.0,81.38975301275873,81.70060905882437,81.78566997531793,0,9,45,45,0,45,0,0,0,1500.0
-500.0,1500.0,1581.1388300841897,108.43494882292202,0.0,1.0,0.0,1.0,0.0,73.64901177634152,75.97157896316433,76.1908297969737,0,9,45,45,0,45,0,0,0,300.0
-500.0,1500.0,1581.1388300841897,108.43494882292202,0.0,1.0,0.0,1.0,0.0,98.25735098889645,102.1865026708389,103.05408197466376,0,9,45,45,0,45,0,0,0,600.0
-500.0,1500.0,1581.1388300841897,108.43494882292202,0.0,1.0,0.0,1.0,0.0,131.33163062315535,137.42629129371755,139.58197873902034,0,9,45,45,0,45,0,0,0,900.0
-500.0,1500.0,1581.1388300841897,108.43494882292202,0.0,1.0,0.0,1.0,0.0,172.6373691361882,181.65682900373923,185.9751858434939,0,9,45,45,0,45,0,0,0,1200.0
-500.0,1500.0,1581.1388300841897,108.43494882292202,0.0,1.0,0.0,1.0,0.0,222.16141585257807,235.61923726797124,242.67083568727867,0,9,45,45,0,45,0,0,0,1500.0
-400.0,1500.0,1552.4174696260025,104.93141717813755,0.0,1.0,0.0,1.0,0.0,69.49588339553046,71.48034584932711,71.65278600431058,0,9,45,45,0,45,0,0,0,300.0
-400.0,1500.0,1552.4174696260025,104.93141717813755,0.0,1.0,0.0,1.0,0.0,92.11031321194884,95.54568882066982,96.27771000546304,0,9,45,45,0,45,0,0,0,600.0
-400.0,1500.0,1552.4174696260025,104.93141717813755,0.0,1.0,0.0,1.0,0.0,123.18253042603408,128.57027461553196,130.4562844157934,0,9,45,45,0,45,0,0,0,900.0
-400.0,1500.0,1552.4174696260025,104.93141717813755,0.0,1.0,0.0,1.0,0.0,162.44801285201785,170.4906342635628,174.35559096851873,0,9,45,45,0,45,0,0,0,1200.0
-400.0,1500.0,1552.4174696260025,104.93141717813755,0.0,1.0,0.0,1.0,0.0,209.89302397487586,222.02961262602923,228.40763746686935,0,9,45,45,0,45,0,0,0,1500.0
-300.0,1500.0,1529.7058540778355,101.30993247402021,0.0,1.0,0.0,1.0,0.0,65.80962396183624,67.49398853213815,67.6253090466981,0,9,45,45,0,45,0,0,0,300.0
-300.0,1500.0,1529.7058540778355,101.30993247402021,0.0,1.0,0.0,1.0,0.0,86.43980025829194,89.43678562909135,90.04525889147325,0,9,45,45,0,45,0,0,0,600.0
-300.0,1500.0,1529.7058540778355,101.30993247402021,0.0,1.0,0.0,1.0,0.0,115.52281947991091,120.27632963459654,121.91180334690384,0,9,45,45,0,45,0,0,0,900.0
-300.0,1500.0,1529.7058540778355,101.30993247402021,0.0,1.0,0.0,1.0,0.0,152.75759418441658,159.91372155169975,163.3521982668328,0,9,45,45,0,45,0,0,0,1200.0
-300.0,1500.0,1529.7058540778355,101.30993247402021,0.0,1.0,0.0,1.0,0.0,198.12919967785717,209.04450276569327,214.7929896413935,0,9,45,45,0,45,0,0,0,1500.0
-200.0,1500.0,1513.2745950421556,97.59464336859145,0.0,1.0,0.0,1.0,0.0,62.588970160509746,64.00611972436441,64.10191616367672,0,9,45,45,0,45,0,0,0,300.0
-200.0,1500.0,1513.2745950421556,97.59464336859145,0.0,1.0,0.0,1.0,0.0,81.24442188297117,83.85325575394123,84.34997066657215,0,9,45,45,0,45,0,0,0,600.0
-200.0,1500.0,1513.2745950421556,97.59464336859145,0.0,1.0,0.0,1.0,0.0,108.35260839875627,112.53926180782774,113.94305197673529,0,9,45,45,0,45,0,0,0,900.0
-200.0,1500.0,1513.2745950421556,97.59464336859145,0.0,1.0,0.0,1.0,0.0,143.56755171926505,149.92199520423543,152.96055328505156,0,9,45,45,0,45,0,0,0,1200.0
-200.0,1500.0,1513.2745950421556,97.59464336859145,0.0,1.0,0.0,1.0,0.0,186.87198159925796,196.66129192298115,201.8226900649299,0,9,45,45,0,45,0,0,0,1500.0
-100.0,1500.0,1503.3296378372909,93.81407483429037,0.0,1.0,0.0,1.0,0.0,59.83250721240428,61.010235051268864,61.076011988197074,0,9,45,45,0,45,0,0,0,300.0
-100.0,1500.0,1503.3296378372909,93.81407483429037,0.0,1.0,0.0,1.0,0.0,76.52224989414024,78.78809320725226,79.18460777935792,0,9,45,45,0,45,0,0,0,600.0
-100.0,1500.0,1503.3296378372909,93.81407483429037,0.0,1.0,0.0,1.0,0.0,101.67163102115758,105.35358732726579,106.54424854651543,0,9,45,45,0,45,0,0,0,900.0
-100.0,1500.0,1503.3296378372909,93.81407483429037,0.0,1.0,0.0,1.0,0.0,134.87928555189802,140.51140606563993,143.17625327156225,0,9,45,45,0,45,0,0,0,1200.0
-100.0,1500.0,1503.3296378372909,93.81407483429037,0.0,1.0,0.0,1.0,0.0,176.12359812671917,184.87761851527063,189.4928224228466,0,9,45,45,0,45,0,0,0,1500.0
0.0,1500.0,1500.0,90.0,0.0,1.0,0.0,1.0,0.0,57.53871672655401,58.499752988434835,58.54093142842772,0,9,45,45,0,45,0,0,0,300.0
0.0,1500.0,1500.0,90.0,0.0,1.0,0.0,1.0,0.0,72.27072017228865,74.23372048676393,74.5413489323907,0,9,45,45,0,45,0,0,0,600.0
0.0,1500.0,1500.0,90.0,0.0,1.0,0.0,1.0,0.0,95.4790839088569,98.71337558222314,99.70914987538727,0,9,45,45,0,45,0,0,0,900.0
0.0,1500.0,1500.0,90.0,0.0,1.0,0.0,1.0,0.0,126.69405629647281,131.67785380414014,133.99484640309166,0,9,45,45,0,45,0,0,0,1200.0
0.0,1500.0,1500.0,90.0,0.0,1.0,0.0,1.0,0.0,165.88643386654513,173.69134291058117,177.79972422036528,0,9,45,45,0,45,0,0,0,1500.0
100.0,1500.0,1503.3296378372909,86.18592516570965,0.0,1.0,0.0,1.0,0.0,55.70605636942356,56.4680863717674,56.49001464445654,0,9,45,45,0,45,0,0,0,300.0
100.0,1500.0,1503.3296378372909,86.18592516570965,0.0,1.0,0.0,1.0,0.0,68.48656038928543,70.18190826000705,70.41170896775964,0,9,45,45,0,45,0,0,0,600.0
100.0,1500.0,1503.3296378372909,86.18592516570965,0.0,1.0,0.0,1.0,0.0,89.77343786854769,92.61206342744816,93.43085847537353,0,9,45,45,0,45,0,0,0,900.0
100.0,1500.0,1503.3296378372909,86.18592516570965,0.0,1.0,0.0,1.0,0.0,119.01284916378125,123.41705520330171,125.41169520465367,0,9,45,45,0,45,0,0,0,1200.0
100.0,1500.0,1503.3296378372909,86.18592516570965,0.0,1.0,0.0,1.0,0.0,156.16297545776777,163.10049480491233,166.73993414547127,0,9,45,45,0,45,0,0,0,1500.0
200.0,1500.0,1513.2745950421556,82.40535663140857,0.0,1.0,0.0,1.0,0.0,54.333068322594904,54.90874354494346,54.91671172493527,0,9,45,45,0,45,0,0,0,300.0
200.0,1500.0,1513.2745950421556,82.40535663140857,0.0,1.0,0.0,1.0,0.0,65.16576651036588,66.62373973950369,66.78650602825773,0,9,45,45,0,45,0,0,0,600.0
200.0,1500.0,1513.2745950421556,82.40535663140857,0.0,1.0,0.0,1.0,0.0,84.55222863741889,87.04224778693214,87.70160676150219,0,9,45,45,0,45,0,0,0,900.0
200.0,1500.0,1513.2745950421556,82.40535663140857,0.0,1.0,0.0,1.0,0.0,111.83619699956934,115.72437239246072,117.42179749179432,0,9,45,45,0,45,0,0,0,1200.0
200.0,1500.0,1513.2745950421556,82.40535663140857,0.0,1.0,0.0,1.0,0.0,146.95573002472614,153.1031934180229,156.31011177527193,0,9,45,45,0,45,0,0,0,1500.0
300.0,1500.0,1529.7058540778355,78.69006752597979,0.0,1.0,0.0,0.4222222222222222,0.0,53.41834869610953,53.815184048456054,53.81546849799255,0,9,45,45,0,19,0,0,0,300.0
300.0,1500.0,1529.7058540778355,78.69006752597979,0.0,1.0,0.0,1.0,0.0,62.30365378839715,63.54964469260419,63.65590214048678,0,9,45,45,0,45,0,0,0,600.0
300.0,1500.0,1529.7058540778355,78.69006752597979,0.0,1.0,0.0,1.0,0.0,79.81184163545134,81.9954705558798,82.51253307556144,0,9,45,45,0,45,0,0,0,900.0
300.0,1500.0,1529.7058540778355,78.69006752597979,0.0,1.0,0.0,1.0,0.0,105.1639578095319,108.5945965413726,110.0195597045477,0,9,45,45,0,45,0,0,0,1200.0
300.0,1500.0,1529.7058540778355,78.69006752597979,0.0,1.0,0.0,1.0,0.0,138.2671083898282,143.69753248676446,146.5069212598426,0,9,45,45,0,45,0,0,0,1500.0
400.0,1500.0,1552.4174696260025,75.06858282186245,0.0,1.0,0.0,1.0,0.0,54.298851747305946,54.370289741254304,54.37159801265494,0,9,45,45,0,45,0,0,0,300.0
400.0,1500.0,1552.4174696260025,75.06858282186245,0.0,1.0,0.0,1.0,0.0,59.89500529725552,60.94952589357744,61.0095409907005,0,9,45,45,0,45,0,0,0,600.0
400.0,1500.0,1552.4174696260025,75.06858282186245,0.0,1.0,0.0,1.0,0.0,75.5473154163834,77.4620190852895,77.85347432073024,0,9,45,45,0,45,0,0,0,900.0
400.0,1500.0,1552.4174696260025,75.06858282186245,0.0,1.0,0.0,1.0,0.0,98.99504590913193,102.02168601807776,103.19852111117332,0,9,45,45,0,45,0,0,0,1200.0
400.0,1500.0,1552.4174696260025,75.06858282186245,0.0,1.0,0.0,1.0,0.0,130.09926433748748,134.88142113087753,137.3268695936172,0,9,45,45,0,45,0,0,0,1500.0
500.0,1500.0,1581.1388300841897,71.56505117707799,0.0,1.0,0.0,1.0,0.0,55.66928589148703,55.80727044042794,55.8117798694842,0,9,45,45,0,45,0,0,0,300.0
500.0,1500.0,1581.1388300841897,71.56505117707799,0.0,1.0,0.0,1.0,0.0,57.934330745040015,58.812991497507916,58.83679656533445,0,9,45,45,0,45,0,0,0,600.0
500.0,1500.0,1581.1388300841897,71.56505117707799,0.0,1.0,0.0,1.0,0.0,71.75219880810326,73.4307754577709,73.71281083727666,0,9,45,45,0,45,0,0,0,900.0
500.0,1500.0,1581.1388300841897,71.56505117707799,0.0,1.0,0.0,1.0,0.0,93.32712212966017,95.9984640640534,96.95103382049905,0,9,45,45,0,45,0,0,0,1200.0
500.0,1500.0,1581.1388300841897,71.56505117707799,0.0,1.0,0.0,1.0,0.0,122.45388117358961,126.65237153801618,128.76608983969092,0,9,45,45,0,45,0,0,0,1500.0
600.0,1500.0,1615.5494421403512,68.19859051364818,0.0,1.0,0.0,1.0,0.0,57.49844334733436,57.7078285961651,57.71753078827715,0,9,45,45,0,45,0,0,0,300.0
600.0,1500.0,1615.5494421403512,68.19859051364818,0.0,1.0,0.0,0.4222222222222222,0.0,56.41563466438598,57.128778072072635,57.12975471606618,0,9,45,45,0,19,0,0,0,600.0
600.0,1500.0,1615.5494421403512,68.19859051364818,0.0,1.0,0.0,1.0,0.0,68.41850511646226,69.8891557939688,70.07740801171357,0,9,45,45,0,45,0,0,0,900.0
600.0,1500.0,1615.5494421403512,68.19859051364818,0.0,1.0,0.0,1.0,0.0,88.15625796880025,90.51629012543057,91.26791342194656,0,9,45,45,0,45,0,0,0,1200.0
600.0,1500.0,1615.5494421403512,68.19859051364818,0.0,1.0,0.0,1.0,0.0,115.33189820238309,119.00722572066867,120.8200609019531,0,9,45,45,0,45,0,0,0,1500.0
700.0,1500.0,1655.294535724685,64.98310652189998,0.0,1.0,0.0,1.0,0.0,59.78768084606086,60.07494869938018,60.09189350800094,0,9,45,45,0,45,0,0,0,300.0
700.0,1500.0,1655.294535724685,64.98310652189998,0.0,1.0,0.0,1.0,0.0,57.897179303897886,57.97324239691682,57.97604517205709,0,9,45,45,0,45,0,0,0,600.0
700.0,1500.0,1655.294535724685,64.98310652189998,0.0,1.0,0.0,1.0,0.0,65.53680942186332,66.82318340159951,66.9327020419892,0,9,45,45,0,45,0,0,0,900.0
700.0,1500.0,1655.294535724685,64.98310652189998,0.0,1.0,0.0,1.0,0.0,83.47660105535523,85.56473092936552,86.13808828389568,0,9,45,45,0,45,0,0,0,1200.0
700.0,1500.0,1655.294535724685,64.98310652189998,0.0,1.0,0.0,1.0,0.0,108.73317336736618,111.94181718929912,113.48325905856427,0,9,45,45,0,45,0,0,0,1500.0
800.0,1500.0,1700.0,61.92751306414704,0.0,1.0,0.0,1.0,0.0,62.538409304948026,62.911685053627,62.93796598960054,0,9,45,45,0,45,0,0,0,300.0
800.0,1500.0,1700.0,61.92751306414704,0.0,1.0,0.0,1.0,0.0,59.85419130493996,60.00214235772147,60.01188397937614,0,9,45,45,0,45,0,0,0,600.0
800.0,1500.0,1700.0,61.92751306414704,0.0,1.0,0.0,1.0,0.0,63.09652786286705,64.21773288191254,64.26296997905007,0,9,45,45,0,45,0,0,0,900.0
800.0,1500.0,1700.0,61.92751306414704,0.0,1.0,0.0,1.0,0.0,79.28008353971734,81.13127095516593,81.54829076947134,0,9,45,45,0,45,0,0,0,1200.0
800.0,1500.0,1700.0,61.92751306414704,0.0,1.0,0.0,1.0,0.0,102.65608506665211,105.47757250451514,106.7487435019383,0,9,45,45,0,45,0,0,0,1500.0
900.0,1500.0,1749.28556845359,59.03624346792648,0.0,1.0,0.0,1.0,0.0,65.75198551271168,66.22105309322546,66.25879273353786,0,9,45,45,0,45,0,0,0,300.0
900.0,1500.0,1749.28556845359,59.03624346792648,0.0,1.0,0.0,1.0,0.0,62.25819806714435,62.48401441722858,62.505121780243485,0,9,45,45,0,45,0,0,0,600.0
900.0,1500.0,1749.28556845359,59.03624346792648,0.0,1.0,0.0,0.4222222222222222,0.0,61.08515952351168,62.05513602184451,62.05709439595663,0,9,45,45,0,19,0,0,0,900.0
900.0,1500.0,1749.28556845359,59.03624346792648,0.0,1.0,0.0,1.0,0.0,75.55622822441124,77.20111439021126,77.4828478506419,0,9,45,45,0,45,0,0,0,1200.0
900.0,1500.0,1749.28556845359,59.03624346792648,0.0,1.0,0.0,1.0,0.0,97.09708675176155,99.60117949712635,100.6076894179883,0,9,45,45,0,45,0,0,0,1500.0
1000.0,1500.0,1802.7756377319947,56.309932474020215,0.0,1.0,0.0,1.0,0.0,69.42963254061978,70.00594876278906,70.05728569386483,0,9,45,45,0,45,0,0,0,300.0
1000.0,1500.0,1802.7756377319947,56.309932474020215,0.0,1.0,0.0,1.0,0.0,65.11455945729104,65.42581813190185,65.46289577346647,0,9,45,45,0,45,0,0,0,600.0
1000.0,1500.0,1802.7756377319947,56.309932474020215,0.0,1.0,0.0,1.0,0.0,63.05562067041605,63.138342276612434,63.14294218541267,0,9,45,45,0,45,0,0,0,900.0
1000.0,1500.0,1802.7756377319947,56.309932474020215,0.0,1.0,0.0,1.0,0.0,72.29211509667894,73.75713782553345,73.92363707669088,0,9,45,45,0,45,0,0,0,1200.0
1000.0,1500.0,1802.7756377319947,56.309932474020215,0.0,1.0,0.0,1.0,0.0,92.05024239703306,94.27790970513803,95.04889783119972,0,9,45,45,0,45,0,0,0,1500.0
1100.0,1500.0,1860.1075237738273,53.74616226255522,0.0,1.0,0.0,1.0,0.0,73.57239191120668,74.26909930178277,74.33617755592877,0,9,45,45,0,45,0,0,0,300.0
1100.0,1500.0,1860.1075237738273,53.74616226255522,0.0,1.0,0.0,1.0,0.0,68.42833274881252,68.83424644668918,68.8920187017799,0,9,45,45,0,45,0,0,0,600.0
1100.0,1500.0,1860.1075237738273,53.74616226255522,0.0,1.0,0.0,1.0,0.0,65.49131269159794,65.6527543347212,65.66881716965739,0,9,45,45,0,45,0,0,0,900.0
1100.0,1500.0,1860.1075237738273,53.74616226255522,0.0,1.0,0.0,1.0,0.0,69.47256841206755,70.78005008765524,70.85027103898268,0,9,45,45,0,45,0,0,0,1200.0
1100.0,1500.0,1860.1075237738273,53.74616226255522,0.0,1.0,0.0,1.0,0.0,87.50678808917884,89.4947038522923,90.05833030403132,0,9,45,45,0,45,0,0,0,1500.0
1200.0,1500.0,1920.9372712298546,51.34019174590991,0.0,1.0,0.0,1.0,0.0,78.18110441819604,79.01304260580513,79.09800396736331,0,9,45,45,0,45,0,0,0,300.0
1200.0,1500.0,1920.9372712298546,51.34019174590991,0.0,1.0,0.0,1.0,0.0,72.20401397376766,72.7154633650712,72.7987195264713,0,9,45,45,0,45,0,0,0,600.0
1200.0,1500.0,1920.9372712298546,51.34019174590991,0.0,1.0,0.0,1.0,0.0,68.36739253071845,68.61437954966635,68.64930813889029,0,9,45,45,0,45,0,0,0,900.0
1200.0,1500.0,1920.9372712298546,51.34019174590991,0.0,1.0,0.0,0.4222222222222222,0.0,67.07859895573472,68.24589193082727,68.24900675109295,0,9,45,45,0,19,0,0,0,1200.0
1200.0,1500.0,1920.9372712298546,51.34019174590991,0.0,1.0,0.0,1.0,0.0,83.45478188077907,85.23550932829022,85.6187353449578,0,9,45,45,0,45,0,0,0,1500.0
1300.0,1500.0,1984.9433241279207,49.08561677997488,0.0,1.0,0.0,1.0,0.0,83.25641306356539,84.24012883032232,84.345107924669,0,9,45,45,0,45,0,0,0,300.0
1300.0,1500.0,1984.9433241279207,49.08561677997488,0.0,1.0,0.0,1.0,0.0,76.44538938940651,77.07495037092664,77.18849770441169,0,9,45,45,0,45,0,0,0,600.0
1300.0,1500.0,1984.9433241279207,49.08561677997488,0.0,1.0,0.0,1.0,0.0,71.69428485337389,72.03523432767861,72.09675177990222,0,9,45,45,0,45,0,0,0,900.0
1300.0,1500.0,1984.9433241279207,49.08561677997488,0.0,1.0,0.0,1.0,0.0,69.42729349057905,69.51824388206312,69.52502821912643,0,9,45,45,0,45,0,0,0,1200.0
1300.0,1500.0,1984.9433241279207,49.08561677997488,0.0,1.0,0.0,1.0,0.0,79.87891591289734,81.4810934217781,81.70944663423779,0,9,45,45,0,45,0,0,0,1500.0
1400.0,1500.0,2051.828452868319,46.97493401088198,0.0,1.0,0.0,1.0,0.0,88.79878062881973,89.95253686633043,90.07965865009237,0,9,45,45,0,45,0,0,0,300.0
1400.0,1500.0,2051.828452868319,46.97493401088198,0.0,1.0,0.0,1.0,0.0,81.15548436830488,81.91744988157228,82.06607713593276,0,9,45,45,0,45,0,0,0,600.0
1400.0,1500.0,2051.828452868319,46.97493401088198,0.0,1.0,0.0,1.0,0.0,75.48122800530432,75.92620907941931,76.02223361869272,0,9,45,45,0,45,0,0,0,900.0
1400.0,1500.0,2051.828452868319,46.97493401088198,0.0,1.0,0.0,1.0,0.0,72.24148984876366,72.41908317521033,72.44281790626255,0,9,45,45,0,45,0,0,0,1200.0
1400.0,1500.0,2051.828452868319,46.97493401088198,0.0,1.0,0.0,1.0,0.0,76.76056591203029,78.20908154124403,78.30643430188735,0,9,45,45,0,45,0,0,0,1500.0
1500.0,1500.0,2121.3203435596424,45.0,0.0,1.0,0.0,1.0,0.0,94.8085151304922,96.1522989766913,96.30367811290301,0,9,45,45,0,45,0,0,0,300.0
1500.0,1500.0,2121.3203435596424,45.0,0.0,1.0,0.0,1.0,0.0,86.33658671118319,87.24698346466928,87.43543549175041,0,9,45,45,0,45,0,0,0,600.0
1500.0,1500.0,2121.3203435596424,45.0,0.0,1.0,0.0,1.0,0.0,79.73599451852762,80.29677917524529,80.43530983682045,0,9,45,45,0,45,0,0,0,900.0
1500.0,1500.0,2121.3203435596424,45.0,0.0,1.0,0.0,1.0,0.0,75.49915490925297,75.77081815970138,75.82248666994154,0,9,45,45,0,45,0,0,0,1200.0
1500.0,1500.0,2121.3203435596424,45.0,0.0,1.0,0.0,0.4222222222222222,0.0,74.07529161068798,75.39020308784828,75.39456709103202,0,9,45,45,0,19,0,0,0,1500.0
1600.0,1500.0,2193.171219946131,43.15238973400541,0.0,1.0,0.0,1.0,0.0,101.28579795802007,102.84132837954797,103.0190699669407,0,9,45,45,0,45,0,0,0,300.0
1600.0,1500.0,2193.171219946131,43.15238973400541,0.0,1.0,0.0,1.0,0.0,91.99031870956935,93.06691959085626,93.29988220038587,0,9,45,45,0,45,0,0,0,600.0
1600.0,1500.0,2193.171219946131,43.15238973400541,0.0,1.0,0.0,1.0,0.0,84.4647934620914,85.15489645783143,85.34391830301514,0,9,45,45,0,45,0,0,0,900.0
1600.0,1500.0,2193.171219946131,43.15238973400541,0.0,1.0,0.0,1.0,0.0,79.21528048873716,79.5900555013731,79.68110124096101,0,9,45,45,0,45,0,0,0,1200.0
1600.0,1500.0,2193.171219946131,43.15238973400541,0.0,1.0,0.0,1.0,0.0,76.71047334774079,76.81082136337099,76.82023515706673,0,9,45,45,0,45,0,0,0,1500.0
1700.0,1500.0,2267.1568097509266,41.423665625002656,0.0,1.0,0.0,1.0,0.0,108.23071119661121,110.02144624216835,110.22764742629296,0,9,45,45,0,45,0,0,0,300.0
1700.0,1500.0,2267.1568097509266,41.423665625002656,0.0,1.0,0.0,1.0,0.0,98.11773490068026,99.38006804929421,99.6621613628341,0,9,45,45,0,45,0,0,0,600.0
1700.0,1500.0,2267.1568097509266,41.423665625002656,0.0,1.0,0.0,1.0,0.0,89.67231582008144,90.50702401008914,90.75443695980408,0,9,45,45,0,45,0,0,0,900.0
1700.0,1500.0,2267.1568097509266,41.423665625002656,0.0,1.0,0.0,1.0,0.0,83.4025767804142,83.8912030492522,84.03331790589954,0,9,45,45,0,45,0,0,0,1200.0
1700.0,1500.0,2267.1568097509266,41.423665625002656,0.0,1.0,0.0,1.0,0.0,79.82284553478138,80.01853836639938,80.05147393183972,0,9,45,45,0,45,0,0,0,1500.0
1800.0,1500.0,2343.074902771996,39.80557109226519,0.0,1.0,0.0,1.0,0.0,115.64326211917825,117.69440601997869,117.93115810550329,0,9,45,45,0,45,0,0,0,300.0
1800.0,1500.0,2343.074902771996,39.80557109226519,0.0,1.0,0.0,1.0,0.0,104.7194277119746,106.18878321843891,106.52456147411006,0,9,45,45,0,45,0,0,0,600.0
1800.0,1500.0,2343.074902771996,39.80557109226519,0.0,1.0,0.0,1.0,0.0,95.36187692167125,96.35826923920519,96.6718406772228,0,9,45,45,0,45,0,0,0,900.0
1800.0,1500.0,2343.074902771996,39.80557109226519,0.0,1.0,0.0,1.0,0.0,88.07128455215987,88.68626576387402,88.89120204000318,0,9,45,45,0,45,0,0,0,1200.0
1800.0,1500.0,2343.074902771996,39.80557109226519,0.0,1.0,0.0,1.0,0.0,83.3915422465245,83.69040507068736,83.76207529565811,0,9,45,45,0,45,0,0,0,1500.0
-500.0,1600.0,1676.305461424021,107.35402463626133,0.0,1.0,0.0,1.0,0.0,75.83603616539743,78.10641075500925,78.29964663786154,0,9,45,45,0,45,0,0,0,300.0
-500.0,1600.0,1676.305461424021,107.35402463626133,0.0,1.0,0.0,1.0,0.0,99.00275224908249,102.78806972085015,103.55256949939252,0,9,45,45,0,45,0,0,0,600.0
-500.0,1600.0,1676.305461424021,107.35402463626133,0.0,1.0,0.0,1.0,0.0,130.15430048509975,135.93758152384777,137.83388136797439,0,9,45,45,0,45,0,0,0,900.0
-500.0,1600.0,1676.305461424021,107.35402463626133,0.0,1.0,0.0,1.0,0.0,169.0293535641311,177.47142320182945,181.26174242850692,0,9,45,45,0,45,0,0,0,1200.0
-500.0,1600.0,1676.305461424021,107.35402463626133,0.0,1.0,0.0,1.0,0.0,215.5900993931647,227.89136543753082,234.18970464908855,0,9,45,45,0,45,0,0,0,1500.0
-400.0,1600.0,1649.2422502470642,104.03624346792648,0.0,1.0,0.0,1.0,0.0,71.94015401388732,73.89116108425793,74.04323187684734,0,9,45,45,0,45,0,0,0,300.0
-400.0,1600.0,1649.2422502470642,104.03624346792648,0.0,1.0,0.0,1.0,0.0,93.23796368937927,96.5676511972822,97.21323844796864,0,9,45,45,0,45,0,0,0,600.0
-400.0,1600.0,1649.2422502470642,104.03624346792648,0.0,1.0,0.0,1.0,0.0,122.52017901364728,127.6609230120541,129.32137416949357,0,9,45,45,0,45,0,0,0,900.0
-400.0,1600.0,1649.2422502470642,104.03624346792648,0.0,1.0,0.0,1.0,0.0,159.49355671757854,167.05635085390924,170.45110374827817,0,9,45,45,0,45,0,0,0,1200.0
-400.0,1600.0,1649.2422502470642,104.03624346792648,0.0,1.0,0.0,1.0,0.0,204.1164847036963,215.2420646144298,220.94870508026503,0,9,45,45,0,45,0,0,0,1500.0
-300.0,1600.0,1627.8820596099706,100.61965527615514,0.0,1.0,0.0,1.0,0.0,68.48145301931748,70.14649740541788,70.26237384366114,0,9,45,45,0,45,0,0,0,300.0
-300.0,1600.0,1627.8820596099706,100.61965527615514,0.0,1.0,0.0,1.0,0.0,87.91811296926493,90.84085912136489,91.37795956180597,0,9,45,45,0,45,0,0,0,600.0
-300.0,1600.0,1627.8820596099706,100.61965527615514,0.0,1.0,0.0,1.0,0.0,115.3427365136275,119.90478556354826,121.34596627854614,0,9,45,45,0,45,0,0,0,900.0
-300.0,1600.0,1627.8820596099706,100.61965527615514,0.0,1.0,0.0,1.0,0.0,150.42393555086292,157.1866719458514,160.20913876139613,0,9,45,45,0,45,0,0,0,1200.0
-300.0,1600.0,1627.8820596099706,100.61965527615514,0.0,1.0,0.0,1.0,0.0,193.11501250770235,203.1523160354792,208.30541809954502,0,9,45,45,0,45,0,0,0,1500.0
-200.0,1600.0,1612.4515496597098,97.1250163489018,0.0,1.0,0.0,1.0,0.0,65.45887187724844,66.86686221357573,66.95143939834415,0,9,45,45,0,45,0,0,0,300.0
-200.0,1600.0,1612.4515496597098,97.1250163489018,0.0,1.0,0.0,1.0,0.0,83.04178554025802,85.60177662596381,86.04063102202872,0,9,45,45,0,45,0,0,0,600.0
-200.0,1600.0,1612.4515496597098,97.1250163489018,0.0,1.0,0.0,1.0,0.0,108.62172900741507,112.66431220588625,113.90255461787262,0,9,45,45,0,45,0,0,0,900.0
-200.0,1600.0,1612.4515496597098,97.1250163489018,0.0,1.0,0.0,1.0,0.0,141.8215071685864,147.8586081973463,150.53177238744175,0,9,45,45,0,45,0,0,0,1200.0
-200.0,1600.0,1612.4515496597098,97.1250163489018,0.0,1.0,0.0,1.0,0.0,182.58740332188142,191.61981866680426,196.25619651472414,0,9,45,45,0,45,0,0,0,1500.0
-100.0,1600.0,1603.1219541881396,93.57633437499736,0.0,1.0,0.0,1.0,0.0,62.871254972217095,64.04663031162522,64.10473212676068,0,9,45,45,0,45,0,0,0,300.0
-100.0,1600.0,1603.1219541881396,93.57633437499736,0.0,1.0,0.0,1.0,0.0,78.60712508534827,80.84409765823466,81.194753946372,0,9,45,45,0,45,0,0,0,600.0
-100.0,1600.0,1603.1219541881396,93.57633437499736,0.0,1.0,0.0,1.0,0.0,102.35653067469252,105.9343356951372,106.98571605833276,0,9,45,45,0,45,0,0,0,900.0
-100.0,1600.0,1603.1219541881396,93.57633437499736,0.0,1.0,0.0,1.0,0.0,133.6871758631055,139.0683401118039,141.414889217794,0,9,45,45,0,45,0,0,0,1200.0
-100.0,1600.0,1603.1219541881396,93.57633437499736,0.0,1.0,0.0,1.0,0.0,172.5354819804068,180.64242909261372,184.7975756310186,0,9,45,45,0,45,0,0,0,1500.0
0.0,1600.0,1600.0,90.0,0.0,1.0,0.0,1.0,0.0,60.71739419078764,61.68014494448887,61.7165306382605,0,9,45,45,0,45,0,0,0,300.0
0.0,1600.0,1600.0,90.0,0.0,1.0,0.0,1.0,0.0,74.61177599929954,76.56106431733313,76.83336966500114,0,9,45,45,0,45,0,0,0,600.0
0.0,1600.0,1600.0,90.0,0.0,1.0,0.0,1.0,0.0,96.5460055836788,99.70925187560587,100.58957635099719,0,9,45,45,0,45,0,0,0,900.0
0.0,1600.0,1600.0,90.0,0.0,1.0,0.0,1.0,0.0,126.02163653484831,130.81191329597618,132.85423653941794,0,9,45,45,0,45,0,0,0,1200.0
0.0,1600.0,1600.0,90.0,0.0,1.0,0.0,1.0,0.0,162.96113489372323,170.21811989725234,173.92623151009738,0,9,45,45,0,45,0,0,0,1500.0
100.0,1600.0,1603.1219541881396,86.42366562500266,0.0,1.0,0.0,1.0,0.0,58.99609103698397,59.76177436665648,59.781147505246224,0,9,45,45,0,45,0,0,0,300.0
100.0,1600.0,1603.1219541881396,86.42366562500266,0.0,1.0,0.0,1.0,0.0,71.05285149568618,72.74542734591088,72.94902151013233,0,9,45,45,0,45,0,0,0,600.0
100.0,1600.0,1603.1219541881396,86.42366562500266,0.0,1.0,0.0,1.0,0.0,91.18836461388173,93.98287766239508,94.70766293879035,0,9,45,45,0,45,0,0,0,900.0
100.0,1600.0,1603.1219541881396,86.42366562500266,0.0,1.0,0.0,1.0,0.0,118.82525108389302,123.08511834908978,124.84529947075701,0,9,45,45,0,45,0,0,0,1200.0
100.0,1600.0,1603.1219541881396,86.42366562500266,0.0,1.0,0.0,1.0,0.0,153.86624824010224,160.34491911311807,163.63891997720563,0,9,45,45,0,45,0,0,0,1500.0
200.0,1600.0,1612.4515496597098,82.8749836510982,0.0,1.0,0.0,1.0,0.0,57.70623558891978,58.28598613208912,58.29300579486313,0,9,45,45,0,45,0,0,0,300.0
200.0,1600.0,1612.4515496597098,82.8749836510982,0.0,1.0,0.0,1.0,0.0,67.92694276692839,69.3894446986196,69.53375671777977,0,9,45,45,0,45,0,0,0,600.0
200.0,1600.0,1612.4515496597098,82.8749836510982,0.0,1.0,0.0,1.0,0.0,86.28101558868053,88.7483011049914,89.33274947532706,0,9,45,45,0,45,0,0,0,900.0
200.0,1600.0,1612.4515496597098,82.8749836510982,0.0,1.0,0.0,1.0,0.0,112.09789493373631,115.88334145787645,117.38314497770448,0,9,45,45,0,45,0,0,0,1200.0
200.0,1600.0,1612.4515496597098,82.8749836510982,0.0,1.0,0.0,1.0,0.0,145.25262209299567,151.0208256510553,153.9323910865303,0,9,45,45,0,45,0,0,0,1500.0
300.0,1600.0,1627.8820596099706,79.38034472384487,0.0,1.0,0.0,0.4222222222222222,0.0,56.84674681313421,57.247179307907125,57.247449883671415,0,9,45,45,0,19,0,0,0,300.0
300.0,1600.0,1627.8820596099706,79.38034472384487,0.0,1.0,0.0,1.0,0.0,65.23018471119431,66.48493342651359,66.57918431685843,0,9,45,45,0,45,0,0,0,600.0
300.0,1600.0,1627.8820596099706,79.38034472384487,0.0,1.0,0.0,1.0,0.0,81.82042009056657,83.99773622090999,84.45670548949644,0,9,45,45,0,45,0,0,0,900.0
300.0,1600.0,1627.8820596099706,79.38034472384487,0.0,1.0,0.0,1.0,0.0,105.83877284952963,109.20138475039124,110.46223352057544,0,9,45,45,0,45,0,0,0,1200.0
300.0,1600.0,1627.8820596099706,79.38034472384487,0.0,1.0,0.0,1.0,0.0,137.12185503054098,142.2436951303775,144.8032731900308,0,9,45,45,0,45,0,0,0,1500.0
400.0,1600.0,1649.2422502470642,75.96375653207353,0.0,1.0,0.0,1.0,0.0,57.67003233598566,57.741719266750124,57.742888177564545,0,9,45,45,0,45,0,0,0,300.0
400.0,1600.0,1649.2422502470642,75.96375653207353,0.0,1.0,0.0,1.0,0.0,62.95839020152499,64.02338702971929,64.07660152171721,0,9,45,45,0,45,0,0,0,600.0
400.0,1600.0,1649.2422502470642,75.96375653207353,0.0,1.0,0.0,1.0,0.0,77.80197656227153,79.7224011762072,80.07037099956847,0,9,45,45,0,45,0,0,0,900.0
400.0,1600.0,1649.2422502470642,75.96375653207353,0.0,1.0,0.0,1.0,0.0,100.04620665972105,103.03325877012765,104.07620058867334,0,9,45,45,0,45,0,0,0,1200.0
400.0,1600.0,1649.2422502470642,75.96375653207353,0.0,1.0,0.0,1.0,0.0,129.4751937656897,134.01109046971823,136.24792063576177,0,9,45,45,0,45,0,0,0,1500.0
500.0,1600.0,1676.305461424021,72.64597536373867,0.0,1.0,0.0,1.0,0.0,58.95749396036794,59.095080637753824,59.09906675869641,0,9,45,45,0,45,0,0,0,300.0
500.0,1600.0,1676.305461424021,72.64597536373867,0.0,1.0,0.0,1.0,0.0,61.107256765057436,61.99616302536075,62.017193166991866,0,9,45,45,0,45,0,0,0,600.0
500.0,1600.0,1676.305461424021,72.64597536373867,0.0,1.0,0.0,1.0,0.0,74.21995498340955,75.91244386264319,76.16348184520798,0,9,45,45,0,45,0,0,0,900.0
500.0,1600.0,1676.305461424021,72.64597536373867,0.0,1.0,0.0,1.0,0.0,94.717402677827,97.37195441159864,98.2176157468296,0,9,45,45,0,45,0,0,0,1200.0
500.0,1600.0,1676.305461424021,72.64597536373867,0.0,1.0,0.0,1.0,0.0,122.31334311263487,126.32009233162107,128.26221980991647,0,9,45,45,0,45,0,0,0,1500.0
600.0,1600.0,1708.8007490635061,69.44395478041653,0.0,1.0,0.0,1.0,0.0,60.67552515977068,60.88329790500249,60.89183383023634,0,9,45,45,0,45,0,0,0,300.0
600.0,1600.0,1708.8007490635061,69.44395478041653,0.0,1.0,0.0,0.4222222222222222,0.0,59.67207465183895,60.393866089509245,60.39479589107359,0,9,45,45,0,19,0,0,0,600.0
600.0,1600.0,1708.8007490635061,69.44395478041653,0.0,1.0,0.0,1.0,0.0,71.06751188928165,72.55694229932244,72.72467522590848,0,9,45,45,0,45,0,0,0,900.0
600.0,1600.0,1708.8007490635061,69.44395478041653,0.0,1.0,0.0,1.0,0.0,89.84821359224834,92.20920833797405,92.87773412251329,0,9,45,45,0,45,0,0,0,1200.0
600.0,1600.0,1708.8007490635061,69.44395478041653,0.0,1.0,0.0,1.0,0.0,115.63623359686181,119.1677197765844,120.84135020485638,0,9,45,45,0,45,0,0,0,1500.0
700.0,1600.0,1746.424919657298,66.37062226934319,0.0,1.0,0.0,1.0,0.0,62.82515271273485,63.108828089633946,63.12369412287941,0,9,45,45,0,45,0,0,0,300.0
700.0,1600.0,1746.424919657298,66.37062226934319,0.0,1.0,0.0,1.0,0.0,61.06827640021941,61.144091624422266,61.14657786841936,0,9,45,45,0,45,0,0,0,600.0
700.0,1600.0,1746.424919657298,66.37062226934319,0.0,1.0,0.0,1.0,0.0,68.33681357921954,69.64400650253003,69.74160411199017,0,9,45,45,0,45,0,0,0,900.0
700.0,1600.0,1746.424919657298,66.37062226934319,0.0,1.0,0.0,1.0,0.0,85.43291790303522,87.5352838372961,88.04626405791132,0,9,45,45,0,45,0,0,0,1200.0
700.0,1600.0,1746.424919657298,66.37062226934319,0.0,1.0,0.0,1.0,0.0,109.44274769874134,112.59115307744807,113.97950098058436,0,9,45,45,0,45,0,0,0,1500.0
800.0,1600.0,1788.8543819998317,63.43494882292201,0.0,1.0,0.0,1.0,0.0,65.40746693752607,65.77420384030216,65.79721757117595,0,9,45,45,0,45,0,0,0,300.0
800.0,1600.0,1788.8543819998317,63.43494882292201,0.0,1.0,0.0,1.0,0.0,62.91596242437771,63.062431765782726,63.070976081976916,0,9,45,45,0,45,0,0,0,600.0
800.0,1600.0,1788.8543819998317,63.43494882292201,0.0,1.0,0.0,1.0,0.0,66.01928802270614,67.1610016367379,67.20118170671269,0,9,45,45,0,45,0,0,0,900.0
800.0,1600.0,1788.8543819998317,63.43494882292201,0.0,1.0,0.0,1.0,0.0,81.46404847547691,83.33879713261747,83.71118370923857,0,9,45,45,0,45,0,0,0,1200.0
800.0,1600.0,1788.8543819998317,63.43494882292201,0.0,1.0,0.0,1.0,0.0,103.73041150618266,106.54010337688354,107.66954957401151,0,9,45,45,0,45,0,0,0,1500.0
900.0,1600.0,1835.7559750685818,60.64224645720873,0.0,1.0,0.0,1.0,0.0,68.42354284508825,68.88195449890532,68.91496007173443,0,9,45,45,0,45,0,0,0,300.0
900.0,1600.0,1835.7559750685818,60.64224645720873,0.0,1.0,0.0,1.0,0.0,65.18340884009852,65.40583287069069,65.42425221680878,0,9,45,45,0,45,0,0,0,600.0
900.0,1600.0,1835.7559750685818,60.64224645720873,0.0,1.0,0.0,0.4222222222222222,0.0,64.10483139122913,65.09314843816635,65.09502354217814,0,9,45,45,0,19,0,0,0,900.0
900.0,1600.0,1835.7559750685818,60.64224645720873,0.0,1.0,0.0,1.0,0.0,77.93230846927027,79.60662542889652,79.85864655294208,0,9,45,45,0,45,0,0,0,1200.0
900.0,1600.0,1835.7559750685818,60.64224645720873,0.0,1.0,0.0,1.0,0.0,98.49506659490284,101.00638497290396,101.90271751483446,0,9,45,45,0,45,0,0,0,1500.0
1000.0,1600.0,1886.7962264113207,57.9946167919165,0.0,1.0,0.0,1.0,0.0,71.87437809354445,72.4345434815964,72.47940162935936,0,9,45,45,0,45,0,0,0,300.0
1000.0,1600.0,1886.7962264113207,57.9946167919165,0.0,1.0,0.0,1.0,0.0,67.87481083662286,68.17989393981216,68.2121535133839,0,9,45,45,0,45,0,0,0,600.0
1000.0,1600.0,1886.7962264113207,57.9946167919165,0.0,1.0,0.0,1.0,0.0,65.97672317226655,66.05852876815871,66.06257532318944,0,9,45,45,0,45,0,0,0,900.0
1000.0,1600.0,1886.7962264113207,57.9946167919165,0.0,1.0,0.0,1.0,0.0,74.82661517016963,76.32393495500659,76.47301819491453,0,9,45,45,0,45,0,0,0,1200.0
1000.0,1600.0,1886.7962264113207,57.9946167919165,0.0,1.0,0.0,1.0,0.0,93.730546882857,95.9799351942782,96.66822936823765,0,9,45,45,0,45,0,0,0,1500.0
1100.0,1600.0,1941.6487838947598,55.4914770123316,0.0,1.0,0.0,1.0,0.0,75.76085120488851,76.43432562194691,76.49290521095476,0,9,45,45,0,45,0,0,0,300.0
1100.0,1600.0,1941.6487838947598,55.4914770123316,0.0,1.0,0.0,1.0,0.0,70.99422396523262,71.39010190185269,71.44027315829432,0,9,45,45,0,45,0,0,0,600.0
1100.0,1600.0,1941.6487838947598,55.4914770123316,0.0,1.0,0.0,1.0,0.0,68.28990842300581,68.44850391341082,68.46247556821484,0,9,45,45,0,45,0,0,0,900.0
1100.0,1600.0,1941.6487838947598,55.4914770123316,0.0,1.0,0.0,1.0,0.0,72.13430744706086,73.47436245614874,73.53708167111338,0,9,45,45,0,45,0,0,0,1200.0
1100.0,1600.0,1941.6487838947598,55.4914770123316,0.0,1.0,0.0,1.0,0.0,89.42839583984525,91.44853790080877,91.95301237160365,0,9,45,45,0,45,0,0,0,1500.0
1200.0,1600.0,2000.0,53.13010235415598,0.0,1.0,0.0,1.0,0.0,80.08369949812722,80.88352411178448,80.95769558094578,0,9,45,45,0,45,0,0,0,300.0
1200.0,1600.0,2000.0,53.13010235415598,0.0,1.0,0.0,1.0,0.0,74.54535763396565,75.04162302183664,75.11384263177986,0,9,45,45,0,45,0,0,0,600.0
1200.0,1600.0,2000.0,53.13010235415598,0.0,1.0,0.0,1.0,0.0,71.01533071427262,71.25680147736453,71.28703293740836,0,9,45,45,0,45,0,0,0,900.0
1200.0,1600.0,2000.0,53.13010235415598,0.0,1.0,0.0,0.4222222222222222,0.0,69.83961053731281,71.03756856632644,71.04057063312685,0,9,45,45,0,19,0,0,0,1200.0
1200.0,1600.0,2000.0,53.13010235415598,0.0,1.0,0.0,1.0,0.0,85.57766863560467,87.39762753942094,87.74148448476718,0,9,45,45,0,45,0,0,0,1500.0
1300.0,1600.0,2061.5528128088304,50.906141113770495,0.0,1.0,0.0,1.0,0.0,84.84351354577826,85.78422399106798,85.87585475298351,0,9,45,45,0,45,0,0,0,300.0
1300.0,1600.0,2061.5528128088304,50.906141113770495,0.0,1.0,0.0,1.0,0.0,78.5314408909201,79.13916547208473,79.23759874029074,0,9,45,45,0,45,0,0,0,600.0
1300.0,1600.0,2061.5528128088304,50.906141113770495,0.0,1.0,0.0,1.0,0.0,74.16143049281416,74.49325211126742,74.54635109265153,0,9,45,45,0,45,0,0,0,900.0
1300.0,1600.0,2061.5528128088304,50.906141113770495,0.0,1.0,0.0,1.0,0.0,72.08754041998229,72.17681021293352,72.18273097396926,0,9,45,45,0,45,0,0,0,1200.0
1300.0,1600.0,2061.5528128088304,50.906141113770495,0.0,1.0,0.0,1.0,0.0,82.16486864687643,83.81022045706649,84.01548390679204,0,9,45,45,0,45,0,0,0,1500.0
1400.0,1600.0,2126.02916254693,48.81407483429036,0.0,1.0,0.0,1.0,0.0,90.04074376412086,91.13837789199626,91.24932953485062,0,9,45,45,0,45,0,0,0,300.0
1400.0,1600.0,2126.02916254693,48.81407483429036,0.0,1.0,0.0,1.0,0.0,82.9551566570557,83.68690985794615,83.81572081200142,0,9,45,45,0,45,0,0,0,600.0
1400.0,1600.0,2126.02916254693,48.81407483429036,0.0,1.0,0.0,1.0,0.0,77.73588703293223,78.1669723708657,78.24972756547803,0,9,45,45,0,45,0,0,0,900.0
1400.0,1600.0,2126.02916254693,48.81407483429036,0.0,1.0,0.0,1.0,0.0,74.7747677227903,74.9480035429173,74.96849049480244,0,9,45,45,0,45,0,0,0,1200.0
1400.0,1600.0,2126.02916254693,48.81407483429036,0.0,1.0,0.0,1.0,0.0,79.17406512789873,80.6670171760012,80.75439009152639,0,9,45,45,0,45,0,0,0,1500.0
1500.0,1600.0,2193.171219946131,46.8476102659946,0.0,1.0,0.0,1.0,0.0,95.67571469816154,96.94781964566818,97.07994664328342,0,9,45,45,0,45,0,0,0,300.0
1500.0,1600.0,2193.171219946131,46.8476102659946,0.0,1.0,0.0,1.0,0.0,87.8186324630536,88.6884962739635,88.85182532348978,0,9,45,45,0,45,0,0,0,600.0
1500.0,1600.0,2193.171219946131,46.8476102659946,0.0,1.0,0.0,1.0,0.0,81.74536647170261,82.28610667519371,82.40540099908038,0,9,45,45,0,45,0,0,0,900.0
1500.0,1600.0,2193.171219946131,46.8476102659946,0.0,1.0,0.0,1.0,0.0,77.87438974874996,78.13824946296675,78.18264380138366,0,9,45,45,0,45,0,0,0,1200.0
1500.0,1600.0,2193.171219946131,46.8476102659946,0.0,1.0,0.0,0.4222222222222222,0.0,76.58447429243705,77.94275754893658,77.94698922020773,0,9,45,45,0,19,0,0,0,1500.0
1600.0,1600.0,2262.741699796952,45.0,0.0,1.0,0.0,1.0,0.0,101.74864321329677,103.21428197370815,103.36943156195795,0,9,45,45,0,45,0,0,0,300.0
1600.0,1600.0,2262.741699796952,45.0,0.0,1.0,0.0,1.0,0.0,93.12347220236978,94.14705276169018,94.3490017666806,0,9,45,45,0,45,0,0,0,600.0
1600.0,1600.0,2262.741699796952,45.0,0.0,1.0,0.0,1.0,0.0,86.19539841277003,86.85769656223701,87.02043216768358,0,9,45,45,0,45,0,0,0,900.0
1600.0,1600.0,2262.741699796952,45.0,0.0,1.0,0.0,1.0,0.0,81.39891457063796,81.76145616120509,81.83950037901536,0,9,45,45,0,45,0,0,0,1200.0
1600.0,1600.0,2262.741699796952,45.0,0.0,1.0,0.0,1.0,0.0,79.12263160595441,79.22048989772341,79.2286485892449,0,9,45,45,0,45,0,0,0,1500.0
1700.0,1600.0,2334.5235059857505,43.264295411071615,0.0,1.0,0.0,1.0,0.0,108.25965774929284,109.93941540689057,110.11942829375384,0,9,45,45,0,45,0,0,0,300.0
1700.0,1600.0,2334.5235059857505,43.264295411071615,0.0,1.0,0.0,1.0,0.0,98.87081349437501,100.06524995816753,100.30987383463173,0,9,45,45,0,45,0,0,0,600.0
1700.0,1600.0,2334.5235059857505,43.264295411071615,0.0,1.0,0.0,1.0,0.0,91.09036064520667,91.88765783063437,92.10069657986564,0,9,45,45,0,45,0,0,0,900.0
1700.0,1600.0,2334.5235059857505,43.264295411071615,0.0,1.0,0.0,1.0,0.0,85.35925034990098,85.82999786795048,85.95167859369342,0,9,45,45,0,45,0,0,0,1200.0
1700.0,1600.0,2334.5235059857505,43.264295411071615,0.0,1.0,0.0,1.0,0.0,82.10774150169975,82.29750599199241,82.32574941323597,0,9,45,45,0,45,0,0,0,1500.0
1800.0,1600.0,2408.3189157584593,41.6335393365702,0.0,1.0,0.0,1.0,0.0,115.20881674314715,117.12480651117781,117.33151813052484,0,9,45,45,0,45,0,0,0,300.0
1800.0,1600.0,2408.3189157584593,41.6335393365702,0.0,1.0,0.0,1.0,0.0,105.06139757385274,106.44536891192453,106.73667253930527,0,9,45,45,0,45,0,0,0,600.0
1800.0,1600.0,2408.3189157584593,41.6335393365702,0.0,1.0,0.0,1.0,0.0,96.43354417262815,97.38083854630678,97.65095903270675,0,9,45,45,0,45,0,0,0,900.0
1800.0,1600.0,2408.3189157584593,41.6335393365702,0.0,1.0,0.0,1.0,0.0,89.76449743592954,90.35449601829819,90.52989977099298,0,9,45,45,0,45,0,0,0,1200.0
1800.0,1600.0,2408.3189157584593,41.6335393365702,0.0,1.0,0.0,1.0,0.0,85.51378213401277,85.8025033599705,85.8637066657327,0,9,45,45,0,45,0,0,0,1500.0
-500.0,1700.0,1772.004514666935,106.38954033403479,0.0,1.0,0.0,1.0,0.0,78.17402376598844,80.40178083175095,80.57341887031477,0,9,45,45,0,45,0,0,0,300.0
-500.0,1700.0,1772.004514666935,106.38954033403479,0.0,1.0,0.0,1.0,0.0,100.06287822814984,103.73052717094231,104.40961748948574,0,9,45,45,0,45,0,0,0,600.0
-500.0,1700.0,1772.004514666935,106.38954033403479,0.0,1.0,0.0,1.0,0.0,129.51596024196348,135.0439150095973,136.72604745268947,0,9,45,45,0,45,0,0,0,900.0
-500.0,1700.0,1772.004514666935,106.38954033403479,0.0,1.0,0.0,1.0,0.0,166.25072001270536,174.21832672250935,177.57400030742028,0,9,45,45,0,45,0,0,0,1200.0
-500.0,1700.0,1772.004514666935,106.38954033403479,0.0,1.0,0.0,1.0,0.0,210.2064199818546,221.5555958090817,227.23623865015816,0,9,45,45,0,45,0,0,0,1500.0
-400.0,1700.0,1746.424919657298,103.2405199151872,0.0,1.0,0.0,1.0,0.0,74.50517324269008,76.4290621506127,76.56420567127886,0,9,45,45,0,45,0,0,0,300.0
-400.0,1700.0,1746.424919657298,103.2405199151872,0.0,1.0,0.0,1.0,0.0,94.63450688611931,97.87808198948122,98.45196497093904,0,9,45,45,0,45,0,0,0,600.0
-400.0,1700.0,1746.424919657298,103.2405199151872,0.0,1.0,0.0,1.0,0.0,122.3340402780585,127.27273625572246,128.74678175374575,0,9,45,45,0,45,0,0,0,900.0
-400.0,1700.0,1746.424919657298,103.2405199151872,0.0,1.0,0.0,1.0,0.0,157.28855302036135,164.45755902129207,167.46502909454324,0,9,45,45,0,45,0,0,0,1200.0
-400.0,1700.0,1746.424919657298,103.2405199151872,0.0,1.0,0.0,1.0,0.0,199.43067398609514,209.72421538452534,214.88014468344028,0,9,45,45,0,45,0,0,0,1500.0
-300.0,1700.0,1726.2676501632068,100.00797980144135,0.0,1.0,0.0,1.0,0.0,71.24742386742543,72.89703830041584,73.00006796508255,0,9,45,45,0,45,0,0,0,300.0
-300.0,1700.0,1726.2676501632068,100.00797980144135,0.0,1.0,0.0,1.0,0.0,89.62339574611713,92.48603867567059,92.96384845929862,0,9,45,45,0,45,0,0,0,600.0
-300.0,1700.0,1726.2676501632068,100.00797980144135,0.0,1.0,0.0,1.0,0.0,115.57996512102372,119.98594503560149,121.26639202117036,0,9,45,45,0,45,0,0,0,900.0
-300.0,1700.0,1726.2676501632068,100.00797980144135,0.0,1.0,0.0,1.0,0.0,148.76352583482574,155.20399074678224,157.88357865130666,0,9,45,45,0,45,0,0,0,1200.0
-300.0,1700.0,1726.2676501632068,100.00797980144135,0.0,1.0,0.0,1.0,0.0,189.09829435051768,198.4133209484189,203.07792959496078,0,9,45,45,0,45,0,0,0,1500.0
-200.0,1700.0,1711.724276862369,96.70983680775694,0.0,1.0,0.0,1.0,0.0,68.39988610031399,69.80084256224198,69.87607852648841,0,9,45,45,0,45,0,0,0,300.0
-200.0,1700.0,1711.724276862369,96.70983680775694,0.0,1.0,0.0,1.0,0.0,85.02816510220946,87.54904303545194,87.93975811528533,0,9,45,45,0,45,0,0,0,600.0
-200.0,1700.0,1711.724276862369,96.70983680775694,0.0,1.0,0.0,1.0,0.0,109.25323167067448,113.17898857088326,114.28011323162548,0,9,45,45,0,45,0,0,0,900.0
-200.0,1700.0,1711.724276862369,96.70983680775694,0.0,1.0,0.0,1.0,0.0,140.67628993391807,146.45407899004252,148.82585512318497,0,9,45,45,0,45,0,0,0,1200.0
-200.0,1700.0,1711.724276862369,96.70983680775694,0.0,1.0,0.0,1.0,0.0,179.2106898607606,187.62081225810414,191.82633626951355,0,9,45,45,0,45,0,0,0,1500.0
-100.0,1700.0,1702.93863659264,93.3664606634298,0.0,1.0,0.0,1.0,0.0,65.96161417467518,67.13557321618387,67.18727922570321,0,9,45,45,0,45,0,0,0,300.0
-100.0,1700.0,1702.93863659264,93.3664606634298,0.0,1.0,0.0,1.0,0.0,80.84707861484327,83.06142424212935,83.37386215048312,0,9,45,45,0,45,0,0,0,600.0
-100.0,1700.0,1702.93863659264,93.3664606634298,0.0,1.0,0.0,1.0,0.0,103.35297045534749,106.84700626974748,107.78286298082246,0,9,45,45,0,45,0,0,0,900.0
-100.0,1700.0,1702.93863659264,93.3664606634298,0.0,1.0,0.0,1.0,0.0,133.0273351821327,138.20417998885114,140.28796174754322,0,9,45,45,0,45,0,0,0,1200.0
-100.0,1700.0,1702.93863659264,93.3664606634298,0.0,1.0,0.0,1.0,0.0,169.76930534717005,177.34466971428398,181.12220785436534,0,9,45,45,0,45,0,0,0,1500.0
0.0,1700.0,1700.0,90.0,0.0,1.0,0.0,1.0,0.0,63.93164107430501,64.89632445038536,64.92871350593049,0,9,45,45,0,45,0,0,0,300.0
0.0,1700.0,1700.0,90.0,0.0,1.0,0.0,1.0,0.0,77.07801282760823,79.0171593931065,79.25997201954829,0,9,45,45,0,45,0,0,0,600.0
0.0,1700.0,1700.0,90.0,0.0,1.0,0.0,1.0,0.0,97.87784587185928,100.98473053573042,101.76913901751608,0,9,45,45,0,45,0,0,0,900.0
0.0,1700.0,1700.0,90.0,0.0,1.0,0.0,1.0,0.0,125.81690160524582,130.45046329823242,132.26580983455378,0,9,45,45,0,45,0,0,0,1200.0
0.0,1700.0,1700.0,90.0,0.0,1.0,0.0,1.0,0.0,160.77557428509962,167.58290787922314,170.96244089931707,0,9,45,45,0,45,0,0,0,1500.0
100.0,1700.0,1702.93863659264,86.63353933657021,0.0,1.0,0.0,1.0,0.0,62.30902644084154,63.078230483324276,63.09547212057167,0,9,45,45,0,45,0,0,0,300.0
100.0,1700.0,1702.93863659264,86.63353933657021,0.0,1.0,0.0,1.0,0.0,73.71844966521905,75.40985917870023,75.59152985583667,0,9,45,45,0,45,0,0,0,600.0
100.0,1700.0,1702.93863659264,86.63353933657021,0.0,1.0,0.0,1.0,0.0,92.82595039900113,95.58638080448185,96.23290974689424,0,9,45,45,0,45,0,0,0,900.0
100.0,1700.0,1702.93863659264,86.63353933657021,0.0,1.0,0.0,1.0,0.0,119.04487109861658,123.18880623721832,124.75500890730942,0,9,45,45,0,45,0,0,0,1200.0
100.0,1700.0,1702.93863659264,86.63353933657021,0.0,1.0,0.0,1.0,0.0,152.23085461670146,158.33351226042967,161.343921419052,0,9,45,45,0,45,0,0,0,1500.0
200.0,1700.0,1711.724276862369,83.29016319224307,0.0,1.0,0.0,1.0,0.0,61.092914292213216,61.67652028651821,61.68274927739766,0,9,45,45,0,45,0,0,0,300.0
200.0,1700.0,1711.724276862369,83.29016319224307,0.0,1.0,0.0,1.0,0.0,70.76550192918447,72.23278445388775,72.36162833529882,0,9,45,45,0,45,0,0,0,600.0
200.0,1700.0,1711.724276862369,83.29016319224307,0.0,1.0,0.0,1.0,0.0,88.1947003872464,90.64555793743042,91.1675052210352,0,9,45,45,0,45,0,0,0,900.0
200.0,1700.0,1711.724276862369,83.29016319224307,0.0,1.0,0.0,1.0,0.0,112.7106383904307,116.41466784876654,117.75073506023156,0,9,45,45,0,45,0,0,0,1200.0
200.0,1700.0,1711.724276862369,83.29016319224307,0.0,1.0,0.0,1.0,0.0,144.1363442901649,149.594355775161,152.26344012892403,0,9,45,45,0,45,0,0,0,1500.0
300.0,1700.0,1726.2676501632068,79.99202019855866,0.0,1.0,0.0,0.4222222222222222,0.0,60.28245575353214,60.68633656505425,60.68659480729564,0,9,45,45,0,19,0,0,0,300.0
300.0,1700.0,1726.2676501632068,79.99202019855866,0.0,1.0,0.0,1.0,0.0,68.21598085176245,69.47890276311726,69.56307232275353,0,9,45,45,0,45,0,0,0,600.0
300.0,1700.0,1726.2676501632068,79.99202019855866,0.0,1.0,0.0,1.0,0.0,83.98074467390894,86.15514960853342,86.56551989640289,0,9,45,45,0,45,0,0,0,900.0
300.0,1700.0,1726.2676501632068,79.99202019855866,0.0,1.0,0.0,1.0,0.0,106.81296254260069,110.12294348799294,111.24757857456959,0,9,45,45,0,45,0,0,0,1200.0
300.0,1700.0,1726.2676501632068,79.99202019855866,0.0,1.0,0.0,1.0,0.0,136.49297302230428,141.3630912915192,143.7175830504542,0,9,45,45,0,45,0,0,0,1500.0
400.0,1700.0,1746.424919657298,76.7594800848128,0.0,1.0,0.0,1.0,0.0,61.05470836729748,61.126690696643315,61.12774376057119,0,9,45,45,0,45,0,0,0,300.0
400.0,1700.0,1746.424919657298,76.7594800848128,0.0,1.0,0.0,1.0,0.0,66.0665114342825,67.14099088508479,67.1884884347389,0,9,45,45,0,45,0,0,0,600.0
400.0,1700.0,1746.424919657298,76.7594800848128,0.0,1.0,0.0,1.0,0.0,80.17990094198277,82.10726086069025,82.4187422608815,0,9,45,45,0,45,0,0,0,900.0
400.0,1700.0,1746.424919657298,76.7594800848128,0.0,1.0,0.0,1.0,0.0,101.34980321763281,104.30780397786239,105.23937485160076,0,9,45,45,0,45,0,0,0,1200.0
400.0,1700.0,1746.424919657298,76.7594800848128,0.0,1.0,0.0,1.0,0.0,129.30126725017905,133.637017072114,135.70259408761783,0,9,45,45,0,45,0,0,0,1500.0
500.0,1700.0,1772.004514666935,73.61045966596522,0.0,1.0,0.0,1.0,0.0,62.268567775377726,62.40591045042444,62.40946453252101,0,9,45,45,0,45,0,0,0,300.0
500.0,1700.0,1772.004514666935,73.61045966596522,0.0,1.0,0.0,1.0,0.0,64.31369529178372,65.21178394042084,65.23048273081884,0,9,45,45,0,45,0,0,0,600.0
500.0,1700.0,1772.004514666935,73.61045966596522,0.0,1.0,0.0,1.0,0.0,76.78713759959697,78.49318678934449,78.71812945453101,0,9,45,45,0,45,0,0,0,900.0
500.0,1700.0,1772.004514666935,73.61045966596522,0.0,1.0,0.0,1.0,0.0,96.3181499378382,98.96252710289019,99.71902687706171,0,9,45,45,0,45,0,0,0,1200.0
500.0,1700.0,1772.004514666935,73.61045966596522,0.0,1.0,0.0,1.0,0.0,122.56118638003792,126.4446612069379,128.21420729417858,0,9,45,45,0,45,0,0,0,1500.0
600.0,1700.0,1802.7756377319947,70.5599651718238,0.0,1.0,0.0,1.0,0.0,63.88811212475564,64.09462874925713,64.10220512082697,0,9,45,45,0,45,0,0,0,300.0
600.0,1700.0,1802.7756377319947,70.5599651718238,0.0,1.0,0.0,0.4222222222222222,0.0,62.95377949758056,63.683335651819746,63.684223086470475,0,9,45,45,0,19,0,0,0,600.0
600.0,1700.0,1802.7756377319947,70.5599651718238,0.0,1.0,0.0,1.0,0.0,73.79661987475971,75.30344525996607,75.45384605110142,0,9,45,45,0,45,0,0,0,900.0
600.0,1700.0,1802.7756377319947,70.5599651718238,0.0,1.0,0.0,1.0,0.0,91.71385746624456,94.07933390102377,94.67833257286108,0,9,45,45,0,45,0,0,0,1200.0
600.0,1700.0,1802.7756377319947,70.5599651718238,0.0,1.0,0.0,1.0,0.0,116.2719305288245,119.75388133360146,121.24744867661165,0,9,45,45,0,45,0,0,0,1500.0
700.0,1700.0,1838.4776310850236,67.61986494804043,0.0,1.0,0.0,1.0,0.0,65.914128198001,66.19489914496506,66.20805841913042,0,9,45,45,0,45,0,0,0,300.0
700.0,1700.0,1838.4776310850236,67.61986494804043,0.0,1.0,0.0,1.0,0.0,64.27285498635844,64.34854629572074,64.3507724145291,0,9,45,45,0,45,0,0,0,600.0
700.0,1700.0,1838.4776310850236,67.61986494804043,0.0,1.0,0.0,1.0,0.0,71.20183656829114,72.5278855274462,72.61538394738005,0,9,45,45,0,45,0,0,0,900.0
700.0,1700.0,1838.4776310850236,67.61986494804043,0.0,1.0,0.0,1.0,0.0,87.53150575995014,89.64924728586968,90.1078360194151,0,9,45,45,0,45,0,0,0,1200.0
700.0,1700.0,1838.4776310850236,67.61986494804043,0.0,1.0,0.0,1.0,0.0,110.43172322740351,113.55539877026885,114.79641078509638,0,9,45,45,0,45,0,0,0,1500.0
800.0,1700.0,1878.8294228055936,64.79887635452492,0.0,1.0,0.0,1.0,0.0,68.34746625594978,68.70884817084217,68.7291827432134,0,9,45,45,0,45,0,0,0,300.0
800.0,1700.0,1878.8294228055936,64.79887635452492,0.0,1.0,0.0,1.0,0.0,66.02241488889965,66.16772404626872,66.17529139834421,0,9,45,45,0,45,0,0,0,600.0
800.0,1700.0,1878.8294228055936,64.79887635452492,0.0,1.0,0.0,1.0,0.0,68.99581753605585,70.15588271888537,70.19177383500691,0,9,45,45,0,45,0,0,0,900.0
800.0,1700.0,1878.8294228055936,64.79887635452492,0.0,1.0,0.0,1.0,0.0,83.76430777412752,85.66199510337057,85.99672667194979,0,9,45,45,0,45,0,0,0,1200.0
800.0,1700.0,1878.8294228055936,64.79887635452492,0.0,1.0,0.0,1.0,0.0,105.03757715079777,107.84258746256043,108.85400820715884,0,9,45,45,0,45,0,0,0,1500.0
900.0,1700.0,1923.5384061671346,62.10272896905237,0.0,1.0,0.0,1.0,0.0,71.18898240250331,71.63861775570571,71.66774383135777,0,9,45,45,0,45,0,0,0,300.0
900.0,1700.0,1923.5384061671346,62.10272896905237,0.0,1.0,0.0,1.0,0.0,68.16779348321154,68.38745379424725,68.40368725735635,0,9,45,45,0,45,0,0,0,600.0
900.0,1700.0,1923.5384061671346,62.10272896905237,0.0,1.0,0.0,0.4222222222222222,0.0,67.17031560407104,68.17493996030122,68.17673809769082,0,9,45,45,0,19,0,0,0,900.0
900.0,1700.0,1923.5384061671346,62.10272896905237,0.0,1.0,0.0,1.0,0.0,80.40409140441247,82.105982529656,82.33281391943584,0,9,45,45,0,45,0,0,0,1200.0
900.0,1700.0,1923.5384061671346,62.10272896905237,0.0,1.0,0.0,1.0,0.0,100.08505676431365,102.60747269112721,103.41172831614432,0,9,45,45,0,45,0,0,0,1500.0
1000.0,1700.0,1972.308292331602,59.53445508054013,0.0,1.0,0.0,1.0,0.0,74.43949073529937,74.98631707058844,75.02586702898675,0,9,45,45,0,45,0,0,0,300.0
1000.0,1700.0,1972.308292331602,59.53445508054013,0.0,1.0,0.0,1.0,0.0,70.71229990979047,71.01228731117715,71.04063579442223,0,9,45,45,0,45,0,0,0,600.0
1000.0,1700.0,1972.308292331602,59.53445508054013,0.0,1.0,0.0,1.0,0.0,68.95155139124914,69.03266143577872,69.03625825569907,0,9,45,45,0,45,0,0,0,900.0
1000.0,1700.0,1972.308292331602,59.53445508054013,0.0,1.0,0.0,1.0,0.0,77.4413815011711,78.96835828642178,79.10260396949748,0,9,45,45,0,45,0,0,0,1200.0
1000.0,1700.0,1972.308292331602,59.53445508054013,0.0,1.0,0.0,1.0,0.0,95.56805835454348,97.84051545477305,98.45939874624588,0,9,45,45,0,45,0,0,0,1500.0
1100.0,1700.0,2024.8456731316587,57.094757077012105,0.0,1.0,0.0,1.0,0.0,78.09972839932898,78.75398703653039,78.80560269990785,0,9,45,45,0,45,0,0,0,300.0
1100.0,1700.0,2024.8456731316587,57.094757077012105,0.0,1.0,0.0,1.0,0.0,73.65919951967443,74.0467539230063,74.09075949512578,0,9,45,45,0,45,0,0,0,600.0
1100.0,1700.0,2024.8456731316587,57.094757077012105,0.0,1.0,0.0,1.0,0.0,71.1534530462399,71.30971834474784,71.32200153911268,0,9,45,45,0,45,0,0,0,900.0
1100.0,1700.0,2024.8456731316587,57.094757077012105,0.0,1.0,0.0,1.0,0.0,74.86560280174501,76.23519421865863,76.29150060574291,0,9,45,45,0,45,0,0,0,1200.0
1100.0,1700.0,2024.8456731316587,57.094757077012105,0.0,1.0,0.0,1.0,0.0,91.47863429078542,93.53043850401801,93.98500001857482,0,9,45,45,0,45,0,0,0,1500.0
1200.0,1700.0,2080.865204668481,54.78240703180729,0.0,1.0,0.0,1.0,0.0,82.17033408743669,82.94357815478313,83.00890530092623,0,9,45,45,0,45,0,0,0,300.0
1200.0,1700.0,2080.865204668481,54.78240703180729,0.0,1.0,0.0,1.0,0.0,77.01155119242004,77.49519669089975,77.55846361639077,0,9,45,45,0,45,0,0,0,600.0
1200.0,1700.0,2080.865204668481,54.78240703180729,0.0,1.0,0.0,1.0,0.0,73.7432583011898,73.98013961827695,74.00658889604166,0,9,45,45,0,45,0,0,0,900.0
1200.0,1700.0,2080.865204668481,54.78240703180729,0.0,1.0,0.0,0.4222222222222222,0.0,72.66356137023119,73.88908526988139,73.89198083585369,0,9,45,45,0,19,0,0,0,1200.0
1200.0,1700.0,2080.865204668481,54.78240703180729,0.0,1.0,0.0,1.0,0.0,87.80689308053209,89.66412396122857,89.97455690874146,0,9,45,45,0,45,0,0,0,1500.0
1300.0,1700.0,2140.09345590327,52.59464336859145,0.0,1.0,0.0,1.0,0.0,86.65183861354194,87.55694038693746,87.63762463459123,0,9,45,45,0,45,0,0,0,300.0
1300.0,1700.0,2140.09345590327,52.59464336859145,0.0,1.0,0.0,1.0,0.0,80.77209207241013,81.36165511494775,81.4478213452289,0,9,45,45,0,45,0,0,0,600.0
1300.0,1700.0,2140.09345590327,52.59464336859145,0.0,1.0,0.0,1.0,0.0,76.72782742798942,77.0520117983392,77.09833919890245,0,9,45,45,0,45,0,0,0,900.0
1300.0,1700.0,2140.09345590327,52.59464336859145,0.0,1.0,0.0,1.0,0.0,74.81729123206486,74.90520263861148,74.91042762944608,0,9,45,45,0,45,0,0,0,1200.0
1300.0,1700.0,2140.09345590327,52.59464336859145,0.0,1.0,0.0,1.0,0.0,84.54100808148061,86.22661346272882,86.41214354178078,0,9,45,45,0,45,0,0,0,1500.0
1400.0,1700.0,2202.271554554524,50.527540151656176,0.0,1.0,0.0,1.0,0.0,91.5446650901617,92.59582269095264,92.69350671700377,0,9,45,45,0,45,0,0,0,300.0
1400.0,1700.0,2202.271554554524,50.527540151656176,0.0,1.0,0.0,1.0,0.0,84.94317001762604,85.64979506454955,85.76250794659474,0,9,45,45,0,45,0,0,0,600.0
1400.0,1700.0,2202.271554554524,50.527540151656176,0.0,1.0,0.0,1.0,0.0,80.11354247187995,80.53298017504392,80.60506158169778,0,9,45,45,0,45,0,0,0,900.0
1400.0,1700.0,2202.271554554524,50.527540151656176,0.0,1.0,0.0,1.0,0.0,77.38823147430858,77.55782392005432,77.57570971246642,0,9,45,45,0,45,0,0,0,1200.0
1400.0,1700.0,2202.271554554524,50.527540151656176,0.0,1.0,0.0,1.0,0.0,81.66736397291267,83.20123787091772,83.28003296907981,0,9,45,45,0,45,0,0,0,1500.0
1500.0,1700.0,2267.1568097509266,48.57633437499735,0.0,1.0,0.0,1.0,0.0,96.84913588860994,98.06187943641935,98.17820137187987,0,9,45,45,0,45,0,0,0,300.0
1500.0,1700.0,2267.1568097509266,48.57633437499735,0.0,1.0,0.0,1.0,0.0,89.52671805357059,90.3628805921677,90.50577771535191,0,9,45,45,0,45,0,0,0,600.0
1500.0,1700.0,2267.1568097509266,48.57633437499735,0.0,1.0,0.0,1.0,0.0,83.90608979556355,84.43002748226542,84.53383634604356,0,9,45,45,0,45,0,0,0,900.0
1500.0,1700.0,2267.1568097509266,48.57633437499735,0.0,1.0,0.0,1.0,0.0,80.34519961008219,80.60247798013447,80.64105832127053,0,9,45,45,0,45,0,0,0,1200.0
1500.0,1700.0,2267.1568097509266,48.57633437499735,0.0,1.0,0.0,0.4222222222222222,0.0,79.1681991301644,80.56606337901877,80.57016763506572,0,9,45,45,0,19,0,0,0,1500.0
1600.0,1700.0,2334.5235059857505,46.73570458892839,0.0,1.0,0.0,1.0,0.0,102.5654837363462,103.95668107281972,104.0932738663676,0,9,45,45,0,45,0,0,0,300.0
1600.0,1700.0,2334.5235059857505,46.73570458892839,0.0,1.0,0.0,1.0,0.0,94.52426178968723,95.50377886347313,95.68047422509024,0,9,45,45,0,45,0,0,0,600.0
1600.0,1700.0,2334.5235059857505,46.73570458892839,0.0,1.0,0.0,1.0,0.0,88.11033324294677,88.74934208067509,88.89089015862285,0,9,45,45,0,45,0,0,0,900.0
1600.0,1700.0,2334.5235059857505,46.73570458892839,0.0,1.0,0.0,1.0,0.0,83.69864231852326,84.05083911422908,84.11849546907933,0,9,45,45,0,45,0,0,0,1200.0
1600.0,1700.0,2334.5235059857505,46.73570458892839,0.0,1.0,0.0,1.0,0.0,81.61453162414179,81.71032243944802,81.71747627225166,0,9,45,45,0,45,0,0,0,1500.0
1700.0,1700.0,2404.1630560342614,45.0,0.0,1.0,0.0,1.0,0.0,108.69386477558317,110.28172687530194,110.44021839791128,0,9,45,45,0,45,0,0,0,300.0
1700.0,1700.0,2404.1630560342614,45.0,0.0,1.0,0.0,1.0,0.0,99.93694979696355,101.07498837738268,101.28906349687115,0,9,45,45,0,45,0,0,0,600.0
1700.0,1700.0,2404.1630560342614,45.0,0.0,1.0,0.0,1.0,0.0,92.73026788929421,93.49626630956371,93.68155451167166,0,9,45,45,0,45,0,0,0,900.0
1700.0,1700.0,2404.1630560342614,45.0,0.0,1.0,0.0,1.0,0.0,87.45788806135016,87.91351614261478,88.01885965364526,0,9,45,45,0,45,0,0,0,1200.0
1700.0,1700.0,2404.1630560342614,45.0,0.0,1.0,0.0,1.0,0.0,84.4827363353905,84.66747789205158,84.69198534151688,0,9,45,45,0,45,0,0,0,1500.0
1800.0,1700.0,2475.8836806279896,43.36342295838329,0.0,1.0,0.0,1.0,0.0,115.23437197736753,117.0384581507588,117.22047182873632,0,9,45,45,0,45,0,0,0,300.0
1800.0,1700.0,2475.8836806279896,43.36342295838329,0.0,1.0,0.0,1.0,0.0,105.7655976852677,107.07868129792807,107.33368057254923,0,9,45,45,0,45,0,0,0,600.0
1800.0,1700.0,2475.8836806279896,43.36342295838329,0.0,1.0,0.0,1.0,0.0,97.76903796670781,98.6753091748605,98.9102898939473,0,9,45,45,0,45,0,0,0,900.0
1800.0,1700.0,2475.8836806279896,43.36342295838329,0.0,1.0,0.0,1.0,0.0,91.63094389265717,92.19984184670665,92.35160204736229,0,9,45,45,0,45,0,0,0,1200.0
1800.0,1700.0,2475.8836806279896,43.36342295838329,0.0,1.0,0.0,1.0,0.0,87.74221865723322,88.0223008691707,88.07518292163535,0,9,45,45,0,45,0,0,0,1500.0
-500.0,1800.0,1868.1541692269404,105.52411099675426,0.0,1.0,0.0,1.0,0.0,80.63811347668768,82.83072214692311,82.98422700564637,0,9,45,45,0,45,0,0,0,300.0
-500.0,1800.0,1868.1541692269404,105.52411099675426,0.0,1.0,0.0,1.0,0.0,101.38562565393285,104.95598184843635,105.56346511852894,0,9,45,45,0,45,0,0,0,600.0
-500.0,1800.0,1868.1541692269404,105.52411099675426,0.0,1.0,0.0,1.0,0.0,129.32610438964264,134.6424537843356,136.1455960185301,0,9,45,45,0,45,0,0,0,900.0
-500.0,1800.0,1868.1541692269404,105.52411099675426,0.0,1.0,0.0,1.0,0.0,164.1609521935351,171.73443678324742,174.72791482984695,0,9,45,45,0,45,0,0,0,1200.0
-500.0,1800.0,1868.1541692269404,105.52411099675426,0.0,1.0,0.0,1.0,0.0,205.80842774969273,216.36487272973292,221.53273178515192,0,9,45,45,0,45,0,0,0,1500.0
-400.0,1800.0,1843.9088914585775,102.52880770915151,0.0,1.0,0.0,1.0,0.0,77.17115080296361,79.07285745915831,79.19377736527395,0,9,45,45,0,45,0,0,0,300.0
-400.0,1800.0,1843.9088914585775,102.52880770915151,0.0,1.0,0.0,1.0,0.0,96.25570776074558,99.42838435582709,99.94208337538949,0,9,45,45,0,45,0,0,0,600.0
-400.0,1800.0,1843.9088914585775,102.52880770915151,0.0,1.0,0.0,1.0,0.0,122.54439185499758,127.31607368195046,128.63419192647606,0,9,45,45,0,45,0,0,0,900.0
-400.0,1800.0,1843.9088914585775,102.52880770915151,0.0,1.0,0.0,1.0,0.0,155.70608195342476,162.548454792571,165.2329986549721,0,9,45,45,0,45,0,0,0,1200.0
-400.0,1800.0,1843.9088914585775,102.52880770915151,0.0,1.0,0.0,1.0,0.0,195.6500121840528,205.25102914748277,209.94967899236477,0,9,45,45,0,45,0,0,0,1500.0
-300.0,1800.0,1824.8287590894658,99.46232220802563,0.0,1.0,0.0,1.0,0.0,74.09219272866197,75.7293995537598,75.82162555368359,0,9,45,45,0,45,0,0,0,300.0
-300.0,1800.0,1824.8287590894658,99.46232220802563,0.0,1.0,0.0,1.0,0.0,91.5186251985925,94.33211616453164,94.76009944422502,0,9,45,45,0,45,0,0,0,600.0
-300.0,1800.0,1824.8287590894658,99.46232220802563,0.0,1.0,0.0,1.0,0.0,116.16495684235255,120.4424131297946,121.58827099742568,0,9,45,45,0,45,0,0,0,900.0
-300.0,1800.0,1824.8287590894658,99.46232220802563,0.0,1.0,0.0,1.0,0.0,147.66245908407964,153.83614849640452,156.22964152886,0,9,45,45,0,45,0,0,0,1200.0
-300.0,1800.0,1824.8287590894658,99.46232220802563,0.0,1.0,0.0,1.0,0.0,185.90923967203787,194.62339618633075,198.88230678347065,0,9,45,45,0,45,0,0,0,1500.0
-200.0,1800.0,1811.0770276274834,96.3401917459099,0.0,1.0,0.0,1.0,0.0,71.40049376376541,72.79605993870163,72.8634342016964,0,9,45,45,0,45,0,0,0,300.0
-200.0,1800.0,1811.0770276274834,96.3401917459099,0.0,1.0,0.0,1.0,0.0,87.17306913780754,89.6623319126025,90.01253658964427,0,9,45,45,0,45,0,0,0,600.0
-200.0,1800.0,1811.0770276274834,96.3401917459099,0.0,1.0,0.0,1.0,0.0,110.18711593365866,114.01720326989265,115.00337971947914,0,9,45,45,0,45,0,0,0,900.0
-200.0,1800.0,1811.0770276274834,96.3401917459099,0.0,1.0,0.0,1.0,0.0,140.03042677499926,145.5941615939238,147.71427110910722,0,9,45,45,0,45,0,0,0,1200.0
-200.0,1800.0,1811.0770276274834,96.3401917459099,0.0,1.0,0.0,1.0,0.0,176.58722568369296,184.48000095256066,188.32763699145715,0,9,45,45,0,45,0,0,0,1500.0
-100.0,1800.0,1802.7756377319947,93.17983011986423,0.0,1.0,0.0,1.0,0.0,69.09527731931507,70.26853639397751,70.31485587760216,0,9,45,45,0,45,0,0,0,300.0
-100.0,1800.0,1802.7756377319947,93.17983011986423,0.0,1.0,0.0,1.0,0.0,83.21744649071707,85.41393253323554,85.69416107896812,0,9,45,45,0,45,0,0,0,600.0
-100.0,1800.0,1802.7756377319947,93.17983011986423,0.0,1.0,0.0,1.0,0.0,104.6098466711741,108.0358840893686,108.8747646769896,0,9,45,45,0,45,0,0,0,900.0
-100.0,1800.0,1802.7756377319947,93.17983011986423,0.0,1.0,0.0,1.0,0.0,132.81013766582728,137.81899903142914,139.68317237126203,0,9,45,45,0,45,0,0,0,1200.0
-100.0,1800.0,1802.7756377319947,93.17983011986423,0.0,1.0,0.0,1.0,0.0,167.6850687942917,174.818891307414,178.2827277009693,0,9,45,45,0,45,0,0,0,1500.0
0.0,1800.0,1800.0,90.0,0.0,1.0,0.0,1.0,0.0,67.17576427413898,68.14253862037056,68.17155986385713,0,9,45,45,0,45,0,0,0,300.0
0.0,1800.0,1800.0,90.0,0.0,1.0,0.0,1.0,0.0,79.64986692923075,81.58154773223018,81.7994656399749,0,9,45,45,0,45,0,0,0,600.0
0.0,1800.0,1800.0,90.0,0.0,1.0,0.0,1.0,0.0,99.43171180266809,102.49352844402745,103.19729427559608,0,9,45,45,0,45,0,0,0,900.0
0.0,1800.0,1800.0,90.0,0.0,1.0,0.0,1.0,0.0,126.00147589908222,130.5069509265139,132.13240863751165,0,9,45,45,0,45,0,0,0,1200.0
0.0,1800.0,1800.0,90.0,0.0,1.0,0.0,1.0,0.0,159.20380202188176,165.6380879198668,168.74462475441817,0,9,45,45,0,45,0,0,0,1500.0
100.0,1800.0,1802.7756377319947,86.82016988013577,0.0,1.0,0.0,1.0,0.0,65.64120976766476,66.413822437147,66.42926745100887,0,9,45,45,0,45,0,0,0,300.0
100.0,1800.0,1802.7756377319947,86.82016988013577,0.0,1.0,0.0,1.0,0.0,76.46814936031267,78.15953655300555,78.3226718978413,0,9,45,45,0,45,0,0,0,600.0
100.0,1800.0,1802.7756377319947,86.82016988013577,0.0,1.0,0.0,1.0,0.0,94.65078304384677,97.38476479667784,97.96537922165037,0,9,45,45,0,45,0,0,0,900.0
100.0,1800.0,1802.7756377319947,86.82016988013577,0.0,1.0,0.0,1.0,0.0,119.60396488980406,123.65400235187903,125.05772765751844,0,9,45,45,0,45,0,0,0,1200.0
100.0,1800.0,1802.7756377319947,86.82016988013577,0.0,1.0,0.0,1.0,0.0,151.144329944995,156.93552208474364,159.7102986919905,0,9,45,45,0,45,0,0,0,1500.0
200.0,1800.0,1811.0770276274834,83.6598082540901,0.0,1.0,0.0,1.0,0.0,64.4909456564821,65.07823030514176,65.08379335900999,0,9,45,45,0,45,0,0,0,300.0
200.0,1800.0,1811.0770276274834,83.6598082540901,0.0,1.0,0.0,1.0,0.0,73.66985419452158,75.14201230204661,75.2577582783044,0,9,45,45,0,45,0,0,0,600.0
200.0,1800.0,1811.0770276274834,83.6598082540901,0.0,1.0,0.0,1.0,0.0,90.26457097335424,92.70370490709328,93.17289834321646,0,9,45,45,0,45,0,0,0,900.0
200.0,1800.0,1811.0770276274834,83.6598082540901,0.0,1.0,0.0,1.0,0.0,113.61666145299318,117.25572950337394,118.45445321435609,0,9,45,45,0,45,0,0,0,1200.0
200.0,1800.0,1811.0770276274834,83.6598082540901,0.0,1.0,0.0,1.0,0.0,143.5073493138665,148.72347550759713,151.17656464566625,0,9,45,45,0,45,0,0,0,1500.0
300.0,1800.0,1824.8287590894658,80.53767779197439,0.0,1.0,0.0,0.4222222222222222,0.0,63.7242930347172,64.1315036087781,64.13175081831655,0,9,45,45,0,19,0,0,0,300.0
300.0,1800.0,1824.8287590894658,80.53767779197439,0.0,1.0,0.0,1.0,0.0,71.25234648413145,72.52289702865252,72.59851868910395,0,9,45,45,0,45,0,0,0,600.0
300.0,1800.0,1824.8287590894658,80.53767779197439,0.0,1.0,0.0,1.0,0.0,86.26997000586165,88.44388496249519,88.81313875291141,0,9,45,45,0,45,0,0,0,900.0
300.0,1800.0,1824.8287590894658,80.53767779197439,0.0,1.0,0.0,1.0,0.0,108.03803865575539,111.30718442916975,112.31736448645113,0,9,45,45,0,45,0,0,0,1200.0
300.0,1800.0,1824.8287590894658,80.53767779197439,0.0,1.0,0.0,1.0,0.0,136.29325115218822,140.99658330700788,143.13998295623236,0,9,45,45,0,45,0,0,0,1500.0
400.0,1800.0,1843.9088914585775,77.47119229084849,0.0,1.0,0.0,1.0,0.0,64.45072362721163,64.52303809385981,64.52399368515691,0,9,45,45,0,45,0,0,0,300.0
400.0,1800.0,1843.9088914585775,77.47119229084849,0.0,1.0,0.0,1.0,0.0,69.21289223354968,70.29600823657908,70.33865459133469,0,9,45,45,0,45,0,0,0,600.0
400.0,1800.0,1843.9088914585775,77.47119229084849,0.0,1.0,0.0,1.0,0.0,82.66322945352971,84.59823064761395,84.87876151730323,0,9,45,45,0,45,0,0,0,900.0
400.0,1800.0,1843.9088914585775,77.47119229084849,0.0,1.0,0.0,1.0,0.0,102.8658621156907,105.80277275295535,106.64056782343674,0,9,45,45,0,45,0,0,0,1200.0
400.0,1800.0,1843.9088914585775,77.47119229084849,0.0,1.0,0.0,1.0,0.0,129.50200302694697,133.7414714581208,135.59673894388553,0,9,45,45,0,45,0,0,0,1500.0
500.0,1800.0,1868.1541692269404,74.47588900324574,0.0,1.0,0.0,1.0,0.0,65.59886030342223,65.73608054364823,65.73927347183461,0,9,45,45,0,45,0,0,0,300.0
500.0,1800.0,1868.1541692269404,74.47588900324574,0.0,1.0,0.0,1.0,0.0,67.5487858803334,68.455176518908,68.47189881834771,0,9,45,45,0,45,0,0,0,600.0
500.0,1800.0,1868.1541692269404,74.47588900324574,0.0,1.0,0.0,1.0,0.0,79.43996290781668,81.15905787332542,81.36180531628474,0,9,45,45,0,45,0,0,0,900.0
500.0,1800.0,1868.1541692269404,74.47588900324574,0.0,1.0,0.0,1.0,0.0,98.09706740753667,100.73613163912981,101.41736865424484,0,9,45,45,0,45,0,0,0,1200.0
500.0,1800.0,1868.1541692269404,74.47588900324574,0.0,1.0,0.0,1.0,0.0,123.13301139009965,126.95410408510836,128.5425015004745,0,9,45,45,0,45,0,0,0,1500.0
600.0,1800.0,1897.3665961010277,71.56505117707799,0.0,1.0,0.0,1.0,0.0,67.13052226316317,67.33606411233129,67.34284097635489,0,9,45,45,0,45,0,0,0,300.0
600.0,1800.0,1897.3665961010277,71.56505117707799,0.0,1.0,0.0,0.4222222222222222,0.0,66.25699520956583,66.99359536361465,66.99444433777035,0,9,45,45,0,19,0,0,0,600.0
600.0,1800.0,1897.3665961010277,71.56505117707799,0.0,1.0,0.0,1.0,0.0,76.59520785558048,78.11812065403493,78.25374032532451,0,9,45,45,0,45,0,0,0,900.0
600.0,1800.0,1897.3665961010277,71.56505117707799,0.0,1.0,0.0,1.0,0.0,93.72764956108527,96.10001842183303,96.6401547302129,0,9,45,45,0,45,0,0,0,1200.0
600.0,1800.0,1897.3665961010277,71.56505117707799,0.0,1.0,0.0,1.0,0.0,117.18496581030192,120.62979797554149,121.97226214601648,0,9,45,45,0,45,0,0,0,1500.0
700.0,1800.0,1931.3207915827966,68.74949449286676,0.0,1.0,0.0,1.0,0.0,69.04631944682119,69.32472863794726,69.33646870509033,0,9,45,45,0,45,0,0,0,300.0
700.0,1800.0,1931.3207915827966,68.74949449286676,0.0,1.0,0.0,1.0,0.0,67.5060590847999,67.5817254550985,67.58373488606436,0,9,45,45,0,45,0,0,0,600.0
700.0,1800.0,1931.3207915827966,68.74949449286676,0.0,1.0,0.0,1.0,0.0,74.12354492261665,75.46671532363938,75.54558204327465,0,9,45,45,0,45,0,0,0,900.0
700.0,1800.0,1931.3207915827966,68.74949449286676,0.0,1.0,0.0,1.0,0.0,89.7525789100063,91.88622344084632,92.30030536904687,0,9,45,45,0,45,0,0,0,1200.0
700.0,1800.0,1931.3207915827966,68.74949449286676,0.0,1.0,0.0,1.0,0.0,111.65566961367382,114.76305732490977,115.88015902123335,0,9,45,45,0,45,0,0,0,1500.0
800.0,1800.0,1969.771560359221,66.03751102542182,0.0,1.0,0.0,1.0,0.0,71.34692089100898,71.70388063963428,71.72199028576021,0,9,45,45,0,45,0,0,0,300.0
800.0,1800.0,1969.771560359221,66.03751102542182,0.0,1.0,0.0,1.0,0.0,69.16708029034292,69.31148596627406,69.31824504475502,0,9,45,45,0,45,0,0,0,600.0
800.0,1800.0,1969.771560359221,66.03751102542182,0.0,1.0,0.0,1.0,0.0,72.01928101016343,73.19584553607368,73.2280696015616,0,9,45,45,0,45,0,0,0,900.0
800.0,1800.0,1969.771560359221,66.03751102542182,0.0,1.0,0.0,1.0,0.0,86.16576012020477,88.08552305898954,88.3881441002612,0,9,45,45,0,45,0,0,0,1200.0
800.0,1800.0,1969.771560359221,66.03751102542182,0.0,1.0,0.0,1.0,0.0,106.54186493252631,109.34740260383833,110.2592939771441,0,9,45,45,0,45,0,0,0,1500.0
900.0,1800.0,2012.4611797498108,63.43494882292201,0.0,1.0,0.0,1.0,0.0,74.03301233500716,74.47535103386559,74.50125775853466,0,9,45,45,0,45,0,0,0,300.0
900.0,1800.0,2012.4611797498108,63.43494882292201,0.0,1.0,0.0,1.0,0.0,71.20267127531567,71.42006927407783,71.4345003373484,0,9,45,45,0,45,0,0,0,600.0
900.0,1800.0,2012.4611797498108,63.43494882292201,0.0,1.0,0.0,0.4222222222222222,0.0,70.2756173004022,71.29483363076992,71.29656056165611,0,9,45,45,0,19,0,0,0,900.0
900.0,1800.0,2012.4611797498108,63.43494882292201,0.0,1.0,0.0,1.0,0.0,82.96005223388711,84.68768976509071,84.8929532037392,0,9,45,45,0,45,0,0,0,1200.0
900.0,1800.0,2012.4611797498108,63.43494882292201,0.0,1.0,0.0,1.0,0.0,101.83906423442869,104.37520507809387,105.10155528353351,0,9,45,45,0,45,0,0,0,1500.0
1000.0,1800.0,2059.1260281974,60.94539590092286,0.0,1.0,0.0,1.0,0.0,77.10525947500685,77.6409582420656,77.67610478832812,0,9,45,45,0,45,0,0,0,300.0
1000.0,1800.0,2059.1260281974,60.94539590092286,0.0,1.0,0.0,1.0,0.0,73.61546261181395,73.91121418831334,73.93634375352741,0,9,45,45,0,45,0,0,0,600.0
1000.0,1800.0,2059.1260281974,60.94539590092286,0.0,1.0,0.0,1.0,0.0,71.97327545395704,72.05386794821447,72.05709388206029,0,9,45,45,0,45,0,0,0,900.0
1000.0,1800.0,2059.1260281974,60.94539590092286,0.0,1.0,0.0,1.0,0.0,80.12736612075282,81.6815748571473,81.803067121649,0,9,45,45,0,45,0,0,0,1200.0
1000.0,1800.0,2059.1260281974,60.94539590092286,0.0,1.0,0.0,1.0,0.0,97.54140463680616,99.83754252628549,100.39746304550367,0,9,45,45,0,45,0,0,0,1500.0
1100.0,1800.0,2109.5023109728986,58.57043438516149,0.0,1.0,0.0,1.0,0.0,80.56427942596495,81.20247931642622,81.2483183191074,0,9,45,45,0,45,0,0,0,300.0
1100.0,1800.0,2109.5023109728986,58.57043438516149,0.0,1.0,0.0,1.0,0.0,76.40809600933454,76.7886873602526,76.8276231381668,0,9,45,45,0,45,0,0,0,600.0
1100.0,1800.0,2109.5023109728986,58.57043438516149,0.0,1.0,0.0,1.0,0.0,74.07362287691757,74.22797459142244,74.23887429898664,0,9,45,45,0,45,0,0,0,900.0
1100.0,1800.0,2109.5023109728986,58.57043438516149,0.0,1.0,0.0,1.0,0.0,77.6588511478795,79.05527482962621,79.10605688337765,0,9,45,45,0,45,0,0,0,1200.0
1100.0,1800.0,2109.5023109728986,58.57043438516149,0.0,1.0,0.0,1.0,0.0,93.64154498903963,95.72409514444135,96.13605840693992,0,9,45,45,0,45,0,0,0,1500.0
1200.0,1800.0,2163.3307652783938,56.309932474020215,0.0,1.0,0.0,1.0,0.0,84.41062131043843,85.16163007885984,85.21961952574325,0,9,45,45,0,45,0,0,0,300.0
1200.0,1800.0,2163.3307652783938,56.309932474020215,0.0,1.0,0.0,1.0,0.0,79.58309697703905,80.0561553701663,80.11206270632269,0,9,45,45,0,45,0,0,0,600.0
1200.0,1800.0,2163.3307652783938,56.309932474020215,0.0,1.0,0.0,1.0,0.0,76.54057175852942,76.77361101750593,76.79697006091746,0,9,45,45,0,45,0,0,0,900.0
1200.0,1800.0,2163.3307652783938,56.309932474020215,0.0,1.0,0.0,0.4222222222222222,0.0,75.54339344516531,76.79377637453953,76.79657147560975,0,9,45,45,0,19,0,0,0,1200.0
1200.0,1800.0,2163.3307652783938,56.309932474020215,0.0,1.0,0.0,1.0,0.0,90.13062786935308,92.02310258166663,92.30485997179497,0,9,45,45,0,45,0,0,0,1500.0
1300.0,1800.0,2220.3603311174516,54.16234704572171,0.0,1.0,0.0,1.0,0.0,88.64475555017047,89.52005391954256,89.59165356780343,0,9,45,45,0,45,0,0,0,300.0
1300.0,1800.0,2220.3603311174516,54.16234704572171,0.0,1.0,0.0,1.0,0.0,83.14277859364266,83.7170872243681,83.79316681186926,0,9,45,45,0,45,0,0,0,600.0
1300.0,1800.0,2220.3603311174516,54.16234704572171,0.0,1.0,0.0,1.0,0.0,79.3797226113555,79.69746862428835,79.73827042450516,0,9,45,45,0,45,0,0,0,900.0
1300.0,1800.0,2220.3603311174516,54.16234704572171,0.0,1.0,0.0,1.0,0.0,77.6089484228675,77.69576421600473,77.70042011985299,0,9,45,45,0,45,0,0,0,1200.0
1300.0,1800.0,2220.3603311174516,54.16234704572171,0.0,1.0,0.0,1.0,0.0,86.99832825977163,88.72140253182866,88.88991042750489,0,9,45,45,0,45,0,0,0,1500.0
1400.0,1800.0,2280.350850198276,52.1250163489018,0.0,1.0,0.0,1.0,0.0,93.26707054858262,94.27931799916473,94.36598676780653,0,9,45,45,0,45,0,0,0,300.0
1400.0,1800.0,2280.350850198276,52.1250163489018,0.0,1.0,0.0,1.0,0.0,87.08917839482342,87.7746895378738,87.87415777486818,0,9,45,45,0,45,0,0,0,600.0
1400.0,1800.0,2280.350850198276,52.1250163489018,0.0,1.0,0.0,1.0,0.0,82.59638578758388,83.00597789195047,83.06935218114094,0,9,45,45,0,45,0,0,0,900.0
1400.0,1800.0,2280.350850198276,52.1250163489018,0.0,1.0,0.0,1.0,0.0,80.07284373475889,80.23937519376753,80.25514600396818,0,9,45,45,0,45,0,0,0,1200.0
1400.0,1800.0,2280.350850198276,52.1250163489018,0.0,1.0,0.0,1.0,0.0,84.23300687420596,85.80456752319105,85.87593215581079,0,9,45,45,0,45,0,0,0,1500.0
1500.0,1800.0,2343.074902771996,50.19442890773481,0.0,1.0,0.0,1.0,0.0,98.27787502686759,99.44091515609699,99.54410942541956,0,9,45,45,0,45,0,0,0,300.0
1500.0,1800.0,2343.074902771996,50.19442890773481,0.0,1.0,0.0,1.0,0.0,91.42402608711912,92.23187236335856,92.35794518667635,0,9,45,45,0,45,0,0,0,600.0
1500.0,1800.0,2343.074902771996,50.19442890773481,0.0,1.0,0.0,1.0,0.0,86.19539841276844,86.70512290262974,86.79629472142302,0,9,45,45,0,45,0,0,0,900.0
1500.0,1800.0,2343.074902771996,50.19442890773481,0.0,1.0,0.0,1.0,0.0,82.90007964091919,83.15177173701437,83.18563539511335,0,9,45,45,0,45,0,0,0,1200.0
1500.0,1800.0,2343.074902771996,50.19442890773481,0.0,1.0,0.0,0.4222222222222222,0.0,81.81940469350312,83.25343276644091,83.25741468233542,0,9,45,45,0,19,0,0,0,1500.0
1600.0,1800.0,2408.3189157584593,48.366460663429805,0.0,1.0,0.0,1.0,0.0,103.67740422432988,105.00626975013859,105.12744244416065,0,9,45,45,0,45,0,0,0,300.0
1600.0,1800.0,2408.3189157584593,48.366460663429805,0.0,1.0,0.0,1.0,0.0,96.14873702360707,97.09124080752731,97.24712132377049,0,9,45,45,0,45,0,0,0,600.0
1600.0,1800.0,2408.3189157584593,48.366460663429805,0.0,1.0,0.0,1.0,0.0,90.18100512317031,90.80031870564825,90.92456149735372,0,9,45,45,0,45,0,0,0,900.0
1600.0,1800.0,2408.3189157584593,48.366460663429805,0.0,1.0,0.0,1.0,0.0,86.0993978379966,86.4427823195316,86.50201724831842,0,9,45,45,0,45,0,0,0,1200.0
1600.0,1800.0,2408.3189157584593,48.366460663429805,0.0,1.0,0.0,1.0,0.0,84.1787235609857,84.27279402982663,84.27913098381998,0,9,45,45,0,45,0,0,0,1500.0
1700.0,1800.0,2475.8836806279896,46.63657704161672,0.0,1.0,0.0,1.0,0.0,109.46582836627013,110.97674585346616,111.11734615624891,0,9,45,45,0,45,0,0,0,300.0
1700.0,1800.0,2475.8836806279896,46.63657704161672,0.0,1.0,0.0,1.0,0.0,101.2644251173612,102.35510625567198,102.543976079591,0,9,45,45,0,45,0,0,0,600.0
1700.0,1800.0,2475.8836806279896,46.63657704161672,0.0,1.0,0.0,1.0,0.0,94.55679836648584,95.29634777773194,95.45894307394362,0,9,45,45,0,45,0,0,0,900.0
1700.0,1800.0,2475.8836806279896,46.63657704161672,0.0,1.0,0.0,1.0,0.0,89.67876308707136,90.12150085766356,90.21359633977568,0,9,45,45,0,45,0,0,0,1200.0
1700.0,1800.0,2475.8836806279896,46.63657704161672,0.0,1.0,0.0,1.0,0.0,86.93883533190827,87.1192983122227,87.14078543079437,0,9,45,45,0,45,0,0,0,1500.0
1800.0,1800.0,2545.584412271571,45.0,0.0,1.0,0.0,1.0,0.0,115.64326211917944,117.35365650575469,117.51513006027139,0,9,45,45,0,45,0,0,0,300.0
1800.0,1800.0,2545.584412271571,45.0,0.0,1.0,0.0,1.0,0.0,106.77192882037063,108.02551091684845,108.2505248428172,0,9,45,45,0,45,0,0,0,600.0
1800.0,1800.0,2545.584412271571,45.0,0.0,1.0,0.0,1.0,0.0,99.32570889609607,100.19734662937958,100.40355168899254,0,9,45,45,0,45,0,0,0,900.0
1800.0,1800.0,2545.584412271571,45.0,0.0,1.0,0.0,1.0,0.0,93.64517640878573,94.1960949297457,94.32866468967427,0,9,45,45,0,45,0,0,0,1200.0
1800.0,1800.0,2545.584412271571,45.0,0.0,1.0,0.0,1.0,0.0,90.06504668729812,90.33772289914586,90.38388960354106,0,9,45,45,0,45,0,0,0,1500.0
