x,y,distance_from_s1,angle_from_first_bearing,coverage_ratio,valid_polygon_ratio,diameter_pass_ratio,circle_coverage_pass_ratio,clear_ready_outcome_ratio,median_diameter,p90_diameter,max_valid_diameter,robust_pass_count,target_count,outcome_count,valid_polygon_count,diameter_pass_count,circle_coverage_pass_count,clear_ready_outcome_count,circle_blocked_diameter_pass_count,undefined_target_count
-500.0,-1800.0,1868.1541692269404,-105.52411099675426,0.0,1.0,0.0,1.0,0.0,116.81109893634529,187.5333571044467,221.5327317851495,0,270,1350,1350,0,1350,0,0,0
-400.0,-1800.0,1843.9088914585775,-102.52880770915151,0.0,1.0,0.0,1.0,0.0,110.7210656720165,178.0605798555709,209.9496789923661,0,270,1350,1350,0,1350,0,0,0
-300.0,-1800.0,1824.8287590894658,-99.46232220802563,0.0,1.0,0.0,1.0,0.0,105.02074340735628,168.87711213956874,198.88230678347216,0,270,1350,1350,0,1350,0,0,0
-200.0,-1800.0,1811.0770276274834,-96.3401917459099,0.0,1.0,0.0,1.0,0.0,99.71827802707935,160.23433952397914,188.32763699145607,0,270,1350,1350,0,1350,0,0,0
-100.0,-1800.0,1802.7756377319947,-93.17983011986423,0.0,1.0,0.0,1.0,0.0,94.82067313992911,152.19190130234173,178.282727700968,0,270,1350,1350,0,1350,0,0,0
0.0,-1800.0,1800.0,-90.0,0.0,1.0,0.0,1.0,0.0,90.3091096534562,144.53384761970523,168.7446247544171,0,270,1350,1350,0,1350,0,0,0
100.0,-1800.0,1802.7756377319947,-86.82016988013577,0.0,1.0,0.0,0.9607407407407408,0.0,86.1977671869496,137.0648417938711,159.7102986919892,0,270,1350,1350,0,1297,0,0,0
200.0,-1800.0,1811.0770276274834,-83.6598082540901,0.0,1.0,0.0,0.9607407407407408,0.0,82.47534470759095,130.12591874926446,151.17656464566733,0,270,1350,1350,0,1297,0,0,0
300.0,-1800.0,1824.8287590894658,-80.53767779197439,0.0,1.0,0.0,0.9607407407407408,0.0,79.14236847964779,123.70093103892543,143.13998295623384,0,270,1350,1350,0,1297,0,0,0
400.0,-1800.0,1843.9088914585775,-77.47119229084849,0.0,1.0,0.0,0.9607407407407408,0.0,76.2078680011115,117.49861213716116,135.59673894388658,0,270,1350,1350,0,1297,0,0,0
500.0,-1800.0,1868.1541692269404,-74.47588900324574,0.0,1.0,0.0,0.9607407407407408,0.0,73.62600370537257,111.8832528358256,128.5425015004753,0,270,1350,1350,0,1297,0,0,0
600.0,-1800.0,1897.3665961010277,-71.56505117707799,0.0,1.0,0.0,0.9607407407407408,0.0,71.41781738003019,106.54427684019524,121.97226214601584,0,270,1350,1350,0,1297,0,0,0
700.0,-1800.0,1931.3207915827966,-68.74949449286676,0.0,1.0,0.0,0.9607407407407408,0.0,71.13797439857558,101.72214245359423,115.88015902123193,0,270,1350,1350,0,1297,0,0,0
800.0,-1800.0,1969.771560359221,-66.03751102542182,0.0,1.0,0.0,0.9607407407407408,0.0,72.65246192661354,97.26547689744025,110.25929397714468,0,270,1350,1350,0,1297,0,0,0
900.0,-1800.0,2012.4611797498108,-63.43494882292201,0.0,1.0,0.0,0.9607407407407408,0.0,74.31600582184652,93.1288725813288,105.10155528353393,0,270,1350,1350,0,1297,0,0,0
1000.0,-1800.0,2059.1260281974,-60.94539590092286,0.0,1.0,0.0,0.9607407407407408,0.0,76.07199321446862,89.44225702278679,100.39746304550405,0,270,1350,1350,0,1297,0,0,0
1100.0,-1800.0,2109.5023109728986,-58.57043438516149,0.0,1.0,0.0,0.9607407407407408,0.0,77.93302525379991,86.12574771522318,96.13605840694008,0,270,1350,1350,0,1297,0,0,0
1200.0,-1800.0,2163.3307652783938,-56.309932474020215,0.0,1.0,0.0,0.9607407407407408,0.0,79.92161401854139,87.89912023551435,92.30485997179534,0,270,1350,1350,0,1297,0,0,0
1300.0,-1800.0,2220.3603311174516,-54.16234704572171,0.0,1.0,0.0,0.9607407407407408,0.0,82.04056980224199,90.86768169783247,94.35680034865672,0,270,1350,1350,0,1297,0,0,0
1400.0,-1800.0,2280.350850198276,-52.1250163489018,0.0,1.0,0.0,0.9607407407407408,0.0,84.28903642437184,95.70216756770151,99.48322511540006,0,270,1350,1350,0,1297,0,0,0
1500.0,-1800.0,2343.074902771996,-50.19442890773481,0.0,1.0,0.0,0.9607407407407408,0.0,87.85169025331206,100.87234700035961,104.34519990260414,0,270,1350,1350,0,1297,0,0,0
1600.0,-1800.0,2408.3189157584593,-48.366460663429805,0.0,1.0,0.0,1.0,0.0,92.0937928120259,106.20328350081368,110.2582132984611,0,270,1350,1350,0,1350,0,0,0
1700.0,-1800.0,2475.8836806279896,-46.63657704161672,0.0,1.0,0.0,1.0,0.0,96.71939025446711,111.89892481720851,116.56835898607083,0,270,1350,1350,0,1350,0,0,0
1800.0,-1800.0,2545.584412271571,-45.0,0.0,1.0,0.0,1.0,0.0,101.64078819716968,118.28690622883062,123.27622633118591,0,270,1350,1350,0,1350,0,0,0
-500.0,-1700.0,1772.004514666935,-106.38954033403479,0.0,1.0,0.0,1.0,0.0,116.32203625227442,190.84433665557498,227.2362386501608,0,270,1350,1350,0,1350,0,0,0
-400.0,-1700.0,1746.424919657298,-103.2405199151872,0.0,1.0,0.0,1.0,0.0,109.87519565384832,180.89668255364631,214.88014468343877,0,270,1350,1350,0,1350,0,0,0
-300.0,-1700.0,1726.2676501632068,-100.00797980144135,0.0,1.0,0.0,1.0,0.0,103.84253668870042,171.18670687096358,203.0779295949586,0,270,1350,1350,0,1350,0,0,0
-200.0,-1700.0,1711.724276862369,-96.70983680775694,0.0,1.0,0.0,1.0,0.0,98.2331416392721,161.95806037716594,191.8263362695155,0,270,1350,1350,0,1350,0,0,0
-100.0,-1700.0,1702.93863659264,-93.3664606634298,0.0,1.0,0.0,1.0,0.0,93.04553597905834,153.4580307633313,181.1222078543636,0,270,1350,1350,0,1350,0,0,0
0.0,-1700.0,1700.0,-90.0,0.0,1.0,0.0,1.0,0.0,88.28681112597955,145.29001751393815,170.96244089931815,0,270,1350,1350,0,1350,0,0,0
100.0,-1700.0,1702.93863659264,-86.63353933657021,0.0,1.0,0.0,0.9607407407407408,0.0,83.9449574946907,137.37172241722038,161.34392141905047,0,270,1350,1350,0,1297,0,0,0
200.0,-1700.0,1711.724276862369,-83.29016319224307,0.0,1.0,0.0,0.9607407407407408,0.0,80.04711044672274,130.08022776397377,152.26344012892213,0,270,1350,1350,0,1297,0,0,0
300.0,-1700.0,1726.2676501632068,-79.99202019855866,0.0,1.0,0.0,0.9607407407407408,0.0,76.52978338277575,123.23000728739991,143.71758305045273,0,270,1350,1350,0,1297,0,0,0
400.0,-1700.0,1746.424919657298,-76.7594800848128,0.0,1.0,0.0,0.9607407407407408,0.0,73.4118569145854,116.79982926274987,135.70259408761683,0,270,1350,1350,0,1297,0,0,0
500.0,-1700.0,1772.004514666935,-73.61045966596522,0.0,1.0,0.0,0.9607407407407408,0.0,70.69480340278776,110.78666918305805,128.2142072941796,0,270,1350,1350,0,1297,0,0,0
600.0,-1700.0,1802.7756377319947,-70.5599651718238,0.0,1.0,0.0,0.9607407407407408,0.0,68.37335357312651,105.24638393741725,121.24744867661083,0,270,1350,1350,0,1297,0,0,0
700.0,-1700.0,1838.4776310850236,-67.61986494804043,0.0,1.0,0.0,0.9607407407407408,0.0,68.14966889402893,100.10147980760225,114.79641078509559,0,270,1350,1350,0,1297,0,0,0
800.0,-1700.0,1878.8294228055936,-64.79887635452492,0.0,1.0,0.0,0.9607407407407408,0.0,69.74421457416679,95.3763174313823,108.85400820716004,0,270,1350,1350,0,1297,0,0,0
900.0,-1700.0,1923.5384061671346,-62.10272896905237,0.0,1.0,0.0,0.9607407407407408,0.0,71.42586355291604,91.11695512421889,103.41172831614469,0,270,1350,1350,0,1297,0,0,0
1000.0,-1700.0,1972.308292331602,-59.53445508054013,0.0,1.0,0.0,0.9607407407407408,0.0,73.32077772055626,87.23329854740743,98.45939874624644,0,270,1350,1350,0,1297,0,0,0
1100.0,-1700.0,2024.8456731316587,-57.094757077012105,0.0,1.0,0.0,0.9607407407407408,0.0,75.29137127115143,83.75448765367912,93.98500001857539,0,270,1350,1350,0,1297,0,0,0
1200.0,-1700.0,2080.865204668481,-54.78240703180729,0.0,1.0,0.0,0.9607407407407408,0.0,77.37433293962872,85.79485319576031,89.97455690874072,0,270,1350,1350,0,1297,0,0,0
1300.0,-1700.0,2140.09345590327,-52.59464336859145,0.0,1.0,0.0,0.9607407407407408,0.0,79.57663251754826,89.02259638685044,92.72229052262458,0,270,1350,1350,0,1297,0,0,0
1400.0,-1700.0,2202.271554554524,-50.527540151656176,0.0,1.0,0.0,0.9607407407407408,0.0,81.88864643767292,94.14389304701173,98.16439731802537,0,270,1350,1350,0,1297,0,0,0
1500.0,-1700.0,2267.1568097509266,-48.57633437499735,0.0,1.0,0.0,0.9607407407407408,0.0,85.7031603326216,99.64190092630331,103.2897529367282,0,270,1350,1350,0,1297,0,0,0
1600.0,-1700.0,2334.5235059857505,-46.73570458892839,0.0,1.0,0.0,1.0,0.0,90.18452490377575,105.4594040673523,109.55305384301754,0,270,1350,1350,0,1350,0,0,0
1700.0,-1700.0,2404.1630560342614,-45.0,0.0,1.0,0.0,1.0,0.0,95.07342359537309,111.28159789064752,116.23745459451713,0,270,1350,1350,0,1350,0,0,0
1800.0,-1700.0,2475.8836806279896,-43.36342295838329,0.0,1.0,0.0,1.0,0.0,100.347997998769,118.04792281059088,123.34361331510438,0,270,1350,1350,0,1350,0,0,0
-500.0,-1600.0,1676.305461424021,-107.35402463626133,0.0,1.0,0.0,1.0,0.0,116.19713851577433,195.08029064617523,234.18970464909145,0,270,1350,1350,0,1350,0,0,0
-400.0,-1600.0,1649.2422502470642,-104.03624346792648,0.0,1.0,0.0,1.0,0.0,109.34745061589194,184.32984264016244,220.94870508026793,0,270,1350,1350,0,1350,0,0,0
-300.0,-1600.0,1627.8820596099706,-100.61965527615514,0.0,1.0,0.0,1.0,0.0,102.9396284035998,174.2904060544498,208.30541809954326,0,270,1350,1350,0,1350,0,0,0
-200.0,-1600.0,1612.4515496597098,-97.1250163489018,0.0,1.0,0.0,1.0,0.0,96.9838645479747,164.4200503316498,196.25619651472218,0,270,1350,1350,0,1350,0,0,0
-100.0,-1600.0,1603.1219541881396,-93.57633437499736,0.0,1.0,0.0,1.0,0.0,91.47874705167723,155.2054108235439,184.79757563102032,0,270,1350,1350,0,1350,0,0,0
0.0,-1600.0,1600.0,-90.0,0.0,1.0,0.0,1.0,0.0,86.43196157455584,146.5620215935084,173.92623151009823,0,270,1350,1350,0,1350,0,0,0
100.0,-1600.0,1603.1219541881396,-86.42366562500266,0.0,1.0,0.0,0.9607407407407408,0.0,81.87628192531712,138.24095172350022,163.63891997720648,0,270,1350,1350,0,1297,0,0,0
200.0,-1600.0,1612.4515496597098,-82.8749836510982,0.0,1.0,0.0,0.9607407407407408,0.0,77.71128567908076,130.5331268214352,153.93239108653157,0,270,1350,1350,0,1297,0,0,0
300.0,-1600.0,1627.8820596099706,-79.38034472384487,0.0,1.0,0.0,0.9607407407407408,0.0,73.98407671159306,123.1676893400758,144.80327319003186,0,270,1350,1350,0,1297,0,0,0
400.0,-1600.0,1649.2422502470642,-75.96375653207353,0.0,1.0,0.0,0.9607407407407408,0.0,70.68977353210411,116.2458676813208,136.247920635763,0,270,1350,1350,0,1297,0,0,0
500.0,-1600.0,1676.305461424021,-72.64597536373867,0.0,1.0,0.0,0.9607407407407408,0.0,67.82252310769385,109.88882874004963,128.26221980991687,0,270,1350,1350,0,1297,0,0,0
600.0,-1600.0,1708.8007490635061,-69.44395478041653,0.0,1.0,0.0,0.9607407407407408,0.0,65.37586803290893,103.99278205544168,120.8413502048558,0,270,1350,1350,0,1297,0,0,0
700.0,-1600.0,1746.424919657298,-66.37062226934319,0.0,1.0,0.0,0.9607407407407408,0.0,65.30840789707943,98.59157892036947,113.97950098058476,0,270,1350,1350,0,1297,0,0,0
800.0,-1600.0,1788.8543819998317,-63.43494882292201,0.0,1.0,0.0,0.9607407407407408,0.0,66.91906949625137,93.6257175599964,107.6695495740123,0,270,1350,1350,0,1297,0,0,0
900.0,-1600.0,1835.7559750685818,-60.64224645720873,0.0,1.0,0.0,0.9607407407407408,0.0,68.67403708312217,89.12834292137474,101.90271751483505,0,270,1350,1350,0,1297,0,0,0
1000.0,-1600.0,1886.7962264113207,-57.9946167919165,0.0,1.0,0.0,0.9607407407407408,0.0,70.60042872222624,85.06112412816549,96.66822936823706,0,270,1350,1350,0,1297,0,0,0
1100.0,-1600.0,1941.6487838947598,-55.4914770123316,0.0,1.0,0.0,0.9607407407407408,0.0,72.70789500966306,81.44245003324563,91.95301237160312,0,270,1350,1350,0,1297,0,0,0
1200.0,-1600.0,2000.0,-53.13010235415598,0.0,1.0,0.0,0.9607407407407408,0.0,74.93416198749652,83.71882043857525,87.74148448476646,0,270,1350,1350,0,1297,0,0,0
1300.0,-1600.0,2061.5528128088304,-50.906141113770495,0.0,1.0,0.0,0.9607407407407408,0.0,77.24101543757986,87.38217840272466,91.31977031646721,0,270,1350,1350,0,1297,0,0,0
1400.0,-1600.0,2126.02916254693,-48.81407483429036,0.0,1.0,0.0,0.9607407407407408,0.0,79.65748186170876,92.82340305856343,97.10217068278187,0,270,1350,1350,0,1297,0,0,0
1500.0,-1600.0,2193.171219946131,-46.8476102659946,0.0,1.0,0.0,0.9607407407407408,0.0,83.705391237818,98.66451408438753,103.09861593898233,0,270,1350,1350,0,1297,0,0,0
1600.0,-1600.0,2262.741699796952,-45.0,0.0,1.0,0.0,1.0,0.0,88.4559251404743,104.85251580875298,109.19905045015214,0,270,1350,1350,0,1350,0,0,0
1700.0,-1600.0,2334.5235059857505,-43.264295411071615,0.0,1.0,0.0,1.0,0.0,93.64131963057427,111.02493769127652,116.3051679949266,0,270,1350,1350,0,1350,0,0,0
1800.0,-1600.0,2408.3189157584593,-41.6335393365702,0.0,1.0,0.0,1.0,0.0,99.2647365269017,118.21756866985578,123.86016836849174,0,270,1350,1350,0,1350,0,0,0
-500.0,-1500.0,1581.1388300841897,-108.43494882292202,0.0,1.0,0.0,1.0,0.0,116.50938740125417,200.2472901212844,242.67083568728,0,270,1350,1350,0,1350,0,0,0
-400.0,-1500.0,1552.4174696260025,-104.93141717813755,0.0,1.0,0.0,1.0,0.0,109.2012309620651,189.00617470323618,228.40763746687153,0,270,1350,1350,0,1350,0,0,0
-300.0,-1500.0,1529.7058540778355,-101.30993247402021,0.0,1.0,0.0,1.0,0.0,102.36646356718848,177.90698463325572,214.7929896413957,0,270,1350,1350,0,1350,0,0,0
-200.0,-1500.0,1513.2745950421556,-97.59464336859145,0.0,1.0,0.0,1.0,0.0,96.01659597995054,167.597476966037,201.8226900649286,0,270,1350,1350,0,1350,0,0,0
-100.0,-1500.0,1503.3296378372909,-93.81407483429037,0.0,1.0,0.0,1.0,0.0,90.15037184005668,157.68305371443753,189.4928224228479,0,270,1350,1350,0,1350,0,0,0
0.0,-1500.0,1500.0,-90.0,0.0,1.0,0.0,1.0,0.0,84.81438623313215,148.47425690268332,177.79972422036636,0,270,1350,1350,0,1350,0,0,0
100.0,-1500.0,1503.3296378372909,-86.18592516570965,0.0,1.0,0.0,0.9607407407407408,0.0,79.93067570487145,139.71122727662467,166.73993414546933,0,270,1350,1350,0,1297,0,0,0
200.0,-1500.0,1513.2745950421556,-82.40535663140857,0.0,1.0,0.0,0.9607407407407408,0.0,75.5034703989924,131.2472607641003,156.31011177527105,0,270,1350,1350,0,1297,0,0,0
300.0,-1500.0,1529.7058540778355,-78.69006752597979,0.0,1.0,0.0,0.9607407407407408,0.0,71.54648634563904,123.40913091465316,146.50692125984344,0,270,1350,1350,0,1297,0,0,0
400.0,-1500.0,1552.4174696260025,-75.06858282186245,0.0,1.0,0.0,0.9607407407407408,0.0,68.05176244149999,116.16727605482286,137.32686959361615,0,270,1350,1350,0,1297,0,0,0
500.0,-1500.0,1581.1388300841897,-71.56505117707799,0.0,1.0,0.0,0.9607407407407408,0.0,65.01706630960261,109.36652960206271,128.7660898396899,0,270,1350,1350,0,1297,0,0,0
600.0,-1500.0,1615.5494421403512,-68.19859051364818,0.0,1.0,0.0,0.9607407407407408,0.0,62.432679360042776,103.01710911332283,120.82006090195209,0,270,1350,1350,0,1297,0,0,0
700.0,-1500.0,1655.294535724685,-64.98310652189998,0.0,1.0,0.0,0.9607407407407408,0.0,62.369142642364324,97.23972182351649,113.48325905856488,0,270,1350,1350,0,1297,0,0,0
800.0,-1500.0,1700.0,-61.92751306414704,0.0,1.0,0.0,0.9607407407407408,0.0,64.16882544268776,92.01387705414339,106.74874350193907,0,270,1350,1350,0,1297,0,0,0
900.0,-1500.0,1749.28556845359,-59.03624346792648,0.0,1.0,0.0,0.9607407407407408,0.0,66.07787935421439,87.27042239606412,100.60768941798905,0,270,1350,1350,0,1297,0,0,0
1000.0,-1500.0,1802.7756377319947,-56.309932474020215,0.0,1.0,0.0,0.9607407407407408,0.0,68.15610117222847,82.97869186670852,95.04889783120028,0,270,1350,1350,0,1297,0,0,0
1100.0,-1500.0,1860.1075237738273,-53.74616226255522,0.0,1.0,0.0,0.9607407407407408,0.0,70.2341866063498,79.2490886615944,90.05833030403058,0,270,1350,1350,0,1297,0,0,0
1200.0,-1500.0,1920.9372712298546,-51.34019174590991,0.0,1.0,0.0,0.9607407407407408,0.0,72.52030693869034,81.86945926818393,85.61873534495832,0,270,1350,1350,0,1297,0,0,0
1300.0,-1500.0,1984.9433241279207,-49.08561677997488,0.0,1.0,0.0,0.9607407407407408,0.0,74.95498784674001,85.98728315412276,90.19565932635425,0,270,1350,1350,0,1297,0,0,0
1400.0,-1500.0,2051.828452868319,-46.97493401088198,0.0,1.0,0.0,0.9607407407407408,0.0,77.48848303938809,91.79116804134367,96.36375830337569,0,270,1350,1350,0,1297,0,0,0
1500.0,-1500.0,2121.3203435596424,-45.0,0.0,1.0,0.0,0.9607407407407408,0.0,81.86876994264131,98.02252897267985,102.90437570190123,0,270,1350,1350,0,1297,0,0,0
1600.0,-1500.0,2193.171219946131,-43.15238973400541,0.0,1.0,0.0,1.0,0.0,86.9422987425074,104.61512804699728,109.26713235054554,0,270,1350,1350,0,1350,0,0,0
1700.0,-1500.0,2267.1568097509266,-41.423665625002656,0.0,1.0,0.0,1.0,0.0,92.46434473257787,111.20167160626298,116.85206802279168,0,270,1350,1350,0,1350,0,0,0
1800.0,-1500.0,2343.074902771996,-39.80557109226519,0.0,1.0,0.0,1.0,0.0,98.45800004969024,118.8783100361118,124.91673500316698,0,270,1350,1350,0,1350,0,0,0
-500.0,-1400.0,1486.6068747318504,-109.6538240580533,0.0,1.0,0.0,1.0,0.0,117.35303699323723,206.84086914994504,253.04547378712013,0,270,1350,1350,0,1350,0,0,0
-400.0,-1400.0,1456.0219778561036,-105.94539590092286,0.0,1.0,0.0,1.0,0.0,109.51841407291408,194.68756101419984,237.5890975819302,0,270,1350,1350,0,1350,0,0,0
-300.0,-1400.0,1431.7821063276353,-102.0947570770121,0.0,1.0,0.0,1.0,0.0,102.19333701590529,182.70250508438824,222.84098381893565,0,270,1350,1350,0,1350,0,0,0
-200.0,-1400.0,1414.213562373095,-98.13010235415598,0.0,1.0,0.0,1.0,0.0,95.390875979896,171.5316382341523,208.79613175336456,0,270,1350,1350,0,1350,0,0,0
-100.0,-1400.0,1403.56688476182,-94.08561677997488,0.0,1.0,0.0,1.0,0.0,89.14086079095523,161.17824446536176,195.44995383583182,0,270,1350,1350,0,1350,0,0,0
0.0,-1400.0,1400.0,-90.0,0.0,1.0,0.0,1.0,0.0,83.42261226534201,151.21327284540703,182.79825919911664,0,270,1350,1350,0,1350,0,0,0
100.0,-1400.0,1403.56688476182,-85.91438322002513,0.0,1.0,0.0,0.9674074074074074,0.0,78.17784966684755,141.53284148929222,170.83721658329765,0,270,1350,1350,0,1306,0,0,0
200.0,-1400.0,1414.213562373095,-81.86989764584403,0.0,1.0,0.0,0.9674074074074074,0.0,73.45167504944061,132.6391948159257,159.56328790235412,0,270,1350,1350,0,1306,0,0,0
300.0,-1400.0,1431.7821063276353,-77.9052429229879,0.0,1.0,0.0,0.9674074074074074,0.0,69.22950385841119,124.36667194835802,148.9731212580185,0,270,1350,1350,0,1306,0,0,0
400.0,-1400.0,1456.0219778561036,-74.05460409907715,0.0,1.0,0.0,0.9674074074074074,0.0,65.50942430367701,116.39728019309455,139.0633897891469,0,270,1350,1350,0,1306,0,0,0
500.0,-1400.0,1486.6068747318504,-70.3461759419467,0.0,1.0,0.0,0.9674074074074074,0.0,62.28671107815502,109.11329354829435,129.83056083367316,0,270,1350,1350,0,1306,0,0,0
600.0,-1400.0,1523.1546211727816,-66.80140948635182,0.0,1.0,0.0,0.9674074074074074,0.0,59.54371953002578,102.44584475162937,121.27057938999766,0,270,1350,1350,0,1306,0,0,0
700.0,-1400.0,1565.2475842498527,-63.43494882292201,0.0,1.0,0.0,0.9674074074074074,0.0,59.54449080016097,96.23927621786517,113.37845219274782,0,270,1350,1350,0,1306,0,0,0
800.0,-1400.0,1612.4515496597098,-60.25511870305778,0.0,1.0,0.0,0.9674074074074074,0.0,61.43534139788248,90.5723955613851,106.14772571824366,0,270,1350,1350,0,1306,0,0,0
900.0,-1400.0,1664.3316977093239,-57.264773727892404,0.0,1.0,0.0,0.9674074074074074,0.0,63.50671556138033,85.56307584212507,99.56986512225178,0,270,1350,1350,0,1306,0,0,0
1000.0,-1400.0,1720.4650534085254,-54.46232220802562,0.0,1.0,0.0,0.9674074074074074,0.0,65.71056325372052,81.01333486039178,93.63356291413936,0,270,1350,1350,0,1306,0,0,0
1100.0,-1400.0,1780.4493814764855,-51.84277341263094,0.0,1.0,0.0,0.9674074074074074,0.0,68.0444472810255,77.38017648240508,88.32403564335645,0,270,1350,1350,0,1306,0,0,0
1200.0,-1400.0,1843.9088914585775,-49.398705354995535,0.0,1.0,0.0,0.9674074074074074,0.0,70.47054300548464,80.1674886421231,83.6224001209943,0,270,1350,1350,0,1306,0,0,0
1300.0,-1400.0,1910.49731745428,-47.12109639666146,0.0,1.0,0.0,0.9674074074074074,0.0,72.92576929602996,84.89045200653486,89.40964887274929,0,270,1350,1350,0,1306,0,0,0
1400.0,-1400.0,1979.8989873223331,-45.0,0.0,1.0,0.0,0.9674074074074074,0.0,75.52183332772705,91.10892241678455,96.01858947659281,0,270,1350,1350,0,1306,0,0,0
1500.0,-1400.0,2051.828452868319,-43.025065989118026,0.0,1.0,0.0,0.9674074074074074,0.0,80.23986632455205,97.78381713176745,103.03393106532064,0,270,1350,1350,0,1306,0,0,0
1600.0,-1400.0,2126.02916254693,-41.18592516570965,0.0,1.0,0.0,1.0,0.0,85.67614142306205,104.84434522143286,109.84871715655164,0,270,1350,1350,0,1350,0,0,0
1700.0,-1400.0,2202.271554554524,-39.472459848343824,0.0,1.0,0.0,1.0,0.0,91.59561164154789,111.90553044496642,117.98201053137768,0,270,1350,1350,0,1350,0,0,0
1800.0,-1400.0,2280.350850198276,-37.874983651098205,0.0,1.0,0.0,1.0,0.0,98.01224123207032,120.13643751612469,126.63042925083474,0,270,1350,1350,0,1350,0,0,0
-500.0,-1300.0,1392.838827718412,-111.03751102542182,0.0,1.0,0.0,1.0,0.0,118.85196354809712,214.89687579989518,265.80530237779186,0,270,1350,1350,0,1350,0,0,0
-400.0,-1300.0,1360.1470508735442,-107.10272896905236,0.0,1.0,0.0,1.0,0.0,110.40662807022406,201.76367111315318,248.93915753572549,0,270,1350,1350,0,1350,0,0,0
-300.0,-1300.0,1334.1664064126335,-102.9946167919165,0.0,1.0,0.0,1.0,0.0,102.51265763010318,188.854759974347,232.85248334497865,0,270,1350,1350,0,1350,0,0,0
-200.0,-1300.0,1315.2946437965904,-98.74616226255522,0.0,1.0,0.0,1.0,0.0,95.22198150253955,176.94655326318215,217.53911997811178,0,270,1350,1350,0,1350,0,0,0
-100.0,-1300.0,1303.8404810405298,-94.39870535499554,0.0,1.0,0.0,1.0,0.0,88.43422197102342,165.68739947205793,202.99347529218727,0,270,1350,1350,0,1350,0,0,0
0.0,-1300.0,1300.0,-90.0,0.0,1.0,0.0,1.0,0.0,82.29987146169573,154.68365297434124,189.21053059031712,0,270,1350,1350,0,1350,0,0,0
100.0,-1300.0,1303.8404810405298,-85.60129464500447,0.0,1.0,0.0,0.9674074074074074,0.0,76.66284546318502,144.36405256059845,176.18582813083336,0,270,1350,1350,0,1306,0,0,0
200.0,-1300.0,1315.2946437965904,-81.2538377374448,0.0,1.0,0.0,0.9674074074074074,0.0,71.58487155506623,134.90460632996675,163.91543011683322,0,270,1350,1350,0,1306,0,0,0
300.0,-1300.0,1334.1664064126335,-77.0053832080835,0.0,1.0,0.0,0.9674074074074074,0.0,67.06627650226474,125.67307893748972,152.3958351760158,0,270,1350,1350,0,1306,0,0,0
400.0,-1300.0,1360.1470508735442,-72.89727103094764,0.0,1.0,0.0,0.9674074074074074,0.0,63.08774835600916,117.19482885991428,141.62383398529516,0,270,1350,1350,0,1306,0,0,0
500.0,-1300.0,1392.838827718412,-68.96248897457819,0.0,1.0,0.0,0.9674074074074074,0.0,59.64006457257656,109.4581745031145,131.59628115914688,0,270,1350,1350,0,1306,0,0,0
600.0,-1300.0,1431.7821063276353,-65.22485943116808,0.0,1.0,0.0,0.9674074074074074,0.0,56.716447867221675,102.08697841715207,122.30975682737963,0,270,1350,1350,0,1306,0,0,0
700.0,-1300.0,1476.48230602334,-61.69924423399363,0.0,1.0,0.0,0.9674074074074074,0.0,56.86791574913062,95.50304465529132,113.76009035715262,0,270,1350,1350,0,1306,0,0,0
800.0,-1300.0,1526.4337522473747,-58.3924977537511,0.0,1.0,0.0,0.9674074074074074,0.0,58.84912468034244,89.48025971733973,105.94172338887132,0,270,1350,1350,0,1306,0,0,0
900.0,-1300.0,1581.1388300841897,-55.30484646876604,0.0,1.0,0.0,0.9674074074074074,0.0,61.01730451958668,84.03150563161188,98.84690370619079,0,270,1350,1350,0,1306,0,0,0
1000.0,-1300.0,1640.1219466856726,-52.43140797117251,0.0,1.0,0.0,0.9674074074074074,0.0,63.324641399936326,79.21595704759338,92.46472953651511,0,270,1350,1350,0,1306,0,0,0
1100.0,-1300.0,1702.93863659264,-49.76364169072618,0.0,1.0,0.0,0.9674074074074074,0.0,65.7740132344347,75.99443751611992,86.78010783902342,0,270,1350,1350,0,1306,0,0,0
1200.0,-1300.0,1769.1806012954132,-47.290610042638534,0.0,1.0,0.0,0.9674074074074074,0.0,68.34036987774743,78.93126672293653,82.45952726757851,0,270,1350,1350,0,1306,0,0,0
1300.0,-1300.0,1838.4776310850236,-45.0,0.0,1.0,0.0,0.9674074074074074,0.0,71.0089474577365,84.16042025217995,89.03981062157004,0,270,1350,1350,0,1306,0,0,0
1400.0,-1300.0,1910.49731745428,-42.87890360333855,0.0,1.0,0.0,0.9674074074074074,0.0,73.80691219392725,90.85743141741189,96.15747254565558,0,270,1350,1350,0,1306,0,0,0
1500.0,-1300.0,1984.9433241279207,-40.91438322002513,0.0,1.0,0.0,0.9674074074074074,0.0,78.86855348598186,98.036044057397,103.69474929020292,0,270,1350,1350,0,1306,0,0,0
1600.0,-1300.0,2061.5528128088304,-39.0938588862295,0.0,1.0,0.0,1.0,0.0,84.71271091400492,105.6213963289092,111.06368425189073,0,270,1350,1350,0,1350,0,0,0
1700.0,-1300.0,2140.09345590327,-37.40535663140856,0.0,1.0,0.0,1.0,0.0,91.08139131873034,113.25941988186652,119.83120642810171,0,270,1350,1350,0,1350,0,0,0
1800.0,-1300.0,2220.3603311174516,-35.83765295427829,0.0,1.0,0.0,1.0,0.0,97.99928558858201,122.13133636194866,129.15487662786467,0,270,1350,1350,0,1350,0,0,0
-500.0,-1200.0,1300.0,-112.61986494804043,0.0,1.0,0.0,1.0,0.0,121.17224754268666,224.7569925611895,281.6266895595466,0,270,1350,1350,0,1350,0,0,0
-400.0,-1200.0,1264.9110640673518,-108.43494882292202,0.0,1.0,0.0,1.0,0.0,112.01022033760925,210.43008646883436,263.07082868198626,0,270,1350,1350,0,1350,0,0,0
-300.0,-1200.0,1236.9316876852981,-104.03624346792648,0.0,1.0,0.0,1.0,0.0,103.45059891607202,196.92172815115885,245.3809278354647,0,270,1350,1350,0,1350,0,0,0
-200.0,-1200.0,1216.552506059644,-99.46232220802563,0.0,1.0,0.0,1.0,0.0,95.50973482947398,183.8361683934417,228.54913070755205,0,270,1350,1350,0,1350,0,0,0
-100.0,-1200.0,1204.1594578792296,-94.76364169072617,0.0,1.0,0.0,1.0,0.0,88.24506149857726,171.18056515407864,212.5683340606185,0,270,1350,1350,0,1350,0,0,0
0.0,-1200.0,1200.0,-90.0,0.0,1.0,0.0,1.0,0.0,81.5396271474236,159.22499087332363,197.43222310266,0,270,1350,1350,0,1350,0,0,0
100.0,-1200.0,1204.1594578792296,-85.23635830927383,0.0,1.0,0.0,0.9674074074074074,0.0,75.44220663930399,148.40742192311126,183.13529408493207,0,270,1350,1350,0,1306,0,0,0
200.0,-1200.0,1216.552506059644,-80.53767779197439,0.0,1.0,0.0,0.9674074074074074,0.0,69.95740255019274,137.74659272662976,169.67285318483007,0,270,1350,1350,0,1306,0,0,0
300.0,-1200.0,1236.9316876852981,-75.96375653207353,0.0,1.0,0.0,0.9674074074074074,0.0,65.07980656069344,127.92653175039348,157.0409755653436,0,270,1350,1350,0,1306,0,0,0
400.0,-1200.0,1264.9110640673518,-71.56505117707799,0.0,1.0,0.0,0.9674074074074074,0.0,60.8012439555777,118.84344694120455,145.23640174907922,0,270,1350,1350,0,1306,0,0,0
500.0,-1200.0,1300.0,-67.38013505195957,0.0,1.0,0.0,0.9674074074074074,0.0,57.10310497753353,110.2249244578369,134.25634022807557,0,270,1350,1350,0,1306,0,0,0
600.0,-1200.0,1341.640786499874,-63.43494882292201,0.0,1.0,0.0,0.9674074074074074,0.0,53.992428408363,102.34454188681974,124.09813636063514,0,270,1350,1350,0,1306,0,0,0
700.0,-1200.0,1389.2443989449805,-59.743562836470744,0.0,1.0,0.0,0.9674074074074074,0.0,54.28471144445887,95.15057018553782,114.75876016835485,0,270,1350,1350,0,1306,0,0,0
800.0,-1200.0,1442.2205101855957,-56.309932474020215,0.0,1.0,0.0,0.9674074074074074,0.0,56.398416256364264,88.61996500399744,106.23406374048822,0,270,1350,1350,0,1306,0,0,0
900.0,-1200.0,1500.0,-53.13010235415598,0.0,1.0,0.0,0.9674074074074074,0.0,58.70723666390618,82.77763052467446,98.51776926738066,0,270,1350,1350,0,1306,0,0,0
1000.0,-1200.0,1562.049935181331,-50.19442890773481,0.0,1.0,0.0,0.9674074074074074,0.0,61.15980382325978,77.62132914627158,91.60018016328733,0,270,1350,1350,0,1306,0,0,0
1100.0,-1200.0,1627.8820596099706,-47.48955292199916,0.0,1.0,0.0,0.9674074074074074,0.0,63.74063434146821,74.91683606627952,85.46666878458029,0,270,1350,1350,0,1306,0,0,0
1200.0,-1200.0,1697.0562748477141,-45.0,0.0,1.0,0.0,0.9674074074074074,0.0,66.43153823164417,78.07048992915301,82.06122292610603,0,270,1350,1350,0,1306,0,0,0
1300.0,-1200.0,1769.1806012954132,-42.70938995736147,0.0,1.0,0.0,0.9674074074074074,0.0,69.21605973945603,83.88888603331807,89.1902616558094,0,270,1350,1350,0,1306,0,0,0
1400.0,-1200.0,1843.9088914585775,-40.60129464500447,0.0,1.0,0.0,0.9674074074074074,0.0,72.39126806157742,91.14444172764647,96.90151025820677,0,270,1350,1350,0,1306,0,0,0
1500.0,-1200.0,1920.9372712298546,-38.65980825409009,0.0,1.0,0.0,0.9674074074074074,0.0,77.86837410256629,98.91651856390094,104.16584619141055,0,270,1350,1350,0,1306,0,0,0
1600.0,-1200.0,2000.0,-36.86989764584402,0.0,1.0,0.0,1.0,0.0,84.13711023715142,107.07708416079657,113.07238521256048,0,270,1350,1350,0,1350,0,0,0
1700.0,-1200.0,2080.865204668481,-35.21759296819271,0.0,1.0,0.0,1.0,0.0,91.04064802646386,115.42772448153195,122.58188411074187,0,270,1350,1350,0,1350,0,0,0
1800.0,-1200.0,2163.3307652783938,-33.690067525979785,0.0,1.0,0.0,1.0,0.0,98.52419427941913,125.04944649356126,132.62932018022659,0,270,1350,1350,0,1350,0,0,0
-500.0,-1100.0,1208.3045973594571,-114.44395478041653,0.0,1.0,0.0,1.0,0.0,124.5417085340768,237.17165516173807,301.4659320177905,0,270,1350,1350,0,1350,0,0,0
-400.0,-1100.0,1170.4699910719626,-109.98310652189998,0.0,1.0,0.0,1.0,0.0,114.52729388954734,221.58552938294804,280.8497009057482,0,270,1350,1350,0,1350,0,0,0
-300.0,-1100.0,1140.175425099138,-105.25511870305779,0.0,1.0,0.0,1.0,0.0,105.19139164021496,206.5298338657286,261.2068528889527,0,270,1350,1350,0,1350,0,0,0
-200.0,-1100.0,1118.033988749895,-100.30484646876603,0.0,1.0,0.0,1.0,0.0,96.56961734402077,192.2973173222639,242.52702139343572,0,270,1350,1350,0,1350,0,0,0
-100.0,-1100.0,1104.536101718726,-95.1944289077348,0.03333333333333333,1.0,0.035555555555555556,1.0,0.035555555555555556,88.55142310279004,178.63062895368307,224.80081518093354,9,270,1350,1350,48,1350,48,0,0
0.0,-1100.0,1100.0,-90.0,0.06666666666666667,1.0,0.08,1.0,0.08,81.21958688633737,165.8186423977125,208.0198903185377,18,270,1350,1350,108,1350,108,0,0
100.0,-1100.0,1104.536101718726,-84.8055710922652,0.03333333333333333,1.0,0.12,0.9740740740740741,0.09407407407407407,74.6027935302532,153.44436268418394,192.17701893723972,9,270,1350,1350,162,1315,127,35,0
200.0,-1100.0,1118.033988749895,-79.69515353123397,0.06666666666666667,1.0,0.15333333333333332,0.9740740740740741,0.1274074074074074,68.63325529112788,141.95277304912653,177.2661446414379,18,270,1350,1350,207,1315,172,35,0
300.0,-1100.0,1140.175425099138,-74.74488129694222,0.0,1.0,0.08666666666666667,0.9740740740740741,0.06074074074074074,63.32933160610326,131.2144270769171,163.28240802463068,0,270,1350,1350,117,1315,82,35,0
400.0,-1100.0,1170.4699910719626,-70.01689347810003,0.0,1.0,0.0,0.9740740740740741,0.0,58.69420499392764,121.06760429410507,150.22211648820027,0,270,1350,1350,0,1315,0,0,0
500.0,-1100.0,1208.3045973594571,-65.55604521958347,0.0,1.0,0.0,0.9740740740740741,0.0,54.712053095625315,111.77958700873396,138.08261984840266,0,270,1350,1350,0,1315,0,0,0
600.0,-1100.0,1252.9964086141667,-61.38954033403479,0.0,1.0,0.0,0.9740740740740741,0.0,51.37094792827001,103.18541952261904,126.86203701948845,0,270,1350,1350,0,1315,0,0,0
700.0,-1100.0,1303.8404810405298,-57.52880770915151,0.0,1.0,0.0,0.9740740740740741,0.0,51.839459264229106,95.24653497026148,116.55876084022384,0,270,1350,1350,0,1315,0,0,0
800.0,-1100.0,1360.1470508735442,-53.97262661489639,0.0,1.0,0.0,0.9740740740740741,0.0,54.13204885635949,88.18891271908764,107.17065237065572,0,270,1350,1350,0,1315,0,0,0
900.0,-1100.0,1421.2670403551895,-50.71059313749964,0.0,1.0,0.0,0.9740740740740741,0.0,56.609722004830736,81.84209889786123,98.69383231939476,0,270,1350,1350,0,1315,0,0,0
1000.0,-1100.0,1486.6068747318504,-47.72631099390627,0.0,1.0,0.0,0.9740740740740741,0.0,59.22292400901727,76.20795143070542,91.12100191470279,0,270,1350,1350,0,1315,0,0,0
1100.0,-1100.0,1555.6349186104046,-45.0,0.0,1.0,0.0,0.9740740740740741,0.0,61.95478264319748,73.97608249042068,84.43929985433147,0,270,1350,1350,0,1315,0,0,0
1200.0,-1100.0,1627.8820596099706,-42.510447078000844,0.0,1.0,0.0,0.9740740740740741,0.0,64.80412943885855,77.35199553364127,82.22534390479572,0,270,1350,1350,0,1315,0,0,0
1300.0,-1100.0,1702.93863659264,-40.23635830927382,0.0,1.0,0.0,0.9740740740740741,0.0,67.7386742356784,84.20098192112258,90.0030141757531,0,270,1350,1350,0,1315,0,0,0
1400.0,-1100.0,1780.4493814764855,-38.15722658736906,0.0,1.0,0.0,0.9740740740740741,0.0,71.27195304255801,92.11697764594842,98.39215002587605,0,270,1350,1350,0,1315,0,0,0
1500.0,-1100.0,1860.1075237738273,-36.25383773744479,0.0,1.0,0.0,0.9740740740740741,0.0,77.41707273127892,100.54745670338085,106.36499379196563,0,270,1350,1350,0,1315,0,0,0
1600.0,-1100.0,1941.6487838947598,-34.5085229876684,0.0,1.0,0.0,1.0,0.0,84.06002233499908,109.43196226138704,116.09429529756436,0,270,1350,1350,0,1350,0,0,0
1700.0,-1100.0,2024.8456731316587,-32.9052429229879,0.0,1.0,0.0,1.0,0.0,91.58703741490402,118.63540521134956,126.48351223164478,0,270,1350,1350,0,1350,0,0,0
1800.0,-1100.0,2109.5023109728986,-31.429565614838516,0.0,1.0,0.0,1.0,0.0,99.75411272243495,129.1459338722326,137.2595936879794,0,270,1350,1350,0,1350,0,0,0
-500.0,-1000.0,1118.033988749895,-116.56505117707799,0.0,1.0,0.0,1.0,0.0,129.3011671425911,252.67467387768778,326.7202130662015,0,270,1350,1350,0,1350,0,0,0
-400.0,-1000.0,1077.0329614269008,-111.80140948635182,0.0,1.0,0.0,1.0,0.0,118.24849357103213,235.9418324969302,303.53830317939634,0,270,1350,1350,0,1350,0,0,0
-300.0,-1000.0,1044.030650891055,-106.69924423399362,0.0,1.0,0.02,1.0,0.02,107.92026831255103,219.02844341580362,281.466921435515,0,270,1350,1350,27,1350,27,0,0
-200.0,-1000.0,1019.803902718557,-101.30993247402021,0.03333333333333333,1.0,0.06,1.0,0.06,98.43939166571033,203.27426737522657,260.491926058329,9,270,1350,1350,81,1350,81,0,0
-100.0,-1000.0,1004.987562112089,-95.71059313749964,0.1,1.0,0.10592592592592592,1.0,0.10592592592592592,89.61700816008755,188.08974163943628,240.60042175073517,27,270,1350,1350,143,1350,143,0,0
0.0,-1000.0,1000.0,-90.0,0.13333333333333333,1.0,0.14666666666666667,1.0,0.14666666666666667,81.53121681292542,174.05570000563998,221.78087333970106,36,270,1350,1350,198,1350,198,0,0
100.0,-1000.0,1004.987562112089,-84.28940686250037,0.1,1.0,0.18666666666666668,0.9740740740740741,0.16074074074074074,74.2367569944484,160.19696494634778,204.02323053425243,27,270,1350,1350,252,1315,217,35,0
200.0,-1000.0,1019.803902718557,-78.69006752597979,0.13333333333333333,1.0,0.22666666666666666,0.9740740740740741,0.20074074074074075,67.67984509987733,147.49910179025602,187.31905673416014,36,270,1350,1350,306,1315,271,35,0
300.0,-1000.0,1044.030650891055,-73.30075576600639,0.2,1.0,0.26666666666666666,0.9740740740740741,0.24074074074074073,61.87498910275795,135.8456808168529,171.66164793325908,54,270,1350,1350,360,1315,325,35,0
400.0,-1000.0,1077.0329614269008,-68.19859051364818,0.2,1.0,0.29333333333333333,0.9740740740740741,0.2674074074074074,56.80457160033925,124.43617277037455,157.0461166562188,54,270,1350,1350,396,1315,361,35,0
500.0,-1000.0,1118.033988749895,-63.43494882292201,0.1,1.0,0.16666666666666666,0.9740740740740741,0.14074074074074075,52.484431003900085,114.29412110778367,143.46939875312006,27,270,1350,1350,225,1315,190,35,0
600.0,-1000.0,1166.19037896906,-59.03624346792648,0.0,1.0,0.0,0.9740740740740741,0.0,48.87260620396692,104.65369356805157,130.9301159184073,0,270,1350,1350,0,1315,0,0,0
700.0,-1000.0,1220.6555615733703,-55.00797980144134,0.0,1.0,0.0,0.9740740740740741,0.0,49.75693079149954,96.09123360622435,119.42819317897579,0,270,1350,1350,0,1315,0,0,0
800.0,-1000.0,1280.6248474865697,-51.34019174590991,0.0,1.0,0.0,0.9740740740740741,0.0,52.08052419526942,88.2090821233413,108.96409089734038,0,270,1350,1350,0,1315,0,0,0
900.0,-1000.0,1345.362404707371,-48.01278750418334,0.0,1.0,0.0,0.9740740740740741,0.0,54.708754444045084,81.23897544875015,99.53747547266137,0,270,1350,1350,0,1315,0,0,0
1000.0,-1000.0,1414.213562373095,-45.0,0.0,1.0,0.0,0.9740740740740741,0.0,57.48449746581461,75.10678353772171,91.14514633971352,0,270,1350,1350,0,1315,0,0,0
1100.0,-1000.0,1486.6068747318504,-42.27368900609374,0.0,1.0,0.0,0.9740740740740741,0.0,60.37244776936171,73.85440757347652,83.77810209293524,0,270,1350,1350,0,1315,0,0,0
1200.0,-1000.0,1562.049935181331,-39.80557109226519,0.0,1.0,0.0,0.9740740740740741,0.0,63.41011266928169,77.4294196195655,83.12076884463859,0,270,1350,1350,0,1315,0,0,0
1300.0,-1000.0,1640.1219466856726,-37.568592028827496,0.0,1.0,0.0,0.9740740740740741,0.0,66.50591262469555,85.27204529826923,91.67694165260394,0,270,1350,1350,0,1315,0,0,0
1400.0,-1000.0,1720.4650534085254,-35.53767779197438,0.0,1.0,0.0,0.9740740740740741,0.0,70.5691868080788,93.9402403797329,100.84632545182396,0,270,1350,1350,0,1315,0,0,0
1500.0,-1000.0,1802.7756377319947,-33.690067525979785,0.0,1.0,0.0,0.9740740740740741,0.0,77.41625448817888,103.14574269722902,109.71781778958695,0,270,1350,1350,0,1315,0,0,0
1600.0,-1000.0,1886.7962264113207,-32.005383208083494,0.0,1.0,0.0,1.0,0.0,84.62822250915124,112.3422941483072,120.4380245087104,0,270,1350,1350,0,1350,0,0,0
1700.0,-1000.0,1972.308292331602,-30.46554491945988,0.0,1.0,0.0,1.0,0.0,92.90169811986283,123.19870792338115,131.84426977371058,0,270,1350,1350,0,1350,0,0,0
1800.0,-1000.0,2059.1260281974,-29.054604099077146,0.0,1.0,0.0,1.0,0.0,101.74306346254693,134.59269258529727,143.0700973696287,0,270,1350,1350,0,1350,0,0,0
-500.0,-900.0,1029.5630140987,-119.05460409907714,0.0,1.0,0.0,1.0,0.0,135.8789449741721,272.5139160887958,359.51408413031436,0,270,1350,1350,0,1350,0,0,0
-400.0,-900.0,984.8857801796105,-113.96248897457819,0.0,1.0,0.013333333333333334,1.0,0.013333333333333334,123.63523488993175,253.6469513026436,333.0522639685101,0,270,1350,1350,18,1350,18,0,0
-300.0,-900.0,948.6832980505138,-108.43494882292202,0.03333333333333333,1.0,0.06,1.0,0.06,112.13589264145763,235.64122769933516,307.8821907781476,9,270,1350,1350,81,1350,81,0,0
-200.0,-900.0,921.9544457292888,-102.52880770915151,0.1,1.0,0.1,1.0,0.1,101.39894441036965,217.24825143417638,283.9839011273135,27,270,1350,1350,135,1350,135,0,0
-100.0,-900.0,905.5385138137417,-96.3401917459099,0.13333333333333333,1.0,0.14222222222222222,1.0,0.14222222222222222,91.57336402795595,200.37948892097634,261.33902565751737,36,270,1350,1350,192,1350,192,0,0
0.0,-900.0,900.0,-90.0,0.16666666666666666,1.0,0.18666666666666668,1.0,0.18666666666666668,82.61167413042274,185.06390553037915,239.93094496365913,45,270,1350,1350,252,1350,252,0,0
100.0,-900.0,905.5385138137417,-83.6598082540901,0.16666666666666666,1.0,0.22666666666666666,0.9807407407407407,0.2074074074074074,74.52439018654958,169.66013745380823,219.74497581870216,45,270,1350,1350,306,1324,280,26,0
200.0,-900.0,921.9544457292888,-77.47119229084849,0.23333333333333334,1.0,0.26666666666666666,0.9807407407407407,0.2474074074074074,67.23881259443718,155.26223794360678,200.7685867507833,63,270,1350,1350,360,1324,334,26,0
300.0,-900.0,948.6832980505138,-71.56505117707799,0.26666666666666666,1.0,0.30518518518518517,0.9807407407407407,0.2859259259259259,60.79341730895861,142.0694652290719,182.99163610466837,72,270,1350,1350,412,1324,386,26,0
400.0,-900.0,984.8857801796105,-66.03751102542182,0.3,1.0,0.34444444444444444,0.9807407407407407,0.3251851851851852,55.20553099425918,129.5337450773979,166.40661468271153,81,270,1350,1350,465,1324,439,26,0
500.0,-900.0,1029.5630140987,-60.94539590092286,0.3,1.0,0.35703703703703704,0.9807407407407407,0.3377777777777778,50.46119418939631,118.12137058804747,151.00885554180394,81,270,1350,1350,482,1324,456,26,0
600.0,-900.0,1081.6653826391969,-56.309932474020215,0.16666666666666666,1.0,0.24666666666666667,0.9807407407407407,0.22740740740740742,46.524092427256406,107.33837377683739,136.79664083884762,45,270,1350,1350,333,1324,307,26,0
700.0,-900.0,1140.175425099138,-52.1250163489018,0.03333333333333333,1.0,0.0637037037037037,0.9807407407407407,0.044444444444444446,47.788264555594,97.72463041514376,123.77108419620242,9,270,1350,1350,86,1324,60,26,0
800.0,-900.0,1204.1594578792296,-48.366460663429805,0.0,1.0,0.0,0.9807407407407407,0.0,50.39213715640324,88.91581665943845,111.9355928372881,0,270,1350,1350,0,1324,0,0,0
900.0,-900.0,1272.7922061357856,-45.0,0.0,1.0,0.0,0.9807407407407407,0.0,53.09090202614489,81.09315189808775,101.29462082674071,0,270,1350,1350,0,1324,0,0,0
1000.0,-900.0,1345.362404707371,-41.98721249581666,0.0,1.0,0.0,0.9807407407407407,0.0,56.056786955482124,74.3325098082958,91.85133929447122,0,270,1350,1350,0,1324,0,0,0
1100.0,-900.0,1421.2670403551895,-39.28940686250036,0.0,1.0,0.0,0.9807407407407407,0.0,59.129774387961156,74.06998892116098,83.6038406922415,0,270,1350,1350,0,1324,0,0,0
1200.0,-900.0,1500.0,-36.86989764584402,0.0,1.0,0.0,0.9807407407407407,0.0,62.32568304317613,78.45350027712577,84.99151708785354,0,270,1350,1350,0,1324,0,0,0
1300.0,-900.0,1581.1388300841897,-34.69515353123397,0.0,1.0,0.0,0.9807407407407407,0.0,65.61415091652671,87.35559336039603,94.49940177272013,0,270,1350,1350,0,1324,0,0,0
1400.0,-900.0,1664.3316977093239,-32.7352262721076,0.0,1.0,0.0,0.9807407407407407,0.0,70.41591306246335,96.94042936511241,104.55777654194017,0,270,1350,1350,0,1324,0,0,0
1500.0,-900.0,1749.28556845359,-30.96375653207352,0.0,1.0,0.0,0.9807407407407407,0.0,78.03962866292099,107.0634744106183,114.61504158528248,0,270,1350,1350,0,1324,0,0,0
1600.0,-900.0,1835.7559750685818,-29.357753542791276,0.0,1.0,0.0,1.0,0.0,86.05605888475698,117.4901253733246,126.55167102326602,0,270,1350,1350,0,1350,0,0,0
1700.0,-900.0,1923.5384061671346,-27.89727103094763,0.0,1.0,0.0,1.0,0.0,95.26574326580017,129.54324265005081,138.88354019849535,0,270,1350,1350,0,1350,0,0,0
1800.0,-900.0,2012.4611797498108,-26.56505117707799,0.0,1.0,0.0,1.0,0.0,104.91601067686335,141.63209649549353,151.72107852570565,0,270,1350,1350,0,1350,0,0,0
-500.0,-800.0,943.3981132056604,-122.0053832080835,0.0,1.0,0.0,1.0,0.0,144.95076947625344,298.854900491887,403.2428010057394,0,270,1350,1350,0,1350,0,0,0
-400.0,-800.0,894.4271909999159,-116.56505117707799,0.03333333333333333,1.0,0.04,1.0,0.04,131.18186251298238,277.0312199688369,372.44433026086386,9,270,1350,1350,54,1350,54,0,0
-300.0,-800.0,854.4003745317531,-110.55604521958347,0.06666666666666667,1.0,0.08074074074074074,1.0,0.08074074074074074,118.16879408723611,256.2406944424178,343.187829629014,18,270,1350,1350,109,1350,109,0,0
-200.0,-800.0,824.6211251235321,-104.03624346792648,0.1,1.0,0.12666666666666668,1.0,0.12666666666666668,106.04927172997972,236.4301312282139,315.44400450552195,27,270,1350,1350,171,1350,171,0,0
-100.0,-800.0,806.2257748298549,-97.1250163489018,0.16666666666666666,1.0,0.16666666666666666,1.0,0.16666666666666666,94.9687416701702,216.918475581751,289.18564590769427,45,270,1350,1350,225,1350,225,0,0
0.0,-800.0,800.0,-90.0,0.2,1.0,0.21037037037037037,1.0,0.21037037037037037,84.87531977647285,198.99617749726804,264.3878200424805,54,270,1350,1350,284,1350,284,0,0
100.0,-800.0,806.2257748298549,-82.8749836510982,0.2,1.0,0.25333333333333335,0.9807407407407407,0.23407407407407407,75.70022286226416,182.27123567077987,241.0281116960978,54,270,1350,1350,342,1324,316,26,0
200.0,-800.0,824.6211251235321,-75.96375653207353,0.26296296296296295,1.0,0.2992592592592593,0.9807407407407407,0.28,67.47455151373413,165.9979247250728,219.08692984386698,71,270,1350,1350,404,1324,378,26,0
300.0,-800.0,854.4003745317531,-69.44395478041653,0.3,1.0,0.3333333333333333,0.9807407407407407,0.31407407407407406,60.239382459226555,150.86034056672935,198.54788132134095,81,270,1350,1350,450,1324,424,26,0
400.0,-800.0,894.4271909999159,-63.43494882292201,0.3333333333333333,1.0,0.37333333333333335,0.9807407407407407,0.3540740740740741,53.98079333160685,136.8081771089041,179.3982109590305,90,270,1350,1350,504,1324,478,26,0
500.0,-800.0,943.3981132056604,-57.9946167919165,0.36666666666666664,1.0,0.41333333333333333,0.9807407407407407,0.3940740740740741,48.70110436051796,123.62123630502333,161.62928965930672,99,270,1350,1350,558,1324,532,26,0
600.0,-800.0,1000.0,-53.13010235415598,0.3,1.0,0.36666666666666664,0.9807407407407407,0.3474074074074074,44.361182986521094,111.57828983237663,145.2370975503215,81,270,1350,1350,495,1324,469,26,0
700.0,-800.0,1063.014581273465,-48.81407483429036,0.2,1.0,0.26,0.9807407407407407,0.24074074074074073,46.06030574310678,100.46939657179396,130.22258494838488,54,270,1350,1350,351,1324,325,26,0
800.0,-800.0,1131.370849898476,-45.0,0.06666666666666667,1.0,0.09333333333333334,0.9807407407407407,0.07407407407407407,48.98535351905912,90.60141852806676,116.59168193214477,18,270,1350,1350,126,1324,100,26,0
900.0,-800.0,1204.1594578792296,-41.6335393365702,0.0,1.0,0.0,0.9807407407407407,0.0,51.845137477602584,81.73794453350723,104.35455084831253,0,270,1350,1350,0,1324,0,0,0
1000.0,-800.0,1280.6248474865697,-38.65980825409009,0.0,1.0,0.0,0.9807407407407407,0.0,55.03537300973693,74.12217748510857,93.52343843460821,0,270,1350,1350,0,1324,0,0,0
1100.0,-800.0,1360.1470508735442,-36.02737338510361,0.0,1.0,0.0,0.9807407407407407,0.0,58.338576404381755,75.1172791040325,84.10825838298744,0,270,1350,1350,0,1324,0,0,0
1200.0,-800.0,1442.2205101855957,-33.690067525979785,0.0,1.0,0.0,0.9807407407407407,0.0,61.72465655749033,80.8141818859951,88.20376750046286,0,270,1350,1350,0,1324,0,0,0
1300.0,-800.0,1526.4337522473747,-31.6075022462489,0.0,1.0,0.0,0.9807407407407407,0.0,65.24171951576052,90.8249152406621,98.84375868387154,0,270,1350,1350,0,1324,0,0,0
1400.0,-800.0,1612.4515496597098,-29.74488129694222,0.0,1.0,0.0,0.9807407407407407,0.0,71.04835873587476,101.47408158535104,109.09856060443104,0,270,1350,1350,0,1324,0,0,0
1500.0,-800.0,1700.0,-28.072486935852957,0.0,1.0,0.0,0.9807407407407407,0.0,79.60434973725779,112.7238964635682,121.64626536201682,0,270,1350,1350,0,1324,0,0,0
1600.0,-800.0,1788.8543819998317,-26.56505117707799,0.0,1.0,0.0,1.0,0.0,88.68069582395088,124.8301107899102,134.8760111384411,0,270,1350,1350,0,1350,0,0,0
1700.0,-800.0,1878.8294228055936,-25.20112364547507,0.0,1.0,0.0,1.0,0.0,99.0094449865874,137.97853772917912,148.39510836585134,0,270,1350,1350,0,1350,0,0,0
1800.0,-800.0,1969.771560359221,-23.962488974578186,0.0,1.0,0.0,1.0,0.0,109.74286116060269,151.61082846063618,162.39824275472023,0,270,1350,1350,0,1350,0,0,0
-500.0,-700.0,860.2325267042627,-125.53767779197437,0.0,1.0,0.006666666666666667,1.0,0.006666666666666667,157.50685014959848,332.5763194533174,463.6884946747091,0,270,1350,1350,9,1350,9,0,0
-400.0,-700.0,806.2257748298549,-119.74488129694222,0.03333333333333333,1.0,0.05333333333333334,1.0,0.05333333333333334,141.87259348011924,308.3035590284904,426.893991918776,9,270,1350,1350,72,1350,72,0,0
-300.0,-700.0,761.5773105863908,-113.19859051364818,0.1,1.0,0.1,1.0,0.1,126.94858719516964,284.9102105610511,392.00761333444126,27,270,1350,1350,135,1350,135,0,0
-200.0,-700.0,728.0109889280518,-105.94539590092286,0.13333333333333333,1.0,0.14,1.0,0.14,113.11765645354156,261.63041281120337,358.9841942706579,36,270,1350,1350,189,1350,189,0,0
-100.0,-700.0,707.1067811865476,-98.13010235415598,0.16666666666666666,1.0,0.18518518518518517,1.0,0.18518518518518517,100.2970301656529,239.90813429386805,327.7814671883084,45,270,1350,1350,250,1350,250,0,0
0.0,-700.0,700.0,-90.0,0.2222222222222222,1.0,0.2311111111111111,1.0,0.2311111111111111,88.6396426622726,219.00274608257038,298.36025736926916,60,270,1350,1350,312,1350,312,0,0
100.0,-700.0,707.1067811865476,-81.86989764584403,0.23333333333333334,1.0,0.2674074074074074,0.9807407407407407,0.24814814814814815,78.09247340541306,198.92509019294832,270.6847588013826,63,270,1350,1350,361,1324,335,26,0
200.0,-700.0,728.0109889280518,-74.05460409907715,0.26666666666666666,1.0,0.3118518518518518,0.9807407407407407,0.29259259259259257,68.71037404875199,180.59515430732208,244.72291082654448,72,270,1350,1350,421,1324,395,26,0
300.0,-700.0,761.5773105863908,-66.80140948635182,0.3,1.0,0.35703703703703704,0.9807407407407407,0.3377777777777778,60.41993401047864,162.99682000302917,220.44689969156295,81,270,1350,1350,482,1324,456,26,0
400.0,-700.0,806.2257748298549,-60.25511870305778,0.36666666666666664,1.0,0.4,0.9807407407407407,0.38074074074074077,53.276785271096756,147.07651665948012,197.83381027388464,99,270,1350,1350,540,1324,514,26,0
500.0,-700.0,860.2325267042627,-54.46232220802562,0.4,1.0,0.43333333333333335,0.9807407407407407,0.4140740740740741,47.29400522763527,131.751759904012,176.86644740986668,108,270,1350,1350,585,1324,559,26,0
600.0,-700.0,921.9544457292888,-49.398705354995535,0.36666666666666664,1.0,0.4318518518518519,0.9807407407407407,0.41259259259259257,42.43438097349757,117.66057467244556,157.53432376775356,99,270,1350,1350,583,1324,557,26,0
700.0,-700.0,989.9494936611666,-45.0,0.26666666666666666,1.0,0.337037037037037,0.9807407407407407,0.31777777777777777,44.77709580934557,104.96608218974849,139.83475281767096,72,270,1350,1350,455,1324,429,26,0
800.0,-700.0,1063.014581273465,-41.18592516570965,0.16666666666666666,1.0,0.22074074074074074,0.9807407407407407,0.20148148148148148,48.00810602100873,93.61808634700127,123.77385560909046,45,270,1350,1350,298,1324,272,26,0
900.0,-700.0,1140.175425099138,-37.874983651098205,0.03333333333333333,1.0,0.05333333333333334,0.9807407407407407,0.034074074074074076,51.2943606002672,83.4046227320347,109.36703095068466,9,270,1350,1350,72,1324,46,26,0
1000.0,-700.0,1220.6555615733703,-34.99202019855866,0.0,1.0,0.0,0.9807407407407407,0.0,54.747037934570585,74.57772170792673,96.6379788596814,0,270,1350,1350,0,1324,0,0,0
1100.0,-700.0,1303.8404810405298,-32.47119229084849,0.0,1.0,0.0,0.9807407407407407,0.0,58.4391331027287,77.44321226641785,85.61468718979454,0,270,1350,1350,0,1324,0,0,0
1200.0,-700.0,1389.2443989449805,-30.256437163529263,0.0,1.0,0.0,0.9807407407407407,0.0,62.12501710618191,84.84689142581504,93.33322977358006,0,270,1350,1350,0,1324,0,0,0
1300.0,-700.0,1476.48230602334,-28.30075576600638,0.0,1.0,0.0,0.9807407407407407,0.0,65.80517707156739,96.17327509697655,105.28349348731928,0,270,1350,1350,0,1324,0,0,0
1400.0,-700.0,1565.2475842498527,-26.56505117707799,0.0,1.0,0.0,0.9807407407407407,0.0,72.7555634935935,108.14777888423954,117.35675159644893,0,270,1350,1350,0,1324,0,0,0
1500.0,-700.0,1655.294535724685,-25.016893478100023,0.0,1.0,0.0,0.9807407407407407,0.0,82.58568875835333,120.73696743338392,131.67706560410082,0,270,1350,1350,0,1324,0,0,0
1600.0,-700.0,1746.424919657298,-23.629377730656817,0.0,1.0,0.0,1.0,0.0,92.9421264980421,135.02008476417862,145.94116743651654,0,270,1350,1350,0,1350,0,0,0
1700.0,-700.0,1838.4776310850236,-22.380135051959574,0.0,1.0,0.0,1.0,0.0,104.49157279827574,149.55433623767033,161.65749857018645,0,270,1350,1350,0,1350,0,0,0
1800.0,-700.0,1931.3207915827966,-21.25050550713324,0.0,1.0,0.0,1.0,0.0,117.19352720870893,165.08957771601854,177.80461465998368,0,270,1350,1350,0,1350,0,0,0
-500.0,-600.0,781.0249675906655,-129.8055710922652,0.0,1.0,0.013333333333333334,1.0,0.013333333333333334,175.51963484202057,381.6632727896146,551.5641298657968,0,270,1350,1350,18,1350,18,0,0
-400.0,-600.0,721.1102550927978,-123.69006752597979,0.03333333333333333,1.0,0.06,1.0,0.06,157.25093987074132,351.22673583685946,505.94898455530256,9,270,1350,1350,81,1350,81,0,0
-300.0,-600.0,670.820393249937,-116.56505117707799,0.1,1.0,0.10148148148148148,1.0,0.10148148148148148,139.80650250974816,323.9972661455794,462.8225094380596,27,270,1350,1350,137,1350,137,0,0
-200.0,-600.0,632.4555320336759,-108.43494882292202,0.13333333333333333,1.0,0.1474074074074074,1.0,0.1474074074074074,123.5709889418246,296.5512454321497,422.10996472615153,36,270,1350,1350,199,1350,199,0,0
-100.0,-600.0,608.276253029822,-99.46232220802563,0.17407407407407408,1.0,0.1948148148148148,1.0,0.1948148148148148,108.5840753985544,270.82077877183104,383.7411479613756,47,270,1350,1350,263,1350,263,0,0
0.0,-600.0,600.0,-90.0,0.23333333333333334,1.0,0.23333333333333334,1.0,0.23333333333333334,94.9575268758646,246.45090251851065,347.65051999497103,63,270,1350,1350,315,1350,315,0,0
100.0,-600.0,608.276253029822,-80.53767779197439,0.23333333333333334,1.0,0.2777777777777778,0.9807407407407407,0.25851851851851854,82.54674271970582,223.8584555606808,313.77744009137956,63,270,1350,1350,375,1324,349,26,0
200.0,-600.0,632.4555320336759,-71.56505117707799,0.2740740740740741,1.0,0.3274074074074074,0.9807407407407407,0.30814814814814817,71.44456895421882,201.58894878571073,282.0665437997169,74,270,1350,1350,442,1324,416,26,0
300.0,-600.0,670.820393249937,-63.43494882292201,0.3333333333333333,1.0,0.36666666666666664,0.9807407407407407,0.3474074074074074,61.70670095539649,180.6071839055584,252.46830938797427,90,270,1350,1350,495,1324,469,26,0
400.0,-600.0,721.1102550927978,-56.309932474020215,0.36666666666666664,1.0,0.40444444444444444,0.9807407407407407,0.3851851851851852,53.34332204610156,161.25232816751753,224.93987359698505,99,270,1350,1350,546,1324,520,26,0
500.0,-600.0,781.0249675906655,-50.19442890773481,0.4,1.0,0.4525925925925926,0.9807407407407407,0.43333333333333335,46.3891500550605,144.05702997186606,199.446173390058,108,270,1350,1350,611,1324,585,26,0
600.0,-600.0,848.5281374238571,-45.0,0.42962962962962964,1.0,0.4792592592592593,0.9807407407407407,0.46,41.22689537628291,127.19515646893775,175.96150053754764,116,270,1350,1350,647,1324,621,26,0
700.0,-600.0,921.9544457292888,-40.60129464500447,0.3333333333333333,1.0,0.37777777777777777,0.9807407407407407,0.3585185185185185,44.56276805073239,112.29776917102055,154.47154156556715,90,270,1350,1350,510,1324,484,26,0
800.0,-600.0,1000.0,-36.86989764584402,0.23333333333333334,1.0,0.2696296296296296,0.9807407407407407,0.25037037037037035,48.183261589718654,98.59006728024454,134.97589055412595,63,270,1350,1350,364,1324,338,26,0
900.0,-600.0,1081.6653826391969,-33.690067525979785,0.1111111111111111,1.0,0.1622222222222222,0.9807407407407407,0.14296296296296296,51.71515762961879,86.40636916333627,117.49076259228053,30,270,1350,1350,219,1324,193,26,0
1000.0,-600.0,1166.19037896906,-30.96375653207352,0.0,1.0,0.0,0.9807407407407407,0.0,55.37222143573259,76.27896954842984,102.05099526597535,0,270,1350,1350,0,1324,0,0,0
1100.0,-600.0,1252.9964086141667,-28.61045966596522,0.0,1.0,0.0,0.9807407407407407,0.0,59.11163529404749,81.55660443861113,88.70908293032166,0,270,1350,1350,0,1324,0,0,0
1200.0,-600.0,1341.640786499874,-26.56505117707799,0.0,1.0,0.0,0.9807407407407407,0.0,62.96913030944553,91.31108311493303,101.16589975631355,0,270,1350,1350,0,1324,0,0,0
1300.0,-600.0,1431.7821063276353,-24.77514056883192,0.0,1.0,0.0,0.9807407407407407,0.0,66.80036039775342,104.29369413055149,113.9946063477992,0,270,1350,1350,0,1324,0,0,0
1400.0,-600.0,1523.1546211727816,-23.19859051364819,0.0,1.0,0.0,0.9807407407407407,0.0,76.08355557508328,117.6271143635849,129.61877348388137,0,270,1350,1350,0,1324,0,0,0
1500.0,-600.0,1615.5494421403512,-21.80140948635181,0.0,1.0,0.0,0.9807407407407407,0.0,87.54198022339094,133.2586999328467,145.07848984627185,0,270,1350,1350,0,1324,0,0,0
1600.0,-600.0,1708.8007490635061,-20.556045219583467,0.0,1.0,0.0,1.0,0.0,99.79252253793727,149.06036544822558,162.2336164558488,0,270,1350,1350,0,1350,0,0,0
1700.0,-600.0,1802.7756377319947,-19.44003482817619,0.0,1.0,0.0,1.0,0.0,112.98507467806007,166.01840750609426,180.021114892445,0,270,1350,1350,0,1350,0,0,0
1800.0,-600.0,1897.3665961010277,-18.43494882292201,0.0,1.0,0.0,1.0,0.0,128.14776505450249,184.61748384697339,198.98359839728988,0,270,1350,1350,0,1350,0,0,0
-500.0,-500.0,707.1067811865476,-135.0,0.0,1.0,0.013333333333333334,1.0,0.013333333333333334,203.02466612939025,452.8386494970481,689.1936861126005,0,270,1350,1350,18,1350,18,0,0
-400.0,-500.0,640.3124237432849,-128.6598082540901,0.03333333333333333,1.0,0.06,1.0,0.06,180.4898581023283,416.5537288450506,629.3601658015456,9,270,1350,1350,81,1350,81,0,0
-300.0,-500.0,583.09518948453,-120.96375653207352,0.1,1.0,0.1,1.0,0.1,159.15084287880018,381.38242846918797,573.0514656081235,27,270,1350,1350,135,1350,135,0,0
-200.0,-500.0,538.5164807134504,-111.80140948635182,0.13333333333333333,1.0,0.14666666666666667,1.0,0.14666666666666667,139.72541906051117,347.9045174116866,520.1291566779618,36,270,1350,1350,198,1350,198,0,0
-100.0,-500.0,509.9019513592785,-101.30993247402021,0.17777777777777778,1.0,0.19555555555555557,1.0,0.19555555555555557,121.68594405317076,316.6593273898651,470.4635769383769,48,270,1350,1350,264,1350,264,0,0
0.0,-500.0,500.0,-90.0,0.23333333333333334,1.0,0.23407407407407407,1.0,0.23407407407407407,105.08457529236833,286.8043869050805,423.9336387562609,63,270,1350,1350,316,1350,316,0,0
100.0,-500.0,509.9019513592785,-78.69006752597979,0.23333333333333334,1.0,0.2814814814814815,0.9807407407407407,0.26222222222222225,90.09063793690976,258.09624948002846,380.4267891202339,63,270,1350,1350,380,1324,354,26,0
200.0,-500.0,538.5164807134504,-68.19859051364818,0.29259259259259257,1.0,0.33185185185185184,0.9807407407407407,0.3125925925925926,76.59247297022873,232.34437868880437,339.8391652295371,79,270,1350,1350,448,1324,422,26,0
300.0,-500.0,583.09518948453,-59.03624346792648,0.3333333333333333,1.0,0.36666666666666664,0.9807407407407407,0.3474074074074074,64.79135382224258,207.63724617582508,302.07601022598317,90,270,1350,1350,495,1324,469,26,0
400.0,-500.0,640.3124237432849,-51.34019174590991,0.36666666666666664,1.0,0.4140740740740741,0.9807407407407407,0.39481481481481484,54.64779143613972,184.15831620858654,267.0524459286841,99,270,1350,1350,559,1324,533,26,0
500.0,-500.0,707.1067811865476,-45.0,0.42592592592592593,1.0,0.4651851851851852,0.9807407407407407,0.44592592592592595,46.26224433480088,162.57901524063885,234.6947459861773,115,270,1350,1350,628,1324,602,26,0
600.0,-500.0,781.0249675906655,-39.80557109226519,0.43333333333333335,1.0,0.47333333333333333,0.9807407407407407,0.4540740740740741,41.28509492330754,142.31165195493062,204.94231755376217,117,270,1350,1350,639,1324,613,26,0
700.0,-500.0,860.2325267042627,-35.53767779197438,0.3333333333333333,1.0,0.37925925925925924,0.9807407407407407,0.36,45.01573128100188,123.89144074063972,177.75068028360567,90,270,1350,1350,512,1324,486,26,0
800.0,-500.0,943.3981132056604,-32.005383208083494,0.23333333333333334,1.0,0.2985185185185185,0.9807407407407407,0.27925925925925926,48.92140107733419,107.00296928934692,153.09580252467805,63,270,1350,1350,403,1324,377,26,0
900.0,-500.0,1029.5630140987,-29.054604099077146,0.16666666666666666,1.0,0.21037037037037037,0.9807407407407407,0.19111111111111112,52.684437085183504,92.22823528259856,130.98011626392756,45,270,1350,1350,284,1324,258,26,0
1000.0,-500.0,1118.033988749895,-26.56505117707799,0.06666666666666667,1.0,0.1,0.9807407407407407,0.08074074074074074,56.690835231304405,82.7938577761519,111.44007734230263,18,270,1350,1350,135,1324,109,26,0
1100.0,-500.0,1208.3045973594571,-24.443954780416536,0.0,1.0,0.0,0.9807407407407407,0.0,60.868181586722294,88.7081109732899,98.15007974728853,0,270,1350,1350,0,1324,0,0,0
1200.0,-500.0,1300.0,-22.619864948040426,0.0,1.0,0.0,0.9807407407407407,0.0,65.15396229777056,101.51004750634641,112.12405264243242,0,270,1350,1350,0,1324,0,0,0
1300.0,-500.0,1392.838827718412,-21.037511025421818,0.0,1.0,0.0,0.9807407407407407,0.0,69.73644469883375,116.73405814984604,129.4894951041486,0,270,1350,1350,0,1324,0,0,0
1400.0,-500.0,1486.6068747318504,-19.65382405805331,0.0,1.0,0.0,0.9807407407407407,0.0,82.25196260946223,133.45687241714936,146.79332158392413,0,270,1350,1350,0,1324,0,0,0
1500.0,-500.0,1581.1388300841897,-18.43494882292201,0.0,1.0,0.0,0.9807407407407407,0.0,95.69291525814555,150.98944165074371,165.35128218927957,0,270,1350,1350,0,1324,0,0,0
1600.0,-500.0,1676.305461424021,-17.35402463626132,0.0,1.0,0.0,1.0,0.0,110.0043365161547,170.05716646057235,185.7611677809117,0,270,1350,1350,0,1350,0,0,0
1700.0,-500.0,1772.004514666935,-16.389540334034784,0.0,1.0,0.0,1.0,0.0,126.69903265492604,190.93480999893342,206.8402526792722,0,270,1350,1350,0,1350,0,0,0
1800.0,-500.0,1868.1541692269404,-15.524110996754258,0.0,1.0,0.0,1.0,0.0,145.0447532748666,212.32864642041324,226.46178031460414,0,270,1350,1350,0,1350,0,0,0
-500.0,-400.0,640.3124237432849,-141.34019174590992,0.0,1.0,0.002962962962962963,1.0,0.002962962962962963,245.20480661456781,564.1141036755239,932.0913079307306,0,270,1350,1350,4,1350,4,0,0
-400.0,-400.0,565.685424949238,-135.0,0.03333333333333333,1.0,0.04666666666666667,1.0,0.04666666666666667,217.06023960320687,516.9708559226651,845.6813235592583,9,270,1350,1350,63,1350,63,0,0
-300.0,-400.0,500.0,-126.86989764584402,0.07777777777777778,1.0,0.09555555555555556,1.0,0.09555555555555556,190.02145124637883,472.38932249133165,765.0389128994012,21,270,1350,1350,129,1350,129,0,0
-200.0,-400.0,447.21359549995793,-116.56505117707799,0.13333333333333333,1.0,0.13555555555555557,1.0,0.13555555555555557,166.0025239919513,429.6876879996635,689.8506593470146,36,270,1350,1350,183,1350,183,0,0
-100.0,-400.0,412.31056256176606,-104.03624346792648,0.16666666666666666,1.0,0.1837037037037037,1.0,0.1837037037037037,143.18282449649382,388.4507800881656,619.8270486019373,45,270,1350,1350,248,1350,248,0,0
0.0,-400.0,400.0,-90.0,0.23333333333333334,1.0,0.23333333333333334,1.0,0.23333333333333334,122.22513873216334,350.3112997666076,554.7007330808846,63,270,1350,1350,315,1350,315,0,0
100.0,-400.0,412.31056256176606,-75.96375653207353,0.23333333333333334,1.0,0.27111111111111114,0.9807407407407407,0.2518518518518518,103.21634269235474,314.57301913646813,494.2251248445115,63,270,1350,1350,366,1324,340,26,0
200.0,-400.0,447.21359549995793,-63.43494882292201,0.2740740740740741,1.0,0.32592592592592595,0.9807407407407407,0.30666666666666664,86.1380095455229,280.0805530688257,438.17334473808404,74,270,1350,1350,440,1324,414,26,0
300.0,-400.0,500.0,-53.13010235415598,0.3333333333333333,1.0,0.36666666666666664,0.9807407407407407,0.3474074074074074,71.11477385576765,249.20892750501793,386.3375877624634,90,270,1350,1350,495,1324,469,26,0
400.0,-400.0,565.685424949238,-45.0,0.36666666666666664,1.0,0.4096296296296296,0.9807407407407407,0.39037037037037037,58.17339408779829,220.0818273219121,338.5290143845009,99,270,1350,1350,553,1324,527,26,0
500.0,-400.0,640.3124237432849,-38.65980825409009,0.42962962962962964,1.0,0.4659259259259259,0.9807407407407407,0.44666666666666666,47.496039225001525,192.361179576076,294.5783568302565,116,270,1350,1350,629,1324,603,26,0
600.0,-400.0,721.1102550927978,-33.690067525979785,0.4,1.0,0.44666666666666666,0.9807407407407407,0.4274074074074074,42.35724130809739,166.61914798563834,254.33755902768794,108,270,1350,1350,603,1324,577,26,0
700.0,-400.0,806.2257748298549,-29.74488129694222,0.3,1.0,0.3674074074074074,0.9807407407407407,0.34814814814814815,46.80205743790729,143.0689894135049,217.68298213852168,81,270,1350,1350,496,1324,470,26,0
800.0,-400.0,894.4271909999159,-26.56505117707799,0.26666666666666666,1.0,0.3,0.9807407407407407,0.28074074074074074,51.34336486350162,121.73875455742645,184.52105183589873,72,270,1350,1350,405,1324,379,26,0
900.0,-400.0,984.8857801796105,-23.962488974578186,0.16666666666666666,1.0,0.20222222222222222,0.9807407407407407,0.18296296296296297,55.9443042094957,102.42448351920201,154.79773702328504,45,270,1350,1350,273,1324,247,26,0
1000.0,-400.0,1077.0329614269008,-21.80140948635181,0.06666666666666667,1.0,0.10888888888888888,0.9807407407407407,0.08962962962962963,61.073984554526334,94.06623568820048,128.51382853507627,18,270,1350,1350,147,1324,121,26,0
1100.0,-400.0,1170.4699910719626,-19.98310652189998,0.0,1.0,0.0,0.9807407407407407,0.0,65.92701994808394,101.15883688811427,112.88372393837848,0,270,1350,1350,0,1324,0,0,0
1200.0,-400.0,1264.9110640673518,-18.43494882292201,0.0,1.0,0.0,0.9807407407407407,0.0,70.75752482072572,117.95450602961013,132.6197885571324,0,270,1350,1350,0,1324,0,0,0
1300.0,-400.0,1360.1470508735442,-17.102728969052375,0.0,1.0,0.0,0.9807407407407407,0.0,77.269164241844,137.05196248901433,152.62176581322225,0,270,1350,1350,0,1324,0,0,0
1400.0,-400.0,1456.0219778561036,-15.945395900922854,0.0,1.0,0.0,0.9807407407407407,0.0,93.2840887822583,157.17812380526533,174.09677774180065,0,270,1350,1350,0,1324,0,0,0
1500.0,-400.0,1552.4174696260025,-14.931417178137554,0.0,1.0,0.0,0.9807407407407407,0.0,108.92925367917918,179.50514982172825,197.30021764974848,0,270,1350,1350,0,1324,0,0,0
1600.0,-400.0,1649.2422502470642,-14.036243467926479,0.0,1.0,0.0,1.0,0.0,128.0607226297813,203.5947198336658,221.74740925165995,0,270,1350,1350,0,1350,0,0,0
1700.0,-400.0,1746.424919657298,-13.240519915187205,0.0,1.0,0.0,1.0,0.0,149.3470661853482,227.76683364941357,247.41273315563825,0,270,1350,1350,0,1350,0,0,0
1800.0,-400.0,1843.9088914585775,-12.528807709151511,0.0,1.0,0.0,1.0,0.0,170.87084846980332,254.5218400012297,274.93540272928925,0,270,1350,1350,0,1350,0,0,0
-500.0,-300.0,583.09518948453,-149.03624346792648,0.0,1.0,0.0,1.0,0.0,319.8603798243812,772.7982485267589,1467.1447466330467,0,270,1350,1350,0,1350,0,0,0
-400.0,-300.0,500.0,-143.13010235415598,0.02962962962962963,1.0,0.03259259259259259,1.0,0.03259259259259259,281.5283959297414,699.9499402536162,1314.91103005079,8,270,1350,1350,44,1350,44,0,0
-300.0,-300.0,424.26406871192853,-135.0,0.06666666666666667,1.0,0.0725925925925926,1.0,0.0725925925925926,246.54949366438282,636.1105754788935,1175.4824594869456,18,270,1350,1350,98,1350,98,0,0
-200.0,-300.0,360.5551275463989,-123.69006752597979,0.1,1.0,0.12222222222222222,1.0,0.12222222222222222,212.18821995694594,573.9715264039152,1047.7735948743798,27,270,1350,1350,165,1350,165,0,0
-100.0,-300.0,316.22776601683796,-108.43494882292202,0.16666666666666666,1.0,0.16666666666666666,1.0,0.16666666666666666,181.80836999109692,514.963015469862,930.8198745476018,45,270,1350,1350,225,1350,225,0,0
0.0,-300.0,300.0,-90.0,0.2,1.0,0.21037037037037037,1.0,0.21037037037037037,153.1249320664063,465.0107947252633,823.7617470811269,54,270,1350,1350,284,1350,284,0,0
100.0,-300.0,316.22776601683796,-71.56505117707799,0.22592592592592592,1.0,0.2651851851851852,0.9807407407407407,0.24592592592592594,127.9092634537769,414.08851268945966,725.831435029184,61,270,1350,1350,358,1324,332,26,0
200.0,-300.0,360.5551275463989,-56.309932474020215,0.26666666666666666,1.0,0.3022222222222222,0.9807407407407407,0.28296296296296297,104.63346184428266,367.7320681309267,636.3419310038263,72,270,1350,1350,408,1324,382,26,0
300.0,-300.0,424.26406871192853,-45.0,0.3148148148148148,1.0,0.36,0.9807407407407407,0.34074074074074073,84.08920418752638,323.6914596289582,554.6779470573135,85,270,1350,1350,486,1324,460,26,0
400.0,-300.0,500.0,-36.86989764584402,0.36666666666666664,1.0,0.4,0.9807407407407407,0.38074074074074077,66.33390570691012,283.01151535402596,480.28866136307886,99,270,1350,1350,540,1324,514,26,0
500.0,-300.0,583.09518948453,-30.96375653207352,0.40370370370370373,1.0,0.45185185185185184,0.9807407407407407,0.4325925925925926,51.56134995346994,245.67907958679206,412.68225480788334,109,270,1350,1350,610,1324,584,26,0
600.0,-300.0,670.820393249937,-26.56505117707799,0.35185185185185186,1.0,0.397037037037037,0.9807407407407407,0.37777777777777777,47.18282085484303,211.18124053310498,351.4224440463348,95,270,1350,1350,536,1324,510,26,0
700.0,-300.0,761.5773105863908,-23.19859051364819,0.26666666666666666,1.0,0.31037037037037035,0.9807407407407407,0.2911111111111111,52.91983413560861,178.401312284077,296.1275728348083,72,270,1350,1350,419,1324,393,26,0
800.0,-300.0,854.4003745317531,-20.556045219583467,0.23333333333333334,1.0,0.26666666666666666,0.9807407407407407,0.2474074074074074,58.5273313923487,149.1637472253624,246.4734741359148,63,270,1350,1350,360,1324,334,26,0
900.0,-300.0,948.6832980505138,-18.43494882292201,0.14074074074074075,1.0,0.18814814814814815,0.9807407407407407,0.1688888888888889,64.22399657356486,121.98843060476302,202.20258055984831,38,270,1350,1350,254,1324,228,26,0
1000.0,-300.0,1044.030650891055,-16.69924423399362,0.06666666666666667,1.0,0.10666666666666667,0.9807407407407407,0.0874074074074074,69.65809523715588,113.45364184612046,163.1442779263187,18,270,1350,1350,144,1324,118,26,0
1100.0,-300.0,1140.175425099138,-15.255118703057777,0.0,1.0,0.02666666666666667,0.9807407407407407,0.007407407407407408,75.35923105673372,124.54279465824115,142.0473555096246,0,270,1350,1350,36,1324,10,26,0
1200.0,-300.0,1236.9316876852981,-14.036243467926479,0.0,1.0,0.0,0.9807407407407407,0.0,81.23007885460903,147.14698412931705,166.31055693874492,0,270,1350,1350,0,1324,0,0,0
1300.0,-300.0,1334.1664064126335,-12.994616791916505,0.0,1.0,0.0,0.9807407407407407,0.0,92.52999517781586,171.63316319407983,192.52348839422964,0,270,1350,1350,0,1324,0,0,0
1400.0,-300.0,1431.7821063276353,-12.094757077012101,0.0,1.0,0.0,0.9807407407407407,0.0,112.05347166816972,199.61267130091167,220.31705746746428,0,270,1350,1350,0,1324,0,0,0
1500.0,-300.0,1529.7058540778355,-11.309932474020213,0.0,1.0,0.0,0.9807407407407407,0.0,134.8350064610384,227.40557680931917,250.0000000000008,0,270,1350,1350,0,1324,0,0,0
1600.0,-300.0,1627.8820596099706,-10.619655276155134,0.0,1.0,0.0,1.0,0.0,160.07416841072734,258.17353766893103,281.84643012716907,0,270,1350,1350,0,1350,0,0,0
1700.0,-300.0,1726.2676501632068,-10.007979801441337,0.0,1.0,0.0,1.0,0.0,187.04115304369367,289.76152016367195,315.0701761730363,0,270,1350,1350,0,1350,0,0,0
1800.0,-300.0,1824.8287590894658,-9.462322208025617,0.0,1.0,0.0,1.0,0.0,215.42697539598967,323.1345926178236,350.61969247019687,0,270,1350,1350,0,1350,0,0,0
-500.0,-200.0,538.5164807134504,-158.19859051364818,0.0,1.0,0.0,1.0,0.0,477.19791429962436,1291.9104262217147,3564.3479386023564,0,270,1350,1350,0,1350,0,0,0
-400.0,-200.0,447.21359549995793,-153.434948822922,0.0,1.0,0.0,1.0,0.0,416.70237188095405,1149.7484229757356,3058.8705676813647,0,270,1350,1350,0,1350,0,0,0
-300.0,-200.0,360.5551275463989,-146.30993247402023,0.03333333333333333,1.0,0.042222222222222223,1.0,0.042222222222222223,361.4231613216605,1021.3565736365565,2628.847623481611,9,270,1350,1350,57,1350,57,0,0
-200.0,-200.0,282.842712474619,-135.0,0.06666666666666667,1.0,0.09111111111111111,1.0,0.09111111111111111,311.20456616446756,914.8807102852322,2260.2833861549207,18,270,1350,1350,123,1350,123,0,0
-100.0,-200.0,223.60679774997897,-116.56505117707799,0.13333333333333333,1.0,0.13333333333333333,1.0,0.13333333333333333,264.23160849910005,814.0049458218507,1942.443739485318,36,270,1350,1350,180,1350,180,0,0
0.0,-200.0,200.0,-90.0,0.16666666666666666,1.0,0.18444444444444444,1.0,0.18444444444444444,221.5840891135553,718.4043492135736,1666.9589359661197,45,270,1350,1350,249,1350,249,0,0
100.0,-200.0,223.60679774997897,-63.43494882292201,0.2,1.0,0.23333333333333334,0.9807407407407407,0.21407407407407408,181.3042892027109,632.4288111394673,1427.2073258968433,54,270,1350,1350,315,1324,289,26,0
200.0,-200.0,282.842712474619,-45.0,0.23333333333333334,1.0,0.2785185185185185,0.9807407407407407,0.25925925925925924,145.5143620292087,556.0653502119037,1217.882604351052,63,270,1350,1350,376,1324,350,26,0
300.0,-200.0,360.5551275463989,-33.690067525979785,0.3,1.0,0.3333333333333333,0.9807407407407407,0.31407407407407406,114.39344057584722,483.547781408322,1034.6839953414553,81,270,1350,1350,450,1324,424,26,0
400.0,-200.0,447.21359549995793,-26.56505117707799,0.3333333333333333,1.0,0.37777777777777777,0.9807407407407407,0.3585185185185185,86.71337253068677,419.235519793863,874.0907217738929,90,270,1350,1350,510,1324,484,26,0
500.0,-200.0,538.5164807134504,-21.80140948635181,0.3333333333333333,1.0,0.36666666666666664,0.9807407407407407,0.3474074074074074,63.255251417831374,357.548689165857,733.1955762064119,90,270,1350,1350,495,1324,469,26,0
600.0,-200.0,632.4555320336759,-18.43494882292201,0.24074074074074073,1.0,0.30074074074074075,0.9807407407407407,0.2814814814814815,59.827415117893295,303.3903282791681,609.5809671677647,65,270,1350,1350,406,1324,380,26,0
700.0,-200.0,728.0109889280518,-15.945395900922854,0.2,1.0,0.24074074074074073,0.9807407407407407,0.22148148148148147,67.42683798349361,254.32302833564802,501.2265360657568,54,270,1350,1350,325,1324,299,26,0
800.0,-200.0,824.6211251235321,-14.036243467926479,0.14444444444444443,1.0,0.19185185185185186,0.9807407407407407,0.1725925925925926,75.34557101323261,208.03481281906608,406.44167552849393,39,270,1350,1350,259,1324,233,26,0
900.0,-200.0,921.9544457292888,-12.528807709151511,0.1037037037037037,1.0,0.14666666666666667,0.9807407407407407,0.1274074074074074,83.2528658399323,167.72547565121963,323.82024191456384,28,270,1350,1350,198,1324,172,26,0
1000.0,-200.0,1019.803902718557,-11.309932474020213,0.04814814814814815,1.0,0.09925925925925926,0.9807407407407407,0.08,91.15220108872013,157.25460805579928,252.22030695801232,13,270,1350,1350,134,1324,108,26,0
1100.0,-200.0,1118.033988749895,-10.304846468766033,0.0,1.0,0.037037037037037035,0.9807407407407407,0.017777777777777778,98.70010742072398,173.98388358704076,199.00428214872514,0,270,1350,1350,50,1324,24,26,0
1200.0,-200.0,1216.552506059644,-9.462322208025617,0.0,1.0,0.0,0.9807407407407407,0.0,105.90932779150168,207.48044678291626,233.0095691050529,0,270,1350,1350,0,1324,0,0,0
1300.0,-200.0,1315.2946437965904,-8.74616226255521,0.0,1.0,0.0,0.9807407407407407,0.0,124.36788954998306,241.96448920840692,270.7578931640465,0,270,1350,1350,0,1324,0,0,0
1400.0,-200.0,1414.213562373095,-8.13010235415598,0.0,1.0,0.0,0.9807407407407407,0.0,154.53737848882025,281.265683118233,310.41531218493725,0,270,1350,1350,0,1324,0,0,0
1500.0,-200.0,1513.2745950421556,-7.594643368591445,0.0,1.0,0.0,0.9807407407407407,0.0,189.0590373270469,320.87462298444905,353.3782465686563,0,270,1350,1350,0,1324,0,0,0
1600.0,-200.0,1612.4515496597098,-7.125016348901798,0.0,1.0,0.0,1.0,0.0,224.93140133789498,364.0528337728834,398.0482445521463,0,270,1350,1350,0,1350,0,0,0
1700.0,-200.0,1711.724276862369,-6.7098368077569335,0.0,1.0,0.0,1.0,0.0,264.91007523084846,409.03200918066284,444.3946103448783,0,270,1350,1350,0,1350,0,0,0
1800.0,-200.0,1811.0770276274834,-6.34019174590991,0.0,1.0,0.0,1.0,0.0,306.85626841277923,458.0669804683224,494.6470760254863,0,270,1350,1350,0,1350,0,0,0
-500.0,-100.0,509.9019513592785,-168.6900675259798,0.0,0.9711111111111111,0.0,0.9711111111111111,0.0,992.2323790038835,4946.100921752348,407341.2379810792,0,270,1350,1311,0,1311,0,0,0
-400.0,-100.0,412.31056256176606,-165.96375653207352,0.0,0.9807407407407407,0.0,0.9807407407407407,0.0,862.7980869557093,4112.8000095326815,3919924.338905365,0,270,1350,1324,0,1324,0,0,0
-300.0,-100.0,316.22776601683796,-161.565051177078,0.0,0.9874074074074074,0.0,0.9874074074074074,0.0,743.6885907623707,3424.6583840021403,311668.3164041705,0,270,1350,1333,0,1333,0,0,0
-200.0,-100.0,223.60679774997897,-153.434948822922,0.03333333333333333,0.9925925925925926,0.0362962962962963,0.9925925925925926,0.0362962962962963,633.0596802348468,2882.087836463458,180658.96248424632,9,270,1350,1340,49,1340,49,0,0
-100.0,-100.0,141.4213562373095,-135.0,0.06666666666666667,0.9962962962962963,0.08592592592592592,0.9962962962962963,0.08592592592592592,532.2777290762524,2396.95508161999,309876.839592683,18,270,1350,1345,116,1345,116,0,0
0.0,-100.0,100.0,-90.0,0.13333333333333333,0.9985185185185185,0.13333333333333333,0.9985185185185185,0.13333333333333333,439.20582010977023,1977.1510796864013,84004.81076018437,36,270,1350,1348,180,1348,180,0,0
100.0,-100.0,141.4213562373095,-45.0,0.13703703703703704,1.0,0.18296296296296297,0.9807407407407407,0.1637037037037037,355.85368867644206,1655.821447303827,307357.870999136,37,270,1350,1350,247,1324,221,26,0
200.0,-100.0,223.60679774997897,-26.56505117707799,0.2,1.0,0.23333333333333334,0.9807407407407407,0.21407407407407408,281.85312881016523,1365.2666632022156,22351.416592776543,54,270,1350,1350,315,1324,289,26,0
300.0,-100.0,316.22776601683796,-18.43494882292201,0.24814814814814815,1.0,0.28888888888888886,0.9807407407407407,0.2696296296296296,217.27332737149055,1133.1945277847706,10371.559794278763,67,270,1350,1350,390,1324,364,26,0
400.0,-100.0,412.31056256176606,-14.036243467926479,0.2074074074074074,1.0,0.2614814814814815,0.9807407407407407,0.24222222222222223,158.86090125187707,944.5947087639412,6193.311750706416,56,270,1350,1350,353,1324,327,26,0
500.0,-100.0,509.9019513592785,-11.309932474020213,0.17407407407407408,1.0,0.21851851851851853,0.9807407407407407,0.19925925925925925,107.99368236877756,779.4190551259993,4091.7841079469085,47,270,1350,1350,295,1324,269,26,0
600.0,-100.0,608.276253029822,-9.462322208025617,0.13333333333333333,1.0,0.17851851851851852,0.9807407407407407,0.15925925925925927,103.36267027568297,641.6781985842771,2842.577942833625,36,270,1350,1350,241,1324,215,26,0
700.0,-100.0,707.1067811865476,-8.13010235415598,0.1,1.0,0.13333333333333333,0.9807407407407407,0.11407407407407408,117.41253459825154,509.6064402023282,2025.739659854203,27,270,1350,1350,180,1324,154,26,0
800.0,-100.0,806.2257748298549,-7.125016348901798,0.08148148148148149,1.0,0.11777777777777777,0.9807407407407407,0.09851851851851852,131.22236049009103,410.6831993689508,1458.317312328833,22,270,1350,1350,159,1324,133,26,0
900.0,-100.0,905.5385138137417,-6.34019174590991,0.05185185185185185,1.0,0.08814814814814814,0.9807407407407407,0.06888888888888889,145.8246439906641,317.2529028518739,1047.8621915985846,14,270,1350,1350,119,1324,93,26,0
1000.0,-100.0,1004.987562112089,-5.710593137499642,0.022222222222222223,1.0,0.057777777777777775,0.9807407407407407,0.03851851851851852,158.91985217544288,286.35167281794077,742.6597718989772,6,270,1350,1350,78,1324,52,26,0
1100.0,-100.0,1104.536101718726,-5.194428907734806,0.0,1.0,0.03333333333333333,0.9807407407407407,0.014074074074074074,172.9314374939168,322.0766359388075,511.59001045637507,0,270,1350,1350,45,1324,19,26,0
1200.0,-100.0,1204.1594578792296,-4.763641690726178,0.0,1.0,0.0,0.9807407407407407,0.0,189.43785344912135,374.27885665125206,418.2429294394638,0,270,1350,1350,0,1324,0,0,0
1300.0,-100.0,1303.8404810405298,-4.398705354995532,0.0,1.0,0.0,0.9807407407407407,0.0,225.29605546821097,436.0973560971206,483.4831550099646,0,270,1350,1350,0,1324,0,0,0
1400.0,-100.0,1403.56688476182,-4.085616779974877,0.0,1.0,0.0,0.9807407407407407,0.0,283.8769447079293,503.6490524203756,551.252035497483,0,270,1350,1350,0,1324,0,0,0
1500.0,-100.0,1503.3296378372909,-3.8140748342903543,0.0,1.0,0.0,0.9807407407407407,0.0,346.7234409219913,574.425144377511,624.5760602071438,0,270,1350,1350,0,1324,0,0,0
1600.0,-100.0,1603.1219541881396,-3.576334374997351,0.0,1.0,0.0,1.0,0.0,415.77433757957874,649.940453138819,700.7400626941346,0,270,1350,1350,0,1350,0,0,0
1700.0,-100.0,1702.93863659264,-3.3664606634298013,0.0,1.0,0.0,1.0,0.0,487.94702311631295,726.8909444356603,780.4996971775234,0,270,1350,1350,0,1350,0,0,0
1800.0,-100.0,1802.7756377319947,-3.1798301198642345,0.0,1.0,0.0,1.0,0.0,565.6988098439315,808.265851138192,862.5063552576951,0,270,1350,1350,0,1350,0,0,0
-500.0,0.0,500.0,180.0,0.0,0.0,0.0,0.0,0.0,nan,nan,nan,0,270,1350,0,0,0,0,0,0
-400.0,0.0,400.0,180.0,0.0,0.0,0.0,0.0,0.0,nan,nan,nan,0,270,1350,0,0,0,0,0,0
-300.0,0.0,300.0,180.0,0.0,0.0,0.0,0.0,0.0,nan,nan,nan,0,270,1350,0,0,0,0,0,0
-200.0,0.0,200.0,180.0,0.0,0.0,0.0,0.0,0.0,nan,nan,nan,0,270,1350,0,0,0,0,0,0
-100.0,0.0,100.0,180.0,0.0,0.0,0.0,0.0,0.0,nan,nan,nan,0,270,1350,0,0,0,0,0,0
0.0,0.0,0.0,0.0,0.0,0.0,0.0,0.0,0.0,nan,nan,nan,0,270,1350,0,0,0,0,0,0
100.0,0.0,100.0,0.0,0.0,0.1237037037037037,0.02962962962962963,0.10592592592592592,0.011851851851851851,100.0,1050.0166808740569,2000.7625785500256,0,270,1350,167,40,143,16,24,1
200.0,0.0,200.0,0.0,0.0,0.22296296296296297,0.02962962962962963,0.2051851851851852,0.011851851851851851,200.0,950.0368730886507,8806.661543122835,0,270,1350,301,40,277,16,24,1
300.0,0.0,300.0,0.0,0.0,0.32222222222222224,0.02962962962962963,0.30444444444444446,0.011851851851851851,300.0,1080.058388537005,20423.192960813616,0,270,1350,435,40,411,16,24,1
400.0,0.0,400.0,0.0,0.0,0.422962962962963,0.02962962962962963,0.4051851851851852,0.011851851851851851,400.0,1333.7645962916536,17613.32308624567,0,270,1350,571,40,547,16,24,1
500.0,0.0,500.0,0.0,0.0,0.5133333333333333,0.02962962962962963,0.4955555555555556,0.011851851851851851,499.99999999999994,1212.0239605266727,19059.658526618892,0,270,1350,693,40,669,16,24,1
600.0,0.0,600.0,0.0,0.0,0.5948148148148148,0.02962962962962963,0.577037037037037,0.011851851851851851,600.0,1200.4112517963536,17009.24588582056,0,270,1350,803,40,779,16,24,1
700.0,0.0,700.0,0.0,0.0,0.6748148148148149,0.02962962962962963,0.6570370370370371,0.011851851851851851,699.9999999999999,993.8327194514765,18220.282529741336,0,270,1350,911,40,887,16,24,1
800.0,0.0,800.0,0.0,0.0,0.7533333333333333,0.02962962962962963,0.7355555555555555,0.011851851851851851,799.9999999999999,1044.8333327200342,16024.471123380532,0,270,1350,1017,40,993,16,24,1
900.0,0.0,900.0,0.0,0.0,0.8111111111111111,0.02962962962962963,0.7933333333333333,0.011851851851851851,899.9999999999999,900.0000000000002,9044.435416531775,0,270,1350,1095,40,1071,16,24,1
1000.0,0.0,1000.0,0.0,0.0,0.8688888888888889,0.02962962962962963,0.8511111111111112,0.011851851851851851,972.975868755063,1000.0000000000002,12012.055688403418,0,270,1350,1173,40,1149,16,24,1
1100.0,0.0,1100.0,0.0,0.0,0.9192592592592592,0.02962962962962963,0.9014814814814814,0.011851851851851851,1042.1116123971349,1100.0000000000002,30863.45994222544,0,270,1350,1241,40,1217,16,24,1
1200.0,0.0,1200.0,0.0,0.0,0.9503703703703704,0.02962962962962963,0.9325925925925926,0.011851851851851851,1173.336178529367,1200.0,4859.804649054985,0,270,1350,1283,40,1259,16,24,1
1300.0,0.0,1300.0,0.0,0.0,0.9740740740740741,0.02962962962962963,0.9562962962962963,0.011851851851851851,1299.9999999999998,1300.0000000000002,3471.5245989390464,0,270,1350,1315,40,1291,16,24,1
1400.0,0.0,1400.0,0.0,0.0,0.9888888888888889,0.02962962962962963,0.9711111111111111,0.011851851851851851,1399.9999999999998,1400.0000000000002,1878.6969817346314,0,270,1350,1335,40,1311,16,24,1
1500.0,0.0,1500.0,0.0,0.0,0.9962962962962963,0.02962962962962963,0.9785185185185186,0.011851851851851851,1499.9999999999998,1500.0000000000002,1500.0000000000005,0,270,1350,1345,40,1321,16,24,1
1600.0,0.0,1600.0,0.0,0.0,1.0,0.0,1.0,0.0,1600.0,1600.0,1600.0000000000005,0,270,1350,1350,0,1350,0,0,0
1700.0,0.0,1700.0,0.0,0.0,1.0,0.0,1.0,0.0,1700.0,1700.0000000000002,1700.0000000000005,0,270,1350,1350,0,1350,0,0,0
1800.0,0.0,1800.0,0.0,0.0,1.0,0.0,1.0,0.0,1800.0,1800.0000000000002,1800.0000000000005,0,270,1350,1350,0,1350,0,0,0
-500.0,100.0,509.9019513592785,168.6900675259798,0.0,0.9711111111111111,0.0,0.9711111111111111,0.0,992.2323790038695,4946.100921752256,407341.23798030376,0,270,1350,1311,0,1311,0,0,0
-400.0,100.0,412.31056256176606,165.96375653207352,0.0,0.9807407407407407,0.0,0.9807407407407407,0.0,862.7980869556964,4112.800009532655,3919924.3389931354,0,270,1350,1324,0,1324,0,0,0
-300.0,100.0,316.22776601683796,161.565051177078,0.0,0.9874074074074074,0.0,0.9874074074074074,0.0,743.6885907623607,3424.6583840020903,311668.31640351325,0,270,1350,1333,0,1333,0,0,0
-200.0,100.0,223.60679774997897,153.434948822922,0.03333333333333333,0.9925925925925926,0.0362962962962963,0.9925925925925926,0.0362962962962963,633.0596802348425,2882.087836463367,180658.96248407816,9,270,1350,1340,49,1340,49,0,0
-100.0,100.0,141.4213562373095,135.0,0.06666666666666667,0.9962962962962963,0.08592592592592592,0.9962962962962963,0.08592592592592592,532.2777290762582,2396.9550816199885,309876.83959265216,18,270,1350,1345,116,1345,116,0,0
0.0,100.0,100.0,90.0,0.13333333333333333,0.9985185185185185,0.13333333333333333,0.9985185185185185,0.13333333333333333,439.2058201097697,1977.1510796863975,84004.8107601722,36,270,1350,1348,180,1348,180,0,0
100.0,100.0,141.4213562373095,45.0,0.13703703703703704,1.0,0.18296296296296297,0.9807407407407407,0.1637037037037037,355.8536886764439,1655.821447303824,307357.87099889864,37,270,1350,1350,247,1324,221,26,0
200.0,100.0,223.60679774997897,26.56505117707799,0.2,1.0,0.23333333333333334,0.9807407407407407,0.21407407407407408,281.8531288101646,1365.2666632022374,22351.416592777576,54,270,1350,1350,315,1324,289,26,0
300.0,100.0,316.22776601683796,18.43494882292201,0.24814814814814815,1.0,0.28888888888888886,0.9807407407407407,0.2696296296296296,217.27332737149032,1133.1945277847492,10371.559794278759,67,270,1350,1350,390,1324,364,26,0
400.0,100.0,412.31056256176606,14.036243467926479,0.2074074074074074,1.0,0.2614814814814815,0.9807407407407407,0.24222222222222223,158.86090125187704,944.5947087639349,6193.31175070613,56,270,1350,1350,353,1324,327,26,0
500.0,100.0,509.9019513592785,11.309932474020213,0.17407407407407408,1.0,0.21851851851851853,0.9807407407407407,0.19925925925925925,107.99368236877739,779.419055125994,4091.784107947051,47,270,1350,1350,295,1324,269,26,0
600.0,100.0,608.276253029822,9.462322208025617,0.13333333333333333,1.0,0.17851851851851852,0.9807407407407407,0.15925925925925927,103.36267027568312,641.6781985842701,2842.5779428335786,36,270,1350,1350,241,1324,215,26,0
700.0,100.0,707.1067811865476,8.13010235415598,0.1,1.0,0.13333333333333333,0.9807407407407407,0.11407407407407408,117.41253459825205,509.60644020233195,2025.7396598541648,27,270,1350,1350,180,1324,154,26,0
800.0,100.0,806.2257748298549,7.125016348901798,0.08148148148148149,1.0,0.11777777777777777,0.9807407407407407,0.09851851851851852,131.22236049009084,410.6831993689526,1458.3173123288345,22,270,1350,1350,159,1324,133,26,0
900.0,100.0,905.5385138137417,6.34019174590991,0.05185185185185185,1.0,0.08814814814814814,0.9807407407407407,0.06888888888888889,145.82464399066416,317.2529028518745,1047.8621915985984,14,270,1350,1350,119,1324,93,26,0
1000.0,100.0,1004.987562112089,5.710593137499642,0.022222222222222223,1.0,0.057777777777777775,0.9807407407407407,0.03851851851851852,158.91985217544294,286.35167281794156,742.6597718989739,6,270,1350,1350,78,1324,52,26,0
1100.0,100.0,1104.536101718726,5.194428907734806,0.0,1.0,0.03333333333333333,0.9807407407407407,0.014074074074074074,172.93143749391692,322.0766359388055,511.5900104563787,0,270,1350,1350,45,1324,19,26,0
1200.0,100.0,1204.1594578792296,4.763641690726178,0.0,1.0,0.0,0.9807407407407407,0.0,189.43785344912152,374.27885665125274,418.2429294394617,0,270,1350,1350,0,1324,0,0,0
1300.0,100.0,1303.8404810405298,4.398705354995532,0.0,1.0,0.0,0.9807407407407407,0.0,225.2960554682113,436.09735609712203,483.48315500996557,0,270,1350,1350,0,1324,0,0,0
1400.0,100.0,1403.56688476182,4.085616779974877,0.0,1.0,0.0,0.9807407407407407,0.0,283.87694470792877,503.6490524203774,551.2520354974887,0,270,1350,1350,0,1324,0,0,0
1500.0,100.0,1503.3296378372909,3.8140748342903543,0.0,1.0,0.0,0.9807407407407407,0.0,346.72344092198944,574.4251443775082,624.5760602071456,0,270,1350,1350,0,1324,0,0,0
1600.0,100.0,1603.1219541881396,3.576334374997351,0.0,1.0,0.0,1.0,0.0,415.7743375795752,649.9404531388162,700.740062694132,0,270,1350,1350,0,1350,0,0,0
1700.0,100.0,1702.93863659264,3.3664606634298013,0.0,1.0,0.0,1.0,0.0,487.94702311631056,726.8909444356618,780.4996971775312,0,270,1350,1350,0,1350,0,0,0
1800.0,100.0,1802.7756377319947,3.1798301198642345,0.0,1.0,0.0,1.0,0.0,565.6988098439328,808.2658511381987,862.5063552576981,0,270,1350,1350,0,1350,0,0,0
-500.0,200.0,538.5164807134504,158.19859051364818,0.0,1.0,0.0,1.0,0.0,477.19791429962277,1291.9104262217118,3564.3479386024724,0,270,1350,1350,0,1350,0,0,0
-400.0,200.0,447.21359549995793,153.434948822922,0.0,1.0,0.0,1.0,0.0,416.7023718809557,1149.7484229757547,3058.8705676813624,0,270,1350,1350,0,1350,0,0,0
-300.0,200.0,360.5551275463989,146.30993247402023,0.03333333333333333,1.0,0.042222222222222223,1.0,0.042222222222222223,361.42316132166025,1021.3565736365556,2628.8476234816812,9,270,1350,1350,57,1350,57,0,0
-200.0,200.0,282.842712474619,135.0,0.06666666666666667,1.0,0.09111111111111111,1.0,0.09111111111111111,311.2045661644703,914.8807102852381,2260.2833861548615,18,270,1350,1350,123,1350,123,0,0
-100.0,200.0,223.60679774997897,116.56505117707799,0.13333333333333333,1.0,0.13333333333333333,1.0,0.13333333333333333,264.2316084991029,814.0049458218533,1942.4437394852862,36,270,1350,1350,180,1350,180,0,0
0.0,200.0,200.0,90.0,0.16666666666666666,1.0,0.18444444444444444,1.0,0.18444444444444444,221.58408911355616,718.4043492135751,1666.9589359660965,45,270,1350,1350,249,1350,249,0,0
100.0,200.0,223.60679774997897,63.43494882292201,0.2,1.0,0.23333333333333334,0.9807407407407407,0.21407407407407408,181.30428920271197,632.4288111394619,1427.2073258968394,54,270,1350,1350,315,1324,289,26,0
200.0,200.0,282.842712474619,45.0,0.23333333333333334,1.0,0.2785185185185185,0.9807407407407407,0.25925925925925924,145.51436202920905,556.0653502118992,1217.8826043510537,63,270,1350,1350,376,1324,350,26,0
300.0,200.0,360.5551275463989,33.690067525979785,0.3,1.0,0.3333333333333333,0.9807407407407407,0.31407407407407406,114.39344057584711,483.54778140831706,1034.6839953414474,81,270,1350,1350,450,1324,424,26,0
400.0,200.0,447.21359549995793,26.56505117707799,0.3333333333333333,1.0,0.37777777777777777,0.9807407407407407,0.3585185185185185,86.71337253068737,419.2355197938614,874.090721773883,90,270,1350,1350,510,1324,484,26,0
500.0,200.0,538.5164807134504,21.80140948635181,0.3333333333333333,1.0,0.36666666666666664,0.9807407407407407,0.3474074074074074,63.25525141783143,357.5486891658582,733.195576206415,90,270,1350,1350,495,1324,469,26,0
600.0,200.0,632.4555320336759,18.43494882292201,0.24074074074074073,1.0,0.30074074074074075,0.9807407407407407,0.2814814814814815,59.8274151178936,303.3903282791701,609.5809671677681,65,270,1350,1350,406,1324,380,26,0
700.0,200.0,728.0109889280518,15.945395900922854,0.2,1.0,0.24074074074074073,0.9807407407407407,0.22148148148148147,67.4268379834937,254.3230283356472,501.22653606575204,54,270,1350,1350,325,1324,299,26,0
800.0,200.0,824.6211251235321,14.036243467926479,0.14444444444444443,1.0,0.19185185185185186,0.9807407407407407,0.1725925925925926,75.34557101323261,208.0348128190651,406.44167552849143,39,270,1350,1350,259,1324,233,26,0
900.0,200.0,921.9544457292888,12.528807709151511,0.1037037037037037,1.0,0.14666666666666667,0.9807407407407407,0.1274074074074074,83.25286583993248,167.72547565121914,323.8202419145645,28,270,1350,1350,198,1324,172,26,0
1000.0,200.0,1019.803902718557,11.309932474020213,0.04814814814814815,1.0,0.09925925925925926,0.9807407407407407,0.08,91.15220108872049,157.25460805579937,252.22030695801143,13,270,1350,1350,134,1324,108,26,0
1100.0,200.0,1118.033988749895,10.304846468766033,0.0,1.0,0.037037037037037035,0.9807407407407407,0.017777777777777778,98.70010742072422,173.98388358704264,199.00428214872557,0,270,1350,1350,50,1324,24,26,0
1200.0,200.0,1216.552506059644,9.462322208025617,0.0,1.0,0.0,0.9807407407407407,0.0,105.90932779150145,207.48044678291663,233.00956910505133,0,270,1350,1350,0,1324,0,0,0
1300.0,200.0,1315.2946437965904,8.74616226255521,0.0,1.0,0.0,0.9807407407407407,0.0,124.36788954998322,241.96448920840717,270.75789316404354,0,270,1350,1350,0,1324,0,0,0
1400.0,200.0,1414.213562373095,8.13010235415598,0.0,1.0,0.0,0.9807407407407407,0.0,154.53737848882037,281.265683118233,310.4153121849376,0,270,1350,1350,0,1324,0,0,0
1500.0,200.0,1513.2745950421556,7.594643368591445,0.0,1.0,0.0,0.9807407407407407,0.0,189.0590373270469,320.87462298444865,353.3782465686525,0,270,1350,1350,0,1324,0,0,0
1600.0,200.0,1612.4515496597098,7.125016348901798,0.0,1.0,0.0,1.0,0.0,224.93140133789504,364.05283377288123,398.0482445521468,0,270,1350,1350,0,1350,0,0,0
1700.0,200.0,1711.724276862369,6.7098368077569335,0.0,1.0,0.0,1.0,0.0,264.91007523084875,409.03200918066466,444.3946103448736,0,270,1350,1350,0,1350,0,0,0
1800.0,200.0,1811.0770276274834,6.34019174590991,0.0,1.0,0.0,1.0,0.0,306.8562684127795,458.06698046832304,494.64707602548344,0,270,1350,1350,0,1350,0,0,0
-500.0,300.0,583.09518948453,149.03624346792648,0.0,1.0,0.0,1.0,0.0,319.8603798243804,772.7982485267496,1467.1447466330555,0,270,1350,1350,0,1350,0,0,0
-400.0,300.0,500.0,143.13010235415598,0.02962962962962963,1.0,0.03259259259259259,1.0,0.03259259259259259,281.52839592974186,699.949940253614,1314.9110300507666,8,270,1350,1350,44,1350,44,0,0
-300.0,300.0,424.26406871192853,135.0,0.06666666666666667,1.0,0.0725925925925926,1.0,0.0725925925925926,246.54949366438058,636.1105754788896,1175.4824594869272,18,270,1350,1350,98,1350,98,0,0
-200.0,300.0,360.5551275463989,123.69006752597979,0.1,1.0,0.12222222222222222,1.0,0.12222222222222222,212.18821995694447,573.9715264039111,1047.7735948743834,27,270,1350,1350,165,1350,165,0,0
-100.0,300.0,316.22776601683796,108.43494882292202,0.16666666666666666,1.0,0.16666666666666666,1.0,0.16666666666666666,181.80836999109675,514.9630154698655,930.8198745475936,45,270,1350,1350,225,1350,225,0,0
0.0,300.0,300.0,90.0,0.2,1.0,0.21037037037037037,1.0,0.21037037037037037,153.12493206640636,465.01079472526027,823.7617470811304,54,270,1350,1350,284,1350,284,0,0
100.0,300.0,316.22776601683796,71.56505117707799,0.22592592592592592,1.0,0.2651851851851852,0.9807407407407407,0.24592592592592594,127.90926345377723,414.08851268945665,725.8314350291873,61,270,1350,1350,358,1324,332,26,0
200.0,300.0,360.5551275463989,56.309932474020215,0.26666666666666666,1.0,0.3022222222222222,0.9807407407407407,0.28296296296296297,104.63346184428266,367.73206813092696,636.3419310038214,72,270,1350,1350,408,1324,382,26,0
300.0,300.0,424.26406871192853,45.0,0.3148148148148148,1.0,0.36,0.9807407407407407,0.34074074074074073,84.0892041875268,323.6914596289566,554.6779470573158,85,270,1350,1350,486,1324,460,26,0
400.0,300.0,500.0,36.86989764584402,0.36666666666666664,1.0,0.4,0.9807407407407407,0.38074074074074077,66.33390570691049,283.01151535402823,480.28866136307477,99,270,1350,1350,540,1324,514,26,0
500.0,300.0,583.09518948453,30.96375653207352,0.40370370370370373,1.0,0.45185185185185184,0.9807407407407407,0.4325925925925926,51.561349953469986,245.67907958679118,412.68225480788647,109,270,1350,1350,610,1324,584,26,0
600.0,300.0,670.820393249937,26.56505117707799,0.35185185185185186,1.0,0.397037037037037,0.9807407407407407,0.37777777777777777,47.18282085484328,211.18124053310547,351.4224440463364,95,270,1350,1350,536,1324,510,26,0
700.0,300.0,761.5773105863908,23.19859051364819,0.26666666666666666,1.0,0.31037037037037035,0.9807407407407407,0.2911111111111111,52.91983413560831,178.40131228407708,296.12757283480653,72,270,1350,1350,419,1324,393,26,0
800.0,300.0,854.4003745317531,20.556045219583467,0.23333333333333334,1.0,0.26666666666666666,0.9807407407407407,0.2474074074074074,58.52733139234879,149.16374722536324,246.47347413591572,63,270,1350,1350,360,1324,334,26,0
900.0,300.0,948.6832980505138,18.43494882292201,0.14074074074074075,1.0,0.18814814814814815,0.9807407407407407,0.1688888888888889,64.22399657356459,121.9884306047636,202.20258055984962,38,270,1350,1350,254,1324,228,26,0
1000.0,300.0,1044.030650891055,16.69924423399362,0.06666666666666667,1.0,0.10666666666666667,0.9807407407407407,0.0874074074074074,69.6580952371556,113.45364184612049,163.1442779263187,18,270,1350,1350,144,1324,118,26,0
1100.0,300.0,1140.175425099138,15.255118703057777,0.0,1.0,0.02666666666666667,0.9807407407407407,0.007407407407407408,75.35923105673359,124.54279465824125,142.04735550962292,0,270,1350,1350,36,1324,10,26,0
1200.0,300.0,1236.9316876852981,14.036243467926479,0.0,1.0,0.0,0.9807407407407407,0.0,81.23007885460919,147.1469841293172,166.31055693874524,0,270,1350,1350,0,1324,0,0,0
1300.0,300.0,1334.1664064126335,12.994616791916505,0.0,1.0,0.0,0.9807407407407407,0.0,92.52999517781575,171.63316319407951,192.52348839423001,0,270,1350,1350,0,1324,0,0,0
1400.0,300.0,1431.7821063276353,12.094757077012101,0.0,1.0,0.0,0.9807407407407407,0.0,112.0534716681695,199.61267130091156,220.3170574674645,0,270,1350,1350,0,1324,0,0,0
1500.0,300.0,1529.7058540778355,11.309932474020213,0.0,1.0,0.0,0.9807407407407407,0.0,134.83500646103866,227.40557680931818,249.99999999999918,0,270,1350,1350,0,1324,0,0,0
1600.0,300.0,1627.8820596099706,10.619655276155134,0.0,1.0,0.0,1.0,0.0,160.0741684107274,258.1735376689316,281.8464301271693,0,270,1350,1350,0,1350,0,0,0
1700.0,300.0,1726.2676501632068,10.007979801441337,0.0,1.0,0.0,1.0,0.0,187.04115304369338,289.7615201636723,315.07017617303643,0,270,1350,1350,0,1350,0,0,0
1800.0,300.0,1824.8287590894658,9.462322208025617,0.0,1.0,0.0,1.0,0.0,215.42697539598862,323.13459261782674,350.61969247019266,0,270,1350,1350,0,1350,0,0,0
-500.0,400.0,640.3124237432849,141.34019174590992,0.0,1.0,0.002962962962962963,1.0,0.002962962962962963,245.20480661456787,564.1141036755192,932.0913079307329,0,270,1350,1350,4,1350,4,0,0
-400.0,400.0,565.685424949238,135.0,0.03333333333333333,1.0,0.04666666666666667,1.0,0.04666666666666667,217.06023960320863,516.9708559226626,845.6813235592604,9,270,1350,1350,63,1350,63,0,0
-300.0,400.0,500.0,126.86989764584402,0.07777777777777778,1.0,0.09555555555555556,1.0,0.09555555555555556,190.02145124638045,472.38932249132904,765.0389128993946,21,270,1350,1350,129,1350,129,0,0
-200.0,400.0,447.21359549995793,116.56505117707799,0.13333333333333333,1.0,0.13555555555555557,1.0,0.13555555555555557,166.00252399195148,429.6876879996614,689.8506593470097,36,270,1350,1350,183,1350,183,0,0
-100.0,400.0,412.31056256176606,104.03624346792648,0.16666666666666666,1.0,0.1837037037037037,1.0,0.1837037037037037,143.1828244964937,388.4507800881616,619.8270486019342,45,270,1350,1350,248,1350,248,0,0
0.0,400.0,400.0,90.0,0.23333333333333334,1.0,0.23333333333333334,1.0,0.23333333333333334,122.2251387321634,350.3112997666054,554.7007330808887,63,270,1350,1350,315,1350,315,0,0
100.0,400.0,412.31056256176606,75.96375653207353,0.23333333333333334,1.0,0.27111111111111114,0.9807407407407407,0.2518518518518518,103.21634269235486,314.57301913646717,494.22512484451215,63,270,1350,1350,366,1324,340,26,0
200.0,400.0,447.21359549995793,63.43494882292201,0.2740740740740741,1.0,0.32592592592592595,0.9807407407407407,0.30666666666666664,86.13800954552345,280.080553068824,438.17334473808785,74,270,1350,1350,440,1324,414,26,0
300.0,400.0,500.0,53.13010235415598,0.3333333333333333,1.0,0.36666666666666664,0.9807407407407407,0.3474074074074074,71.11477385576765,249.20892750501943,386.3375877624621,90,270,1350,1350,495,1324,469,26,0
400.0,400.0,565.685424949238,45.0,0.36666666666666664,1.0,0.4096296296296296,0.9807407407407407,0.39037037037037037,58.17339408779839,220.08182732191148,338.52901438450294,99,270,1350,1350,553,1324,527,26,0
500.0,400.0,640.3124237432849,38.65980825409009,0.42962962962962964,1.0,0.4659259259259259,0.9807407407407407,0.44666666666666666,47.496039225001525,192.36117957607692,294.5783568302549,116,270,1350,1350,629,1324,603,26,0
600.0,400.0,721.1102550927978,33.690067525979785,0.4,1.0,0.44666666666666666,0.9807407407407407,0.4274074074074074,42.35724130809741,166.6191479856389,254.33755902769016,108,270,1350,1350,603,1324,577,26,0
700.0,400.0,806.2257748298549,29.74488129694222,0.3,1.0,0.3674074074074074,0.9807407407407407,0.34814814814814815,46.80205743790729,143.06898941350485,217.68298213852037,81,270,1350,1350,496,1324,470,26,0
800.0,400.0,894.4271909999159,26.56505117707799,0.26666666666666666,1.0,0.3,0.9807407407407407,0.28074074074074074,51.343364863501456,121.73875455742619,184.5210518358998,72,270,1350,1350,405,1324,379,26,0
900.0,400.0,984.8857801796105,23.962488974578186,0.16666666666666666,1.0,0.20222222222222222,0.9807407407407407,0.18296296296296297,55.944304209495805,102.4244835192018,154.7977370232859,45,270,1350,1350,273,1324,247,26,0
1000.0,400.0,1077.0329614269008,21.80140948635181,0.06666666666666667,1.0,0.10888888888888888,0.9807407407407407,0.08962962962962963,61.073984554526604,94.06623568820044,128.51382853507587,18,270,1350,1350,147,1324,121,26,0
1100.0,400.0,1170.4699910719626,19.98310652189998,0.0,1.0,0.0,0.9807407407407407,0.0,65.92701994808402,101.15883688811361,112.88372393837838,0,270,1350,1350,0,1324,0,0,0
1200.0,400.0,1264.9110640673518,18.43494882292201,0.0,1.0,0.0,0.9807407407407407,0.0,70.75752482072573,117.95450602960896,132.61978855713232,0,270,1350,1350,0,1324,0,0,0
1300.0,400.0,1360.1470508735442,17.102728969052375,0.0,1.0,0.0,0.9807407407407407,0.0,77.26916424184395,137.05196248901424,152.6217658132224,0,270,1350,1350,0,1324,0,0,0
1400.0,400.0,1456.0219778561036,15.945395900922854,0.0,1.0,0.0,0.9807407407407407,0.0,93.28408878225862,157.1781238052655,174.0967777418006,0,270,1350,1350,0,1324,0,0,0
1500.0,400.0,1552.4174696260025,14.931417178137554,0.0,1.0,0.0,0.9807407407407407,0.0,108.92925367917914,179.5051498217284,197.30021764974848,0,270,1350,1350,0,1324,0,0,0
1600.0,400.0,1649.2422502470642,14.036243467926479,0.0,1.0,0.0,1.0,0.0,128.06072262978137,203.59471983366606,221.74740925166023,0,270,1350,1350,0,1350,0,0,0
1700.0,400.0,1746.424919657298,13.240519915187205,0.0,1.0,0.0,1.0,0.0,149.34706618534682,227.7668336494148,247.41273315563785,0,270,1350,1350,0,1350,0,0,0
1800.0,400.0,1843.9088914585775,12.528807709151511,0.0,1.0,0.0,1.0,0.0,170.87084846980338,254.52184000122986,274.93540272928954,0,270,1350,1350,0,1350,0,0,0
-500.0,500.0,707.1067811865476,135.0,0.0,1.0,0.013333333333333334,1.0,0.013333333333333334,203.02466612939043,452.8386494970502,689.1936861126043,0,270,1350,1350,18,1350,18,0,0
-400.0,500.0,640.3124237432849,128.6598082540901,0.03333333333333333,1.0,0.06,1.0,0.06,180.48985810232858,416.5537288450494,629.3601658015522,9,270,1350,1350,81,1350,81,0,0
-300.0,500.0,583.09518948453,120.96375653207352,0.1,1.0,0.1,1.0,0.1,159.15084287880026,381.3824284691847,573.0514656081223,27,270,1350,1350,135,1350,135,0,0
-200.0,500.0,538.5164807134504,111.80140948635182,0.13333333333333333,1.0,0.14666666666666667,1.0,0.14666666666666667,139.72541906051205,347.90451741168374,520.1291566779593,36,270,1350,1350,198,1350,198,0,0
-100.0,500.0,509.9019513592785,101.30993247402021,0.17777777777777778,1.0,0.19555555555555557,1.0,0.19555555555555557,121.68594405317103,316.6593273898671,470.463576938373,48,270,1350,1350,264,1350,264,0,0
0.0,500.0,500.0,90.0,0.23333333333333334,1.0,0.23407407407407407,1.0,0.23407407407407407,105.08457529236858,286.8043869050802,423.9336387562636,63,270,1350,1350,316,1350,316,0,0
100.0,500.0,509.9019513592785,78.69006752597979,0.23333333333333334,1.0,0.2814814814814815,0.9807407407407407,0.26222222222222225,90.09063793690927,258.0962494800268,380.4267891202319,63,270,1350,1350,380,1324,354,26,0
200.0,500.0,538.5164807134504,68.19859051364818,0.29259259259259257,1.0,0.33185185185185184,0.9807407407407407,0.3125925925925926,76.59247297022924,232.34437868880306,339.8391652295351,79,270,1350,1350,448,1324,422,26,0
300.0,500.0,583.09518948453,59.03624346792648,0.3333333333333333,1.0,0.36666666666666664,0.9807407407407407,0.3474074074074074,64.79135382224274,207.6372461758242,302.0760102259818,90,270,1350,1350,495,1324,469,26,0
400.0,500.0,640.3124237432849,51.34019174590991,0.36666666666666664,1.0,0.4140740740740741,0.9807407407407407,0.39481481481481484,54.64779143613937,184.1583162085857,267.0524459286854,99,270,1350,1350,559,1324,533,26,0
500.0,500.0,707.1067811865476,45.0,0.42592592592592593,1.0,0.4651851851851852,0.9807407407407407,0.44592592592592595,46.26224433480088,162.57901524063962,234.6947459861784,115,270,1350,1350,628,1324,602,26,0
600.0,500.0,781.0249675906655,39.80557109226519,0.43333333333333335,1.0,0.47333333333333333,0.9807407407407407,0.4540740740740741,41.285094923307796,142.31165195493014,204.9423175537615,117,270,1350,1350,639,1324,613,26,0
700.0,500.0,860.2325267042627,35.53767779197438,0.3333333333333333,1.0,0.37925925925925924,0.9807407407407407,0.36,45.01573128100191,123.89144074063913,177.75068028360718,90,270,1350,1350,512,1324,486,26,0
800.0,500.0,943.3981132056604,32.005383208083494,0.23333333333333334,1.0,0.2985185185185185,0.9807407407407407,0.27925925925925926,48.92140107733415,107.00296928934614,153.0958025246789,63,270,1350,1350,403,1324,377,26,0
900.0,500.0,1029.5630140987,29.054604099077146,0.16666666666666666,1.0,0.21037037037037037,0.9807407407407407,0.19111111111111112,52.68443708518386,92.22823528259799,130.98011626392815,45,270,1350,1350,284,1324,258,26,0
1000.0,500.0,1118.033988749895,26.56505117707799,0.06666666666666667,1.0,0.1,0.9807407407407407,0.08074074074074074,56.690835231304334,82.7938577761519,111.44007734230203,18,270,1350,1350,135,1324,109,26,0
1100.0,500.0,1208.3045973594571,24.443954780416536,0.0,1.0,0.0,0.9807407407407407,0.0,60.86818158672211,88.70811097328986,98.15007974728778,0,270,1350,1350,0,1324,0,0,0
1200.0,500.0,1300.0,22.619864948040426,0.0,1.0,0.0,0.9807407407407407,0.0,65.1539622977707,101.51004750634625,112.12405264243246,0,270,1350,1350,0,1324,0,0,0
1300.0,500.0,1392.838827718412,21.037511025421818,0.0,1.0,0.0,0.9807407407407407,0.0,69.7364446988338,116.73405814984585,129.48949510414852,0,270,1350,1350,0,1324,0,0,0
1400.0,500.0,1486.6068747318504,19.65382405805331,0.0,1.0,0.0,0.9807407407407407,0.0,82.25196260946201,133.45687241714916,146.79332158392404,0,270,1350,1350,0,1324,0,0,0
1500.0,500.0,1581.1388300841897,18.43494882292201,0.0,1.0,0.0,0.9807407407407407,0.0,95.69291525814538,150.98944165074377,165.35128218928168,0,270,1350,1350,0,1324,0,0,0
1600.0,500.0,1676.305461424021,17.35402463626132,0.0,1.0,0.0,1.0,0.0,110.00433651615421,170.0571664605728,185.76116778091182,0,270,1350,1350,0,1350,0,0,0
1700.0,500.0,1772.004514666935,16.389540334034784,0.0,1.0,0.0,1.0,0.0,126.69903265492604,190.93480999893328,206.84025267927274,0,270,1350,1350,0,1350,0,0,0
1800.0,500.0,1868.1541692269404,15.524110996754258,0.0,1.0,0.0,1.0,0.0,145.04475327486662,212.32864642041312,226.46178031460104,0,270,1350,1350,0,1350,0,0,0
-500.0,600.0,781.0249675906655,129.8055710922652,0.0,1.0,0.013333333333333334,1.0,0.013333333333333334,175.51963484201883,381.66327278961677,551.5641298657997,0,270,1350,1350,18,1350,18,0,0
-400.0,600.0,721.1102550927978,123.69006752597979,0.03333333333333333,1.0,0.06,1.0,0.06,157.25093987074172,351.2267358368574,505.9489845552992,9,270,1350,1350,81,1350,81,0,0
-300.0,600.0,670.820393249937,116.56505117707799,0.1,1.0,0.10148148148148148,1.0,0.10148148148148148,139.80650250974728,323.99726614558165,462.8225094380641,27,270,1350,1350,137,1350,137,0,0
-200.0,600.0,632.4555320336759,108.43494882292202,0.13333333333333333,1.0,0.1474074074074074,1.0,0.1474074074074074,123.57098894182542,296.5512454321472,422.10996472614886,36,270,1350,1350,199,1350,199,0,0
-100.0,600.0,608.276253029822,99.46232220802563,0.17407407407407408,1.0,0.1948148148148148,1.0,0.1948148148148148,108.58407539855446,270.8207787718336,383.74114796137354,47,270,1350,1350,263,1350,263,0,0
0.0,600.0,600.0,90.0,0.23333333333333334,1.0,0.23333333333333334,1.0,0.23333333333333334,94.95752687586483,246.45090251851207,347.6505199949692,63,270,1350,1350,315,1350,315,0,0
100.0,600.0,608.276253029822,80.53767779197439,0.23333333333333334,1.0,0.2777777777777778,0.9807407407407407,0.25851851851851854,82.5467427197063,223.8584555606798,313.77744009138087,63,270,1350,1350,375,1324,349,26,0
200.0,600.0,632.4555320336759,71.56505117707799,0.2740740740740741,1.0,0.3274074074074074,0.9807407407407407,0.30814814814814817,71.44456895421888,201.58894878571044,282.06654379971826,74,270,1350,1350,442,1324,416,26,0
300.0,600.0,670.820393249937,63.43494882292201,0.3333333333333333,1.0,0.36666666666666664,0.9807407407407407,0.3474074074074074,61.706700955396435,180.6071839055577,252.46830938797606,90,270,1350,1350,495,1324,469,26,0
400.0,600.0,721.1102550927978,56.309932474020215,0.36666666666666664,1.0,0.40444444444444444,0.9807407407407407,0.3851851851851852,53.343322046101505,161.25232816751685,224.9398735969835,99,270,1350,1350,546,1324,520,26,0
500.0,600.0,781.0249675906655,50.19442890773481,0.4,1.0,0.4525925925925926,0.9807407407407407,0.43333333333333335,46.3891500550605,144.05702997186697,199.44617339005646,108,270,1350,1350,611,1324,585,26,0
600.0,600.0,848.5281374238571,45.0,0.42962962962962964,1.0,0.4792592592592593,0.9807407407407407,0.46,41.22689537628309,127.19515646893807,175.96150053754698,116,270,1350,1350,647,1324,621,26,0
700.0,600.0,921.9544457292888,40.60129464500447,0.3333333333333333,1.0,0.37777777777777777,0.9807407407407407,0.3585185185185185,44.56276805073236,112.29776917102022,154.47154156556797,90,270,1350,1350,510,1324,484,26,0
800.0,600.0,1000.0,36.86989764584402,0.23333333333333334,1.0,0.2696296296296296,0.9807407407407407,0.25037037037037035,48.183261589718946,98.59006728024396,134.97589055412533,63,270,1350,1350,364,1324,338,26,0
900.0,600.0,1081.6653826391969,33.690067525979785,0.1111111111111111,1.0,0.1622222222222222,0.9807407407407407,0.14296296296296296,51.71515762961889,86.40636916333631,117.49076259227992,30,270,1350,1350,219,1324,193,26,0
1000.0,600.0,1166.19037896906,30.96375653207352,0.0,1.0,0.0,0.9807407407407407,0.0,55.3722214357327,76.27896954842987,102.05099526597593,0,270,1350,1350,0,1324,0,0,0
1100.0,600.0,1252.9964086141667,28.61045966596522,0.0,1.0,0.0,0.9807407407407407,0.0,59.111635294047275,81.55660443861113,88.7090829303222,0,270,1350,1350,0,1324,0,0,0
1200.0,600.0,1341.640786499874,26.56505117707799,0.0,1.0,0.0,0.9807407407407407,0.0,62.969130309445454,91.31108311493306,101.16589975631474,0,270,1350,1350,0,1324,0,0,0
1300.0,600.0,1431.7821063276353,24.77514056883192,0.0,1.0,0.0,0.9807407407407407,0.0,66.80036039775368,104.29369413055149,113.99460634779899,0,270,1350,1350,0,1324,0,0,0
1400.0,600.0,1523.1546211727816,23.19859051364819,0.0,1.0,0.0,0.9807407407407407,0.0,76.08355557508327,117.62711436358447,129.618773483882,0,270,1350,1350,0,1324,0,0,0
1500.0,600.0,1615.5494421403512,21.80140948635181,0.0,1.0,0.0,0.9807407407407407,0.0,87.54198022339104,133.25869993284675,145.0784898462738,0,270,1350,1350,0,1324,0,0,0
1600.0,600.0,1708.8007490635061,20.556045219583467,0.0,1.0,0.0,1.0,0.0,99.79252253793666,149.0603654482256,162.23361645585024,0,270,1350,1350,0,1350,0,0,0
1700.0,600.0,1802.7756377319947,19.44003482817619,0.0,1.0,0.0,1.0,0.0,112.98507467806019,166.01840750609486,180.0211148924448,0,270,1350,1350,0,1350,0,0,0
1800.0,600.0,1897.3665961010277,18.43494882292201,0.0,1.0,0.0,1.0,0.0,128.14776505450223,184.61748384697378,198.98359839729002,0,270,1350,1350,0,1350,0,0,0
-500.0,700.0,860.2325267042627,125.53767779197437,0.0,1.0,0.006666666666666667,1.0,0.006666666666666667,157.50685014959848,332.5763194533147,463.6884946747043,0,270,1350,1350,9,1350,9,0,0
-400.0,700.0,806.2257748298549,119.74488129694222,0.03333333333333333,1.0,0.05333333333333334,1.0,0.05333333333333334,141.87259348011827,308.3035590284885,426.89399191877936,9,270,1350,1350,72,1350,72,0,0
-300.0,700.0,761.5773105863908,113.19859051364818,0.1,1.0,0.1,1.0,0.1,126.94858719517096,284.9102105610536,392.00761333444416,27,270,1350,1350,135,1350,135,0,0
-200.0,700.0,728.0109889280518,105.94539590092286,0.13333333333333333,1.0,0.14,1.0,0.14,113.11765645354058,261.63041281120553,358.9841942706538,36,270,1350,1350,189,1350,189,0,0
-100.0,700.0,707.1067811865476,98.13010235415598,0.16666666666666666,1.0,0.18518518518518517,1.0,0.18518518518518517,100.29703016565384,239.90813429386662,327.78146718831044,45,270,1350,1350,250,1350,250,0,0
0.0,700.0,700.0,90.0,0.2222222222222222,1.0,0.2311111111111111,1.0,0.2311111111111111,88.63964266227207,219.00274608257166,298.36025736927024,60,270,1350,1350,312,1350,312,0,0
100.0,700.0,707.1067811865476,81.86989764584403,0.23333333333333334,1.0,0.2674074074074074,0.9807407407407407,0.24814814814814815,78.0924734054129,198.92509019294704,270.6847588013849,63,270,1350,1350,361,1324,335,26,0
200.0,700.0,728.0109889280518,74.05460409907715,0.26666666666666666,1.0,0.3118518518518518,0.9807407407407407,0.29259259259259257,68.71037404875244,180.59515430732338,244.72291082654604,72,270,1350,1350,421,1324,395,26,0
300.0,700.0,761.5773105863908,66.80140948635182,0.3,1.0,0.35703703703703704,0.9807407407407407,0.3377777777777778,60.41993401047863,162.99682000302832,220.4468996915647,81,270,1350,1350,482,1324,456,26,0
400.0,700.0,806.2257748298549,60.25511870305778,0.36666666666666664,1.0,0.4,0.9807407407407407,0.38074074074074077,53.27678527109636,147.07651665948114,197.83381027388356,99,270,1350,1350,540,1324,514,26,0
500.0,700.0,860.2325267042627,54.46232220802562,0.4,1.0,0.43333333333333335,0.9807407407407407,0.4140740740740741,47.294005227635594,131.75175990401178,176.86644740986537,108,270,1350,1350,585,1324,559,26,0
600.0,700.0,921.9544457292888,49.398705354995535,0.36666666666666664,1.0,0.4318518518518519,0.9807407407407407,0.41259259259259257,42.43438097349744,117.66057467244624,157.5343237677542,99,270,1350,1350,583,1324,557,26,0
700.0,700.0,989.9494936611666,45.0,0.26666666666666666,1.0,0.337037037037037,0.9807407407407407,0.31777777777777777,44.77709580934622,104.96608218974774,139.83475281767178,72,270,1350,1350,455,1324,429,26,0
800.0,700.0,1063.014581273465,41.18592516570965,0.16666666666666666,1.0,0.22074074074074074,0.9807407407407407,0.20148148148148148,48.008106021009226,93.61808634700087,123.77385560909147,45,270,1350,1350,298,1324,272,26,0
900.0,700.0,1140.175425099138,37.874983651098205,0.03333333333333333,1.0,0.05333333333333334,0.9807407407407407,0.034074074074074076,51.29436060026733,83.40462273203431,109.36703095068407,9,270,1350,1350,72,1324,46,26,0
1000.0,700.0,1220.6555615733703,34.99202019855866,0.0,1.0,0.0,0.9807407407407407,0.0,54.74703793457012,74.57772170792705,96.63797885968121,0,270,1350,1350,0,1324,0,0,0
1100.0,700.0,1303.8404810405298,32.47119229084849,0.0,1.0,0.0,0.9807407407407407,0.0,58.439133102729016,77.44321226641735,85.61468718979417,0,270,1350,1350,0,1324,0,0,0
1200.0,700.0,1389.2443989449805,30.256437163529263,0.0,1.0,0.0,0.9807407407407407,0.0,62.12501710618234,84.84689142581504,93.33322977358054,0,270,1350,1350,0,1324,0,0,0
1300.0,700.0,1476.48230602334,28.30075576600638,0.0,1.0,0.0,0.9807407407407407,0.0,65.80517707156733,96.1732750969762,105.28349348732041,0,270,1350,1350,0,1324,0,0,0
1400.0,700.0,1565.2475842498527,26.56505117707799,0.0,1.0,0.0,0.9807407407407407,0.0,72.75556349359366,108.14777888423828,117.35675159644914,0,270,1350,1350,0,1324,0,0,0
1500.0,700.0,1655.294535724685,25.016893478100023,0.0,1.0,0.0,0.9807407407407407,0.0,82.58568875835317,120.7369674333838,131.67706560410235,0,270,1350,1350,0,1324,0,0,0
1600.0,700.0,1746.424919657298,23.629377730656817,0.0,1.0,0.0,1.0,0.0,92.94212649804216,135.02008476417836,145.9411674365172,0,270,1350,1350,0,1350,0,0,0
1700.0,700.0,1838.4776310850236,22.380135051959574,0.0,1.0,0.0,1.0,0.0,104.4915727982758,149.55433623767016,161.65749857018653,0,270,1350,1350,0,1350,0,0,0
1800.0,700.0,1931.3207915827966,21.25050550713324,0.0,1.0,0.0,1.0,0.0,117.1935272087091,165.0895777160189,177.80461465998573,0,270,1350,1350,0,1350,0,0,0
-500.0,800.0,943.3981132056604,122.0053832080835,0.0,1.0,0.0,1.0,0.0,144.95076947625233,298.85490049188877,403.2428010057376,0,270,1350,1350,0,1350,0,0,0
-400.0,800.0,894.4271909999159,116.56505117707799,0.03333333333333333,1.0,0.04,1.0,0.04,131.18186251298232,277.03121996883476,372.4443302608663,9,270,1350,1350,54,1350,54,0,0
-300.0,800.0,854.4003745317531,110.55604521958347,0.06666666666666667,1.0,0.08074074074074074,1.0,0.08074074074074074,118.16879408723634,256.24069444241985,343.18782962901105,18,270,1350,1350,109,1350,109,0,0
-200.0,800.0,824.6211251235321,104.03624346792648,0.1,1.0,0.12666666666666668,1.0,0.12666666666666668,106.04927172998072,236.4301312282124,315.4440045055204,27,270,1350,1350,171,1350,171,0,0
-100.0,800.0,806.2257748298549,97.1250163489018,0.16666666666666666,1.0,0.16666666666666666,1.0,0.16666666666666666,94.96874167016955,216.91847558174948,289.1856459076965,45,270,1350,1350,225,1350,225,0,0
0.0,800.0,800.0,90.0,0.2,1.0,0.21037037037037037,1.0,0.21037037037037037,84.87531977647302,198.99617749726835,264.38782004248316,54,270,1350,1350,284,1350,284,0,0
100.0,800.0,806.2257748298549,82.8749836510982,0.2,1.0,0.25333333333333335,0.9807407407407407,0.23407407407407407,75.7002228622647,182.27123567078073,241.02811169609623,54,270,1350,1350,342,1324,316,26,0
200.0,800.0,824.6211251235321,75.96375653207353,0.26296296296296295,1.0,0.2992592592592593,0.9807407407407407,0.28,67.47455151373356,165.99792472507215,219.08692984386875,71,270,1350,1350,404,1324,378,26,0
300.0,800.0,854.4003745317531,69.44395478041653,0.3,1.0,0.3333333333333333,0.9807407407407407,0.31407407407407406,60.23938245922626,150.8603405667279,198.5478813213394,81,270,1350,1350,450,1324,424,26,0
400.0,800.0,894.4271909999159,63.43494882292201,0.3333333333333333,1.0,0.37333333333333335,0.9807407407407407,0.3540740740740741,53.98079333160695,136.8081771089032,179.3982109590292,90,270,1350,1350,504,1324,478,26,0
500.0,800.0,943.3981132056604,57.9946167919165,0.36666666666666664,1.0,0.41333333333333333,0.9807407407407407,0.3940740740740741,48.70110436051829,123.62123630502401,161.6292896593063,99,270,1350,1350,558,1324,532,26,0
600.0,800.0,1000.0,53.13010235415598,0.3,1.0,0.36666666666666664,0.9807407407407407,0.3474074074074074,44.36118298652141,111.57828983237727,145.23709755032087,81,270,1350,1350,495,1324,469,26,0
700.0,800.0,1063.014581273465,48.81407483429036,0.2,1.0,0.26,0.9807407407407407,0.24074074074074073,46.06030574310665,100.46939657179455,130.2225849483857,54,270,1350,1350,351,1324,325,26,0
800.0,800.0,1131.370849898476,45.0,0.06666666666666667,1.0,0.09333333333333334,0.9807407407407407,0.07407407407407407,48.98535351905912,90.60141852806665,116.59168193214556,18,270,1350,1350,126,1324,100,26,0
900.0,800.0,1204.1594578792296,41.6335393365702,0.0,1.0,0.0,0.9807407407407407,0.0,51.84513747760211,81.73794453350745,104.35455084831213,0,270,1350,1350,0,1324,0,0,0
1000.0,800.0,1280.6248474865697,38.65980825409009,0.0,1.0,0.0,0.9807407407407407,0.0,55.03537300973693,74.12217748510841,93.52343843460764,0,270,1350,1350,0,1324,0,0,0
1100.0,800.0,1360.1470508735442,36.02737338510361,0.0,1.0,0.0,0.9807407407407407,0.0,58.33857640438161,75.11727910403175,84.10825838298798,0,270,1350,1350,0,1324,0,0,0
1200.0,800.0,1442.2205101855957,33.690067525979785,0.0,1.0,0.0,0.9807407407407407,0.0,61.72465655749022,80.81418188599531,88.2037675004629,0,270,1350,1350,0,1324,0,0,0
1300.0,800.0,1526.4337522473747,31.6075022462489,0.0,1.0,0.0,0.9807407407407407,0.0,65.24171951576,90.82491524066172,98.84375868387198,0,270,1350,1350,0,1324,0,0,0
1400.0,800.0,1612.4515496597098,29.74488129694222,0.0,1.0,0.0,0.9807407407407407,0.0,71.04835873587476,101.47408158535185,109.09856060443127,0,270,1350,1350,0,1324,0,0,0
1500.0,800.0,1700.0,28.072486935852957,0.0,1.0,0.0,0.9807407407407407,0.0,79.60434973725768,112.72389646356791,121.64626536201709,0,270,1350,1350,0,1324,0,0,0
1600.0,800.0,1788.8543819998317,26.56505117707799,0.0,1.0,0.0,1.0,0.0,88.68069582395087,124.8301107899103,134.87601113844093,0,270,1350,1350,0,1350,0,0,0
1700.0,800.0,1878.8294228055936,25.20112364547507,0.0,1.0,0.0,1.0,0.0,99.00944498658697,137.97853772917972,148.3951083658514,0,270,1350,1350,0,1350,0,0,0
1800.0,800.0,1969.771560359221,23.962488974578186,0.0,1.0,0.0,1.0,0.0,109.74286116060273,151.61082846063783,162.39824275471847,0,270,1350,1350,0,1350,0,0,0
-500.0,900.0,1029.5630140987,119.05460409907714,0.0,1.0,0.0,1.0,0.0,135.8789449741732,272.513916088798,359.5140841303112,0,270,1350,1350,0,1350,0,0,0
-400.0,900.0,984.8857801796105,113.96248897457819,0.0,1.0,0.013333333333333334,1.0,0.013333333333333334,123.63523488993286,253.64695130264562,333.0522639685079,0,270,1350,1350,18,1350,18,0,0
-300.0,900.0,948.6832980505138,108.43494882292202,0.03333333333333333,1.0,0.06,1.0,0.06,112.1358926414583,235.64122769933658,307.88219077814915,9,270,1350,1350,81,1350,81,0,0
-200.0,900.0,921.9544457292888,102.52880770915151,0.1,1.0,0.1,1.0,0.1,101.39894441037075,217.24825143417524,283.9839011273148,27,270,1350,1350,135,1350,135,0,0
-100.0,900.0,905.5385138137417,96.3401917459099,0.13333333333333333,1.0,0.14222222222222222,1.0,0.14222222222222222,91.5733640279553,200.37948892097606,261.33902565751987,36,270,1350,1350,192,1350,192,0,0
0.0,900.0,900.0,90.0,0.16666666666666666,1.0,0.18666666666666668,1.0,0.18666666666666668,82.6116741304221,185.06390553038028,239.93094496366024,45,270,1350,1350,252,1350,252,0,0
100.0,900.0,905.5385138137417,83.6598082540901,0.16666666666666666,1.0,0.22666666666666666,0.9807407407407407,0.2074074074074074,74.524390186549,169.6601374538073,219.74497581870017,45,270,1350,1350,306,1324,280,26,0
200.0,900.0,921.9544457292888,77.47119229084849,0.23333333333333334,1.0,0.26666666666666666,0.9807407407407407,0.2474074074074074,67.23881259443775,155.26223794360533,200.76858675078435,63,270,1350,1350,360,1324,334,26,0
300.0,900.0,948.6832980505138,71.56505117707799,0.26666666666666666,1.0,0.30518518518518517,0.9807407407407407,0.2859259259259259,60.79341730895856,142.06946522907273,182.99163610466988,72,270,1350,1350,412,1324,386,26,0
400.0,900.0,984.8857801796105,66.03751102542182,0.3,1.0,0.34444444444444444,0.9807407407407407,0.3251851851851852,55.20553099425923,129.5337450773971,166.4066146827109,81,270,1350,1350,465,1324,439,26,0
500.0,900.0,1029.5630140987,60.94539590092286,0.3,1.0,0.35703703703703704,0.9807407407407407,0.3377777777777778,50.46119418939601,118.12137058804666,151.0088555418029,81,270,1350,1350,482,1324,456,26,0
600.0,900.0,1081.6653826391969,56.309932474020215,0.16666666666666666,1.0,0.24666666666666667,0.9807407407407407,0.22740740740740742,46.52409242725659,107.33837377683663,136.79664083884845,45,270,1350,1350,333,1324,307,26,0
700.0,900.0,1140.175425099138,52.1250163489018,0.03333333333333333,1.0,0.0637037037037037,0.9807407407407407,0.044444444444444446,47.788264555594054,97.72463041514303,123.77108419620161,9,270,1350,1350,86,1324,60,26,0
800.0,900.0,1204.1594578792296,48.366460663429805,0.0,1.0,0.0,0.9807407407407407,0.0,50.39213715640298,88.91581665943806,111.93559283728749,0,270,1350,1350,0,1324,0,0,0
900.0,900.0,1272.7922061357856,45.0,0.0,1.0,0.0,0.9807407407407407,0.0,53.09090202614509,81.09315189808738,101.2946208267405,0,270,1350,1350,0,1324,0,0,0
1000.0,900.0,1345.362404707371,41.98721249581666,0.0,1.0,0.0,0.9807407407407407,0.0,56.05678695548207,74.33250980829578,91.85133929447103,0,270,1350,1350,0,1324,0,0,0
1100.0,900.0,1421.2670403551895,39.28940686250036,0.0,1.0,0.0,0.9807407407407407,0.0,59.129774387960964,74.06998892116113,83.60384069224098,0,270,1350,1350,0,1324,0,0,0
1200.0,900.0,1500.0,36.86989764584402,0.0,1.0,0.0,0.9807407407407407,0.0,62.3256830431764,78.45350027712553,84.99151708785377,0,270,1350,1350,0,1324,0,0,0
1300.0,900.0,1581.1388300841897,34.69515353123397,0.0,1.0,0.0,0.9807407407407407,0.0,65.6141509165268,87.35559336039604,94.4994017727192,0,270,1350,1350,0,1324,0,0,0
1400.0,900.0,1664.3316977093239,32.7352262721076,0.0,1.0,0.0,0.9807407407407407,0.0,70.41591306246278,96.94042936511194,104.55777654194021,0,270,1350,1350,0,1324,0,0,0
1500.0,900.0,1749.28556845359,30.96375653207352,0.0,1.0,0.0,0.9807407407407407,0.0,78.03962866292169,107.06347441061975,114.61504158528251,0,270,1350,1350,0,1324,0,0,0
1600.0,900.0,1835.7559750685818,29.357753542791276,0.0,1.0,0.0,1.0,0.0,86.05605888475702,117.49012537332489,126.55167102326607,0,270,1350,1350,0,1350,0,0,0
1700.0,900.0,1923.5384061671346,27.89727103094763,0.0,1.0,0.0,1.0,0.0,95.26574326580001,129.54324265005184,138.8835401984953,0,270,1350,1350,0,1350,0,0,0
1800.0,900.0,2012.4611797498108,26.56505117707799,0.0,1.0,0.0,1.0,0.0,104.91601067686324,141.63209649549353,151.7210785257055,0,270,1350,1350,0,1350,0,0,0
-500.0,1000.0,1118.033988749895,116.56505117707799,0.0,1.0,0.0,1.0,0.0,129.30116714259088,252.67467387768988,326.7202130662035,0,270,1350,1350,0,1350,0,0,0
-400.0,1000.0,1077.0329614269008,111.80140948635182,0.0,1.0,0.0,1.0,0.0,118.24849357103133,235.9418324969322,303.5383031793981,0,270,1350,1350,0,1350,0,0,0
-300.0,1000.0,1044.030650891055,106.69924423399362,0.0,1.0,0.02,1.0,0.02,107.9202683125512,219.02844341580422,281.4669214355128,0,270,1350,1350,27,1350,27,0,0
-200.0,1000.0,1019.803902718557,101.30993247402021,0.03333333333333333,1.0,0.06,1.0,0.06,98.43939166571155,203.27426737522813,260.4919260583272,9,270,1350,1350,81,1350,81,0,0
-100.0,1000.0,1004.987562112089,95.71059313749964,0.1,1.0,0.10592592592592592,1.0,0.10592592592592592,89.61700816008826,188.08974163943515,240.60042175073315,27,270,1350,1350,143,1350,143,0,0
0.0,1000.0,1000.0,90.0,0.13333333333333333,1.0,0.14666666666666667,1.0,0.14666666666666667,81.53121681292542,174.05570000564148,221.78087333969995,36,270,1350,1350,198,1350,198,0,0
100.0,1000.0,1004.987562112089,84.28940686250037,0.1,1.0,0.18666666666666668,0.9740740740740741,0.16074074074074074,74.23675699444807,160.19696494634886,204.02323053425113,27,270,1350,1350,252,1315,217,35,0
200.0,1000.0,1019.803902718557,78.69006752597979,0.13333333333333333,1.0,0.22666666666666666,0.9740740740740741,0.20074074074074075,67.67984509987733,147.49910179025534,187.31905673416168,36,270,1350,1350,306,1315,271,35,0
300.0,1000.0,1044.030650891055,73.30075576600639,0.2,1.0,0.26666666666666666,0.9740740740740741,0.24074074074074073,61.8749891027579,135.84568081685364,171.661647933258,54,270,1350,1350,360,1315,325,35,0
400.0,1000.0,1077.0329614269008,68.19859051364818,0.2,1.0,0.29333333333333333,0.9740740740740741,0.2674074074074074,56.804571600339514,124.43617277037507,157.04611665621772,54,270,1350,1350,396,1315,361,35,0
500.0,1000.0,1118.033988749895,63.43494882292201,0.1,1.0,0.16666666666666666,0.9740740740740741,0.14074074074074075,52.48443100389956,114.29412110778324,143.46939875311944,27,270,1350,1350,225,1315,190,35,0
600.0,1000.0,1166.19037896906,59.03624346792648,0.0,1.0,0.0,0.9740740740740741,0.0,48.87260620396668,104.65369356805208,130.93011591840832,0,270,1350,1350,0,1315,0,0,0
700.0,1000.0,1220.6555615733703,55.00797980144134,0.0,1.0,0.0,0.9740740740740741,0.0,49.75693079149966,96.09123360622392,119.42819317897477,0,270,1350,1350,0,1315,0,0,0
800.0,1000.0,1280.6248474865697,51.34019174590991,0.0,1.0,0.0,0.9740740740740741,0.0,52.08052419526956,88.20908212334187,108.96409089733976,0,270,1350,1350,0,1315,0,0,0
900.0,1000.0,1345.362404707371,48.01278750418334,0.0,1.0,0.0,0.9740740740740741,0.0,54.708754444044935,81.23897544875082,99.53747547266195,0,270,1350,1350,0,1315,0,0,0
1000.0,1000.0,1414.213562373095,45.0,0.0,1.0,0.0,0.9740740740740741,0.0,57.484497465814684,75.10678353772126,91.14514633971409,0,270,1350,1350,0,1315,0,0,0
1100.0,1000.0,1486.6068747318504,42.27368900609374,0.0,1.0,0.0,0.9740740740740741,0.0,60.37244776936179,73.85440757347662,83.77810209293558,0,270,1350,1350,0,1315,0,0,0
1200.0,1000.0,1562.049935181331,39.80557109226519,0.0,1.0,0.0,0.9740740740740741,0.0,63.41011266928165,77.42941961956518,83.12076884463845,0,270,1350,1350,0,1315,0,0,0
1300.0,1000.0,1640.1219466856726,37.568592028827496,0.0,1.0,0.0,0.9740740740740741,0.0,66.5059126246955,85.27204529826939,91.67694165260379,0,270,1350,1350,0,1315,0,0,0
1400.0,1000.0,1720.4650534085254,35.53767779197438,0.0,1.0,0.0,0.9740740740740741,0.0,70.56918680807874,93.94024037973388,100.84632545182413,0,270,1350,1350,0,1315,0,0,0
1500.0,1000.0,1802.7756377319947,33.690067525979785,0.0,1.0,0.0,0.9740740740740741,0.0,77.4162544881788,103.14574269722831,109.71781778958699,0,270,1350,1350,0,1315,0,0,0
1600.0,1000.0,1886.7962264113207,32.005383208083494,0.0,1.0,0.0,1.0,0.0,84.6282225091511,112.34229414830719,120.43802450871065,0,270,1350,1350,0,1350,0,0,0
1700.0,1000.0,1972.308292331602,30.46554491945988,0.0,1.0,0.0,1.0,0.0,92.90169811986267,123.19870792338098,131.84426977370907,0,270,1350,1350,0,1350,0,0,0
1800.0,1000.0,2059.1260281974,29.054604099077146,0.0,1.0,0.0,1.0,0.0,101.74306346254714,134.592692585297,143.0700973696292,0,270,1350,1350,0,1350,0,0,0
-500.0,1100.0,1208.3045973594571,114.44395478041653,0.0,1.0,0.0,1.0,0.0,124.54170853407604,237.17165516173665,301.4659320177887,0,270,1350,1350,0,1350,0,0,0
-400.0,1100.0,1170.4699910719626,109.98310652189998,0.0,1.0,0.0,1.0,0.0,114.52729388954629,221.58552938294972,280.84970090575064,0,270,1350,1350,0,1350,0,0,0
-300.0,1100.0,1140.175425099138,105.25511870305779,0.0,1.0,0.0,1.0,0.0,105.19139164021396,206.52983386572728,261.2068528889543,0,270,1350,1350,0,1350,0,0,0
-200.0,1100.0,1118.033988749895,100.30484646876603,0.0,1.0,0.0,1.0,0.0,96.56961734402002,192.29731732226568,242.52702139343793,0,270,1350,1350,0,1350,0,0,0
-100.0,1100.0,1104.536101718726,95.1944289077348,0.03333333333333333,1.0,0.035555555555555556,1.0,0.035555555555555556,88.5514231027895,178.63062895368134,224.80081518093243,9,270,1350,1350,48,1350,48,0,0
0.0,1100.0,1100.0,90.0,0.06666666666666667,1.0,0.08,1.0,0.08,81.21958688633694,165.81864239771124,208.01989031853924,18,270,1350,1350,108,1350,108,0,0
100.0,1100.0,1104.536101718726,84.8055710922652,0.03333333333333333,1.0,0.12,0.9740740740740741,0.09407407407407407,74.60279353025399,153.4443626841831,192.1770189372417,9,270,1350,1350,162,1315,127,35,0
200.0,1100.0,1118.033988749895,79.69515353123397,0.06666666666666667,1.0,0.15333333333333332,0.9740740740740741,0.1274074074074074,68.63325529112737,141.9527730491253,177.26614464143705,18,270,1350,1350,207,1315,172,35,0
300.0,1100.0,1140.175425099138,74.74488129694222,0.0,1.0,0.08666666666666667,0.9740740740740741,0.06074074074074074,63.329331606103416,131.21442707691833,163.28240802463193,0,270,1350,1350,117,1315,82,35,0
400.0,1100.0,1170.4699910719626,70.01689347810003,0.0,1.0,0.0,0.9740740740740741,0.0,58.69420499392784,121.06760429410438,150.22211648819942,0,270,1350,1350,0,1315,0,0,0
500.0,1100.0,1208.3045973594571,65.55604521958347,0.0,1.0,0.0,0.9740740740740741,0.0,54.712053095624825,111.77958700873498,138.08261984840183,0,270,1350,1350,0,1315,0,0,0
600.0,1100.0,1252.9964086141667,61.38954033403479,0.0,1.0,0.0,0.9740740740740741,0.0,51.370947928269636,103.18541952261857,126.8620370194872,0,270,1350,1350,0,1315,0,0,0
700.0,1100.0,1303.8404810405298,57.52880770915151,0.0,1.0,0.0,0.9740740740740741,0.0,51.83945926422924,95.24653497026115,116.55876084022303,0,270,1350,1350,0,1315,0,0,0
800.0,1100.0,1360.1470508735442,53.97262661489639,0.0,1.0,0.0,0.9740740740740741,0.0,54.13204885635906,88.188912719088,107.1706523706551,0,270,1350,1350,0,1315,0,0,0
900.0,1100.0,1421.2670403551895,50.71059313749964,0.0,1.0,0.0,0.9740740740740741,0.0,56.609722004830836,81.84209889786102,98.69383231939437,0,270,1350,1350,0,1315,0,0,0
1000.0,1100.0,1486.6068747318504,47.72631099390627,0.0,1.0,0.0,0.9740740740740741,0.0,59.22292400901774,76.20795143070504,91.12100191470334,0,270,1350,1350,0,1315,0,0,0
1100.0,1100.0,1555.6349186104046,45.0,0.0,1.0,0.0,0.9740740740740741,0.0,61.954782643196936,73.97608249042025,84.4392998543318,0,270,1350,1350,0,1315,0,0,0
1200.0,1100.0,1627.8820596099706,42.510447078000844,0.0,1.0,0.0,0.9740740740740741,0.0,64.8041294388585,77.35199553364106,82.22534390479544,0,270,1350,1350,0,1315,0,0,0
1300.0,1100.0,1702.93863659264,40.23635830927382,0.0,1.0,0.0,0.9740740740740741,0.0,67.73867423567863,84.20098192112249,90.00301417575365,0,270,1350,1350,0,1315,0,0,0
1400.0,1100.0,1780.4493814764855,38.15722658736906,0.0,1.0,0.0,0.9740740740740741,0.0,71.27195304255757,92.11697764594916,98.3921500258766,0,270,1350,1350,0,1315,0,0,0
1500.0,1100.0,1860.1075237738273,36.25383773744479,0.0,1.0,0.0,0.9740740740740741,0.0,77.41707273127886,100.54745670338117,106.36499379196583,0,270,1350,1350,0,1315,0,0,0
1600.0,1100.0,1941.6487838947598,34.5085229876684,0.0,1.0,0.0,1.0,0.0,84.06002233499859,109.43196226138753,116.09429529756477,0,270,1350,1350,0,1350,0,0,0
1700.0,1100.0,2024.8456731316587,32.9052429229879,0.0,1.0,0.0,1.0,0.0,91.58703741490407,118.63540521134853,126.48351223164461,0,270,1350,1350,0,1350,0,0,0
1800.0,1100.0,2109.5023109728986,31.429565614838516,0.0,1.0,0.0,1.0,0.0,99.7541127224349,129.14593387223323,137.25959368797965,0,270,1350,1350,0,1350,0,0,0
-500.0,1200.0,1300.0,112.61986494804043,0.0,1.0,0.0,1.0,0.0,121.17224754268665,224.75699256119225,281.6266895595486,0,270,1350,1350,0,1350,0,0,0
-400.0,1200.0,1264.9110640673518,108.43494882292202,0.0,1.0,0.0,1.0,0.0,112.01022033760941,210.43008646883555,263.0708286819894,0,270,1350,1350,0,1350,0,0,0
-300.0,1200.0,1236.9316876852981,104.03624346792648,0.0,1.0,0.0,1.0,0.0,103.45059891607335,196.92172815115987,245.38092783546224,0,270,1350,1350,0,1350,0,0,0
-200.0,1200.0,1216.552506059644,99.46232220802563,0.0,1.0,0.0,1.0,0.0,95.5097348294731,183.8361683934435,228.5491307075503,0,270,1350,1350,0,1350,0,0,0
-100.0,1200.0,1204.1594578792296,94.76364169072617,0.0,1.0,0.0,1.0,0.0,88.24506149857743,171.1805651540802,212.568334060617,0,270,1350,1350,0,1350,0,0,0
0.0,1200.0,1200.0,90.0,0.0,1.0,0.0,1.0,0.0,81.53962714742374,159.22499087332292,197.43222310265867,0,270,1350,1350,0,1350,0,0,0
100.0,1200.0,1204.1594578792296,85.23635830927383,0.0,1.0,0.0,0.9674074074074074,0.0,75.44220663930471,148.40742192311023,183.13529408493335,0,270,1350,1350,0,1306,0,0,0
200.0,1200.0,1216.552506059644,80.53767779197439,0.0,1.0,0.0,0.9674074074074074,0.0,69.95740255019258,137.746592726631,169.67285318482874,0,270,1350,1350,0,1306,0,0,0
300.0,1200.0,1236.9316876852981,75.96375653207353,0.0,1.0,0.0,0.9674074074074074,0.0,65.07980656069348,127.92653175039415,157.04097556534464,0,270,1350,1350,0,1306,0,0,0
400.0,1200.0,1264.9110640673518,71.56505117707799,0.0,1.0,0.0,0.9674074074074074,0.0,60.80124395557826,118.84344694120367,145.23640174908024,0,270,1350,1350,0,1306,0,0,0
500.0,1200.0,1300.0,67.38013505195957,0.0,1.0,0.0,0.9674074074074074,0.0,57.10310497753302,110.22492445783627,134.2563402280768,0,270,1350,1350,0,1306,0,0,0
600.0,1200.0,1341.640786499874,63.43494882292201,0.0,1.0,0.0,0.9674074074074074,0.0,53.99242840836245,102.34454188681984,124.09813636063616,0,270,1350,1350,0,1306,0,0,0
700.0,1200.0,1389.2443989449805,59.743562836470744,0.0,1.0,0.0,0.9674074074074074,0.0,54.28471144445895,95.15057018553807,114.75876016835485,0,270,1350,1350,0,1306,0,0,0
800.0,1200.0,1442.2205101855957,56.309932474020215,0.0,1.0,0.0,0.9674074074074074,0.0,56.39841625636488,88.61996500399754,106.2340637404888,0,270,1350,1350,0,1306,0,0,0
900.0,1200.0,1500.0,53.13010235415598,0.0,1.0,0.0,0.9674074074074074,0.0,58.70723666390579,82.7776305246739,98.5177692673816,0,270,1350,1350,0,1306,0,0,0
1000.0,1200.0,1562.049935181331,50.19442890773481,0.0,1.0,0.0,0.9674074074074074,0.0,61.159803823260255,77.62132914627121,91.60018016328677,0,270,1350,1350,0,1306,0,0,0
1100.0,1200.0,1627.8820596099706,47.48955292199916,0.0,1.0,0.0,0.9674074074074074,0.0,63.74063434146758,74.91683606627939,85.46666878458082,0,270,1350,1350,0,1306,0,0,0
1200.0,1200.0,1697.0562748477141,45.0,0.0,1.0,0.0,0.9674074074074074,0.0,66.43153823164454,78.07048992915244,82.06122292610492,0,270,1350,1350,0,1306,0,0,0
1300.0,1200.0,1769.1806012954132,42.70938995736147,0.0,1.0,0.0,0.9674074074074074,0.0,69.21605973945549,83.88888603331807,89.19026165580792,0,270,1350,1350,0,1306,0,0,0
1400.0,1200.0,1843.9088914585775,40.60129464500447,0.0,1.0,0.0,0.9674074074074074,0.0,72.39126806157682,91.1444417276461,96.90151025820683,0,270,1350,1350,0,1306,0,0,0
1500.0,1200.0,1920.9372712298546,38.65980825409009,0.0,1.0,0.0,0.9674074074074074,0.0,77.86837410256553,98.9165185639009,104.16584619141024,0,270,1350,1350,0,1306,0,0,0
1600.0,1200.0,2000.0,36.86989764584402,0.0,1.0,0.0,1.0,0.0,84.137110237152,107.07708416079662,113.07238521255996,0,270,1350,1350,0,1350,0,0,0
1700.0,1200.0,2080.865204668481,35.21759296819271,0.0,1.0,0.0,1.0,0.0,91.04064802646316,115.42772448153205,122.58188411074207,0,270,1350,1350,0,1350,0,0,0
1800.0,1200.0,2163.3307652783938,33.690067525979785,0.0,1.0,0.0,1.0,0.0,98.52419427942007,125.04944649356237,132.62932018022622,0,270,1350,1350,0,1350,0,0,0
-500.0,1300.0,1392.838827718412,111.03751102542182,0.0,1.0,0.0,1.0,0.0,118.85196354809695,214.89687579989322,265.8053023777943,0,270,1350,1350,0,1350,0,0,0
-400.0,1300.0,1360.1470508735442,107.10272896905236,0.0,1.0,0.0,1.0,0.0,110.40662807022423,201.76367111315457,248.93915753572767,0,270,1350,1350,0,1350,0,0,0
-300.0,1300.0,1334.1664064126335,102.9946167919165,0.0,1.0,0.0,1.0,0.0,102.51265763010215,188.85475997434605,232.85248334497666,0,270,1350,1350,0,1350,0,0,0
-200.0,1300.0,1315.2946437965904,98.74616226255522,0.0,1.0,0.0,1.0,0.0,95.22198150253865,176.9465532631811,217.53911997811375,0,270,1350,1350,0,1350,0,0,0
-100.0,1300.0,1303.8404810405298,94.39870535499554,0.0,1.0,0.0,1.0,0.0,88.43422197102359,165.68739947205603,202.99347529218858,0,270,1350,1350,0,1350,0,0,0
0.0,1300.0,1300.0,90.0,0.0,1.0,0.0,1.0,0.0,82.29987146169503,154.68365297434036,189.21053059031559,0,270,1350,1350,0,1350,0,0,0
100.0,1300.0,1303.8404810405298,85.60129464500447,0.0,1.0,0.0,0.9674074074074074,0.0,76.66284546318442,144.3640525605976,176.1858281308351,0,270,1350,1350,0,1306,0,0,0
200.0,1300.0,1315.2946437965904,81.2538377374448,0.0,1.0,0.0,0.9674074074074074,0.0,71.58487155506651,134.90460632996798,163.91543011683447,0,270,1350,1350,0,1306,0,0,0
300.0,1300.0,1334.1664064126335,77.0053832080835,0.0,1.0,0.0,0.9674074074074074,0.0,67.06627650226429,125.67307893748902,152.39583517601724,0,270,1350,1350,0,1306,0,0,0
400.0,1300.0,1360.1470508735442,72.89727103094764,0.0,1.0,0.0,0.9674074074074074,0.0,63.0877483560092,117.19482885991494,141.6238339852941,0,270,1350,1350,0,1306,0,0,0
500.0,1300.0,1392.838827718412,68.96248897457819,0.0,1.0,0.0,0.9674074074074074,0.0,59.64006457257656,109.45817450311344,131.5962811591459,0,270,1350,1350,0,1306,0,0,0
600.0,1300.0,1431.7821063276353,65.22485943116808,0.0,1.0,0.0,0.9674074074074074,0.0,56.716447867221774,102.0869784171527,122.30975682738045,0,270,1350,1350,0,1306,0,0,0
700.0,1300.0,1476.48230602334,61.69924423399363,0.0,1.0,0.0,0.9674074074074074,0.0,56.86791574913068,95.50304465529199,113.76009035715181,0,270,1350,1350,0,1306,0,0,0
800.0,1300.0,1526.4337522473747,58.3924977537511,0.0,1.0,0.0,0.9674074074074074,0.0,58.84912468034314,89.48025971733988,105.9417233888721,0,270,1350,1350,0,1306,0,0,0
900.0,1300.0,1581.1388300841897,55.30484646876604,0.0,1.0,0.0,0.9674074074074074,0.0,61.0173045195865,84.03150563161259,98.84690370619042,0,270,1350,1350,0,1306,0,0,0
1000.0,1300.0,1640.1219466856726,52.43140797117251,0.0,1.0,0.0,0.9674074074074074,0.0,63.32464139993698,79.21595704759312,92.46472953651472,0,270,1350,1350,0,1306,0,0,0
1100.0,1300.0,1702.93863659264,49.76364169072618,0.0,1.0,0.0,0.9674074074074074,0.0,65.77401323443439,75.99443751611906,86.78010783902342,0,270,1350,1350,0,1306,0,0,0
1200.0,1300.0,1769.1806012954132,47.290610042638534,0.0,1.0,0.0,0.9674074074074074,0.0,68.34036987774783,78.93126672293579,82.45952726757972,0,270,1350,1350,0,1306,0,0,0
1300.0,1300.0,1838.4776310850236,45.0,0.0,1.0,0.0,0.9674074074074074,0.0,71.00894745773591,84.16042025218056,89.03981062156926,0,270,1350,1350,0,1306,0,0,0
1400.0,1300.0,1910.49731745428,42.87890360333855,0.0,1.0,0.0,0.9674074074074074,0.0,73.80691219392665,90.85743141741214,96.15747254565585,0,270,1350,1350,0,1306,0,0,0
1500.0,1300.0,1984.9433241279207,40.91438322002513,0.0,1.0,0.0,0.9674074074074074,0.0,78.86855348598198,98.03604405739739,103.69474929020475,0,270,1350,1350,0,1306,0,0,0
1600.0,1300.0,2061.5528128088304,39.0938588862295,0.0,1.0,0.0,1.0,0.0,84.71271091400405,105.6213963289095,111.06368425189075,0,270,1350,1350,0,1350,0,0,0
1700.0,1300.0,2140.09345590327,37.40535663140856,0.0,1.0,0.0,1.0,0.0,91.081391318731,113.25941988186645,119.83120642810175,0,270,1350,1350,0,1350,0,0,0
1800.0,1300.0,2220.3603311174516,35.83765295427829,0.0,1.0,0.0,1.0,0.0,97.99928558858178,122.13133636194915,129.1548766278651,0,270,1350,1350,0,1350,0,0,0
-500.0,1400.0,1486.6068747318504,109.6538240580533,0.0,1.0,0.0,1.0,0.0,117.35303699323755,206.84086914994344,253.04547378711902,0,270,1350,1350,0,1350,0,0,0
-400.0,1400.0,1456.0219778561036,105.94539590092286,0.0,1.0,0.0,1.0,0.0,109.51841407291431,194.68756101420084,237.58909758193238,0,270,1350,1350,0,1350,0,0,0
-300.0,1400.0,1431.7821063276353,102.0947570770121,0.0,1.0,0.0,1.0,0.0,102.19333701590463,182.70250508438968,222.84098381893745,0,270,1350,1350,0,1350,0,0,0
-200.0,1400.0,1414.213562373095,98.13010235415598,0.0,1.0,0.0,1.0,0.0,95.39087597989496,171.53163823415196,208.79613175336326,0,270,1350,1350,0,1350,0,0,0
-100.0,1400.0,1403.56688476182,94.08561677997488,0.0,1.0,0.0,1.0,0.0,89.14086079095534,161.1782444653604,195.4499538358305,0,270,1350,1350,0,1350,0,0,0
0.0,1400.0,1400.0,90.0,0.0,1.0,0.0,1.0,0.0,83.42261226534282,151.21327284540806,182.79825919911818,0,270,1350,1350,0,1350,0,0,0
100.0,1400.0,1403.56688476182,85.91438322002513,0.0,1.0,0.0,0.9674074074074074,0.0,78.17784966684675,141.53284148929137,170.83721658329614,0,270,1350,1350,0,1306,0,0,0
200.0,1400.0,1414.213562373095,81.86989764584403,0.0,1.0,0.0,0.9674074074074074,0.0,73.45167504944062,132.6391948159243,159.5632879023526,0,270,1350,1350,0,1306,0,0,0
300.0,1400.0,1431.7821063276353,77.9052429229879,0.0,1.0,0.0,0.9674074074074074,0.0,69.22950385841109,124.36667194835886,148.97312125801744,0,270,1350,1350,0,1306,0,0,0
400.0,1400.0,1456.0219778561036,74.05460409907715,0.0,1.0,0.0,0.9674074074074074,0.0,65.50942430367711,116.39728019309561,139.06338978914607,0,270,1350,1350,0,1306,0,0,0
500.0,1400.0,1486.6068747318504,70.3461759419467,0.0,1.0,0.0,0.9674074074074074,0.0,62.28671107815579,109.11329354829522,129.83056083367254,0,270,1350,1350,0,1306,0,0,0
600.0,1400.0,1523.1546211727816,66.80140948635182,0.0,1.0,0.0,0.9674074074074074,0.0,59.54371953002584,102.44584475162839,121.27057938999666,0,270,1350,1350,0,1306,0,0,0
700.0,1400.0,1565.2475842498527,63.43494882292201,0.0,1.0,0.0,0.9674074074074074,0.0,59.54449080016115,96.23927621786456,113.37845219274863,0,270,1350,1350,0,1306,0,0,0
800.0,1400.0,1612.4515496597098,60.25511870305778,0.0,1.0,0.0,0.9674074074074074,0.0,61.43534139788156,90.57239556138569,106.14772571824265,0,270,1350,1350,0,1306,0,0,0
900.0,1400.0,1664.3316977093239,57.264773727892404,0.0,1.0,0.0,0.9674074074074074,0.0,63.5067155613811,85.56307584212563,99.5698651222506,0,270,1350,1350,0,1306,0,0,0
1000.0,1400.0,1720.4650534085254,54.46232220802562,0.0,1.0,0.0,0.9674074074074074,0.0,65.71056325372085,81.01333486039157,93.6335629141403,0,270,1350,1350,0,1306,0,0,0
1100.0,1400.0,1780.4493814764855,51.84277341263094,0.0,1.0,0.0,0.9674074074074074,0.0,68.04444728102455,77.38017648240402,88.32403564335591,0,270,1350,1350,0,1306,0,0,0
1200.0,1400.0,1843.9088914585775,49.398705354995535,0.0,1.0,0.0,0.9674074074074074,0.0,70.4705430054841,80.16748864212232,83.62240012099396,0,270,1350,1350,0,1306,0,0,0
1300.0,1400.0,1910.49731745428,47.12109639666146,0.0,1.0,0.0,0.9674074074074074,0.0,72.92576929603112,84.89045200653602,89.4096488727505,0,270,1350,1350,0,1306,0,0,0
1400.0,1400.0,1979.8989873223331,45.0,0.0,1.0,0.0,0.9674074074074074,0.0,75.52183332772783,91.1089224167835,96.0185894765917,0,270,1350,1350,0,1306,0,0,0
1500.0,1400.0,2051.828452868319,43.025065989118026,0.0,1.0,0.0,0.9674074074074074,0.0,80.23986632455194,97.78381713176731,103.03393106532063,0,270,1350,1350,0,1306,0,0,0
1600.0,1400.0,2126.02916254693,41.18592516570965,0.0,1.0,0.0,1.0,0.0,85.67614142306205,104.84434522143324,109.84871715655176,0,270,1350,1350,0,1350,0,0,0
1700.0,1400.0,2202.271554554524,39.472459848343824,0.0,1.0,0.0,1.0,0.0,91.59561164154816,111.90553044496619,117.98201053137737,0,270,1350,1350,0,1350,0,0,0
1800.0,1400.0,2280.350850198276,37.874983651098205,0.0,1.0,0.0,1.0,0.0,98.01224123206939,120.13643751612331,126.63042925083474,0,270,1350,1350,0,1350,0,0,0
-500.0,1500.0,1581.1388300841897,108.43494882292202,0.0,1.0,0.0,1.0,0.0,116.50938740125432,200.24729012128319,242.67083568727867,0,270,1350,1350,0,1350,0,0,0
-400.0,1500.0,1552.4174696260025,104.93141717813755,0.0,1.0,0.0,1.0,0.0,109.20123096206493,189.00617470323755,228.40763746686935,0,270,1350,1350,0,1350,0,0,0
-300.0,1500.0,1529.7058540778355,101.30993247402021,0.0,1.0,0.0,1.0,0.0,102.36646356718919,177.90698463325697,214.7929896413935,0,270,1350,1350,0,1350,0,0,0
-200.0,1500.0,1513.2745950421556,97.59464336859145,0.0,1.0,0.0,1.0,0.0,96.01659597995054,167.59747696603782,201.8226900649299,0,270,1350,1350,0,1350,0,0,0
-100.0,1500.0,1503.3296378372909,93.81407483429037,0.0,1.0,0.0,1.0,0.0,90.15037184005695,157.6830537144364,189.4928224228466,0,270,1350,1350,0,1350,0,0,0
0.0,1500.0,1500.0,90.0,0.0,1.0,0.0,1.0,0.0,84.81438623313136,148.47425690268207,177.79972422036528,0,270,1350,1350,0,1350,0,0,0
100.0,1500.0,1503.3296378372909,86.18592516570965,0.0,1.0,0.0,0.9607407407407408,0.0,79.93067570487139,139.71122727662402,166.73993414547127,0,270,1350,1350,0,1297,0,0,0
200.0,1500.0,1513.2745950421556,82.40535663140857,0.0,1.0,0.0,0.9607407407407408,0.0,75.50347039899188,131.24726076409948,156.31011177527193,0,270,1350,1350,0,1297,0,0,0
300.0,1500.0,1529.7058540778355,78.69006752597979,0.0,1.0,0.0,0.9607407407407408,0.0,71.54648634563972,123.40913091465276,146.5069212598426,0,270,1350,1350,0,1297,0,0,0
400.0,1500.0,1552.4174696260025,75.06858282186245,0.0,1.0,0.0,0.9607407407407408,0.0,68.0517624414995,116.16727605482387,137.3268695936172,0,270,1350,1350,0,1297,0,0,0
500.0,1500.0,1581.1388300841897,71.56505117707799,0.0,1.0,0.0,0.9607407407407408,0.0,65.01706630960285,109.36652960206351,128.76608983969092,0,270,1350,1350,0,1297,0,0,0
600.0,1500.0,1615.5494421403512,68.19859051364818,0.0,1.0,0.0,0.9607407407407408,0.0,62.43267936004293,103.01710911332204,120.8200609019531,0,270,1350,1350,0,1297,0,0,0
700.0,1500.0,1655.294535724685,64.98310652189998,0.0,1.0,0.0,0.9607407407407408,0.0,62.36914264236361,97.23972182351582,113.48325905856427,0,270,1350,1350,0,1297,0,0,0
800.0,1500.0,1700.0,61.92751306414704,0.0,1.0,0.0,0.9607407407407408,0.0,64.16882544268796,92.01387705414277,106.7487435019383,0,270,1350,1350,0,1297,0,0,0
900.0,1500.0,1749.28556845359,59.03624346792648,0.0,1.0,0.0,0.9607407407407408,0.0,66.0778793542137,87.27042239606317,100.6076894179883,0,270,1350,1350,0,1297,0,0,0
1000.0,1500.0,1802.7756377319947,56.309932474020215,0.0,1.0,0.0,0.9607407407407408,0.0,68.1561011722285,82.97869186670913,95.04889783119972,0,270,1350,1350,0,1297,0,0,0
1100.0,1500.0,1860.1075237738273,53.74616226255522,0.0,1.0,0.0,0.9607407407407408,0.0,70.23418660634869,79.24908866159434,90.05833030403132,0,270,1350,1350,0,1297,0,0,0
1200.0,1500.0,1920.9372712298546,51.34019174590991,0.0,1.0,0.0,0.9607407407407408,0.0,72.52030693869028,81.86945926818335,85.6187353449578,0,270,1350,1350,0,1297,0,0,0
1300.0,1500.0,1984.9433241279207,49.08561677997488,0.0,1.0,0.0,0.9607407407407408,0.0,74.95498784673921,85.9872831541247,90.19565932635427,0,270,1350,1350,0,1297,0,0,0
1400.0,1500.0,2051.828452868319,46.97493401088198,0.0,1.0,0.0,0.9607407407407408,0.0,77.4884830393882,91.79116804134429,96.36375830337616,0,270,1350,1350,0,1297,0,0,0
1500.0,1500.0,2121.3203435596424,45.0,0.0,1.0,0.0,0.9607407407407408,0.0,81.86876994264156,98.02252897267975,102.90437570190231,0,270,1350,1350,0,1297,0,0,0
1600.0,1500.0,2193.171219946131,43.15238973400541,0.0,1.0,0.0,1.0,0.0,86.94229874250729,104.61512804699727,109.26713235054395,0,270,1350,1350,0,1350,0,0,0
1700.0,1500.0,2267.1568097509266,41.423665625002656,0.0,1.0,0.0,1.0,0.0,92.4643447325769,111.20167160626272,116.8520680227914,0,270,1350,1350,0,1350,0,0,0
1800.0,1500.0,2343.074902771996,39.80557109226519,0.0,1.0,0.0,1.0,0.0,98.45800004968913,118.87831003611218,124.91673500316598,0,270,1350,1350,0,1350,0,0,0
-500.0,1600.0,1676.305461424021,107.35402463626133,0.0,1.0,0.0,1.0,0.0,116.1971385157758,195.0802906461764,234.18970464908855,0,270,1350,1350,0,1350,0,0,0
-400.0,1600.0,1649.2422502470642,104.03624346792648,0.0,1.0,0.0,1.0,0.0,109.34745061589211,184.32984264016054,220.94870508026503,0,270,1350,1350,0,1350,0,0,0
-300.0,1600.0,1627.8820596099706,100.61965527615514,0.0,1.0,0.0,1.0,0.0,102.93962840360089,174.29040605445107,208.30541809954502,0,270,1350,1350,0,1350,0,0,0
-200.0,1600.0,1612.4515496597098,97.1250163489018,0.0,1.0,0.0,1.0,0.0,96.98386454797509,164.42005033164818,196.25619651472414,0,270,1350,1350,0,1350,0,0,0
-100.0,1600.0,1603.1219541881396,93.57633437499736,0.0,1.0,0.0,1.0,0.0,91.4787470516782,155.20541082354302,184.7975756310186,0,270,1350,1350,0,1350,0,0,0
0.0,1600.0,1600.0,90.0,0.0,1.0,0.0,1.0,0.0,86.43196157455503,146.5620215935072,173.92623151009738,0,270,1350,1350,0,1350,0,0,0
100.0,1600.0,1603.1219541881396,86.42366562500266,0.0,1.0,0.0,0.9607407407407408,0.0,81.87628192531619,138.24095172350127,163.63891997720563,0,270,1350,1350,0,1297,0,0,0
200.0,1600.0,1612.4515496597098,82.8749836510982,0.0,1.0,0.0,0.9607407407407408,0.0,77.71128567907995,130.533126821434,153.9323910865303,0,270,1350,1350,0,1297,0,0,0
300.0,1600.0,1627.8820596099706,79.38034472384487,0.0,1.0,0.0,0.9607407407407408,0.0,73.98407671159268,123.16768934007675,144.8032731900308,0,270,1350,1350,0,1297,0,0,0
400.0,1600.0,1649.2422502470642,75.96375653207353,0.0,1.0,0.0,0.9607407407407408,0.0,70.68977353210425,116.24586768132167,136.24792063576177,0,270,1350,1350,0,1297,0,0,0
500.0,1600.0,1676.305461424021,72.64597536373867,0.0,1.0,0.0,0.9607407407407408,0.0,67.82252310769312,109.88882874004938,128.26221980991647,0,270,1350,1350,0,1297,0,0,0
600.0,1600.0,1708.8007490635061,69.44395478041653,0.0,1.0,0.0,0.9607407407407408,0.0,65.3758680329083,103.99278205544066,120.84135020485638,0,270,1350,1350,0,1297,0,0,0
700.0,1600.0,1746.424919657298,66.37062226934319,0.0,1.0,0.0,0.9607407407407408,0.0,65.30840789707943,98.5915789203706,113.97950098058436,0,270,1350,1350,0,1297,0,0,0
800.0,1600.0,1788.8543819998317,63.43494882292201,0.0,1.0,0.0,0.9607407407407408,0.0,66.91906949625212,93.62571755999568,107.66954957401151,0,270,1350,1350,0,1297,0,0,0
900.0,1600.0,1835.7559750685818,60.64224645720873,0.0,1.0,0.0,0.9607407407407408,0.0,68.67403708312294,89.12834292137552,101.90271751483446,0,270,1350,1350,0,1297,0,0,0
1000.0,1600.0,1886.7962264113207,57.9946167919165,0.0,1.0,0.0,0.9607407407407408,0.0,70.60042872222708,85.06112412816475,96.66822936823765,0,270,1350,1350,0,1297,0,0,0
1100.0,1600.0,1941.6487838947598,55.4914770123316,0.0,1.0,0.0,0.9607407407407408,0.0,72.70789500966417,81.44245003324508,91.95301237160365,0,270,1350,1350,0,1297,0,0,0
1200.0,1600.0,2000.0,53.13010235415598,0.0,1.0,0.0,0.9607407407407408,0.0,74.93416198749756,83.71882043857428,87.74148448476718,0,270,1350,1350,0,1297,0,0,0
1300.0,1600.0,2061.5528128088304,50.906141113770495,0.0,1.0,0.0,0.9607407407407408,0.0,77.24101543758067,87.3821784027269,91.3197703164662,0,270,1350,1350,0,1297,0,0,0
1400.0,1600.0,2126.02916254693,48.81407483429036,0.0,1.0,0.0,0.9607407407407408,0.0,79.65748186170882,92.82340305856248,97.10217068278087,0,270,1350,1350,0,1297,0,0,0
1500.0,1600.0,2193.171219946131,46.8476102659946,0.0,1.0,0.0,0.9607407407407408,0.0,83.70539123781741,98.66451408438832,103.09861593898174,0,270,1350,1350,0,1297,0,0,0
1600.0,1600.0,2262.741699796952,45.0,0.0,1.0,0.0,1.0,0.0,88.45592514047408,104.85251580875162,109.19905045015217,0,270,1350,1350,0,1350,0,0,0
1700.0,1600.0,2334.5235059857505,43.264295411071615,0.0,1.0,0.0,1.0,0.0,93.64131963057388,111.0249376912763,116.30516799492663,0,270,1350,1350,0,1350,0,0,0
1800.0,1600.0,2408.3189157584593,41.6335393365702,0.0,1.0,0.0,1.0,0.0,99.26473652690098,118.21756866985687,123.86016836849213,0,270,1350,1350,0,1350,0,0,0
-500.0,1700.0,1772.004514666935,106.38954033403479,0.0,1.0,0.0,1.0,0.0,116.3220362522748,190.8443366555764,227.23623865015816,0,270,1350,1350,0,1350,0,0,0
-400.0,1700.0,1746.424919657298,103.2405199151872,0.0,1.0,0.0,1.0,0.0,109.87519565384758,180.8966825536454,214.88014468344028,0,270,1350,1350,0,1350,0,0,0
-300.0,1700.0,1726.2676501632068,100.00797980144135,0.0,1.0,0.0,1.0,0.0,103.84253668869971,171.1867068709652,203.07792959496078,0,270,1350,1350,0,1350,0,0,0
-200.0,1700.0,1711.724276862369,96.70983680775694,0.0,1.0,0.0,1.0,0.0,98.23314163927128,161.95806037716758,191.82633626951355,0,270,1350,1350,0,1350,0,0,0
-100.0,1700.0,1702.93863659264,93.3664606634298,0.0,1.0,0.0,1.0,0.0,93.0455359790584,153.45803076332982,181.12220785436534,0,270,1350,1350,0,1350,0,0,0
0.0,1700.0,1700.0,90.0,0.0,1.0,0.0,1.0,0.0,88.28681112597884,145.29001751393733,170.96244089931707,0,270,1350,1350,0,1350,0,0,0
100.0,1700.0,1702.93863659264,86.63353933657021,0.0,1.0,0.0,0.9607407407407408,0.0,83.94495749469016,137.3717224172189,161.343921419052,0,270,1350,1350,0,1297,0,0,0
200.0,1700.0,1711.724276862369,83.29016319224307,0.0,1.0,0.0,0.9607407407407408,0.0,80.04711044672263,130.08022776397425,152.26344012892403,0,270,1350,1350,0,1297,0,0,0
300.0,1700.0,1726.2676501632068,79.99202019855866,0.0,1.0,0.0,0.9607407407407408,0.0,76.5297833827758,123.23000728740114,143.7175830504542,0,270,1350,1350,0,1297,0,0,0
400.0,1700.0,1746.424919657298,76.7594800848128,0.0,1.0,0.0,0.9607407407407408,0.0,73.41185691458625,116.79982926274907,135.70259408761783,0,270,1350,1350,0,1297,0,0,0
500.0,1700.0,1772.004514666935,73.61045966596522,0.0,1.0,0.0,0.9607407407407408,0.0,70.69480340278696,110.78666918305888,128.21420729417858,0,270,1350,1350,0,1297,0,0,0
600.0,1700.0,1802.7756377319947,70.5599651718238,0.0,1.0,0.0,0.9607407407407408,0.0,68.37335357312708,105.2463839374177,121.24744867661165,0,270,1350,1350,0,1297,0,0,0
700.0,1700.0,1838.4776310850236,67.61986494804043,0.0,1.0,0.0,0.9607407407407408,0.0,68.14966889402884,100.10147980760289,114.79641078509638,0,270,1350,1350,0,1297,0,0,0
800.0,1700.0,1878.8294228055936,64.79887635452492,0.0,1.0,0.0,0.9607407407407408,0.0,69.74421457416622,95.37631743138206,108.85400820715884,0,270,1350,1350,0,1297,0,0,0
900.0,1700.0,1923.5384061671346,62.10272896905237,0.0,1.0,0.0,0.9607407407407408,0.0,71.42586355291598,91.11695512421886,103.41172831614432,0,270,1350,1350,0,1297,0,0,0
1000.0,1700.0,1972.308292331602,59.53445508054013,0.0,1.0,0.0,0.9607407407407408,0.0,73.32077772055656,87.23329854740702,98.45939874624588,0,270,1350,1350,0,1297,0,0,0
1100.0,1700.0,2024.8456731316587,57.094757077012105,0.0,1.0,0.0,0.9607407407407408,0.0,75.29137127115223,83.75448765367857,93.98500001857482,0,270,1350,1350,0,1297,0,0,0
1200.0,1700.0,2080.865204668481,54.78240703180729,0.0,1.0,0.0,0.9607407407407408,0.0,77.37433293962812,85.79485319575906,89.97455690874146,0,270,1350,1350,0,1297,0,0,0
1300.0,1700.0,2140.09345590327,52.59464336859145,0.0,1.0,0.0,0.9607407407407408,0.0,79.57663251754832,89.02259638685224,92.72229052262597,0,270,1350,1350,0,1297,0,0,0
1400.0,1700.0,2202.271554554524,50.527540151656176,0.0,1.0,0.0,0.9607407407407408,0.0,81.88864643767215,94.14389304701173,98.16439731802797,0,270,1350,1350,0,1297,0,0,0
1500.0,1700.0,2267.1568097509266,48.57633437499735,0.0,1.0,0.0,0.9607407407407408,0.0,85.70316033262262,99.6419009263019,103.28975293672822,0,270,1350,1350,0,1297,0,0,0
1600.0,1700.0,2334.5235059857505,46.73570458892839,0.0,1.0,0.0,1.0,0.0,90.18452490377591,105.45940406735316,109.55305384301785,0,270,1350,1350,0,1350,0,0,0
1700.0,1700.0,2404.1630560342614,45.0,0.0,1.0,0.0,1.0,0.0,95.07342359537233,111.28159789064745,116.23745459451682,0,270,1350,1350,0,1350,0,0,0
1800.0,1700.0,2475.8836806279896,43.36342295838329,0.0,1.0,0.0,1.0,0.0,100.34799799876814,118.04792281059083,123.34361331510476,0,270,1350,1350,0,1350,0,0,0
-500.0,1800.0,1868.1541692269404,105.52411099675426,0.0,1.0,0.0,1.0,0.0,116.81109893634573,187.5333571044479,221.53273178515192,0,270,1350,1350,0,1350,0,0,0
-400.0,1800.0,1843.9088914585775,102.52880770915151,0.0,1.0,0.0,1.0,0.0,110.72106567201659,178.0605798555722,209.94967899236477,0,270,1350,1350,0,1350,0,0,0
-300.0,1800.0,1824.8287590894658,99.46232220802563,0.0,1.0,0.0,1.0,0.0,105.02074340735626,168.87711213956814,198.88230678347065,0,270,1350,1350,0,1350,0,0,0
-200.0,1800.0,1811.0770276274834,96.3401917459099,0.0,1.0,0.0,1.0,0.0,99.7182780270783,160.23433952397892,188.32763699145715,0,270,1350,1350,0,1350,0,0,0
-100.0,1800.0,1802.7756377319947,93.17983011986423,0.0,1.0,0.0,1.0,0.0,94.82067313992943,152.19190130234094,178.2827277009693,0,270,1350,1350,0,1350,0,0,0
0.0,1800.0,1800.0,90.0,0.0,1.0,0.0,1.0,0.0,90.30910965345718,144.5338476197067,168.74462475441817,0,270,1350,1350,0,1350,0,0,0
100.0,1800.0,1802.7756377319947,86.82016988013577,0.0,1.0,0.0,0.9607407407407408,0.0,86.1977671869497,137.06484179387041,159.7102986919905,0,270,1350,1350,0,1297,0,0,0
200.0,1800.0,1811.0770276274834,83.6598082540901,0.0,1.0,0.0,0.9607407407407408,0.0,82.47534470759088,130.1259187492632,151.17656464566625,0,270,1350,1350,0,1297,0,0,0
300.0,1800.0,1824.8287590894658,80.53767779197439,0.0,1.0,0.0,0.9607407407407408,0.0,79.14236847964688,123.70093103892516,143.13998295623236,0,270,1350,1350,0,1297,0,0,0
400.0,1800.0,1843.9088914585775,77.47119229084849,0.0,1.0,0.0,0.9607407407407408,0.0,76.20786800111145,117.49861213716055,135.59673894388553,0,270,1350,1350,0,1297,0,0,0
500.0,1800.0,1868.1541692269404,74.47588900324574,0.0,1.0,0.0,0.9607407407407408,0.0,73.62600370537278,111.88325283582537,128.5425015004745,0,270,1350,1350,0,1297,0,0,0
600.0,1800.0,1897.3665961010277,71.56505117707799,0.0,1.0,0.0,0.9607407407407408,0.0,71.41781738003013,106.5442768401955,121.97226214601648,0,270,1350,1350,0,1297,0,0,0
700.0,1800.0,1931.3207915827966,68.74949449286676,0.0,1.0,0.0,0.9607407407407408,0.0,71.13797439857575,101.72214245359507,115.88015902123335,0,270,1350,1350,0,1297,0,0,0
800.0,1800.0,1969.771560359221,66.03751102542182,0.0,1.0,0.0,0.9607407407407408,0.0,72.65246192661371,97.26547689744139,110.2592939771441,0,270,1350,1350,0,1297,0,0,0
900.0,1800.0,2012.4611797498108,63.43494882292201,0.0,1.0,0.0,0.9607407407407408,0.0,74.31600582184737,93.12887258132994,105.10155528353351,0,270,1350,1350,0,1297,0,0,0
1000.0,1800.0,2059.1260281974,60.94539590092286,0.0,1.0,0.0,0.9607407407407408,0.0,76.07199321446767,89.44225702278723,100.39746304550367,0,270,1350,1350,0,1297,0,0,0
1100.0,1800.0,2109.5023109728986,58.57043438516149,0.0,1.0,0.0,0.9607407407407408,0.0,77.93302525380014,86.12574771522374,96.13605840693992,0,270,1350,1350,0,1297,0,0,0
1200.0,1800.0,2163.3307652783938,56.309932474020215,0.0,1.0,0.0,0.9607407407407408,0.0,79.92161401854062,87.89912023551497,92.30485997179497,0,270,1350,1350,0,1297,0,0,0
1300.0,1800.0,2220.3603311174516,54.16234704572171,0.0,1.0,0.0,0.9607407407407408,0.0,82.0405698022413,90.86768169783119,94.35680034865574,0,270,1350,1350,0,1297,0,0,0
1400.0,1800.0,2280.350850198276,52.1250163489018,0.0,1.0,0.0,0.9607407407407408,0.0,84.28903642437179,95.70216756770088,99.48322511540287,0,270,1350,1350,0,1297,0,0,0
1500.0,1800.0,2343.074902771996,50.19442890773481,0.0,1.0,0.0,0.9607407407407408,0.0,87.85169025331277,100.8723470003607,104.34519990260301,0,270,1350,1350,0,1297,0,0,0
1600.0,1800.0,2408.3189157584593,48.366460663429805,0.0,1.0,0.0,1.0,0.0,92.0937928120272,106.2032835008133,110.25821329846049,0,270,1350,1350,0,1350,0,0,0
1700.0,1800.0,2475.8836806279896,46.63657704161672,0.0,1.0,0.0,1.0,0.0,96.71939025446841,111.89892481720959,116.56835898607233,0,270,1350,1350,0,1350,0,0,0
1800.0,1800.0,2545.584412271571,45.0,0.0,1.0,0.0,1.0,0.0,101.6407881971688,118.28690622883204,123.27622633118627,0,270,1350,1350,0,1350,0,0,0
