stage,resolution_m,x,y,movement_distance,guaranteed_receive_coverage,possible_receive_coverage,near_area_coverage,direction_available_coverage,clear_ready_coverage,operational_good_coverage,uniform_guaranteed_receive_coverage,uniform_clear_ready_coverage,uniform_operational_good_coverage,worst_diameter_median,worst_diameter_mean,worst_diameter_p90,worst_diameter_p95,worst_diameter_max,unbounded_fraction_of_direction_area,mean_abs_orthogonality_error_deg,orthogonal_80_100_area_coverage,target_sample_count,epsilon_sample_count
final_refine_2m,2.0,630.0,360.0,725.6031973468695,1.0,1.0,0.0,1.0,0.23770491803278687,0.23770491803278687,1.0,0.36666666666666664,0.36666666666666664,88.98706088733245,104.74641696349548,209.52100037103747,227.89759216819715,271.4715267624324,0.0,45.62828332748465,0.06830601092896176,1260,9
final_refine_2m,2.0,632.0,360.0,727.3403604915652,1.0,1.0,0.0,1.0,0.2385376008326828,0.2385376008326828,1.0,0.3674603174603175,0.3674603174603175,88.62274080985979,104.41531596598314,208.87003362910158,227.2178024437172,270.60700136150336,0.0,45.56146159641709,0.06651053864168618,1260,9
final_refine_2m,2.0,634.0,360.0,729.0788709049248,1.0,1.0,0.0,1.0,0.24020296643247463,0.24020296643247463,1.0,0.36904761904761907,0.36904761904761907,88.25961936358063,104.0864920984431,208.22031457171792,226.5392543653876,269.7441623337488,0.0,45.49447301153588,0.06895654436638043,1260,9
final_refine_2m,2.0,636.0,360.0,730.8187189720854,1.0,1.0,0.0,1.0,0.24186833203226646,0.24186833203226646,1.0,0.37063492063492065,0.37063492063492065,87.89769744859633,103.75885129573868,207.57184261102367,225.86194726255323,268.8830083983706,0.0,45.4268736990601,0.07067395264116576,1260,9
final_refine_2m,2.0,638.0,360.0,732.5598951621636,1.0,1.0,0.0,1.0,0.2443663804319542,0.2443663804319542,1.0,0.373015873015873,0.373015873015873,87.53697597976813,103.43239962015952,206.9246171649469,225.18588046964058,268.0235382807489,0.0,45.35866228069804,0.07252146760343482,1260,9
final_refine_2m,2.0,640.0,360.0,734.3023900274328,1.0,1.0,0.0,1.0,0.24439240176945096,0.24439240176945096,1.0,0.36904761904761907,0.36904761904761907,87.1774558867591,103.10714858440274,206.27863765724774,224.51105332619468,267.1657507124612,0.0,45.28983742400097,0.07423887587822015,1260,9
final_refine_2m,2.0,642.0,360.0,736.0461942025106,1.0,1.0,0.0,1.0,0.24418423106947698,0.24418423106947698,1.0,0.36428571428571427,0.36428571428571427,86.81913811409585,102.78309788991834,205.63390351754424,223.8374651769067,266.3096444313226,0.0,45.2203978425346,0.07462919594067136,1260,9
final_refine_2m,2.0,644.0,360.0,737.7912984035526,1.0,1.0,0.0,1.0,0.2386937288576633,0.2386937288576633,1.0,0.3547619047619048,0.3547619047619048,86.46202362121099,102.46025047946577,204.9904141813522,223.1651153716462,265.4552181814231,0.0,45.15038337845374,0.07343221441582097,1260,9
final_refine_2m,2.0,646.0,360.0,739.5376934274548,1.0,1.0,0.0,1.0,0.2463960447567005,0.2463960447567005,1.0,0.3634920634920635,0.3634920634920635,86.1061133824969,102.13860172006058,204.34816909012463,222.4940032654843,264.60247071312665,0.0,45.08079423143664,0.07163674212854541,1260,9
final_refine_2m,2.0,648.0,360.0,741.2853701510641,1.0,1.0,0.0,1.0,0.24806141035649232,0.24806141035649232,1.0,0.36507936507936506,0.36507936507936506,85.75140838735359,101.81815771473136,203.70716769128944,221.82412821872757,263.7514007831266,0.0,45.012006915441056,0.07103825136612021,1260,9
final_refine_2m,2.0,650.0,360.0,743.0343195303969,1.0,1.0,0.0,1.0,0.24972677595628415,0.24972677595628415,1.0,0.36666666666666664,0.36666666666666664,85.39790964023102,101.49891666530858,203.06740943827327,221.15548959694252,262.90200715446525,0.0,44.94399443034301,0.07103825136612021,1260,9
final_refine_2m,2.0,652.0,360.0,744.7845325998654,1.0,1.0,0.0,1.0,0.2494665625813167,0.2494665625813167,1.0,0.36587301587301585,0.36587301587301585,85.04561816067208,101.18088390580523,202.42889379056646,220.48808677099538,262.054288596576,0.0,44.87675274385246,0.07103825136612021,1260,9
final_refine_2m,2.0,654.0,360.0,746.5360004715111,1.0,1.0,0.0,1.0,0.24738485558157688,0.24738485558157688,1.0,0.3595238095238095,0.3595238095238095,84.69453498336021,100.86405700225697,201.79162021372665,219.76803396933573,261.20824388529394,0.0,44.81022866185072,0.07103825136612021,1260,9
final_refine_2m,2.0,656.0,360.0,748.2887143342468,1.0,1.0,0.0,1.0,0.2455633619568046,0.2455633619568046,1.0,0.353968253968254,0.353968253968254,84.34466115815046,100.54843462144403,201.15558817944518,219.02104025766022,260.3638718028996,0.0,44.74439625496403,0.07041373926619829,1260,9
final_refine_2m,2.0,658.0,360.0,750.0426654531061,1.0,1.0,0.0,1.0,0.2442622950819672,0.2442622950819672,1.0,0.35,0.35,83.99599775011554,100.23560475607258,200.52079716557327,218.27561458642506,259.5211711381526,0.0,44.67896290671539,0.07004944054124382,1260,9
final_refine_2m,2.0,660.0,360.0,751.7978451685001,1.0,1.0,0.0,1.0,0.2442622950819672,0.2442622950819672,1.0,0.35,0.35,83.64679702507806,99.92419856916041,199.88724665616135,217.5317560622807,258.6801406863115,0.0,44.612983004481,0.07257351027842832,1260,9
final_refine_2m,2.0,662.0,360.0,753.5542448954819,1.0,1.0,0.0,1.0,0.2442622950819672,0.2442622950819672,1.0,0.35,0.35,83.27156505120308,99.61400522918383,199.25493614149897,216.78946379946112,257.8407792491839,0.0,44.54637526651425,0.07447306791569086,1260,9
final_refine_2m,2.0,664.0,360.0,755.3118561230189,1.0,1.0,0.0,1.0,0.2442622950819672,0.2442622950819672,1.0,0.35,0.35,82.89774989973363,99.30503333040107,198.62386511816356,216.04873691982843,257.0030856351404,0.0,44.47913836281997,0.07624251886546969,1260,9
final_refine_2m,2.0,666.0,360.0,757.0706704132713,1.0,1.0,0.0,1.0,0.24340359094457456,0.24340359094457456,1.0,0.3476190476190476,0.3476190476190476,82.52535277696883,98.99726970551121,197.99403308904155,215.30957455293478,256.1670586591569,0.0,44.41127101144697,0.07814207650273224,1260,9
final_refine_2m,2.0,668.0,360.0,758.8306794008793,1.0,1.0,0.0,1.0,0.241399947957325,0.241399947957325,1.0,0.34206349206349207,0.34206349206349207,82.15437490749498,98.69070965261,197.3654395633878,214.57231279824006,255.3326971428537,0.0,44.342771978652635,0.07689305230288837,1260,9
final_refine_2m,2.0,670.0,360.0,760.5918747922568,1.0,1.0,0.0,1.0,0.24142596929482174,0.24142596929482174,1.0,0.3388888888888889,0.3388888888888889,81.7848175341975,98.38535335441597,196.73808405685733,213.89301296396792,254.49999991451133,0.0,44.27404484573579,0.07564402810304449,1260,9
final_refine_2m,2.0,672.0,360.0,762.3542483648923,1.0,1.0,0.0,1.0,0.2419984387197502,0.2419984387197502,1.0,0.3373015873015873,0.3373015873015873,81.41668191827736,98.08120098519362,196.1119660915564,213.21503781478677,253.66896580912234,0.0,44.206154456066066,0.07377049180327869,1260,9
final_refine_2m,2.0,674.0,360.0,764.1177919666575,1.0,1.0,0.0,1.0,0.24371584699453552,0.24371584699453552,1.0,0.3388888888888889,0.3388888888888889,81.04996933925105,97.77825271069807,195.4870851960691,212.53838671046546,252.83959366842106,0.0,44.139098438370894,0.07377049180327869,1260,9
final_refine_2m,2.0,676.0,360.0,765.8824975151215,1.0,1.0,0.0,1.0,0.24543325526932083,0.24543325526932083,1.0,0.3404761904761905,0.3404761904761905,80.68468109496075,97.47650868812086,194.86344090550523,211.86305901708042,252.01188234091254,0.0,44.07283906414198,0.07377049180327869,1260,9
final_refine_2m,2.0,678.0,360.0,767.6483569968739,1.0,1.0,0.0,1.0,0.24800936768149884,0.24800936768149884,1.0,0.34285714285714286,0.34285714285714286,80.32081850156197,97.17596906603934,194.2410327615577,211.18905410706714,251.18583068191342,0.0,44.00734793200846,0.07377049180327869,1260,9
final_refine_2m,2.0,680.0,360.0,769.4153624668538,1.0,1.0,0.0,1.0,0.24847775175644027,0.24847775175644027,1.0,0.3412698412698413,0.3412698412698413,79.95838289352795,96.87663398436682,193.61986031252104,210.51637135924173,250.36143755358864,0.0,43.94259702441503,0.07377049180327869,1260,9
final_refine_2m,2.0,682.0,360.0,771.1835060476851,1.0,1.0,0.0,1.0,0.2483216237314598,0.2483216237314598,1.0,0.3380952380952381,0.3380952380952381,79.5973756236257,96.57922226167449,192.99992311335933,209.84501015885078,249.5387018249749,0.0,43.878558702376154,0.07181889149102264,1260,9
final_refine_2m,2.0,684.0,360.0,772.95277992902,1.0,1.0,0.0,1.0,0.248711943793911,0.248711943793911,1.0,0.3349206349206349,0.3349206349206349,79.2377980629117,96.28419712557758,192.38122072572972,209.17496989761756,248.71762237204211,0.0,43.814359355533234,0.07364038511579495,1260,9
final_refine_2m,2.0,686.0,360.0,774.7231763668879,1.0,1.0,0.0,1.0,0.24918032786885247,0.24918032786885247,1.0,0.3333333333333333,0.3333333333333333,78.87965160069848,95.9903771199596,191.7637527180438,208.50624997376218,247.89819807770806,0.0,43.74951678890917,0.075591985428051,1260,9
final_refine_2m,2.0,688.0,360.0,776.4946876830517,1.0,1.0,0.0,1.0,0.24918032786885247,0.24918032786885247,1.0,0.3333333333333333,0.3333333333333333,78.52293764453864,95.69776251894781,191.14751866549497,207.83884979207247,247.08042783188844,0.0,43.6840296777452,0.07819411917772573,1260,9
final_refine_2m,2.0,690.0,360.0,778.2673062643709,1.0,1.0,0.0,1.0,0.24918032786885247,0.24918032786885247,1.0,0.3333333333333333,0.3333333333333333,78.16765762018112,95.40634659851281,190.5325181501275,207.17276876391261,246.26431053151668,0.0,43.61789674737104,0.08079625292740047,1260,9
final_refine_2m,2.0,692.0,360.0,780.04102456217,1.0,1.0,0.0,1.0,0.24918032786885247,0.24918032786885247,1.0,0.3333333333333333,0.3333333333333333,77.83549470731698,95.11611930534524,189.91875076085333,206.5080063072894,245.4498450806142,0.0,43.55111677337996,0.08040593286494926,1260,9
final_refine_2m,2.0,694.0,360.0,781.8158350916154,1.0,1.0,0.0,1.0,0.24166016133229248,0.24166016133229248,1.0,0.3238095238095238,0.3238095238095238,77.5124843917797,94.82708832176615,189.3062160935291,205.84456184689336,244.63703039030165,0.0,43.483731107483,0.07910486599011189,1260,9
final_refine_2m,2.0,696.0,360.0,783.5917304310964,1.0,1.0,0.0,1.0,0.24525110590684362,0.24525110590684362,1.0,0.3253968253968254,0.3253968253968254,77.19069269923791,94.53926554892504,188.6949137509793,205.1824348141186,243.82586537884617,0.0,43.416819608376734,0.07780379911527452,1260,9
final_refine_2m,2.0,698.0,360.0,785.3687032216143,1.0,1.0,0.0,1.0,0.2428831641946396,0.2428831641946396,1.0,0.3198412698412698,0.3198412698412698,76.87012100357397,94.252647354754,188.08484334305152,204.52162464713882,243.0163489717087,0.0,43.35079166174966,0.07650273224043716,1260,9
final_refine_2m,2.0,700.0,360.0,787.1467461661771,1.0,1.0,0.0,1.0,0.24153005464480876,0.24153005464480876,1.0,0.31666666666666665,0.31666666666666665,76.55077069376104,93.96723511564655,187.47600448666458,203.862130790922,242.20848010156544,0.0,43.28561610017506,0.07650273224043716,1260,9
final_refine_2m,2.0,702.0,360.0,788.9258520292005,1.0,1.0,0.0,1.0,0.24153005464480876,0.24153005464480876,1.0,0.31666666666666665,0.31666666666666665,76.23264317382146,93.68303187165726,186.8683968058647,203.2039526972995,241.4022577083743,0.0,43.22128642410429,0.07650273224043716,1260,9
final_refine_2m,2.0,704.0,360.0,790.7060136359152,1.0,1.0,0.0,1.0,0.24153005464480876,0.24153005464480876,1.0,0.31666666666666665,0.31666666666666665,75.91573986279204,93.40003312843142,186.26201993185802,202.547089824986,240.59768073939443,0.0,43.15774330795854,0.07650273224043716,1260,9
final_refine_2m,2.0,706.0,360.0,792.4872238717795,1.0,1.0,0.0,1.0,0.24329950559458757,0.24329950559458757,1.0,0.31825396825396823,0.31825396825396823,75.60006219468254,93.11824354095667,185.61504320416435,201.89154163964534,239.79474814924197,0.0,43.09495706903764,0.0751496226906063,1260,9
final_refine_2m,2.0,708.0,360.0,794.2694756818997,1.0,1.0,0.0,1.0,0.24324746291959407,0.24324746291959407,1.0,0.31587301587301586,0.31587301587301586,75.28561161841998,92.83940608523348,184.95611556212074,201.23730761392437,238.99345889992202,0.0,43.03261617574858,0.07540983606557378,1260,9
final_refine_2m,2.0,710.0,360.0,796.0527620704547,1.0,1.0,0.0,1.0,0.24319542024460059,0.24319542024460059,1.0,0.3134920634920635,0.3134920634920635,74.97238959780424,92.5620168651035,184.298659070943,200.58438722750898,238.19381196087252,0.0,42.96970463727805,0.07809003382773874,1260,9
final_refine_2m,2.0,712.0,360.0,797.8370761001271,1.0,1.0,0.0,1.0,0.24366380431954202,0.24366380431954202,1.0,0.3111111111111111,0.3111111111111111,74.66039761144441,92.28583631434499,183.6426732378643,199.93277996715167,237.39580630902142,0.0,42.90613358056717,0.08009367681498829,1260,9
final_refine_2m,2.0,714.0,360.0,799.6224108915408,1.0,1.0,0.0,1.0,0.24361176164454854,0.24361176164454854,1.0,0.30873015873015874,0.30873015873015874,74.3496371526967,92.01086394246346,182.98815757957755,199.28248532674507,236.59944092880258,0.0,42.84190174126945,0.08196721311475409,1260,9
final_refine_2m,2.0,716.0,360.0,801.4087596227034,1.0,1.0,0.0,1.0,0.24538121259432735,0.24538121259432735,1.0,0.3103174603174603,0.3103174603174603,74.04010972959622,91.7370993244861,182.3351116222751,198.6335028073468,235.80471481223233,0.0,42.77700790737565,0.08464741087691907,1260,9
final_refine_2m,2.0,718.0,360.0,803.1961155284555,1.0,1.0,0.0,1.0,0.24803538901899558,0.24803538901899558,1.0,0.3126984126984127,0.3126984126984127,73.72225714057586,91.46454461183339,181.68353490174374,197.9858319172362,235.01162695893063,0.0,42.711450919382045,0.08261774655217279,1260,9
final_refine_2m,2.0,720.0,360.0,804.9844718999243,1.0,1.0,0.0,1.0,0.2492583918813427,0.2492583918813427,1.0,0.3142857142857143,0.3142857142857143,73.38482433601568,91.19320111439382,181.1110358495621,197.33947217196643,234.22017637617458,0.0,42.64566204967319,0.08126463700234192,1260,9
final_refine_2m,2.0,722.0,360.0,806.7738220839841,1.0,1.0,0.0,1.0,0.2499609679937549,0.2499609679937549,1.0,0.3126984126984127,0.3126984126984127,73.04886897139583,90.9230824749577,180.54217925013023,196.69442309440737,233.43036207893658,0.0,42.5807908702819,0.07991152745251105,1260,9
final_refine_2m,2.0,724.0,360.0,808.5641594827216,1.0,1.0,0.0,1.0,0.24800936768149884,0.24800936768149884,1.0,0.30873015873015874,0.30873015873015874,72.71439277440977,90.65418909054152,179.97444288064688,196.0506842147991,232.64218308995137,0.0,42.51683628412948,0.07923497267759563,1260,9
final_refine_2m,2.0,726.0,360.0,810.355477552907,1.0,1.0,0.0,1.0,0.24566744730679158,0.24566744730679158,1.0,0.30396825396825394,0.30396825396825394,72.38139748960725,90.38650795743803,179.40782651521278,195.40825507079828,231.8556384397412,0.0,42.4537544417447,0.07923497267759563,1260,9
final_refine_2m,2.0,728.0,360.0,812.1477698054708,1.0,1.0,0.0,1.0,0.24371584699453552,0.24371584699453552,1.0,0.3,0.3,72.04988487821853,90.12003744564181,178.84232993486032,194.7671352075319,231.07072716666227,0.0,42.39151284874902,0.07923497267759563,1260,9
final_refine_2m,2.0,730.0,360.0,813.9410298049853,1.0,1.0,0.0,1.0,0.24371584699453552,0.24371584699453552,1.0,0.3,0.3,71.71985671797651,89.85477780303393,178.2779529276014,194.12732417764207,230.28744831697205,0.0,42.330079531807485,0.07923497267759563,1260,9
final_refine_2m,2.0,630.0,362.0,726.5975502298367,1.0,1.0,0.0,1.0,0.23791308873276087,0.23791308873276087,1.0,0.3674603174603175,0.3674603174603175,88.71386510885412,104.34244971480908,208.53415101870658,226.81348592081122,269.8473850595003,0.0,45.50233890685878,0.06830601092896176,1260,9
final_refine_2m,2.0,632.0,362.0,728.3323417231999,1.0,1.0,0.0,1.0,0.2385376008326828,0.2385376008326828,1.0,0.3674603174603175,0.3674603174603175,88.35187848993031,104.01353706262903,207.88738203354347,226.1380410116983,268.98960183706953,0.0,45.4354475705179,0.0678376268540203,1260,9
final_refine_2m,2.0,634.0,362.0,730.0684899377592,1.0,1.0,0.0,1.0,0.24020296643247463,0.24020296643247463,1.0,0.36904761904761907,0.36904761904761907,87.99108334378538,103.68692168092377,207.24185184785136,225.46382881387154,268.13348932611945,0.0,45.368410174403756,0.06895654436638043,1260,9
final_refine_2m,2.0,636.0,362.0,731.8059852173935,1.0,1.0,0.0,1.0,0.24186833203226646,0.24186833203226646,1.0,0.37063492063492065,0.37063492063492065,87.63148056632456,103.36149277206277,206.5975598898168,224.7908486730729,267.2790462756867,0.0,45.300766347343604,0.07140255009107468,1260,9
final_refine_2m,2.0,638.0,362.0,733.5448179900121,1.0,1.0,0.0,1.0,0.2443663804319542,0.2443663804319542,1.0,0.373015873015873,0.373015873015873,87.27307106792291,103.03723698575395,205.95450559338013,224.11909994009224,266.4262714409195,0.0,45.23251472676915,0.07384855581576893,1260,9
final_refine_2m,2.0,640.0,362.0,735.2849787667363,1.0,1.0,0.0,1.0,0.24509497788186313,0.24509497788186313,1.0,0.37142857142857144,0.37142857142857144,86.91585577348059,102.71416956556315,205.31268839825586,223.44858197078952,265.57516358310056,0.0,45.16365399523112,0.07496747332812907,1260,9
final_refine_2m,2.0,642.0,362.0,737.0264581410901,1.0,1.0,0.0,1.0,0.24488680718188915,0.24488680718188915,1.0,0.36666666666666664,0.36666666666666664,86.55983562246563,102.39229243914903,204.6721077499842,222.7792941261494,264.7257214696972,0.0,45.094182880568184,0.07522768670309654,1260,9
final_refine_2m,2.0,644.0,362.0,738.769246788197,1.0,1.0,0.0,1.0,0.2373926619828259,0.2373926619828259,1.0,0.3531746031746032,0.3531746031746032,86.20501156896437,102.07161101453283,204.03276309996454,222.11123577227457,263.87794387435747,0.0,45.02414872033657,0.07343221441582097,1260,9
final_refine_2m,2.0,646.0,362.0,740.5133354639875,1.0,1.0,0.0,1.0,0.2463960447567005,0.2463960447567005,1.0,0.3634920634920635,0.3634920634920635,85.85138458172518,101.75211897880169,203.39465390548034,221.4444062804487,263.0318295769696,0.0,44.95454900956947,0.0722352328909706,1260,9
final_refine_2m,2.0,648.0,362.0,742.2587150044113,1.0,1.0,0.0,1.0,0.24806141035649232,0.24806141035649232,1.0,0.36507936507936506,0.36507936507936506,85.49895564419836,101.43382199284272,202.75777962974308,220.77880502714663,262.18737736366967,0.0,44.88574049210975,0.07103825136612021,1260,9
final_refine_2m,2.0,650.0,362.0,744.0053763246607,1.0,1.0,0.0,1.0,0.24972677595628415,0.24972677595628415,1.0,0.36666666666666664,0.36666666666666664,85.14772575458724,101.11671833521609,202.1221397419355,220.0375479425119,261.3445860268954,0.0,44.81769653516713,0.07103825136612021,1260,9
final_refine_2m,2.0,652.0,362.0,745.7533104183983,1.0,1.0,0.0,1.0,0.24972677595628415,0.24972677595628415,1.0,0.36666666666666664,0.36666666666666664,84.79769592587532,100.80081269789574,201.48773371723345,219.29305727975404,260.5034543653844,0.0,44.75041112083075,0.07103825136612021,1260,9
final_refine_2m,2.0,654.0,362.0,747.5025083569955,1.0,1.0,0.0,1.0,0.2481654957064793,0.2481654957064793,1.0,0.3619047619047619,0.3619047619047619,84.44886718587435,100.48610584096646,200.85456103686508,218.55012302672682,259.6639811842367,0.0,44.683833820016226,0.07103825136612021,1260,9
final_refine_2m,2.0,656.0,362.0,749.252961288776,1.0,1.0,0.0,1.0,0.246344002081707,0.246344002081707,1.0,0.35634920634920636,0.35634920634920636,84.1012405772564,100.17259477308183,200.22262118812125,217.80874429988484,258.8261652949141,0.0,44.61793904719752,0.07041373926619829,1260,9
final_refine_2m,2.0,658.0,362.0,751.0046604382692,1.0,1.0,0.0,1.0,0.2442622950819672,0.2442622950819672,1.0,0.35,0.35,83.74917712025577,99.86183721310174,199.5919136644201,217.0689202231093,257.9900055153115,0.0,44.552452537273574,0.07142857142857142,1260,9
final_refine_2m,2.0,660.0,362.0,752.7575971054692,1.0,1.0,0.0,1.0,0.2442622950819672,0.2442622950819672,1.0,0.35,0.35,83.37521609800449,99.55252345407884,198.96243796533446,216.33064992775206,257.1555006697407,0.0,44.48643076697153,0.07332812906583398,1260,9
final_refine_2m,2.0,662.0,362.0,754.5117626651025,1.0,1.0,0.0,1.0,0.2442622950819672,0.2442622950819672,1.0,0.35,0.35,83.00266098755185,99.24440784673169,198.33419359662986,215.5939325526817,256.3226495890101,0.0,44.41978565136173,0.0750975800156128,1260,9
final_refine_2m,2.0,664.0,362.0,756.267148565902,1.0,1.0,0.0,1.0,0.2442622950819672,0.2442622950819672,1.0,0.35,0.35,82.63151296765449,98.93750056783662,197.70718007030032,214.8727297127792,255.4914511104223,0.0,44.352515875845626,0.07699713765287536,1260,9
final_refine_2m,2.0,666.0,362.0,758.023746329889,1.0,1.0,0.0,1.0,0.2442622950819672,0.2442622950819672,1.0,0.35,0.35,82.26177323489874,98.63180394466231,197.08139690462474,214.19535462374202,254.66190407781986,0.0,44.28462017311343,0.07876658860265418,1260,9
final_refine_2m,2.0,668.0,362.0,759.781547551663,1.0,1.0,0.0,1.0,0.24225865209471767,0.24225865209471767,1.0,0.34444444444444444,0.34444444444444444,81.8934430037071,98.32730222336163,196.45684362419024,213.51929560927496,253.83400734162328,0.0,44.21609732330655,0.07751756440281031,1260,9
final_refine_2m,2.0,670.0,362.0,761.5405438976969,1.0,1.0,0.0,1.0,0.2422846734322144,0.2422846734322144,1.0,0.3412698412698413,0.3412698412698413,81.52652350635401,98.02399558648351,195.8335197599387,212.84455203464717,253.0077597588527,0.0,44.14736383234274,0.07564402810304449,1260,9
final_refine_2m,2.0,672.0,362.0,763.3007271056408,1.0,1.0,0.0,1.0,0.2419984387197502,0.2419984387197502,1.0,0.3373015873015873,0.3373015873015873,81.16101599296456,97.72188420822914,195.2114248492147,212.1711232713082,252.1831601931774,0.0,44.07946871603602,0.07439500390320063,1260,9
final_refine_2m,2.0,674.0,362.0,765.0620889836327,1.0,1.0,0.0,1.0,0.24371584699453552,0.24371584699453552,1.0,0.3388888888888889,0.3388888888888889,80.79692173152017,97.42096825439636,194.5905584357939,211.49900869693917,251.3602075149287,0.0,44.01239072274873,0.07377049180327869,1260,9
final_refine_2m,2.0,676.0,362.0,766.8246214096154,1.0,1.0,0.0,1.0,0.24543325526932083,0.24543325526932083,1.0,0.3404761904761905,0.3404761904761905,80.43424200785486,97.1212478823265,193.97092006994046,210.82820769547396,250.53890060116063,0.0,43.94609894098074,0.07377049180327869,1260,9
final_refine_2m,2.0,678.0,362.0,768.5883163306609,1.0,1.0,0.0,1.0,0.24800936768149884,0.24800936768149884,1.0,0.34285714285714286,0.34285714285714286,80.07297812564322,96.82272324085298,193.35250930843097,210.1587196571563,249.71923833566586,0.0,43.88056535146956,0.07377049180327869,1260,9
final_refine_2m,2.0,680.0,362.0,770.3531657623015,1.0,1.0,0.0,1.0,0.24941451990632318,0.24941451990632318,1.0,0.34365079365079365,0.34365079365079365,79.71313140639111,96.52539447025312,192.7353257146175,209.49054397856636,248.90121960901524,0.0,43.81576231052671,0.07377049180327869,1260,9
final_refine_2m,2.0,682.0,362.0,772.119161787868,1.0,1.0,0.0,1.0,0.24894613583138173,0.24894613583138173,1.0,0.3396825396825397,0.3396825396825397,79.35470318941823,96.22994629162848,192.1193688584612,208.82368006266913,248.08484331860654,0.0,43.75166254495717,0.07246942492844133,1260,9
final_refine_2m,2.0,684.0,362.0,773.8862965578342,1.0,1.0,0.0,1.0,0.2496487119437939,0.2496487119437939,1.0,0.3373015873015873,0.3373015873015873,78.99769483183191,95.93690759539359,191.5046383165684,208.15812731884694,247.27010836867973,0.0,43.68742418774085,0.07442102524069737,1260,9
final_refine_2m,2.0,686.0,362.0,775.6545622891675,1.0,1.0,0.0,1.0,0.24918032786885247,0.24918032786885247,1.0,0.3333333333333333,0.3333333333333333,78.6421077085069,95.64506535599872,190.89113367225323,207.49388516293922,246.4570136703713,0.0,43.62254727908474,0.07702315899037211,1260,9
final_refine_2m,2.0,688.0,362.0,777.423951264688,1.0,1.0,0.0,1.0,0.24918032786885247,0.24918032786885247,1.0,0.3333333333333333,0.3333333333333333,78.28794321204322,95.35441984615385,190.27885451556128,206.83095301729196,245.64555814174204,0.0,43.55703051003802,0.07897475930262815,1260,9
final_refine_2m,2.0,690.0,362.0,779.1944558324321,1.0,1.0,0.0,1.0,0.24918032786885247,0.24918032786885247,1.0,0.3333333333333333,0.3333333333333333,77.95806589848203,95.06497132960085,189.66780044333248,206.16933031079535,244.83574070782265,0.0,43.490872620954434,0.08079625292740047,1260,9
final_refine_2m,2.0,692.0,362.0,780.9660684050236,1.0,1.0,0.0,1.0,0.24918032786885247,0.24918032786885247,1.0,0.3333333333333333,0.3333333333333333,77.63591217040523,94.7767069771477,189.05797105923557,205.50901647891925,244.0275603006403,0.0,43.424072401664816,0.08105646630236794,1260,9
final_refine_2m,2.0,694.0,362.0,782.738781459051,1.0,1.0,0.0,1.0,0.24093156388238354,0.24093156388238354,1.0,0.3238095238095238,0.3238095238095238,77.31496845266277,94.48962311878917,188.44936597382403,204.85001096376328,243.22101585927138,0.0,43.35667930462635,0.07910486599011189,1260,9
final_refine_2m,2.0,696.0,362.0,784.5125875344512,1.0,1.0,0.0,1.0,0.24592766068175903,0.24592766068175903,1.0,0.326984126984127,0.326984126984127,76.99523608946043,94.20373574910157,187.84198480456618,204.1923132140957,242.4161063298701,0.0,43.28977024455385,0.07780379911527452,1260,9
final_refine_2m,2.0,698.0,362.0,786.2874792338995,1.0,1.0,0.0,1.0,0.24389799635701276,0.24389799635701276,1.0,0.32222222222222224,0.32222222222222224,76.6767164397262,93.91904309629105,187.23582717591373,203.53592268539666,241.61283066571403,0.0,43.223733251259866,0.07650273224043716,1260,9
final_refine_2m,2.0,700.0,362.0,788.0634492222057,1.0,1.0,0.0,1.0,0.24153005464480876,0.24153005464480876,1.0,0.31666666666666665,0.31666666666666665,76.35941087706925,93.6355486912867,186.6308927193247,202.88083883990637,240.81118782724053,0.0,43.15853758335604,0.07650273224043716,1260,9
final_refine_2m,2.0,702.0,362.0,789.8404902257164,1.0,1.0,0.0,1.0,0.24153005464480876,0.24153005464480876,1.0,0.31666666666666665,0.31666666666666665,76.04332078974434,93.35325385684149,185.98413521615754,202.22706114665453,240.01117678208928,0.0,43.09417463401762,0.07650273224043716,1260,9
final_refine_2m,2.0,704.0,362.0,791.6185950317235,1.0,1.0,0.0,1.0,0.24153005464480876,0.24153005464480876,1.0,0.31666666666666665,0.31666666666666665,75.7284475806082,93.07215517862457,185.3270599928845,201.574589081523,239.21279650514293,0.0,43.03058808417524,0.07650273224043716,1260,9
final_refine_2m,2.0,706.0,362.0,793.3977564878792,1.0,1.0,0.0,1.0,0.24329950559458757,0.24329950559458757,1.0,0.31825396825396823,0.31825396825396823,75.41479266707196,92.7922560538846,184.67144538192528,200.92342212728465,238.41604597856602,0.0,42.96774864540321,0.07582617746552173,1260,9
final_refine_2m,2.0,708.0,362.0,795.1779675016153,1.0,1.0,0.0,1.0,0.243976060369503,0.243976060369503,1.0,0.31746031746031744,0.31746031746031744,75.10235748104718,92.5152654265638,184.01729089184656,200.27355977364016,237.62092419185427,0.0,42.9053644916164,0.07621649752797294,1260,9
final_refine_2m,2.0,710.0,362.0,796.9592210395712,1.0,1.0,0.0,1.0,0.2439240176945095,0.2439240176945095,1.0,0.31507936507936507,0.31507936507936507,74.79114346888808,92.23974769969696,183.364596040457,199.6250015172728,236.82743014186846,0.0,42.842421857297495,0.07889669529013792,1260,9
final_refine_2m,2.0,712.0,362.0,798.7415101270248,1.0,1.0,0.0,1.0,0.24439240176945096,0.24439240176945096,1.0,0.3126984126984127,0.3126984126984127,74.4811520913352,91.9654307869294,182.7133603548613,198.97774686189317,236.0355628328808,0.0,42.778824566893526,0.08157689305230288,1260,9
final_refine_2m,2.0,714.0,362.0,800.5248278473317,1.0,1.0,0.0,1.0,0.243976060369503,0.243976060369503,1.0,0.30952380952380953,0.30952380952380953,74.17238482343937,91.69231179703559,182.06358337152466,198.33179531828085,235.24532127661857,0.0,42.71457137147664,0.08277387457715327,1260,9
final_refine_2m,2.0,716.0,362.0,802.3091673413685,1.0,1.0,0.0,1.0,0.24538121259432735,0.24538121259432735,1.0,0.3103174603174603,0.3103174603174603,73.85617353900894,91.42039261029154,181.49137818559714,197.68714640433868,234.4567044923092,0.0,42.64966107364069,0.08464741087691907,1260,9
final_refine_2m,2.0,718.0,362.0,804.0945218069826,1.0,1.0,0.0,1.0,0.24803538901899558,0.24803538901899558,1.0,0.3126984126984127,0.3126984126984127,73.51971250770475,91.1496748152158,180.9237106105872,197.0437996451328,233.66971150672424,0.0,42.58409252766722,0.08329430132708822,1260,9
final_refine_2m,2.0,720.0,362.0,805.8808844984475,1.0,1.0,0.0,1.0,0.2501431173562321,0.2501431173562321,1.0,0.31507936507936507,0.31507936507936507,73.18471678715399,90.8801561439274,180.35715681477367,196.40175457295246,232.8843413542173,0.0,42.51831093320086,0.08126463700234192,1260,9
final_refine_2m,2.0,722.0,362.0,807.6682487259234,1.0,1.0,0.0,1.0,0.2507416081186573,0.2507416081186573,1.0,0.3142857142857143,0.3142857142857143,72.85118806375435,90.61184536363383,179.79171657026578,195.76101072734284,232.10059307678375,0.0,42.45344877579262,0.07991152745251105,1260,9
final_refine_2m,2.0,724.0,362.0,809.4566078549238,1.0,1.0,0.0,1.0,0.24879000780640126,0.24879000780640126,1.0,0.3103174603174603,0.3103174603174603,72.51912804030513,90.3447531473397,179.22738965596383,195.12156765516718,231.31846572409066,0.0,42.38948465015667,0.07923497267759563,1260,9
final_refine_2m,2.0,726.0,362.0,811.2459553057877,1.0,1.0,0.0,1.0,0.246448087431694,0.246448087431694,1.0,0.3055555555555556,0.3055555555555556,72.18853843583635,90.07887354556253,178.6641758576072,194.48342491065145,230.53795835354472,0.0,42.32638207974145,0.07923497267759563,1260,9
final_refine_2m,2.0,728.0,362.0,813.0362845531557,1.0,1.0,0.0,1.0,0.24410616705698673,0.24410616705698673,1.0,0.3007936507936508,0.3007936507936508,71.85942098543451,89.81419586050251,178.10207496780936,193.84658205542775,229.75907003030568,0.0,42.26410900866824,0.07923497267759563,1260,9
final_refine_2m,2.0,730.0,362.0,814.8275891254542,1.0,1.0,0.0,1.0,0.24371584699453552,0.24371584699453552,1.0,0.3,0.3,71.53177744005104,89.55072033879087,177.50768588729002,193.21103865860434,228.98179982737108,0.0,42.20263389115513,0.07923497267759563,1260,9
final_refine_2m,2.0,630.0,364.0,727.5960417704318,1.0,1.0,0.0,1.0,0.23874577153265678,0.23874577153265678,1.0,0.37063492063492065,0.37063492063492065,88.4446132129896,103.94418011866141,207.55978831435178,225.7428987491441,268.24678635048747,0.0,45.37699788818609,0.06830601092896176,1260,9
final_refine_2m,2.0,632.0,364.0,729.3284582408669,1.0,1.0,0.0,1.0,0.2385376008326828,0.2385376008326828,1.0,0.3674603174603175,0.3674603174603175,88.08493206684558,103.61742761822212,206.9171654157111,225.07174539569945,267.3956451886209,0.0,45.31003857551826,0.06856622430392922,1260,9
final_refine_2m,2.0,634.0,364.0,731.0622408523094,1.0,1.0,0.0,1.0,0.24020296643247463,0.24020296643247463,1.0,0.36904761904761907,0.36904761904761907,87.72643531198287,103.29299233547776,206.2757725645335,224.40181595350697,266.5461593622604,0.0,45.242953775707115,0.07028363257871455,1260,9
final_refine_2m,2.0,636.0,364.0,732.7973799079798,1.0,1.0,0.0,1.0,0.24270101483216236,0.24270101483216236,1.0,0.37142857142857144,0.37142857142857144,87.36912383991306,102.96974063445037,205.635609204694,223.73310978434117,265.69832764953475,0.0,45.17526679666167,0.07213114754098361,1260,9
final_refine_2m,2.0,638.0,364.0,734.5338657951721,1.0,1.0,0.0,1.0,0.2443663804319542,0.2443663804319542,1.0,0.373015873015873,0.373015873015873,87.01299855634366,102.64765905345189,204.99667478577706,223.0656262549916,264.8521488346242,0.0,45.10697629135228,0.07384855581576893,1260,9
final_refine_2m,2.0,640.0,364.0,736.2716889844401,1.0,1.0,0.0,1.0,0.2457975539942753,0.2457975539942753,1.0,0.3738095238095238,0.3738095238095238,86.65806038122093,102.32674726085044,204.3589687631014,222.39936473728397,264.00762170779035,0.0,45.038080957160126,0.07629456154046318,1260,9
final_refine_2m,2.0,642.0,364.0,738.0108400287899,1.0,1.0,0.0,1.0,0.24558938329430133,0.24558938329430133,1.0,0.36904761904761907,0.36904761904761907,86.30431024877711,102.00701621200575,203.7224905977669,221.73432460812504,263.1647450654003,0.0,44.968579536043734,0.07522768670309654,1260,9
final_refine_2m,2.0,644.0,364.0,739.7513095628827,1.0,1.0,0.0,1.0,0.23762685402029665,0.23762685402029665,1.0,0.3547619047619048,0.3547619047619048,85.95174910757034,101.68847158058863,203.0872397566889,221.0519620964146,262.3235177099502,0.0,44.89852677598447,0.07403070517824616,1260,9
final_refine_2m,2.0,646.0,364.0,741.4930883022444,1.0,1.0,0.0,1.0,0.2463960447567005,0.2463960447567005,1.0,0.3634920634920635,0.3634920634920635,85.60037792052535,101.37110960132526,202.4532157126222,220.3083981442765,261.48393845011674,0.0,44.82891749909744,0.0722352328909706,1260,9
final_refine_2m,2.0,648.0,364.0,743.2361670424818,1.0,1.0,0.0,1.0,0.24806141035649232,0.24806141035649232,1.0,0.36507936507936506,0.36507936507936506,85.25019766498117,101.05493229409132,201.82041794421485,219.5663800154162,260.6460061007509,0.0,44.76008890200292,0.07103825136612021,1260,9
final_refine_2m,2.0,650.0,364.0,744.980536658509,1.0,1.0,0.0,1.0,0.24972677595628415,0.24972677595628415,1.0,0.36666666666666664,0.36666666666666664,84.90120933271821,100.73994009623013,201.18884593602792,218.82590682869238,259.8097194829423,0.0,44.69201471283466,0.07103825136612021,1260,9
final_refine_2m,2.0,652.0,364.0,746.7261881037788,1.0,1.0,0.0,1.0,0.24972677595628415,0.24972677595628415,1.0,0.36666666666666664,0.36666666666666664,84.55341393000057,100.4261343356729,200.55849917858853,218.0869777101786,258.97507742402576,0.0,44.624686947368275,0.07103825136612021,1260,9
final_refine_2m,2.0,654.0,364.0,748.473112409524,1.0,1.0,0.0,1.0,0.24894613583138173,0.24894613583138173,1.0,0.36428571428571427,0.36428571428571427,84.2068124776095,100.11352046324383,199.92937716841206,217.34959179323707,258.1420787576312,0.0,44.558057908772675,0.07103825136612021,1260,9
final_refine_2m,2.0,656.0,364.0,750.2213006840049,1.0,1.0,0.0,1.0,0.24686442883164195,0.24686442883164195,1.0,0.35793650793650794,0.35793650793650794,83.85193815668737,99.80209310421714,199.3014794080492,216.61374821853096,257.3107223237006,0.0,44.492102349537845,0.07041373926619829,1260,9
final_refine_2m,2.0,658.0,364.0,751.970744111764,1.0,1.0,0.0,1.0,0.24504293520686962,0.24504293520686962,1.0,0.3523809523809524,0.3523809523809524,83.4792328214846,99.49337948043086,198.6748054061251,215.87944613409718,256.48100696851054,0.0,44.42656415925061,0.0721831902159771,1260,9
final_refine_2m,2.0,660.0,364.0,753.7214339528895,1.0,1.0,0.0,1.0,0.2442622950819672,0.2442622950819672,1.0,0.35,0.35,83.10792264065255,99.18613306365522,198.04935467737607,215.17404879726297,255.65293154473872,0.0,44.36050188262193,0.07470725995316159,1260,9
final_refine_2m,2.0,662.0,364.0,755.4733615422849,1.0,1.0,0.0,1.0,0.2442622950819672,0.2442622950819672,1.0,0.35,0.35,82.7380087660826,98.88007386263179,197.42512674268377,214.49857677362994,254.82649491145173,0.0,44.29382070399745,0.07585219880301848,1260,9
final_refine_2m,2.0,664.0,364.0,757.2265182889463,1.0,1.0,0.0,1.0,0.2442622950819672,0.2442622950819672,1.0,0.35,0.35,82.36949236705001,98.57520528197911,196.80212112912184,213.82441232167236,254.00169593418033,0.0,44.22651932399634,0.07837626854020296,1260,9
final_refine_2m,2.0,666.0,364.0,758.9808956752469,1.0,1.0,0.0,1.0,0.2442622950819672,0.2442622950819672,1.0,0.35,0.35,82.00237463022195,98.2715426837486,196.18033736998737,213.15155481208288,253.17853348491454,0.0,44.15859648978788,0.07876658860265418,1260,9
final_refine_2m,2.0,668.0,364.0,760.7364852562285,1.0,1.0,0.0,1.0,0.24283112151964611,0.24283112151964611,1.0,0.346031746031746,0.346031746031746,81.63665675966365,97.96907298501623,195.5597750048505,212.48000362160883,252.35700644216152,0.0,44.09005099525155,0.07751756440281031,1260,9
final_refine_2m,2.0,670.0,364.0,762.4932786589007,1.0,1.0,0.0,1.0,0.24285714285714285,0.24285714285714285,1.0,0.34285714285714286,0.34285714285714286,81.2723399768404,97.6677898169351,194.94043357958668,211.80975813310357,251.53711369097198,0.0,44.02131596696426,0.07626854020296643,1260,9
final_refine_2m,2.0,672.0,364.0,764.2512675815461,1.0,1.0,0.0,1.0,0.24257090814467863,0.24257090814467863,1.0,0.3388888888888889,0.3388888888888889,80.90942552062255,97.3676933535508,194.32231264642945,211.14081773556003,250.71885412296635,0.0,43.95341324672122,0.07439500390320063,1260,9
final_refine_2m,2.0,674.0,364.0,766.0104437930335,1.0,1.0,0.0,1.0,0.24371584699453552,0.24371584699453552,1.0,0.3388888888888889,0.3388888888888889,80.54791464727795,97.06878376061033,193.705411763994,210.47318182414898,249.90222663638912,0.0,43.88631444055135,0.07377049180327869,1260,9
final_refine_2m,2.0,676.0,364.0,767.7707991321369,1.0,1.0,0.0,1.0,0.24543325526932083,0.24543325526932083,1.0,0.3404761904761905,0.3404761904761905,80.18780863046175,96.7710611955088,193.0897304973347,209.80684980025126,249.08723013612314,0.0,43.81999153216285,0.07377049180327869,1260,9
final_refine_2m,2.0,678.0,364.0,769.5323255068627,1.0,1.0,0.0,1.0,0.24800936768149884,0.24800936768149884,1.0,0.34285714285714286,0.34285714285714286,79.82910876120503,96.47452580723889,192.47526841798086,209.14182107151044,248.27386353372555,0.0,43.754416877818926,0.07377049180327869,1260,9
final_refine_2m,2.0,680.0,364.0,771.2950148937824,1.0,1.0,0.0,1.0,0.24972677595628415,0.24972677595628415,1.0,0.34444444444444444,0.34444444444444444,79.47181634789655,96.17917773634203,191.86202510397396,208.47809505185796,247.4621257474866,0.0,43.68956320131617,0.07377049180327869,1260,9
final_refine_2m,2.0,682.0,364.0,773.0588593373728,1.0,1.0,0.0,1.0,0.2504293520686963,0.2504293520686963,1.0,0.34206349206349207,0.34206349206349207,79.11593271625438,95.88566769499471,191.25000013992377,207.81567116155077,246.65201570243127,0.0,43.62540358906412,0.07325006505334374,1260,9
final_refine_2m,2.0,684.0,364.0,774.8238509493625,1.0,1.0,0.0,1.0,0.2502732240437158,0.2502732240437158,1.0,0.3388888888888889,0.3388888888888889,78.76145920930762,95.59459005945862,190.6391931170393,207.1545488272326,245.84353233039135,0.0,43.56112757957456,0.07585219880301848,1260,9
final_refine_2m,2.0,686.0,364.0,776.5899819080852,1.0,1.0,0.0,1.0,0.2498048399687744,0.2498048399687744,1.0,0.3349206349206349,0.3349206349206349,78.40839718735373,95.30470032297521,190.0296036331839,206.49472748194268,245.03667457001276,0.0,43.49621763786882,0.07780379911527452,1260,9
final_refine_2m,2.0,688.0,364.0,778.3572444578389,1.0,1.0,0.0,1.0,0.24918032786885247,0.24918032786885247,1.0,0.3333333333333333,0.3333333333333333,78.08077381220546,95.01599875676851,189.42123129290792,205.83620656518838,244.23144136681077,0.0,43.430672470614375,0.08040593286494926,1260,9
final_refine_2m,2.0,690.0,364.0,780.1256309082531,1.0,1.0,0.0,1.0,0.24918032786885247,0.24918032786885247,1.0,0.3333333333333333,0.3333333333333333,77.75946737596004,94.72848562320414,188.814075707498,205.17898552296188,243.42783167319297,0.0,43.36449083301642,0.08222742648972158,1260,9
final_refine_2m,2.0,692.0,364.0,781.8951336336606,1.0,1.0,0.0,1.0,0.24918032786885247,0.24918032786885247,1.0,0.3333333333333333,0.3333333333333333,77.43936245093663,94.44215843586554,188.20813649503066,204.52306380778623,242.62584444852092,0.0,43.2976715289879,0.08105646630236794,1260,9
final_refine_2m,2.0,694.0,364.0,783.6657450724766,1.0,1.0,0.0,1.0,0.24020296643247463,0.24020296643247463,1.0,0.3238095238095238,0.3238095238095238,77.12046035238308,94.15700455129861,187.6034132804031,203.86844087877589,241.82547865911988,0.0,43.230272019661896,0.07975539942753057,1260,9
final_refine_2m,2.0,696.0,364.0,785.4374577265844,1.0,1.0,0.0,1.0,0.24660421545667446,0.24660421545667446,1.0,0.32857142857142857,0.32857142857142857,76.80276240990266,93.87302701953327,186.9999056953906,203.21511620165097,241.02673327833992,0.0,43.16336631047043,0.07845433255269321,1260,9
final_refine_2m,2.0,698.0,364.0,787.210264160726,1.0,1.0,0.0,1.0,0.2445745511319282,0.2445745511319282,1.0,0.3238095238095238,0.3238095238095238,76.4862699674285,93.5902358853314,186.35337089327183,202.56308924880062,240.22960728658364,0.0,43.097321316593806,0.07650273224043716,1260,9
final_refine_2m,2.0,700.0,364.0,788.9841570019007,1.0,1.0,0.0,1.0,0.24220660941972416,0.24220660941972416,1.0,0.31825396825396823,0.31825396825396823,76.17098438317734,93.30863521269653,185.69812669176198,201.91235949931502,239.43409967135273,0.0,43.03210671521498,0.07650273224043716,1260,9
final_refine_2m,2.0,702.0,364.0,790.7591289387685,1.0,1.0,0.0,1.0,0.24153005464480876,0.24153005464480876,1.0,0.31666666666666665,0.31666666666666665,75.85690702961182,93.02822408012867,185.04433270832465,201.2629264390382,238.64020942728123,0.0,42.96771181246239,0.07650273224043716,1260,9
final_refine_2m,2.0,704.0,364.0,792.5351727210598,1.0,1.0,0.0,1.0,0.24153005464480876,0.24153005464480876,1.0,0.31666666666666665,0.31666666666666665,75.54403929338999,92.74900123574761,184.39198845290863,200.61478956060313,237.84793555619083,0.0,42.90408325996474,0.07650273224043716,1260,9
final_refine_2m,2.0,706.0,364.0,794.312281158991,1.0,1.0,0.0,1.0,0.24329950559458757,0.24329950559458757,1.0,0.31825396825396823,0.31825396825396823,75.23238257531311,92.47097014537599,183.74109344449573,199.96794836348263,237.0572770671069,0.0,42.84119215687875,0.07582617746552173,1260,9
final_refine_2m,2.0,708.0,364.0,796.0904471226872,1.0,1.0,0.0,1.0,0.24470465781941192,0.24470465781941192,1.0,0.319047619047619,0.319047619047619,74.92193829027511,92.19580074439193,183.09164721115954,199.32240235402992,236.26823297632532,0.0,42.778766171826675,0.07769971376528753,1260,9
final_refine_2m,2.0,710.0,364.0,797.8696635416088,1.0,1.0,0.0,1.0,0.2446526151444184,0.2446526151444184,1.0,0.31666666666666665,0.31666666666666665,74.61270786719247,91.92213062473867,182.4436492901258,198.67815104552463,235.48080230744247,0.0,42.715793741958855,0.07970335675253708,1260,9
final_refine_2m,2.0,712.0,364.0,799.6499234039856,1.0,1.0,0.0,1.0,0.24512099921935987,0.24512099921935987,1.0,0.3142857142857143,0.3142857142857143,74.30469274894465,91.6496529097327,181.87173894902637,198.03519395822116,234.6949840914011,0.0,42.65217146682025,0.08157689305230288,1260,9
final_refine_2m,2.0,714.0,364.0,801.4312197562558,1.0,1.0,0.0,1.0,0.24470465781941192,0.24470465781941192,1.0,0.3111111111111111,0.3111111111111111,73.99010137663885,91.37836431257101,181.3052480949564,197.3935306193955,233.91077736652963,0.0,42.587898112717994,0.08425709081446786,1260,9
final_refine_2m,2.0,716.0,364.0,803.2135457025112,1.0,1.0,0.0,1.0,0.24538121259432735,0.24538121259432735,1.0,0.3103174603174603,0.3103174603174603,73.65460118774692,91.10826701541797,180.7398646426634,196.7531605633883,233.12818117859268,0.0,42.522972496683046,0.08464741087691907,1260,9
final_refine_2m,2.0,718.0,364.0,804.9968944039474,1.0,1.0,0.0,1.0,0.24803538901899558,0.24803538901899558,1.0,0.3126984126984127,0.3126984126984127,73.32055436331471,90.83936262656309,180.1755883623783,196.11408333165232,232.34719458082975,0.0,42.45739348663395,0.08329430132708822,1260,9
final_refine_2m,2.0,720.0,364.0,806.7812590783204,1.0,1.0,0.0,1.0,0.2501431173562321,0.2501431173562321,1.0,0.31507936507936507,0.31507936507936507,72.98796254954634,90.57164869007588,179.61241903097053,195.47629847280734,231.56781663399877,0.0,42.39162299570973,0.08194119177725735,1260,9
final_refine_2m,2.0,722.0,364.0,808.5666329994084,1.0,1.0,0.0,1.0,0.25152224824355973,0.25152224824355973,1.0,0.31587301587301586,0.31587301587301586,72.65682740860834,90.30512692986639,179.05035643200623,194.83980554267845,230.7900464064351,0.0,42.326767785710956,0.07991152745251105,1260,9
final_refine_2m,2.0,724.0,364.0,810.3530094964786,1.0,1.0,0.0,1.0,0.24957064793130368,0.24957064793130368,1.0,0.3119047619047619,0.3119047619047619,72.32715061846203,90.03981181387394,178.48940035579201,194.20460410435066,230.01388297407038,0.0,42.262795203116895,0.07923497267759563,1260,9
final_refine_2m,2.0,726.0,364.0,812.1403819537605,1.0,1.0,0.0,1.0,0.24722872755659642,0.24722872755659642,1.0,0.30714285714285716,0.30714285714285716,71.99893387268895,89.77570482388246,177.89892531762857,193.5706937282159,229.23932542050784,0.0,42.19967311374802,0.07923497267759563,1260,9
final_refine_2m,2.0,728.0,364.0,813.9287438099235,1.0,1.0,0.0,1.0,0.24488680718188915,0.24488680718188915,1.0,0.30238095238095236,0.30238095238095236,71.67217888031598,89.51279711860917,177.28934769586752,192.93807399202163,228.4663728370514,0.0,42.13736989265269,0.07923497267759563,1260,9
final_refine_2m,2.0,730.0,364.0,815.7180885575605,1.0,1.0,0.0,1.0,0.24371584699453552,0.24371584699453552,1.0,0.3,0.3,71.34688736561034,89.25108298521774,176.6810931831665,192.30674448092344,227.69502432275965,0.0,42.07585441429402,0.07923497267759563,1260,9
final_refine_2m,2.0,630.0,366.0,728.5986549534662,1.0,1.0,0.0,1.0,0.2393702836325787,0.2393702836325787,1.0,0.373015873015873,0.373015873015873,88.17923667950323,103.55150511848493,206.5976942163073,224.68559631675004,266.6692488797544,0.0,45.25225605564846,0.06830601092896176,1260,9
final_refine_2m,2.0,632.0,366.0,730.3286931238564,1.0,1.0,0.0,1.0,0.2385376008326828,0.2385376008326828,1.0,0.3674603174603175,0.3674603174603175,87.82183349258969,103.22688510433194,205.95916668547227,224.01868223890432,265.8246518636909,0.0,45.18523037583342,0.06989331251626334,1260,9
final_refine_2m,2.0,634.0,366.0,732.0601068218374,1.0,1.0,0.0,1.0,0.24020296643247463,0.24020296643247463,1.0,0.36904761904761907,0.36904761904761907,87.46560769092683,102.90460204493117,205.32186058018857,223.35298340407235,264.9816950854246,0.0,45.118099563616695,0.07101223002862347,1260,9
final_refine_2m,2.0,636.0,366.0,733.7928863105719,1.0,1.0,0.0,1.0,0.24270101483216236,0.24270101483216236,1.0,0.37142857142857144,0.37142857142857144,87.11056016145204,102.58349444120654,204.6857753596597,222.68849918972452,264.140377351466,0.0,45.05037077964592,0.07345823575331772,1260,9
final_refine_2m,2.0,638.0,366.0,735.5270219373317,1.0,1.0,0.0,1.0,0.2443663804319542,0.2443663804319542,1.0,0.373015873015873,0.373015873015873,86.75669180502321,102.26355835268913,204.05091048876713,222.0252289782935,263.3006974743158,0.0,44.98204269224817,0.07457715326567786,1260,9
final_refine_2m,2.0,640.0,366.0,737.2625041326868,1.0,1.0,0.0,1.0,0.24603174603174602,0.24603174603174602,1.0,0.3746031746031746,0.3746031746031746,86.40400353645444,101.94478024845607,203.4172654380792,221.32167143867068,262.4626542724872,0.0,44.91311401346854,0.07702315899037211,1260,9
final_refine_2m,2.0,642.0,366.0,738.9993234097038,1.0,1.0,0.0,1.0,0.2462919594067135,0.2462919594067135,1.0,0.37142857142857144,0.37142857142857144,86.05249628456656,101.62716868867193,202.78483968390327,220.58056137711904,261.62624657055306,0.0,44.84358349923429,0.07582617746552173,1260,9
final_refine_2m,2.0,644.0,366.0,740.737470363151,1.0,1.0,0.0,1.0,0.23702836325787147,0.23702836325787147,1.0,0.35555555555555557,0.35555555555555557,85.7021709922189,101.31073360725416,202.15363270832444,219.84098582144983,260.7914731991414,0.0,44.77351322441192,0.07403070517824616,1260,9
final_refine_2m,2.0,646.0,366.0,742.4769356687116,1.0,1.0,0.0,1.0,0.2463960447567005,0.2463960447567005,1.0,0.3634920634920635,0.3634920634920635,85.35302861635259,100.99547463247234,201.52364399921865,219.1029439001219,259.9583329949991,0.0,44.70389536937086,0.07283372365339578,1260,9
final_refine_2m,2.0,648.0,366.0,744.2177100822043,1.0,1.0,0.0,1.0,0.24806141035649232,0.24806141035649232,1.0,0.36507936507936506,0.36507936507936506,85.0050701280208,100.68138999132519,200.8948730503097,218.36643474867103,259.1268248010017,0.0,44.635047802652466,0.07163674212854541,1260,9
final_refine_2m,2.0,650.0,366.0,745.9597844388128,1.0,1.0,0.0,1.0,0.24972677595628415,0.24972677595628415,1.0,0.36666666666666664,0.36666666666666664,84.65829651242962,100.36848395829931,200.26731936119953,217.63145750975883,258.2969474661788,0.0,44.566944607049315,0.07103825136612021,1260,9
final_refine_2m,2.0,652.0,366.0,747.7031496523202,1.0,1.0,0.0,1.0,0.24972677595628415,0.24972677595628415,1.0,0.36666666666666664,0.36666666666666664,84.3127087689635,100.05675191452337,199.64098243740406,216.89801133320358,257.46869984576733,0.0,44.499575851055205,0.07103825136612021,1260,9
final_refine_2m,2.0,654.0,366.0,749.4477967143542,1.0,1.0,0.0,1.0,0.2494665625813167,0.2494665625813167,1.0,0.36587301587301585,0.36587301587301585,83.955074252251,99.74620338042652,199.01586179039285,216.16609537604617,256.64208080121256,0.0,44.43289653788707,0.07103825136612021,1260,9
final_refine_2m,2.0,656.0,366.0,751.1937166936369,1.0,1.0,0.0,1.0,0.24764506895654437,0.24764506895654437,1.0,0.3603174603174603,0.3603174603174603,83.58360961371757,99.4368338324302,198.39195693762477,215.47625565138014,255.817089200232,0.0,44.36688175234692,0.07103825136612021,1260,9
final_refine_2m,2.0,658.0,366.0,752.9409007352436,1.0,1.0,0.0,1.0,0.2455633619568046,0.2455633619568046,1.0,0.353968253968254,0.353968253968254,83.21352952226063,99.13013600697379,197.76926740258028,214.80266537784723,254.9937239168095,0.0,44.3012933451662,0.07293780900338277,1260,9
final_refine_2m,2.0,660.0,366.0,754.6893400598686,1.0,1.0,0.0,1.0,0.2442622950819672,0.2442622950819672,1.0,0.35,0.35,82.8448351035733,98.82493098902562,197.14779271481152,214.13037427876256,254.17198383125677,0.0,44.235191907997574,0.07470725995316159,1260,9
final_refine_2m,2.0,662.0,366.0,756.4390259630977,1.0,1.0,0.0,1.0,0.2442622950819672,0.2442622950819672,1.0,0.35,0.35,82.47752750028717,98.52090261575744,196.5275324099727,213.45938173015776,253.35186783023838,0.0,44.16847596576856,0.07723132969034609,1260,9
final_refine_2m,2.0,664.0,366.0,758.1899498146886,1.0,1.0,0.0,1.0,0.2442622950819672,0.2442622950819672,1.0,0.35,0.35,82.11160787199778,98.2180523798542,195.90848602985997,212.78968711401043,252.53337480679482,0.0,44.10114423413991,0.07837626854020296,1260,9
final_refine_2m,2.0,666.0,366.0,759.9421030578579,1.0,1.0,0.0,1.0,0.2442622950819672,0.2442622950819672,1.0,0.35,0.35,81.747077395258,97.91639295685675,195.29065312246016,212.12128981828204,251.71650366037372,0.0,44.033195474599715,0.07939110070257611,1260,9
final_refine_2m,2.0,668.0,366.0,761.6954772085758,1.0,1.0,0.0,1.0,0.24454852979443142,0.24454852979443142,1.0,0.3492063492063492,0.3492063492063492,81.38393726358746,97.61592848991214,194.67403324197292,211.4541892369522,250.90125329688362,0.0,43.96462849462141,0.07751756440281031,1260,9
final_refine_2m,2.0,670.0,366.0,763.4500638548667,1.0,1.0,0.0,1.0,0.24371584699453552,0.24371584699453552,1.0,0.34523809523809523,0.34523809523809523,81.022188687469,97.31664308581752,194.0586259488675,210.78838477005593,250.0876226287108,0.0,43.89589533764372,0.07626854020296643,1260,9
final_refine_2m,2.0,672.0,366.0,765.205854656118,1.0,1.0,0.0,1.0,0.2434296122820713,0.2434296122820713,1.0,0.3412698412698413,0.3412698412698413,80.66183289434281,97.01853594657581,193.4444308099125,210.12387582372395,249.27561057474537,0.0,43.82798352882864,0.07501951600312257,1260,9
final_refine_2m,2.0,674.0,366.0,766.9628413423951,1.0,1.0,0.0,1.0,0.24371584699453552,0.24371584699453552,1.0,0.3388888888888889,0.3388888888888889,80.30287112859719,96.72160723779315,192.83144739822558,209.46066181020763,248.46521606044314,0.0,43.760865059464244,0.07377049180327869,1260,9
final_refine_2m,2.0,676.0,366.0,768.7210157137633,1.0,1.0,0.0,1.0,0.2462919594067135,0.2462919594067135,1.0,0.3412698412698413,0.3412698412698413,79.9453046515551,96.42585711682706,192.21967529330752,208.79874214794094,247.65643801783278,0.0,43.694512290352066,0.07377049180327869,1260,9
final_refine_2m,2.0,678.0,366.0,770.4803696396165,1.0,1.0,0.0,1.0,0.24800936768149884,0.24800936768149884,1.0,0.34285714285714286,0.34285714285714286,79.58913474144954,96.13128573273579,191.60911408108922,208.13811626155592,246.8492753855592,0.0,43.628897946844695,0.07377049180327869,1260,9
final_refine_2m,2.0,680.0,366.0,772.2408950580124,1.0,1.0,0.0,1.0,0.24972677595628415,0.24972677595628415,1.0,0.34444444444444444,0.34444444444444444,79.2343626934074,95.83789322623002,190.99976335397037,207.4787835819323,246.04372710893523,0.0,43.563995113982635,0.07377049180327869,1260,9
final_refine_2m,2.0,682.0,366.0,774.0025839750149,1.0,1.0,0.0,1.0,0.25136612021857924,0.25136612021857924,1.0,0.34444444444444444,0.34444444444444444,78.88098981941599,95.5462963890923,190.39162271085965,206.82074354622677,245.23979213995153,0.0,43.49977723172892,0.07403070517824616,1260,9
final_refine_2m,2.0,684.0,366.0,775.7654284640429,1.0,1.0,0.0,1.0,0.2508977361436378,0.2508977361436378,1.0,0.3404761904761905,0.3404761904761905,78.52901744829437,95.25715490652634,189.7846917572367,206.16399559793584,244.43746943733328,0.0,43.435464911683425,0.0766328389279209,1260,9
final_refine_2m,2.0,686.0,366.0,777.5294206652247,1.0,1.0,0.0,1.0,0.2507416081186573,0.2507416081186573,1.0,0.3373015873015873,0.3373015873015873,78.20361698041198,94.96919287876496,189.17897010516006,205.50853918690845,243.63675796655593,0.0,43.37052323029163,0.07923497267759563,1260,9
final_refine_2m,2.0,688.0,366.0,779.2945527847606,1.0,1.0,0.0,1.0,0.24918032786885247,0.24918032786885247,1.0,0.3333333333333333,0.3333333333333333,77.88314869269679,94.68241057548019,188.57445737335118,204.8543737693988,242.83765669991567,0.0,43.30495090965266,0.08040593286494926,1260,9
final_refine_2m,2.0,690.0,366.0,781.0608170942901,1.0,1.0,0.0,1.0,0.24918032786885247,0.24918032786885247,1.0,0.3333333333333333,0.3333333333333333,77.5638735285082,94.39680825759409,187.97115318720475,204.20149880810752,242.04016461652895,0.0,43.238746719653,0.083008066614624,1260,9
final_refine_2m,2.0,692.0,366.0,782.8282059302667,1.0,1.0,0.0,1.0,0.24918032786885247,0.24918032786885247,1.0,0.3333333333333333,0.3333333333333333,77.24579277482415,94.11238617721553,187.36905717885722,203.54991377222328,241.24428070239574,0.0,43.171909478134154,0.08170699973978662,1260,9
final_refine_2m,2.0,694.0,366.0,784.5967116933386,1.0,1.0,0.0,1.0,0.23950039032006246,0.23950039032006246,1.0,0.32301587301587303,0.32301587301587303,76.92890773263262,93.82913777871768,186.72274840039015,202.89961813746277,240.45000395043198,0.0,43.10450456439508,0.07975539942753057,1260,9
final_refine_2m,2.0,696.0,366.0,786.3663268477358,1.0,1.0,0.0,1.0,0.2472807702315899,0.2472807702315899,1.0,0.33015873015873015,0.33015873015873015,76.6132197169019,93.54705309462409,186.06931419330138,202.2506113861078,239.65733336050022,0.0,43.03760310867454,0.07845433255269321,1260,9
final_refine_2m,2.0,698.0,366.0,788.1370439206623,1.0,1.0,0.0,1.0,0.24525110590684362,0.24525110590684362,1.0,0.3253968253968254,0.3253968253968254,76.29873005653573,93.26613935787276,185.41731995147933,201.6028930070558,238.8662679394686,0.0,42.97155114869904,0.07715326567785584,1260,9
final_refine_2m,2.0,700.0,366.0,789.9088555016965,1.0,1.0,0.0,1.0,0.24322144158209733,0.24322144158209733,1.0,0.32063492063492066,0.32063492063492066,75.98544009433509,92.98640844308804,184.76676518631479,200.95646249586363,238.0768067012226,0.0,42.90631877292464,0.07650273224043716,1260,9
final_refine_2m,2.0,702.0,366.0,791.6817542421954,1.0,1.0,0.0,1.0,0.24153005464480876,0.24153005464480876,1.0,0.31666666666666665,0.31666666666666665,75.67335118695344,92.70785708166672,184.1176494180155,200.311319354777,237.28894866672414,0.0,42.84189322037848,0.07650273224043716,1260,9
final_refine_2m,2.0,704.0,366.0,793.4557328547069,1.0,1.0,0.0,1.0,0.24153005464480876,0.24153005464480876,1.0,0.31666666666666665,0.31666666666666665,75.36246470483776,92.43048628858132,183.46997217567682,199.6674630927905,236.5026928640617,0.0,42.77822407820726,0.07650273224043716,1260,9
final_refine_2m,2.0,706.0,366.0,795.2307841123858,1.0,1.0,0.0,1.0,0.24329950559458757,0.24329950559458757,1.0,0.31825396825396823,0.31825396825396823,75.05278203218286,92.15429914505629,182.82373299734942,199.02489322568306,235.71803832845663,0.0,42.71528282660441,0.07650273224043716,1260,9
final_refine_2m,2.0,708.0,366.0,797.006900848418,1.0,1.0,0.0,1.0,0.2450689565443664,0.2450689565443664,1.0,0.3198412698412698,0.3198412698412698,74.74430456686125,91.88092791797419,182.2521183972593,198.38360927606493,234.93498410234838,0.0,42.65281642146323,0.0785063752276867,1260,9
final_refine_2m,2.0,710.0,366.0,798.7840759554487,1.0,1.0,0.0,1.0,0.24538121259432735,0.24538121259432735,1.0,0.31825396825396823,0.31825396825396823,74.43703372036651,91.60908215818918,181.68679215157107,197.7436107734214,234.15352923539578,0.0,42.58981548031527,0.08037991152745251,1260,9
final_refine_2m,2.0,712.0,366.0,800.5623023850173,1.0,1.0,0.0,1.0,0.2458495966692688,0.2458495966692688,1.0,0.31587301587301586,0.31587301587301586,74.12404127433882,91.33842003852027,181.1225670023501,197.10489725415889,233.37367278454556,0.0,42.52616945416508,0.08238355451470206,1260,9
final_refine_2m,2.0,714.0,366.0,802.3415731469983,1.0,1.0,0.0,1.0,0.24543325526932083,0.24543325526932083,1.0,0.3126984126984127,0.3126984126984127,73.78949118237198,91.06893868703403,180.55944271803344,196.4674682616541,232.59541381407746,0.0,42.46187712437379,0.08506375227686704,1260,9
final_refine_2m,2.0,716.0,366.0,804.1218813090463,1.0,1.0,0.0,1.0,0.24538121259432735,0.24538121259432735,1.0,0.3103174603174603,0.3103174603174603,73.45638268755665,90.80064083618021,179.99741907356582,195.83132334629624,231.8187513956234,0.0,42.396937322245726,0.0853239656518345,1260,9
final_refine_2m,2.0,718.0,366.0,805.903219996049,1.0,1.0,0.0,1.0,0.24803538901899558,0.24803538901899558,1.0,0.3126984126984127,0.3126984126984127,73.12471739697207,90.53352619411095,179.43649585044855,195.1964620655334,231.04368460823258,0.0,42.33134892918988,0.08329430132708822,1260,9
final_refine_2m,2.0,720.0,366.0,807.685582389583,1.0,1.0,0.0,1.0,0.2501431173562321,0.2501431173562321,1.0,0.31507936507936507,0.31507936507936507,72.79449693322968,90.26759411059764,178.8766728367819,194.56288398392027,230.2702125384152,0.0,42.26559423984304,0.08194119177725735,1260,9
final_refine_2m,2.0,722.0,366.0,809.4689617273784,1.0,1.0,0.0,1.0,0.25191256830601094,0.25191256830601094,1.0,0.31666666666666665,0.31666666666666665,72.4657229343172,90.00284670519264,178.29006102278854,193.9305886731748,229.49833428017683,0.0,42.20074301436398,0.08058808222742649,1260,9
final_refine_2m,2.0,724.0,366.0,811.2533513027851,1.0,1.0,0.0,1.0,0.2499609679937549,0.2499609679937549,1.0,0.3126984126984127,0.3126984126984127,72.13839705342599,89.73928536248083,177.68195813075093,193.29957571221055,228.72804893507154,0.0,42.136763044463706,0.07923497267759563,1260,9
final_refine_2m,2.0,726.0,366.0,813.0387444642475,1.0,1.0,0.0,1.0,0.24800936768149884,0.24800936768149884,1.0,0.30873015873015874,0.30873015873015874,71.81252095877403,89.4769234560896,177.07516957418858,192.6698446871983,227.9593556122398,0.0,42.07362263019362,0.07923497267759563,1260,9
final_refine_2m,2.0,728.0,366.0,814.8251346147835,1.0,1.0,0.0,1.0,0.24566744730679158,0.24566744730679158,1.0,0.30396825396825394,0.30396825396825394,71.48809633341592,89.21576140316097,176.46969505644302,192.04139519161072,227.1922534284686,0.0,42.01129057012498,0.07923497267759563,1260,9
final_refine_2m,2.0,730.0,366.0,816.612515211468,1.0,1.0,0.0,1.0,0.24371584699453552,0.24371584699453552,1.0,0.3,0.3,71.16512487504986,88.95578634463317,175.86553428950143,191.41422682627677,226.4267415082274,0.0,41.94973615181884,0.07923497267759563,1260,9
final_refine_2m,2.0,630.0,368.0,729.6053727872348,1.0,1.0,0.0,1.0,0.23999479573250065,0.23999479573250065,1.0,0.3753968253968254,0.3753968253968254,87.9176685267561,103.16432331069909,205.64765571810094,223.6413496688362,265.114303898855,0.0,45.128109237192376,0.06830601092896176,1260,9
final_refine_2m,2.0,632.0,368.0,731.3330294742608,1.0,1.0,0.0,1.0,0.23895394223263075,0.23895394223263075,1.0,0.36904761904761907,0.36904761904761907,87.56251624720434,102.84180939813697,205.01317376438215,222.97862354194578,264.2761552529558,0.0,45.061018779915386,0.06989331251626334,1260,9
final_refine_2m,2.0,634.0,368.0,733.0620710417365,1.0,1.0,0.0,1.0,0.24103564923237053,0.24103564923237053,1.0,0.36984126984126986,0.36984126984126986,87.20853442093275,102.5216511547437,204.3799047414949,222.31710411871762,263.4396320182052,0.0,44.993843330537196,0.07233931824095759,1260,9
final_refine_2m,2.0,636.0,368.0,734.7924877133679,1.0,1.0,0.0,1.0,0.24270101483216236,0.24270101483216236,1.0,0.37142857142857144,0.37142857142857144,86.85572393013013,102.2026603847027,203.74784812363976,221.5927007345285,262.6047330288074,0.0,44.92607407334388,0.07345823575331772,1260,9
final_refine_2m,2.0,638.0,368.0,736.5242697969973,1.0,1.0,0.0,1.0,0.2443663804319542,0.2443663804319542,1.0,0.373015873015873,0.373015873015873,86.50408567062887,101.88483649527484,203.11700339063583,220.8540149870912,261.7714571248787,0.0,44.857709691840064,0.07590424147801197,1260,9
final_refine_2m,2.0,640.0,368.0,738.2574076837969,1.0,1.0,0.0,1.0,0.24603174603174602,0.24603174603174602,1.0,0.3746031746031746,0.3746031746031746,86.15362055194467,101.56816946336828,202.48737002797213,220.11685258489567,260.9398031525191,0.0,44.788748912570554,0.07702315899037211,1260,9
final_refine_2m,2.0,642.0,368.0,739.9918918474715,1.0,1.0,0.0,1.0,0.24699453551912567,0.24699453551912567,1.0,0.3738095238095238,0.3738095238095238,85.80432949732138,101.25265226910437,201.85894752681932,219.38121266583897,260.1097699637885,0.0,44.71919050528218,0.07582617746552173,1260,9
final_refine_2m,2.0,644.0,368.0,741.7277128434665,1.0,1.0,0.0,1.0,0.23708040593286495,0.23708040593286495,1.0,0.35714285714285715,0.35714285714285715,85.45621344375488,100.93830000069175,201.23173538407647,218.6470943747387,259.2813564167819,0.0,44.64910378959071,0.07462919594067136,1260,9
final_refine_2m,2.0,646.0,368.0,743.4648613081858,1.0,1.0,0.0,1.0,0.24663023679417123,0.24663023679417123,1.0,0.36428571428571427,0.36428571428571427,85.1092733420418,100.62511758770627,200.6057331024068,217.91449686340292,258.4545613756235,0.0,44.57947833475059,0.07283372365339578,1260,9
final_refine_2m,2.0,648.0,368.0,745.2033279582157,1.0,1.0,0.0,1.0,0.24889409315638825,0.24889409315638825,1.0,0.36587301587301585,0.36587301587301585,84.76351015679762,100.31309973926605,199.98094019027803,217.18341929064144,257.62938371052013,0.0,44.51061289670279,0.07163674212854541,1260,9
final_refine_2m,2.0,650.0,368.0,746.9431035895573,1.0,1.0,0.0,1.0,0.24972677595628415,0.24972677595628415,1.0,0.36666666666666664,0.36666666666666664,84.41892486649773,100.00225227934804,199.35735616198156,216.45386082234018,256.8058222977673,0.0,44.442481906773914,0.07103825136612021,1260,9
final_refine_2m,2.0,652.0,368.0,748.6841790768655,1.0,1.0,0.0,1.0,0.24972677595628415,0.24972677595628415,1.0,0.36666666666666664,0.36666666666666664,84.05857965645231,99.69257022128951,198.73498053769006,215.77933618748742,255.98387601981034,0.0,44.37507350493737,0.07103825136612021,1260,9
final_refine_2m,2.0,654.0,368.0,750.4265453726966,1.0,1.0,0.0,1.0,0.24972677595628415,0.24972677595628415,1.0,0.36666666666666664,0.36666666666666664,83.6883409918985,99.38406022680527,198.1138128434797,215.10760670516,255.16354376525024,0.0,44.308345362815054,0.07103825136612021,1260,9
final_refine_2m,2.0,656.0,368.0,752.1701935067622,1.0,1.0,0.0,1.0,0.2484257090814468,0.2484257090814468,1.0,0.3626984126984127,0.3626984126984127,83.31947641430943,99.07672273467071,197.49385261137536,214.43716810380306,254.34482442888424,0.0,44.242272891941305,0.0717928701535259,1260,9
final_refine_2m,2.0,658.0,368.0,753.9151145851899,1.0,1.0,0.0,1.0,0.246344002081707,0.246344002081707,1.0,0.35634920634920636,0.35634920634920636,82.95198702380814,98.77201345792024,196.87509937938316,213.76801976471248,253.5277169117252,0.0,44.17663571372709,0.07431693989071038,1260,9
final_refine_2m,2.0,660.0,368.0,755.6612997897934,1.0,1.0,0.0,1.0,0.2442622950819672,0.2442622950819672,1.0,0.35,0.35,82.5858739370432,98.46882407804344,196.25755269152833,213.10016107502682,252.71222012105318,0.0,44.110496446042994,0.07546187874056727,1260,9
final_refine_2m,2.0,662.0,368.0,757.4087403773474,1.0,1.0,0.0,1.0,0.2442622950819672,0.2442622950819672,1.0,0.35,0.35,82.22113828719876,98.16680081360981,195.64121209790179,212.4335914277479,251.89833297044174,0.0,44.04374702457761,0.07798594847775175,1260,9
final_refine_2m,2.0,664.0,368.0,759.1574276788708,1.0,1.0,0.0,1.0,0.2442622950819672,0.2442622950819672,1.0,0.35,0.35,81.85778122399422,97.86594946153598,195.02607715468997,211.76831022177458,251.0860543797706,0.0,43.976386179859674,0.07975539942753057,1260,9
final_refine_2m,2.0,666.0,368.0,760.907353098917,1.0,1.0,0.0,1.0,0.2442622950819672,0.2442622950819672,1.0,0.35,0.35,81.4958039136949,97.5662681218332,194.41214742421863,211.10431686194528,250.27538327528077,0.0,43.90841268753807,0.07939110070257611,1260,9
final_refine_2m,2.0,668.0,368.0,762.6585081148705,1.0,1.0,0.0,1.0,0.24512099921935987,0.24512099921935987,1.0,0.35079365079365077,0.35079365079365077,81.13520753909931,97.2677775175436,193.7994224749869,210.441610759076,249.46631858960814,0.0,43.83982536853772,0.07814207650273224,1260,9
final_refine_2m,2.0,670.0,368.0,764.410884276251,1.0,1.0,0.0,1.0,0.24428831641946397,0.24428831641946397,1.0,0.3468253968253968,0.3468253968253968,80.77599329953959,96.97046464822225,193.18790188172,209.7801913299893,248.6588592617914,0.0,43.77109497149594,0.07689305230288837,1260,9
final_refine_2m,2.0,672.0,368.0,766.1644732040243,1.0,1.0,0.0,1.0,0.24400208170699975,0.24400208170699975,1.0,0.34285714285714286,0.34285714285714286,80.41816241086319,96.67432171571717,192.57758522539518,209.12005799755295,247.85300423734182,0.0,43.703175090164585,0.07501951600312257,1260,9
final_refine_2m,2.0,674.0,368.0,767.9192665899196,1.0,1.0,0.0,1.0,0.24371584699453552,0.24371584699453552,1.0,0.3388888888888889,0.3388888888888889,80.0617161054275,96.37934888540772,191.96847209328413,208.461210190723,247.04875246824167,0.0,43.63603809440265,0.07377049180327869,1260,9
final_refine_2m,2.0,676.0,368.0,769.6752561957543,1.0,1.0,0.0,1.0,0.2462919594067135,0.2462919594067135,1.0,0.3412698412698413,0.3412698412698413,79.70665563207348,96.08554631452591,191.36056207900683,207.80364734457436,246.2461029130141,0.0,43.569656715616404,0.07377049180327869,1260,9
final_refine_2m,2.0,678.0,368.0,771.4324338527646,1.0,1.0,0.0,1.0,0.24800936768149884,0.24800936768149884,1.0,0.34285714285714286,0.34285714285714286,79.35298225609948,95.79291415210604,190.75385478255956,207.14736890034473,245.44505453672042,0.0,43.50400404195387,0.07377049180327869,1260,9
final_refine_2m,2.0,680.0,368.0,773.1907914609434,1.0,1.0,0.0,1.0,0.24972677595628415,0.24972677595628415,1.0,0.34444444444444444,0.34444444444444444,79.00069725924065,95.50145253893677,190.14834981036412,206.492374305468,244.64560631103294,0.0,43.439053513595084,0.07377049180327869,1260,9
final_refine_2m,2.0,682.0,368.0,774.9503209883844,1.0,1.0,0.0,1.0,0.25199063231850116,0.25199063231850116,1.0,0.346031746031746,0.346031746031746,78.6498019396281,95.21174443492507,189.5440467753054,205.83866301361905,243.8477572142409,0.0,43.374778918136734,0.07546187874056727,1260,9
final_refine_2m,2.0,684.0,368.0,776.7110144706331,1.0,1.0,0.0,1.0,0.25152224824355973,0.25152224824355973,1.0,0.34206349206349207,0.34206349206349207,78.32659396140298,94.92451465735957,188.94094529678065,205.18623448474546,243.05150623130143,0.0,43.31043161307297,0.07741347905282331,1260,9
final_refine_2m,2.0,686.0,368.0,778.4728640100437,1.0,1.0,0.0,1.0,0.25136612021857924,0.25136612021857924,1.0,0.3388888888888889,0.3388888888888889,78.00695482793832,94.63845600163859,188.3390450007314,204.5350881851129,242.2568523538798,0.0,43.24545946992662,0.08001561280249805,1260,9
final_refine_2m,2.0,688.0,368.0,780.235861775143,1.0,1.0,0.0,1.0,0.24918032786885247,0.24918032786885247,1.0,0.3333333333333333,0.3333333333333333,77.68850053963611,94.35356873581962,187.73834551969946,203.88522358734582,241.4637945803733,0.0,43.17986122604461,0.08183710642727036,1260,9
final_refine_2m,2.0,690.0,368.0,782.0,1.0,1.0,0.0,1.0,0.24918032786885247,0.24918032786885247,1.0,0.3333333333333333,0.3333333333333333,77.37123235587674,94.06985311931692,187.09226593908357,203.23664017046426,240.6723319159551,0.0,43.11363566582699,0.083008066614624,1260,9
final_refine_2m,2.0,692.0,368.0,783.7652709836026,1.0,1.0,0.0,1.0,0.24918032786885247,0.24918032786885247,1.0,0.3333333333333333,0.3333333333333333,77.05515154971783,93.78730940283842,186.44062106026453,202.58933741992004,239.88246337261612,0.0,43.04678162089228,0.08170699973978662,1260,9
final_refine_2m,2.0,694.0,368.0,785.5316670892396,1.0,1.0,0.0,1.0,0.23809523809523808,0.23809523809523808,1.0,0.32142857142857145,0.32142857142857145,76.74025940785442,93.50593782832519,185.79040603256513,201.9433148276566,239.0941879692002,0.0,42.979372299720225,0.08040593286494926,1260,9
final_refine_2m,2.0,696.0,368.0,787.2991807438898,1.0,1.0,0.0,1.0,0.24795732500650533,0.24795732500650533,1.0,0.33174603174603173,0.33174603174603173,76.42655723058297,93.22572560375829,185.14162036885125,201.29857189213033,238.30750473143743,0.0,42.91247599085071,0.07845433255269321,1260,9
final_refine_2m,2.0,698.0,368.0,789.0678044376161,1.0,1.0,0.0,1.0,0.24592766068175903,0.24592766068175903,1.0,0.326984126984127,0.326984126984127,76.11404633175837,92.9466692015807,184.4942635906078,200.65510811835878,237.52241269199246,0.0,42.84641808776054,0.07715326567785584,1260,9
final_refine_2m,2.0,700.0,368.0,790.8375307229671,1.0,1.0,0.0,1.0,0.24389799635701276,0.24389799635701276,1.0,0.32222222222222224,0.32222222222222224,75.80272803874918,92.6687843990672,183.84833522801475,200.01292301796627,236.73891089049857,0.0,42.78116908304472,0.07650273224043716,1260,9
final_refine_2m,2.0,702.0,368.0,792.6083522143833,1.0,1.0,0.0,1.0,0.24153005464480876,0.24153005464480876,1.0,0.31666666666666665,0.31666666666666665,75.4926036923858,92.3920694309471,183.20383482000142,199.37201610923347,235.9569983736009,0.0,42.71671416829587,0.07650273224043716,1260,9
final_refine_2m,2.0,704.0,368.0,794.3802615876102,1.0,1.0,0.0,1.0,0.24153005464480876,0.24153005464480876,1.0,0.31666666666666665,0.31666666666666665,75.18367464690498,92.11652779587831,182.63251677793042,198.7323869171241,235.17667419498622,0.0,42.65300583161526,0.07650273224043716,1260,9
final_refine_2m,2.0,706.0,368.0,796.1532515791165,1.0,1.0,0.0,1.0,0.24241478011969816,0.24241478011969816,1.0,0.31746031746031744,0.31746031746031744,74.87594226989283,91.8421606484852,182.0683432150569,198.09403497334213,234.39793741544858,0.0,42.590015927829846,0.07730939370283632,1260,9
final_refine_2m,2.0,708.0,368.0,797.9273149855192,1.0,1.0,0.0,1.0,0.2450689565443664,0.2450689565443664,1.0,0.3198412698412698,0.3198412698412698,74.56940794221525,91.57056482287706,181.50526451424213,197.45695981636496,233.62078710289927,0.0,42.52751049596043,0.07918293000260214,1260,9
final_refine_2m,2.0,710.0,368.0,799.7024446630134,1.0,1.0,0.0,1.0,0.24574551131928182,0.24574551131928182,1.0,0.319047619047619,0.319047619047619,74.25799383316243,91.30052113828545,180.9432804422225,196.82116099150537,232.84522233243112,0.0,42.464482311968546,0.08118657298985169,1260,9
final_refine_2m,2.0,712.0,368.0,801.4786335268084,1.0,1.0,0.0,1.0,0.24657819411917772,0.24657819411917772,1.0,0.31746031746031744,0.31746031746031744,73.92438327382781,91.03165098060694,180.38239077210645,196.18663805093954,232.07124218636136,0.0,42.40081375347531,0.08386677075201665,1260,9
final_refine_2m,2.0,714.0,368.0,803.2558745505694,1.0,1.0,0.0,1.0,0.24616185271922977,0.24616185271922977,1.0,0.3142857142857143,0.3142857142857143,73.59220271951797,90.76395408220776,179.82259528343033,195.55339055375626,231.29884575425123,0.0,42.336503616717614,0.08574030705178246,1260,9
final_refine_2m,2.0,716.0,368.0,805.0341607658646,1.0,1.0,0.0,1.0,0.24574551131928182,0.24574551131928182,1.0,0.3111111111111111,0.3111111111111111,73.26145373922168,90.49743328911217,179.26389376219635,194.92141806601205,230.52803213297443,0.0,42.27155074711157,0.0853239656518345,1260,9
final_refine_2m,2.0,718.0,368.0,806.8134852616186,1.0,1.0,0.0,1.0,0.24803538901899558,0.24803538901899558,1.0,0.3126984126984127,0.3126984126984127,72.93213791704699,90.2320855261276,178.68109530651057,194.29072016076879,229.75880042675948,0.0,42.205954039411814,0.08397085610200364,1260,9
final_refine_2m,2.0,720.0,368.0,808.5938411835698,1.0,1.0,0.0,1.0,0.2501431173562321,0.2501431173562321,1.0,0.31507936507936507,0.31507936507936507,72.60425685206692,89.96791283368563,178.07445109664724,193.66129641814405,228.9911497472073,0.0,42.14021594119486,0.08261774655217279,1260,9
final_refine_2m,2.0,722.0,368.0,810.3752217337349,1.0,1.0,0.0,1.0,0.25191256830601094,0.25191256830601094,1.0,0.31666666666666665,0.31666666666666665,72.27781215815526,89.70491668183674,177.46911256166413,193.0331464253586,228.2250792133759,0.0,42.075369627350284,0.08058808222742649,1260,9
final_refine_2m,2.0,724.0,368.0,812.1576201698781,1.0,1.0,0.0,1.0,0.2507416081186573,0.2507416081186573,1.0,0.3142857142857143,0.3142857142857143,71.95280546380916,89.44309482152168,176.86507940301573,192.40626977678247,227.46058795178357,0.0,42.01138332705459,0.07923497267759563,1260,9
final_refine_2m,2.0,726.0,368.0,813.9410298049853,1.0,1.0,0.0,1.0,0.24879000780640126,0.24879000780640126,1.0,0.3103174603174603,0.3103174603174603,71.62923841197134,89.18245600759523,176.26235133060894,191.7806660739809,226.69767509649597,0.0,41.9482257670914,0.07923497267759563,1260,9
final_refine_2m,2.0,728.0,368.0,815.7254440067442,1.0,1.0,0.0,1.0,0.246448087431694,0.246448087431694,1.0,0.3055555555555556,0.3055555555555556,71.30711265983258,88.92301078779698,175.66092806285835,191.1563349257754,225.93633978913886,0.0,41.885866162314606,0.07923497267759563,1260,9
final_refine_2m,2.0,730.0,368.0,817.5108561970294,1.0,1.0,0.0,1.0,0.24410616705698673,0.24410616705698673,1.0,0.3007936507936508,0.3007936507936508,70.98642987862966,88.66475289950237,175.06080932674436,190.5332759482775,225.17658117896346,0.0,41.82427420639264,0.07923497267759563,1260,9
final_refine_2m,2.0,630.0,370.0,730.6161783043132,1.0,1.0,0.0,1.0,0.24082747853239655,0.24082747853239655,1.0,0.37857142857142856,0.37857142857142856,87.65984326929744,102.78253572970837,204.70946470335886,222.60283100286853,263.58149523052174,0.0,45.004553303847096,0.06830601092896176,1260,9
final_refine_2m,2.0,632.0,370.0,732.3414504177679,1.0,1.0,0.0,1.0,0.2395784543325527,0.2395784543325527,1.0,0.37142857142857144,0.37142857142857144,87.30691529667232,102.46210256649842,204.0789794413044,221.8650273264518,262.74970125649617,0.0,44.93739963956594,0.07062190996617226,1260,9
final_refine_2m,2.0,634.0,370.0,734.0681167303209,1.0,1.0,0.0,1.0,0.24103564923237053,0.24103564923237053,1.0,0.36984126984126986,0.36984126984126986,86.95515091805225,102.14404238027899,203.44969873974742,221.12873684786607,261.9195181310655,0.0,44.87018091241722,0.07306791569086651,1260,9
final_refine_2m,2.0,636.0,370.0,735.7961674268221,1.0,1.0,0.0,1.0,0.24270101483216236,0.24270101483216236,1.0,0.37142857142857144,0.37142857142857144,86.60455101070481,101.8271417054813,202.8216220875426,220.39395870750621,261.09094471545353,0.0,44.80237249852609,0.07478532396565184,1260,9
final_refine_2m,2.0,638.0,370.0,737.5255927762778,1.0,1.0,0.0,1.0,0.2443663804319542,0.2443663804319542,1.0,0.373015873015873,0.373015873015873,86.25511646527498,101.5113996665193,202.1947489791281,219.66069205252754,260.2639798767449,0.0,44.73397309639838,0.0766328389279209,1260,9
final_refine_2m,2.0,640.0,370.0,739.2563831310488,1.0,1.0,0.0,1.0,0.24603174603174602,0.24603174603174602,1.0,0.3746031746031746,0.3746031746031746,85.90684818581676,101.19681485954953,201.56907891455944,218.92893603688373,259.43862248791777,0.0,44.66498144691674,0.0776216497527973,1260,9
final_refine_2m,2.0,642.0,370.0,740.9885289260557,1.0,1.0,0.0,1.0,0.24829560239396306,0.24829560239396306,1.0,0.3761904761904762,0.3761904761904762,85.5597470898363,100.88337186633431,200.94461139954367,218.19868982135216,258.614871427881,0.0,44.59539633350027,0.07582617746552173,1260,9
final_refine_2m,2.0,644.0,370.0,742.7220206779923,1.0,1.0,0.0,1.0,0.23648191517043976,0.23648191517043976,1.0,0.35793650793650794,0.35793650793650794,85.21381410831498,100.57107680843241,200.32134594546673,217.46995257358742,257.7927255815082,0.0,44.52529423975097,0.07462919594067136,1260,9
final_refine_2m,2.0,646.0,370.0,744.4568489845466,1.0,1.0,0.0,1.0,0.2473328129065834,0.2473328129065834,1.0,0.36666666666666664,0.36666666666666664,84.86905018574674,100.25994365158985,199.69928206944846,216.75444923208934,256.9721838396523,0.0,44.45566215390971,0.07343221441582097,1260,9
final_refine_2m,2.0,648.0,370.0,746.1930045236286,1.0,1.0,0.0,1.0,0.24889409315638825,0.24889409315638825,1.0,0.36587301587301585,0.36587301587301585,84.5254562801672,99.94996733785878,199.07841929434832,216.08327662206065,256.1532450991726,0.0,44.386779931211834,0.07163674212854541,1260,9
final_refine_2m,2.0,650.0,370.0,747.9304780526062,1.0,1.0,0.0,1.0,0.24972677595628415,0.24972677595628415,1.0,0.36666666666666664,0.36666666666666664,84.16244874664817,99.64115177673096,198.45875714883613,215.413387320574,255.33590826298175,0.0,44.31862234552977,0.07103825136612021,1260,9
final_refine_2m,2.0,652.0,370.0,749.669260407548,1.0,1.0,0.0,1.0,0.24972677595628415,0.24972677595628415,1.0,0.36666666666666664,0.36666666666666664,83.79342159477555,99.33349554325684,197.8402951673987,214.7447807084514,254.52017224006474,0.0,44.25117562681232,0.07103825136612021,1260,9
final_refine_2m,2.0,654.0,370.0,751.4093425024738,1.0,1.0,0.0,1.0,0.24972677595628415,0.24972677595628415,1.0,0.36666666666666664,0.36666666666666664,83.42575821404358,99.02699878709005,197.22303289039024,214.07745617219032,253.70603594550693,0.0,44.18440008399286,0.07103825136612021,1260,9
final_refine_2m,2.0,656.0,370.0,753.150715328612,1.0,1.0,0.0,1.0,0.24894613583138173,0.24894613583138173,1.0,0.36428571428571427,0.36428571428571427,83.05945967962923,98.72166787813143,196.60696986407038,213.4114131040187,252.89349830053732,0.0,44.11827144987915,0.07254748894093156,1260,9
final_refine_2m,2.0,658.0,370.0,754.8933699536644,1.0,1.0,0.0,1.0,0.24712464220660943,0.24712464220660943,1.0,0.35873015873015873,0.35873015873015873,82.69452708282763,98.41892154455914,195.992105640636,212.74665090191,252.08255823254495,0.0,44.0525869291098,0.07431693989071038,1260,9
final_refine_2m,2.0,660.0,370.0,756.6372975210778,1.0,1.0,0.0,1.0,0.24504293520686962,0.24504293520686962,1.0,0.3523809523809524,0.3523809523809524,82.33096153106132,98.11772110934301,195.3784397782658,212.0831689696202,251.27321467511877,0.0,43.98641114536164,0.07684100962789488,1260,9
final_refine_2m,2.0,662.0,370.0,758.3824892493233,1.0,1.0,0.0,1.0,0.2442622950819672,0.2442622950819672,1.0,0.35,0.35,81.9687641478757,97.81767874807424,194.76597184115118,211.42096671673718,250.46546656807573,0.0,43.91962951415967,0.07874056726515744,1260,9
final_refine_2m,2.0,664.0,370.0,760.1289364311821,1.0,1.0,0.0,1.0,0.2442622950819672,0.2442622950819672,1.0,0.35,0.35,81.6079360729494,97.51879946875063,194.15470139953854,210.76004355869838,249.65931285749448,0.0,43.852240780729545,0.08051001821493625,1260,9
final_refine_2m,2.0,666.0,370.0,761.876630433038,1.0,1.0,0.0,1.0,0.2442622950819672,0.2442622950819672,1.0,0.35,0.35,81.24847846208294,97.2210792233262,193.5446280297698,210.10039891683803,248.85475249575617,0.0,43.784243734725045,0.08001561280249805,1260,9
final_refine_2m,2.0,668.0,370.0,763.625562694178,1.0,1.0,0.0,1.0,0.24512099921935987,0.24512099921935987,1.0,0.35079365079365077,0.35079365079365077,80.8903924871905,96.92453333412917,192.93575131431433,209.44203221841516,248.05178444155163,0.0,43.71563721038188,0.07814207650273224,1260,9
final_refine_2m,2.0,670.0,370.0,765.3757247260982,1.0,1.0,0.0,1.0,0.2451470205568566,0.2451470205568566,1.0,0.3492063492063492,0.3492063492063492,80.53367933629639,96.62916590860456,192.32807084181715,208.78494289665744,247.2504076599546,0.0,43.64691045340462,0.07689305230288837,1260,9
final_refine_2m,2.0,672.0,370.0,767.1271081118174,1.0,1.0,0.0,1.0,0.24486078584439241,0.24486078584439241,1.0,0.34523809523809523,0.34523809523809523,80.17834021351091,96.33496252707839,191.72158620714177,208.12913039079177,246.45062112242027,0.0,43.578983504908024,0.07564402810304449,1260,9
final_refine_2m,2.0,674.0,370.0,768.8797045051977,1.0,1.0,0.0,1.0,0.2445745511319282,0.2445745511319282,1.0,0.3412698412698413,0.3412698412698413,79.82437633901309,96.04192102899412,191.11629701139293,207.47459414608682,245.65242380683048,0.0,43.51182910678348,0.07377049180327869,1260,9
final_refine_2m,2.0,676.0,370.0,770.6335056302704,1.0,1.0,0.0,1.0,0.2462919594067135,0.2462919594067135,1.0,0.3412698412698413,0.3412698412698413,79.4717889490278,95.75004157137421,190.5122028619735,206.82133361388534,244.85581469753657,0.0,43.44542035469754,0.07377049180327869,1260,9
final_refine_2m,2.0,678.0,370.0,772.3885032805706,1.0,1.0,0.0,1.0,0.24800936768149884,0.24800936768149884,1.0,0.34285714285714286,0.34285714285714286,79.12057929579107,95.45932430314336,189.9093033726308,206.16934825164532,244.06079278538866,0.0,43.37973069343812,0.07377049180327869,1260,9
final_refine_2m,2.0,680.0,370.0,774.1446893184761,1.0,1.0,0.0,1.0,0.24972677595628415,0.24972677595628415,1.0,0.34444444444444444,0.34444444444444444,78.77074864752454,95.1697693650805,189.30759816347097,205.51863752297209,243.26735706776907,0.0,43.31473391235337,0.07377049180327869,1260,9
final_refine_2m,2.0,682.0,370.0,775.9020556745548,1.0,1.0,0.0,1.0,0.25230288836846215,0.25230288836846215,1.0,0.3468253968253968,0.3468253968253968,78.44970333919348,94.88192597372111,188.70708686103143,204.86920089767483,242.4755065486186,0.0,43.25040414088171,0.07624251886546969,1260,9
final_refine_2m,2.0,684.0,370.0,777.6605943469169,1.0,1.0,0.0,1.0,0.25245901639344265,0.25245901639344265,1.0,0.34444444444444444,0.34444444444444444,78.13088451150507,94.59658390163298,188.10776909830594,204.22103785177725,241.68524023849838,0.0,43.18602316035757,0.07884465261514442,1260,9
final_refine_2m,2.0,686.0,370.0,779.4202974005746,1.0,1.0,0.0,1.0,0.25199063231850116,0.25199063231850116,1.0,0.3404761904761905,0.3404761904761905,77.8132423579089,94.31240472752559,187.46192174662582,203.5741478675813,240.89655715460438,0.0,43.12102181813987,0.08001561280249805,1260,9
final_refine_2m,2.0,688.0,370.0,781.1811569668075,1.0,1.0,0.0,1.0,0.2498048399687744,0.2498048399687744,1.0,0.3349206349206349,0.3349206349206349,77.49677811084513,94.02938871778271,186.81204588289856,202.92853043370062,240.10945632081197,0.0,43.05539886664233,0.08261774655217279,1260,9
final_refine_2m,2.0,690.0,370.0,782.9431652425353,1.0,1.0,0.0,1.0,0.24918032786885247,0.24918032786885247,1.0,0.3333333333333333,0.3333333333333333,77.18149301610384,93.74753613024946,186.16358989207671,202.28418504509267,239.32393676770326,0.0,42.989153104613195,0.08365860005204268,1260,9
final_refine_2m,2.0,692.0,370.0,784.7063144896949,1.0,1.0,0.0,1.0,0.24918032786885247,0.24918032786885247,1.0,0.3333333333333333,0.3333333333333333,76.86738833278321,93.46684721417013,185.51655328853738,201.64111120310838,238.53999753263,0.0,42.922283377298335,0.08170699973978662,1260,9
final_refine_2m,2.0,694.0,370.0,786.4705970346254,1.0,1.0,0.0,1.0,0.2373926619828259,0.2373926619828259,1.0,0.32063492063492066,0.32063492063492066,76.55446533325573,93.18732221012769,184.87093559509685,200.99930841552512,237.75763765972687,0.0,42.854870634864106,0.08040593286494926,1260,9
final_refine_2m,2.0,696.0,370.0,788.2360052674579,1.0,1.0,0.0,1.0,0.24863387978142076,0.24863387978142076,1.0,0.3333333333333333,0.3333333333333333,76.24272530312273,92.90895844630232,184.22673634306736,200.35877619659567,236.97685619995036,0.0,42.7879803570646,0.07910486599011189,1260,9
final_refine_2m,2.0,698.0,370.0,790.0025316415132,1.0,1.0,0.0,1.0,0.24660421545667446,0.24660421545667446,1.0,0.32857142857142857,0.32857142857142857,75.93216954117432,92.63174358776678,183.58395507231737,199.71951406709158,236.1976522111426,0.0,42.72191752244474,0.07780379911527452,1260,9
final_refine_2m,2.0,700.0,370.0,791.7701686727027,1.0,1.0,0.0,1.0,0.2445745511319282,0.2445745511319282,1.0,0.3238095238095238,0.3238095238095238,75.6227993593337,92.35568061599675,183.0129343291879,199.08152155433126,235.42002475804455,0.0,42.656653020763976,0.07650273224043716,1260,9
final_refine_2m,2.0,702.0,370.0,793.5389089389379,1.0,1.0,0.0,1.0,0.24220660941972416,0.24220660941972416,1.0,0.31825396825396823,0.31825396825396823,75.31461608260558,92.08077966689434,182.44990170673367,198.44479819224182,234.64397291234494,0.0,42.59217001557343,0.07650273224043716,1260,9
final_refine_2m,2.0,704.0,370.0,795.3087450795446,1.0,1.0,0.0,1.0,0.24153005464480876,0.24153005464480876,1.0,0.31666666666666665,0.31666666666666665,75.00762104901894,91.80704473508759,181.88795778164587,197.80934352138894,233.86949575272814,0.0,42.528423861967916,0.07650273224043716,1260,9
final_refine_2m,2.0,706.0,370.0,797.0796697946824,1.0,1.0,0.0,1.0,0.24241478011969816,0.24241478011969816,1.0,0.31746031746031744,0.31746031746031744,74.70181560955811,91.53447430894015,181.3271023190421,197.17515708901834,233.09659236489802,0.0,42.4653867831434,0.0781160551652355,1260,9
final_refine_2m,2.0,708.0,370.0,798.8516758447715,1.0,1.0,0.0,1.0,0.2450689565443664,0.2450689565443664,1.0,0.3198412698412698,0.3198412698412698,74.39195963494737,91.26463127208996,180.76733509030126,196.54223844911638,232.32526184163757,0.0,42.40284370032813,0.0799895914650013,1260,9
final_refine_2m,2.0,710.0,370.0,800.6247560499238,1.0,1.0,0.0,1.0,0.24647410876919074,0.24647410876919074,1.0,0.32063492063492066,0.32063492063492066,74.05927822109548,90.99636710122863,180.20865587308649,195.91058716243737,231.5555032828379,0.0,42.3397895262909,0.08266978922716628,1260,9
final_refine_2m,2.0,712.0,370.0,802.3989032893801,1.0,1.0,0.0,1.0,0.24730679156908666,0.24730679156908666,1.0,0.319047619047619,0.319047619047619,73.72801539162919,90.72926638763124,179.6510644513979,195.2802027965512,230.78731579554523,0.0,42.276099639246965,0.08467343221441583,1260,9
final_refine_2m,2.0,714.0,370.0,804.1741105009536,1.0,1.0,0.0,1.0,0.2468904501691387,0.2468904501691387,1.0,0.31587301587301586,0.31587301587301586,73.3981726784439,90.4633315658121,179.0720304173335,194.65108492589593,230.02069849401073,0.0,42.21177285013335,0.08654696851418163,1260,9
final_refine_2m,2.0,716.0,370.0,805.950370680478,1.0,1.0,0.0,1.0,0.24647410876919074,0.24647410876919074,1.0,0.3126984126984127,0.3126984126984127,73.06975162816167,90.1985646917928,178.46682910355784,194.02323313182524,229.25565049971127,0.0,42.14680801831852,0.08600052042674994,1260,9
final_refine_2m,2.0,718.0,370.0,807.7276768812618,1.0,1.0,0.0,1.0,0.24803538901899558,0.24803538901899558,1.0,0.3126984126984127,0.3126984126984127,72.7427538019695,89.9349625161143,177.8629249149298,193.3966470026348,228.49217094142034,0.0,42.08120405175966,0.08397085610200364,1260,9
final_refine_2m,2.0,720.0,370.0,809.5060222135472,1.0,1.0,0.0,1.0,0.2501431173562321,0.2501431173562321,1.0,0.31507936507936507,0.31507936507936507,72.41718077546167,89.67252716250097,177.2603175511299,192.77132613363625,227.7302589552363,0.0,42.01548332623727,0.08261774655217279,1260,9
final_refine_2m,2.0,722.0,370.0,811.2853998439759,1.0,1.0,0.0,1.0,0.25191256830601094,0.25191256830601094,1.0,0.31666666666666665,0.31666666666666665,72.09303413847348,89.41126019015972,176.6590067201156,192.1472701271826,226.96991368462372,0.0,41.950642840755755,0.08126463700234192,1260,9
final_refine_2m,2.0,724.0,370.0,813.0658029950589,1.0,1.0,0.0,1.0,0.25152224824355973,0.25152224824355973,1.0,0.31587301587301586,0.31587301587301586,71.77031549489475,89.1511591674491,176.05899213815462,191.524478592727,226.21113428047198,0.0,41.88665125436544,0.07991152745251105,1260,9
final_refine_2m,2.0,726.0,370.0,814.8472249446518,1.0,1.0,0.0,1.0,0.24918032786885247,0.24918032786885247,1.0,0.3111111111111111,0.3111111111111111,71.44902646248835,88.89222601008817,175.46027352990265,190.90295114686597,225.45391990113254,0.0,41.82347771325025,0.07923497267759563,1260,9
final_refine_2m,2.0,728.0,370.0,816.6296590254361,1.0,1.0,0.0,1.0,0.24722872755659642,0.24722872755659642,1.0,0.30714285714285716,0.30714285714285716,71.12916867269143,88.6344748081093,174.86285062846096,190.27968416495443,224.6982697124678,0.0,41.761091841465884,0.07923497267759563,1260,9
final_refine_2m,2.0,730.0,370.0,818.4130986244049,1.0,1.0,0.0,1.0,0.24488680718188915,0.24488680718188915,1.0,0.30238095238095236,0.30238095238095236,70.81074377041055,88.37790695713818,174.2667231754269,189.60449449780683,223.94418288788629,0.0,41.69946373194994,0.07923497267759563,1260,9
final_refine_2m,2.0,630.0,372.0,731.6310545623388,1.0,1.0,0.0,1.0,0.2414519906323185,0.2414519906323185,1.0,0.38095238095238093,0.38095238095238093,87.4056968768428,102.40604645759325,203.78291780571246,221.40470534539804,262.0703788500278,0.0,44.88158416905763,0.06903460837887067,1260,9
final_refine_2m,2.0,632.0,372.0,733.3539391044409,1.0,1.0,0.0,1.0,0.24124381993234453,0.24124381993234453,1.0,0.3753968253968254,0.3753968253968254,87.05496705219021,102.08766784126198,203.15638123302435,220.67228309076611,261.2448478673766,0.0,44.814368849264554,0.07194899817850638,1260,9
final_refine_2m,2.0,634.0,372.0,735.0782271296029,1.0,1.0,0.0,1.0,0.24103564923237053,0.24103564923237053,1.0,0.36984126984126986,0.36984126984126986,86.70539403363165,101.77168076254316,202.53104097214978,219.94136147416629,260.4209134281317,0.0,44.74710818807388,0.07379651314077544,1260,9
final_refine_2m,2.0,636.0,372.0,736.8039087844201,1.0,1.0,0.0,1.0,0.24270101483216236,0.24270101483216236,1.0,0.37142857142857144,0.37142857142857144,86.35697869335122,101.45684400315743,201.90689652627267,219.21193965851126,259.5985744198824,0.0,44.67926191900809,0.07551392141556076,1260,9
final_refine_2m,2.0,638.0,372.0,738.5309742996566,1.0,1.0,0.0,1.0,0.2443663804319542,0.2443663804319542,1.0,0.373015873015873,0.373015873015873,86.00972191664741,101.14315803080723,201.28394740411622,218.48401681340383,258.7778297360091,0.0,44.61082875540041,0.07723132969034609,1260,9
final_refine_2m,2.0,640.0,372.0,740.2594139894474,1.0,1.0,0.0,1.0,0.24603174603174602,0.24603174603174602,1.0,0.3746031746031746,0.3746031746031746,85.66362460195843,100.83062314636447,200.66219311998515,217.75759211519542,257.9586782757418,0.0,44.54180745231179,0.0776216497527973,1260,9
final_refine_2m,2.0,642.0,372.0,741.989218250508,1.0,1.0,0.0,1.0,0.24852979443143378,0.24852979443143378,1.0,0.376984126984127,0.376984126984127,85.31868766090163,100.51923145881203,200.04163319379148,217.05740806941213,257.1411189441917,0.0,44.47219680668818,0.07642466822794691,1260,9
final_refine_2m,2.0,644.0,372.0,743.720377561352,1.0,1.0,0.0,1.0,0.23653395784543327,0.23653395784543327,1.0,0.3595238095238095,0.3595238095238095,84.97491201829413,100.20897092036681,199.42226715109018,216.38806346749135,256.32515065234907,0.0,44.40208038669719,0.07462919594067136,1260,9
final_refine_2m,2.0,646.0,372.0,745.4528824815154,1.0,1.0,0.0,1.0,0.24803538901899558,0.24803538901899558,1.0,0.36904761904761907,0.36904761904761907,84.63229861218834,99.89986044503425,198.8040945231165,215.71999407732173,255.51077231715175,0.0,44.33244262915032,0.07343221441582097,1260,9
final_refine_2m,2.0,648.0,372.0,747.1867236507886,1.0,1.0,0.0,1.0,0.24889409315638825,0.24889409315638825,1.0,0.36587301587301585,0.36587301587301585,84.26667602441515,99.59190087619685,198.1871148468232,215.0531992849642,254.69798286147446,0.0,44.263544696967266,0.0722352328909706,1260,9
final_refine_2m,2.0,650.0,372.0,748.9218917884562,1.0,1.0,0.0,1.0,0.24972677595628415,0.24972677595628415,1.0,0.36666666666666664,0.36666666666666664,83.89884617918848,99.28509177757,197.57132766491247,214.3876784820479,253.88678121419946,0.0,44.195361700710826,0.07103825136612021,1260,9
final_refine_2m,2.0,652.0,372.0,750.6583776925427,1.0,1.0,0.0,1.0,0.24972677595628415,0.24972677595628415,1.0,0.36666666666666664,0.36666666666666664,83.53236993074998,98.97943611187782,196.95673252586775,213.7234310658171,253.0771663102048,0.0,44.127877978540496,0.07103825136612021,1260,9
final_refine_2m,2.0,654.0,372.0,752.3961722390671,1.0,1.0,0.0,1.0,0.24972677595628415,0.24972677595628415,1.0,0.36666666666666664,0.36666666666666664,83.16724832993759,98.67492917920171,196.34332898400277,213.06045643915192,252.2691370904342,0.0,44.06105644614431,0.07103825136612021,1260,9
final_refine_2m,2.0,656.0,372.0,754.1352663813037,1.0,1.0,0.0,1.0,0.24972677595628415,0.24972677595628415,1.0,0.36666666666666664,0.36666666666666664,82.80348244331093,98.37157923395931,195.73111659948444,212.39875401061195,251.46269250189772,0.0,43.99487315226234,0.07330210772833724,1260,9
final_refine_2m,2.0,658.0,372.0,755.8756511490498,1.0,1.0,0.0,1.0,0.24764506895654437,0.24764506895654437,1.0,0.3603174603174603,0.3603174603174603,82.44107335315503,98.07077243299095,195.1200949383862,211.73832319446444,250.65783149771954,0.0,43.929142700258886,0.07569607077803799,1260,9
final_refine_2m,2.0,660.0,372.0,757.6173176479007,1.0,1.0,0.0,1.0,0.24582357533177204,0.24582357533177204,1.0,0.3547619047619048,0.3547619047619048,82.08002215748145,97.77153273703885,194.510263572708,211.07916341071837,249.8545530371589,0.0,43.86293169951111,0.07759562841530054,1260,9
final_refine_2m,2.0,662.0,372.0,759.3602570585322,1.0,1.0,0.0,1.0,0.2442622950819672,0.2442622950819672,1.0,0.35,0.35,81.72032997003386,97.47344783148765,193.9016220804256,210.421274085166,249.05285608564597,0.0,43.79611911337498,0.07936507936507936,1260,9
final_refine_2m,2.0,664.0,372.0,761.1044606359892,1.0,1.0,0.0,1.0,0.2442622950819672,0.2442622950819672,1.0,0.35,0.35,81.36199792027789,97.17651549992826,193.29417004552246,209.7646546494021,248.25273961482787,0.0,43.72870370160452,0.08126463700234192,1260,9
final_refine_2m,2.0,666.0,372.0,762.8499197089818,1.0,1.0,0.0,1.0,0.2442622950819672,0.2442622950819672,1.0,0.35,0.35,81.00502715339073,96.88073652552158,192.68790705803437,209.10930454087907,247.45420260257987,0.0,43.6606842677046,0.08001561280249805,1260,9
final_refine_2m,2.0,668.0,372.0,764.5966256791878,1.0,1.0,0.0,1.0,0.24512099921935987,0.24512099921935987,1.0,0.35079365079365077,0.35079365079365077,80.64941883025597,96.5861122053117,192.08283271408496,208.4552232029374,246.65724403303773,0.0,43.59205965908264,0.07876658860265418,1260,9
final_refine_2m,2.0,670.0,372.0,766.344570020562,1.0,1.0,0.0,1.0,0.24571948998178506,0.24571948998178506,1.0,0.35079365079365077,0.35079365079365077,80.29517412744129,96.29266035743586,191.47894661592696,207.8024100848253,245.861862896652,0.0,43.52333741383304,0.07689305230288837,1260,9
final_refine_2m,2.0,672.0,372.0,768.0937442786525,1.0,1.0,0.0,1.0,0.24543325526932083,0.24543325526932083,1.0,0.3468253968253968,0.3468253968253968,79.94229423717661,96.00037232146677,190.8762483719718,207.150864641757,245.0680581902092,0.0,43.455404392899446,0.07564402810304449,1260,9
final_refine_2m,2.0,674.0,372.0,769.8441400699235,1.0,1.0,0.0,1.0,0.2451470205568566,0.2451470205568566,1.0,0.34285714285714286,0.34285714285714286,79.59078036733551,95.70923805754256,190.27473759685157,206.50058633494302,244.2758289168625,0.0,43.38823370381293,0.07439500390320063,1260,9
final_refine_2m,2.0,676.0,372.0,771.5957490810846,1.0,1.0,0.0,1.0,0.2462919594067135,0.2462919594067135,1.0,0.3412698412698413,0.3412698412698413,79.24063374139935,95.41925772239549,189.67441391143402,205.85157463161562,243.48517408616246,0.0,43.321798800295845,0.07377049180327869,1260,9
final_refine_2m,2.0,678.0,372.0,773.3485630684265,1.0,1.0,0.0,1.0,0.24800936768149884,0.24800936768149884,1.0,0.34285714285714286,0.34285714285714286,78.89211836582983,95.13043146475837,189.07527694288527,205.20382900508483,242.69609271411667,0.0,43.25607347775515,0.07377049180327869,1260,9
final_refine_2m,2.0,680.0,372.0,775.1025738571637,1.0,1.0,0.0,1.0,0.24972677595628415,0.24972677595628415,1.0,0.34444444444444444,0.34444444444444444,78.57294372287052,94.84275942531666,188.47732632469817,204.55734893476273,241.90858382319064,0.0,43.19103186886522,0.07377049180327869,1260,9
final_refine_2m,2.0,682.0,372.0,776.8577733407834,1.0,1.0,0.0,1.0,0.25230288836846215,0.25230288836846215,1.0,0.3468253968253968,0.3468253968253968,78.25493649515498,94.55675716572351,187.8317140950291,203.91213390620746,241.1226464423654,0.0,43.12664843923858,0.07767369242779079,1260,9
final_refine_2m,2.0,684.0,372.0,778.6141534804001,1.0,1.0,0.0,1.0,0.2530835284933646,0.2530835284933646,1.0,0.346031746031746,0.346031746031746,77.9380978757701,94.27327923707286,187.18358727819623,203.26818341116336,240.33827960717585,0.0,43.06223507702885,0.07962529274004684,1260,9
final_refine_2m,2.0,686.0,372.0,780.3717063041177,1.0,1.0,0.0,1.0,0.2526151444184231,0.2526151444184231,1.0,0.34206349206349207,0.34206349206349207,77.62242907085476,93.99095608950147,186.536870489333,202.6254969475926,239.55548235972435,0.0,42.997205783355824,0.08144678636481915,1260,9
final_refine_2m,2.0,688.0,372.0,782.1304239063968,1.0,1.0,0.0,1.0,0.2507416081186573,0.2507416081186573,1.0,0.3373015873015873,0.3373015873015873,77.30793129957473,93.70978798766298,185.89156324437047,201.9840740197239,238.77425374874608,0.0,42.93155932552166,0.08404892011449389,1260,9
final_refine_2m,2.0,690.0,372.0,783.8902984474295,1.0,1.0,0.0,1.0,0.24918032786885247,0.24918032786885247,1.0,0.3333333333333333,0.3333333333333333,76.9946057940898,93.42977518777545,185.2476650674961,201.34391413808447,237.99459282962215,0.0,42.86529451645978,0.08365860005204268,1260,9
final_refine_2m,2.0,692.0,372.0,785.6513221525182,1.0,1.0,0.0,1.0,0.24918032786885247,0.24918032786885247,1.0,0.3333333333333333,0.3333333333333333,76.68245379950986,93.15091793755954,184.60517549120374,200.70501681955437,237.2164986644322,0.0,42.79841021489561,0.0823575331772053,1260,9
final_refine_2m,2.0,694.0,372.0,787.4134873114633,1.0,1.0,0.0,1.0,0.23598750975800156,0.23598750975800156,1.0,0.319047619047619,0.319047619047619,76.3714765738626,92.87321647617864,183.9640940563602,200.06738158738622,236.43997032199235,0.0,42.73099502664582,0.08105646630236794,1260,9
final_refine_2m,2.0,696.0,372.0,789.1767862779543,1.0,1.0,0.0,1.0,0.24863387978142076,0.24863387978142076,1.0,0.3333333333333333,0.3333333333333333,76.06167538803855,92.59667103418083,183.39337127997834,199.43100797126,235.66500687787766,0.0,42.66411165502362,0.07910486599011189,1260,9
final_refine_2m,2.0,698.0,372.0,790.9412114689687,1.0,1.0,0.0,1.0,0.2472807702315899,0.2472807702315899,1.0,0.33015873015873015,0.33015873015873015,75.75305152574919,92.3212747630108,182.83146803498465,198.79589550732203,234.8916074144853,0.0,42.59804488915971,0.07780379911527452,1260,9
final_refine_2m,2.0,700.0,372.0,792.7067553641763,1.0,1.0,0.0,1.0,0.24525110590684362,0.24525110590684362,1.0,0.3253968253968254,0.3253968253968254,75.44560628346811,92.04701777818374,182.27064739121673,198.16204373822728,234.11977102104774,0.0,42.53276600915853,0.07650273224043716,1260,9
final_refine_2m,2.0,702.0,372.0,794.4734105053485,1.0,1.0,0.0,1.0,0.2428831641946396,0.2428831641946396,1.0,0.3198412698412698,0.3198412698412698,75.1393409703788,91.77390824007355,181.71090911227967,197.52945221318473,233.34949679369058,0.0,42.46825616965399,0.07650273224043716,1260,9
final_refine_2m,2.0,704.0,372.0,796.2411694957754,1.0,1.0,0.0,1.0,0.24153005464480876,0.24153005464480876,1.0,0.31666666666666665,0.31666666666666665,74.83425690830457,91.50195754163543,181.15225296789225,196.89812048799163,232.58078383547485,0.0,42.404473559361975,0.07650273224043716,1260,9
final_refine_2m,2.0,706.0,372.0,798.0100249996864,1.0,1.0,0.0,1.0,0.24241478011969816,0.24241478011969816,1.0,0.31746031746031744,0.31746031746031744,74.52593924290275,91.23116140780061,180.5946787339481,196.2680481250804,231.81363125642272,0.0,42.34139076371786,0.0781160551652355,1260,9
final_refine_2m,2.0,708.0,372.0,799.7799697416784,1.0,1.0,0.0,1.0,0.2450689565443664,0.2450689565443664,1.0,0.3198412698412698,0.3198412698412698,74.19417676059476,90.96304895921737,180.03818619253923,195.63923469356652,231.0480381735643,0.0,42.27881138839324,0.08079625292740047,1260,9
final_refine_2m,2.0,710.0,372.0,801.5509965061487,1.0,1.0,0.0,1.0,0.2468384074941452,0.2468384074941452,1.0,0.32142857142857145,0.32142857142857145,73.86382160991637,90.69654128656141,179.46286855014753,195.0116797692881,230.28400371098482,0.0,42.215732461663436,0.08347645068956544,1260,9
final_refine_2m,2.0,712.0,372.0,803.3230981367335,1.0,1.0,0.0,1.0,0.2476710902940411,0.2476710902940411,1.0,0.3198412698412698,0.3198412698412698,73.53487528664829,90.431188771445,178.85909460219187,194.38538293485274,229.52152699986718,0.0,42.15202243516064,0.08534998698933126,1260,9
final_refine_2m,2.0,714.0,372.0,805.0962675357525,1.0,1.0,0.0,1.0,0.24725474889409316,0.24725474889409316,1.0,0.31666666666666665,0.31666666666666665,73.20733930090344,90.16699460967602,178.2566093384224,193.7603437796803,228.76060717851766,0.0,42.08768013434885,0.08735362997658079,1260,9
final_refine_2m,2.0,716.0,372.0,806.8704976636585,1.0,1.0,0.0,1.0,0.2468384074941452,0.2468384074941452,1.0,0.3134920634920635,0.3134920634920635,72.88121517698303,89.90395923446843,177.65541245687507,193.1365619000466,228.00124339243587,0.0,42.02270443239162,0.08600052042674994,1260,9
final_refine_2m,2.0,718.0,372.0,808.6457815384929,1.0,1.0,0.0,1.0,0.24803538901899558,0.24803538901899558,1.0,0.3126984126984127,0.3126984126984127,72.55650445321088,89.64208088760176,177.0555036636687,192.5140368991383,227.24343479432886,0.0,41.95709425030724,0.08464741087691907,1260,9
final_refine_2m,2.0,720.0,372.0,810.4221122353462,1.0,1.0,0.0,1.0,0.24941451990632318,0.24941451990632318,1.0,0.3142857142857143,0.3142857142857143,72.23320868177578,89.38136225387954,176.45688267305627,191.8927683870845,226.48718054418435,0.0,41.891391671081976,0.08261774655217279,1260,9
final_refine_2m,2.0,722.0,372.0,812.1994828858241,1.0,1.0,0.0,1.0,0.25191256830601094,0.25191256830601094,1.0,0.31666666666666665,0.31666666666666665,71.91132942855216,89.12180187898672,175.85954920749853,191.2727559810156,225.73247980928676,0.0,41.82655792038601,0.08126463700234192,1260,9
final_refine_2m,2.0,724.0,372.0,813.977886677519,1.0,1.0,0.0,1.0,0.25191256830601094,0.25191256830601094,1.0,0.31666666666666665,0.31666666666666665,71.59086827291873,88.86340025308886,175.26350299770755,190.64994579248415,224.9793317642816,0.0,41.76256207972155,0.07991152745251105,1260,9
final_refine_2m,2.0,726.0,372.0,815.7573168534867,1.0,1.0,0.0,1.0,0.2499609679937549,0.2499609679937549,1.0,0.3126984126984127,0.3126984126984127,71.27182680756589,88.60615917833337,174.66874378271064,189.97668975476003,224.22773559121396,0.0,41.699373707503206,0.07923497267759563,1260,9
final_refine_2m,2.0,728.0,372.0,817.5377667117282,1.0,1.0,0.0,1.0,0.24761904761904763,0.24761904761904763,1.0,0.30793650793650795,0.30793650793650795,70.95420663829748,88.35008005766406,174.07527130990766,189.30493187626632,223.4776904795803,0.0,41.636962830062686,0.07923497267759563,1260,9
final_refine_2m,2.0,730.0,372.0,819.3192296046761,1.0,1.0,0.0,1.0,0.24566744730679158,0.24566744730679158,1.0,0.30396825396825394,0.30396825396825394,70.65002483702202,88.09517606198816,173.48308533513423,188.63467164811067,222.72919562635695,0.0,41.57529993291682,0.07923497267759563,1260,9
final_refine_2m,2.0,630.0,374.0,732.6499846447824,1.0,1.0,0.0,1.0,0.24207650273224043,0.24207650273224043,1.0,0.38333333333333336,0.38333333333333336,87.15516673459457,102.03476183155898,202.86781627352372,220.22320081791972,260.58052248319893,0.0,44.759197788031905,0.06903460837887067,1260,9
final_refine_2m,2.0,632.0,374.0,734.3704787094863,1.0,1.0,0.0,1.0,0.24186833203226646,0.24186833203226646,1.0,0.37777777777777777,0.37777777777777777,86.80660933076771,101.71841191764193,202.245181249644,219.49608562421122,259.7611647717718,0.0,44.69192234551063,0.0726775956284153,1260,9
final_refine_2m,2.0,634.0,374.0,736.0923855060586,1.0,1.0,0.0,1.0,0.24166016133229248,0.24166016133229248,1.0,0.37222222222222223,0.37222222222222223,86.45920201518872,101.40447377713625,201.62373440788645,218.77045871861165,258.9433895494119,0.0,44.62462107853215,0.07439500390320063,1260,9
final_refine_2m,2.0,636.0,374.0,737.8156951434416,1.0,1.0,0.0,1.0,0.24270101483216236,0.24270101483216236,1.0,0.37142857142857144,0.37142857142857144,86.11294565481028,101.09167500252015,201.00347526544175,218.0463192860097,258.127195729412,0.0,44.556738240986974,0.07624251886546969,1260,9
final_refine_2m,2.0,638.0,374.0,739.5403978147509,1.0,1.0,0.0,1.0,0.2443663804319542,0.2443663804319542,1.0,0.373015873015873,0.373015873015873,85.76784112942858,100.78001948994516,200.38440334501,217.36122015238095,257.31258223084444,0.0,44.48827256086463,0.07795992714025501,1260,9
final_refine_2m,2.0,640.0,374.0,741.2664837964819,1.0,1.0,0.0,1.0,0.24603174603174602,0.24603174603174602,1.0,0.3746031746031746,0.3746031746031746,85.42388933172265,100.46950665060274,199.76651817481869,216.6936835240894,256.49954797855986,0.0,44.41922280724696,0.07822014051522248,1260,9
final_refine_2m,2.0,642.0,374.0,742.9939434477242,1.0,1.0,0.0,1.0,0.24852979443143378,0.24852979443143378,1.0,0.376984126984127,0.376984126984127,85.08109116727344,100.16013629730227,199.1498192886735,216.02741410910386,255.68809190321144,0.0,44.349587790463275,0.07642466822794691,1260,9
final_refine_2m,2.0,644.0,374.0,744.7227672093824,1.0,1.0,0.0,1.0,0.23593546708300805,0.23593546708300805,1.0,0.3603174603174603,0.3603174603174603,84.73924515675108,99.85189172019196,198.53430622597142,215.3624112986429,254.87821294131666,0.0,44.27945808513891,0.07522768670309654,1260,9
final_refine_2m,2.0,646.0,374.0,746.452945603405,1.0,1.0,0.0,1.0,0.24873796513140775,0.24873796513140775,1.0,0.37142857142857144,0.37142857142857144,84.37125611203602,99.54477874083659,197.91997853176022,214.698674489402,254.06991003524408,0.0,44.209815605734825,0.07403070517824616,1260,9
final_refine_2m,2.0,648.0,374.0,748.1844692320203,1.0,1.0,0.0,1.0,0.24912828519385896,0.24912828519385896,1.0,0.36666666666666664,0.36666666666666664,84.00460961673305,99.23881100540027,197.30683575675525,214.03620308357986,253.26318213327562,0.0,44.14090302781708,0.0722352328909706,1260,9
final_refine_2m,2.0,650.0,374.0,749.9173287769793,1.0,1.0,0.0,1.0,0.24972677595628415,0.24972677595628415,1.0,0.36666666666666664,0.36666666666666664,83.63930668259992,98.93398392960718,196.69487745737916,213.37499648890204,252.45802818962022,0.0,44.072695792912654,0.07103825136612021,1260,9
final_refine_2m,2.0,652.0,374.0,751.6515149988059,1.0,1.0,0.0,1.0,0.24972677595628415,0.24972677595628415,1.0,0.36666666666666664,0.36666666666666664,83.27534833671798,98.63030308338715,196.0841031958048,212.7150541186572,251.6544471644487,0.0,44.005176365371035,0.07103825136612021,1260,9
final_refine_2m,2.0,654.0,374.0,753.3870187360544,1.0,1.0,0.0,1.0,0.24972677595628415,0.24972677595628415,1.0,0.36666666666666664,0.36666666666666664,82.91273562150852,98.32776317315357,195.4745125399837,212.05637539174603,250.85243802391685,0.0,43.93831023760281,0.07103825136612021,1260,9
final_refine_2m,2.0,656.0,374.0,755.1238309045742,1.0,1.0,0.0,1.0,0.24972677595628415,0.24972677595628415,1.0,0.36666666666666664,0.36666666666666664,82.55146959472917,98.02636882398657,194.8661050636795,211.39895973268628,250.05199974021497,0.0,43.87207376905367,0.07405672651574291,1260,9
final_refine_2m,2.0,658.0,374.0,756.8619424967806,1.0,1.0,0.0,1.0,0.2484257090814468,0.2484257090814468,1.0,0.3626984126984127,0.3626984126984127,82.19155132948231,97.72747776237095,194.25888034651905,210.74280657166952,249.25313129156976,0.0,43.80629878020012,0.07645068956544367,1260,9
final_refine_2m,2.0,660.0,374.0,758.6013445809334,1.0,1.0,0.0,1.0,0.246344002081707,0.246344002081707,1.0,0.35634920634920636,0.35634920634920636,81.83298191420917,97.4301744625702,193.65283797401727,210.08791534459317,248.4558316622976,0.0,43.74005384631344,0.07835024720270622,1260,9
final_refine_2m,2.0,662.0,374.0,760.3420283004222,1.0,1.0,0.0,1.0,0.24452250845693468,0.24452250845693468,1.0,0.35079365079365077,0.35079365079365077,81.47576245268213,97.1340213599589,193.04797753761787,209.43428549308408,247.66009984283824,0.0,43.673211545516786,0.08011969815248504,1260,9
final_refine_2m,2.0,664.0,374.0,762.0839848730585,1.0,1.0,0.0,1.0,0.2442622950819672,0.2442622950819672,1.0,0.35,0.35,81.11989406400284,96.8390117487838,192.4442986347305,208.78191646453305,246.86593482977096,0.0,43.60577065192646,0.08188914910226386,1260,9
final_refine_2m,2.0,666.0,374.0,763.8272055903743,1.0,1.0,0.0,1.0,0.2442622950819672,0.2442622950819672,1.0,0.35,0.35,80.76537788258017,96.54514989173973,191.8418008687757,208.13080771215152,246.07333562585015,0.0,43.53772998274661,0.08001561280249805,1260,9
final_refine_2m,2.0,668.0,374.0,765.5716818169283,1.0,1.0,0.0,1.0,0.24512099921935987,0.24512099921935987,1.0,0.35079365079365077,0.35079365079365077,80.41221505811832,96.25242926532194,191.2404838492081,207.48095869497524,245.28230124005628,0.0,43.469088398418954,0.07876658860265418,1260,9
final_refine_2m,2.0,670.0,374.0,767.3174049896171,1.0,1.0,0.0,1.0,0.2442622950819672,0.2442622950819672,1.0,0.35,0.35,80.06040675559579,95.9608669623595,190.64034719157908,206.83236887792543,244.49283068760025,0.0,43.40037152812809,0.07751756440281031,1260,9
final_refine_2m,2.0,672.0,374.0,769.0643666169952,1.0,1.0,0.0,1.0,0.24600572469424928,0.24600572469424928,1.0,0.3484126984126984,0.3484126984126984,79.70995415523426,95.67046705363047,190.04139051755092,206.1850377318385,243.7049229899834,0.0,43.332433418944944,0.07626854020296643,1260,9
final_refine_2m,2.0,674.0,374.0,770.8125582785999,1.0,1.0,0.0,1.0,0.24571948998178506,0.24571948998178506,1.0,0.34444444444444444,0.34444444444444444,79.36085845247838,95.38121636307616,189.4436134549496,205.53896473349727,242.91857717502072,0.0,43.26524753778906,0.07439500390320063,1260,9
final_refine_2m,2.0,676.0,374.0,772.5619716242834,1.0,1.0,0.0,1.0,0.2462919594067135,0.2462919594067135,1.0,0.3412698412698413,0.3412698412698413,79.01467741811754,95.09311159479448,188.8470156378168,204.89414936566362,242.13379227685996,0.0,43.19878769037049,0.07377049180327869,1260,9
final_refine_2m,2.0,678.0,374.0,774.3125983735509,1.0,1.0,0.0,1.0,0.24800936768149884,0.24800936768149884,1.0,0.34285714285714286,0.34285714285714286,78.6963137459681,94.80615289724754,188.20164129013628,204.25059111713884,241.35056733605006,0.0,43.133028016825435,0.07377049180327869,1260,9
final_refine_2m,2.0,680.0,374.0,776.0644303149063,1.0,1.0,0.0,1.0,0.24972677595628415,0.24972677595628415,1.0,0.34444444444444444,0.34444444444444444,78.37910955204666,94.52034041094701,187.55524388921464,203.608289482771,240.56890139954214,0.0,43.06794298743851,0.07455113192818111,1260,9
final_refine_2m,2.0,682.0,374.0,777.8174593052023,1.0,1.0,0.0,1.0,0.25230288836846215,0.25230288836846215,1.0,0.3468253968253968,0.3468253968253968,78.06306600406246,94.23615613113729,186.91024680201375,202.96724396351672,239.7887935207471,0.0,43.0035073984499,0.07845433255269321,1260,9
final_refine_2m,2.0,684.0,374.0,779.5716772689988,1.0,1.0,0.0,1.0,0.2537080405932865,0.2537080405932865,1.0,0.3476190476190476,0.3476190476190476,77.7481842824751,93.95451921074068,186.26664954606588,202.32745406646595,239.0102427595593,0.0,42.93906293273977,0.08027582617746552,1260,9
final_refine_2m,2.0,686.0,374.0,781.3270761979262,1.0,1.0,0.0,1.0,0.25323965651834507,0.25323965651834507,1.0,0.34365079365079365,0.34365079365079365,77.43446558045586,93.67402905940577,185.62445164696604,201.68891930489357,238.23324818240306,0.0,42.87400692033853,0.08222742648972158,1260,9
final_refine_2m,2.0,688.0,374.0,783.0836481500555,1.0,1.0,0.0,1.0,0.25136612021857924,0.25136612021857924,1.0,0.3388888888888889,0.3388888888888889,77.12191110385884,93.39468594000262,184.98365263844588,201.051639198277,237.45780886226044,0.0,42.808338143261146,0.08404892011449389,1260,9
final_refine_2m,2.0,690.0,374.0,784.8413852492745,1.0,1.0,0.0,1.0,0.24918032786885247,0.24918032786885247,1.0,0.3333333333333333,0.3333333333333333,76.81052207118516,93.11649010706708,184.34425206242332,200.4156132723665,236.68392387871214,0.0,42.74205542846537,0.08430913348946135,1260,9
final_refine_2m,2.0,692.0,374.0,786.6002796846693,1.0,1.0,0.0,1.0,0.24918032786885247,0.24918032786885247,1.0,0.3333333333333333,0.3333333333333333,76.50029971353607,92.83944180673922,183.773827850339,199.78084105919092,235.91159231797116,0.0,42.67515764801034,0.0823575331772053,1260,9
final_refine_2m,2.0,694.0,374.0,788.3603237099137,1.0,1.0,0.0,1.0,0.2352849336455894,0.2352849336455894,1.0,0.31825396825396823,0.31825396825396823,76.19124527457215,92.56354127670423,183.21304259563115,199.14732209712932,235.14081327292627,0.0,42.60774097875225,0.08105646630236794,1260,9
final_refine_2m,2.0,696.0,374.0,790.1215096426625,1.0,1.0,0.0,1.0,0.24863387978142076,0.24863387978142076,1.0,0.3333333333333333,0.3333333333333333,75.8833600104657,92.28878874613476,182.6533339134513,198.5150559309316,234.37158584317714,0.0,42.54086537935334,0.07975539942753057,1260,9
final_refine_2m,2.0,698.0,374.0,791.8838298639517,1.0,1.0,0.0,1.0,0.24795732500650533,0.24795732500650533,1.0,0.33174603174603173,0.33174603174603173,75.57664518984187,92.01518443563553,182.09470156595225,197.88404211176737,233.60390913507666,0.0,42.474795671330924,0.07780379911527452,1260,9
final_refine_2m,2.0,700.0,374.0,793.647276817605,1.0,1.0,0.0,1.0,0.24592766068175903,0.24592766068175903,1.0,0.326984126984127,0.326984126984127,75.27110209372802,91.74271468285087,181.53714532129803,197.25428019726255,232.83778226175792,0.0,42.4095035184659,0.07650273224043716,1260,9
final_refine_2m,2.0,702.0,374.0,795.4118430096449,1.0,1.0,0.0,1.0,0.24355971896955503,0.24355971896955503,1.0,0.32142857142857145,0.32142857142857145,74.96673201549125,91.47137755682891,180.98066495368764,196.62576975154852,232.07320434319504,0.0,42.3449680853352,0.07650273224043716,1260,9
final_refine_2m,2.0,704.0,374.0,797.1775210077113,1.0,1.0,0.0,1.0,0.24153005464480876,0.24153005464480876,1.0,0.31666666666666665,0.31666666666666665,74.65993320216944,91.20118831707023,180.42526024340862,195.99851034530224,231.31017450622463,0.0,42.28115036147844,0.07650273224043716,1260,9
final_refine_2m,2.0,706.0,374.0,798.9443034404838,1.0,1.0,0.0,1.0,0.24241478011969816,0.24241478011969816,1.0,0.31746031746031744,0.31746031746031744,74.32907960684727,90.93214506221827,179.85361184768234,195.3725015557882,230.54869188458647,0.0,42.21802328857212,0.07892271662763466,1260,9
final_refine_2m,2.0,708.0,374.0,800.7121829971117,1.0,1.0,0.0,1.0,0.2450689565443664,0.2450689565443664,1.0,0.3198412698412698,0.3198412698412698,73.99962225478524,90.66574233904102,179.25124998559218,194.74774296689336,229.78875561897829,0.0,42.15540896205734,0.08227946916471507,1260,9
final_refine_2m,2.0,710.0,374.0,802.4811524266473,1.0,1.0,0.0,1.0,0.2468384074941452,0.2468384074941452,1.0,0.32142857142857145,0.32142857142857145,73.67156260658527,90.40096840158843,178.65016847348264,194.12423416918867,229.03036485709177,0.0,42.0923065047309,0.08428311215196461,1260,9
final_refine_2m,2.0,712.0,374.0,804.2512045374878,1.0,1.0,0.0,1.0,0.24751496226906064,0.24751496226906064,1.0,0.32063492063492066,0.32063492063492066,73.34490213681248,90.13734244992304,178.05036700784694,193.50197475996177,228.27351875363897,0.0,42.028577513333666,0.08615664845173042,1260,9
final_refine_2m,2.0,714.0,374.0,806.0223321968194,1.0,1.0,0.0,1.0,0.24798334634400207,0.24798334634400207,1.0,0.31825396825396823,0.31825396825396823,73.0196423338423,89.8748678787559,177.45184529308426,192.88096434325212,227.51821647041717,0.0,41.96422082768602,0.08803018475149622,1260,9
final_refine_2m,2.0,716.0,374.0,807.7945283300699,1.0,1.0,0.0,1.0,0.24756700494405412,0.24756700494405412,1.0,0.31507936507936507,0.31507936507936507,72.69578469970834,89.61354202533761,176.85460304156214,192.26120252992263,226.76445717634147,0.0,41.89923533459138,0.08600052042674994,1260,9
final_refine_2m,2.0,718.0,374.0,809.5677859203638,1.0,1.0,0.0,1.0,0.24803538901899558,0.24803538901899558,1.0,0.3126984126984127,0.3126984126984127,72.37333074994216,89.3533661408807,176.2586399736568,191.64268893768144,226.0122400474804,0.0,41.83361996798938,0.08464741087691907,1260,9
final_refine_2m,2.0,720.0,374.0,811.3420980079858,1.0,1.0,0.0,1.0,0.24795732500650533,0.24795732500650533,1.0,0.3126984126984127,0.3126984126984127,72.05228201340118,89.09434248680539,175.66395581783357,191.02033551599843,225.26156426711333,0.0,41.767936300728884,0.08329430132708822,1260,9
final_refine_2m,2.0,722.0,374.0,813.1174576898469,1.0,1.0,0.0,1.0,0.25191256830601094,0.25191256830601094,1.0,0.31666666666666665,0.31666666666666665,71.73264003209229,88.83646802675517,175.0705503106795,190.34899092581742,224.5124290257699,0.0,41.703110181015056,0.08194119177725735,1260,9
final_refine_2m,2.0,724.0,374.0,814.8938581189577,1.0,1.0,0.0,1.0,0.25191256830601094,0.25191256830601094,1.0,0.31666666666666665,0.31666666666666665,71.41440636098181,88.57974474289384,174.4784231969812,189.679133693929,223.7648335212668,0.0,41.63911110554503,0.07991152745251105,1260,9
final_refine_2m,2.0,726.0,374.0,816.6712925039058,1.0,1.0,0.0,1.0,0.2507416081186573,0.2507416081186573,1.0,0.3142857142857143,0.3142857142857143,71.09758256780394,88.3241740561374,173.8875742297693,189.0107633131547,223.01877695876195,0.0,41.57590903795224,0.07923497267759563,1260,9
final_refine_2m,2.0,728.0,374.0,818.4497541083387,1.0,1.0,0.0,1.0,0.24839968774395005,0.24839968774395005,1.0,0.30952380952380953,0.30952380952380953,70.79135070514147,88.06975374354928,173.29800317037822,188.34387928532303,222.2742585507977,0.0,41.51347440006961,0.07923497267759563,1260,9
final_refine_2m,2.0,730.0,374.0,820.2292362504521,1.0,1.0,0.0,1.0,0.24605776736924279,0.24605776736924279,1.0,0.3047619047619048,0.3047619047619048,70.50664194809157,87.81649299514832,172.7097097885123,187.67848112131404,221.531277517345,0.0,41.45177806344742,0.08006765547749155,1260,9
final_refine_2m,2.0,630.0,376.0,733.672951661706,1.0,1.0,0.0,1.0,0.24207650273224043,0.24207650273224043,1.0,0.38333333333333336,0.38333333333333336,86.90819160485856,101.6685903779037,201.9639658392226,219.0579968523656,259.1115052202895,0.0,44.63739015710188,0.0697632058287796,1260,9
final_refine_2m,2.0,632.0,376.0,735.3910524340095,1.0,1.0,0.0,1.0,0.24249284413218838,0.24249284413218838,1.0,0.38015873015873014,0.38015873015873014,86.56178131710305,101.35424379275571,201.34518606456808,218.33611588140903,258.2982329648614,0.0,44.570056106179855,0.07340619307832423,1260,9
final_refine_2m,2.0,634.0,376.0,737.1105751513812,1.0,1.0,0.0,1.0,0.2422846734322144,0.2422846734322144,1.0,0.3746031746031746,0.3746031746031746,86.21651446855971,101.04232926881113,200.72758645875388,217.66587223365676,257.48652938867735,0.0,44.50271554637809,0.07512360135310955,1260,9
final_refine_2m,2.0,636.0,376.0,738.8315098857114,1.0,1.0,0.0,1.0,0.24270101483216236,0.24270101483216236,1.0,0.37142857142857144,0.37142857142857144,85.87239192079856,100.73154458340952,200.11116655267102,217.00012387238414,256.6763934301471,0.0,44.43479741239212,0.07684100962789488,1260,9
final_refine_2m,2.0,638.0,376.0,740.5538467930606,1.0,1.0,0.0,1.0,0.2443663804319542,0.2443663804319542,1.0,0.373015873015873,0.373015873015873,85.52941454797605,100.4218942320793,199.49592588268098,216.3356348225649,255.86782403340194,0.0,44.36630044669914,0.07868852459016394,1260,9
final_refine_2m,2.0,640.0,376.0,742.2775761128717,1.0,1.0,0.0,1.0,0.24686442883164195,0.24686442883164195,1.0,0.3753968253968254,0.3753968253968254,85.18758323686558,100.11337863018197,198.88186399062377,215.67240448052186,255.0608201482914,0.0,44.29722343224672,0.07822014051522248,1260,9
final_refine_2m,2.0,642.0,376.0,744.0026881671866,1.0,1.0,0.0,1.0,0.24852979443143378,0.24852979443143378,1.0,0.376984126984127,0.376984126984127,84.84299328031508,99.80599887465229,198.26898042388947,215.01043224794122,254.2553807304322,0.0,44.22756519260577,0.07702315899037211,1260,9
final_refine_2m,2.0,644.0,376.0,745.7291733598734,1.0,1.0,0.0,1.0,0.23598750975800156,0.23598750975800156,1.0,0.3619047619047619,0.3619047619047619,84.47618374910277,99.49974747270986,197.6572747354129,214.3497175318992,253.45150474122363,0.0,44.15742323203561,0.07522768670309654,1260,9
final_refine_2m,2.0,646.0,376.0,747.4570221758573,1.0,1.0,0.0,1.0,0.2502732240437158,0.2502732240437158,1.0,0.3746031746031746,0.3746031746031746,84.11070689054652,99.19461155883529,197.04674648373648,213.69025974490785,252.64919114788808,0.0,44.08777697123142,0.07403070517824616,1260,9
final_refine_2m,2.0,648.0,376.0,749.1862251803619,1.0,1.0,0.0,1.0,0.24983086130627113,0.24983086130627113,1.0,0.36904761904761907,0.36904761904761907,83.74656369359471,98.89060995739199,196.43739523303665,213.0320583049391,251.84843892348366,0.0,44.01885080001454,0.07283372365339578,1260,9
final_refine_2m,2.0,650.0,376.0,750.9167730181555,1.0,1.0,0.0,1.0,0.24972677595628415,0.24972677595628415,1.0,0.36666666666666664,0.36666666666666664,83.38375516214394,98.58774129339011,195.82922055315007,212.37511263545136,251.04924704695404,0.0,43.95062048527545,0.07103825136612021,1260,9
final_refine_2m,2.0,652.0,376.0,752.6486564128046,1.0,1.0,0.0,1.0,0.24972677595628415,0.24972677595628415,1.0,0.36666666666666664,0.36666666666666664,83.02228231505681,98.28600950100348,195.22222201962117,211.71942216543425,250.2516145031433,0.0,43.88306663528191,0.07103825136612021,1260,9
final_refine_2m,2.0,654.0,376.0,754.3818661659359,1.0,1.0,0.0,1.0,0.24972677595628415,0.24972677595628415,1.0,0.36666666666666664,0.36666666666666664,82.66214618616104,97.98541315404402,194.616399213737,211.06498632942217,249.45554028283797,0.0,43.81615728964753,0.07103825136612021,1260,9
final_refine_2m,2.0,656.0,376.0,756.1163931565034,1.0,1.0,0.0,1.0,0.24972677595628415,0.24972677595628415,1.0,0.36666666666666664,0.36666666666666664,82.30334782424896,97.68595158379898,194.0117517225561,210.41180456755512,248.66102338277696,0.0,43.74986911340845,0.07405672651574291,1260,9
final_refine_2m,2.0,658.0,376.0,757.8522283400637,1.0,1.0,0.0,1.0,0.2492063492063492,0.2492063492063492,1.0,0.36507936507936506,0.36507936507936506,81.94588829307453,97.38895234770416,193.40827913894987,209.75987632558991,247.86806280571383,0.0,43.684050965368314,0.07720530835284933,1260,9
final_refine_2m,2.0,660.0,376.0,759.5893627480574,1.0,1.0,0.0,1.0,0.24712464220660943,0.24712464220660943,1.0,0.35873015873015873,0.35873015873015873,81.58976867135019,97.09356160354015,192.80598106163671,209.10920105494168,247.07665756041652,0.0,43.61777336718014,0.07897475930262815,1260,9
final_refine_2m,2.0,662.0,376.0,761.3277874870981,1.0,1.0,0.0,1.0,0.24504293520686962,0.24504293520686962,1.0,0.3523809523809524,0.3523809523809524,81.23499005273192,96.7993147330954,192.20485709522808,208.4597782127224,246.28680666171684,0.0,43.550902577633956,0.08149882903981265,1260,9
final_refine_2m,2.0,664.0,376.0,763.0674937382669,1.0,1.0,0.0,1.0,0.2442622950819672,0.2442622950819672,1.0,0.35,0.35,80.88155354580856,96.50620530733939,191.60490685025104,207.811607261763,245.49850913054053,0.0,43.483437385044596,0.08188914910226386,1260,9
final_refine_2m,2.0,666.0,376.0,764.808472756415,1.0,1.0,0.0,1.0,0.2442622950819672,0.2442622950819672,1.0,0.35,0.35,80.52946027408129,96.21423488068342,191.00612994320312,207.16468767066365,244.71176399393946,0.0,43.41537662016571,0.08064012490241998,1260,9
final_refine_2m,2.0,668.0,376.0,766.550715869472,1.0,1.0,0.0,1.0,0.24512099921935987,0.24512099921935987,1.0,0.35079365079365077,0.35079365079365077,80.17871137594564,95.92339998159383,190.40852599657646,206.51901891381905,243.92657028511528,0.0,43.34671915633754,0.07939110070257611,1260,9
final_refine_2m,2.0,670.0,376.0,768.2942144777611,1.0,1.0,0.0,1.0,0.24290918553213636,0.24290918553213636,1.0,0.3484126984126984,0.3484126984126984,79.82930800466252,95.6337050547467,189.8120946389075,205.87460047146206,243.1429270434631,0.0,43.27800851583918,0.07751756440281031,1260,9
final_refine_2m,2.0,672.0,376.0,770.0389600533209,1.0,1.0,0.0,1.0,0.24686442883164195,0.24686442883164195,1.0,0.35079365079365077,0.35079365079365077,79.48125132833131,95.3451646336268,189.21683550480302,205.23143182969093,242.3608333146033,0.0,43.210066292134854,0.07626854020296643,1260,9
final_refine_2m,2.0,674.0,376.0,771.7849441392336,1.0,1.0,0.0,1.0,0.24657819411917772,0.24657819411917772,1.0,0.3468253968253968,0.3468253968253968,79.13737329761813,95.0577742823524,188.57170167071263,204.58951248050295,241.5802881504105,0.0,43.14286630541925,0.07501951600312257,1260,9
final_refine_2m,2.0,676.0,376.0,773.5321583489597,1.0,1.0,0.0,1.0,0.24686442883164195,0.24686442883164195,1.0,0.34285714285714286,0.34285714285714286,78.81981206587065,94.77152194999012,187.9270143843695,203.9488419218523,240.80129060905173,0.0,43.076382707454485,0.07377049180327869,1260,9
final_refine_2m,2.0,678.0,376.0,775.2805943656787,1.0,1.0,0.0,1.0,0.24800936768149884,0.24800936768149884,1.0,0.34285714285714286,0.34285714285714286,78.50340247621484,94.48640778465578,187.28371782568027,203.30941965765737,240.02383975501903,0.0,43.01058997734377,0.07377049180327869,1260,9
final_refine_2m,2.0,680.0,376.0,777.0302439416371,1.0,1.0,0.0,1.0,0.2505854800936768,0.2505854800936768,1.0,0.34523809523809523,0.34523809523809523,78.18814567158503,94.20243192661019,186.64181151380268,202.67124519786555,239.247934659162,0.0,42.945462917388646,0.07533177205308353,1260,9
final_refine_2m,2.0,682.0,376.0,778.7810988975015,1.0,1.0,0.0,1.0,0.25230288836846215,0.25230288836846215,1.0,0.3468253968253968,0.3468253968253968,77.87404280735741,93.92004289314583,186.00129497578868,202.03431805847552,238.47357439872923,0.0,42.88097664902833,0.07923497267759563,1260,9
final_refine_2m,2.0,684.0,376.0,780.5331511217189,1.0,1.0,0.0,1.0,0.25487900078064013,0.25487900078064013,1.0,0.3492063492063492,0.3492063492063492,77.56109505132268,93.64022426237356,185.36216774664965,201.39863776157208,237.7007580573989,0.0,42.81650234260385,0.08105646630236794,1260,9
final_refine_2m,2.0,686.0,376.0,782.2863925698823,1.0,1.0,0.0,1.0,0.25417642466822793,0.25417642466822793,1.0,0.346031746031746,0.346031746031746,77.24930358364976,93.36154449150474,184.72442936939672,200.76420383538033,236.92948472531813,0.0,42.751420829488254,0.08365860005204268,1260,9
final_refine_2m,2.0,688.0,376.0,784.0408152641035,1.0,1.0,0.0,1.0,0.25199063231850116,0.25199063231850116,1.0,0.3404761904761905,0.3404761904761905,76.93866959685568,93.08400384157528,184.15430425164774,200.13101581429294,236.15975349913842,0.0,42.685730906236316,0.0848295602393963,1260,9
final_refine_2m,2.0,690.0,376.0,785.7964112923906,1.0,1.0,0.0,1.0,0.2498048399687744,0.2498048399687744,1.0,0.3349206349206349,0.3349206349206349,76.62919429575686,92.80760256538639,183.59462577230505,199.4990732389122,235.39156348205157,0.0,42.61943141367154,0.08430913348946135,1260,9
final_refine_2m,2.0,692.0,376.0,787.5531728080333,1.0,1.0,0.0,1.0,0.24918032786885247,0.24918032786885247,1.0,0.3333333333333333,0.3333333333333333,76.32087889742793,92.53234090744368,183.03601790311262,198.8683756560854,234.624913783823,0.0,42.55252123704266,0.083008066614624,1260,9
final_refine_2m,2.0,694.0,376.0,789.3110920289921,1.0,1.0,0.0,1.0,0.23458235753317722,0.23458235753317722,1.0,0.31746031746031744,0.31746031746031744,76.01372463115558,92.25821910389833,182.47848040486204,198.2389226189592,233.8598035208418,0.0,42.48510404102897,0.08105646630236794,1260,9
final_refine_2m,2.0,696.0,376.0,791.0701612372951,1.0,1.0,0.0,1.0,0.24863387978142076,0.24863387978142076,1.0,0.3333333333333333,0.3333333333333333,75.70773273838101,91.98523738248991,181.9220130442394,197.61071368700235,233.09623181613932,0.0,42.41823707088914,0.07975539942753057,1260,9
final_refine_2m,2.0,698.0,376.0,792.8303727784399,1.0,1.0,0.0,1.0,0.24863387978142076,0.24863387978142076,1.0,0.3333333333333333,0.3333333333333333,75.4029044726497,91.71339596249165,181.36661559384123,196.98374842605685,232.33419779944796,0.0,42.352165398692385,0.07845433255269321,1260,9
final_refine_2m,2.0,700.0,376.0,794.5917190608017,1.0,1.0,0.0,1.0,0.24660421545667446,0.24660421545667446,1.0,0.32857142857142857,0.32857142857142857,75.0992410995487,91.4426915418571,180.81228783222903,196.35802640837923,231.57370060723053,0.0,42.2868610653743,0.07715326567785584,1260,9
final_refine_2m,2.0,702.0,376.0,796.3541925550464,1.0,1.0,0.0,1.0,0.24423627374447046,0.24423627374447046,1.0,0.32301587301587303,0.32301587301587303,74.7939420403701,91.1731125345974,180.24426240196593,195.73354721267577,230.8147393827214,0.0,42.22230126405577,0.07650273224043716,1260,9
final_refine_2m,2.0,704.0,376.0,798.1177857935506,1.0,1.0,0.0,1.0,0.24220660941972416,0.24220660941972416,1.0,0.31825396825396823,0.31825396825396823,74.46398745313498,90.90466185201252,179.64329759075522,195.11031042415442,230.05731327595277,0.0,42.158449752864776,0.07650273224043716,1260,9
final_refine_2m,2.0,706.0,376.0,799.8824913698262,1.0,1.0,0.0,1.0,0.24241478011969816,0.24241478011969816,1.0,0.31746031746031744,0.31746031746031744,74.13541818176613,90.63735017191362,179.0436049000934,194.48831563455335,229.30142144382506,0.0,42.09527982384859,0.07972937809003383,1260,9
final_refine_2m,2.0,708.0,376.0,801.6483019379508,1.0,1.0,0.0,1.0,0.2450689565443664,0.2450689565443664,1.0,0.3198412698412698,0.3198412698412698,73.80823565260302,90.37263588129304,178.44518402503385,193.86756244220214,228.54706305011743,0.0,42.03263187057014,0.08308613062711423,1260,9
final_refine_2m,2.0,710.0,376.0,803.4152102120049,1.0,1.0,0.0,1.0,0.2468384074941452,0.2468384074941452,1.0,0.32142857142857145,0.32142857142857145,73.48244130558447,90.10957417270068,177.84803466837357,193.24805045204812,227.7942372655458,0.0,41.969507089672064,0.08495966692688005,1260,9
final_refine_2m,2.0,712.0,376.0,805.1832089655124,1.0,1.0,0.0,1.0,0.24824355971896955,0.24824355971896955,1.0,0.32222222222222224,0.32222222222222224,73.15803659409923,89.84765349466258,177.25215654069643,192.62977927571032,227.0429432677985,0.0,41.905760293588024,0.08696330991412958,1260,9
final_refine_2m,2.0,714.0,376.0,806.9522910308887,1.0,1.0,0.0,1.0,0.248711943793911,0.248711943793911,1.0,0.3198412698412698,0.3198412698412698,72.83502298483498,89.58687673747784,176.65754936043768,192.01274853152034,226.2931802415797,0.0,41.841390336326626,0.08803018475149622,1260,9
final_refine_2m,2.0,716.0,376.0,808.7224492988927,1.0,1.0,0.0,1.0,0.24829560239396306,0.24829560239396306,1.0,0.31666666666666665,0.31666666666666665,72.51340195762471,89.32723990735232,176.0642128539268,191.39085176940785,225.54494737865355,0.0,41.776396118178,0.08667707520166537,1260,9
final_refine_2m,2.0,718.0,376.0,810.4936767180852,1.0,1.0,0.0,1.0,0.2487639864689045,0.2487639864689045,1.0,0.3142857142857143,0.3142857142857143,72.19317500528068,89.06874568713046,175.47214675545035,190.72139682541393,224.79824387787784,0.0,41.710776585864906,0.0853239656518345,1260,9
final_refine_2m,2.0,720.0,376.0,812.2659662942921,1.0,1.0,0.0,1.0,0.24650013010668748,0.24650013010668748,1.0,0.3111111111111111,0.3111111111111111,71.87434363341679,88.81139547392785,174.88135080731007,190.0534185867786,224.05306894526086,0.0,41.64511258833069,0.08329430132708822,1260,9
final_refine_2m,2.0,722.0,376.0,814.0393110900726,1.0,1.0,0.0,1.0,0.25191256830601094,0.25191256830601094,1.0,0.31666666666666665,0.31666666666666665,71.55690936026792,88.55518661859232,174.29182475986988,189.3869165480941,223.30942179400023,0.0,41.580294985649815,0.08194119177725735,1260,9
final_refine_2m,2.0,724.0,376.0,815.8137042241935,1.0,1.0,0.0,1.0,0.25191256830601094,0.25191256830601094,1.0,0.31666666666666665,0.31666666666666665,71.24087371650042,88.30012163463802,173.70356837162177,188.7218902127406,222.5673016445246,0.0,41.51629368261789,0.08058808222742649,1260,9
final_refine_2m,2.0,726.0,376.0,817.589138871108,1.0,1.0,0.0,1.0,0.25152224824355973,0.25152224824355973,1.0,0.31587301587301586,0.31587301587301586,70.93262379906392,88.04620012200076,173.1165814092389,188.05833909296902,221.82670772453332,0.0,41.45307904122895,0.07923497267759563,1260,9
final_refine_2m,2.0,728.0,376.0,819.3656082604394,1.0,1.0,0.0,1.0,0.24918032786885247,0.24918032786885247,1.0,0.3111111111111111,0.3111111111111111,70.64848476321052,87.7934215879443,172.53086364764067,187.39626270993975,221.08763926905885,0.0,41.39062187218904,0.07923497267759563,1260,9
final_refine_2m,2.0,730.0,376.0,821.143105676471,1.0,1.0,0.0,1.0,0.2468384074941452,0.2468384074941452,1.0,0.30634920634920637,0.30634920634920637,70.3655174908158,87.54178795151907,171.94641487003705,186.75389452540318,220.35009552049107,0.0,41.32889342667663,0.08090033827738746,1260,9
final_refine_2m,2.0,630.0,378.0,734.6999387505078,1.0,1.0,0.0,1.0,0.24207650273224043,0.24207650273224043,1.0,0.38333333333333336,0.38333333333333336,86.66471158988995,101.30744288379485,201.07117659308742,217.97135134574793,257.6629171449525,0.0,44.51615731309823,0.07049180327868852,1260,9
final_refine_2m,2.0,632.0,378.0,736.4156435057582,1.0,1.0,0.0,1.0,0.24311735623211034,0.24311735623211034,1.0,0.3825396825396825,0.3825396825396825,86.32042352669791,100.99507457769322,200.4562065889087,217.307371865651,256.85564438172986,0.0,44.448766149894105,0.07413479052823316,1260,9
final_refine_2m,2.0,634.0,378.0,738.1327793832218,1.0,1.0,0.0,1.0,0.24290918553213636,0.24290918553213636,1.0,0.376984126984127,0.376984126984127,85.9772723212669,100.68515853903571,199.84240885419212,216.64464389005371,256.04992672634216,0.0,44.381387595125986,0.07645068956544367,1260,9
final_refine_2m,2.0,636.0,378.0,739.8513364183375,1.0,1.0,0.0,1.0,0.24270101483216236,0.24270101483216236,1.0,0.37142857142857144,0.37142857142857144,85.63525882964396,100.37636478109559,199.22978293321728,215.98316682030512,255.24576314172882,0.0,44.31343542224969,0.0775696070778038,1260,9
final_refine_2m,2.0,638.0,378.0,741.5713047307049,1.0,1.0,0.0,1.0,0.2443663804319542,0.2443663804319542,1.0,0.373015873015873,0.373015873015873,85.29438392020671,100.0686948751133,198.61832837570734,215.32294006301464,254.44315259647468,0.0,44.244908388064026,0.07928701535258913,1260,9
final_refine_2m,2.0,640.0,378.0,743.2926745232998,1.0,1.0,0.0,1.0,0.24686442883164195,0.24686442883164195,1.0,0.3753968253968254,0.3753968253968254,84.94709741509594,99.76215226313536,198.00804473681987,214.66396303008628,253.6420940648491,0.0,44.17580528922923,0.07822014051522248,1260,9
final_refine_2m,2.0,642.0,378.0,745.0154360816962,1.0,1.0,0.0,1.0,0.24852979443143378,0.24852979443143378,1.0,0.376984126984127,0.376984126984127,84.58145378924023,99.45673712977704,197.39893157721525,214.00623513875533,252.84258652682053,0.0,44.106124962417915,0.07702315899037211,1260,9
final_refine_2m,2.0,644.0,378.0,746.7395797732969,1.0,1.0,0.0,1.0,0.23598750975800156,0.23598750975800156,1.0,0.3619047619047619,0.3619047619047619,84.21713309218826,99.1524497435873,196.79098846307107,213.34975581160882,252.04462896809596,0.0,44.03597176595552,0.07582617746552173,1260,9
final_refine_2m,2.0,646.0,378.0,748.4650960465692,1.0,1.0,0.0,1.0,0.250975800156128,0.250975800156128,1.0,0.376984126984127,0.376984126984127,83.85413629061402,98.84927269859907,196.18421496612513,212.69452447661274,251.24822038014105,0.0,43.966322654873444,0.07403070517824616,1260,9
final_refine_2m,2.0,648.0,378.0,750.1919754302894,1.0,1.0,0.0,1.0,0.25053343741868334,0.25053343741868334,1.0,0.37142857142857144,0.37142857142857144,83.49246436579159,98.54721176689819,195.5786106637069,212.0405405671665,250.45335976021804,0.0,43.89738393157675,0.07283372365339578,1260,9
final_refine_2m,2.0,650.0,378.0,751.9202085327937,1.0,1.0,0.0,1.0,0.24972677595628415,0.24972677595628415,1.0,0.36666666666666664,0.36666666666666664,83.13211831358879,98.24627841208303,194.97417513877272,211.387803522108,249.6600461114117,0.0,43.82913168284108,0.07163674212854541,1260,9
final_refine_2m,2.0,652.0,378.0,753.6497860412354,1.0,1.0,0.0,1.0,0.24972677595628415,0.24972677595628415,1.0,0.36666666666666664,0.36666666666666664,82.77309914447736,97.94647169590469,194.37090797993653,210.73631278576386,248.8682784426536,0.0,43.76154467833396,0.07103825136612021,1260,9
final_refine_2m,2.0,654.0,378.0,755.3806987208503,1.0,1.0,0.0,1.0,0.24972677595628415,0.24972677595628415,1.0,0.36666666666666664,0.36666666666666664,82.41540788352789,97.64779513995903,193.7688087815206,210.0860678079804,248.07805576876132,0.0,43.6945934758537,0.0717928701535259,1260,9
final_refine_2m,2.0,656.0,378.0,757.1129374142275,1.0,1.0,0.0,1.0,0.24972677595628415,0.24972677595628415,1.0,0.36666666666666664,0.36666666666666664,82.05904557040758,97.35024359611009,193.1678771435739,209.43706804414788,247.28937711046228,0.0,43.62825869418418,0.07481134530314858,1260,9
final_refine_2m,2.0,658.0,378.0,758.8464930405886,1.0,1.0,0.0,1.0,0.24972677595628415,0.24972677595628415,1.0,0.36666666666666664,0.36666666666666664,81.70401325937293,97.0551126262863,192.56811267191722,208.78931295524407,246.50224149442911,0.0,43.56239509494942,0.07858443924017694,1260,9
final_refine_2m,2.0,660.0,378.0,760.581356595072,1.0,1.0,0.0,1.0,0.24790528233151185,0.24790528233151185,1.0,0.3611111111111111,0.3611111111111111,81.35031201925845,96.76161248555948,191.96951497818085,208.1428020078523,245.71664795330437,0.0,43.4960860864515,0.07972937809003383,1260,9
final_refine_2m,2.0,662.0,378.0,762.3175191480253,1.0,1.0,0.0,1.0,0.24582357533177204,0.24582357533177204,1.0,0.3547619047619048,0.3547619047619048,80.99794293346028,96.46924668839078,191.3720836798326,207.49753467422363,244.93259552573704,0.0,43.429188019867816,0.08149882903981265,1260,9
final_refine_2m,2.0,664.0,378.0,764.0549718443039,1.0,1.0,0.0,1.0,0.2442622950819672,0.2442622950819672,1.0,0.35,0.35,80.64690709992382,96.17801386113779,190.77581840023166,206.85351043227806,244.15008325642,0.0,43.3616996975504,0.0825136612021858,1260,9
final_refine_2m,2.0,666.0,378.0,765.7937059025753,1.0,1.0,0.0,1.0,0.2442622950819672,0.2442622950819672,1.0,0.35,0.35,80.29720563111218,95.88791118106347,190.180718768646,206.21072876566598,243.36911019611154,0.0,43.29361996365459,0.08064012490241998,1260,9
final_refine_2m,2.0,668.0,378.0,767.5337126146317,1.0,1.0,0.0,1.0,0.2442622950819672,0.2442622950819672,1.0,0.35,0.35,79.94883965398826,95.59893891341092,189.58627151251423,205.56918916378874,242.58967540166552,0.0,43.22494770428498,0.07939110070257611,1260,9
final_refine_2m,2.0,670.0,378.0,769.2749833447075,1.0,1.0,0.0,1.0,0.2415560759823055,0.2415560759823055,1.0,0.3468253968253968,0.3468253968253968,79.60181030998379,95.31109381851465,188.94189360757767,204.92889112183673,241.8117779360779,0.0,43.156244140051406,0.07814207650273224,1260,9
final_refine_2m,2.0,672.0,378.0,771.0175095288045,1.0,1.0,0.0,1.0,0.2474368982565704,0.2474368982565704,1.0,0.3523809523809524,0.3523809523809524,79.26020454937668,95.02438922925683,188.29889745680632,204.28983414083007,241.03541686851167,0.0,43.088298765176866,0.07626854020296643,1260,9
final_refine_2m,2.0,674.0,378.0,772.7612826740221,1.0,1.0,0.0,1.0,0.24715066354410617,0.24715066354410617,1.0,0.3484126984126984,0.3484126984126984,78.9434373632174,94.7388320405975,187.65728257334194,203.6520177276477,240.26059127433481,0.0,43.02108574715187,0.07501951600312257,1260,9
final_refine_2m,2.0,676.0,378.0,774.5062943578961,1.0,1.0,0.0,1.0,0.24772313296903462,0.24772313296903462,1.0,0.34523809523809523,0.34523809523809523,78.62781408206877,94.45440942766889,187.01704847799837,203.01544139506396,239.48730023514463,0.0,42.95457957798402,0.07377049180327869,1260,9
final_refine_2m,2.0,678.0,378.0,776.2525362277407,1.0,1.0,0.0,1.0,0.24800936768149884,0.24800936768149884,1.0,0.34285714285714286,0.34285714285714286,78.31333582466168,94.17111717914695,186.37819469932487,202.38010466180071,238.71554283881184,0.0,42.88875507010538,0.07377049180327869,1260,9
final_refine_2m,2.0,680.0,378.0,778.0,1.0,1.0,0.0,1.0,0.2505854800936768,0.2505854800936768,1.0,0.34523809523809523,0.34523809523809523,78.00000372187954,93.8889554349676,185.7407207736455,201.746007052535,237.9453181795127,0.0,42.82358735236046,0.07611241217798595,1260,9
final_refine_2m,2.0,682.0,378.0,779.748677459603,1.0,1.0,0.0,1.0,0.25230288836846215,0.25230288836846215,1.0,0.3468253968253968,0.3468253968253968,77.68781891672424,93.60833932291061,185.10462624512982,201.11314809797412,237.17662535776194,0.0,42.75905186607369,0.07923497267759563,1260,9
final_refine_2m,2.0,684.0,378.0,781.4985604593268,1.0,1.0,0.0,1.0,0.25487900078064013,0.25487900078064013,1.0,0.3492063492063492,0.3492063492063492,77.376782564285,93.33031666969619,184.53480068688887,200.48152733485654,236.40946348045085,0.0,42.694548966509146,0.08183710642727036,1260,9
final_refine_2m,2.0,686.0,378.0,783.2496409191644,1.0,1.0,0.0,1.0,0.2548009367681499,0.2548009367681499,1.0,0.3476190476190476,0.3476190476190476,77.0668958317024,93.05342506811385,183.97621793678266,199.85114430601584,235.64383166088157,0.0,42.629443156152846,0.08365860005204268,1260,9
final_refine_2m,2.0,688.0,378.0,785.0019108256998,1.0,1.0,0.0,1.0,0.2526151444184231,0.2526151444184231,1.0,0.34206349206349207,0.34206349206349207,76.75815989812935,92.7776647773174,183.41869989969055,199.22199856040854,234.87972901880738,0.0,42.56373324592887,0.0862607338017174,1260,9
final_refine_2m,2.0,690.0,378.0,786.7553622314881,1.0,1.0,0.0,1.0,0.2504293520686963,0.2504293520686963,1.0,0.33650793650793653,0.33650793650793653,76.45057595468252,92.50303604832385,182.86224633512347,198.59408965315384,234.11715468045605,0.0,42.49741809037014,0.08430913348946135,1260,9
final_refine_2m,2.0,692.0,378.0,788.5099872544419,1.0,1.0,0.0,1.0,0.24918032786885247,0.24918032786885247,1.0,0.3333333333333333,0.3333333333333333,76.14414520439888,92.22953912395299,182.30685700836577,197.96741714558266,233.35610777858798,0.0,42.43049658777261,0.083008066614624,1260,9
final_refine_2m,2.0,694.0,378.0,790.2657780772238,1.0,1.0,0.0,1.0,0.23387978142076501,0.23387978142076501,1.0,0.31666666666666665,0.31666666666666665,75.83886886218166,91.95717423876908,181.7525316904963,197.34198060525517,232.59658745251727,0.0,42.36307980878605,0.08170699973978662,1260,9
final_refine_2m,2.0,696.0,378.0,792.0227269466451,1.0,1.0,0.0,1.0,0.24863387978142076,0.24863387978142076,1.0,0.3333333333333333,0.3333333333333333,75.53474815474765,91.68594161902406,181.19927015844567,196.7177796060278,231.83859284815907,0.0,42.296222315982746,0.08040593286494926,1260,9
final_refine_2m,2.0,698.0,378.0,793.780826173069,1.0,1.0,0.0,1.0,0.24863387978142076,0.24863387978142076,1.0,0.3333333333333333,0.3333333333333333,75.2317843205649,91.41584148260327,180.63482225571502,196.09481372807187,231.08212311805542,0.0,42.230149646592565,0.07845433255269321,1260,9
final_refine_2m,2.0,700.0,378.0,795.5400681298208,1.0,1.0,0.0,1.0,0.2472807702315899,0.2472807702315899,1.0,0.33015873015873015,0.33015873015873015,74.92796626813535,91.14687403897227,180.0352397001585,195.47308255793385,230.3271774214272,0.0,42.164834212326845,0.07715326567785584,1260,9
final_refine_2m,2.0,702.0,378.0,797.3004452526036,1.0,1.0,0.0,1.0,0.2449128285193859,0.2449128285193859,1.0,0.3246031746031746,0.3246031746031746,74.59890097212507,90.87903170768949,179.43692113855585,194.8525856885586,229.57375492421284,0.0,42.10025125319659,0.07650273224043716,1260,9
final_refine_2m,2.0,704.0,378.0,799.0619500389191,1.0,1.0,0.0,1.0,0.2428831641946396,0.2428831641946396,1.0,0.3198412698412698,0.3198412698412698,74.27121022224709,90.61230468458808,178.8398662646294,194.233322719343,228.8218547990973,0.0,42.03636726423217,0.07650273224043716,1260,9
final_refine_2m,2.0,706.0,378.0,800.8245750474944,1.0,1.0,0.0,1.0,0.24241478011969816,0.24241478011969816,1.0,0.31746031746031744,0.31746031746031744,73.94489541146437,90.34670336781832,178.24407477968336,193.61529325616752,228.07147622555883,0.0,41.97316113211404,0.08053603955243299,1260,9
final_refine_2m,2.0,708.0,378.0,802.5883128977147,1.0,1.0,0.0,1.0,0.2450689565443664,0.2450689565443664,1.0,0.3198412698412698,0.3198412698412698,73.61995794598614,90.08365601367056,177.64954639263067,192.99849691145758,227.32261838991215,0.0,41.910475609818086,0.0838927920895134,1260,9
final_refine_2m,2.0,710.0,378.0,804.3531562690607,1.0,1.0,0.0,1.0,0.2468384074941452,0.2468384074941452,1.0,0.32142857142857145,0.32142857142857145,73.29639924511956,89.82228599537298,177.05628082006965,192.38293330420382,226.5752804853376,0.0,41.84732969748554,0.08576632838927921,1260,9
final_refine_2m,2.0,712.0,378.0,806.1190979005521,1.0,1.0,0.0,1.0,0.24860785844392402,0.24860785844392402,1.0,0.32301587301587303,0.32301587301587303,72.97422074112657,89.5620503795528,176.46427778632784,191.76149301717012,225.82946171193802,0.0,41.783566242733706,0.08844652615144419,1260,9
final_refine_2m,2.0,714.0,378.0,807.8861305901964,1.0,1.0,0.0,1.0,0.24944054124381992,0.24944054124381992,1.0,0.32142857142857145,0.32142857142857145,72.65342387907359,89.30294953553053,175.8735370235139,191.0939062898837,225.08516127677728,0.0,41.71918411359366,0.08870673952641166,1260,9
final_refine_2m,2.0,716.0,378.0,809.6542471944429,1.0,1.0,0.0,1.0,0.24902419984387197,0.24902419984387197,1.0,0.31825396825396823,0.31825396825396823,72.3340101166634,89.04498140830168,175.28405827157027,190.42778576009735,224.34237839390792,0.0,41.65418222369101,0.08667707520166537,1260,9
final_refine_2m,2.0,718.0,378.0,811.4234406276418,1.0,1.0,0.0,1.0,0.24949258391881343,0.24949258391881343,1.0,0.31587301587301586,0.31587301587301586,72.01598092406755,88.78814921413782,174.69584127834085,189.76313092420264,223.60111228442875,0.0,41.58855953239515,0.0853239656518345,1260,9
final_refine_2m,2.0,720.0,378.0,813.1937038615092,1.0,1.0,0.0,1.0,0.24504293520686962,0.24504293520686962,1.0,0.30952380952380953,0.30952380952380953,71.69933778375221,88.53245095802417,174.10888579960977,189.09994128719242,222.861362176525,0.0,41.52291595447263,0.08397085610200364,1260,9
final_refine_2m,2.0,722.0,378.0,814.9650299245974,1.0,1.0,0.0,1.0,0.25191256830601094,0.25191256830601094,1.0,0.31666666666666665,0.31666666666666665,71.38408219028668,88.27788729724438,173.52319159916829,188.438216362716,222.12312730550997,0.0,41.45810774480986,0.08194119177725735,1260,9
final_refine_2m,2.0,724.0,378.0,816.7374119017691,1.0,1.0,0.0,1.0,0.25191256830601094,0.25191256830601094,1.0,0.31666666666666665,0.31666666666666665,71.07384556984347,88.0244605031235,172.93875844886662,187.77795567315485,221.3864069138631,0.0,41.39410520936061,0.08058808222742649,1260,9
final_refine_2m,2.0,726.0,378.0,818.510842933678,1.0,1.0,0.0,1.0,0.25191256830601094,0.25191256830601094,1.0,0.31666666666666665,0.31666666666666665,70.79027089324092,87.77216775238028,172.3555861286681,187.13567329748483,220.65120025129352,0.0,41.33087910177052,0.07923497267759563,1260,9
final_refine_2m,2.0,728.0,378.0,820.2853162162542,1.0,1.0,0.0,1.0,0.2499609679937549,0.2499609679937549,1.0,0.3126984126984127,0.3126984126984127,70.5078596677238,87.52101088634969,171.77367442671854,186.5574544714419,219.91750657475612,0.0,41.26840061513373,0.07923497267759563,1260,9
final_refine_2m,2.0,730.0,378.0,822.0608250001942,1.0,1.0,0.0,1.0,0.24761904761904763,0.24761904761904763,1.0,0.30793650793650795,0.30793650793650795,70.22661330344928,87.27099118828698,171.19302313938533,185.98036031450326,219.18532514853024,0.0,41.20664137398832,0.08173302107728338,1260,9
final_refine_2m,2.0,630.0,380.0,735.7309290766564,1.0,1.0,0.0,1.0,0.24207650273224043,0.24207650273224043,1.0,0.38333333333333336,0.38333333333333336,86.42466809593928,100.9512332675916,200.18926286127163,216.95442924254928,256.2343589776928,0.0,44.39549533273807,0.07122040072859745,1260,9
final_refine_2m,2.0,632.0,380.0,737.4442351798541,1.0,1.0,0.0,1.0,0.24374186833203226,0.24374186833203226,1.0,0.38492063492063494,0.38492063492063494,86.08247777015171,100.64081743637068,199.57805795011944,216.2946865594955,255.43300154267143,0.0,44.3280485354048,0.07413479052823316,1260,9
final_refine_2m,2.0,634.0,380.0,739.1589815459189,1.0,1.0,0.0,1.0,0.2435336976320583,0.2435336976320583,1.0,0.37936507936507935,0.37936507936507935,85.74141778706606,100.33287540192072,198.96801752050152,215.63618648499786,254.63318587659126,0.0,44.260633268598696,0.0771792870153526,1260,9
final_refine_2m,2.0,636.0,380.0,740.875158174439,1.0,1.0,0.0,1.0,0.2433255269320843,0.2433255269320843,1.0,0.3738095238095238,0.3738095238095238,85.40148899706956,100.02604825625468,198.35914112981123,214.97892843572643,253.8349109663221,0.0,44.19264830006057,0.07889669529013792,1260,9
final_refine_2m,2.0,638.0,380.0,742.5927551491463,1.0,1.0,0.0,1.0,0.2443663804319542,0.2443663804319542,1.0,0.373015873015873,0.373015873015873,85.05155229056874,99.72033586503487,197.75142834081757,214.32291183356733,253.03817580433758,0.0,44.124092400747145,0.08001561280249805,1260,9
final_refine_2m,2.0,640.0,380.0,744.3117626371358,1.0,1.0,0.0,1.0,0.24686442883164195,0.24686442883164195,1.0,0.3753968253968254,0.3753968253968254,84.68706119694019,99.41574203761685,197.1448787217112,213.66813610567252,252.2429793887425,0.0,44.05496438088039,0.07881863127764767,1260,9
final_refine_2m,2.0,642.0,380.0,746.0321708880924,1.0,1.0,0.0,1.0,0.24852979443143378,0.24852979443143378,1.0,0.376984126984127,0.376984126984127,84.32388341862635,99.11226761150448,196.53949184612213,213.01460068447204,251.4493207232873,0.0,43.9852630900964,0.0776216497527973,1260,9
final_refine_2m,2.0,644.0,380.0,747.7539702335254,1.0,1.0,0.0,1.0,0.23598750975800156,0.23598750975800156,1.0,0.3619047619047619,0.3619047619047619,83.96201990056811,98.80991367049089,195.9352672931794,212.36230500770395,250.657198817404,0.0,43.915099666447844,0.07582617746552173,1260,9
final_refine_2m,2.0,646.0,380.0,749.4771510860088,1.0,1.0,0.0,1.0,0.25144418423106946,0.25144418423106946,1.0,0.37857142857142856,0.37857142857142856,83.60147160194656,98.50867345101572,195.33220464751903,211.71124851846764,249.86661268624326,0.0,43.84544862693211,0.07462919594067136,1260,9
final_refine_2m,2.0,648.0,380.0,751.2017039384295,1.0,1.0,0.0,1.0,0.2512360135310955,0.2512360135310955,1.0,0.3738095238095238,0.3738095238095238,83.24223949618818,98.20853397639404,194.7303034993331,211.06143066523413,249.07756135068067,0.0,43.77649838165685,0.07343221441582097,1260,9
final_refine_2m,2.0,650.0,380.0,752.9276193632427,1.0,1.0,0.0,1.0,0.2499609679937549,0.2499609679937549,1.0,0.3674603174603175,0.3674603174603175,82.88432457096725,97.9095125431946,194.1295634443991,210.41285090188603,248.2900438373751,0.0,43.70822533192343,0.07163674212854541,1260,9
final_refine_2m,2.0,652.0,380.0,754.6548880117322,1.0,1.0,0.0,1.0,0.24972677595628415,0.24972677595628415,1.0,0.36666666666666664,0.36666666666666664,82.52772782820661,97.61160812310581,193.52998408411685,209.7655086877488,247.5040591787784,0.0,43.64060642603849,0.07103825136612021,1260,9
final_refine_2m,2.0,654.0,380.0,756.3835006132801,1.0,1.0,0.0,1.0,0.24972677595628415,0.24972677595628415,1.0,0.36666666666666664,0.36666666666666664,82.17245028406458,97.31482636692016,192.93156502554552,209.1194034876231,246.71960641317074,0.0,43.57361774523276,0.07254748894093156,1260,9
final_refine_2m,2.0,656.0,380.0,758.1134479746419,1.0,1.0,0.0,1.0,0.24972677595628415,0.24972677595628415,1.0,0.36666666666666664,0.36666666666666664,81.8184929689365,97.0191629103148,192.33430588142934,208.47453477181682,245.93668458469574,0.0,43.50723732467477,0.07556596409055426,1260,9
final_refine_2m,2.0,658.0,380.0,759.8447209792274,1.0,1.0,0.0,1.0,0.24972677595628415,0.24972677595628415,1.0,0.36666666666666664,0.36666666666666664,81.46585692743407,96.7258770875176,191.73820627025418,207.8309020161866,245.15529274337808,0.0,43.44132705023639,0.07933905802758262,1260,9
final_refine_2m,2.0,660.0,380.0,761.5773105863908,1.0,1.0,0.0,1.0,0.2484257090814468,0.2484257090814468,1.0,0.3626984126984127,0.3626984126984127,81.11454321838008,96.43424505811547,191.14326581625926,207.1885047021526,244.3754299451737,0.0,43.37498787074968,0.08110850897736144,1260,9
final_refine_2m,2.0,662.0,380.0,763.3112078307248,1.0,1.0,0.0,1.0,0.246344002081707,0.246344002081707,1.0,0.35634920634920636,0.35634920634920636,80.7645529147794,96.14373733384161,190.54948414948998,206.5473423167555,243.59709525198613,0.0,43.30806372480302,0.08225344782721832,1260,9
final_refine_2m,2.0,664.0,380.0,765.046403821363,1.0,1.0,0.0,1.0,0.2442622950819672,0.2442622950819672,1.0,0.35,0.35,80.41588710380356,95.854357213801,189.95491159708808,205.90741435267148,242.82028773170202,0.0,43.240553428626484,0.0825136612021858,1260,9
final_refine_2m,2.0,666.0,380.0,766.7828897412878,1.0,1.0,0.0,1.0,0.2442622950819672,0.2442622950819672,1.0,0.35,0.35,80.06854688676302,95.56609926579485,189.31221550277843,205.26872030825857,242.04500645821798,0.0,43.17245583963128,0.08126463700234192,1260,9
final_refine_2m,2.0,668.0,380.0,768.5206568466458,1.0,1.0,0.0,1.0,0.2442622950819672,0.2442622950819672,1.0,0.35,0.35,79.72253337907571,95.27896639944541,188.67089182375548,204.63125968758402,241.27125051149545,0.0,43.103769856553704,0.07939110070257611,1260,9
final_refine_2m,2.0,670.0,380.0,770.2596964660685,1.0,1.0,0.0,1.0,0.24020296643247463,0.24020296643247463,1.0,0.34523809523809523,0.34523809523809523,79.38316974398927,94.99295206235463,188.0309400750102,203.99503200046408,240.4990189775618,0.0,43.03507420673267,0.07814207650273224,1260,9
final_refine_2m,2.0,672.0,380.0,772.0,1.0,1.0,0.0,1.0,0.24800936768149884,0.24800936768149884,1.0,0.353968253968254,0.353968253968254,79.06718834134513,94.70806319338058,187.39235977905645,203.3600367624975,239.7283109485669,0.0,42.96712663374299,0.07689305230288837,1260,9
final_refine_2m,2.0,674.0,380.0,773.7415589200311,1.0,1.0,0.0,1.0,0.24772313296903462,0.24772313296903462,1.0,0.35,0.35,78.75234320389507,94.42431169718951,186.7551504659641,202.72627349510861,238.95912552280205,0.0,42.89990164652204,0.07564402810304449,1260,9
final_refine_2m,2.0,676.0,380.0,775.4843647682395,1.0,1.0,0.0,1.0,0.24829560239396306,0.24829560239396306,1.0,0.3468253968253968,0.3468253968253968,78.4386354267279,94.14169649177605,186.11931167342752,202.0937417255708,238.19146180474155,0.0,42.83337407164188,0.07377049180327869,1260,9
final_refine_2m,2.0,678.0,380.0,777.2284091565361,1.0,1.0,0.0,1.0,0.24800936768149884,0.24800936768149884,1.0,0.34285714285714286,0.34285714285714286,78.12606611680364,93.86020394730103,185.48484294679852,201.46244098704537,237.42531890508812,0.0,42.76751904934602,0.07377049180327869,1260,9
final_refine_2m,2.0,680.0,380.0,778.9736837660179,1.0,1.0,0.0,1.0,0.2505854800936768,0.2505854800936768,1.0,0.34523809523809523,0.34523809523809523,77.8146363929113,93.57983420330515,184.91531735090695,200.83237081863325,236.66069594077297,0.0,42.7023120296643,0.07689305230288837,1260,9
final_refine_2m,2.0,682.0,380.0,780.7201803463262,1.0,1.0,0.0,1.0,0.25230288836846215,0.25230288836846215,1.0,0.3468253968253968,0.3468253968253968,77.50434738564896,93.3009690864754,184.35781944932597,200.20353076539297,235.8975920350313,0.0,42.63772876860432,0.08001561280249805,1260,9
final_refine_2m,2.0,684.0,380.0,782.467890715012,1.0,1.0,0.0,1.0,0.25487900078064013,0.25487900078064013,1.0,0.3492063492063492,0.3492063492063492,77.19520023737756,93.02472049562562,183.80138042780456,199.57592037839316,235.13600631741215,0.0,42.57319850844673,0.08326827998959146,1260,9
final_refine_2m,2.0,686.0,380.0,784.216806756907,1.0,1.0,0.0,1.0,0.25542544886807184,0.25542544886807184,1.0,0.3492063492063492,0.3492063492063492,76.88719610218523,92.74959524710145,183.24600004465734,198.9495392147411,234.37593792381773,0.0,42.508069589953614,0.0844392401769451,1260,9
final_refine_2m,2.0,688.0,380.0,785.9669204234998,1.0,1.0,0.0,1.0,0.25323965651834507,0.25323965651834507,1.0,0.34365079365079365,0.34365079365079365,76.58033614584194,92.47559359812934,182.69167806383643,198.32438683762015,233.61738599654763,0.0,42.44234083825044,0.0862607338017174,1260,9
final_refine_2m,2.0,690.0,380.0,787.7182237323192,1.0,1.0,0.0,1.0,0.25105386416861825,0.25105386416861825,1.0,0.3380952380952381,0.3380952380952381,76.27462154575417,92.20271579789504,182.1384142549902,197.70046281633802,232.86034968433202,0.0,42.37601112142518,0.08495966692688005,1260,9
final_refine_2m,2.0,692.0,380.0,789.4707087663228,1.0,1.0,0.0,1.0,0.24918032786885247,0.24918032786885247,1.0,0.3333333333333333,0.3333333333333333,75.97005349091447,91.93096208748389,181.58620839348947,197.07776672636493,232.10482814235814,0.0,42.30907935068054,0.08365860005204268,1260,9
final_refine_2m,2.0,694.0,380.0,791.2243676732916,1.0,1.0,0.0,1.0,0.23387978142076501,0.23387978142076501,1.0,0.31666666666666665,0.31666666666666665,75.6666331818438,91.66033269982285,181.02529340369844,196.45629814935796,231.35082053232586,0.0,42.2416639221183,0.08170699973978662,1260,9
final_refine_2m,2.0,696.0,380.0,792.97919266523,1.0,1.0,0.0,1.0,0.24863387978142076,0.24863387978142076,1.0,0.3333333333333333,0.3333333333333333,75.36436183053809,91.3908278596244,180.4270785432543,195.8360566732184,230.59832602247297,0.0,42.17481674582317,0.08040593286494926,1260,9
final_refine_2m,2.0,698.0,380.0,794.7351760177726,1.0,1.0,0.0,1.0,0.24863387978142076,0.24863387978142076,1.0,0.3333333333333333,0.3333333333333333,75.06200637960913,91.12244778333232,179.83011965112874,195.21704189212159,229.8473437876169,0.0,42.1087440353148,0.07910486599011189,1260,9
final_refine_2m,2.0,700.0,380.0,796.4923100695951,1.0,1.0,0.0,1.0,0.24795732500650533,0.24795732500650533,1.0,0.33174603174603173,0.33174603174603173,74.73382081647652,90.8551926790692,179.23441641981287,194.59925340656866,229.09787300919325,0.0,42.04341856684021,0.07715326567785584,1260,9
final_refine_2m,2.0,702.0,380.0,798.2505872218322,1.0,1.0,0.0,1.0,0.24558938329430133,0.24558938329430133,1.0,0.3261904761904762,0.3261904761904762,74.40699918417249,90.58906254366481,178.63996854921203,193.98269082341133,228.3499128752922,0.0,41.9788136453965,0.07650273224043716,1260,9
final_refine_2m,2.0,704.0,380.0,800.0099999375008,1.0,1.0,0.0,1.0,0.24355971896955503,0.24355971896955503,1.0,0.32142857142857145,0.32142857142857145,74.08154284314452,90.32404258941082,178.04677574668565,193.36735375590558,227.60346258069998,0.0,41.914902325414516,0.07730939370283632,1260,9
final_refine_2m,2.0,706.0,380.0,801.7705407409279,1.0,1.0,0.0,1.0,0.24241478011969816,0.24241478011969816,1.0,0.31746031746031744,0.31746031746031744,73.75745316673658,90.06013397057647,177.45483772710858,192.75324182375024,226.8585213269378,0.0,41.85165895209488,0.08134270101483217,1260,9
final_refine_2m,2.0,708.0,380.0,803.5322022171856,1.0,1.0,0.0,1.0,0.24418423106947698,0.24418423106947698,1.0,0.319047619047619,0.319047619047619,73.4347315410588,89.79873139510332,176.86415421291392,192.13225775349838,226.11508832231127,0.0,41.78893572162791,0.085376008326828,1260,9
final_refine_2m,2.0,710.0,380.0,805.2949770115296,1.0,1.0,0.0,1.0,0.2468384074941452,0.2468384074941452,1.0,0.32142857142857145,0.32142857142857145,73.11337936483828,89.53903292856363,176.27472493415337,191.46651817689627,225.3731627819288,0.0,41.725769855290565,0.0872495446265938,1260,9
final_refine_2m,2.0,712.0,380.0,807.0588578288451,1.0,1.0,0.0,1.0,0.24860785844392402,0.24860785844392402,1.0,0.32301587301587303,0.32301587301587303,72.79339804927118,89.2804622818944,175.6865496285512,190.80223443215783,224.6327439277664,0.0,41.6619908738671,0.08844652615144419,1260,9
final_refine_2m,2.0,714.0,380.0,808.8238374330964,1.0,1.0,0.0,1.0,0.25016913869372887,0.25016913869372887,1.0,0.32301587301587303,0.32301587301587303,72.47478901786586,89.02301646057784,175.09962804154824,190.1394060175067,223.8938309886999,0.0,41.59759765924764,0.08870673952641166,1260,9
final_refine_2m,2.0,716.0,380.0,810.589908646783,1.0,1.0,0.0,1.0,0.2497527972937809,0.2497527972937809,1.0,0.3198412698412698,0.3198412698412698,72.15755370627285,88.76669669261554,174.51395992635958,189.47803243957765,223.15642320053857,0.0,41.532589138244106,0.08735362997658079,1260,9
final_refine_2m,2.0,718.0,380.0,812.3570643504,1.0,1.0,0.0,1.0,0.25022118136872235,0.25022118136872235,1.0,0.31746031746031744,0.31746031746031744,71.8416935621193,88.5115057412983,173.92954504403676,188.8181132134788,222.4205198060792,0.0,41.46696428273747,0.0853239656518345,1260,9
final_refine_2m,2.0,720.0,380.0,814.1252974819048,1.0,1.0,0.0,1.0,0.2435857403070518,0.2435857403070518,1.0,0.30793650793650795,0.30793650793650795,71.52721004481799,88.25743983111587,173.34638316350367,188.15964786285002,221.68612005515058,0.0,41.401341866467426,0.08397085610200364,1260,9
final_refine_2m,2.0,722.0,380.0,815.8946010361877,1.0,1.0,0.0,1.0,0.25191256830601094,0.25191256830601094,1.0,0.31666666666666665,0.31666666666666665,71.2150174350283,88.00450132646489,172.76447406163732,187.51745592939793,220.95322320464047,0.0,41.33654391582228,0.08261774655217279,1260,9
final_refine_2m,2.0,724.0,380.0,817.664968064549,1.0,1.0,0.0,1.0,0.25191256830601094,0.25191256830601094,1.0,0.31666666666666665,0.31666666666666665,70.93200183173647,87.75269200798446,172.1838175233002,186.9404411706104,220.2218285185556,0.0,41.27254113112554,0.08126463700234192,1260,9
final_refine_2m,2.0,726.0,380.0,819.43639167418,1.0,1.0,0.0,1.0,0.25191256830601094,0.25191256830601094,1.0,0.31666666666666665,0.31666666666666665,70.65014147922632,87.50200891660953,171.60441334140967,186.36454461830255,219.49193526806567,0.0,41.209304651110905,0.07923497267759563,1260,9
final_refine_2m,2.0,728.0,380.0,821.2088650276494,1.0,1.0,0.0,1.0,0.2503512880562061,0.2503512880562061,1.0,0.3134920634920635,0.3134920634920635,70.36943775715243,87.2524543966052,171.02626131699014,185.78976602522573,218.7635427315291,0.0,41.1468060449146,0.07923497267759563,1260,9
final_refine_2m,2.0,730.0,380.0,822.9823813423955,1.0,1.0,0.0,1.0,0.24839968774395005,0.24839968774395005,1.0,0.30952380952380953,0.30952380952380953,70.08989205471774,87.00402851785783,170.44936125923374,185.2161051503641,218.03665019456724,0.0,41.08501730429885,0.08256570387717929,1260,9
final_refine_2m,2.0,630.0,382.0,736.7659058344109,1.0,1.0,0.0,1.0,0.24207650273224043,0.24207650273224043,1.0,0.38333333333333336,0.38333333333333336,86.18800379844902,100.59987619787938,199.31804308792462,215.95016030282818,254.82544173309313,0.0,44.275400332025654,0.07194899817850638,1260,9
final_refine_2m,2.0,632.0,382.0,738.4768107395113,1.0,1.0,0.0,1.0,0.24374186833203226,0.24374186833203226,1.0,0.38492063492063494,0.38492063492063494,85.84788711860132,100.29138785193483,198.71055937469328,215.29460283837622,254.02991721221395,0.0,44.207899360989025,0.07486338797814207,1260,9
final_refine_2m,2.0,634.0,382.0,740.1891650112152,1.0,1.0,0.0,1.0,0.2441582097319802,0.2441582097319802,1.0,0.3817460317460317,0.3817460317460317,85.50889433162267,99.98539547934024,198.10423246415652,214.64027921791762,253.23592134815468,0.0,44.14044865032112,0.0771792870153526,1260,9
final_refine_2m,2.0,636.0,382.0,741.9029586138607,1.0,1.0,0.0,1.0,0.24395003903200624,0.24395003903200624,1.0,0.3761904761904762,0.3761904761904762,85.15635274937019,99.68051098766578,197.4990619265208,213.98718887309974,252.44345315116595,0.0,44.07243211519128,0.07962529274004684,1260,9
final_refine_2m,2.0,638.0,382.0,743.6181815959047,1.0,1.0,0.0,1.0,0.2443663804319542,0.2443663804319542,1.0,0.373015873015873,0.373015873015873,84.79300104449375,99.37673348254285,196.89504733732457,213.33533124075828,251.65251163703806,0.0,44.00384854055294,0.08061410356492324,1260,9
final_refine_2m,2.0,640.0,382.0,745.3348240891472,1.0,1.0,0.0,1.0,0.24686442883164195,0.24686442883164195,1.0,0.3753968253968254,0.3753968253968254,84.43095316934449,99.07406470836274,196.29218827748835,212.68470576293382,250.8630958271547,0.0,43.9346967500409,0.07881863127764767,1260,9
final_refine_2m,2.0,642.0,382.0,747.0528763079626,1.0,1.0,0.0,1.0,0.24852979443143378,0.24852979443143378,1.0,0.376984126984127,0.376984126984127,84.0702100476402,98.77250769574367,195.690484333348,212.03531188692745,250.07520474848005,0.0,43.86497560611824,0.0776216497527973,1260,9
final_refine_2m,2.0,644.0,382.0,748.7723285485382,1.0,1.0,0.0,1.0,0.23598750975800156,0.23598750975800156,1.0,0.3619047619047619,0.3619047619047619,83.71077261699631,98.47206338276543,195.08993509667462,211.38714906530828,249.28883743362144,0.0,43.7948029534282,0.07642466822794691,1260,9
final_refine_2m,2.0,646.0,382.0,750.4931711881195,1.0,1.0,0.0,1.0,0.25214676034348166,0.25214676034348166,1.0,0.38095238095238093,0.38095238095238093,83.35264182893434,98.17273164625898,194.4905401647278,210.74021675595176,248.50399292084944,0.0,43.72515089810242,0.07462919594067136,1260,9
final_refine_2m,2.0,648.0,382.0,752.2153946842619,1.0,1.0,0.0,1.0,0.2519385896435077,0.2519385896435077,1.0,0.3761904761904762,0.3761904761904762,82.99581864887703,97.87449640275999,193.8922991402721,210.09451442207825,247.72067025410655,0.0,43.6561901499292,0.07343221441582097,1260,9
final_refine_2m,2.0,650.0,382.0,753.9389895740901,1.0,1.0,0.0,1.0,0.25066354410616704,0.25066354410616704,1.0,0.36984126984126986,0.36984126984126986,82.64030405614737,97.57736158070527,193.29521163162022,209.45004153227393,246.9388684830672,0.0,43.58789741949196,0.0722352328909706,1260,9
final_refine_2m,2.0,652.0,382.0,755.6639464735631,1.0,1.0,0.0,1.0,0.24972677595628415,0.24972677595628415,1.0,0.36666666666666664,0.36666666666666664,82.28609904396613,97.28133759242013,192.69927725266737,208.80679756053266,246.15858666314716,0.0,43.52024967636204,0.07103825136612021,1260,9
final_refine_2m,2.0,654.0,382.0,757.3902560767467,1.0,1.0,0.0,1.0,0.24972677595628415,0.24972677595628415,1.0,0.36666666666666664,0.36666666666666664,81.93320461943796,96.9864266188956,192.10449562292453,208.1647819862802,245.37982385554045,0.0,43.45322414679209,0.07330210772833724,1260,9
final_refine_2m,2.0,656.0,382.0,759.117909155093,1.0,1.0,0.0,1.0,0.24972677595628415,0.24972677595628415,1.0,0.36666666666666664,0.36666666666666664,81.58162180354242,96.69262900698874,191.51086636755778,207.52399429441218,244.60257912724452,0.0,43.38679831143522,0.07632058287795992,1260,9
final_refine_2m,2.0,658.0,382.0,760.8468965567251,1.0,1.0,0.0,1.0,0.24972677595628415,0.24972677595628415,1.0,0.36666666666666664,0.36666666666666664,81.23135163111849,96.40116582322798,190.91838911741982,206.8844339753211,243.82685155110119,0.0,43.320842753998576,0.07933905802758262,1260,9
final_refine_2m,2.0,660.0,382.0,762.5772092057302,1.0,1.0,0.0,1.0,0.2492063492063492,0.2492063492063492,1.0,0.36507936507936506,0.36507936507936506,80.88239515084385,96.11138031593431,190.32369854900998,206.24610052494154,243.05264020581262,0.0,43.25447462834554,0.0818631277647671,1260,9
final_refine_2m,2.0,662.0,382.0,764.3088381014575,1.0,1.0,0.0,1.0,0.24712464220660943,0.24712464220660943,1.0,0.35873015873015873,0.35873015873015873,80.53475342521222,95.82270873271567,189.68266578878016,205.60899344476547,242.27994417599209,0.0,43.18752558683195,0.08363257871454592,1260,9
final_refine_2m,2.0,664.0,382.0,766.041774317824,1.0,1.0,0.0,1.0,0.24504293520686962,0.24504293520686962,1.0,0.3523809523809524,0.3523809523809524,80.18842753050649,95.53515748397923,189.04299622591566,204.97311224190022,241.50876255217716,0.0,43.119994459409114,0.0825136612021858,1260,9
final_refine_2m,2.0,666.0,382.0,767.7760090026258,1.0,1.0,0.0,1.0,0.2442622950819672,0.2442622950819672,1.0,0.35,0.35,79.84341855677286,95.24872274436939,188.404689377295,204.33845642907355,240.73909443086288,0.0,43.05188011660008,0.08126463700234192,1260,9
final_refine_2m,2.0,668.0,382.0,769.5115333768559,1.0,1.0,0.0,1.0,0.2442622950819672,0.2442622950819672,1.0,0.35,0.35,79.50626747698016,94.96340471270352,187.76774476714846,203.70502552469938,239.97093891455376,0.0,42.983181469641764,0.08001561280249805,1260,9
final_refine_2m,2.0,670.0,382.0,771.2483387340293,1.0,1.0,0.0,1.0,0.23884985688264376,0.23884985688264376,1.0,0.34365079365079365,0.34365079365079365,79.19106372573754,94.67920047083008,187.13216192711508,203.07281905288568,239.20429511177267,0.0,42.91449456409452,0.07814207650273224,1260,9
final_refine_2m,2.0,672.0,382.0,772.9864164395128,1.0,1.0,0.0,1.0,0.24800936768149884,0.24800936768149884,1.0,0.353968253968254,0.353968253968254,78.87698869538647,94.39610976970587,186.497940396283,202.44183654348893,238.4391621371079,0.0,42.846545735830134,0.07689305230288837,1260,9
final_refine_2m,2.0,674.0,382.0,774.7257579298625,1.0,1.0,0.0,1.0,0.24858183710642728,0.24858183710642728,1.0,0.3523809523809524,0.3523809523809524,78.56404345792475,94.11414214609711,185.86507972123718,201.81207753213636,237.6755391112444,0.0,42.77930982951087,0.07564402810304449,1260,9
final_refine_2m,2.0,676.0,382.0,776.4663547121665,1.0,1.0,0.0,1.0,0.2491543065313557,0.2491543065313557,1.0,0.3492063492063492,0.3492063492063492,78.25222909693963,93.83330737836692,185.29585443064985,201.18354156027428,236.91342516098376,0.0,42.712762000714356,0.07439500390320063,1260,9
final_refine_2m,2.0,678.0,382.0,778.2081983633942,1.0,1.0,0.0,1.0,0.24858183710642728,0.24858183710642728,1.0,0.34444444444444444,0.34444444444444444,77.94154670757416,93.55359271826052,184.73943065900735,200.55622817519023,236.15281941930917,0.0,42.64687771209585,0.07377049180327869,1260,9
final_refine_2m,2.0,680.0,382.0,779.951280529752,1.0,1.0,0.0,1.0,0.2505854800936768,0.2505854800936768,1.0,0.34523809523809523,0.34523809523809523,77.63199739649961,93.27499325197238,184.1840599976323,199.93013693006273,235.39372102538275,0.0,42.58163272962595,0.07767369242779079,1260,9
final_refine_2m,2.0,682.0,382.0,781.6955929260444,1.0,1.0,0.0,1.0,0.25230288836846215,0.25230288836846215,1.0,0.3468253968253968,0.3468253968253968,77.32358228187893,92.99785759349699,183.62974220369205,199.30526738399203,234.6361291246124,0.0,42.51700311890232,0.08079625292740047,1260,9
final_refine_2m,2.0,684.0,382.0,783.4411273350411,1.0,1.0,0.0,1.0,0.25487900078064013,0.25487900078064013,1.0,0.3492063492063492,0.3492063492063492,77.0163024933186,92.72336153729196,183.07647703989346,198.6816191020353,233.88004286866308,0.0,42.45244671585304,0.08326827998959146,1260,9
final_refine_2m,2.0,686.0,382.0,785.1878756068512,1.0,1.0,0.0,1.0,0.25573770491803277,0.25573770491803277,1.0,0.35,0.35,76.71015917183986,92.44998121119814,182.52426427453116,198.05919165525358,233.1254614155086,0.0,42.38729586412524,0.0858704137392662,1260,9
final_refine_2m,2.0,688.0,382.0,786.9358296583019,1.0,1.0,0.0,1.0,0.253864168618267,0.253864168618267,1.0,0.34523809523809523,0.34523809523809523,76.40515346981901,92.17771687047147,181.97310368150556,197.43798462074267,232.37238392945525,0.0,42.32154940288024,0.0862607338017174,1260,9
final_refine_2m,2.0,690.0,382.0,788.684981472324,1.0,1.0,0.0,1.0,0.25199063231850116,0.25199063231850116,1.0,0.3404761904761905,0.3404761904761905,76.10128655094593,91.90656876242187,181.415677794045,196.81799758165963,231.62080958119404,0.0,42.2552062136089,0.08495966692688005,1260,9
final_refine_2m,2.0,692.0,382.0,790.4353230973423,1.0,1.0,0.0,1.0,0.2498048399687744,0.2498048399687744,1.0,0.3349206349206349,0.3349206349206349,75.79855959016595,91.63653712635418,180.81881629792136,196.19923012729603,230.87073754781204,0.0,42.18826522028184,0.08365860005204268,1260,9
final_refine_2m,2.0,694.0,382.0,792.1868466466734,1.0,1.0,0.0,1.0,0.23387978142076501,0.23387978142076501,1.0,0.31666666666666665,0.31666666666666665,75.49697377362608,91.36762219351041,180.22320284360208,195.5816818530778,230.12216701285766,0.0,42.12085206523972,0.0823575331772053,1260,9
final_refine_2m,2.0,696.0,382.0,793.939544297927,1.0,1.0,0.0,1.0,0.24863387978142076,0.24863387978142076,1.0,0.3333333333333333,0.3333333333333333,75.19606285294661,91.09982418701415,179.62883712244349,194.96535236062914,229.37509716636413,0.0,42.0540160357718,0.08040593286494926,1260,9
final_refine_2m,2.0,698.0,382.0,795.6934082924151,1.0,1.0,0.0,1.0,0.24863387978142076,0.24863387978142076,1.0,0.3333333333333333,0.3333333333333333,74.86874761943045,90.83314332181688,179.03571883304576,194.35024125780993,228.62952720488923,0.0,41.987944229411745,0.07910486599011189,1260,9
final_refine_2m,2.0,700.0,382.0,797.4484309345652,1.0,1.0,0.0,1.0,0.24863387978142076,0.24863387978142076,1.0,0.3333333333333333,0.3333333333333333,74.54278585272688,90.5675798046454,178.44384768131894,193.73634815874718,227.88545633153845,0.0,41.92260978083741,0.07780379911527452,1260,9
final_refine_2m,2.0,702.0,382.0,799.20460459134,1.0,1.0,0.0,1.0,0.24626593806921676,0.24626593806921676,1.0,0.3277777777777778,0.3277777777777778,74.21817888159659,90.30313383395213,177.85322338052032,193.12367268387766,227.14288375604298,0.0,41.857986190979105,0.07650273224043716,1260,9
final_refine_2m,2.0,704.0,382.0,800.9619216916619,1.0,1.0,0.0,1.0,0.24423627374447046,0.24423627374447046,1.0,0.32301587301587303,0.32301587301587303,73.89492804736747,90.03980105398176,177.2638456513071,192.5031445015537,226.40180869475785,0.0,41.79404732137802,0.0781160551652355,1260,9
final_refine_2m,2.0,706.0,382.0,802.7203747258444,1.0,1.0,0.0,1.0,0.24275305750715587,0.24275305750715587,1.0,0.31825396825396823,0.31825396825396823,73.573034703802,89.7775710470388,176.67571422179583,191.83923136490813,225.66223037071606,0.0,41.73076738868591,0.08214936247723133,1260,9
final_refine_2m,2.0,708.0,382.0,804.4799562450266,1.0,1.0,0.0,1.0,0.24418423106947698,0.24418423106947698,1.0,0.319047619047619,0.319047619047619,73.25250021695548,89.51779283708298,176.08882882760147,191.17676383392168,224.9241480136836,0.0,41.66800779308461,0.085376008326828,1260,9
final_refine_2m,2.0,710.0,382.0,806.2406588606159,1.0,1.0,0.0,1.0,0.2468384074941452,0.2468384074941452,1.0,0.32142857142857145,0.32142857142857145,72.93332596503006,89.25974564736806,175.50318921189125,190.51574140868144,224.18756086017805,0.0,41.6048231356422,0.08805620608899298,1260,9
final_refine_2m,2.0,712.0,382.0,808.0024752437334,1.0,1.0,0.0,1.0,0.24860785844392402,0.24860785844392402,1.0,0.32301587301587303,0.32301587301587303,72.61551333822032,89.00281923556638,174.91879512544506,189.85616359750628,223.4524681535124,0.0,41.54102974568384,0.08992974238875878,1260,9
final_refine_2m,2.0,714.0,382.0,809.7653981246667,1.0,1.0,0.0,1.0,0.2508977361436378,0.2508977361436378,1.0,0.3246031746031746,0.3246031746031746,72.29906373855232,88.74700890918291,174.33564632670584,189.19802991700283,222.71886914385797,0.0,41.47662651879761,0.08870673952641166,1260,9
final_refine_2m,2.0,716.0,382.0,811.5294202923268,1.0,1.0,0.0,1.0,0.2504813947436898,0.2504813947436898,1.0,0.32142857142857145,0.32142857142857145,71.98397857971516,88.4923181666173,173.75374258182296,188.54133989211368,221.98676308825588,0.0,41.411612394834414,0.08735362997658079,1260,9
final_refine_2m,2.0,718.0,382.0,813.2945345937104,1.0,1.0,0.0,1.0,0.2509497788186313,0.2509497788186313,1.0,0.319047619047619,0.319047619047619,71.67025928688051,88.23874737541462,173.17308366471534,187.89924287409417,221.25614925067956,0.0,41.345986358053445,0.08600052042674994,1260,9
final_refine_2m,2.0,720.0,382.0,815.0607339333677,1.0,1.0,0.0,1.0,0.24249284413218838,0.24249284413218838,1.0,0.30714285714285716,0.30714285714285716,71.357907296522,87.98629455819227,172.59366935712382,187.3234200659888,220.52702690207158,0.0,41.28038583766465,0.08464741087691907,1260,9
final_refine_2m,2.0,722.0,382.0,816.828011272875,1.0,1.0,0.0,1.0,0.25191256830601094,0.25191256830601094,1.0,0.31666666666666665,0.31666666666666665,71.07367903819448,87.73496275498768,172.01549944866852,186.74870907475392,219.7993953203797,0.0,41.215599002131015,0.08261774655217279,1260,9
final_refine_2m,2.0,724.0,382.0,818.5963596303126,1.0,1.0,0.0,1.0,0.25191256830601094,0.25191256830601094,1.0,0.31666666666666665,0.31666666666666665,70.79236445724288,87.48475006796849,171.43857373689156,186.17510965185392,219.07325379061817,0.0,41.151596939505055,0.08126463700234192,1260,9
final_refine_2m,2.0,726.0,382.0,820.3657720797473,1.0,1.0,0.0,1.0,0.25191256830601094,0.25191256830601094,1.0,0.31666666666666665,0.31666666666666665,70.51219838655325,87.2356571316531,170.8628920273325,185.602621554842,218.34860160489052,0.0,41.088351167186495,0.07991152745251105,1260,9
final_refine_2m,2.0,728.0,382.0,822.1362417507211,1.0,1.0,0.0,1.0,0.2511319281811085,0.2511319281811085,1.0,0.31507936507936507,0.31507936507936507,70.23318218533366,86.98768603785187,170.28845413356123,185.03124454742127,217.62543806245247,0.0,41.02583362414308,0.07923497267759563,1260,9
final_refine_2m,2.0,730.0,382.0,823.9077618277424,1.0,1.0,0.0,1.0,0.24879000780640126,0.24879000780640126,1.0,0.3103174603174603,0.3103174603174603,69.95531722196338,86.74083417633025,169.71525987725957,184.4609783994746,216.90376246973372,0.0,40.964016663355316,0.08256570387717929,1260,9
final_refine_2m,2.0,630.0,384.0,737.8048522475303,1.0,1.0,0.0,1.0,0.24207650273224043,0.24207650273224043,1.0,0.38333333333333336,0.38333333333333336,85.95466260835467,100.25328829148232,198.45733972126752,214.9583268999324,253.43578639019375,0.0,44.155868465665435,0.0726775956284153,1260,9
final_refine_2m,2.0,632.0,384.0,739.5133534967438,1.0,1.0,0.0,1.0,0.24374186833203226,0.24374186833203226,1.0,0.38492063492063494,0.38492063492063494,85.61659587025031,99.94670387203054,197.8535340747934,214.3069040130745,252.646014071201,0.0,44.08831476385836,0.075591985428051,1260,9
final_refine_2m,2.0,634.0,384.0,741.2233131789636,1.0,1.0,0.0,1.0,0.24478272183190217,0.24478272183190217,1.0,0.38412698412698415,0.38412698412698415,85.26149374417943,99.64263629122495,197.25087765895321,213.6567063341386,251.85775751813463,0.0,44.0208298629262,0.0785063752276867,1260,9
final_refine_2m,2.0,636.0,384.0,742.9347212238771,1.0,1.0,0.0,1.0,0.2445745511319282,0.2445745511319282,1.0,0.37857142857142856,0.37857142857142856,84.89926850902957,99.33967071444722,196.64937005647514,213.00773330942178,251.07101576406936,0.0,43.95278297627773,0.07962529274004684,1260,9
final_refine_2m,2.0,638.0,384.0,744.6475676452586,1.0,1.0,0.0,1.0,0.2443663804319542,0.2443663804319542,1.0,0.373015873015873,0.373015873015873,84.53833774351165,99.03780494962447,196.04901085539373,212.35998439037238,250.2857878475897,0.0,43.884172902704144,0.08061410356492324,1260,9
final_refine_2m,2.0,640.0,384.0,746.3618425401985,1.0,1.0,0.0,1.0,0.24686442883164195,0.24686442883164195,1.0,0.3753968253968254,0.3753968253968254,84.17870235061962,98.73703918872897,195.44979964908148,211.7134590336072,249.50207281278733,0.0,43.8149984791062,0.07941712204007285,1260,9
final_refine_2m,2.0,642.0,384.0,748.0775360883389,1.0,1.0,0.0,1.0,0.24852979443143378,0.24852979443143378,1.0,0.376984126984127,0.376984126984127,83.82036324691634,98.43737665347057,194.85173603627854,211.0681567009667,248.71986970931906,0.0,43.745258580639195,0.0776216497527973,1260,9
final_refine_2m,2.0,644.0,384.0,749.7946385511169,1.0,1.0,0.0,1.0,0.23682019255789746,0.23682019255789746,1.0,0.3626984126984127,0.3626984126984127,83.46332136253078,98.13881867058528,194.25481962114307,210.424076859511,247.9391775924169,0.0,43.67507768657679,0.07642466822794691,1260,9
final_refine_2m,2.0,646.0,384.0,751.5131402710135,1.0,1.0,0.0,1.0,0.25214676034348166,0.25214676034348166,1.0,0.38095238095238093,0.38095238095238093,83.10757764116815,97.84136614080697,193.6590500132581,209.78121898157718,247.1599955229189,0.0,43.605425518901704,0.07522768670309654,1260,9
final_refine_2m,2.0,648.0,384.0,753.2330316708103,1.0,1.0,0.0,1.0,0.2526411657559198,0.2526411657559198,1.0,0.37857142857142856,0.37857142857142856,82.75313304009285,97.54501308216832,193.06442682769006,209.13958254480755,246.38232256731249,0.0,43.53645562787142,0.07343221441582097,1260,9
final_refine_2m,2.0,650.0,384.0,754.9543032528525,1.0,1.0,0.0,1.0,0.25136612021857924,0.25136612021857924,1.0,0.37222222222222223,0.37222222222222223,82.3999885301328,97.24974660640174,192.4709496850093,208.49916703216735,245.60615779773408,0.0,43.46814397256801,0.0722352328909706,1260,9
final_refine_2m,2.0,652.0,384.0,756.6769455983181,1.0,1.0,0.0,1.0,0.24972677595628415,0.24972677595628415,1.0,0.36666666666666664,0.36666666666666664,82.048145095667,96.95558099429701,191.87861821132185,207.8599719319892,244.83150029203384,0.0,43.400468876821236,0.07103825136612021,1260,9
final_refine_2m,2.0,654.0,384.0,758.4009493664944,1.0,1.0,0.0,1.0,0.24972677595628415,0.24972677595628415,1.0,0.36666666666666664,0.36666666666666664,81.69760373460768,96.6625184280135,191.2874320383209,207.22199673800213,244.05834913377447,0.0,43.333407508143225,0.07330210772833724,1260,9
final_refine_2m,2.0,656.0,384.0,760.126305294061,1.0,1.0,0.0,1.0,0.24972677595628415,0.24972677595628415,1.0,0.36666666666666664,0.36666666666666664,81.34836545839225,96.37056401532244,190.692630526603,206.58524094935916,243.28670341227797,0.0,43.26693763494962,0.0770752016653656,1260,9
final_refine_2m,2.0,658.0,384.0,761.8530041943787,1.0,1.0,0.0,1.0,0.24972677595628415,0.24972677595628415,1.0,0.36666666666666664,0.36666666666666664,81.00043129195674,96.08090226259594,190.05324292766417,205.9497040706799,242.5165622226622,0.0,43.20093816986418,0.08009367681498829,1260,9
final_refine_2m,2.0,660.0,384.0,763.5810369567856,1.0,1.0,0.0,1.0,0.24972677595628415,0.24972677595628415,1.0,0.36666666666666664,0.36666666666666664,80.65380227371666,95.79294021946686,189.4152094268654,205.3153856120715,241.74792466584978,0.0,43.13454230853849,0.0818631277647671,1260,9
final_refine_2m,2.0,662.0,384.0,765.3103945458993,1.0,1.0,0.0,1.0,0.24764506895654437,0.24764506895654437,1.0,0.3603174603174603,0.3603174603174603,80.30847945554159,95.50608416240355,188.77852954298353,204.68228508917198,240.9807898486205,0.0,43.06756954153246,0.08363257871454592,1260,9
final_refine_2m,2.0,664.0,384.0,767.0410680009252,1.0,1.0,0.0,1.0,0.24582357533177204,0.24582357533177204,1.0,0.3547619047619048,0.3547619047619048,79.96446390271656,95.22033864909825,188.14320280199945,204.05040202317915,240.2151568836286,0.0,43.00001871236393,0.08313817330210772,1260,9
final_refine_2m,2.0,666.0,384.0,768.7730484349721,1.0,1.0,0.0,1.0,0.2442622950819672,0.2442622950819672,1.0,0.35,0.35,79.62949636819205,94.93570462906763,187.50922873714936,203.41973594089066,239.451024889442,0.0,42.93188870452572,0.08126463700234192,1260,9
final_refine_2m,2.0,668.0,384.0,770.5063270343729,1.0,1.0,0.0,1.0,0.24355971896955503,0.24355971896955503,1.0,0.3492063492063492,0.3492063492063492,79.31506226348364,94.65217911751364,186.87660688894715,202.79028637472433,238.68839299058175,0.0,42.86317844162584,0.08001561280249805,1260,9
final_refine_2m,2.0,670.0,384.0,772.2408950580124,1.0,1.0,0.0,1.0,0.2374967473328129,0.2374967473328129,1.0,0.34206349206349207,0.34206349206349207,79.00174942917728,94.36976317730914,186.24533680526332,202.16205286277136,237.92726031752517,0.0,42.79450110196601,0.07876658860265418,1260,9
final_refine_2m,2.0,672.0,384.0,773.9767438366607,1.0,1.0,0.0,1.0,0.24800936768149884,0.24800936768149884,1.0,0.353968253968254,0.353968253968254,78.68955891470617,94.08845045793835,185.676412105394,201.53503494881508,237.1676260067829,0.0,42.726551951133864,0.07751756440281031,1260,9
final_refine_2m,2.0,674.0,384.0,775.7138647723141,1.0,1.0,0.0,1.0,0.2491543065313557,0.2491543065313557,1.0,0.353968253968254,0.353968253968254,78.37849178082611,93.8082487296028,185.12105190403966,200.90923218237612,236.4094892008889,0.0,42.659306163918,0.07564402810304449,1260,9
final_refine_2m,2.0,676.0,384.0,777.4522493375397,1.0,1.0,0.0,1.0,0.24972677595628415,0.24972677595628415,1.0,0.35079365079365077,0.35079365079365077,78.06854909958129,93.52916804524345,184.5667391052849,200.2846441187464,235.65284904845953,0.0,42.592739219461656,0.07439500390320063,1260,9
final_refine_2m,2.0,678.0,384.0,779.1918890748286,1.0,1.0,0.0,1.0,0.2491543065313557,0.2491543065313557,1.0,0.346031746031746,0.346031746031746,77.7597319542726,93.25120983365069,184.01347346523696,199.6612703190235,234.89770470422835,0.0,42.526826897546634,0.07455113192818111,1260,9
final_refine_2m,2.0,680.0,384.0,780.9327755959536,1.0,1.0,0.0,1.0,0.2505854800936768,0.2505854800936768,1.0,0.34523809523809523,0.34523809523809523,77.45204143942065,92.97435930458572,183.46125474543143,199.03911035014593,234.14405532906565,0.0,42.46154527495003,0.07767369242779079,1260,9
final_refine_2m,2.0,682.0,384.0,782.6749005813333,1.0,1.0,0.0,1.0,0.25230288836846215,0.25230288836846215,1.0,0.3468253968253968,0.3468253968253968,77.14547866073083,92.69893194772924,182.9100827128705,198.41816378493368,233.39190009002272,0.0,42.39687072187246,0.08157689305230288,1260,9
final_refine_2m,2.0,684.0,384.0,784.4182557794024,1.0,1.0,0.0,1.0,0.25487900078064013,0.25487900078064013,1.0,0.3492063492063492,0.3492063492063492,76.84004473504379,92.4261672768023,182.35995714006188,197.79843020212277,232.6412381603604,0.0,42.33228937896598,0.08404892011449389,1260,9
final_refine_2m,2.0,686.0,384.0,786.1628330059874,1.0,1.0,0.0,1.0,0.25573770491803277,0.25573770491803277,1.0,0.35,0.35,76.53574079029663,92.15451081903822,181.8059773295171,197.17990918639876,231.8920687195998,0.0,42.26711775486937,0.0858704137392662,1260,9
final_refine_2m,2.0,688.0,384.0,787.9086241436884,1.0,1.0,0.0,1.0,0.2544886807181889,0.2544886807181889,1.0,0.3468253968253968,0.3468253968253968,76.23256796546573,91.88396282768183,181.2104550918639,196.56260032845066,231.14439095353674,0.0,42.201354702616655,0.08691126723913609,1260,9
final_refine_2m,2.0,690.0,384.0,789.6556211412669,1.0,1.0,0.0,1.0,0.2526151444184231,0.2526151444184231,1.0,0.34206349206349207,0.34206349206349207,75.93052741052432,91.61452354812528,180.61617306682624,195.94650322498129,230.39820405429305,0.0,42.13499911695151,0.08561020036429873,1260,9
final_refine_2m,2.0,692.0,384.0,791.403816013039,1.0,1.0,0.0,1.0,0.2504293520686963,0.2504293520686963,1.0,0.33650793650793653,0.33650793650793653,75.62962028637588,91.34619321784908,180.0231309447105,195.3316174787756,229.65350722034776,0.0,42.068049934475304,0.08365860005204268,1260,9
final_refine_2m,2.0,694.0,384.0,793.1532008382744,1.0,1.0,0.0,1.0,0.23387978142076501,0.23387978142076501,1.0,0.31666666666666665,0.31666666666666665,75.32984776479881,91.07897206636514,179.4313284229201,194.71794269872092,228.9102996565746,0.0,42.00063996583172,0.0823575331772053,1260,9
final_refine_2m,2.0,696.0,384.0,794.9037677606013,1.0,1.0,0.0,1.0,0.24863387978142076,0.24863387978142076,1.0,0.3333333333333333,0.3333333333333333,75.00368199537675,90.81286031516133,178.8407652060071,194.10547849984326,228.16858057428195,0.0,41.93381590471116,0.08105646630236794,1260,9
final_refine_2m,2.0,698.0,384.0,796.6555089874167,1.0,1.0,0.0,1.0,0.24863387978142076,0.24863387978142076,1.0,0.3333333333333333,0.3333333333333333,74.67857099098713,90.5478581776482,178.251441005716,193.4942245033679,227.4283491912418,0.0,41.86774616581228,0.07975539942753057,1260,9
final_refine_2m,2.0,700.0,384.0,798.4084167893021,1.0,1.0,0.0,1.0,0.24863387978142076,0.24863387978142076,1.0,0.3333333333333333,0.3333333333333333,74.35480443550098,90.28396585910721,177.66335554103966,192.8741518127078,226.6896047317433,0.0,41.80240354999436,0.07780379911527452,1260,9
final_refine_2m,2.0,702.0,384.0,800.1624834994452,1.0,1.0,0.0,1.0,0.2469424928441322,0.2469424928441322,1.0,0.32936507936507936,0.32936507936507936,74.03238363904661,90.0211835566406,177.07650853826092,192.2120447526288,225.95234642661447,0.0,41.73776258930718,0.07650273224043716,1260,9
final_refine_2m,2.0,704.0,384.0,801.9177015130667,1.0,1.0,0.0,1.0,0.2449128285193859,0.2449128285193859,1.0,0.3246031746031746,0.3246031746031746,73.71130992386604,89.75951145912335,176.4908997310105,191.55137320872583,225.21657351327372,0.0,41.67379725392988,0.07892271662763466,1260,9
final_refine_2m,2.0,706.0,384.0,803.6740632868526,1.0,1.0,0.0,1.0,0.2434296122820713,0.2434296122820713,1.0,0.3198412698412698,0.3198412698412698,73.39158462418224,89.49894041588502,175.90652886030688,190.892136682981,224.48228523575807,0.0,41.61048209062686,0.0829560239396305,1260,9
final_refine_2m,2.0,708.0,384.0,805.431561338392,1.0,1.0,0.0,1.0,0.24418423106947698,0.24418423106947698,1.0,0.319047619047619,0.319047619047619,73.07320908605068,89.24077223015303,175.32339567461534,190.23433468542987,223.7494808447719,0.0,41.5476874558636,0.08618266978922717,1260,9
final_refine_2m,2.0,710.0,384.0,807.1901882456203,1.0,1.0,0.0,1.0,0.2468384074941452,0.2468384074941452,1.0,0.32142857142857145,0.32142857142857145,72.75618466720879,88.98435748922374,174.7414999299027,189.57796673420796,223.0181595977297,0.0,41.4844851558608,0.08805620608899298,1260,9
final_refine_2m,2.0,712.0,384.0,808.9499366462674,1.0,1.0,0.0,1.0,0.24860785844392402,0.24860785844392402,1.0,0.32301587301587303,0.32301587301587303,72.44051273692426,88.72905387751418,174.16084138967338,188.9230323556225,222.2883207587876,0.0,41.420678461805984,0.09073640385115794,1260,9
final_refine_2m,2.0,714.0,384.0,810.7107992373112,1.0,1.0,0.0,1.0,0.2512620348685922,0.2512620348685922,1.0,0.3253968253968254,0.3253968253968254,72.12619467582255,88.47485983141858,173.58141982503813,188.28103457133332,221.559963598883,0.0,41.35626628282629,0.08938329430132709,1260,9
final_refine_2m,2.0,716.0,384.0,812.4727687744371,1.0,1.0,0.0,1.0,0.25120999219359874,0.25120999219359874,1.0,0.32301587301587303,0.32301587301587303,71.81323187571877,88.22177906716198,173.00323501475606,187.70639178016222,220.83308739578476,0.0,41.29124757166625,0.08735362997658079,1260,9
final_refine_2m,2.0,718.0,384.0,814.2358380715012,1.0,1.0,0.0,1.0,0.2505594587561801,0.2505594587561801,1.0,0.319047619047619,0.319047619047619,71.5016257394406,87.96980830401547,172.4262867452932,187.13285448805678,220.107691434134,0.0,41.225621324831316,0.08600052042674994,1260,9
final_refine_2m,2.0,720.0,384.0,816.0,1.0,1.0,0.0,1.0,0.24249284413218838,0.24249284413218838,1.0,0.30793650793650795,0.30793650793650795,71.21530393892472,87.71894913275439,171.8505748108762,186.5604224452522,219.38377500548228,0.0,41.160043426774415,0.08464741087691907,1260,9
final_refine_2m,2.0,722.0,384.0,817.7652474885442,1.0,1.0,0.0,1.0,0.25191256830601094,0.25191256830601094,1.0,0.31666666666666665,0.31666666666666665,70.93453009918008,87.46920400499974,171.27609901353716,185.98909540797098,218.6613374083368,0.0,41.09526855262033,0.08329430132708822,1260,9
final_refine_2m,2.0,724.0,384.0,819.5315735223385,1.0,1.0,0.0,1.0,0.25191256830601094,0.25191256830601094,1.0,0.31666666666666665,0.31666666666666665,70.65489675801459,87.22056936329315,170.70285916317977,185.41887313845618,217.94037794819755,0.0,41.03126817165375,0.08194119177725735,1260,9
final_refine_2m,2.0,726.0,384.0,821.298971142665,1.0,1.0,0.0,1.0,0.25191256830601094,0.25191256830601094,1.0,0.31666666666666665,0.31666666666666665,70.37640524536288,86.97304744215307,170.13085507763387,184.84975540500204,217.22089593761348,0.0,40.96801417365609,0.07991152745251105,1260,9
final_refine_2m,2.0,728.0,384.0,823.0674334463732,1.0,1.0,0.0,1.0,0.25191256830601094,0.25191256830601094,1.0,0.31666666666666665,0.31666666666666665,70.09905690011266,86.72663984320407,169.56008658269647,184.2817419820057,216.5028906962107,0.0,40.905478861347916,0.08006765547749155,1260,9
final_refine_2m,2.0,730.0,384.0,824.8369535853737,1.0,1.0,0.0,1.0,0.24957064793130368,0.24957064793130368,1.0,0.3119047619047619,0.3119047619047619,69.82285306995965,86.48134386065084,168.99055351220326,183.68283982717452,215.78636155075043,0.0,40.843634943048336,0.0833983866770752,1260,9
final_refine_2m,2.0,630.0,386.0,738.8477515699699,1.0,1.0,0.0,1.0,0.24207650273224043,0.24207650273224043,1.0,0.38333333333333336,0.38333333333333336,85.72458963944646,99.91138805808666,197.60697910340323,213.97871635483648,252.0650235755028,0.0,44.03689592648737,0.0726775956284153,1260,9
final_refine_2m,2.0,632.0,386.0,740.5538467930606,1.0,1.0,0.0,1.0,0.24374186833203226,0.24374186833203226,1.0,0.38492063492063494,0.38492063492063494,85.36697033471609,99.6066844228807,197.00680913862232,213.331378319196,251.28092440143033,0.0,43.96929091957994,0.07632058287795992,1260,9
final_refine_2m,2.0,634.0,386.0,742.26140947782,1.0,1.0,0.0,1.0,0.2454072339318241,0.2454072339318241,1.0,0.3865079365079365,0.3865079365079365,85.00585886966049,99.30451769356722,196.40778093693916,212.68525698109192,250.49832831823625,0.0,43.901773067573394,0.07923497267759563,1260,9
final_refine_2m,2.0,636.0,386.0,743.9704295198835,1.0,1.0,0.0,1.0,0.24519906323185012,0.24519906323185012,1.0,0.38095238095238093,0.38095238095238093,84.64603263728006,99.00344748597902,195.8098940933345,212.04035180115392,249.71723438130536,0.0,43.83369703064125,0.08095238095238096,1260,9
final_refine_2m,2.0,638.0,386.0,745.6808968989349,1.0,1.0,0.0,1.0,0.24499089253187614,0.24499089253187614,1.0,0.3753968253968254,0.3753968253968254,84.2874925203333,98.70347048303374,195.2131482080578,211.3966622451242,248.93764165145413,0.0,43.76506162125579,0.08061410356492324,1260,9
final_refine_2m,2.0,640.0,386.0,747.3928016779396,1.0,1.0,0.0,1.0,0.24686442883164195,0.24686442883164195,1.0,0.3753968253968254,0.3753968253968254,83.93023941482511,98.40458578744926,194.61754288665304,210.75418778387757,248.1595491949887,0.0,43.695865689438854,0.07941712204007285,1260,9
final_refine_2m,2.0,642.0,386.0,749.1061340023855,1.0,1.0,0.0,1.0,0.24852979443143378,0.24852979443143378,1.0,0.376984126984127,0.376984126984127,83.57427423000382,98.10679498592668,194.023077740013,210.11292789346018,247.38295608371072,0.0,43.62610812290478,0.07822014051522248,1260,9
final_refine_2m,2.0,644.0,386.0,750.8208840995301,1.0,1.0,0.0,1.0,0.23682019255789746,0.23682019255789746,1.0,0.3626984126984127,0.3626984126984127,83.21959788836296,97.81010092489424,193.42975238438396,209.47288205512672,246.60786139495463,0.0,43.555919964749016,0.07642466822794691,1260,9
final_refine_2m,2.0,646.0,386.0,752.5370422776542,1.0,1.0,0.0,1.0,0.25214676034348166,0.25214676034348166,1.0,0.38095238095238093,0.38095238095238093,82.86621132564011,97.51450499828724,192.8375664414214,208.8340497553485,245.83426421161005,0.0,43.486269946408214,0.07522768670309654,1260,9
final_refine_2m,2.0,648.0,386.0,754.2545989253231,1.0,1.0,0.0,1.0,0.2539422326307572,0.2539422326307572,1.0,0.38095238095238093,0.38095238095238093,82.51411549080319,97.22000661045074,192.2465195382023,208.19643048586724,245.0621636221613,0.0,43.41729231074922,0.07403070517824616,1260,9
final_refine_2m,2.0,650.0,386.0,755.9735445106528,1.0,1.0,0.0,1.0,0.25206869633099144,0.25206869633099144,1.0,0.3746031746031746,0.3746031746031746,82.16331134604448,96.92659147765661,191.65661130729,207.5600237437103,244.2915587206994,0.0,43.34896105763356,0.07283372365339578,1260,9
final_refine_2m,2.0,652.0,386.0,757.6938695805846,1.0,1.0,0.0,1.0,0.2499609679937549,0.2499609679937549,1.0,0.3674603174603175,0.3674603174603175,81.8137998667682,96.6342613320868,191.06170572367873,206.92482903123684,243.52244860697482,0.0,43.28125979761171,0.07103825136612021,1260,9
final_refine_2m,2.0,654.0,386.0,759.4155647601648,1.0,1.0,0.0,1.0,0.24972677595628415,0.24972677595628415,1.0,0.36666666666666664,0.36666666666666664,81.4655820415681,96.34302607515113,190.4239454103967,206.29084585615647,242.75483238640717,0.0,43.21416386646604,0.07405672651574291,1260,9
final_refine_2m,2.0,656.0,386.0,761.1386207518312,1.0,1.0,0.0,1.0,0.24972677595628415,0.24972677595628415,1.0,0.36666666666666664,0.36666666666666664,81.11865887221552,96.05289016757457,189.78753021248482,205.6580737315694,241.9887091701201,0.0,43.14765131573788,0.07782982045277127,1260,9
final_refine_2m,2.0,658.0,386.0,762.863028334707,1.0,1.0,0.0,1.0,0.24972677595628415,0.24972677595628415,1.0,0.36666666666666664,0.36666666666666664,80.77303137362941,95.76500958086521,189.1524596506541,205.0265121760011,241.224078074978,0.0,43.081609301715524,0.08084829560239397,1260,9
final_refine_2m,2.0,660.0,386.0,764.5887783638993,1.0,1.0,0.0,1.0,0.24972677595628415,0.24972677595628415,1.0,0.36666666666666664,0.36666666666666664,80.42870057385319,95.47884870300199,188.51873325266737,204.39616071342022,240.4609382236098,0.0,43.01518690104921,0.08324225865209471,1260,9
final_refine_2m,2.0,662.0,386.0,766.3158617698057,1.0,1.0,0.0,1.0,0.2484257090814468,0.2484257090814468,1.0,0.3626984126984127,0.3626984126984127,80.0856675140214,95.19378779670782,187.88635055336846,203.76701887329557,239.69928874444616,0.0,42.94819156505827,0.0843871975019516,1260,9
final_refine_2m,2.0,664.0,386.0,768.044269557426,1.0,1.0,0.0,1.0,0.246344002081707,0.246344002081707,1.0,0.35634920634920636,0.35634920634920636,79.75285506120407,94.90982641749711,187.2553110947533,203.1390861906034,238.9391287717401,0.0,42.880622150674654,0.08313817330210772,1260,9
final_refine_2m,2.0,666.0,386.0,769.7739928056806,1.0,1.0,0.0,1.0,0.2442622950819672,0.2442622950819672,1.0,0.35,0.35,79.43918272277574,94.62697114617428,186.62561442599917,202.5123622058845,238.18045744561428,0.0,42.8124775542206,0.08188914910226386,1260,9
final_refine_2m,2.0,668.0,386.0,771.5050226667355,1.0,1.0,0.0,1.0,0.24285714285714285,0.24285714285714285,1.0,0.3484126984126984,0.3484126984126984,79.12662429639914,94.34521666240515,186.0569905469943,201.88684646526485,237.42327391208036,0.0,42.74375671154716,0.08064012490241998,1260,9
final_refine_2m,2.0,670.0,386.0,773.2373503653325,1.0,1.0,0.0,1.0,0.23682019255789746,0.23682019255789746,1.0,0.3412698412698413,0.3412698412698413,78.8151808094634,94.06456535232365,185.50268351206142,201.26253852049183,236.66757732307835,0.0,42.675089751180685,0.07876658860265418,1260,9
final_refine_2m,2.0,672.0,386.0,774.9709671981267,1.0,1.0,0.0,1.0,0.24800936768149884,0.24800936768149884,1.0,0.353968253968254,0.353968253968254,78.50485330041842,93.78501199775475,184.9494182332137,200.6394379289705,235.91336683650033,0.0,42.60714120043508,0.07751756440281031,1260,9
final_refine_2m,2.0,674.0,386.0,776.7058645330291,1.0,1.0,0.0,1.0,0.24972677595628415,0.24972677595628415,1.0,0.35555555555555557,0.35555555555555557,78.19564281873971,93.50655850712829,184.39719446555526,200.01754425379858,235.16064161623484,0.0,42.53988655874697,0.07626854020296643,1260,9
final_refine_2m,2.0,676.0,386.0,778.4420338085554,1.0,1.0,0.0,1.0,0.2502992453812126,0.2502992453812126,1.0,0.3523809523809524,0.3523809523809524,77.88755042489748,93.22921166385399,183.84601196951203,199.39685706380922,234.4094008321991,0.0,42.47330162350107,0.07501951600312257,1260,9
final_refine_2m,2.0,678.0,386.0,780.1794665331818,1.0,1.0,0.0,1.0,0.25001301066874837,0.25001301066874837,1.0,0.3484126984126984,0.3484126984126984,77.58057719032357,92.95298329920463,183.29587051088606,198.7773759335842,233.65964366035783,0.0,42.40736248643201,0.07533177205308353,1260,9
final_refine_2m,2.0,680.0,386.0,781.9181542847052,1.0,1.0,0.0,1.0,0.2505854800936768,0.2505854800936768,1.0,0.34523809523809523,0.34523809523809523,77.274724197367,92.67786073992583,182.7467698608615,198.15910044352125,232.911369282776,0.0,42.342045530096414,0.07845433255269321,1260,9
final_refine_2m,2.0,682.0,386.0,783.6580887096106,1.0,1.0,0.0,1.0,0.25230288836846215,0.25230288836846215,1.0,0.3468253968253968,0.3468253968253968,76.96999253925527,92.40412089919154,182.1961938687305,197.5420301798499,232.16457688765018,0.0,42.27732742441422,0.0823575331772053,1260,9
final_refine_2m,2.0,684.0,386.0,785.3992615224438,1.0,1.0,0.0,1.0,0.25487900078064013,0.25487900078064013,1.0,0.3492063492063492,0.3492063492063492,76.66638332005344,92.1330668336782,181.6019970039571,196.92616473466308,231.41926566932827,0.0,42.21272233019423,0.08548009367681499,1260,9
final_refine_2m,2.0,686.0,386.0,787.1416645051893,1.0,1.0,0.0,1.0,0.25573770491803277,0.25573770491803277,1.0,0.35,0.35,76.36389765460515,91.8631135578654,181.00903261818564,196.3115037059824,230.67543482835993,0.0,42.14753108072153,0.0873015873015873,1260,9
final_refine_2m,2.0,688.0,386.0,788.8852895066557,1.0,1.0,0.0,1.0,0.25542544886807184,0.25542544886807184,1.0,0.3492063492063492,0.3492063492063492,76.06253666848903,91.59426132294873,180.41730040075493,195.6980466977576,229.93308357152995,0.0,42.081752542742166,0.08691126723913609,1260,9
final_refine_2m,2.0,690.0,386.0,790.630128441865,1.0,1.0,0.0,1.0,0.25323965651834507,0.25323965651834507,1.0,0.34365079365079365,0.34365079365079365,75.76230149796235,91.3265103723627,179.82680004796566,195.0857933199406,229.19221111189117,0.0,42.01538562410441,0.08561020036429873,1260,9
final_refine_2m,2.0,692.0,386.0,792.3761732914487,1.0,1.0,0.0,1.0,0.25105386416861825,0.25105386416861825,1.0,0.3380952380952381,0.3380952380952381,75.46319328989564,91.05986094172219,179.23753126310606,194.47474318850178,228.4528166687954,0.0,41.94842927390497,0.08430913348946135,1260,9
final_refine_2m,2.0,694.0,386.0,794.1234161010491,1.0,1.0,0.0,1.0,0.23387978142076501,0.23387978142076501,1.0,0.31666666666666665,0.31666666666666665,75.13862454039952,90.79431325876594,178.64949375651133,193.86489592546747,227.71489946795094,0.0,41.88102339440466,0.0823575331772053,1260,9
final_refine_2m,2.0,696.0,386.0,795.8718489807263,1.0,1.0,0.0,1.0,0.24863387978142076,0.24863387978142076,1.0,0.3333333333333333,0.3333333333333333,74.81435534056064,90.52986754330195,178.06268724560945,193.24527826578023,226.97845874142558,0.0,41.814212984515144,0.08105646630236794,1260,9
final_refine_2m,2.0,698.0,386.0,797.6214641043707,1.0,1.0,0.0,1.0,0.24863387978142076,0.24863387978142076,1.0,0.3333333333333333,0.3333333333333333,74.49142038897969,90.26652400715389,177.47711145496555,192.5849572585038,226.24349372772105,0.0,41.748147423693595,0.07975539942753057,1260,9
final_refine_2m,2.0,700.0,386.0,799.3722537091214,1.0,1.0,0.0,1.0,0.24863387978142076,0.24863387978142076,1.0,0.3333333333333333,0.3333333333333333,74.16982096537778,90.0042828541101,176.89276611632974,191.92606181199025,225.51000367178523,0.0,41.68279561309973,0.07845433255269321,1260,9
final_refine_2m,2.0,702.0,386.0,801.1242100947892,1.0,1.0,0.0,1.0,0.24761904761904763,0.24761904761904763,1.0,0.33095238095238094,0.33095238095238094,73.84955836128503,89.74314427987379,176.30965096869096,191.2685914301509,224.7779878250559,0.0,41.61813841048748,0.07715326567785584,1260,9
final_refine_2m,2.0,704.0,386.0,802.877325623286,1.0,1.0,0.0,1.0,0.24558938329430133,0.24558938329430133,1.0,0.3261904761904762,0.3261904761904762,73.53063387989988,89.48310847201503,175.72776575832813,190.61254562476637,224.0474454455077,0.0,41.55414783239289,0.07972937809003383,1260,9
final_refine_2m,2.0,706.0,386.0,804.6315927180588,1.0,1.0,0.0,1.0,0.24410616705698673,0.24410616705698673,1.0,0.32142857142857145,0.32142857142857145,73.2130488359532,89.22417406255092,175.1471102388497,189.95792391555327,223.31837579768637,0.0,41.49079875036671,0.0829560239396305,1260,9
final_refine_2m,2.0,708.0,386.0,806.3870038635296,1.0,1.0,0.0,1.0,0.24418423106947698,0.24418423106947698,1.0,0.319047619047619,0.319047619047619,72.89680455555988,88.96760218189094,174.56768417125093,189.30472583020634,222.59077815274333,0.0,41.42797038557651,0.08698933125162633,1260,9
final_refine_2m,2.0,710.0,386.0,808.1435516045401,1.0,1.0,0.0,1.0,0.2468384074941452,0.2468384074941452,1.0,0.32142857142857145,0.32142857142857145,72.58190237606635,88.7128012727741,173.98948732396363,188.66283144803265,221.86465178848545,0.0,41.364751577375245,0.08953942232630757,1260,9
final_refine_2m,2.0,712.0,386.0,809.9012285458024,1.0,1.0,0.0,1.0,0.24860785844392402,0.24860785844392402,1.0,0.32301587301587303,0.32301587301587303,72.26834364588524,88.45910084048403,173.41251947290817,188.0893569192269,221.1399959894014,0.0,41.30093267012294,0.09073640385115794,1260,9
final_refine_2m,2.0,714.0,386.0,811.6600273513535,1.0,1.0,0.0,1.0,0.2512620348685922,0.2512620348685922,1.0,0.3253968253968254,0.3253968253968254,71.95612972433474,88.20650374696513,172.8367804015407,187.5169816422725,220.4168100467168,0.0,41.23651258632917,0.08938329430132709,1260,9
final_refine_2m,2.0,716.0,386.0,813.4199407440169,1.0,1.0,0.0,1.0,0.2515742909185532,0.2515742909185532,1.0,0.3238095238095238,0.3238095238095238,71.64526198145829,87.95501278640589,172.2622699009153,186.9457053662733,219.6950932584354,0.0,41.17149029148854,0.08803018475149622,1260,9
final_refine_2m,2.0,718.0,386.0,815.1809615048674,1.0,1.0,0.0,1.0,0.25053343741868334,0.25053343741868334,1.0,0.3198412698412698,0.3198412698412698,71.35687792789912,87.70462366819291,171.68898776972043,186.3755278461888,218.9748449293599,0.0,41.105864794222406,0.08667707520166537,1260,9
final_refine_2m,2.0,720.0,386.0,816.943082472702,1.0,1.0,0.0,1.0,0.24176424668227947,0.24176424668227947,1.0,0.30793650793650795,0.30793650793650795,71.07663986881163,87.4553398216912,171.11693381434387,185.80644884287742,218.25606437116247,0.0,41.040310237204814,0.08464741087691907,1260,9
final_refine_2m,2.0,722.0,386.0,818.7062965435163,1.0,1.0,0.0,1.0,0.25191256830601094,0.25191256830601094,1.0,0.31666666666666665,0.31666666666666665,70.79753440302325,87.20716106361223,170.54610784892753,185.23846812313698,217.53875090240734,0.0,40.97554816095222,0.08329430132708822,1260,9
final_refine_2m,2.0,724.0,386.0,820.4705966699843,1.0,1.0,0.0,1.0,0.25191256830601094,0.25191256830601094,1.0,0.31666666666666665,0.31666666666666665,70.51956283189868,86.96008604377985,169.9765096954115,184.6715854597442,216.82290384860076,0.0,40.91155040962461,0.08194119177725735,1260,9
final_refine_2m,2.0,726.0,386.0,822.2359758609447,1.0,1.0,0.0,1.0,0.25191256830601094,0.25191256830601094,1.0,0.31666666666666665,0.31666666666666665,70.24272646554226,86.7141176281636,169.40813918359268,184.07690483909565,216.10852254223067,0.0,40.84828923923476,0.08058808222742649,1260,9
final_refine_2m,2.0,728.0,386.0,824.0024271808912,1.0,1.0,0.0,1.0,0.25191256830601094,0.25191256830601094,1.0,0.31666666666666665,0.31666666666666665,69.96702662265466,86.46925346299786,168.84099615118325,183.46262747452127,215.3956063228235,0.0,40.78573731030578,0.08090033827738746,1260,9
final_refine_2m,2.0,730.0,386.0,825.7699437494683,1.0,1.0,0.0,1.0,0.2503512880562061,0.2503512880562061,1.0,0.3134920634920635,0.3134920634920635,69.69246463038938,86.22549471376738,168.27508044386292,182.8496543544778,214.68415453697241,0.0,40.72386768073875,0.08423106947697112,1260,9
final_refine_2m,2.0,630.0,388.0,739.894587086566,1.0,1.0,0.0,1.0,0.24207650273224043,0.24207650273224043,1.0,0.38333333333333336,0.38333333333333336,85.47277768482331,99.57409584674927,196.76679136381455,213.0111207958979,250.7127932579986,0.0,43.918478944883944,0.07340619307832423,1260,9
final_refine_2m,2.0,632.0,388.0,741.598274000149,1.0,1.0,0.0,1.0,0.24374186833203226,0.24374186833203226,1.0,0.38492063492063494,0.38492063492063494,85.11276750470127,99.27125026029682,196.17021542441782,212.36781877761763,249.9342897822313,0.0,43.850824041509426,0.07632058287795992,1260,9
final_refine_2m,2.0,634.0,388.0,743.3034373659252,1.0,1.0,0.0,1.0,0.2454072339318241,0.2454072339318241,1.0,0.3865079365079365,0.3865079365079365,84.7540334411435,98.9709616531082,195.57477388292588,211.72572506945343,249.1572769329413,0.0,43.78327446337903,0.07923497267759563,1260,9
final_refine_2m,2.0,636.0,388.0,745.0100670460769,1.0,1.0,0.0,1.0,0.24582357533177204,0.24582357533177204,1.0,0.38333333333333336,0.38333333333333336,84.39657635714644,98.67176291659348,194.98046634629628,211.0848391460546,248.38175378728755,0.0,43.71517046371666,0.08095238095238096,1260,9
final_refine_2m,2.0,638.0,388.0,746.7181529867879,1.0,1.0,0.0,1.0,0.24561540463179807,0.24561540463179807,1.0,0.37777777777777777,0.37777777777777777,84.04039712863872,98.37365186895988,194.3872924267276,210.4451604871465,247.60771942783344,0.0,43.64651086852131,0.08121259432734843,1260,9
final_refine_2m,2.0,640.0,388.0,748.4276852174831,1.0,1.0,0.0,1.0,0.24686442883164195,0.24686442883164195,1.0,0.3753968253968254,0.3753968253968254,83.68549664447941,98.0766259769084,193.79525174168194,209.8066885775438,246.8351729425583,0.0,43.577294540792934,0.07941712204007285,1260,9
final_refine_2m,2.0,642.0,388.0,750.1386538500732,1.0,1.0,0.0,1.0,0.24852979443143378,0.24852979443143378,1.0,0.376984126984127,0.376984126984127,83.33187580645775,97.78068565818214,193.20434391391416,209.16942290720465,246.06411342490944,0.0,43.50752038067345,0.07822014051522248,1260,9
final_refine_2m,2.0,644.0,388.0,751.8510490782068,1.0,1.0,0.0,1.0,0.23682019255789746,0.23682019255789746,1.0,0.3626984126984127,0.3626984126984127,82.9795355292855,97.48583363717395,192.61456857150418,208.53336297124466,245.29453997380327,0.0,43.43732900125276,0.07702315899037211,1260,9
final_refine_2m,2.0,646.0,388.0,753.5648611765281,1.0,1.0,0.0,1.0,0.25214676034348166,0.25214676034348166,1.0,0.38095238095238093,0.38095238095238093,82.62847674059473,97.1920718103969,192.0259253479041,207.8985082699654,244.5264516936769,0.0,43.36768182649361,0.07582617746552173,1260,9
final_refine_2m,2.0,648.0,388.0,755.2800804999428,1.0,1.0,0.0,1.0,0.2546448087431694,0.2546448087431694,1.0,0.38333333333333336,0.38333333333333336,82.27870038092273,96.89940071534399,191.43092236863666,207.26485830890465,243.75984769449678,0.0,43.298694525961125,0.07403070517824616,1260,9
final_refine_2m,2.0,650.0,388.0,756.9966974828886,1.0,1.0,0.0,1.0,0.2527712724434036,0.2527712724434036,1.0,0.376984126984127,0.376984126984127,81.9302074036961,96.60781500440586,190.79477175606323,206.6324125988389,242.9947270918016,0.0,43.230344780052036,0.07283372365339578,1260,9
final_refine_2m,2.0,652.0,388.0,758.7147026386137,1.0,1.0,0.0,1.0,0.25066354410616704,0.25066354410616704,1.0,0.36984126984126986,0.36984126984126986,81.58299877521934,96.31730187450866,190.15995739039812,206.00117065584564,242.23108900673492,0.0,43.16261853030925,0.07239136091595108,1260,9
final_refine_2m,2.0,654.0,388.0,760.4340865584604,1.0,1.0,0.0,1.0,0.24972677595628415,0.24972677595628415,1.0,0.36666666666666664,0.36666666666666664,81.23707547465094,96.02787355406082,189.52647879430276,205.37113200130568,241.46893256605927,0.0,43.09548929817218,0.07481134530314858,1260,9
final_refine_2m,2.0,656.0,388.0,762.1548399111562,1.0,1.0,0.0,1.0,0.24972677595628415,0.24972677595628415,1.0,0.36666666666666664,0.36666666666666664,80.89243849398022,95.73953440318147,188.89433549733047,204.74229616195646,240.70825690219408,0.0,43.028935413767144,0.07782982045277127,1260,9
final_refine_2m,2.0,658.0,388.0,763.8769534421103,1.0,1.0,0.0,1.0,0.24972677595628415,0.24972677595628415,1.0,0.36666666666666664,0.36666666666666664,80.54908883800242,95.45341357564128,188.26352703598528,204.1146626699206,239.9490611532469,0.0,42.96285219309678,0.08084829560239397,1260,9
final_refine_2m,2.0,660.0,388.0,765.6004179727177,1.0,1.0,0.0,1.0,0.24972677595628415,0.24972677595628415,1.0,0.36666666666666664,0.36666666666666664,80.20702752428441,95.16903296179048,187.63405295376015,203.48823106272843,239.1913444630489,0.0,42.89640443542486,0.08399687743950039,1260,9
final_refine_2m,2.0,662.0,388.0,767.3252243996675,1.0,1.0,0.0,1.0,0.24894613583138173,0.24894613583138173,1.0,0.36428571428571427,0.36428571428571427,79.87634222276247,94.8857458119028,187.00591280117646,202.86300088335705,238.4351059811766,0.0,42.82938767354216,0.08501170960187354,1260,9
final_refine_2m,2.0,664.0,388.0,769.0513636942594,1.0,1.0,0.0,1.0,0.24686442883164195,0.24686442883164195,1.0,0.35793650793650794,0.35793650793650794,79.56342389239435,94.60354908342823,186.4375899200738,202.2389716802681,237.68034486297947,0.0,42.761800777644275,0.08376268540202966,1260,9
final_refine_2m,2.0,666.0,388.0,770.7788269017254,1.0,1.0,0.0,1.0,0.24478272183190217,0.24478272183190217,1.0,0.3515873015873016,0.3515873015873016,79.25161220623995,94.32244913998002,185.88432580045222,201.61614300743847,236.92706026962384,0.0,42.693642656744416,0.08188914910226386,1260,9
final_refine_2m,2.0,668.0,388.0,772.5076051405579,1.0,1.0,0.0,1.0,0.24215456674473068,0.24215456674473068,1.0,0.3476190476190476,0.3476190476190476,78.94090817015024,94.04244530554703,185.33209785056755,200.99451442438476,236.1752513681299,0.0,42.62491225881011,0.08064012490241998,1260,9
final_refine_2m,2.0,670.0,388.0,774.2376896018432,1.0,1.0,0.0,1.0,0.23546708300806662,0.23546708300806662,1.0,0.3396825396825397,0.3396825396825397,78.63131280077766,93.76353631244932,184.7809058245917,200.37408549621523,235.42491733137027,0.0,42.55625648297594,0.07939110070257611,1260,9
final_refine_2m,2.0,672.0,388.0,775.9690715486024,1.0,1.0,0.0,1.0,0.24800936768149884,0.24800936768149884,1.0,0.353968253968254,0.353968253968254,78.32282712554654,93.48572151741968,184.23074948192203,199.75485579365008,234.67605733814898,0.0,42.48830944499921,0.07751756440281031,1260,9
final_refine_2m,2.0,674.0,388.0,777.7017423151372,1.0,1.0,0.0,1.0,0.24972677595628415,0.24972677595628415,1.0,0.35555555555555557,0.35555555555555557,78.01545218262531,93.20899615532157,183.68162858720336,199.13682489306012,233.92867057319629,0.0,42.421046963603224,0.07626854020296643,1260,9
final_refine_2m,2.0,676.0,388.0,779.4356933063817,1.0,1.0,0.0,1.0,0.250871714806141,0.250871714806141,1.0,0.353968253968254,0.353968253968254,77.70918902088353,92.93336654471798,183.1335429103871,198.51999237650475,233.18275622722345,0.0,42.3544451492028,0.07501951600312257,1260,9
final_refine_2m,2.0,678.0,388.0,781.1709159972611,1.0,1.0,0.0,1.0,0.2505854800936768,0.2505854800936768,1.0,0.35,0.35,77.40403869985687,92.658842738024,182.58632922735708,197.90435783176505,232.43831349694727,0.0,42.28848040042026,0.07611241217798595,1260,9
final_refine_2m,2.0,680.0,388.0,782.9074019320548,1.0,1.0,0.0,1.0,0.25115794951860526,0.25115794951860526,1.0,0.3468253968253968,0.3468253968253968,77.10000228970839,92.38542754546152,181.99344406557384,197.28992085238124,231.69534158512775,0.0,42.22312940066953,0.07923497267759563,1260,9
final_refine_2m,2.0,682.0,388.0,784.6451427237665,1.0,1.0,0.0,1.0,0.25230288836846215,0.25230288836846215,1.0,0.3468253968253968,0.3468253968253968,76.7970808711806,92.11335479795389,181.40178374303085,196.67668103768656,230.95383970059441,0.0,42.15836911480677,0.0823575331772053,1260,9
final_refine_2m,2.0,684.0,388.0,786.3841300535,1.0,1.0,0.0,1.0,0.25487900078064013,0.25487900078064013,1.0,0.3492063492063492,0.3492063492063492,76.4952755355464,91.8439909189009,180.81134794819923,196.06463799284077,230.2138070583024,0.0,42.09374144349948,0.0862607338017174,1260,9
final_refine_2m,2.0,686.0,388.0,788.1243556698397,1.0,1.0,0.0,1.0,0.25573770491803277,0.25573770491803277,1.0,0.35,0.35,76.19458738456086,91.57572049783661,180.2221363763569,195.45379132887732,229.47524287933373,0.0,42.028531701931094,0.08808222742648972,1260,9
final_refine_2m,2.0,688.0,388.0,789.8658113882383,1.0,1.0,0.0,1.0,0.25573770491803277,0.25573770491803277,1.0,0.35,0.35,75.89501753040595,91.3085437838714,179.634148729622,194.8441406627361,228.73814639097267,0.0,41.96273877040113,0.08756180067655478,1260,9
final_refine_2m,2.0,690.0,388.0,791.6084890904089,1.0,1.0,0.0,1.0,0.253864168618267,0.253864168618267,1.0,0.34523809523809523,0.34523809523809523,75.5965670956299,91.0424610184444,179.04738471702052,194.235685617289,228.00251682669798,0.0,41.89636156971636,0.08561020036429873,1260,9
final_refine_2m,2.0,692.0,388.0,793.3523807237235,1.0,1.0,0.0,1.0,0.2516783762685402,0.2516783762685402,1.0,0.3396825396825397,0.3396825396825397,75.27357583281727,90.77747243526589,178.46184405450688,193.61652246634821,227.26835342626038,0.0,41.829399061335025,0.08430913348946135,1260,9
final_refine_2m,2.0,694.0,388.0,795.0974783006169,1.0,1.0,0.0,1.0,0.234192037470726,0.234192037470726,1.0,0.31746031746031744,0.31746031746031744,74.95013962220071,90.51357826026091,177.87752646504006,192.9579678202089,226.53565543569277,0.0,41.76200011715648,0.083008066614624,1260,9
final_refine_2m,2.0,696.0,388.0,796.8437738979957,1.0,1.0,0.0,1.0,0.24863387978142076,0.24863387978142076,1.0,0.3333333333333333,0.3333333333333333,74.62802760229293,90.25077871151527,177.2944316785983,192.30082891092917,225.80442210735401,0.0,41.695205927660055,0.08170699973978662,1260,9
final_refine_2m,2.0,698.0,388.0,798.5912596566532,1.0,1.0,0.0,1.0,0.24863387978142076,0.24863387978142076,1.0,0.3333333333333333,0.3333333333333333,74.3072410231807,89.9890739992223,176.71255943225248,191.64510524435397,225.07465269996703,0.0,41.6291417159854,0.07975539942753057,1260,9
final_refine_2m,2.0,700.0,388.0,800.3399277806899,1.0,1.0,0.0,1.0,0.24863387978142076,0.24863387978142076,1.0,0.3333333333333333,0.3333333333333333,73.98778114645627,89.72846432563209,176.13190947020763,190.990796334049,224.3463464786595,0.0,41.56378175142786,0.07845433255269321,1260,9
final_refine_2m,2.0,702.0,388.0,802.0897705369393,1.0,1.0,0.0,1.0,0.24829560239396306,0.24829560239396306,1.0,0.3325396825396825,0.3325396825396825,73.66964924508521,89.46894988500208,175.5524815438392,190.33790170134012,223.6195027149942,0.0,41.49910942197872,0.07715326567785584,1260,9
final_refine_2m,2.0,704.0,388.0,803.8407802543984,1.0,1.0,0.0,1.0,0.24626593806921676,0.24626593806921676,1.0,0.3277777777777778,0.3277777777777778,73.35284660327082,89.21053086354948,174.9742754117543,189.686420875361,222.89412068701762,0.0,41.43509480893796,0.08053603955243299,1260,9
final_refine_2m,2.0,706.0,388.0,805.5929493236644,1.0,1.0,0.0,1.0,0.24478272183190217,0.24478272183190217,1.0,0.32301587301587303,0.32301587301587303,73.03737451631015,88.95320743940519,174.39729083984483,189.0446339186441,222.17019967928812,0.0,41.371713103426785,0.08376268540202966,1260,9
final_refine_2m,2.0,708.0,388.0,807.3462701963762,1.0,1.0,0.0,1.0,0.24452250845693468,0.24452250845693468,1.0,0.3198412698412698,0.3198412698412698,72.72323429044424,88.69821250312049,173.8215276013172,188.47231607322567,221.4477389829207,0.0,41.30885230113034,0.0877959927140255,1260,9
final_refine_2m,2.0,710.0,388.0,809.1007353846614,1.0,1.0,0.0,1.0,0.2459536820192558,0.2459536820192558,1.0,0.32063492063492066,0.32063492063492066,72.41042724269964,88.44501132694144,173.24698547676482,187.90109130189055,220.7267378956349,0.0,41.2456181050795,0.09034608378870675,1260,9
final_refine_2m,2.0,712.0,388.0,810.8563374605886,1.0,1.0,0.0,1.0,0.24860785844392402,0.24860785844392402,1.0,0.32301587301587303,0.32301587301587303,72.09895470072689,88.19289571671875,172.67366425420403,187.33095935266883,220.00719572177232,0.0,41.181788062145905,0.09141295862607338,1260,9
final_refine_2m,2.0,714.0,388.0,812.6130690556238,1.0,1.0,0.0,1.0,0.2512620348685922,0.2512620348685922,1.0,0.3253968253968254,0.3253968253968254,71.78881800262765,87.94187775854436,172.1015637291309,186.7619199793342,219.28911177236117,0.0,41.117361108067065,0.08938329430132709,1260,9
final_refine_2m,2.0,716.0,388.0,814.3709228600933,1.0,1.0,0.0,1.0,0.25230288836846215,0.25230288836846215,1.0,0.3253968253968254,0.3253968253968254,71.49840236756424,87.69195605736897,171.53068370457376,186.19397294145006,218.57248536514373,0.0,41.05233622094597,0.08803018475149622,1260,9
final_refine_2m,2.0,718.0,388.0,816.1298916226509,1.0,1.0,0.0,1.0,0.2505074160811866,0.2505074160811866,1.0,0.32063492063492066,0.32063492063492066,71.21869519711967,87.44313006089833,170.96102399113983,185.6271180043898,217.85731582462486,0.0,40.98671242139096,0.08667707520166537,1260,9
final_refine_2m,2.0,720.0,388.0,817.8899681497505,1.0,1.0,0.0,1.0,0.24087952120739006,0.24087952120739006,1.0,0.30793650793650795,0.30793650793650795,70.94011281906326,87.19540330257436,170.39258440707337,185.06135493939624,217.14360248210824,0.0,40.921181916412884,0.0853239656518345,1260,9
final_refine_2m,2.0,722.0,388.0,819.6511453051231,1.0,1.0,0.0,1.0,0.25191256830601094,0.25191256830601094,1.0,0.31666666666666665,0.31666666666666665,70.66265650687019,86.948771682564,169.82536477829848,184.4708425606181,216.43134467573213,0.0,40.85643346491717,0.08397085610200364,1260,9
final_refine_2m,2.0,724.0,388.0,821.413416009259,1.0,1.0,0.0,1.0,0.25191256830601094,0.25191256830601094,1.0,0.31666666666666665,0.31666666666666665,70.38632754254944,86.7032376878113,169.25936493849082,183.85800526358426,215.72054175053546,0.0,40.79243927971844,0.08194119177725735,1260,9
final_refine_2m,2.0,726.0,388.0,823.1767732388955,1.0,1.0,0.0,1.0,0.25191256830601094,0.25191256830601094,1.0,0.31666666666666665,0.31666666666666665,70.11112721650363,86.45880328154132,168.69458472910839,183.2464637533684,215.01119305847513,0.0,40.72917197704112,0.08058808222742649,1260,9
final_refine_2m,2.0,728.0,388.0,824.9412100265085,1.0,1.0,0.0,1.0,0.25191256830601094,0.25191256830601094,1.0,0.31666666666666665,0.31666666666666665,69.83705682738457,86.21546512412395,168.13102399946646,182.63621771729436,214.30329795847953,0.0,40.66660456938562,0.08090033827738746,1260,9
final_refine_2m,2.0,730.0,388.0,826.7067194598094,1.0,1.0,0.0,1.0,0.2507416081186573,0.2507416081186573,1.0,0.3142857142857143,0.3142857142857143,69.56411768194305,85.97322550307325,167.56868260677422,182.02726685028557,213.59685581650285,0.0,40.604710458598106,0.08506375227686704,1260,9
final_refine_2m,2.0,630.0,390.0,740.9453421137082,1.0,1.0,0.0,1.0,0.24207650273224043,0.24207650273224043,1.0,0.38333333333333336,0.38333333333333336,85.21998988900059,99.24133379421805,195.93661031629753,212.05533702338047,249.3787444556521,0.0,43.80061378825891,0.07413479052823316,1260,9
final_refine_2m,2.0,632.0,390.0,742.6466185205451,1.0,1.0,0.0,1.0,0.24374186833203226,0.24374186833203226,1.0,0.38492063492063494,0.38492063492063494,84.86233583739886,98.94032391828718,195.34358745791172,211.41602305968377,248.60576079849676,0.0,43.73291038023568,0.07704918032786885,1260,9
final_refine_2m,2.0,634.0,390.0,744.3493803315752,1.0,1.0,0.0,1.0,0.2454072339318241,0.2454072339318241,1.0,0.3865079365079365,0.3865079365079365,84.50594974855463,98.64189109944407,194.75169173244194,210.77790913899975,247.83425550900873,0.0,43.66533028685841,0.07996357012750456,1260,9
final_refine_2m,2.0,636.0,390.0,746.053617376124,1.0,1.0,0.0,1.0,0.246448087431694,0.246448087431694,1.0,0.38571428571428573,0.38571428571428573,84.1508324787857,98.3445409327706,194.1609227585723,210.14099474969464,247.06422768563053,0.0,43.59719949849219,0.08168097840228988,1260,9
final_refine_2m,2.0,638.0,390.0,747.7593195674662,1.0,1.0,0.0,1.0,0.24623991673172002,0.24623991673172002,1.0,0.38015873015873014,0.38015873015873014,83.79698489704276,98.04827300157477,193.57128016019226,209.50527938516169,246.29567643214918,0.0,43.52851685451053,0.08121259432734843,1260,9
final_refine_2m,2.0,640.0,390.0,749.4664769020693,1.0,1.0,0.0,1.0,0.24686442883164195,0.24686442883164195,1.0,0.3753968253968254,0.3753968253968254,83.44440788489358,97.75308391327988,192.98276356639929,208.87076254386966,245.52860085773412,0.0,43.459281230750406,0.08001561280249805,1260,9
final_refine_2m,2.0,642.0,390.0,751.1750794588436,1.0,1.0,0.0,1.0,0.24852979443143378,0.24852979443143378,1.0,0.376984126984127,0.376984126984127,83.09310233652882,97.45897286326037,192.3953726115673,208.2374437293654,244.76300007696764,0.0,43.38949153965146,0.07881863127764767,1260,9
final_refine_2m,2.0,644.0,390.0,752.8851173983983,1.0,1.0,0.0,1.0,0.23682019255789746,0.23682019255789746,1.0,0.3626984126984127,0.3626984126984127,82.74306915874233,97.16594123395107,191.80027872355922,207.60532245033198,243.99887320986116,0.0,43.319301215634965,0.07702315899037211,1260,9
final_refine_2m,2.0,646.0,390.0,754.5965809623046,1.0,1.0,0.0,1.0,0.25214676034348166,0.25214676034348166,1.0,0.38095238095238093,0.38095238095238093,82.39430927093208,96.87399184714596,191.16572051117961,206.97439822060306,243.23621938188907,0.0,43.249654396483145,0.07582617746552173,1260,9
final_refine_2m,2.0,648.0,390.0,756.3094604723651,1.0,1.0,0.0,1.0,0.2546448087431694,0.2546448087431694,1.0,0.38333333333333336,0.38333333333333336,82.04682360507333,96.5831261722118,190.53248978943756,206.34467055919745,242.47503772401498,0.0,43.18065842971049,0.07462919594067136,1260,9
final_refine_2m,2.0,650.0,390.0,758.023746329889,1.0,1.0,0.0,1.0,0.25323965651834507,0.25323965651834507,1.0,0.37857142857142856,0.37857142857142856,81.70061310570944,96.29334352145676,189.9005860829539,205.71613899034986,241.7153273727255,0.0,43.11229128350104,0.07283372365339578,1260,9
final_refine_2m,2.0,652.0,390.0,759.7394290149748,1.0,1.0,0.0,1.0,0.25136612021857924,0.25136612021857924,1.0,0.37222222222222223,0.37222222222222223,81.35567872993056,96.00463074282919,189.27000892310684,205.08880304354807,240.95708747006057,0.0,43.044541204962236,0.07239136091595108,1260,9
final_refine_2m,2.0,654.0,390.0,761.4564990857981,1.0,1.0,0.0,1.0,0.24972677595628415,0.24972677595628415,1.0,0.36666666666666664,0.36666666666666664,81.01202144734606,95.71698791477955,188.6407578480747,204.46266225354552,240.20031716363602,0.0,42.977379918332225,0.07556596409055426,1260,9
final_refine_2m,2.0,656.0,390.0,763.1749471779062,1.0,1.0,0.0,1.0,0.24972677595628415,0.24972677595628415,1.0,0.36666666666666664,0.36666666666666664,80.66964224006047,95.43042523142033,188.01283240288268,203.83771616041793,239.4450156066683,0.0,42.91078602787533,0.07858443924017694,1260,9
final_refine_2m,2.0,658.0,390.0,764.8947640035196,1.0,1.0,0.0,1.0,0.24972677595628415,0.24972677595628415,1.0,0.36666666666666664,0.36666666666666664,80.32854210264216,95.14604062287576,187.3862321394388,203.21396430957944,238.69118195803088,0.0,42.84466292663373,0.08160291438979964,1260,9
final_refine_2m,2.0,660.0,390.0,766.6159403508383,1.0,1.0,0.0,1.0,0.24972677595628415,0.24972677595628415,1.0,0.36666666666666664,0.36666666666666664,79.9999565422237,94.8634209497077,186.81821038226383,202.59140625181882,237.93881538224653,0.0,42.77819098045652,0.08462138953942233,1260,9
final_refine_2m,2.0,662.0,390.0,768.3384670833551,1.0,1.0,0.0,1.0,0.24972677595628415,0.24972677595628415,1.0,0.36666666666666664,0.36666666666666664,79.68778458122848,94.58188496932289,186.2659790766038,201.97004154333746,237.18791504955573,0.0,42.71115392251113,0.08501170960187354,1260,9
final_refine_2m,2.0,664.0,390.0,770.0623351391756,1.0,1.0,0.0,1.0,0.24764506895654437,0.24764506895654437,1.0,0.3603174603174603,0.3603174603174603,79.37671208553037,94.30143387088859,185.71477841356432,201.34986974576677,236.43848013591514,0.0,42.643550636108564,0.08376268540202966,1260,9
final_refine_2m,2.0,666.0,390.0,771.7875355303427,1.0,1.0,0.0,1.0,0.2455633619568046,0.2455633619568046,1.0,0.353968253968254,0.353968253968254,79.06674003992953,94.0220683777007,185.1646081464342,200.7308904262245,235.6905098230555,0.0,42.57538004281625,0.0825136612021858,1260,9
final_refine_2m,2.0,668.0,390.0,773.5140593421686,1.0,1.0,0.0,1.0,0.2414519906323185,0.2414519906323185,1.0,0.3468253968253968,0.3468253968253968,78.75786943978126,93.74379445750716,184.6154680336437,200.11310315733013,234.9440032984949,0.0,42.50664110259304,0.08064012490241998,1260,9
final_refine_2m,2.0,670.0,390.0,775.2418977325723,1.0,1.0,0.0,1.0,0.23393182409575852,0.23393182409575852,1.0,0.3380952380952381,0.3380952380952381,78.45010129096318,93.4666065303953,184.06735783876698,199.4965075172416,234.19895975558057,0.0,42.43799730840472,0.07939110070257611,1260,9
final_refine_2m,2.0,672.0,390.0,776.9710419314223,1.0,1.0,0.0,1.0,0.24800936768149884,0.24800936768149884,1.0,0.353968253968254,0.353968253968254,78.14343660984963,93.19050816387451,183.5202773305788,198.88110308970244,233.4553783935175,0.0,42.37005268598759,0.07814207650273224,1260,9
final_refine_2m,2.0,674.0,390.0,778.701483239887,1.0,1.0,0.0,1.0,0.24972677595628415,0.24972677595628415,1.0,0.35555555555555557,0.35555555555555557,77.83787642326725,92.91549267950747,182.9742262830661,198.266889464054,232.7132584174026,0.0,42.302783368104265,0.07689305230288837,1260,9
final_refine_2m,2.0,676.0,390.0,780.433213029789,1.0,1.0,0.0,1.0,0.2517304189435337,0.2517304189435337,1.0,0.35634920634920636,0.35634920634920636,77.53342176846701,92.64156333608764,182.38479826183465,197.65386623529525,231.97259903826242,0.0,42.236165773098044,0.07501951600312257,1260,9
final_refine_2m,2.0,678.0,390.0,782.1662227429666,1.0,1.0,0.0,1.0,0.25115794951860526,0.25115794951860526,1.0,0.3515873015873016,0.3515873015873016,77.23007369307335,92.36872517385244,181.79442863607156,197.04203300409927,231.2333994730716,0.0,42.1701766015197,0.07689305230288837,1260,9
final_refine_2m,2.0,680.0,390.0,783.9005038906405,1.0,1.0,0.0,1.0,0.2517304189435337,0.2517304189435337,1.0,0.3484126984126984,0.3484126984126984,76.92783325504797,92.09699127243576,181.20527598965836,196.4313893768569,230.49565894480253,0.0,42.10479283281996,0.08001561280249805,1260,9
final_refine_2m,2.0,682.0,390.0,785.6360480527864,1.0,1.0,0.0,1.0,0.25230288836846215,0.25230288836846215,1.0,0.3468253968253968,0.3468253968253968,76.6267015226399,91.82656554947528,180.6173400169367,195.82193496570648,229.75937668245118,0.0,42.03999172210641,0.08313817330210772,1260,9
final_refine_2m,2.0,684.0,390.0,787.3728468775133,1.0,1.0,0.0,1.0,0.25487900078064013,0.25487900078064013,1.0,0.3492063492063492,0.3492063492063492,76.32667957433209,91.5588717905004,180.0306204189476,195.21366938858534,229.02455192107908,0.0,41.97534263379136,0.0862607338017174,1260,9
final_refine_2m,2.0,686.0,390.0,789.1108920804477,1.0,1.0,0.0,1.0,0.25573770491803277,0.25573770491803277,1.0,0.35,0.35,76.02776849879132,91.29226424786054,179.44511690349242,194.6065922692439,228.291183901839,0.0,41.91011551985377,0.08808222742648972,1260,9
final_refine_2m,2.0,688.0,390.0,790.8501754441229,1.0,1.0,0.0,1.0,0.25573770491803277,0.25573770491803277,1.0,0.35,0.35,75.72996939480792,91.02674316854653,178.860829185165,193.9878830460379,227.55927187201607,0.0,41.84430927399047,0.08756180067655478,1260,9
final_refine_2m,2.0,690.0,390.0,792.5906888173744,1.0,1.0,0.0,1.0,0.2544886807181889,0.2544886807181889,1.0,0.3468253968253968,0.3468253968253968,75.40853643368374,90.7623087919668,178.2777569853979,193.33107539419117,226.82881508505363,0.0,41.7779228298225,0.0862607338017174,1260,9
final_refine_2m,2.0,692.0,390.0,794.3324241147405,1.0,1.0,0.0,1.0,0.25230288836846215,0.25230288836846215,1.0,0.3412698412698413,0.3412698412698413,75.08592453639872,90.49896134989008,177.6959000325127,192.6756737842635,226.09981280061402,0.0,41.71095516103742,0.08430913348946135,1260,9
final_refine_2m,2.0,694.0,390.0,796.0753733158689,1.0,1.0,0.0,1.0,0.23481654957064793,0.23481654957064793,1.0,0.319047619047619,0.319047619047619,74.76462691251528,90.2367010663895,177.11525806177247,192.02167772408814,225.3722642845785,0.0,41.64356899061682,0.083008066614624,1260,9
final_refine_2m,2.0,696.0,390.0,797.819528464928,1.0,1.0,0.0,1.0,0.24863387978142076,0.24863387978142076,1.0,0.3333333333333333,0.3333333333333333,74.44464478323378,89.97552815778856,176.53583081541527,191.3690867290355,224.64616880911598,0.0,41.576786813296486,0.08170699973978662,1260,9
final_refine_2m,2.0,698.0,390.0,799.5648816700243,1.0,1.0,0.0,1.0,0.24863387978142076,0.24863387978142076,1.0,0.3333333333333333,0.3333333333333333,74.12597938096451,89.71544283260897,175.95761804270379,190.7179003220693,223.92152565270536,0.0,41.51072487830061,0.08040593286494926,1260,9
final_refine_2m,2.0,700.0,390.0,801.3114251026251,1.0,1.0,0.0,1.0,0.24863387978142076,0.24863387978142076,1.0,0.3333333333333333,0.3333333333333333,73.8086319492069,89.45644529151981,175.38061949998246,190.06811803380072,223.1983341001752,0.0,41.4453577881244,0.07910486599011189,1260,9
final_refine_2m,2.0,702.0,390.0,803.059150996986,1.0,1.0,0.0,1.0,0.24863387978142076,0.24863387978142076,1.0,0.3333333333333333,0.3333333333333333,73.49260374241011,89.1985357272885,174.80483495071377,189.42644238549875,222.47659344273646,0.0,41.3806714332743,0.07795992714025501,1260,9
final_refine_2m,2.0,704.0,390.0,804.8080516495843,1.0,1.0,0.0,1.0,0.2469424928441322,0.2469424928441322,1.0,0.32936507936507936,0.32936507936507936,73.17789602583466,88.94171432473337,174.23026416553247,188.85526981661104,221.75630297803275,0.0,41.316633977963996,0.08134270101483217,1260,9
final_refine_2m,2.0,706.0,390.0,806.5581194185575,1.0,1.0,0.0,1.0,0.2454592766068176,0.2454592766068176,1.0,0.3246031746031746,0.3246031746031746,72.86451007540735,88.68598126067802,173.65690692229762,188.2851842123303,221.03746201016443,0.0,41.253220927776844,0.08456934686442884,1260,9
final_refine_2m,2.0,708.0,390.0,808.3093467231466,1.0,1.0,0.0,1.0,0.24486078584439241,0.24486078584439241,1.0,0.32063492063492066,0.32063492063492066,72.5524471775676,88.43253975792831,173.08476300613123,187.71618531969224,220.3200698497479,0.0,41.19032896409972,0.0877959927140255,1260,9
final_refine_2m,2.0,710.0,390.0,810.0617260431454,1.0,1.0,0.0,1.0,0.2459536820192558,0.2459536820192558,1.0,0.32063492063492066,0.32063492063492066,72.241708629107,88.1809212081093,172.5138322094793,187.14827289135852,219.60412581392652,0.0,41.12708048670237,0.09034608378870675,1260,9
final_refine_2m,2.0,712.0,390.0,811.8152499183543,1.0,1.0,0.0,1.0,0.24860785844392402,0.24860785844392402,1.0,0.32301587301587303,0.32301587301587303,71.93229573699996,87.93037553296922,171.94411433214668,186.58144668565797,218.88962922643742,0.0,41.063240372375354,0.09141295862607338,1260,9
final_refine_2m,2.0,714.0,390.0,813.5699109480389,1.0,1.0,0.0,1.0,0.25037730939370284,0.25037730939370284,1.0,0.3246031746031746,0.3246031746031746,71.63987858964369,87.68091790995305,171.37560918136947,186.01570646663694,218.17657941763883,0.0,40.99880756993179,0.09005984907624252,1260,9
final_refine_2m,2.0,716.0,390.0,815.3257017903949,1.0,1.0,0.0,1.0,0.25303148581837104,0.25303148581837104,1.0,0.326984126984127,0.326984126984127,71.3606974831256,87.43254690705893,170.80831657184717,185.45105200407494,217.46497572455075,0.0,40.933781069943116,0.08870673952641166,1260,9
final_refine_2m,2.0,718.0,390.0,817.0826151620165,1.0,1.0,0.0,1.0,0.2504813947436898,0.2504813947436898,1.0,0.32142857142857145,0.32142857142857145,71.08263347046427,87.18526589318785,170.24223632579506,184.86465554250108,216.75481749089337,0.0,40.86815990487724,0.08667707520166537,1260,9
final_refine_2m,2.0,720.0,390.0,818.8406438373709,1.0,1.0,0.0,1.0,0.24015092375748112,0.24015092375748112,1.0,0.30793650793650795,0.30793650793650795,70.80568779791491,86.93907610347436,169.67736827301363,184.2532432787453,216.0461040671416,0.0,40.802654155268655,0.0853239656518345,1260,9
final_refine_2m,2.0,722.0,390.0,820.5997806482768,1.0,1.0,0.0,1.0,0.2526411657559198,0.2526411657559198,1.0,0.31825396825396823,0.31825396825396823,70.52986172005826,86.69397450985589,169.11371225091327,183.6431184501519,215.33883481055742,0.0,40.737920145798036,0.08397085610200364,1260,9
final_refine_2m,2.0,724.0,390.0,822.360018483389,1.0,1.0,0.0,1.0,0.25191256830601094,0.25191256830601094,1.0,0.31666666666666665,0.31666666666666665,70.25515649967207,86.44996436427586,168.55126810459515,183.03428074291668,214.63300908522118,0.0,40.67393045184664,0.08261774655217279,1260,9
final_refine_2m,2.0,726.0,390.0,824.1213502876867,1.0,1.0,0.0,1.0,0.25191256830601094,0.25191256830601094,1.0,0.31666666666666665,0.31666666666666665,69.98157340758723,86.20704440014113,167.99003568688178,182.4267298506743,213.92862626210322,0.0,40.61065804395789,0.08126463700234192,1260,9
final_refine_2m,2.0,728.0,390.0,825.8837690619667,1.0,1.0,0.0,1.0,0.25191256830601094,0.25191256830601094,1.0,0.31666666666666665,0.31666666666666665,69.70911372254214,85.9652144274879,167.43001485837945,181.82046547453223,213.2256857190811,0.0,40.54807628090612,0.08173302107728338,1260,9
final_refine_2m,2.0,730.0,390.0,827.6472678623425,1.0,1.0,0.0,1.0,0.25152224824355973,0.25152224824355973,1.0,0.31587301587301586,0.31587301587301586,69.43777873103667,85.72447701327324,166.871205487538,181.2154873231385,212.5241868409883,0.0,40.486158902962394,0.08589643507676295,1260,9
final_refine_2m,2.0,630.0,392.0,742.0,1.0,1.0,0.0,1.0,0.24207650273224043,0.24207650273224043,1.0,0.38333333333333336,0.38333333333333336,84.97093559768842,98.91302577499192,195.11627335930814,211.111166378534,248.062534952931,0.0,43.683296760487046,0.07486338797814207,1260,9
final_refine_2m,2.0,632.0,392.0,743.6988637882944,1.0,1.0,0.0,1.0,0.24374186833203226,0.24374186833203226,1.0,0.38492063492063494,0.38492063492063494,84.61560866685137,98.61382965939475,194.52676333313696,210.47579335692294,247.2949967596474,0.0,43.61554622303671,0.07777777777777778,1260,9
final_refine_2m,2.0,634.0,392.0,745.3992218938788,1.0,1.0,0.0,1.0,0.2454072339318241,0.2454072339318241,1.0,0.3865079365079365,0.3865079365079365,84.26154163600319,98.31723068153616,193.93837327304118,209.8416122289664,246.5289248759149,0.0,43.54793681137928,0.08069216757741347,1260,9
final_refine_2m,2.0,636.0,392.0,747.1010641138186,1.0,1.0,0.0,1.0,0.24707259953161592,0.24707259953161592,1.0,0.3880952380952381,0.3880952380952381,83.90873535464834,98.0217072269676,193.351102809171,209.20862249644168,245.76431842096486,0.0,43.4797803949607,0.083008066614624,1260,9
final_refine_2m,2.0,638.0,392.0,748.8043803290683,1.0,1.0,0.0,1.0,0.24686442883164195,0.24686442883164195,1.0,0.3825396825396825,0.3825396825396825,83.55719068461025,97.72725943954275,192.7649515768392,208.57682366612792,245.00117651933448,0.0,43.41107582637894,0.08121259432734843,1260,9
final_refine_2m,2.0,640.0,392.0,750.509160503721,1.0,1.0,0.0,1.0,0.2472807702315899,0.2472807702315899,1.0,0.376984126984127,0.376984126984127,83.2069085000353,97.43388528436672,192.16977308336624,207.9462152498236,244.23949830089526,0.0,43.34182199416883,0.08001561280249805,1260,9
final_refine_2m,2.0,642.0,392.0,752.2153946842619,1.0,1.0,0.0,1.0,0.24852979443143378,0.24852979443143378,1.0,0.376984126984127,0.376984126984127,82.85788968737846,97.14158203284634,191.53679024899665,207.31679676439123,243.4792829008706,0.0,43.27201782293938,0.07881863127764767,1260,9
final_refine_2m,2.0,644.0,392.0,753.9230729988305,1.0,1.0,0.0,1.0,0.23682019255789746,0.23682019255789746,1.0,0.3626984126984127,0.3626984126984127,82.51013514539237,96.85035023104693,190.90512625911342,206.68856773177814,242.72052945988673,0.0,43.201829433952746,0.0776216497527973,1260,9
final_refine_2m,2.0,646.0,392.0,755.6321856564872,1.0,1.0,0.0,1.0,0.251496226906063,0.251496226906063,1.0,0.38015873015873014,0.38015873015873014,82.16364578511174,96.56019230020007,190.2747806403217,206.06152767905277,241.96323712396918,0.0,43.13218386110436,0.07582617746552173,1260,9
final_refine_2m,2.0,648.0,392.0,757.3427229464875,1.0,1.0,0.0,1.0,0.2546448087431694,0.2546448087431694,1.0,0.38333333333333336,0.38333333333333336,81.81842252983945,96.27111046497173,189.64575292583763,205.4356761384283,241.20740504460133,0.0,43.06318021582547,0.07462919594067136,1260,9
final_refine_2m,2.0,650.0,392.0,759.0546752375616,1.0,1.0,0.0,1.0,0.2539422326307572,0.2539422326307572,1.0,0.38095238095238093,0.38095238095238093,81.47446631511733,95.98310504466151,189.01804265554796,204.81101264729224,240.45303237873486,0.0,42.99479674941643,0.07343221441582097,1260,9
final_refine_2m,2.0,652.0,392.0,760.7680329772013,1.0,1.0,0.0,1.0,0.25183450429352067,0.25183450429352067,1.0,0.3738095238095238,0.3738095238095238,81.13177808871208,95.69617107684716,188.39164937602783,204.18753674824688,239.70011828882488,0.0,42.92702398953347,0.07374447046578195,1260,9
final_refine_2m,2.0,654.0,392.0,762.4827866909521,1.0,1.0,0.0,1.0,0.24972677595628415,0.24972677595628415,1.0,0.36666666666666664,0.36666666666666664,80.79035881058404,95.41029584055933,187.76657264060944,203.56524798913253,238.9486619428529,0.0,42.859831880114555,0.07632058287795992,1260,9
final_refine_2m,2.0,656.0,392.0,764.198926981712,1.0,1.0,0.0,1.0,0.24972677595628415,0.24972677595628415,1.0,0.36666666666666664,0.36666666666666664,80.45020945285165,95.12549034534202,187.19885208440073,202.94414592306617,238.19866251436795,0.0,42.79319929520633,0.07933905802758262,1260,9
final_refine_2m,2.0,658.0,392.0,765.9164445290361,1.0,1.0,0.0,1.0,0.24972677595628415,0.24972677595628415,1.0,0.36666666666666664,0.36666666666666664,80.12369673102552,94.84282046456899,186.64764363822297,202.3242301084648,237.45011918250947,0.0,42.72703762346544,0.0823575331772053,1260,9
final_refine_2m,2.0,660.0,392.0,767.6353300884476,1.0,1.0,0.0,1.0,0.24972677595628415,0.24972677595628415,1.0,0.36666666666666664,0.36666666666666664,79.81226361780516,94.56194146972,186.0974603658339,201.70550010907797,236.70303113203713,0.0,42.66054264360834,0.085376008326828,1260,9
final_refine_2m,2.0,662.0,392.0,769.3555744907552,1.0,1.0,0.0,1.0,0.24972677595628415,0.24972677595628415,1.0,0.36666666666666664,0.36666666666666664,79.5019228783299,94.2821363731501,185.54830201971376,201.0879554940354,235.95739755336118,0.0,42.593486406313666,0.08563622170179547,1260,9
final_refine_2m,2.0,664.0,392.0,771.0771686413754,1.0,1.0,0.0,1.0,0.2481654957064793,0.2481654957064793,1.0,0.3619047619047619,0.3619047619047619,79.19267547682536,94.00341075967361,185.00016835737927,200.47159583785432,235.21321764258514,0.0,42.52586780786151,0.08376268540202966,1260,9
final_refine_2m,2.0,666.0,392.0,772.8001035196618,1.0,1.0,0.0,1.0,0.24608378870673953,0.24608378870673953,1.0,0.35555555555555557,0.35555555555555557,78.88452238783529,93.72576080090843,184.4530591414002,199.85642072049876,234.470490601511,0.0,42.45768578223847,0.0825136612021858,1260,9
final_refine_2m,2.0,668.0,392.0,774.5243701782405,1.0,1.0,0.0,1.0,0.24074941451990634,0.24074941451990634,1.0,0.346031746031746,0.346031746031746,78.57746459618126,93.44919386831694,183.90697413944164,199.2424297273925,233.72921563769506,0.0,42.38893930127111,0.08126463700234192,1260,9
final_refine_2m,2.0,670.0,392.0,776.24995974235,1.0,1.0,0.0,1.0,0.23257871454592766,0.23257871454592766,1.0,0.33650793650793653,0.33650793650793653,78.27150309693852,93.17370836181695,183.36191312428662,198.62962244946527,232.98939196447859,0.0,42.32030827775907,0.08001561280249805,1260,9
final_refine_2m,2.0,672.0,392.0,777.976863409189,1.0,1.0,0.0,1.0,0.24800936768149884,0.24800936768149884,1.0,0.353968253968254,0.353968253968254,77.96663889539843,92.89930398197251,182.77606153286874,198.01799848318058,232.25101880099825,0.0,42.25236696388079,0.07814207650273224,1260,9
final_refine_2m,2.0,674.0,392.0,779.7050724472683,1.0,1.0,0.0,1.0,0.24972677595628415,0.24972677595628415,1.0,0.35555555555555557,0.35555555555555557,77.66287300703426,92.62597912763351,182.18696944271406,197.4075574305739,231.51409537224603,0.0,42.185091801301745,0.07689305230288837,1260,9
final_refine_2m,2.0,676.0,392.0,781.4345781957694,1.0,1.0,0.0,1.0,0.25230288836846215,0.25230288836846215,1.0,0.35793650793650794,0.35793650793650794,77.36020645745201,92.35372999574332,181.59908687419255,196.79829889928163,230.77862090908542,0.0,42.11845951129907,0.07564402810304449,1260,9
final_refine_2m,2.0,678.0,392.0,783.1653720639083,1.0,1.0,0.0,1.0,0.2517304189435337,0.2517304189435337,1.0,0.3531746031746032,0.3531746031746032,77.05864028235898,92.08256187397944,181.01241352077952,196.1902225025812,230.04459464828486,0.0,42.05244709149577,0.07751756440281031,1260,9
final_refine_2m,2.0,680.0,392.0,784.8974455303062,1.0,1.0,0.0,1.0,0.25230288836846215,0.25230288836846215,1.0,0.35,0.35,76.7581755275068,91.81248499245369,180.4269490825327,195.58332785942818,229.3120158325625,0.0,41.987031812658266,0.08079625292740047,1260,9
final_refine_2m,2.0,682.0,392.0,786.630790142364,1.0,1.0,0.0,1.0,0.25230288836846215,0.25230288836846215,1.0,0.3468253968253968,0.3468253968253968,76.45881324864554,91.54368657143492,179.8426932661126,194.97761459448338,228.58088371060953,0.0,41.92219121555629,0.08391881342701014,1260,9
final_refine_2m,2.0,684.0,392.0,788.3653975156444,1.0,1.0,0.0,1.0,0.25487900078064013,0.25487900078064013,1.0,0.3492063492063492,0.3492063492063492,76.16055451147136,91.27764321062894,179.2596457848341,194.35935866188393,227.85119753712294,0.0,41.85752185633445,0.08704137392661983,1260,9
final_refine_2m,2.0,686.0,392.0,790.1012593332579,1.0,1.0,0.0,1.0,0.25573770491803277,0.25573770491803277,1.0,0.35,0.35,75.86340039157001,91.01267891291117,178.6778063587203,193.70427895516627,227.12295657285256,0.0,41.79227847635651,0.08951340098881083,1260,9
final_refine_2m,2.0,688.0,392.0,791.8383673452556,1.0,1.0,0.0,1.0,0.25573770491803277,0.25573770491803277,1.0,0.35,0.35,75.54350688729929,90.74879392312123,178.09717471453072,193.05059572197226,226.39616008463017,0.0,41.72645998256256,0.08756180067655478,1260,9
final_refine_2m,2.0,690.0,392.0,793.5767133680272,1.0,1.0,0.0,1.0,0.25511319281811085,0.25511319281811085,1.0,0.3484126984126984,0.3484126984126984,75.22171076396334,90.48598847860343,177.51775058581515,192.39830847212585,225.67080734539718,0.0,41.660065321245604,0.0862607338017174,1260,9
final_refine_2m,2.0,692.0,392.0,795.3162892837038,1.0,1.0,0.0,1.0,0.2529274004683841,0.2529274004683841,1.0,0.34285714285714286,0.34285714285714286,74.90121913418558,90.22426280915,176.93953371296254,191.74741672282633,224.94689763424745,0.0,41.59309347819192,0.08495966692688005,1260,9
final_refine_2m,2.0,694.0,392.0,797.057087039567,1.0,1.0,0.0,1.0,0.23544106167056986,0.23544106167056986,1.0,0.32063492063492066,0.32063492063492066,74.58203319100379,89.96361713694563,176.36252384323114,191.09791999872115,224.2244302364644,0.0,41.52572088185358,0.08365860005204268,1260,9
final_refine_2m,2.0,696.0,392.0,798.7990986474634,1.0,1.0,0.0,1.0,0.24722872755659642,0.24722872755659642,1.0,0.33174603174603173,0.33174603174603173,74.26415413838178,89.70405167651418,175.78672073081998,190.44981783192506,223.50340444356112,0.0,41.45895152888919,0.08170699973978662,1260,9
final_refine_2m,2.0,698.0,392.0,800.5423161832234,1.0,1.0,0.0,1.0,0.24863387978142076,0.24863387978142076,1.0,0.3333333333333333,0.3333333333333333,73.94758319109278,89.44556663466656,175.2121241368859,189.80825723913046,222.78381955330235,0.0,41.39289278738484,0.08040593286494926,1260,9
final_refine_2m,2.0,700.0,392.0,802.2867317860865,1.0,1.0,0.0,1.0,0.24863387978142076,0.24863387978142076,1.0,0.3333333333333333,0.3333333333333333,73.6323215745835,89.18816221044992,174.63873382961805,189.23821870863756,222.06567486975456,0.0,41.32751958760424,0.07910486599011189,1260,9
final_refine_2m,2.0,702.0,392.0,804.0323376581317,1.0,1.0,0.0,1.0,0.24863387978142076,0.24863387978142076,1.0,0.3333333333333333,0.3333333333333333,73.3183705248388,88.93183859509978,174.06654958426216,188.66926110046123,221.34896970332113,0.0,41.26282029529795,0.07941712204007285,1260,9
final_refine_2m,2.0,704.0,392.0,805.7791260637123,1.0,1.0,0.0,1.0,0.24761904761904763,0.24761904761904763,1.0,0.33095238095238094,0.33095238095238094,73.00573128823852,88.67659597199199,173.49557118318128,188.10138416070197,220.6337033707801,0.0,41.19876117549037,0.08134270101483217,1260,9
final_refine_2m,2.0,706.0,392.0,807.5270893288967,1.0,1.0,0.0,1.0,0.24525110590684362,0.24525110590684362,1.0,0.3253968253968254,0.3253968253968254,72.69440512140982,88.42243451659792,172.9257984159089,187.53458764098048,219.91987519532205,0.0,41.1353180432237,0.085376008326828,1260,9
final_refine_2m,2.0,708.0,392.0,809.2762198409143,1.0,1.0,0.0,1.0,0.24553734061930782,0.24553734061930782,1.0,0.32222222222222224,0.32222222222222224,72.38439329106764,88.17052188967118,172.35723107917553,186.96887129847764,219.20748450658914,0.0,41.072396178111774,0.08860265417642467,1260,9
final_refine_2m,2.0,710.0,392.0,811.0265100476063,1.0,1.0,0.0,1.0,0.2459536820192558,0.2459536820192558,1.0,0.32063492063492066,0.32063492063492066,72.07569707385281,87.92046726371952,171.7898689769856,186.40423489596677,218.49653064070773,0.0,41.00913451218992,0.09182930002602134,1260,9
final_refine_2m,2.0,712.0,392.0,812.777952456881,1.0,1.0,0.0,1.0,0.24860785844392402,0.24860785844392402,1.0,0.32301587301587303,0.32301587301587303,71.7813078959055,87.6714796245999,171.22371192064665,185.84067820185425,217.78701294034224,0.0,40.945285377681415,0.09141295862607338,1260,9
final_refine_2m,2.0,714.0,392.0,814.530539636176,1.0,1.0,0.0,1.0,0.25037730939370284,0.25037730939370284,1.0,0.3246031746031746,0.3246031746031746,71.50264809468202,87.42356186746592,170.6587597288191,185.25834627773628,217.0789307547198,0.0,40.880847736324704,0.09005984907624252,1260,9
final_refine_2m,2.0,716.0,392.0,816.2842642119227,1.0,1.0,0.0,1.0,0.25303148581837104,0.25303148581837104,1.0,0.326984126984127,0.326984126984127,71.22509778923248,87.17672439561522,170.09501222758627,184.6483442480174,216.37228343968857,0.0,40.81582059102155,0.08870673952641166,1260,9
final_refine_2m,2.0,718.0,392.0,818.0391188690184,1.0,1.0,0.0,1.0,0.2500910746812386,0.2500910746812386,1.0,0.32142857142857145,0.32142857142857145,70.94865819923258,86.93097111288608,169.53246925048424,184.0396214059159,215.66707035773288,0.0,40.75020298597339,0.08735362997658079,1260,9
final_refine_2m,2.0,720.0,392.0,819.7950963503014,1.0,1.0,0.0,1.0,0.23978662503252668,0.23978662503252668,1.0,0.30793650793650795,0.30793650793650795,70.6733305524881,86.68629917183554,168.97113063855738,183.432177436602,214.96329087804057,0.0,40.68472268743201,0.08600052042674994,1260,9
final_refine_2m,2.0,722.0,392.0,821.552189456032,1.0,1.0,0.0,1.0,0.25336976320582877,0.25336976320582877,1.0,0.3198412698412698,0.3198412698412698,70.39911608480709,86.44270955130787,168.41099624041712,182.8260120325065,214.26094437652995,0.0,40.62000392774671,0.08397085610200364,1260,9
final_refine_2m,2.0,724.0,392.0,823.310391043378,1.0,1.0,0.0,1.0,0.25191256830601094,0.25191256830601094,1.0,0.31666666666666665,0.31666666666666665,70.12601603986137,86.20020508304314,167.85206591229232,182.22112489338983,213.56003023589486,0.0,40.55601963890658,0.08261774655217279,1260,9
final_refine_2m,2.0,726.0,392.0,825.0696940259047,1.0,1.0,0.0,1.0,0.25191256830601094,0.25191256830601094,1.0,0.31666666666666665,0.31666666666666665,69.85403166904676,85.95878188808977,167.29433951807022,181.61751572639187,212.86054784564791,0.0,40.49274314000522,0.08126463700234192,1260,9
final_refine_2m,2.0,728.0,392.0,826.8300913730704,1.0,1.0,0.0,1.0,0.25191256830601094,0.25191256830601094,1.0,0.31666666666666665,0.31666666666666665,69.58316423133009,85.71844241551372,166.73781692936817,181.0151842460581,212.1624966021624,0.0,40.43014813050613,0.08324225865209471,1260,9
final_refine_2m,2.0,730.0,392.0,828.5915761097261,1.0,1.0,0.0,1.0,0.25191256830601094,0.25191256830601094,1.0,0.31666666666666665,0.31666666666666665,69.31341499310268,85.4791881714183,166.18249802556656,180.41413017442844,211.46587590871755,0.0,40.36820868369883,0.08672911787665886,1260,9
final_refine_2m,2.0,630.0,394.0,743.0585441269079,1.0,1.0,0.0,1.0,0.24207650273224043,0.24207650273224043,1.0,0.38333333333333336,0.38333333333333336,84.72554916687344,98.589097353052,194.3056213795046,210.1784146170817,246.76383102882792,0.0,43.566524201385064,0.07486338797814207,1260,9
final_refine_2m,2.0,632.0,394.0,744.7549932695987,1.0,1.0,0.0,1.0,0.24374186833203226,0.24374186833203226,1.0,0.38492063492063494,0.38492063492063494,84.37252084920358,98.29169342669658,193.71958461647193,209.5469362551667,246.00166542903813,0.0,43.498727893346675,0.07777777777777778,1260,9
final_refine_2m,2.0,634.0,394.0,746.452945603405,1.0,1.0,0.0,1.0,0.2454072339318241,0.2454072339318241,1.0,0.3865079365079365,0.3865079365079365,84.02074445811274,97.99690671997651,193.13466074879412,208.9166417527773,245.24095427662692,0.0,43.431090346626426,0.08069216757741347,1260,9
final_refine_2m,2.0,636.0,394.0,748.152390893727,1.0,1.0,0.0,1.0,0.24707259953161592,0.24707259953161592,1.0,0.3880952380952381,0.3880952380952381,83.67022083614421,97.70318849562472,192.5394037749834,208.2875306248234,244.4816967111433,0.0,43.36290944958215,0.083008066614624,1260,9
final_refine_2m,2.0,638.0,394.0,749.8533189897875,1.0,1.0,0.0,1.0,0.24748894093156387,0.24748894093156387,1.0,0.38492063492063494,0.38492063492063494,83.32095083786993,97.41053889668633,191.90797956882338,207.65960239116276,243.72389187740103,0.0,43.29418406788837,0.08181108508977361,1260,9
final_refine_2m,2.0,640.0,394.0,751.5557198238864,1.0,1.0,0.0,1.0,0.24790528233151185,0.24790528233151185,1.0,0.37936507936507935,0.37936507936507935,82.97293532987852,97.118957548283,191.27786566911286,207.03285657665788,242.9675389254881,0.0,43.22491310264037,0.08061410356492324,1260,9
final_refine_2m,2.0,642.0,394.0,753.2595834106593,1.0,1.0,0.0,1.0,0.24852979443143378,0.24852979443143378,1.0,0.376984126984127,0.376984126984127,82.62617519076991,96.8284410298862,190.64906160444792,206.40729271118212,242.21263701082344,0.0,43.15509549048981,0.07881863127764767,1260,9
final_refine_2m,2.0,644.0,394.0,754.9648998463439,1.0,1.0,0.0,1.0,0.23682019255789746,0.23682019255789746,1.0,0.3626984126984127,0.3626984126984127,82.28067131112881,96.53898858140646,190.02156690991208,205.78291032966393,241.4591852941534,0.0,43.0849099071536,0.0776216497527973,1260,9
final_refine_2m,2.0,646.0,394.0,756.6716593080515,1.0,1.0,0.0,1.0,0.2495446265938069,0.2495446265938069,1.0,0.37777777777777777,0.37777777777777777,81.93642459351898,96.25060147666542,189.39538112711253,205.15970897211002,240.70718294160093,0.0,43.01526646206579,0.07642466822794691,1260,9
final_refine_2m,2.0,648.0,394.0,758.3798520530461,1.0,1.0,0.0,1.0,0.2546448087431694,0.2546448087431694,1.0,0.38333333333333336,0.38333333333333336,81.59343595245403,95.96328251377504,188.770503804216,204.53768818364367,239.95662912468902,0.0,42.94625611521607,0.07522768670309654,1260,9
final_refine_2m,2.0,650.0,394.0,760.0894684180278,1.0,1.0,0.0,1.0,0.2546448087431694,0.2546448087431694,1.0,0.38333333333333336,0.38333333333333336,81.25170631437192,95.67703318915375,188.1469344959957,203.9168475145217,239.2075230203663,0.0,42.87785739644776,0.07343221441582097,1260,9
final_refine_2m,2.0,652.0,394.0,761.8004988184242,1.0,1.0,0.0,1.0,0.25253708040593287,0.25253708040593287,1.0,0.3761904761904762,0.3761904761904762,80.91123661761634,95.39185277149679,187.57951517072775,203.2971865201794,238.4598638110371,0.0,42.81006308935332,0.07449908925318761,1260,9
final_refine_2m,2.0,654.0,394.0,763.512933747687,1.0,1.0,0.0,1.0,0.2504293520686963,0.2504293520686963,1.0,0.36904761904761907,0.36904761904761907,80.5720278123988,95.10772869978388,187.02931977358054,202.6787047612433,237.7136506845856,0.0,42.742841374235475,0.07632058287795992,1260,9
final_refine_2m,2.0,656.0,394.0,765.2267637765946,1.0,1.0,0.0,1.0,0.24972677595628415,0.24972677595628415,1.0,0.36666666666666664,0.36666666666666664,80.24756152216102,94.82466016974351,186.4801441387646,202.06140180358935,236.96888283442058,0.0,42.67617139065658,0.07933905802758262,1260,9
final_refine_2m,2.0,658.0,394.0,766.9419795525604,1.0,1.0,0.0,1.0,0.24972677595628415,0.24972677595628415,1.0,0.36666666666666664,0.36666666666666664,79.93685984982673,94.5436854404771,185.93198801802046,201.44527721835203,236.22555945949333,0.0,42.60997244268728,0.08311215196461098,1260,9
final_refine_2m,2.0,660.0,394.0,768.658571798949,1.0,1.0,0.0,1.0,0.24972677595628415,0.24972677595628415,1.0,0.36666666666666664,0.36666666666666664,79.62724354552758,94.26452481470378,185.38485116800473,200.83033058195906,235.48367976431896,0.0,42.543455570458406,0.08613062711423367,1260,9
final_refine_2m,2.0,662.0,394.0,770.3765313143956,1.0,1.0,0.0,1.0,0.24972677595628415,0.24972677595628415,1.0,0.36666666666666664,0.36666666666666664,79.31871355338507,93.98643213456239,184.83873335035238,200.21656147617983,234.7432429590339,0.0,42.47638125755846,0.08563622170179547,1260,9
final_refine_2m,2.0,664.0,394.0,772.0958489721338,1.0,1.0,0.0,1.0,0.24894613583138173,0.24894613583138173,1.0,0.36428571428571427,0.36428571428571427,79.01127082759369,93.70940950682318,184.29363433168245,199.60396948813244,234.0042482594,0.0,42.408748413092255,0.0843871975019516,1260,9
final_refine_2m,2.0,666.0,394.0,773.8165157193273,1.0,1.0,0.0,1.0,0.24686442883164195,0.24686442883164195,1.0,0.35793650793650794,0.35793650793650794,78.70491633240214,93.433457408293,183.7495538836328,198.992554210342,233.26669488685215,0.0,42.340555983332365,0.0825136612021858,1260,9
final_refine_2m,2.0,668.0,394.0,775.5385225764095,1.0,1.0,0.0,1.0,0.2405672651574291,0.2405672651574291,1.0,0.3468253968253968,0.3468253968253968,78.3996510420722,93.15857715382748,183.16723577497277,198.38231524075718,232.53058206851628,0.0,42.271802951850695,0.08126463700234192,1260,9
final_refine_2m,2.0,670.0,394.0,777.2618606364267,1.0,1.0,0.0,1.0,0.23190215977101222,0.23190215977101222,1.0,0.3357142857142857,0.3357142857142857,78.09547594084768,92.884774109626,182.57940826037367,197.77325218278853,231.7959090372549,0.0,42.203185480005295,0.08001561280249805,1260,9
final_refine_2m,2.0,672.0,394.0,778.9865210643892,1.0,1.0,0.0,1.0,0.24800936768149884,0.24800936768149884,1.0,0.353968253968254,0.353968253968254,77.79239202292123,92.61204314750589,181.99278289872169,197.165364645345,231.0626750316929,0.0,42.13524835791347,0.07876658860265418,1260,9
final_refine_2m,2.0,674.0,394.0,780.7124950966264,1.0,1.0,0.0,1.0,0.24972677595628415,0.24972677595628415,1.0,0.35555555555555557,0.35555555555555557,77.49040029238735,92.34038790056132,181.40735938271771,196.55865224285668,230.33087929624557,0.0,42.06796833111517,0.07689305230288837,1260,9
final_refine_2m,2.0,676.0,394.0,782.4397740401494,1.0,1.0,0.0,1.0,0.25144418423106946,0.25144418423106946,1.0,0.35714285714285715,0.35714285714285715,77.1895017632031,92.06980119719037,180.82313741150762,195.95311459532965,229.60052108116423,0.0,42.00132241893091,0.07642466822794691,1260,9
final_refine_2m,2.0,678.0,394.0,784.1683492720169,1.0,1.0,0.0,1.0,0.25258912308092635,0.25258912308092635,1.0,0.35555555555555557,0.35555555555555557,76.88969745914406,91.80028686440696,180.24011669070333,195.3487513283624,228.87159964255318,0.0,41.93528791130008,0.07829820452771273,1260,9
final_refine_2m,2.0,680.0,394.0,785.8982122387097,1.0,1.0,0.0,1.0,0.2528753577933906,0.2528753577933906,1.0,0.3515873015873016,0.3515873015873016,76.59098841375139,91.53184917822718,179.65829693243768,194.73094799565246,228.1441142424096,0.0,41.86984236568048,0.08079625292740047,1260,9
final_refine_2m,2.0,682.0,394.0,787.6293544555078,1.0,1.0,0.0,1.0,0.25258912308092635,0.25258912308092635,1.0,0.3476190476190476,0.3476190476190476,76.2933756702776,91.26465275199762,179.07767785540315,194.0775774957029,227.4180641486659,0.0,41.804963604008,0.08469945355191257,1260,9
final_refine_2m,2.0,684.0,394.0,789.3617675058756,1.0,1.0,0.0,1.0,0.25487900078064013,0.25487900078064013,1.0,0.3492063492063492,0.3492063492063492,75.99686028164135,91.00024040405947,178.49825918489714,193.4255940250129,226.69344863521079,0.0,41.74027510616748,0.08782201405152225,1260,9
final_refine_2m,2.0,686.0,394.0,791.0954430408508,1.0,1.0,0.0,1.0,0.25573770491803277,0.25573770491803277,1.0,0.35,0.35,75.67848772167876,90.73690005275934,177.9200406528639,192.77499709542013,225.97026698193216,0.0,41.675016553234364,0.08951340098881083,1260,9
final_refine_2m,2.0,688.0,394.0,792.8303727784399,1.0,1.0,0.0,1.0,0.25573770491803277,0.25573770491803277,1.0,0.35,0.35,75.35749896657303,90.47463194075556,177.34302199793876,192.12578622599625,225.2485184747479,0.0,41.609186865240204,0.08821233411397346,1260,9
final_refine_2m,2.0,690.0,394.0,794.5665485030187,1.0,1.0,0.0,1.0,0.25573770491803277,0.25573770491803277,1.0,0.35,0.35,75.03780505993663,90.21343630329675,176.76720296549712,191.4779609430762,224.52820240564063,0.0,41.54278500100947,0.0862607338017174,1260,9
final_refine_2m,2.0,692.0,394.0,796.3039620647382,1.0,1.0,0.0,1.0,0.253551912568306,0.253551912568306,1.0,0.34444444444444444,0.34444444444444444,74.71940716734613,89.95331336816602,176.19258330768713,190.8315207803324,223.8093180727037,0.0,41.47580995829814,0.08495966692688005,1260,9
final_refine_2m,2.0,694.0,394.0,798.042605378936,1.0,1.0,0.0,1.0,0.2360655737704918,0.2360655737704918,1.0,0.32222222222222224,0.32222222222222224,74.4023064650332,89.69426335562544,175.6191627834886,190.1900788586157,223.09186478015582,0.0,41.40845172770048,0.08365860005204268,1260,9
final_refine_2m,2.0,696.0,394.0,799.7824704255527,1.0,1.0,0.0,1.0,0.24582357533177204,0.24582357533177204,1.0,0.33015873015873015,0.33015873015873015,74.08650413976467,89.43628647836343,175.04694115875787,189.62116329379506,222.37584183839445,0.0,41.3416960023459,0.0823575331772053,1260,9
final_refine_2m,2.0,698.0,394.0,801.5235492485546,1.0,1.0,0.0,1.0,0.24863387978142076,0.24863387978142076,1.0,0.3333333333333333,0.3333333333333333,73.77200138871416,89.17938294144274,174.4759182062598,189.05332267508695,221.6612485640346,0.0,41.275641360528084,0.08105646630236794,1260,9
final_refine_2m,2.0,700.0,394.0,803.26583395536,1.0,1.0,0.0,1.0,0.24863387978142076,0.24863387978142076,1.0,0.3333333333333333,0.3333333333333333,73.45879941932816,88.92355294225057,173.90609370572764,188.48655674772655,220.94808427993172,0.0,41.210263054961615,0.07910486599011189,1260,9
final_refine_2m,2.0,702.0,394.0,805.0093167162726,1.0,1.0,0.0,1.0,0.24863387978142076,0.24863387978142076,1.0,0.3333333333333333,0.3333333333333333,73.14689944918473,88.66879667045019,173.33746744390257,187.9208652623591,220.23634831523103,0.0,41.14555189981132,0.08022378350247203,1260,9
final_refine_2m,2.0,704.0,394.0,806.7539897639181,1.0,1.0,0.0,1.0,0.24795732500650533,0.24795732500650533,1.0,0.33174603174603173,0.33174603174603173,72.83630270584844,88.41511430793396,172.7700392145903,187.3562479750903,219.52604000539006,0.0,41.081472278561534,0.08214936247723133,1260,9
final_refine_2m,2.0,706.0,394.0,808.4998453926878,1.0,1.0,0.0,1.0,0.24592766068175903,0.24592766068175903,1.0,0.326984126984127,0.326984126984127,72.52701042672126,88.16250602877801,172.20380881869752,186.79270464749283,218.81715869224234,0.0,41.01800031081208,0.08618266978922717,1260,9
final_refine_2m,2.0,708.0,394.0,810.246875958186,1.0,1.0,0.0,1.0,0.24621389539422325,0.24621389539422325,1.0,0.3238095238095238,0.3238095238095238,72.21902385887844,87.91210402031604,171.63877606428514,186.23023504668004,218.10970372401627,0.0,40.95504978824334,0.08940931563882383,1260,9
final_refine_2m,2.0,710.0,394.0,811.995073876683,1.0,1.0,0.0,1.0,0.2459536820192558,0.2459536820192558,1.0,0.32063492063492066,0.32063492063492066,71.92269155891542,87.6635891492964,171.07494076661746,185.65191720309323,217.4036744553663,0.0,40.89177601310029,0.0926359614884205,1260,9
final_refine_2m,2.0,712.0,394.0,813.7444316245734,1.0,1.0,0.0,1.0,0.24860785844392402,0.24860785844392402,1.0,0.32301587301587303,0.32301587301587303,71.64454836925592,87.41614124900387,170.5123027482058,185.04331083831914,216.69907024744407,0.0,40.827918896696566,0.09208951340098881,1260,9
final_refine_2m,2.0,714.0,394.0,815.4949417378381,1.0,1.0,0.0,1.0,0.25037730939370284,0.25037730939370284,1.0,0.3246031746031746,0.3246031746031746,71.3675071758458,87.16975087150554,169.9508618388651,184.43597551583815,215.99589046791104,0.0,40.763477413547704,0.09073640385115794,1260,9
final_refine_2m,2.0,716.0,394.0,817.2465968115132,1.0,1.0,0.0,1.0,0.25303148581837104,0.25303148581837104,1.0,0.326984126984127,0.326984126984127,71.09156917240755,86.92442904398882,169.39061787576057,183.82991091986838,215.2941344909755,0.0,40.698450578749345,0.08870673952641166,1260,9
final_refine_2m,2.0,718.0,394.0,818.9993894991619,1.0,1.0,0.0,1.0,0.24918032786885247,0.24918032786885247,1.0,0.32142857142857145,0.32142857142857145,70.81673556060319,86.68018473045589,168.8315707034562,183.22511674175192,214.5938016974615,0.0,40.63283744811195,0.08735362997658079,1260,9
final_refine_2m,2.0,720.0,394.0,820.7533125123529,1.0,1.0,0.0,1.0,0.23978662503252668,0.23978662503252668,1.0,0.30873015873015874,0.30873015873015874,70.54300754991144,86.43701352751435,168.27372017396348,182.62159267999044,213.89489147482308,0.0,40.56738328874198,0.08600052042674994,1260,9
final_refine_2m,2.0,722.0,394.0,822.508358620142,1.0,1.0,0.0,1.0,0.2540983606557377,0.2540983606557377,1.0,0.32142857142857145,0.32142857142857145,70.2703863574877,86.1949190577928,167.71706614680068,182.01933844030694,213.19740321719215,0.0,40.50268057717323,0.08464741087691907,1260,9
final_refine_2m,2.0,724.0,394.0,824.2645206485597,1.0,1.0,0.0,1.0,0.25191256830601094,0.25191256830601094,1.0,0.31666666666666665,0.31666666666666665,69.99887320802902,85.953900859468,167.161608489031,181.41835373569197,212.5013363254287,0.0,40.43870259616951,0.08329430132708822,1260,9
final_refine_2m,2.0,726.0,394.0,826.0217914801037,1.0,1.0,0.0,1.0,0.25191256830601094,0.25191256830601094,1.0,0.31666666666666665,0.31666666666666665,69.72846933362885,85.7139576800252,166.60734707533115,180.81863828644663,211.80669020715422,0.0,40.37542300772644,0.08126463700234192,1260,9
final_refine_2m,2.0,728.0,394.0,827.7801640532346,1.0,1.0,0.0,1.0,0.25191256830601094,0.25191256830601094,1.0,0.31666666666666665,0.31666666666666665,69.45917597362799,85.47509259619096,166.05428178802592,180.22019182023806,211.11346427679453,0.0,40.312815846527535,0.08407494145199063,1260,9
final_refine_2m,2.0,730.0,394.0,829.5396313618777,1.0,1.0,0.0,1.0,0.25191256830601094,0.25191256830601094,1.0,0.31666666666666665,0.31666666666666665,69.19099437446236,85.23730274148633,165.50241251715252,179.62301407214755,210.42165795563233,0.0,40.2508555135852,0.08672911787665886,1260,9
final_refine_2m,2.0,630.0,396.0,744.1209579093979,1.0,1.0,0.0,1.0,0.24207650273224043,0.24207650273224043,1.0,0.38333333333333336,0.38333333333333336,84.48376644340914,98.26947573520002,193.50449865841523,209.25689178691462,245.48230719497013,0.0,43.45029248619299,0.075591985428051,1260,9
final_refine_2m,2.0,632.0,396.0,745.8149904634527,1.0,1.0,0.0,1.0,0.24374186833203226,0.24374186833203226,1.0,0.38492063492063494,0.38492063492063494,84.1330087201701,97.97384347907779,192.909169156533,208.62926261282013,244.72544276339792,0.0,43.38245310747053,0.0785063752276867,1260,9
final_refine_2m,2.0,634.0,396.0,747.510535042818,1.0,1.0,0.0,1.0,0.2454072339318241,0.2454072339318241,1.0,0.3865079365079365,0.3865079365079365,83.78349503780575,97.6808471608424,192.27928709539086,208.00280937692915,243.9700211083776,0.0,43.314787238077024,0.0814207650273224,1260,9
final_refine_2m,2.0,636.0,396.0,749.2075813818224,1.0,1.0,0.0,1.0,0.24707259953161592,0.24707259953161592,1.0,0.3880952380952381,0.3880952380952381,83.43522623176986,97.38891305206234,191.65070690880262,207.37753160698173,243.2160413893113,0.0,43.24658299475686,0.08360655737704918,1260,9
final_refine_2m,2.0,638.0,396.0,750.9061192985446,1.0,1.0,0.0,1.0,0.24811345303148583,0.24811345303148583,1.0,0.3873015873015873,0.3873015873015873,83.0882031492558,97.0980406132485,191.02342812737882,206.7534288356486,242.4635027708217,0.0,43.17783789887835,0.08181108508977361,1260,9
final_refine_2m,2.0,640.0,396.0,752.6061386940715,1.0,1.0,0.0,1.0,0.24852979443143378,0.24852979443143378,1.0,0.3817460317460317,0.3817460317460317,82.74242664917737,96.80822998066472,190.39745028807994,206.13050060056108,241.7124044227671,0.0,43.10855086396171,0.08061410356492324,1260,9
final_refine_2m,2.0,642.0,396.0,754.3076295517632,1.0,1.0,0.0,1.0,0.24852979443143378,0.24852979443143378,1.0,0.376984126984127,0.376984126984127,82.39789760215609,96.51947917143846,189.77277293425888,205.50874644432935,240.9627455202795,0.0,43.038720838575955,0.07941712204007285,1260,9
final_refine_2m,2.0,644.0,396.0,756.0105819365228,1.0,1.0,0.0,1.0,0.23682019255789746,0.23682019255789746,1.0,0.3626984126984127,0.3626984126984127,82.05461689050259,96.2317854031967,189.14939561569147,204.88816591457703,240.21452524379015,0.0,42.9685389225675,0.0776216497527973,1260,9
final_refine_2m,2.0,646.0,396.0,757.7149859940741,1.0,1.0,0.0,1.0,0.24824355971896955,0.24824355971896955,1.0,0.3761904761904762,0.3761904761904762,81.71258540819777,95.94514925584299,188.52731788863247,204.26875856397334,239.46774277905698,0.0,42.89889847752574,0.07642466822794691,1260,9
final_refine_2m,2.0,648.0,396.0,759.4208319502435,1.0,1.0,0.0,1.0,0.2546448087431694,0.2546448087431694,1.0,0.38333333333333336,0.38333333333333336,81.3718040608625,95.65957303575075,187.96019977908819,203.65052395026547,238.722397317175,0.0,42.82988239534212,0.07522768670309654,1260,9
final_refine_2m,2.0,650.0,396.0,761.1281101102494,1.0,1.0,0.0,1.0,0.2546448087431694,0.2546448087431694,1.0,0.38333333333333336,0.38333333333333336,81.03227376573521,95.37505906141317,187.4110077617795,203.0334616362952,237.97848805464645,0.0,42.76146947992447,0.07403070517824616,1260,9
final_refine_2m,2.0,652.0,396.0,762.8368108579973,1.0,1.0,0.0,1.0,0.25323965651834507,0.25323965651834507,1.0,0.37857142857142856,0.37857142857142856,80.69399545164094,95.09160757462045,186.86283015184023,202.41757119005408,237.23601419335768,0.0,42.69365474658373,0.07585219880301848,1260,9
final_refine_2m,2.0,654.0,396.0,764.5469246553805,1.0,1.0,0.0,1.0,0.2511319281811085,0.2511319281811085,1.0,0.37142857142857144,0.37142857142857144,80.37154966967523,94.80921375662837,186.31566670030693,201.80285218467893,236.4949749406553,0.0,42.62640462842046,0.0770752016653656,1260,9
final_refine_2m,2.0,656.0,396.0,766.2584420415869,1.0,1.0,0.0,1.0,0.24972677595628415,0.24972677595628415,1.0,0.36666666666666664,0.36666666666666664,80.06157214372797,94.52786496560958,185.76951716305658,201.18930419852242,235.75536950934503,0.0,42.55969852633286,0.08009367681498829,1260,9
final_refine_2m,2.0,658.0,396.0,767.9713536324125,1.0,1.0,0.0,1.0,0.24972677595628415,0.24972677595628415,1.0,0.36666666666666664,0.36666666666666664,79.75267306446375,94.24856717295835,185.22438130083617,200.57692681515368,235.01719711773285,0.0,42.49346358080532,0.08311215196461098,1260,9
final_refine_2m,2.0,660.0,396.0,769.6856501195797,1.0,1.0,0.0,1.0,0.24972677595628415,0.24972677595628415,1.0,0.36666666666666664,0.36666666666666664,79.44485335634756,93.97110352114332,184.6802588792827,199.96571962340744,234.28045698965585,0.0,42.426925944150746,0.08613062711423367,1260,9
final_refine_2m,2.0,662.0,396.0,771.401322270062,1.0,1.0,0.0,1.0,0.24972677595628415,0.24972677595628415,1.0,0.36666666666666664,0.36666666666666664,79.13811395369203,93.69470409718683,184.13714966896603,199.355682217404,233.54514835450095,0.0,42.3598346465644,0.08563622170179547,1260,9
final_refine_2m,2.0,664.0,396.0,773.1183609254149,1.0,1.0,0.0,1.0,0.2494665625813167,0.2494665625813167,1.0,0.36587301587301585,0.36587301587301585,78.8324558006303,93.41936489156559,183.55832284179888,198.74681419659362,232.81127044725994,0.0,42.29218860983356,0.0843871975019516,1260,9
final_refine_2m,2.0,666.0,396.0,774.8367570011118,1.0,1.0,0.0,1.0,0.24738485558157688,0.24738485558157688,1.0,0.3595238095238095,0.3595238095238095,78.52787985108408,93.14509137875606,182.9717471397215,198.13911516577767,232.07882250853052,0.0,42.22398679238504,0.08313817330210772,1260,9
final_refine_2m,2.0,668.0,396.0,776.5565014858868,1.0,1.0,0.0,1.0,0.24038511579495186,0.24038511579495186,1.0,0.3476190476190476,0.3476190476190476,78.22438706872936,92.87187952478911,182.38636630938495,197.5325847351558,231.3478037845702,0.0,42.15522818941527,0.08188914910226386,1260,9
final_refine_2m,2.0,670.0,396.0,778.2775854410816,1.0,1.0,0.0,1.0,0.2312256049960968,0.2312256049960968,1.0,0.3349206349206349,0.3349206349206349,77.92197842696109,92.59973693552462,181.80218004279803,196.92722252034076,230.6182135273226,0.0,42.08662504223048,0.08001561280249805,1260,9
final_refine_2m,2.0,672.0,396.0,780.0,1.0,1.0,0.0,1.0,0.24800936768149884,0.24800936768149884,1.0,0.353968253968254,0.353968253968254,77.62065490885135,92.32866176659456,181.2191880382618,196.32302814240376,229.89005099443594,0.0,42.018692985520616,0.07876658860265418,1260,9
final_refine_2m,2.0,674.0,396.0,781.7237363672667,1.0,1.0,0.0,1.0,0.24972677595628415,0.24972677595628415,1.0,0.35555555555555557,0.35555555555555557,77.32041750710661,92.0586539610356,180.63739000042568,195.72000122791127,229.16331544931828,0.0,41.951409063776936,0.07751756440281031,1260,9
final_refine_2m,2.0,676.0,396.0,783.4487858181925,1.0,1.0,0.0,1.0,0.25144418423106946,0.25144418423106946,1.0,0.35714285714285715,0.35714285714285715,77.02126722402635,91.78971168501037,180.05678564032743,195.10264975323497,228.43800616115118,0.0,41.884750589574374,0.07782982045277127,1260,9
final_refine_2m,2.0,678.0,396.0,785.175139698144,1.0,1.0,0.0,1.0,0.2531615925058548,0.2531615925058548,1.0,0.35714285714285715,0.35714285714285715,76.72320507145079,91.52183137230422,179.4773746754184,194.45097002574983,227.71412240493086,0.0,41.81869514051074,0.07907884465261514,1260,9
final_refine_2m,2.0,680.0,396.0,786.9027894219209,1.0,1.0,0.0,1.0,0.25258912308092635,0.25258912308092635,1.0,0.3523809523809524,0.3523809523809524,76.42623207070999,91.25501805102463,178.89915682962513,193.80066800506597,226.99166346149562,0.0,41.75322055620519,0.08157689305230288,1260,9
final_refine_2m,2.0,682.0,396.0,788.6317264731365,1.0,1.0,0.0,1.0,0.2531615925058548,0.2531615925058548,1.0,0.3492063492063492,0.3492063492063492,76.1303492525701,90.98940237615598,178.32213183338575,193.15174320506182,226.27062861756704,0.0,41.68830790130614,0.08469945355191257,1260,9
final_refine_2m,2.0,684.0,396.0,790.3619424036053,1.0,1.0,0.0,1.0,0.25487900078064013,0.25487900078064013,1.0,0.3492063492063492,0.3492063492063492,75.81347944902602,90.72660001805558,177.74629942368506,192.50419514668326,225.55101716578983,0.0,41.623598417533934,0.08782201405152225,1260,9
final_refine_2m,2.0,686.0,396.0,792.0934288327356,1.0,1.0,0.0,1.0,0.25573770491803277,0.25573770491803277,1.0,0.35,0.35,75.49328978732176,90.4648646420663,177.17165934410897,191.85802335800454,224.83282840473893,0.0,41.55832577163905,0.08951340098881083,1260,9
final_refine_2m,2.0,688.0,396.0,793.826177446927,1.0,1.0,0.0,1.0,0.25573770491803277,0.25573770491803277,1.0,0.35,0.35,75.17438546110775,90.20419452193885,176.59821134487896,191.21322737426783,224.11606163898267,0.0,41.49248593064332,0.08821233411397346,1260,9
final_refine_2m,2.0,690.0,396.0,795.560179998974,1.0,1.0,0.0,1.0,0.25573770491803277,0.25573770491803277,1.0,0.35,0.35,74.8567676091868,89.94458989079699,176.02595518290218,190.571907611893,223.4007161791099,0.0,41.426077865764086,0.08691126723913609,1260,9
final_refine_2m,2.0,692.0,396.0,797.295428307475,1.0,1.0,0.0,1.0,0.25417642466822793,0.25417642466822793,1.0,0.346031746031746,0.346031746031746,74.54043738074714,89.68605097438348,175.4548906218137,190.00410410219544,222.6867913417568,0.0,41.359100586599496,0.08561020036429873,1260,9
final_refine_2m,2.0,694.0,396.0,799.0319142562455,1.0,1.0,0.0,1.0,0.23669008587041374,0.23669008587041374,1.0,0.3238095238095238,0.3238095238095238,74.22539593525323,89.42857799100557,174.88501743202087,189.43736962743012,221.97428644964546,0.0,41.29175750479361,0.08365860005204268,1260,9
final_refine_2m,2.0,696.0,396.0,800.7696297937379,1.0,1.0,0.0,1.0,0.24504293520686962,0.24504293520686962,1.0,0.33015873015873015,0.33015873015873015,73.9116444423103,89.17217115148252,174.31633539074784,188.87170393202732,221.2632008316288,0.0,41.22501620144173,0.0823575331772053,1260,9
final_refine_2m,2.0,698.0,396.0,802.5085669324658,1.0,1.0,0.0,1.0,0.24863387978142076,0.24863387978142076,1.0,0.3333333333333333,0.3333333333333333,73.59918408154014,88.91683065909392,173.7488442820843,188.30710676572846,220.5535338227218,0.0,41.15896655498822,0.08105646630236794,1260,9
final_refine_2m,2.0,700.0,396.0,804.2487177484338,1.0,1.0,0.0,1.0,0.24863387978142076,0.24863387978142076,1.0,0.3333333333333333,0.3333333333333333,73.28801604244296,88.66255670953052,173.1825438970283,187.7435778836189,219.84528476413158,0.0,41.09358413539174,0.07975539942753057,1260,9
final_refine_2m,2.0,702.0,396.0,805.990074380572,1.0,1.0,0.0,1.0,0.24863387978142076,0.24863387978142076,1.0,0.3333333333333333,0.3333333333333333,72.97814152425504,88.40934949084541,172.6174340335322,187.18111704615293,219.13845300330647,0.0,41.02886217883354,0.08168097840228988,1260,9
final_refine_2m,2.0,704.0,396.0,807.7326290301761,1.0,1.0,0.0,1.0,0.24863387978142076,0.24863387978142076,1.0,0.3333333333333333,0.3333333333333333,72.66956173579953,88.15720918340824,172.05351449654975,186.61972401921335,218.43303789396043,0.0,40.96476320466347,0.0829560239396305,1260,9
final_refine_2m,2.0,706.0,396.0,809.4763739603522,1.0,1.0,0.0,1.0,0.24660421545667446,0.24660421545667446,1.0,0.32857142857142857,0.32857142857142857,72.36227789533153,87.90613595985928,171.4907850980874,186.04537070062014,217.729038796122,0.0,40.90126363223755,0.08618266978922717,1260,9
final_refine_2m,2.0,708.0,396.0,811.2213014954674,1.0,1.0,0.0,1.0,0.24600572469424928,0.24600572469424928,1.0,0.3246031746031746,0.3246031746031746,72.06403082276363,87.65722662273025,170.92924565724198,185.43814565709474,217.02645507616657,0.0,40.83828568043026,0.08940931563882383,1260,9
final_refine_2m,2.0,710.0,396.0,812.967404020604,1.0,1.0,0.0,1.0,0.2462919594067135,0.2462919594067135,1.0,0.32142857142857145,0.32142857142857145,71.78639961468258,87.41023027428675,170.3688960002591,184.83218361090798,216.32528610686404,0.0,40.77500086201065,0.0926359614884205,1260,9
final_refine_2m,2.0,712.0,396.0,814.7146739810202,1.0,1.0,0.0,1.0,0.24772313296903462,0.24772313296903462,1.0,0.32222222222222224,0.32222222222222224,71.50986300003702,87.16430089257568,169.80973596057754,184.22748424541535,215.62553126740394,0.0,40.711136789220525,0.09208951340098881,1260,9
final_refine_2m,2.0,714.0,396.0,816.4631038816145,1.0,1.0,0.0,1.0,0.25037730939370284,0.25037730939370284,1.0,0.3246031746031746,0.3246031746031746,71.23442214720922,86.91942478903522,169.25176537887498,183.62404725094095,214.92718994343497,0.0,40.64669244920631,0.09073640385115794,1260,9
final_refine_2m,2.0,716.0,396.0,818.2126862863959,1.0,1.0,0.0,1.0,0.25303148581837104,0.25303148581837104,1.0,0.326984126984127,0.326984126984127,70.96007823233515,86.67560375684556,168.69498410312033,183.02187232483533,214.23026152712902,0.0,40.58166686912284,0.08938329430132709,1260,9
final_refine_2m,2.0,718.0,396.0,819.9634138179581,1.0,1.0,0.0,1.0,0.2491543065313557,0.2491543065313557,1.0,0.32222222222222224,0.32222222222222224,70.68683243918093,86.43284888775395,168.13939198862056,182.42095917150607,213.5347454171887,0.0,40.516059116266376,0.08803018475149622,1260,9
final_refine_2m,2.0,720.0,396.0,821.7152791569596,1.0,1.0,0.0,1.0,0.23905802758261774,0.23905802758261774,1.0,0.30873015873015874,0.30873015873015874,70.41468595901212,86.19116148173245,167.58498889807768,181.82130750247464,212.84064101891076,0.0,40.45063177661818,0.08600052042674994,1260,9
final_refine_2m,2.0,722.0,396.0,823.4682750416072,1.0,1.0,0.0,1.0,0.2544626593806922,0.2544626593806922,1.0,0.32222222222222224,0.32222222222222224,70.1436399904593,85.95054512559909,167.03177470162717,181.22291703642293,212.14794774421614,0.0,40.38594590214694,0.08464741087691907,1260,9
final_refine_2m,2.0,724.0,396.0,825.2223942671454,1.0,1.0,0.0,1.0,0.2522768670309654,0.2522768670309654,1.0,0.31746031746031744,0.31746031746031744,69.87369573937357,85.71099542322828,166.47974927689617,180.62578749924532,211.4566650116996,0.0,40.32197512068061,0.08329430132708822,1260,9
final_refine_2m,2.0,726.0,396.0,826.97762968535,1.0,1.0,0.0,1.0,0.25191256830601094,0.25191256830601094,1.0,0.31666666666666665,0.31666666666666665,69.6048544186881,85.4725150598098,165.92891250905694,180.02991862408115,210.76679224665494,0.0,40.258693431586096,0.08277387457715327,1260,9
final_refine_2m,2.0,728.0,396.0,828.7339742040265,1.0,1.0,0.0,1.0,0.25191256830601094,0.25191256830601094,1.0,0.31666666666666665,0.31666666666666665,69.33711724826333,85.23510589883143,165.37926429087247,179.4353101513882,210.0783288811461,0.0,40.19607519941053,0.08558417902680197,1260,9
final_refine_2m,2.0,730.0,396.0,830.4914207865124,1.0,1.0,0.0,1.0,0.25191256830601094,0.25191256830601094,1.0,0.31666666666666665,0.31666666666666665,69.07048545472826,84.99876451732143,164.83080452274797,178.84196182896966,209.39127435401645,0.0,40.13409514770161,0.08756180067655478,1260,9
final_refine_2m,2.0,630.0,398.0,745.1872247965608,1.0,1.0,0.0,1.0,0.24207650273224043,0.24207650273224043,1.0,0.38333333333333336,0.38333333333333336,84.24552472357901,97.95408972593948,192.65071147822056,208.34641210986317,244.2176459433386,0.0,43.33459802506611,0.07632058287795992,1260,9
final_refine_2m,2.0,632.0,398.0,746.8788389022681,1.0,1.0,0.0,1.0,0.24374186833203226,0.24374186833203226,1.0,0.38492063492063494,0.38492063492063494,83.89701005389696,97.66021513682482,192.02364888676317,207.72258744323264,243.46601266185897,0.0,43.26672190082821,0.07923497267759563,1260,9
final_refine_2m,2.0,634.0,398.0,748.5719738275004,1.0,1.0,0.0,1.0,0.2454072339318241,0.2454072339318241,1.0,0.3865079365079365,0.3865079365079365,83.54973162549062,97.36898153107583,191.39787937482456,207.09993090390122,242.71581067296972,0.0,43.19902386648659,0.08214936247723133,1260,9
final_refine_2m,2.0,636.0,398.0,750.2666192761077,1.0,1.0,0.0,1.0,0.24707259953161592,0.24707259953161592,1.0,0.3880952380952381,0.3880952380952381,83.20369026660592,97.07881078210882,190.77340248126697,206.47844203217815,241.9670391554866,0.0,43.13079739830935,0.08360655737704918,1260,9
final_refine_2m,2.0,638.0,398.0,751.96276503561,1.0,1.0,0.0,1.0,0.24873796513140775,0.24873796513140775,1.0,0.3896825396825397,0.3896825396825397,82.85888681693544,96.78969483235991,190.15021775120044,205.85812037326744,241.21969729339142,0.0,43.062033674748236,0.0824095758521988,1260,9
final_refine_2m,2.0,640.0,398.0,753.660400976461,1.0,1.0,0.0,1.0,0.2491543065313557,0.2491543065313557,1.0,0.38412698412698415,0.38412698412698415,82.51532212760169,96.50163381726009,189.52832473604454,205.23896547728626,240.47378427586656,0.0,42.992731621614524,0.08061410356492324,1260,9
final_refine_2m,2.0,642.0,398.0,755.3595170513178,1.0,1.0,0.0,1.0,0.24873796513140775,0.24873796513140775,1.0,0.37777777777777777,0.37777777777777777,82.1729970611424,96.21462735712377,188.90772299354595,204.62097689930604,239.72929929731603,0.0,42.922890199270924,0.07941712204007285,1260,9
final_refine_2m,2.0,644.0,398.0,757.0601032943157,1.0,1.0,0.0,1.0,0.23682019255789746,0.23682019255789746,1.0,0.3626984126984127,0.3626984126984127,81.83191249148643,95.92867204958682,188.3409060411143,204.004154199377,238.98624155739986,0.0,42.85271280338621,0.07822014051522248,1260,9
final_refine_2m,2.0,646.0,398.0,758.7621498203505,1.0,1.0,0.0,1.0,0.2469424928441322,0.2469424928441322,1.0,0.3746031746031746,0.3746031746031746,81.4920693039307,95.6437671324365,187.79270787301652,203.38849694255546,238.2446102610574,0.0,42.78307622157175,0.07702315899037211,1260,9
final_refine_2m,2.0,648.0,398.0,760.4656468243651,1.0,1.0,0.0,1.0,0.2546448087431694,0.2546448087431694,1.0,0.38333333333333336,0.38333333333333336,81.15346839510939,95.35991386366896,187.24551881293445,202.77400469893348,237.5044046185354,0.0,42.71405535969176,0.07522768670309654,1260,9
final_refine_2m,2.0,650.0,398.0,762.1705845806435,1.0,1.0,0.0,1.0,0.2546448087431694,0.2546448087431694,1.0,0.38333333333333336,0.38333333333333336,80.8161106729693,95.0771150186355,186.69933861126674,202.16067704367643,236.76562384542686,0.0,42.64562929133289,0.07478532396565184,1260,9
final_refine_2m,2.0,652.0,398.0,763.8769534421103,1.0,1.0,0.0,1.0,0.2537080405932865,0.2537080405932865,1.0,0.38015873015873014,0.38015873015873014,80.49565994817989,94.79537207390706,186.1541670231571,201.5485135570359,236.02826716267288,0.0,42.57779523969301,0.07660681759042415,1260,9
final_refine_2m,2.0,654.0,398.0,765.5847438396353,1.0,1.0,0.0,1.0,0.25160031225604995,0.25160031225604995,1.0,0.373015873015873,0.373015873015873,80.18639938424708,94.51468430152701,185.61000380852562,200.93751382440666,235.29233379662796,0.0,42.51051790687607,0.07842831121519646,1260,9
final_refine_2m,2.0,656.0,398.0,767.2939462813453,1.0,1.0,0.0,1.0,0.24972677595628415,0.24972677595628415,1.0,0.36666666666666664,0.36666666666666664,79.87821042854995,94.23503920740372,185.0668487320916,200.32767743633278,234.55782297905535,0.0,42.44377695102082,0.08084829560239397,1260,9
final_refine_2m,2.0,658.0,398.0,769.0045513519409,1.0,1.0,0.0,1.0,0.24972677595628415,0.24972677595628415,1.0,0.36666666666666664,0.36666666666666664,79.57109398633594,93.95739917133128,184.52470156341647,199.71900398855394,233.82473394717897,0.0,42.37750727120155,0.08386677075201665,1260,9
final_refine_2m,2.0,660.0,398.0,770.7165497120196,1.0,1.0,0.0,1.0,0.24972677595628415,0.24972677595628415,1.0,0.36666666666666664,0.36666666666666664,79.26505097248065,93.68161360576885,183.94932454544883,199.11149308202428,233.0930659437067,0.0,42.31094998485832,0.08688524590163935,1260,9
final_refine_2m,2.0,662.0,398.0,772.4299320974039,1.0,1.0,0.0,1.0,0.24972677595628415,0.24972677595628415,1.0,0.36666666666666664,0.36666666666666664,78.96008231145775,93.40688593305646,183.36398808591775,198.5051443229628,232.36281821685543,0.0,42.24384278082176,0.0862607338017174,1260,9
final_refine_2m,2.0,664.0,398.0,774.1446893184761,1.0,1.0,0.0,1.0,0.24972677595628415,0.24972677595628415,1.0,0.36666666666666664,0.36666666666666664,78.6561889373067,93.13321258862086,182.77983930287868,197.89995732286914,231.6339900203929,0.0,42.1761845934211,0.0843871975019516,1260,9
final_refine_2m,2.0,666.0,398.0,775.8608122595186,1.0,1.0,0.0,1.0,0.2481654957064793,0.2481654957064793,1.0,0.3619047619047619,0.3619047619047619,78.35337179359932,92.86059560443532,182.19687788771043,197.2959316985531,230.9065806136576,0.0,42.10797439310744,0.08313817330210772,1260,9
final_refine_2m,2.0,668.0,398.0,777.5782918780591,1.0,1.0,0.0,1.0,0.24020296643247463,0.24020296643247463,1.0,0.3484126984126984,0.3484126984126984,78.05163183340692,92.58903550852649,181.61510353795722,196.69306707218982,230.18058926158773,0.0,42.03921118658222,0.08188914910226386,1260,9
final_refine_2m,2.0,670.0,398.0,779.2971192042224,1.0,1.0,0.0,1.0,0.2312256049960968,0.2312256049960968,1.0,0.3349206349206349,0.3349206349206349,77.75097001925285,92.31853353728292,181.0345159573851,196.09136307132758,229.45601523477418,0.0,41.97062312909997,0.08064012490241998,1260,9
final_refine_2m,2.0,672.0,398.0,781.0172853400877,1.0,1.0,0.0,1.0,0.24715066354410617,0.24715066354410617,1.0,0.3531746031746032,0.3531746031746032,77.45138732307969,92.0490950796337,180.45511485600716,195.47446266404594,228.73285780945693,0.0,41.9026970017947,0.07876658860265418,1260,9
final_refine_2m,2.0,674.0,398.0,782.738781459051,1.0,1.0,0.0,1.0,0.24972677595628415,0.24972677595628415,1.0,0.35555555555555557,0.35555555555555557,77.15288472619959,91.78071497841702,179.87689995013292,194.8244555722362,228.01111626759885,0.0,41.835410143288364,0.07751756440281031,1260,9
final_refine_2m,2.0,676.0,398.0,784.4615988051933,1.0,1.0,0.0,1.0,0.25144418423106946,0.25144418423106946,1.0,0.35714285714285715,0.35714285714285715,76.85546321924723,91.51339679777612,179.29987096240407,194.17581698430644,227.290789896874,0.0,41.768740154720184,0.07782982045277127,1260,9
final_refine_2m,2.0,678.0,398.0,786.1857286926544,1.0,1.0,0.0,1.0,0.25373406193078324,0.25373406193078324,1.0,0.35873015873015873,0.35873015873015873,76.55912380212894,91.24713353197653,178.72402762184169,193.5285464161784,226.5718779907428,0.0,41.702664896783865,0.0804839968774395,1260,9
final_refine_2m,2.0,680.0,398.0,787.9111625050124,1.0,1.0,0.0,1.0,0.25344782721831904,0.25344782721831904,1.0,0.3547619047619048,0.3547619047619048,76.26386748397032,90.98192881805561,178.14936966388154,192.8826433907116,225.85437984845245,0.0,41.63716248682183,0.0823575331772053,1260,9
final_refine_2m,2.0,682.0,398.0,789.6378916946678,1.0,1.0,0.0,1.0,0.25373406193078324,0.25373406193078324,1.0,0.35079365079365077,0.35079365079365077,75.94848256618211,90.71788411954887,177.57589683041888,192.238107437731,225.13829477508807,0.0,41.57222110415235,0.08548009367681499,1260,9
final_refine_2m,2.0,684.0,398.0,791.3659077822344,1.0,1.0,0.0,1.0,0.25487900078064013,0.25487900078064013,1.0,0.3492063492063492,0.3492063492063492,75.62908385123492,90.4566600835595,177.0036088698543,191.5949380940875,224.42362208159958,0.0,41.50748786332419,0.08860265417642467,1260,9
final_refine_2m,2.0,686.0,398.0,793.095202355934,1.0,1.0,0.0,1.0,0.25573770491803277,0.25573770491803277,1.0,0.35,0.35,75.3109610883368,90.19651103178826,176.43250553712474,190.9537438560594,223.71036108483423,0.0,41.44220219151889,0.09016393442622951,1260,9
final_refine_2m,2.0,688.0,398.0,794.8257670709978,1.0,1.0,0.0,1.0,0.25573770491803277,0.25573770491803277,1.0,0.35,0.35,74.99411539017949,89.9374203361101,175.86258659376466,190.3870416499615,222.9985111075768,0.0,41.3763532263271,0.08821233411397346,1260,9
final_refine_2m,2.0,690.0,398.0,796.5575936490719,1.0,1.0,0.0,1.0,0.25573770491803277,0.25573770491803277,1.0,0.35,0.35,74.67854787958315,89.67938822749586,175.29385180793668,189.82140263159312,222.28807147858913,0.0,41.309939951222134,0.08691126723913609,1260,9
final_refine_2m,2.0,692.0,398.0,798.2906738776296,1.0,1.0,0.0,1.0,0.2548009367681499,0.2548009367681499,1.0,0.3476190476190476,0.3476190476190476,74.36425968938293,89.42241492961905,174.726300954474,189.25682654464575,221.57904153262098,0.0,41.242961387518434,0.08561020036429873,1260,9
final_refine_2m,2.0,694.0,398.0,800.0249996093872,1.0,1.0,0.0,1.0,0.2373145979703357,0.2373145979703357,1.0,0.3253968253968254,0.3253968253968254,74.05125196230765,89.16650065880165,174.15993381493632,188.69331313800626,220.87142061048274,0.0,41.175634229007095,0.08430913348946135,1260,9
final_refine_2m,2.0,696.0,398.0,801.7605627617263,1.0,1.0,0.0,1.0,0.2442622950819672,0.2442622950819672,1.0,0.33015873015873015,0.33015873015873015,73.73952585084847,88.91164562396199,173.59475017764066,188.1308621658098,220.16520805904128,0.0,41.10890813325479,0.083008066614624,1260,9
final_refine_2m,2.0,698.0,398.0,803.4973553161205,1.0,1.0,0.0,1.0,0.24863387978142076,0.24863387978142076,1.0,0.3333333333333333,0.3333333333333333,73.42908251712947,88.65785002656354,173.03074983771964,187.5694733874698,219.46040323128838,0.0,41.04286436742581,0.08105646630236794,1260,9
final_refine_2m,2.0,700.0,398.0,805.2353693175679,1.0,1.0,0.0,1.0,0.24863387978142076,0.24863387978142076,1.0,0.3333333333333333,0.3333333333333333,73.1199231327653,88.40511406056572,172.46793259715687,187.00914656770283,218.75700548636007,0.0,40.977478813624074,0.07975539942753057,1260,9
final_refine_2m,2.0,702.0,398.0,806.974596874028,1.0,1.0,0.0,1.0,0.24863387978142076,0.24863387978142076,1.0,0.3333333333333333,0.3333333333333333,72.81204887871903,88.15343791237598,171.9062982648318,186.4387090990832,218.05501418957644,0.0,40.91274710407209,0.08248763986468904,1260,9
final_refine_2m,2.0,704.0,398.0,808.715030155864,1.0,1.0,0.0,1.0,0.24863387978142076,0.24863387978142076,1.0,0.3333333333333333,0.3333333333333333,72.5054609451472,87.9028217608036,171.3458466565813,185.83285125389702,217.3544287124863,0.0,40.84862991115176,0.08441321883944834,1260,9
final_refine_2m,2.0,706.0,398.0,810.4566613952902,1.0,1.0,0.0,1.0,0.2472807702315899,0.2472807702315899,1.0,0.33015873015873015,0.33015873015873015,72.20532690377587,87.65326577701468,170.78657759522164,185.22824845964982,216.65524843289342,0.0,40.785103949270955,0.08698933125162633,1260,9
final_refine_2m,2.0,708.0,398.0,812.1994828858241,1.0,1.0,0.0,1.0,0.2466822794691647,0.2466822794691647,1.0,0.3261904761904762,0.3261904761904762,71.92820310989232,87.40583146734217,170.22849091062173,184.62490039891566,215.95747273490116,0.0,40.72209978088838,0.090215977101223,1260,9
final_refine_2m,2.0,710.0,398.0,813.9434869817437,1.0,1.0,0.0,1.0,0.24696851418162893,0.24696851418162893,1.0,0.32301587301587303,0.32301587301587303,71.65216660154819,87.16033599282568,169.6715864397267,184.02280676109646,215.26110100895374,0.0,40.658804971935844,0.09344262295081968,1260,9
final_refine_2m,2.0,712.0,398.0,815.6886660975498,1.0,1.0,0.0,1.0,0.24772313296903462,0.24772313296903462,1.0,0.32222222222222224,0.32222222222222224,71.37721852237767,86.91590136087268,169.11586402662152,183.42196724247478,214.56613265186047,0.0,40.59493495563696,0.09276606817590424,1260,9
final_refine_2m,2.0,714.0,398.0,817.4350127074323,1.0,1.0,0.0,1.0,0.25037730939370284,0.25037730939370284,1.0,0.3246031746031746,0.3246031746031746,71.10336002358544,86.6725224630385,168.56132352257364,182.82238154623556,213.87256706685966,0.0,40.530488731624736,0.09073640385115794,1260,9
final_refine_2m,2.0,716.0,398.0,819.1825193447429,1.0,1.0,0.0,1.0,0.25303148581837104,0.25303148581837104,1.0,0.326984126984127,0.326984126984127,70.83059226383142,86.4301899061139,168.00796478607887,182.2240493825342,213.18040366363385,0.0,40.46546533898017,0.08938329430132709,1260,9
final_refine_2m,2.0,718.0,398.0,820.9311786014708,1.0,1.0,0.0,1.0,0.2487639864689045,0.2487639864689045,1.0,0.32222222222222224,0.32222222222222224,70.55891640909782,86.18890744864844,167.45578768291918,181.6269704685384,212.48964185836616,0.0,40.39986385636356,0.08803018475149622,1260,9
final_refine_2m,2.0,720.0,398.0,822.6809831277249,1.0,1.0,0.0,1.0,0.2394223263075722,0.2394223263075722,1.0,0.30952380952380953,0.30952380952380953,70.2883336325617,85.94868743854686,166.90479208620013,181.03114452846145,211.800281073763,0.0,40.3344640094741,0.08667707520166537,1260,9
final_refine_2m,2.0,722.0,398.0,824.4319256312191,1.0,1.0,0.0,1.0,0.25519125683060107,0.25519125683060107,1.0,0.3238095238095238,0.3238095238095238,70.018845114452,85.7095299396889,166.35497787640665,180.43657129363427,211.1123207391225,0.0,40.269795751809546,0.0853239656518345,1260,9
final_refine_2m,2.0,724.0,398.0,826.1839988767636,1.0,1.0,0.0,1.0,0.2530054644808743,0.2530054644808743,1.0,0.319047619047619,0.319047619047619,69.75045204191318,85.47143292608345,165.8063449414503,179.84325050252346,210.4257602903501,0.0,40.205833050670805,0.08329430132708822,1260,9
final_refine_2m,2.0,726.0,398.0,827.9371956857598,1.0,1.0,0.0,1.0,0.25191256830601094,0.25191256830601094,1.0,0.31666666666666665,0.31666666666666665,69.48315560885564,85.23439984218477,165.2588931767327,179.25118190080445,209.74059917000272,0.0,40.14255023737983,0.08360655737704918,1260,9
final_refine_2m,2.0,728.0,398.0,829.6915089357008,1.0,1.0,0.0,1.0,0.25191256830601094,0.25191256830601094,1.0,0.31666666666666665,0.31666666666666665,69.2169570158052,84.99842803179655,164.7126224851733,178.66036524139471,209.05683682735315,0.0,40.0799220011007,0.08641686182669789,1260,9
final_refine_2m,2.0,730.0,398.0,831.4469315596757,1.0,1.0,0.0,1.0,0.25191256830601094,0.25191256830601094,1.0,0.31666666666666665,0.31666666666666665,68.9518574697465,84.76351851583631,164.18750750687502,178.0708002845105,208.3744727184015,0.0,40.017923382834155,0.0883944834764507,1260,9
final_refine_2m,2.0,630.0,400.0,746.2573282722254,1.0,1.0,0.0,1.0,0.24207650273224043,0.24207650273224043,1.0,0.38333333333333336,0.38333333333333336,84.01076271299873,97.6428696838425,191.77241452585884,207.44679386735922,242.9695375032213,0.0,43.2194372625769,0.07704918032786885,1260,9
final_refine_2m,2.0,632.0,400.0,747.9465221524865,1.0,1.0,0.0,1.0,0.24290918553213636,0.24290918553213636,1.0,0.38412698412698415,0.38412698412698415,83.6644640231882,97.35073617408467,191.14942291841234,206.82672980089515,242.22306672411358,0.0,43.151525641912755,0.07923497267759563,1260,9
final_refine_2m,2.0,634.0,400.0,749.6372456061665,1.0,1.0,0.0,1.0,0.2454072339318241,0.2454072339318241,1.0,0.3865079365079365,0.3865079365079365,83.31939385960389,97.06124089533068,190.5277152548774,206.20782615894632,241.47801593617672,0.0,43.08379664738517,0.08214936247723133,1260,9
final_refine_2m,2.0,636.0,400.0,751.3294883072273,1.0,1.0,0.0,1.0,0.24707259953161592,0.24707259953161592,1.0,0.3880952380952381,0.3880952380952381,82.97555304316532,96.77281310118569,189.90729108831715,205.5900824941152,240.73438433719858,0.0,43.01554906298254,0.08360655737704918,1260,9
final_refine_2m,2.0,638.0,400.0,753.023240013215,1.0,1.0,0.0,1.0,0.24873796513140775,0.24873796513140775,1.0,0.3896825396825397,0.3896825396825397,82.63294240595388,96.48543331866468,189.2881499780152,204.97349836387258,239.99217113008436,0.0,42.94676778594954,0.0824095758521988,1260,9
final_refine_2m,2.0,640.0,400.0,754.7184905645283,1.0,1.0,0.0,1.0,0.24977881863127765,0.24977881863127765,1.0,0.3865079365079365,0.3865079365079365,82.29156279119671,96.19910168232022,188.72163408241772,204.35807333055894,239.25137552289712,0.0,42.877451754256455,0.08121259432734843,1260,9
final_refine_2m,2.0,642.0,400.0,756.4152298836929,1.0,1.0,0.0,1.0,0.24936247723132968,0.24936247723132968,1.0,0.38015873015873014,0.38015873015873014,81.95141505324176,95.91381832086793,188.17442036882778,203.7438069614346,238.51199672889078,0.0,42.80759993993739,0.07941712204007285,1260,9
final_refine_2m,2.0,644.0,400.0,758.1134479746419,1.0,1.0,0.0,1.0,0.23682019255789746,0.23682019255789746,1.0,0.3626984126984127,0.3626984126984127,81.61250005753843,95.62958121143984,187.6282105186574,203.1306988287049,237.7740339665155,0.0,42.7374279081532,0.07822014051522248,1260,9
final_refine_2m,2.0,646.0,400.0,759.8131349220017,1.0,1.0,0.0,1.0,0.24564142596929484,0.24564142596929484,1.0,0.373015873015873,0.373015873015873,81.27481868060606,95.3463876551559,187.0830042817178,202.5187485095393,237.0374864594699,0.0,42.66779604371026,0.07702315899037211,1260,9
final_refine_2m,2.0,648.0,400.0,761.5142808903848,1.0,1.0,0.0,1.0,0.2546448087431694,0.2546448087431694,1.0,0.38333333333333336,0.38333333333333336,80.93837181000278,95.06423817411998,186.5388014124694,201.90795558612277,236.30235343670142,0.0,42.59877134727037,0.07582617746552173,1260,9
final_refine_2m,2.0,650.0,400.0,763.2168761236874,1.0,1.0,0.0,1.0,0.2546448087431694,0.2546448087431694,1.0,0.38333333333333336,0.38333333333333336,80.61989115237147,94.78313514252972,185.99560167006936,201.2983196456555,235.56863413247137,0.0,42.53033315780346,0.07538381472807702,1260,9
final_refine_2m,2.0,652.0,400.0,764.920910944393,1.0,1.0,0.0,1.0,0.2544106167056987,0.2544106167056987,1.0,0.3825396825396825,0.3825396825396825,80.31134047400428,94.5030807453873,185.45340481838187,200.68984028040933,234.8363277863414,0.0,42.46248088294097,0.07660681759042415,1260,9
final_refine_2m,2.0,654.0,400.0,766.6263757528826,1.0,1.0,0.0,1.0,0.25230288836846215,0.25230288836846215,1.0,0.3753968253968254,0.3753968253968254,80.00385464690443,94.22407528346733,184.9122106260123,200.08251708774355,234.10543364324334,0.0,42.39517750977236,0.07918293000260214,1260,9
final_refine_2m,2.0,656.0,400.0,768.33326102675,1.0,1.0,0.0,1.0,0.2501951600312256,0.2501951600312256,1.0,0.3682539682539683,0.3682539682539683,79.69743455753594,93.9461138475447,184.34024265758072,199.476349670141,233.3759509534706,0.0,42.3284029496641,0.08160291438979964,1260,9
final_refine_2m,2.0,658.0,400.0,770.0415573201228,1.0,1.0,0.0,1.0,0.24972677595628415,0.24972677595628415,1.0,0.36666666666666664,0.36666666666666664,79.39208110176942,93.6701148848605,183.75613305979823,198.87133763524145,232.64787897274277,0.0,42.262099783609685,0.08462138953942233,1260,9
final_refine_2m,2.0,660.0,400.0,771.7512552629895,1.0,1.0,0.0,1.0,0.24972677595628415,0.24972677595628415,1.0,0.36666666666666664,0.36666666666666664,79.08779518486169,93.3959900360861,183.17320402772603,198.26748059586168,231.92121696220133,0.0,42.19552394925672,0.08688524590163935,1260,9
final_refine_2m,2.0,662.0,400.0,773.4623455605321,1.0,1.0,0.0,1.0,0.24972677595628415,0.24972677595628415,1.0,0.36666666666666664,0.36666666666666664,78.78457772141539,93.12291329975443,182.5914552521778,197.66477817004105,231.19596418846606,0.0,42.12840190446382,0.0862607338017174,1260,9
final_refine_2m,2.0,664.0,400.0,775.1748189924645,1.0,1.0,0.0,1.0,0.24972677595628415,0.24972677595628415,1.0,0.36666666666666664,0.36666666666666664,78.48242963535452,92.85088752458749,182.01088643002086,197.0632299810635,230.47211992366124,0.0,42.06073259596361,0.08501170960187354,1260,9
final_refine_2m,2.0,666.0,400.0,776.888666412376,1.0,1.0,0.0,1.0,0.24868592245641427,0.24868592245641427,1.0,0.3634920634920635,0.3634920634920635,78.18135185987816,92.57990833185703,181.43149726420407,196.46283565749584,229.74968344542452,0.0,41.992515006103105,0.08376268540202966,1260,9
final_refine_2m,2.0,668.0,400.0,778.6038787470815,1.0,1.0,0.0,1.0,0.2395784543325527,0.2395784543325527,1.0,0.3492063492063492,0.3492063492063492,77.88134533743431,92.30998122406804,180.85328746381145,195.8463854804138,229.0286540369651,0.0,41.92374815297056,0.08188914910226386,1260,9
final_refine_2m,2.0,670.0,400.0,780.3204469959761,1.0,1.0,0.0,1.0,0.23148581837106427,0.23148581837106427,1.0,0.3357142857142857,0.3357142857142857,77.58241101966561,92.04110252421134,180.2762567440767,195.19803317865075,228.30903098708657,0.0,41.855175942325644,0.08064012490241998,1260,9
final_refine_2m,2.0,672.0,400.0,782.0383622303959,1.0,1.0,0.0,1.0,0.24715066354410617,0.24715066354410617,1.0,0.3531746031746032,0.3531746031746032,77.28454986737597,91.77327932271041,179.70040482645592,194.5510402951475,227.5908135902083,0.0,41.78725659895363,0.07939110070257611,1260,9
final_refine_2m,2.0,674.0,400.0,783.7576155929842,1.0,1.0,0.0,1.0,0.24972677595628415,0.24972677595628415,1.0,0.35555555555555557,0.35555555555555557,76.987762850477,91.50651018990752,179.12573143863585,193.9054063479007,226.8740011464079,0.0,41.71996775088643,0.07814207650273224,1260,9
final_refine_2m,2.0,676.0,400.0,785.4781982970628,1.0,1.0,0.0,1.0,0.25144418423106946,0.25144418423106946,1.0,0.35714285714285715,0.35714285714285715,76.69205094794013,91.24079460770281,178.55223631459427,193.26113086168868,226.15859296145078,0.0,41.65328728323389,0.07923497267759563,1260,9
final_refine_2m,2.0,678.0,400.0,787.2001016260097,1.0,1.0,0.0,1.0,0.2540202966432475,0.2540202966432475,1.0,0.3595238095238095,0.3595238095238095,76.39741514774394,90.97613121264355,177.97991919464116,192.6182133681234,225.44458834682382,0.0,41.5871933353159,0.0804839968774395,1260,9
final_refine_2m,2.0,680.0,400.0,788.9233169326408,1.0,1.0,0.0,1.0,0.2540202966432475,0.2540202966432475,1.0,0.35634920634920636,0.35634920634920636,76.08349755505982,90.71251597225275,177.40877982544868,191.97665340568307,224.7319866197641,0.0,41.52166429784979,0.08313817330210772,1260,9
final_refine_2m,2.0,682.0,400.0,790.6478356385983,1.0,1.0,0.0,1.0,0.2543065313557117,0.2543065313557117,1.0,0.3523809523809524,0.3523809523809524,75.7648817657761,90.45003192430781,176.83881796009402,191.3364505197752,224.02078710329496,0.0,41.45669539414869,0.0862607338017174,1260,9
final_refine_2m,2.0,684.0,400.0,792.3736492337438,1.0,1.0,0.0,1.0,0.25487900078064013,0.25487900078064013,1.0,0.3492063492063492,0.3492063492063492,75.44753267213032,90.19035997764715,176.27003335811602,190.7699764395979,223.31098912626385,0.0,41.39193955452861,0.08938329430132709,1260,9
final_refine_2m,2.0,686.0,400.0,794.1007492755564,1.0,1.0,0.0,1.0,0.25573770491803277,0.25573770491803277,1.0,0.35,0.35,75.13145136134538,89.93177891184092,175.70242578554192,190.20542234500994,222.60259202336061,0.0,41.32664191106984,0.09016393442622951,1260,9
final_refine_2m,2.0,688.0,400.0,795.8291273885368,1.0,1.0,0.0,1.0,0.25573770491803277,0.25573770491803277,1.0,0.35,0.35,74.81663893052395,89.67424938452959,175.1359950149318,189.64192539690643,221.8955951351792,0.0,41.260784838231146,0.08886286755139214,1260,9
final_refine_2m,2.0,690.0,400.0,797.5587752636166,1.0,1.0,0.0,1.0,0.25573770491803277,0.25573770491803277,1.0,0.35,0.35,74.50309648653706,89.41777162450552,174.57074082543213,189.07948534338965,221.18999780822114,0.0,41.19436733160684,0.08756180067655478,1260,9
final_refine_2m,2.0,692.0,400.0,799.2896846575715,1.0,1.0,0.0,1.0,0.25542544886807184,0.25542544886807184,1.0,0.3492063492063492,0.3492063492063492,74.19082514589785,89.16234585334551,174.00666300281026,188.51810193771482,220.48579939495045,0.0,41.12738842410303,0.08561020036429873,1260,9
final_refine_2m,2.0,694.0,400.0,801.0218473924416,1.0,1.0,0.0,1.0,0.23793911007025761,0.23793911007025761,1.0,0.326984126984127,0.326984126984127,73.87982603464465,88.90797228535773,173.4437613394962,187.95777493829945,219.7829992538237,0.0,41.06007795489979,0.08430913348946135,1260,9
final_refine_2m,2.0,696.0,400.0,802.7552553549556,1.0,1.0,0.0,1.0,0.24348165495706478,0.24348165495706478,1.0,0.33015873015873015,0.33015873015873015,73.57010028820564,88.6546511275296,172.88203563463304,187.3985041087739,219.0815967493291,0.0,40.99336784361307,0.083008066614624,1260,9
final_refine_2m,2.0,698.0,400.0,804.4899004959602,1.0,1.0,0.0,1.0,0.24863387978142076,0.24863387978142076,1.0,0.3333333333333333,0.3333333333333333,73.26164905126271,88.40238257947706,172.32148569411845,186.83193467539576,218.3815912520115,0.0,40.927330833350155,0.08170699973978662,1260,9
final_refine_2m,2.0,700.0,400.0,806.2257748298549,1.0,1.0,0.0,1.0,0.24863387978142076,0.24863387978142076,1.0,0.3333333333333333,0.3333333333333333,72.9544734776152,88.15116683339586,171.7621113306567,186.22743012190418,217.68298213852037,0.0,40.86194311336671,0.08121259432734843,1260,9
final_refine_2m,2.0,702.0,400.0,807.9628704340317,1.0,1.0,0.0,1.0,0.24863387978142076,0.24863387978142076,1.0,0.3333333333333333,0.3333333333333333,72.648574730024,87.90100407401361,171.2039123637839,185.62417276974074,216.98576879164054,0.0,40.79720268636498,0.08248763986468904,1260,9
final_refine_2m,2.0,704.0,400.0,809.7011794483196,1.0,1.0,0.0,1.0,0.24863387978142076,0.24863387978142076,1.0,0.3333333333333333,0.3333333333333333,72.34658099119599,87.6518944785441,170.64688861993918,185.02216230078622,216.28995060033236,0.0,40.73306839469081,0.08521988030184752,1260,9
final_refine_2m,2.0,706.0,400.0,811.4406940744345,1.0,1.0,0.0,1.0,0.24761904761904763,0.24761904761904763,1.0,0.33095238095238094,0.33095238095238094,72.06996010562999,87.4038382166425,170.09103993248988,184.42139840360292,215.59552695976183,0.0,40.66951724319425,0.0877959927140255,1260,9
final_refine_2m,2.0,708.0,400.0,813.1814065754332,1.0,1.0,0.0,1.0,0.24735883424408014,0.24735883424408014,1.0,0.3277777777777778,0.3277777777777778,71.79441929086903,87.1578615870301,169.53636614179626,183.82188077347803,214.902497271348,0.0,40.60648805554599,0.09102263856362217,1260,9
final_refine_2m,2.0,710.0,400.0,814.9233092751734,1.0,1.0,0.0,1.0,0.24764506895654437,0.24764506895654437,1.0,0.3246031746031746,0.3246031746031746,71.51995966637078,86.9138496328324,168.98286709523555,183.22360911248214,214.21086094280207,0.0,40.54318429575865,0.09344262295081968,1260,9
final_refine_2m,2.0,712.0,400.0,816.6663945577778,1.0,1.0,0.0,1.0,0.24772313296903462,0.24772313296903462,1.0,0.32222222222222224,0.32222222222222224,71.24658235899767,86.67089167803182,168.43054264727527,182.6265831294894,213.52061738814822,0.0,40.479309336341665,0.09276606817590424,1260,9
final_refine_2m,2.0,714.0,400.0,818.4106548671027,1.0,1.0,0.0,1.0,0.25037730939370284,0.25037730939370284,1.0,0.3246031746031746,0.3246031746031746,70.97428850288688,86.42898799999288,167.87939265949692,182.03080254024485,212.83176602778587,0.0,40.414862189272355,0.09141295862607338,1260,9
final_refine_2m,2.0,716.0,400.0,820.1560827062127,1.0,1.0,0.0,1.0,0.25214676034348166,0.25214676034348166,1.0,0.3261904761904762,0.3261904761904762,70.70307923933095,86.18812713724367,167.32941700065817,181.43626706740335,212.14430628851636,0.0,40.349841905426466,0.08938329430132709,1260,9
final_refine_2m,2.0,718.0,400.0,821.9026706368583,1.0,1.0,0.0,1.0,0.24725474889409316,0.24725474889409316,1.0,0.32063492063492066,0.32063492063492066,70.432955716645,85.94830491516912,166.78061554673886,180.8429764405685,211.45823760357436,0.0,40.284247574707905,0.08803018475149622,1260,9
final_refine_2m,2.0,720.0,400.0,823.6504112789601,1.0,1.0,0.0,1.0,0.24015092375748112,0.24015092375748112,1.0,0.3111111111111111,0.3111111111111111,70.1639190900383,85.70953603379432,166.23298818098394,180.2509303963475,210.77355941269232,0.0,40.21887588614182,0.08667707520166537,1260,9
final_refine_2m,2.0,722.0,400.0,825.3992973100959,1.0,1.0,0.0,1.0,0.25591985428051,0.25591985428051,1.0,0.3253968253968254,0.3253968253968254,69.89597052147315,85.4718198403051,165.6865347939621,179.6601286783888,210.09027116211965,0.0,40.15422601579964,0.0853239656518345,1260,9
final_refine_2m,2.0,724.0,400.0,827.149321464994,1.0,1.0,0.0,1.0,0.25336976320582877,0.25336976320582877,1.0,0.3198412698412698,0.3198412698412698,69.6291111795181,85.23515886624426,165.1412552836053,179.07057103744415,209.40837230466389,0.0,40.09027226498016,0.08397085610200364,1260,9
final_refine_2m,2.0,726.0,400.0,828.9004765350301,1.0,1.0,0.0,1.0,0.25191256830601094,0.25191256830601094,1.0,0.31666666666666665,0.31666666666666665,69.3633422392082,84.99955521864061,164.60649856262586,178.48225723140177,208.72786229975063,0.0,40.02698929165572,0.08511579495186053,1260,9
final_refine_2m,2.0,728.0,400.0,830.6527553677289,1.0,1.0,0.0,1.0,0.25191256830601094,0.25191256830601094,1.0,0.31666666666666665,0.31666666666666665,69.0986648818847,84.76500513584644,164.10922487378775,177.89518702533502,208.04874061344077,0.0,39.964352104467736,0.08641686182669789,1260,9
final_refine_2m,2.0,730.0,400.0,832.4061508662703,1.0,1.0,0.0,1.0,0.25191256830601094,0.25191256830601094,1.0,0.31666666666666665,0.31666666666666665,68.83508029503967,84.53151178571235,163.6129323029962,177.30936019156414,207.371006718495,0.0,39.90233605689042,0.08922716627634661,1260,9
final_refine_2m,2.0,630.0,402.0,747.331251855561,1.0,1.0,0.0,1.0,0.24207650273224043,0.24207650273224043,1.0,0.38333333333333336,0.38333333333333336,83.77942048786096,97.33574747934327,190.90526512489126,206.55785928983775,241.73767960699803,0.0,43.10480667722697,0.07704918032786885,1260,9
final_refine_2m,2.0,632.0,402.0,749.0180238151817,1.0,1.0,0.0,1.0,0.24290918553213636,0.24290918553213636,1.0,0.38412698412698415,0.38412698412698415,83.43531116104538,97.04533784237074,190.28629459311472,205.9415126713876,240.9963040174045,0.0,43.03686079456261,0.07996357012750456,1260,9
final_refine_2m,2.0,634.0,402.0,750.7063340614624,1.0,1.0,0.0,1.0,0.2454072339318241,0.2454072339318241,1.0,0.3865079365079365,0.3865079365079365,83.09242272843953,96.7575578142317,189.66859900180017,205.32631888054343,240.25633729589813,0.0,42.96910203058352,0.08287795992714025,1260,9
final_refine_2m,2.0,636.0,402.0,752.3961722390671,1.0,1.0,0.0,1.0,0.24707259953161592,0.24707259953161592,1.0,0.3880952380952381,0.3880952380952381,82.75075600352453,96.47085291279679,189.1023840227535,204.7122774819423,239.51777865880274,0.0,42.90083442594195,0.08360655737704918,1260,9
final_refine_2m,2.0,638.0,402.0,754.0875280761511,1.0,1.0,0.0,1.0,0.24873796513140775,0.24873796513140775,1.0,0.3896825396825397,0.3896825396825397,82.41031181066958,96.18518931703831,188.5561455023146,204.0993880450448,238.78062732753298,0.0,42.83203665748849,0.0824095758521988,1260,9
final_refine_2m,2.0,640.0,402.0,755.7803913836347,1.0,1.0,0.0,1.0,0.2504033307311996,0.2504033307311996,1.0,0.3888888888888889,0.3888888888888889,82.07109098510243,95.90056716058706,188.01090565462187,203.4876501441584,238.04488252861307,0.0,42.76270767522207,0.08121259432734843,1260,9
final_refine_2m,2.0,642.0,402.0,757.4747520544827,1.0,1.0,0.0,1.0,0.24998698933125163,0.24998698933125163,1.0,0.3825396825396825,0.3825396825396825,81.73309437288853,95.61698657130536,187.46666422894117,202.8770633584752,237.31054349370706,0.0,42.692846462727374,0.08001561280249805,1260,9
final_refine_2m,2.0,644.0,402.0,759.1706000629898,1.0,1.0,0.0,1.0,0.23682019255789746,0.23682019255789746,1.0,0.3626984126984127,0.3626984126984127,81.39632283090354,95.33444711948145,186.92342097911356,202.2676272720828,236.57760945964046,0.0,42.62268063026342,0.07881863127764767,1260,9
final_refine_2m,2.0,646.0,402.0,760.8679254640716,1.0,1.0,0.0,1.0,0.24434035909445745,0.24434035909445745,1.0,0.37142857142857144,0.37142857142857144,81.06077722680324,95.05294546566272,186.38117566357798,201.65934147402044,235.84607966844268,0.0,42.55305432836647,0.07702315899037211,1260,9
final_refine_2m,2.0,648.0,402.0,762.5667183925614,1.0,1.0,0.0,1.0,0.2546448087431694,0.2546448087431694,1.0,0.38333333333333336,0.38333333333333336,80.74424209657357,94.77248080025522,185.8399280453937,201.05220555827864,235.11595336735968,0.0,42.48402673209954,0.07582617746552173,1260,9
final_refine_2m,2.0,650.0,402.0,764.2669690625129,1.0,1.0,0.0,1.0,0.2546448087431694,0.2546448087431694,1.0,0.38333333333333336,0.38333333333333336,80.4363943330937,94.4930544554656,185.29967789228488,200.44621912385193,234.3872298088789,0.0,42.415577441608185,0.07613843351548269,1260,9
final_refine_2m,2.0,652.0,402.0,765.9686677665086,1.0,1.0,0.0,1.0,0.2546448087431694,0.2546448087431694,1.0,0.38333333333333336,0.38333333333333336,80.12960474400563,94.21466918477552,184.7310789104416,199.84138177475828,233.6599082507821,0.0,42.347708025874276,0.07795992714025501,1260,9
final_refine_2m,2.0,654.0,402.0,767.6718048749739,1.0,1.0,0.0,1.0,0.2530054644808743,0.2530054644808743,1.0,0.37777777777777777,0.37777777777777777,79.82387419740466,93.93732639943008,184.1481839790162,199.2376931200699,232.93398795614533,0.0,42.28037977273555,0.07978142076502732,1260,9
final_refine_2m,2.0,656.0,402.0,769.3763708354969,1.0,1.0,0.0,1.0,0.2508977361436378,0.2508977361436378,1.0,0.37063492063492065,0.37063492063492065,79.51920357058592,93.66102542037652,183.56646258552402,198.6351527739465,232.2094681933867,0.0,42.21357284285383,0.08160291438979964,1260,9
final_refine_2m,2.0,658.0,402.0,771.0823561721536,1.0,1.0,0.0,1.0,0.24972677595628415,0.24972677595628415,1.0,0.36666666666666664,0.36666666666666664,79.21559375001276,93.38665226307268,182.98591442028848,198.03376035566262,231.48634823628558,0.0,42.14723742360147,0.08462138953942233,1260,9
final_refine_2m,2.0,660.0,402.0,772.7897514848395,1.0,1.0,0.0,1.0,0.24972677595628415,0.24972677595628415,1.0,0.36666666666666664,0.36666666666666664,78.9130456312916,93.11416940432542,182.40653917956774,197.43351548964154,230.76462736401942,0.0,42.08064413000829,0.08688524590163935,1260,9
final_refine_2m,2.0,662.0,402.0,774.4985474486056,1.0,1.0,0.0,1.0,0.24972677595628415,0.24972677595628415,1.0,0.36666666666666664,0.36666666666666664,78.61156011913279,92.84272564125583,181.8283365655691,196.83441780548566,230.04430486118812,0.0,42.01350829774921,0.0862607338017174,1260,9
final_refine_2m,2.0,664.0,402.0,776.2087348130012,1.0,1.0,0.0,1.0,0.24972677595628415,0.24972677595628415,1.0,0.36666666666666664,0.36666666666666664,78.31113812731998,92.57232623696787,181.25130628651303,196.2184169770373,229.32538001784692,0.0,41.94582888582355,0.08501170960187354,1260,9
final_refine_2m,2.0,666.0,402.0,777.9203044014213,1.0,1.0,0.0,1.0,0.2492063492063492,0.2492063492063492,1.0,0.36507936507936506,0.36507936507936506,78.01178057866784,92.30296823138364,180.6754480566545,195.57170190463762,228.60785212953655,0.0,41.877604888347435,0.08376268540202966,1260,9
final_refine_2m,2.0,668.0,402.0,779.6332471104603,1.0,1.0,0.0,1.0,0.23939630497007547,0.23939630497007547,1.0,0.35,0.35,77.71348840498443,92.03465284140098,180.100761596327,194.92633728002258,227.8917204973099,0.0,41.8088353346791,0.0825136612021858,1260,9
final_refine_2m,2.0,670.0,402.0,781.3475539092702,1.0,1.0,0.0,1.0,0.2320062451209992,0.2320062451209992,1.0,0.3373015873015873,0.3373015873015873,77.41626254702666,91.76738138665462,179.52724663198774,194.28232262327273,227.17698442777234,0.0,41.74027972014461,0.08064012490241998,1260,9
final_refine_2m,2.0,672.0,402.0,783.0632158389258,1.0,1.0,0.0,1.0,0.24715066354410617,0.24715066354410617,1.0,0.3531746031746032,0.3531746031746032,77.12010395445178,91.50115437545183,178.95490289624644,193.6396574611082,226.4636432331043,0.0,41.67236800581915,0.07939110070257611,1260,9
final_refine_2m,2.0,674.0,402.0,784.780224011793,1.0,1.0,0.0,1.0,0.24972677595628415,0.24972677595628415,1.0,0.35555555555555557,0.35555555555555557,76.82501358577295,91.23597778169932,178.38373012790814,192.9983413269463,225.75169623110065,0.0,41.605078104521134,0.07814207650273224,1260,9
final_refine_2m,2.0,676.0,402.0,786.4985696109053,1.0,1.0,0.0,1.0,0.25144418423106946,0.25144418423106946,1.0,0.35714285714285715,0.35714285714285715,76.53099240830097,90.97184608223257,177.81372807201743,192.35837376092985,225.04114274519233,0.0,41.53838818083121,0.08001561280249805,1260,9
final_refine_2m,2.0,678.0,402.0,788.2182438893432,1.0,1.0,0.0,1.0,0.2540202966432475,0.2540202966432475,1.0,0.3595238095238095,0.3595238095238095,76.21852488306588,90.70876251264085,177.24489647989924,191.71975430997185,224.3319821044883,0.0,41.47227664831654,0.08188914910226386,1260,9
final_refine_2m,2.0,680.0,402.0,789.9392381696202,1.0,1.0,0.0,1.0,0.2545927660681759,0.2545927660681759,1.0,0.35793650793650794,0.35793650793650794,75.9006841213402,90.4467209152161,176.67723510919652,191.15290896035873,223.62421364380333,0.0,41.406722166808265,0.08376268540202966,1260,9
final_refine_2m,2.0,682.0,402.0,791.6615438430744,1.0,1.0,0.0,1.0,0.25487900078064013,0.25487900078064013,1.0,0.353968253968254,0.353968253968254,75.58410092341929,90.18578501709399,176.11074372390328,190.58942940887874,222.91783670369367,0.0,41.34172693398684,0.0862607338017174,1260,9
final_refine_2m,2.0,684.0,402.0,793.3851523692639,1.0,1.0,0.0,1.0,0.2554514702055686,0.2554514702055686,1.0,0.35079365079365077,0.35079365079365077,75.26877635168671,89.92764594099444,175.5454220944298,190.02700128094958,222.21285063049038,0.0,41.276949639701485,0.08938329430132709,1260,9
final_refine_2m,2.0,686.0,402.0,795.1100552753688,1.0,1.0,0.0,1.0,0.25573770491803277,0.25573770491803277,1.0,0.35,0.35,74.95471147816204,89.6706092749757,174.98126999761357,189.4656243239608,221.50925477632356,0.0,41.2116410661974,0.09016393442622951,1260,9
final_refine_2m,2.0,688.0,402.0,796.8362441555981,1.0,1.0,0.0,1.0,0.25573770491803277,0.25573770491803277,1.0,0.35,0.35,74.641907384388,89.41462296435698,174.41828721678962,188.90529829033073,220.8070484991738,0.0,41.145776890139764,0.08886286755139214,1260,9
final_refine_2m,2.0,690.0,402.0,798.5637106706014,1.0,1.0,0.0,1.0,0.25573770491803277,0.25573770491803277,1.0,0.35,0.35,74.3303651613152,89.15968168193609,173.8564735418149,188.34602293755955,220.1062311628941,0.0,41.07935611911046,0.08756180067655478,1260,9
final_refine_2m,2.0,692.0,402.0,800.2924465468858,1.0,1.0,0.0,1.0,0.25573770491803277,0.25573770491803277,1.0,0.35,0.35,74.02008590918179,88.90578564716789,173.29582876911783,187.7877980282521,219.4068021372422,0.0,41.01237779748431,0.0862607338017174,1260,9
final_refine_2m,2.0,694.0,402.0,802.0224435762381,1.0,1.0,0.0,1.0,0.23856362217017954,0.23856362217017954,1.0,0.32857142857142857,0.32857142857142857,73.71107073738118,88.65293507231975,172.73635270174233,187.22504965596715,218.70876079793345,0.0,40.94508477517289,0.08495966692688005,1260,9
final_refine_2m,2.0,696.0,402.0,803.7536936151522,1.0,1.0,0.0,1.0,0.24270101483216236,0.24270101483216236,1.0,0.33015873015873015,0.33015873015873015,73.40332076433363,88.40113016241995,172.1780451493891,186.62188469939613,218.01210652664656,0.0,40.878391416552006,0.083008066614624,1260,9
final_refine_2m,2.0,698.0,402.0,805.4861885842612,1.0,1.0,0.0,1.0,0.24894613583138173,0.24894613583138173,1.0,0.3341269841269841,0.3341269841269841,73.09683711734607,88.15037111520765,171.62090592845655,186.0199591896185,217.316838711093,0.0,40.81236202657612,0.08170699973978662,1260,9
final_refine_2m,2.0,700.0,402.0,807.2199204677744,1.0,1.0,0.0,1.0,0.24863387978142076,0.24863387978142076,1.0,0.3333333333333333,0.3333333333333333,72.79162093246792,87.9006581210838,171.06493486209567,185.419272807891,216.6229567450247,0.0,40.74697309676155,0.0820192557897476,1260,9
final_refine_2m,2.0,702.0,402.0,808.9548813129197,1.0,1.0,0.0,1.0,0.24863387978142076,0.24863387978142076,1.0,0.3333333333333333,0.3333333333333333,72.48779424785917,87.65199136306427,170.51013178024348,184.819825242012,215.93046002828882,0.0,40.68222497513387,0.0839448347645069,1260,9
final_refine_2m,2.0,704.0,402.0,810.6910632293907,1.0,1.0,0.0,1.0,0.24863387978142076,0.24863387978142076,1.0,0.3333333333333333,0.3333333333333333,72.21167182514499,87.40437101673385,169.95649651967386,184.2216161863718,215.23934796685367,0.0,40.61807469070418,0.0858704137392662,1260,9
final_refine_2m,2.0,706.0,402.0,812.4284583887987,1.0,1.0,0.0,1.0,0.24829560239396306,0.24829560239396306,1.0,0.3325396825396825,0.3325396825396825,71.93662234994565,87.15779725020207,169.40402892404276,183.6246453419899,214.54961997284713,0.0,40.55449953424743,0.0877959927140255,1260,9
final_refine_2m,2.0,708.0,402.0,814.1670590241292,1.0,1.0,0.0,1.0,0.24803538901899558,0.24803538901899558,1.0,0.32936507936507936,0.32936507936507936,71.66264691811165,86.91326124314898,168.85272884393245,183.0289124165676,213.86127546460776,0.0,40.491446509487346,0.09102263856362217,1260,9
final_refine_2m,2.0,710.0,402.0,815.9068574292044,1.0,1.0,0.0,1.0,0.2474368982565704,0.2474368982565704,1.0,0.3253968253968254,0.3253968253968254,71.38974663272091,86.67071574415411,168.30259613689344,182.43441712452287,213.17431386670026,0.0,40.42813482567106,0.09344262295081968,1260,9
final_refine_2m,2.0,712.0,402.0,817.6478459581484,1.0,1.0,0.0,1.0,0.24772313296903462,0.24772313296903462,1.0,0.32222222222222224,0.32222222222222224,71.11792260396331,86.4292174818213,167.75363066750748,181.84115918703793,212.48873460997171,0.0,40.36425591118207,0.09276606817590424,1260,9
final_refine_2m,2.0,714.0,402.0,819.3900170248597,1.0,1.0,0.0,1.0,0.25037730939370284,0.25037730939370284,1.0,0.3246031746031746,0.3246031746031746,70.84717594901281,86.18876673064285,167.2058323074126,181.24913833209993,211.80453713157968,0.0,40.29980879020157,0.09141295862607338,1260,9
final_refine_2m,2.0,716.0,402.0,821.1333631024866,1.0,1.0,0.0,1.0,0.25214676034348166,0.25214676034348166,1.0,0.3261904761904762,0.3261904761904762,70.57750779190718,85.94936057434184,166.65920093535965,180.65835429456013,211.12172087504186,0.0,40.234792525270265,0.09005984907624252,1260,9
final_refine_2m,2.0,718.0,402.0,822.8778767229072,1.0,1.0,0.0,1.0,0.24650013010668748,0.24650013010668748,1.0,0.3198412698412698,0.3198412698412698,70.30891926341928,85.71098782202677,166.11373643726967,180.06880681615473,210.44028529026144,0.0,40.16920621741664,0.08870673952641166,1260,9
final_refine_2m,2.0,720.0,402.0,824.6235504762158,1.0,1.0,0.0,1.0,0.24087952120739006,0.24087952120739006,1.0,0.3126984126984127,0.3126984126984127,70.04141150091408,85.47365126527644,165.56943870626816,179.48049564557837,209.76022983357797,0.0,40.10386334530817,0.08667707520166537,1260,9
final_refine_2m,2.0,722.0,402.0,826.370377010212,1.0,1.0,0.0,1.0,0.2562841530054645,0.2562841530054645,1.0,0.3261904761904762,0.3261904761904762,69.77498564821543,85.23736108678689,165.02630764273206,178.89342053851058,209.08155396780097,0.0,40.039232623688456,0.0853239656518345,1260,9
final_refine_2m,2.0,724.0,402.0,828.1183490298956,1.0,1.0,0.0,1.0,0.2540983606557377,0.2540983606557377,1.0,0.32142857142857145,0.32142857142857145,69.50964285546065,85.00212108441553,164.52859967916646,178.30758125766516,208.40425716225715,0.0,39.975288682492504,0.08397085610200364,1260,9
final_refine_2m,2.0,726.0,402.0,829.8674592969651,1.0,1.0,0.0,1.0,0.25191256830601094,0.25191256830601094,1.0,0.31666666666666665,0.31666666666666665,69.24538427894907,84.76792854584012,164.03301613163813,177.7229775728454,207.72833889281947,0.0,39.91200650114703,0.08594847775175644,1260,9
final_refine_2m,2.0,728.0,402.0,831.6177006293216,1.0,1.0,0.0,1.0,0.25191256830601094,0.25191256830601094,1.0,0.31666666666666665,0.31666666666666665,68.98221108099145,84.53478430176986,163.53840854072024,177.13960926098315,207.0537986419656,0.0,39.84936140273555,0.08792609940150924,1260,9
final_refine_2m,2.0,730.0,402.0,833.3690659005769,1.0,1.0,0.0,1.0,0.25191256830601094,0.25191256830601094,1.0,0.31666666666666665,0.31666666666666665,68.72012442974774,84.3026911127712,163.00056532596702,176.55747610619827,206.38063589880642,0.0,39.78732904832629,0.08990372105126203,1260,9
final_refine_2m,2.0,630.0,404.0,748.4089791016673,1.0,1.0,0.0,1.0,0.24262295081967214,0.24262295081967214,1.0,0.38571428571428573,0.38571428571428573,83.55143945743417,97.03265645390537,190.04907021737708,205.6794344497652,240.52177726438086,0.0,42.9907027809685,0.07835024720270622,1260,9
final_refine_2m,2.0,632.0,404.0,750.0933275266485,1.0,1.0,0.0,1.0,0.24290918553213636,0.24290918553213636,1.0,0.38412698412698415,0.38412698412698415,83.20949332345717,96.74395323063995,189.48315597619458,205.0667628649302,239.78543085190915,0.0,42.92272385624606,0.08069216757741347,1260,9
final_refine_2m,2.0,634.0,404.0,751.7792229105563,1.0,1.0,0.0,1.0,0.2454072339318241,0.2454072339318241,1.0,0.3865079365079365,0.3865079365079365,82.86876053322725,96.45786630398915,188.93788351839882,204.45523661447783,239.0504823586842,0.0,42.85493649968903,0.08360655737704918,1260,9
final_refine_2m,2.0,636.0,404.0,753.4666548693446,1.0,1.0,0.0,1.0,0.24707259953161592,0.24707259953161592,1.0,0.3880952380952381,0.3880952380952381,82.5292418926896,96.17286456836626,188.39360459576577,203.84485527482514,238.3169310191641,0.0,42.786649958289665,0.08360655737704918,1260,9
final_refine_2m,2.0,638.0,404.0,755.1556131023592,1.0,1.0,0.0,1.0,0.24873796513140775,0.24873796513140775,1.0,0.3896825396825397,0.3896825396825397,82.19093821839934,95.88889751264762,187.85031895706877,203.2356184271662,237.58477607284476,0.0,42.717836748438295,0.083008066614624,1260,9
final_refine_2m,2.0,640.0,404.0,756.8460873916175,1.0,1.0,0.0,1.0,0.2510278428311215,0.2510278428311215,1.0,0.39126984126984127,0.39126984126984127,81.85385033749192,95.60596526950069,187.30802635557848,202.62752565751452,236.85401676430146,0.0,42.64849583203374,0.08121259432734843,1260,9
final_refine_2m,2.0,642.0,404.0,758.5380676010927,1.0,1.0,0.0,1.0,0.25061150143117356,0.25061150143117356,1.0,0.38492063492063494,0.38492063492063494,81.51797908766025,95.32406796589216,186.76672654907378,202.02057655673548,236.12465234320013,0.0,42.57862620409192,0.08001561280249805,1260,9
final_refine_2m,2.0,644.0,404.0,760.231543676004,1.0,1.0,0.0,1.0,0.23682019255789746,0.23682019255789746,1.0,0.3626984126984127,0.3626984126984127,81.1833253171216,95.04320572303772,186.22641929986887,201.41477072055653,235.39668206433967,0.0,42.50846739747303,0.07881863127764767,1260,9
final_refine_2m,2.0,646.0,404.0,761.9265056421125,1.0,1.0,0.0,1.0,0.24368982565703878,0.24368982565703878,1.0,0.37063492063492065,0.37063492063492065,80.86871161428452,94.76337638880064,185.68710437484995,200.81010774960487,234.67010518766153,0.0,42.43884749439403,0.0776216497527973,1260,9
final_refine_2m,2.0,648.0,404.0,763.6229436050229,1.0,1.0,0.0,1.0,0.2546448087431694,0.2546448087431694,1.0,0.38333333333333336,0.38333333333333336,80.56155989868955,94.48457748099302,185.1218349979056,200.20658724944812,233.94492097828808,0.0,42.36981792272582,0.07642466822794691,1260,9
final_refine_2m,2.0,650.0,404.0,765.3208477494912,1.0,1.0,0.0,1.0,0.2546448087431694,0.2546448087431694,1.0,0.38333333333333336,0.38333333333333336,80.25545975934178,94.20680937501335,184.5401427191623,199.60420883060996,233.2211287065545,0.0,42.301358539667845,0.07689305230288837,1260,9
final_refine_2m,2.0,652.0,404.0,767.0202083387373,1.0,1.0,0.0,1.0,0.2546448087431694,0.2546448087431694,1.0,0.38333333333333336,0.38333333333333336,79.95041204637819,93.9300746901665,183.95961703216219,199.00297210859492,232.49872764802058,0.0,42.23347305283163,0.07871454592766068,1260,9
final_refine_2m,2.0,654.0,404.0,768.7210157137633,1.0,1.0,0.0,1.0,0.2534738485558158,0.2534738485558158,1.0,0.37936507936507935,0.37936507936507935,79.64641761892693,93.65437525737633,183.3802576268031,198.40287670394028,231.77771708352174,0.0,42.16612106635062,0.08053603955243299,1260,9
final_refine_2m,2.0,656.0,404.0,770.4232602926784,1.0,1.0,0.0,1.0,0.25136612021857924,0.25136612021857924,1.0,0.37222222222222223,0.37222222222222223,79.34347734508083,93.37971156886921,182.80206419879644,197.80392224222578,231.05809629917738,0.0,42.09928298632797,0.0823575331772053,1260,9
final_refine_2m,2.0,658.0,404.0,772.1269325700276,1.0,1.0,0.0,1.0,0.24972677595628415,0.24972677595628415,1.0,0.36666666666666664,0.36666666666666664,79.04159210187159,93.10694537516464,182.225036449684,197.20610835410935,230.3398645864362,0.0,42.032916532083,0.085376008326828,1260,9
final_refine_2m,2.0,660.0,404.0,773.8320231161282,1.0,1.0,0.0,1.0,0.24972677595628415,0.24972677595628415,1.0,0.36666666666666664,0.36666666666666664,78.74076277522737,92.83608797804033,181.64917408689652,196.5905559504191,229.62302124208972,0.0,41.96630685525634,0.08688524590163935,1260,9
final_refine_2m,2.0,662.0,404.0,775.5385225764095,1.0,1.0,0.0,1.0,0.24972677595628415,0.24972677595628415,1.0,0.36666666666666664,0.36666666666666664,78.44099025994694,92.56626071128494,181.07447682378432,195.94546082561556,228.90756556832338,0.0,41.89915827655429,0.08688524590163935,1260,9
final_refine_2m,2.0,664.0,404.0,777.2464216707594,1.0,1.0,0.0,1.0,0.24972677595628415,0.24972677595628415,1.0,0.36666666666666664,0.36666666666666664,78.14227545965808,92.29746782865219,180.50094437965058,195.301707291148,228.19349687271793,0.0,41.8314697671079,0.08563622170179547,1260,9
final_refine_2m,2.0,666.0,404.0,778.9557111928765,1.0,1.0,0.0,1.0,0.24972677595628415,0.24972677595628415,1.0,0.36666666666666664,0.36666666666666664,77.84461928677663,92.02971335244222,179.9285764797862,194.6592948691956,227.48081446830687,0.0,41.76324033267719,0.08376268540202966,1260,9
final_refine_2m,2.0,668.0,404.0,780.6663820096264,1.0,1.0,0.0,1.0,0.23851157949518606,0.23851157949518606,1.0,0.35,0.35,77.54802266246473,91.76299188044253,179.35737285552665,194.01822308843887,226.7695176735907,0.0,41.69446901377487,0.0825136612021858,1260,9
final_refine_2m,2.0,670.0,404.0,782.3784250604051,1.0,1.0,0.0,1.0,0.23252667187093418,0.23252667187093418,1.0,0.3388888888888889,0.3388888888888889,77.25248651658521,91.49730905158864,178.787333244272,193.37849148412258,226.05960581257088,0.0,41.62593073680821,0.08126463700234192,1260,9
final_refine_2m,2.0,672.0,404.0,784.0918313565063,1.0,1.0,0.0,1.0,0.24715066354410617,0.24715066354410617,1.0,0.3531746031746032,0.3531746031746032,76.95801178765262,91.23266210001208,178.21845738952635,192.74009959806608,225.35107821479286,0.0,41.558027487305424,0.08001561280249805,1260,9
final_refine_2m,2.0,674.0,404.0,785.8065919804949,1.0,1.0,0.0,1.0,0.24972677595628415,0.24972677595628415,1.0,0.35555555555555557,0.35555555555555557,76.66459942278037,90.96905687353146,177.65074504095566,192.10304697873562,224.64393421535584,0.0,41.49073745834287,0.07892271662763466,1260,9
final_refine_2m,2.0,676.0,404.0,787.5226980855854,1.0,1.0,0.0,1.0,0.25144418423106946,0.25144418423106946,1.0,0.35714285714285715,0.35714285714285715,76.35356500351318,90.7064929962461,177.08419595440685,191.53583968859405,223.93817315496514,0.0,41.42403908956379,0.08079625292740047,1260,9
final_refine_2m,2.0,678.0,404.0,789.2401408950257,1.0,1.0,0.0,1.0,0.2540202966432475,0.2540202966432475,1.0,0.3595238095238095,0.3595238095238095,76.03649149172293,90.44496880657864,176.51880989195826,190.97342444857966,223.23379437994575,0.0,41.35791106449191,0.08266978922716628,1260,9
final_refine_2m,2.0,680.0,404.0,790.9589117014865,1.0,1.0,0.0,1.0,0.2551652354931043,0.2551652354931043,1.0,0.3595238095238095,0.3595238095238095,75.72066653409833,90.18448409330024,175.95458662195261,190.41205497021488,222.53079724229346,0.0,41.29233230789647,0.08454332552693208,1260,9
final_refine_2m,2.0,682.0,404.0,792.6790018664555,1.0,1.0,0.0,1.0,0.2554514702055686,0.2554514702055686,1.0,0.35555555555555557,0.35555555555555557,75.40609116879203,89.9250806457752,175.39152591905406,189.851731000218,221.8291810996959,0.0,41.22731192322442,0.08704137392661983,1260,9
final_refine_2m,2.0,684.0,404.0,794.400402819636,1.0,1.0,0.0,1.0,0.256023939630497,0.256023939630497,1.0,0.3523809523809524,0.3523809523809524,75.0927664433527,89.66845812455148,174.82962756426903,189.29245229024139,221.12894531557114,0.0,41.16251430443537,0.09016393442622951,1260,9
final_refine_2m,2.0,686.0,404.0,796.1231060583533,1.0,1.0,0.0,1.0,0.25573770491803277,0.25573770491803277,1.0,0.35,0.35,74.78069341462233,89.41294438182348,174.26889134499643,188.73421859692266,220.43008925909464,0.0,41.09719582998903,0.09016393442622951,1260,9
final_refine_2m,2.0,688.0,404.0,797.8471031469626,1.0,1.0,0.0,1.0,0.25573770491803277,0.25573770491803277,1.0,0.35,0.35,74.469873148615,89.1584836338881,173.7093170550751,188.1770296819101,219.73261230523343,0.0,41.03132554315249,0.08951340098881083,1260,9
final_refine_2m,2.0,690.0,404.0,799.5723857162652,1.0,1.0,0.0,1.0,0.25573770491803277,0.25573770491803277,1.0,0.35,0.35,74.16030672040404,88.9050612543258,173.15090449481414,187.61805621802083,219.0365138347962,0.0,40.96490246336361,0.08756180067655478,1260,9
final_refine_2m,2.0,692.0,404.0,801.2989454629277,1.0,1.0,0.0,1.0,0.25573770491803277,0.25573770491803277,1.0,0.35,0.35,73.85199521399367,88.65267746044555,172.59365347104946,187.01621737119828,218.34179323444098,0.0,40.89792564634435,0.0862607338017174,1260,9
final_refine_2m,2.0,694.0,404.0,803.0267741489072,1.0,1.0,0.0,1.0,0.2391881342701015,0.2391881342701015,1.0,0.33015873015873015,0.33015873015873015,73.54493972218775,88.40133246244854,172.03756379717407,186.41561031001936,217.64844989673696,0.0,40.830650820138146,0.08495966692688005,1260,9
final_refine_2m,2.0,696.0,404.0,804.7558636008812,1.0,1.0,0.0,1.0,0.24262295081967214,0.24262295081967214,1.0,0.33095238095238094,0.33095238095238094,73.2391413464617,88.15102646337779,171.48263529318058,185.816234715188,216.95648322017664,0.0,40.76397497378279,0.08365860005204268,1260,9
final_refine_2m,2.0,698.0,404.0,806.4862057096823,1.0,1.0,0.0,1.0,0.24957064793130368,0.24957064793130368,1.0,0.3357142857142857,0.3357142857142857,72.93460119681386,87.9017596590675,170.92886778571682,185.21809027382008,216.265892609222,0.0,40.697954058691465,0.0823575331772053,1260,9
final_refine_2m,2.0,700.0,404.0,808.2177924297386,1.0,1.0,0.0,1.0,0.24863387978142076,0.24863387978142076,1.0,0.3333333333333333,0.3333333333333333,72.63132039162421,87.65353223809507,170.37626110812494,184.62117667948417,215.57667747435235,0.0,40.63256486385011,0.08282591725214676,1260,9
final_refine_2m,2.0,702.0,404.0,809.9506157785177,1.0,1.0,0.0,1.0,0.24863387978142076,0.24863387978142076,1.0,0.3333333333333333,0.3333333333333333,72.35333946485822,87.40634438173413,169.82481510047248,184.02549363224077,214.88883723207041,0.0,40.567810057847716,0.08475149622690606,1260,9
final_refine_2m,2.0,704.0,404.0,811.6846678359768,1.0,1.0,0.0,1.0,0.24863387978142076,0.24863387978142076,1.0,0.3333333333333333,0.3333333333333333,72.07877703288113,87.16019626390919,169.2745296096206,183.43104083870028,214.20237130496773,0.0,40.50364487283551,0.08667707520166537,1260,9
final_refine_2m,2.0,706.0,404.0,813.4199407440169,1.0,1.0,0.0,1.0,0.24863387978142076,0.24863387978142076,1.0,0.3333333333333333,0.3333333333333333,71.80528158769215,86.91508805115082,168.72540448924752,182.83781801203924,213.51727912174408,0.0,40.44004688108625,0.08860265417642467,1260,9
final_refine_2m,2.0,708.0,404.0,815.1564267059422,1.0,1.0,0.0,1.0,0.24837366640645328,0.24837366640645328,1.0,0.33015873015873015,0.33015873015873015,71.53285420913822,86.67197589265007,168.17743959990577,182.2458248720683,212.83356011725627,0.0,40.37697118640723,0.09182930002602134,1260,9
final_refine_2m,2.0,710.0,404.0,816.8941179859236,1.0,1.0,0.0,1.0,0.24811345303148583,0.24811345303148583,1.0,0.326984126984127,0.326984126984127,71.26149598401318,86.43088006586882,167.6306348090629,181.65506114525942,212.1512137325453,0.0,40.31365259262661,0.09344262295081968,1260,9
final_refine_2m,2.0,712.0,404.0,818.6330069084681,1.0,1.0,0.0,1.0,0.24839968774395005,0.24839968774395005,1.0,0.3238095238095238,0.3238095238095238,70.9912080059349,86.19082479204016,167.08498999114576,181.06552656480454,211.47023941487953,0.0,40.24977069890755,0.09344262295081968,1260,9
final_refine_2m,2.0,714.0,404.0,820.3730858578919,1.0,1.0,0.0,1.0,0.24949258391881343,0.24949258391881343,1.0,0.3238095238095238,0.3238095238095238,70.7219913752282,85.95181034277184,166.5405050276,180.47722087063917,210.79063661779574,0.0,40.18532454149647,0.09141295862607338,1260,9
final_refine_2m,2.0,716.0,404.0,822.1143472777981,1.0,1.0,0.0,1.0,0.25214676034348166,0.25214676034348166,1.0,0.3261904761904762,0.3261904761904762,70.45384719879337,85.7138369819351,165.99717980691744,179.89014380950377,210.11240480113125,0.0,40.12031319447093,0.09005984907624252,1260,9
final_refine_2m,2.0,718.0,404.0,823.85678367056,1.0,1.0,0.0,1.0,0.24499089253187614,0.24499089253187614,1.0,0.31825396825396823,0.31825396825396823,70.18677658997576,85.4768971148581,165.45501422469786,179.30429513498933,209.435543431069,0.0,40.05473576986618,0.08870673952641166,1260,9
final_refine_2m,2.0,720.0,404.0,825.6003875968082,1.0,1.0,0.0,1.0,0.24124381993234453,0.24124381993234453,1.0,0.3134920634920635,0.3134920634920635,69.9207806684269,85.2409814130163,164.94764264248786,178.71967460756358,208.76005198016702,0.0,39.98942236496162,0.08735362997658079,1260,9
final_refine_2m,2.0,722.0,404.0,827.3451516749221,1.0,1.0,0.0,1.0,0.2570127504553734,0.2570127504553734,1.0,0.3277777777777778,0.3277777777777778,69.6558605599683,85.00610137061294,164.45276177105862,178.13628199464478,208.08592992741592,0.0,39.9248115444266,0.08600052042674994,1260,9
final_refine_2m,2.0,724.0,404.0,829.0910685805269,1.0,1.0,0.0,1.0,0.25482695810564665,0.25482695810564665,1.0,0.32301587301587303,0.32301587301587303,69.39201739644349,84.77226492018974,163.95885175464062,177.5541170706192,207.41317675826144,0.0,39.860878261581,0.08464741087691907,1260,9
final_refine_2m,2.0,726.0,404.0,830.8381310459938,1.0,1.0,0.0,1.0,0.2522768670309654,0.2522768670309654,1.0,0.31746031746031744,0.31746031746031744,69.12925231556609,84.53946823661857,163.43930523256932,176.97317961690754,206.74179196465414,0.0,39.797597812215905,0.08678116055165236,1260,9
final_refine_2m,2.0,728.0,404.0,832.586331859946,1.0,1.0,0.0,1.0,0.25191256830601094,0.25191256830601094,1.0,0.31666666666666665,0.31666666666666665,68.86756646076809,84.30771484367034,162.87687562042643,176.39346942200837,206.0717750450876,0.0,39.73494582892339,0.08875878220140515,1260,9
final_refine_2m,2.0,730.0,404.0,834.3356638667677,1.0,1.0,0.0,1.0,0.25191256830601094,0.25191256830601094,1.0,0.31666666666666665,0.31666666666666665,68.6069609810359,84.07700369255556,162.31572082573805,175.81498628153898,205.4031255046432,0.0,39.67289827558386,0.09073640385115794,1260,9
final_refine_2m,2.0,630.0,406.0,749.4904936021537,1.0,1.0,0.0,1.0,0.24316939890710382,0.24316939890710382,1.0,0.3880952380952381,0.3880952380952381,83.32676232777894,96.73353138050945,189.31963465402856,204.81134915813317,239.3215425447576,0.0,42.87712340171145,0.07907884465261514,1260,9
final_refine_2m,2.0,632.0,406.0,751.1724169589828,1.0,1.0,0.0,1.0,0.24290918553213636,0.24290918553213636,1.0,0.38412698412698415,0.38412698412698415,82.98695365339532,96.4465170133257,188.77630770661258,204.2023109133714,238.5901605641706,0.0,42.80911135758935,0.08069216757741347,1260,9
final_refine_2m,2.0,634.0,406.0,752.8558959057171,1.0,1.0,0.0,1.0,0.2454072339318241,0.2454072339318241,1.0,0.3865079365079365,0.3865079365079365,82.64835085241594,96.1621017973208,188.23396895739856,203.59441061132927,237.86016572426786,0.0,42.74129657163128,0.08360655737704918,1260,9
final_refine_2m,2.0,636.0,406.0,754.5409200301863,1.0,1.0,0.0,1.0,0.24707259953161592,0.24707259953161592,1.0,0.3880952380952381,0.3880952380952381,82.31095472315329,95.87878382837494,187.69261815912708,202.98764783994054,237.13155727723958,0.0,42.67299216458799,0.08360655737704918,1260,9
final_refine_2m,2.0,638.0,406.0,756.2274790035073,1.0,1.0,0.0,1.0,0.24873796513140775,0.24873796513140775,1.0,0.3896825396825397,0.3896825396825397,81.97476607425438,95.59649399230061,187.1522550689697,202.38202219190003,236.40433448027056,0.0,42.60416455146103,0.083008066614624,1260,9
final_refine_2m,2.0,640.0,406.0,757.915562579368,1.0,1.0,0.0,1.0,0.2512360135310955,0.2512360135310955,1.0,0.39206349206349206,0.39206349206349206,81.63978572467718,95.31523242076268,186.61287944855192,201.77753326467166,235.67849659557996,0.0,42.53481270592209,0.08181108508977361,1260,9
final_refine_2m,2.0,642.0,406.0,759.6051605933177,1.0,1.0,0.0,1.0,0.2512360135310955,0.2512360135310955,1.0,0.3873015873015873,0.3873015873015873,81.30601450365754,95.03499923979135,186.07449106397968,201.1741806605334,234.95404289043668,0.0,42.464935634300325,0.08061410356492324,1260,9
final_refine_2m,2.0,644.0,406.0,761.2962629620613,1.0,1.0,0.0,1.0,0.23744470465781942,0.23744470465781942,1.0,0.36507936507936506,0.36507936507936506,80.9932985577492,94.75579456973279,185.5125125764635,200.57196398660554,234.23097263720612,0.0,42.39478467141877,0.07881863127764767,1260,9
final_refine_2m,2.0,646.0,406.0,762.988859682761,1.0,1.0,0.0,1.0,0.2423887587822014,0.2423887587822014,1.0,0.36904761904761907,0.36904761904761907,80.68683612466106,94.47761788697613,184.93201111484717,199.97088285487172,233.5092851133427,0.0,42.32517199459416,0.0776216497527973,1260,9
final_refine_2m,2.0,648.0,406.0,764.6829408323426,1.0,1.0,0.0,1.0,0.2546448087431694,0.2546448087431694,1.0,0.38333333333333336,0.38333333333333336,80.38141874708151,94.20046595841012,184.3526693789812,199.37093688220455,232.7889796014525,0.0,42.2561413617392,0.07642466822794691,1260,9
final_refine_2m,2.0,650.0,406.0,766.3784965668074,1.0,1.0,0.0,1.0,0.2546448087431694,0.2546448087431694,1.0,0.38333333333333336,0.38333333333333336,80.0770472575822,93.92433788314933,183.77448705840231,198.77212569041293,232.07005538930972,0.0,42.1876728830689,0.07824616185271922,1260,9
final_refine_2m,2.0,652.0,406.0,768.0755171205498,1.0,1.0,0.0,1.0,0.2546448087431694,0.2546448087431694,1.0,0.38333333333333336,0.38333333333333336,79.77372249752756,93.6492351550013,183.1974638483352,198.17444890624947,231.35251176986557,0.0,42.11977238245873,0.08006765547749155,1260,9
final_refine_2m,2.0,654.0,406.0,769.7739928056806,1.0,1.0,0.0,1.0,0.25417642466822793,0.25417642466822793,1.0,0.3817460317460317,0.3817460317460317,79.47144531704862,93.37516050644024,182.62159944972427,197.57790616145363,230.63634804131428,0.0,42.05239779567364,0.08129065833983867,1260,9
final_refine_2m,2.0,656.0,406.0,771.4739140113553,1.0,1.0,0.0,1.0,0.25206869633099144,0.25206869633099144,1.0,0.3746031746031746,0.3746031746031746,79.1702165750114,93.10211523927116,182.0468935692865,196.96280121833652,229.92156350708174,0.0,41.98552977048068,0.08311215196461098,1260,9
final_refine_2m,2.0,658.0,406.0,773.1752712031083,1.0,1.0,0.0,1.0,0.2499609679937549,0.2499609679937549,1.0,0.3674603174603175,0.3674603174603175,78.87003713898383,92.83093385972015,181.47334591953086,196.31930903240323,229.20815747588068,0.0,41.91913348480096,0.085376008326828,1260,9
final_refine_2m,2.0,660.0,406.0,774.8780549221923,1.0,1.0,0.0,1.0,0.24972677595628415,0.24972677595628415,1.0,0.36666666666666664,0.36666666666666664,78.57090788520314,92.5616875470398,180.9009562188133,195.67714969031817,228.49612926173722,0.0,41.852508488129345,0.08688524590163935,1260,9
final_refine_2m,2.0,662.0,406.0,776.5822557849233,1.0,1.0,0.0,1.0,0.24972677595628415,0.24972677595628415,1.0,0.36666666666666664,0.36666666666666664,78.2728296985381,92.29345799781066,180.32972419134717,195.0363227163692,227.78547818401012,0.0,41.78534819187544,0.08688524590163935,1260,9
final_refine_2m,2.0,664.0,406.0,778.2878644820308,1.0,1.0,0.0,1.0,0.24972677595628415,0.24972677595628415,1.0,0.36666666666666664,0.36666666666666664,77.97580347244701,92.02625493598845,179.75964956726645,194.39682764122495,227.07620356742794,0.0,41.71765157916893,0.08563622170179547,1260,9
final_refine_2m,2.0,666.0,406.0,779.9948717780137,1.0,1.0,0.0,1.0,0.24972677595628415,0.24972677595628415,1.0,0.36666666666666664,0.36666666666666664,77.67983010893715,91.76008263275425,179.19073208264945,193.75866400195943,226.3683047421097,0.0,41.64941766728998,0.0843871975019516,1260,9
final_refine_2m,2.0,668.0,406.0,781.7032685105007,1.0,1.0,0.0,1.0,0.23648191517043976,0.23648191517043976,1.0,0.3492063492063492,0.3492063492063492,77.38491051852182,91.49493946358324,178.62297147956698,193.12183134211,225.66178104362044,0.0,41.58064550779152,0.0825136612021858,1260,9
final_refine_2m,2.0,670.0,406.0,783.4130455896175,1.0,1.0,0.0,1.0,0.2333073119958366,0.2333073119958366,1.0,0.3412698412698413,0.3412698412698413,77.09104562016826,91.23082511229838,178.05636750610327,192.48632921170847,224.95663181296672,0.0,41.51212530208083,0.08126463700234192,1260,9
final_refine_2m,2.0,672.0,406.0,785.1241939973573,1.0,1.0,0.0,1.0,0.24715066354410617,0.24715066354410617,1.0,0.3531746031746032,0.3531746031746032,76.79823634124854,90.96774240826876,177.49091991641242,191.9187690880936,224.2528563966502,0.0,41.44423134391757,0.08001561280249805,1260,9
final_refine_2m,2.0,674.0,406.0,786.836704786959,1.0,1.0,0.0,1.0,0.24886807181889148,0.24886807181889148,1.0,0.3547619047619048,0.3547619047619048,76.48861835601556,90.70569070844873,176.92662847075079,191.35740807410008,223.5504541467059,0.0,41.37694210219991,0.08032786885245902,1260,9
final_refine_2m,2.0,676.0,406.0,788.5505690822878,1.0,1.0,0.0,1.0,0.25144418423106946,0.25144418423106946,1.0,0.35714285714285715,0.35714285714285715,76.17230443458485,90.44467624252121,176.3634929355142,190.79708721991847,222.8494244207047,0.0,41.31023628731474,0.08220140515222482,1260,9
final_refine_2m,2.0,678.0,406.0,790.2657780772238,1.0,1.0,0.0,1.0,0.2531615925058548,0.2531615925058548,1.0,0.35873015873015873,0.35873015873015873,75.85723017754496,90.18469417743538,175.801513083279,190.23780627164777,222.14976658181254,0.0,41.24409284853784,0.08407494145199063,1260,9
final_refine_2m,2.0,680.0,406.0,791.9823230350536,1.0,1.0,0.0,1.0,0.25573770491803277,0.25573770491803277,1.0,0.3611111111111111,0.3611111111111111,75.54339659940908,89.92574619885974,175.24068869284284,189.67956498023415,221.45147999880845,0.0,41.178493080226026,0.0853239656518345,1260,9
final_refine_2m,2.0,682.0,406.0,793.7001952878682,1.0,1.0,0.0,1.0,0.256023939630497,0.256023939630497,1.0,0.35714285714285715,0.35714285714285715,75.23080472385651,89.66786303100753,174.6810195492664,189.12236310151374,220.75456404612893,0.0,41.11344659777227,0.08782201405152225,1260,9
final_refine_2m,2.0,684.0,406.0,795.4193862359655,1.0,1.0,0.0,1.0,0.25573770491803277,0.25573770491803277,1.0,0.3531746031746032,0.3531746031746032,74.91945558362715,89.41273956080923,174.12250544390486,188.56620039623172,220.05901810388755,0.0,41.04862977084587,0.09016393442622951,1260,9
final_refine_2m,2.0,686.0,406.0,797.1398873472585,1.0,1.0,0.0,1.0,0.25573770491803277,0.25573770491803277,1.0,0.35,0.35,74.60935022041507,89.15873282876656,173.56514617446666,188.01095649089157,219.3648415579079,0.0,40.983302412196835,0.09016393442622951,1260,9
final_refine_2m,2.0,688.0,406.0,798.8616901566879,1.0,1.0,0.0,1.0,0.25573770491803277,0.25573770491803277,1.0,0.35,0.35,74.30048968474414,88.90577517890847,173.00894154503757,187.41043047006033,218.67203379977747,0.0,40.91742699516517,0.08951340098881083,1260,9
final_refine_2m,2.0,690.0,406.0,800.5847862656397,1.0,1.0,0.0,1.0,0.25573770491803277,0.25573770491803277,1.0,0.35,0.35,73.99287503585313,88.65385441718081,172.45389136612508,186.81112866546425,217.98059422685944,0.0,40.85100255091478,0.08821233411397346,1260,9
final_refine_2m,2.0,692.0,406.0,802.3091673413685,1.0,1.0,0.0,1.0,0.25573770491803277,0.25573770491803277,1.0,0.35,0.35,73.68650734156242,88.40296565701732,171.89999545471605,186.21305075732715,217.29052224232947,0.0,40.784028146394576,0.08691126723913609,1260,9
final_refine_2m,2.0,694.0,406.0,804.0348251164249,1.0,1.0,0.0,1.0,0.23981264637002342,0.23981264637002342,1.0,0.33174603174603173,0.33174603174603173,73.38138767815099,88.15310910652978,171.34725363429447,185.61619643215624,216.60181725522168,0.0,40.71677225719643,0.08495966692688005,1260,9
final_refine_2m,2.0,696.0,406.0,805.7617513880887,1.0,1.0,0.0,1.0,0.24184231069476972,0.24184231069476972,1.0,0.33095238095238094,0.33095238095238094,73.07751713020843,87.90428496675075,170.79566573490155,185.020565382767,215.91447868046373,0.0,40.650114674170815,0.08365860005204268,1260,9
final_refine_2m,2.0,698.0,406.0,807.4899380178059,1.0,1.0,0.0,1.0,0.24988290398126464,0.24988290398126464,1.0,0.33650793650793653,0.33650793650793653,72.77489679050072,87.65649343158364,170.24523159317758,184.426157308356,215.2285059388928,0.0,40.584103078534646,0.0823575331772053,1260,9
final_refine_2m,2.0,700.0,406.0,809.2193769306318,1.0,1.0,0.0,1.0,0.24863387978142076,0.24863387978142076,1.0,0.3333333333333333,0.3333333333333333,72.49496419502215,87.40973468775499,169.69595105239708,183.8329719145069,214.54389845730663,0.0,40.518714552049744,0.08347645068956544,1260,9
final_refine_2m,2.0,702.0,406.0,810.9500601146781,1.0,1.0,0.0,1.0,0.24863387978142076,0.24863387978142076,1.0,0.3333333333333333,0.3333333333333333,72.22088456660937,87.16400891476752,169.14782396251616,183.24100891326003,213.86065566850874,0.0,40.45395405949689,0.08620869112672391,1260,9
final_refine_2m,2.0,704.0,406.0,812.6819796205648,1.0,1.0,0.0,1.0,0.24863387978142076,0.24863387978142076,1.0,0.3333333333333333,0.3333333333333333,71.94786495707903,86.91931628485521,168.60085018022124,182.6502680231427,213.17877701131547,0.0,40.38977505242003,0.08813427010148321,1260,9
final_refine_2m,2.0,706.0,406.0,814.4151275608773,1.0,1.0,0.0,1.0,0.24863387978142076,0.24863387978142076,1.0,0.3333333333333333,0.3333333333333333,71.67590642358415,86.67565696293907,168.05502956896126,182.06074896920038,212.49826193061872,0.0,40.326155380250356,0.08940931563882383,1260,9
final_refine_2m,2.0,708.0,406.0,816.1494961096282,1.0,1.0,0.0,1.0,0.24905022118136871,0.24905022118136871,1.0,0.33174603174603173,0.33174603174603173,71.4050100300633,86.43395215625365,167.51036199900946,181.47245148306573,211.8191098774166,0.0,40.263058168075844,0.0926359614884205,1260,9
final_refine_2m,2.0,710.0,406.0,817.8850775017233,1.0,1.0,0.0,1.0,0.24845173041894353,0.24845173041894353,1.0,0.3277777777777778,0.3277777777777778,71.13517684712507,86.19428949463403,166.9668473474958,180.8853753029783,211.14132030883817,0.0,40.19973366580329,0.09344262295081968,1260,9
final_refine_2m,2.0,712.0,406.0,819.621864032433,1.0,1.0,0.0,1.0,0.24873796513140775,0.24873796513140775,1.0,0.3246031746031746,0.3246031746031746,70.8664079519256,85.95566077991066,166.4244854984574,180.29952017383306,210.4648926882029,0.0,40.1358497566305,0.09344262295081968,1260,9
final_refine_2m,2.0,714.0,406.0,821.3598480568672,1.0,1.0,0.0,1.0,0.24949258391881343,0.24949258391881343,1.0,0.3238095238095238,0.3238095238095238,70.59870442804906,85.71806628079563,165.88327634287512,179.71488584723505,209.789826485039,0.0,40.07140548873241,0.09208951340098881,1260,9
final_refine_2m,2.0,716.0,406.0,823.0990219894567,1.0,1.0,0.0,1.0,0.25214676034348166,0.25214676034348166,1.0,0.3261904761904762,0.3261904761904762,70.33206736537471,85.48150625834866,165.3663587404881,179.1314720815317,209.11612117512675,0.0,40.00639994759678,0.09073640385115794,1260,9
final_refine_2m,2.0,718.0,406.0,824.8393783034368,1.0,1.0,0.0,1.0,0.24272703616965913,0.24272703616965913,1.0,0.31587301587301586,0.31587301587301586,70.0664978599464,85.2459797841708,164.87217428279288,178.54927864185578,208.44377624054923,0.0,39.94083225614921,0.08870673952641166,1260,9
final_refine_2m,2.0,720.0,406.0,826.5809095303375,1.0,1.0,0.0,1.0,0.24072339318240957,0.24072339318240957,1.0,0.3134920634920635,0.3134920634920635,69.80199701383309,85.01147375765093,164.3789556330544,177.96830530018607,207.7727911697102,0.0,39.87554896185001,0.08735362997658079,1260,9
final_refine_2m,2.0,722.0,406.0,828.3236082594773,1.0,1.0,0.0,1.0,0.2568566224303929,0.2568566224303929,1.0,0.32857142857142857,0.32857142857142857,69.53856593498814,84.77799028578093,163.87748451508017,177.3885518353689,207.10316545739906,0.0,39.810958785801404,0.08600052042674994,1260,9
final_refine_2m,2.0,724.0,406.0,830.0674671374611,1.0,1.0,0.0,1.0,0.25519125683060107,0.25519125683060107,1.0,0.3238095238095238,0.3238095238095238,69.27620573710331,84.54553946752804,163.31612922845184,176.81001803318912,206.4348986048071,0.0,39.74703699956438,0.08548009367681499,1260,9
final_refine_2m,2.0,726.0,406.0,831.8124788676832,1.0,1.0,0.0,1.0,0.2530054644808743,0.2530054644808743,1.0,0.319047619047619,0.319047619047619,69.01491753945422,84.3141233543596,162.75604051799093,176.23270368639385,205.76799011957996,0.0,39.68375921030774,0.08745771532656779,1260,9
final_refine_2m,2.0,728.0,406.0,833.558636209835,1.0,1.0,0.0,1.0,0.25191256830601094,0.25191256830601094,1.0,0.31666666666666665,0.31666666666666665,68.7547024667503,84.08374501724924,162.1972182789007,175.6566085947499,205.10243951585318,0.0,39.62110135529772,0.0902680197762165,1260,9
final_refine_2m,2.0,730.0,406.0,835.3059319794155,1.0,1.0,0.0,1.0,0.25191256830601094,0.25191256830601094,1.0,0.31666666666666665,0.31666666666666665,68.49556164896859,83.85440014756949,161.63966241467062,175.08173256509681,204.4382463143053,0.0,39.55904273589126,0.09224564142596929,1260,9
final_refine_2m,2.0,630.0,408.0,750.5757789857064,1.0,1.0,0.0,1.0,0.24371584699453552,0.24371584699453552,1.0,0.3904761904761905,0.3904761904761905,83.10533306664811,96.43830842541296,188.61761470872926,203.95343686428293,238.1366943673129,0.0,42.76406692678287,0.07965131407754358,1260,9
final_refine_2m,2.0,632.0,408.0,752.2552758206485,1.0,1.0,0.0,1.0,0.24290918553213636,0.24290918553213636,1.0,0.38412698412698415,0.38412698412698415,82.76763654598963,96.15296558642608,188.0771969921738,203.34799097049017,237.41021330826985,0.0,42.696019861913896,0.0814207650273224,1260,9
final_refine_2m,2.0,634.0,408.0,753.9363368348816,1.0,1.0,0.0,1.0,0.2445745511319282,0.2445745511319282,1.0,0.38571428571428573,0.38571428571428573,82.4311385071095,95.87020110562985,187.5377619484997,202.74367572724145,236.68510877778985,0.0,42.62817879619667,0.08360655737704918,1260,9
final_refine_2m,2.0,636.0,408.0,755.618951588696,1.0,1.0,0.0,1.0,0.24707259953161592,0.24707259953161592,1.0,0.3880952380952381,0.3880952380952381,82.09583974059792,95.58854782474627,186.99930933869794,202.140490733751,235.96138004538804,0.0,42.559857582392226,0.08360655737704918,1260,9
final_refine_2m,2.0,638.0,408.0,757.3031097255576,1.0,1.0,0.0,1.0,0.24873796513140775,0.24873796513140775,1.0,0.3896825396825397,0.3896825396825397,81.76174104711131,95.30791620703947,186.4618389281501,201.53843559394403,235.23902638555376,0.0,42.49101659233895,0.083008066614624,1260,9
final_refine_2m,2.0,640.0,408.0,758.9888009713977,1.0,1.0,0.0,1.0,0.2512360135310955,0.2512360135310955,1.0,0.39206349206349206,0.39206349206349206,81.4288432373458,95.02830638313407,185.90311326616552,200.937509916509,234.51804707775392,0.0,42.421654811355864,0.08181108508977361,1260,9
final_refine_2m,2.0,642.0,408.0,760.6760151339071,1.0,1.0,0.0,1.0,0.2518605256310174,0.2518605256310174,1.0,0.3896825396825397,0.3896825396825397,81.11800179752649,94.74971847808514,185.32379096074607,200.33771331489282,233.79844140648234,0.0,42.351771256968824,0.08061410356492324,1260,9
final_refine_2m,2.0,644.0,408.0,762.3647421018367,1.0,1.0,0.0,1.0,0.23806921675774134,0.23806921675774134,1.0,0.3674603174603175,0.3674603174603175,80.81222198120255,94.4721526113294,184.7456215939237,199.7390454073567,233.0802086612578,0.0,42.28162894714659,0.07941712204007285,1260,9
final_refine_2m,2.0,646.0,408.0,764.0549718443039,1.0,1.0,0.0,1.0,0.24108769190736404,0.24108769190736404,1.0,0.3674603174603175,0.3674603174603175,80.5074807757511,94.19560889663754,184.16860485492217,199.1415058169899,232.36334813668117,0.0,42.21202431524432,0.07822014051522248,1260,9
final_refine_2m,2.0,648.0,408.0,765.7466944101033,1.0,1.0,0.0,1.0,0.2546448087431694,0.2546448087431694,1.0,0.38333333333333336,0.38333333333333336,80.20377899656364,93.92008496596651,183.5927404385489,198.5450941717433,231.64785913244722,0.0,42.142993525300795,0.07642466822794691,1260,9
final_refine_2m,2.0,650.0,408.0,767.4398999270236,1.0,1.0,0.0,1.0,0.2546448087431694,0.2546448087431694,1.0,0.38333333333333336,0.38333333333333336,79.90111746763644,93.64557868310536,183.018028045222,197.94981010445522,230.93374095337597,0.0,42.074516936589745,0.07824616185271922,1260,9
final_refine_2m,2.0,652.0,408.0,769.1345786011705,1.0,1.0,0.0,1.0,0.2546448087431694,0.2546448087431694,1.0,0.38333333333333336,0.38333333333333336,79.5994970215303,93.37209019046583,182.44446738100635,197.3351516193234,230.2209929094298,0.0,42.00660246723246,0.08006765547749155,1260,9
final_refine_2m,2.0,654.0,408.0,770.8307207162932,1.0,1.0,0.0,1.0,0.2546448087431694,0.2546448087431694,1.0,0.38333333333333336,0.38333333333333336,79.29891849935255,93.09962252455503,181.87205815764833,196.69324563084584,229.5096143157609,0.0,41.93920639975353,0.08188914910226386,1260,9
final_refine_2m,2.0,656.0,408.0,772.5283166331186,1.0,1.0,0.0,1.0,0.25253708040593287,0.25253708040593287,1.0,0.3761904761904762,0.3761904761904762,78.99938275071679,92.8281769480975,181.3008000926172,196.05266384867747,228.79960449272727,0.0,41.87230961988103,0.08371064272703617,1260,9
final_refine_2m,2.0,658.0,408.0,774.227356788689,1.0,1.0,0.0,1.0,0.2504293520686963,0.2504293520686963,1.0,0.36904761904761907,0.36904761904761907,78.70089063371283,92.55855756869917,180.7306929091344,195.41340579923158,228.0909627659258,0.0,41.8058846918584,0.08613062711423367,1260,9
final_refine_2m,2.0,660.0,408.0,775.9278316957061,1.0,1.0,0.0,1.0,0.24972677595628415,0.24972677595628415,1.0,0.36666666666666664,0.36666666666666664,78.40344301486554,92.29090475025852,180.1617363362161,194.7754710151639,227.38368846621796,0.0,41.73924542625474,0.08688524590163935,1260,9
final_refine_2m,2.0,662.0,408.0,777.6297319418799,1.0,1.0,0.0,1.0,0.24972677595628415,0.24972677595628415,1.0,0.36666666666666664,0.36666666666666664,78.10704076910115,92.02425681303968,179.59393010870537,194.13885903540765,226.67778092975934,0.0,41.672074429341244,0.08688524590163935,1260,9
final_refine_2m,2.0,664.0,408.0,779.3330481892834,1.0,1.0,0.0,1.0,0.24972677595628415,0.24972677595628415,1.0,0.36666666666666664,0.36666666666666664,77.81168477970054,91.75862759894336,179.0272739673112,193.50356940523707,225.97323949803487,0.0,41.60437069611476,0.08563622170179547,1260,9
final_refine_2m,2.0,666.0,408.0,781.0377711737121,1.0,1.0,0.0,1.0,0.24972677595628415,0.24972677595628415,1.0,0.36666666666666664,0.36666666666666664,77.51737593825936,91.49401920566228,178.46176765863916,192.8696016762739,225.27006351788052,0.0,41.536133255253475,0.0843871975019516,1260,9
final_refine_2m,2.0,668.0,408.0,782.743891704049,1.0,1.0,0.0,1.0,0.234192037470726,0.234192037470726,1.0,0.3476190476190476,0.3476190476190476,77.22411514463707,91.23043662799634,177.8974109352411,192.30169761042114,224.56825234152873,0.0,41.46736499727021,0.08313817330210772,1260,9
final_refine_2m,2.0,670.0,408.0,784.4514006616344,1.0,1.0,0.0,1.0,0.23296903460837887,0.23296903460837887,1.0,0.34206349206349207,0.34206349206349207,76.93190330691051,90.96787418095971,177.33420355564704,191.74138088042383,223.8678053266137,0.0,41.39885976074859,0.08188914910226386,1260,9
final_refine_2m,2.0,672.0,408.0,786.1602889996416,1.0,1.0,0.0,1.0,0.24741087691907365,0.24741087691907365,1.0,0.353968253968254,0.353968253968254,76.62368536686995,90.70633691371056,176.77214528440325,191.18209876752107,223.16872183622104,0.0,41.330975911259934,0.08001561280249805,1260,9
final_refine_2m,2.0,674.0,408.0,787.8705477424575,1.0,1.0,0.0,1.0,0.24886807181889148,0.24886807181889148,1.0,0.3547619047619048,0.3547619047619048,76.30812349189033,90.4458236897413,176.21123589210305,190.62385101724465,222.47100123892272,0.0,41.263688361145604,0.08032786885245902,1260,9
final_refine_2m,2.0,676.0,408.0,789.5821679850679,1.0,1.0,0.0,1.0,0.25144418423106946,0.25144418423106946,1.0,0.35714285714285715,0.35714285714285715,75.99379250912345,90.18633840885825,175.65147515544442,190.06663737989263,221.77464290879192,0.0,41.196976087304144,0.08220140515222482,1260,9
final_refine_2m,2.0,678.0,408.0,791.2951408924486,1.0,1.0,0.0,1.0,0.2531615925058548,0.2531615925058548,1.0,0.35873015873015873,0.35873015873015873,75.68069341001346,89.92788236881181,175.09286285725233,189.5104576105524,221.0796462254474,0.0,41.13081830064293,0.08407494145199063,1260,9
final_refine_2m,2.0,680.0,408.0,793.0094576989609,1.0,1.0,0.0,1.0,0.25573770491803277,0.25573770491803277,1.0,0.3611111111111111,0.3611111111111111,75.3688271949518,89.6704521026256,174.53539878652387,188.9553114691322,220.38601057407737,0.0,41.06520126783412,0.08594847775175644,1260,9
final_refine_2m,2.0,682.0,408.0,794.725109707753,1.0,1.0,0.0,1.0,0.25688264376788966,0.25688264376788966,1.0,0.3595238095238095,0.3595238095238095,75.0581948731672,89.4140742849216,173.97908273846946,188.40119872039122,219.69373534548214,0.0,41.00012722939172,0.08782201405152225,1260,9
final_refine_2m,2.0,684.0,408.0,796.4420882901657,1.0,1.0,0.0,1.0,0.2563101743429612,0.2563101743429612,1.0,0.3547619047619048,0.3547619047619048,74.74879746262336,89.16043164010523,173.42391451455208,187.80452627800375,219.00281993609104,0.0,40.935292297066205,0.09016393442622951,1260,9
final_refine_2m,2.0,686.0,408.0,798.1603848851432,1.0,1.0,0.0,1.0,0.25573770491803277,0.25573770491803277,1.0,0.35,0.35,74.44063598989759,88.90791775552658,172.8698939225259,187.20651673572206,218.31326374801333,0.0,40.8699570587303,0.09016393442622951,1260,9
final_refine_2m,2.0,688.0,408.0,799.8799909986498,1.0,1.0,0.0,1.0,0.25573770491803277,0.25573770491803277,1.0,0.35,0.35,74.13371149006673,88.65644258012063,172.31702077648217,186.60972361021027,217.62506618905863,0.0,40.804077480361045,0.08951340098881083,1260,9
final_refine_2m,2.0,690.0,408.0,801.6008982030896,1.0,1.0,0.0,1.0,0.25573770491803277,0.25573770491803277,1.0,0.35,0.35,73.82802500658495,88.4060064345825,171.76529489688232,186.0141465874358,216.93822667277982,0.0,40.737652604720004,0.08821233411397346,1260,9
final_refine_2m,2.0,692.0,408.0,803.3230981367335,1.0,1.0,0.0,1.0,0.25573770491803277,0.25573770491803277,1.0,0.35,0.35,73.52357759114881,88.15659578298845,171.21471611060468,185.41978535955127,216.25274461849858,0.0,40.670681509864295,0.08691126723913609,1260,9
final_refine_2m,2.0,694.0,408.0,805.0465825031494,1.0,1.0,0.0,1.0,0.24043715846994534,0.24043715846994534,1.0,0.3333333333333333,0.3333333333333333,73.22037030356748,87.90821083133879,170.66528425099006,184.8266396249408,215.56861945133784,0.0,40.60344529032629,0.08561020036429873,1260,9
final_refine_2m,2.0,696.0,408.0,806.7713430706374,1.0,1.0,0.0,1.0,0.24176424668227947,0.24176424668227947,1.0,0.33174603174603173,0.33174603174603173,72.91840421162235,87.66085177863229,170.1169991578715,184.23470908826943,214.8858506022767,0.0,40.53680671322435,0.08430913348946135,1260,9
final_refine_2m,2.0,698.0,408.0,808.497371671671,1.0,1.0,0.0,1.0,0.2505074160811866,0.2505074160811866,1.0,0.3380952380952381,0.3380952380952381,72.63654716035497,87.41451881681714,169.5698606776369,183.64399346051073,214.2044375081539,0.0,40.47080527168256,0.0823575331772053,1260,9
final_refine_2m,2.0,700.0,408.0,810.2246602023416,1.0,1.0,0.0,1.0,0.24863387978142076,0.24863387978142076,1.0,0.3333333333333333,0.3333333333333333,72.36294615154647,87.16921213074302,169.0238686632449,183.0544924589911,213.52437961172936,0.0,40.40541833563986,0.08428311215196461,1260,9
final_refine_2m,2.0,702.0,408.0,811.9532006218093,1.0,1.0,0.0,1.0,0.24863387978142076,0.24863387978142076,1.0,0.3333333333333333,0.3333333333333333,72.0903982807819,86.92493189811503,168.47902297429016,182.46620580743644,212.8456763617061,0.0,40.340653142077436,0.08620869112672391,1260,9
final_refine_2m,2.0,704.0,408.0,813.6829849517562,1.0,1.0,0.0,1.0,0.24863387978142076,0.24863387978142076,1.0,0.3333333333333333,0.3333333333333333,71.81890458303876,86.68167828944841,167.93532347704144,181.87913323600526,212.16832721277618,0.0,40.276461377966065,0.08813427010148321,1260,9
final_refine_2m,2.0,706.0,408.0,815.4140052758476,1.0,1.0,0.0,1.0,0.24863387978142076,0.24863387978142076,1.0,0.3333333333333333,0.3333333333333333,71.5484660999275,86.43945146802504,167.39277004447965,181.29327448134097,211.4923316256451,0.0,40.21282116564184,0.09005984907624252,1260,9
final_refine_2m,2.0,708.0,408.0,817.1462537391944,1.0,1.0,0.0,1.0,0.24884205048139474,0.24884205048139474,1.0,0.3325396825396825,0.3325396825396825,71.27908387957366,86.19913778763562,166.85136255634464,180.7086292865959,210.8176890670782,0.0,40.14970357381427,0.0926359614884205,1260,9
final_refine_2m,2.0,710.0,408.0,818.8797225478232,1.0,1.0,0.0,1.0,0.24912828519385896,0.24912828519385896,1.0,0.32936507936507936,0.32936507936507936,71.01075897650479,85.96089205404388,166.31110089918002,180.12519740150142,210.14439900992375,0.0,40.0863741520768,0.09344262295081968,1260,9
final_refine_2m,2.0,712.0,408.0,820.6144039681487,1.0,1.0,0.0,1.0,0.24852979443143378,0.24852979443143378,1.0,0.3253968253968254,0.3253968253968254,70.74349245152194,85.72367373760464,165.78475285577895,179.54297858237882,209.47246093317904,0.0,40.022489179297814,0.09344262295081968,1260,9
final_refine_2m,2.0,714.0,408.0,822.3502903264521,1.0,1.0,0.0,1.0,0.24949258391881343,0.24949258391881343,1.0,0.3238095238095238,0.3238095238095238,70.47728537158328,85.48748310412441,165.29125863276516,178.96197259220978,208.80187432199003,0.0,39.958047715445815,0.09208951340098881,1260,9
final_refine_2m,2.0,716.0,408.0,824.0873740083632,1.0,1.0,0.0,1.0,0.25214676034348166,0.25214676034348166,1.0,0.3261904761904762,0.3261904761904762,70.21213880966768,85.25232041184026,164.79872522430367,178.3821792006615,208.13263866772476,0.0,39.89304885729368,0.09073640385115794,1260,9
final_refine_2m,2.0,718.0,408.0,825.8256474583482,1.0,1.0,0.0,1.0,0.23806921675774134,0.23806921675774134,1.0,0.3111111111111111,0.3111111111111111,69.94805384464095,85.01818591136576,164.3071526116494,177.8035981841456,207.46475346798164,0.0,39.8274941938028,0.08938329430132709,1260,9
final_refine_2m,2.0,720.0,408.0,827.5651031792,1.0,1.0,0.0,1.0,0.24072339318240957,0.24072339318240957,1.0,0.3134920634920635,0.3134920634920635,69.68503156112162,84.78507393703231,163.75482086242607,177.22622932584642,206.79821822665514,0.0,39.76223919094861,0.08803018475149622,1260,9
final_refine_2m,2.0,722.0,408.0,829.3057337315353,1.0,1.0,0.0,1.0,0.2572209211553474,0.2572209211553474,1.0,0.32936507936507936,0.32936507936507936,69.42307304933331,84.55297521262573,163.19578813438469,176.6500724157781,206.13303245395736,0.0,39.69767039390471,0.08600052042674994,1260,9
final_refine_2m,2.0,724.0,408.0,831.0475317332938,1.0,1.0,0.0,1.0,0.25591985428051,0.25591985428051,1.0,0.3253968253968254,0.3253968253968254,69.16217940495982,84.3218952170015,162.63801373538203,176.07512725082418,205.4691956664566,0.0,39.63376093217368,0.0863127764767109,1260,9
final_refine_2m,2.0,726.0,408.0,832.7904898592443,1.0,1.0,0.0,1.0,0.25336976320582877,0.25336976320582877,1.0,0.3198412698412698,0.3198412698412698,68.90235172899025,84.09184546156405,162.08149756318224,175.50139363478365,204.8067073871285,0.0,39.57048671941606,0.0882903981264637,1260,9
final_refine_2m,2.0,728.0,408.0,834.5346008404924,1.0,1.0,0.0,1.0,0.25191256830601094,0.25191256830601094,1.0,0.31666666666666665,0.31666666666666665,68.64359112756578,83.86282416246422,161.52623952371212,174.9288713784188,204.14556714539378,0.0,39.50782399283465,0.0902680197762165,1260,9
final_refine_2m,2.0,730.0,408.0,836.2798574639951,1.0,1.0,0.0,1.0,0.25191256830601094,0.25191256830601094,1.0,0.31666666666666665,0.31666666666666665,68.38589871181718,83.6348311356371,160.9722395310977,174.35756029949977,203.48577447714996,0.0,39.44575740095852,0.09224564142596929,1260,9
final_refine_2m,2.0,630.0,410.0,751.6648189186454,1.0,1.0,0.0,1.0,0.2442622950819672,0.2442622950819672,1.0,0.39285714285714285,0.39285714285714285,82.88709686950337,96.14692511113269,187.923247896159,203.1055345589602,236.96695829858314,0.0,42.65152683095609,0.08037991152745251,1260,9
final_refine_2m,2.0,632.0,410.0,753.341887857034,1.0,1.0,0.0,1.0,0.24309133489461357,0.24309133489461357,1.0,0.38492063492063494,0.38492063492063494,82.55148761480072,95.86323671272045,187.3857097985662,202.5036407155321,236.24531585441903,0.0,42.583445964782484,0.08214936247723133,1260,9
final_refine_2m,2.0,634.0,410.0,755.0205295222111,1.0,1.0,0.0,1.0,0.2445745511319282,0.2445745511319282,1.0,0.38571428571428573,0.38571428571428573,82.21706952760434,95.58210238239248,186.84914891459778,201.90287032793802,235.5250394893826,0.0,42.51557975557228,0.08360655737704918,1260,9
final_refine_2m,2.0,636.0,410.0,756.7007334475103,1.0,1.0,0.0,1.0,0.24707259953161592,0.24707259953161592,1.0,0.3880952380952381,0.3880952380952381,81.88384339069992,95.30209502443473,186.29363865157148,201.3032230064272,234.80612848994963,0.0,42.44724278179268,0.08360655737704918,1260,9
final_refine_2m,2.0,638.0,410.0,758.3824892493233,1.0,1.0,0.0,1.0,0.24873796513140775,0.24873796513140775,1.0,0.3896825396825397,0.3896825396825397,81.55180999667252,95.02310293592872,185.7154840126178,200.70469836593824,234.08858214751405,0.0,42.3783894295147,0.08360655737704918,1260,9
final_refine_2m,2.0,640.0,410.0,760.0657866263946,1.0,1.0,0.0,1.0,0.2512360135310955,0.2512360135310955,1.0,0.39206349206349206,0.39206349206349206,81.24282022208274,94.74512624642279,185.13847560261192,200.10729602611866,233.37239975842297,0.0,42.309018695580846,0.0824095758521988,1260,9
final_refine_2m,2.0,642.0,410.0,761.7506153591213,1.0,1.0,0.0,1.0,0.2522768670309654,0.2522768670309654,1.0,0.39126984126984127,0.39126984126984127,80.93771645446746,94.46816507996002,184.56261311053206,199.51101561135678,232.6575806239989,0.0,42.23912960859841,0.08061410356492324,1260,9
final_refine_2m,2.0,644.0,410.0,763.436965308859,1.0,1.0,0.0,1.0,0.2386937288576633,0.2386937288576633,1.0,0.36984126984126986,0.36984126984126986,80.63364492791422,94.19221955502987,183.98789623082033,198.91585675082231,231.94412405055613,0.0,42.168996752649484,0.07941712204007285,1260,9
final_refine_2m,2.0,646.0,410.0,765.1248264172324,1.0,1.0,0.0,1.0,0.24043715846994534,0.24043715846994534,1.0,0.36666666666666664,0.36666666666666664,80.33060644102054,93.91728978452072,183.41432466342403,198.32181907846467,231.23202934944723,0.0,42.09940097563584,0.07822014051522248,1260,9
final_refine_2m,2.0,648.0,410.0,766.8141887054517,1.0,1.0,0.0,1.0,0.2546448087431694,0.2546448087431694,1.0,0.38333333333333336,0.38333333333333336,80.02860180078649,93.64337510834208,182.8418981138321,197.70760601216185,230.52129583707693,0.0,42.03037092267968,0.07777777777777778,1260,9
final_refine_2m,2.0,650.0,410.0,768.505042273634,1.0,1.0,0.0,1.0,0.2546448087431694,0.2546448087431694,1.0,0.38333333333333336,0.38333333333333336,79.72763182259845,93.37047239550888,182.27061629309262,197.06726974147486,229.8119228349359,0.0,41.961887198236106,0.07959927140255009,1260,9
final_refine_2m,2.0,652.0,410.0,770.1973773001308,1.0,1.0,0.0,1.0,0.2546448087431694,0.2546448087431694,1.0,0.38333333333333336,0.38333333333333336,79.4276973301919,93.09858075036712,181.70047891786646,196.4282491465384,229.103909669624,0.0,41.893959792994465,0.08082227426489721,1260,9
final_refine_2m,2.0,654.0,410.0,771.8911840408595,1.0,1.0,0.0,1.0,0.2546448087431694,0.2546448087431694,1.0,0.38333333333333336,0.38333333333333336,79.12879915562486,92.82770177403309,181.13148571045264,195.79054375589482,228.39725567287368,0.0,41.82654335116313,0.08264376788966953,1260,9
final_refine_2m,2.0,656.0,410.0,773.5864528286415,1.0,1.0,0.0,1.0,0.25323965651834507,0.25323965651834507,1.0,0.37857142857142856,0.37857142857142856,78.83093813923817,92.55783831884624,180.56363639882474,195.15415310420477,227.69196018160042,0.0,41.759618992801144,0.08446526151444184,1260,9
final_refine_2m,2.0,658.0,410.0,775.283174072545,1.0,1.0,0.0,1.0,0.2511319281811085,0.2511319281811085,1.0,0.37142857142857144,0.37142857142857144,78.5341151296253,92.28976284015609,179.99693071667207,194.51907673228388,226.98802253789614,0.0,41.69316659723997,0.08688524590163935,1260,9
final_refine_2m,2.0,660.0,410.0,776.9813382572326,1.0,1.0,0.0,1.0,0.24972677595628415,0.24972677595628415,1.0,0.36666666666666664,0.36666666666666664,78.2383309835894,92.02368220193387,179.4313684034275,193.885314187147,226.2854420890959,0.0,41.62651410128214,0.08688524590163935,1260,9
final_refine_2m,2.0,662.0,410.0,778.6809359423152,1.0,1.0,0.0,1.0,0.24972677595628415,0.24972677595628415,1.0,0.36666666666666664,0.36666666666666664,77.94358656610387,91.75860256968012,178.86694920430446,193.25286502205037,225.5842181877742,0.0,41.55933340873382,0.08688524590163935,1260,9
final_refine_2m,2.0,664.0,410.0,780.3819577617104,1.0,1.0,0.0,1.0,0.24972677595628415,0.24972677595628415,1.0,0.36666666666666664,0.36666666666666664,77.64988275026802,91.49452774811891,178.30367287034485,192.684625695229,224.8843501918024,0.0,41.49162352632935,0.0862607338017174,1260,9
final_refine_2m,2.0,666.0,410.0,782.084394423006,1.0,1.0,0.0,1.0,0.24972677595628415,0.24972677595628415,1.0,0.36666666666666664,0.36666666666666664,77.35722041726129,91.23146781854521,177.74153915844312,192.12534344791942,224.18583746435587,0.0,41.42338349402414,0.0843871975019516,1260,9
final_refine_2m,2.0,668.0,410.0,783.7882367068289,1.0,1.0,0.0,1.0,0.23471246422066094,0.23471246422066094,1.0,0.3492063492063492,0.3492063492063492,77.06560045629416,90.96942480861189,177.18054783138777,191.56709033318256,223.4886793739589,0.0,41.35462324968229,0.08313817330210772,1260,9
final_refine_2m,2.0,670.0,410.0,785.4934754662193,1.0,1.0,0.0,1.0,0.2334894613583138,0.2334894613583138,1.0,0.34365079365079365,0.34365079365079365,76.75876644942988,90.70839931120845,176.62069865789775,191.00986609603783,222.792875294501,0.0,41.286130492137346,0.08188914910226386,1260,9
final_refine_2m,2.0,672.0,410.0,787.2001016260097,1.0,1.0,0.0,1.0,0.24819151704397607,0.24819151704397607,1.0,0.35634920634920636,0.35634920634920636,76.44394919034444,90.44838878047854,176.06199141266708,190.4536704861801,222.0984246052881,0.0,41.21825755955376,0.08064012490241998,1260,9
final_refine_2m,2.0,674.0,410.0,788.9081061822093,1.0,1.0,0.0,1.0,0.24886807181889148,0.24886807181889148,1.0,0.3547619047619048,0.3547619047619048,76.1303541666716,90.18939829496965,175.50442587639517,189.89850325801254,221.4053266910544,0.0,41.15097259495491,0.08173302107728338,1260,9
final_refine_2m,2.0,676.0,410.0,790.6174802013929,1.0,1.0,0.0,1.0,0.25144418423106946,0.25144418423106946,1.0,0.35714285714285715,0.35714285714285715,75.8179823473489,89.93142567348488,174.9480018358221,189.34436417066112,220.7135809420038,0.0,41.084254837603886,0.08360655737704918,1260,9
final_refine_2m,2.0,678.0,410.0,792.3282148200959,1.0,1.0,0.0,1.0,0.2531615925058548,0.2531615925058548,1.0,0.35873015873015873,0.35873015873015873,75.50683471003883,89.67447694801234,174.39271908378532,188.79125298801208,220.02318675383307,0.0,41.01808375600112,0.08485558157689305,1260,9
final_refine_2m,2.0,680.0,410.0,794.0403012442126,1.0,1.0,0.0,1.0,0.25573770491803277,0.25573770491803277,1.0,0.3611111111111111,0.3611111111111111,75.19691224103137,89.41854883251757,173.83857741923188,188.198507027637,219.3341435277738,0.0,40.952450540110654,0.08672911787665886,1260,9
final_refine_2m,2.0,682.0,410.0,795.7537307484018,1.0,1.0,0.0,1.0,0.2574551131928181,0.2574551131928181,1.0,0.3611111111111111,0.3611111111111111,74.88821593513784,89.16365771376269,173.2855766472843,187.6017769472042,218.6464506706169,0.0,40.887350125201586,0.08860265417642467,1260,9
final_refine_2m,2.0,684.0,410.0,797.468494675495,1.0,1.0,0.0,1.0,0.25688264376788966,0.25688264376788966,1.0,0.35634920634920636,0.35634920634920636,74.58074679557092,88.91148072271075,172.73371657926205,187.00625589248637,217.96010759475644,0.0,40.82249817675162,0.09016393442622951,1260,9
final_refine_2m,2.0,686.0,410.0,799.1845844359111,1.0,1.0,0.0,1.0,0.2563101743429612,0.2563101743429612,1.0,0.3515873015873016,0.3515873015873016,74.27450583383958,88.66044486243445,172.18299703273036,186.41194354897615,217.27511371819907,0.0,40.75715605115885,0.09016393442622951,1260,9
final_refine_2m,2.0,688.0,410.0,800.9019915070758,1.0,1.0,0.0,1.0,0.25573770491803277,0.25573770491803277,1.0,0.35,0.35,73.96949406961963,88.4104364598534,171.63341783153567,185.81883960822867,216.59146846462474,0.0,40.691273268711576,0.09016393442622951,1260,9
final_refine_2m,2.0,690.0,410.0,802.6207074328446,1.0,1.0,0.0,1.0,0.25573770491803277,0.25573770491803277,1.0,0.35,0.35,73.66571253063165,88.16146372782396,171.0849788058512,185.22694376790335,215.90917126339784,0.0,40.6248488836423,0.08821233411397346,1260,9
final_refine_2m,2.0,692.0,410.0,804.3407238229331,1.0,1.0,0.0,1.0,0.25573770491803277,0.25573770491803277,1.0,0.35,0.35,73.36316225250758,87.91351453554027,170.53767979221348,184.6362557318075,215.2282215496233,0.0,40.557881984999,0.08691126723913609,1260,9
final_refine_2m,2.0,694.0,410.0,806.0620323523494,1.0,1.0,0.0,1.0,0.24043715846994534,0.24043715846994534,1.0,0.3333333333333333,0.3333333333333333,73.06184427866053,87.66658460862276,169.99152063356843,184.04677520993886,214.54861876414847,0.0,40.490666159582375,0.08561020036429873,1260,9
final_refine_2m,2.0,696.0,410.0,807.7846247608331,1.0,1.0,0.0,1.0,0.2406713505074161,0.2406713505074161,1.0,0.33095238095238094,0.33095238095238094,72.77808948065392,87.42067414401481,169.446501179302,183.45850191851085,213.8703623536352,0.0,40.42404732259288,0.08430913348946135,1260,9
final_refine_2m,2.0,698.0,410.0,809.5084928522987,1.0,1.0,0.0,1.0,0.2511319281811085,0.2511319281811085,1.0,0.3396825396825397,0.3396825396825397,72.50496296223481,87.1757833316863,168.90262128530313,182.87143558000645,213.19345177056834,0.0,40.35805685994808,0.08381472807702316,1260,9
final_refine_2m,2.0,700.0,410.0,811.2336284942828,1.0,1.0,0.0,1.0,0.24894613583138173,0.24894613583138173,1.0,0.3341269841269841,0.3341269841269841,72.23288278651324,86.9319123545861,168.35988081397986,182.28557592321388,212.51788647329295,0.0,40.292672425258,0.08574030705178246,1260,9
final_refine_2m,2.0,702.0,410.0,812.9600236173978,1.0,1.0,0.0,1.0,0.24863387978142076,0.24863387978142076,1.0,0.3333333333333333,0.3333333333333333,71.96184996680228,86.68906138859604,167.8182796343267,181.70092268326445,211.84366592606452,0.0,40.227903504085106,0.08701535258912309,1260,9
final_refine_2m,2.0,704.0,410.0,814.6876702147885,1.0,1.0,0.0,1.0,0.24863387978142076,0.24863387978142076,1.0,0.3333333333333333,0.3333333333333333,71.69186552289437,86.4472306024862,167.27781762194573,181.11747560167706,211.17078959907175,0.0,40.163700034646645,0.08894093156388239,1260,9
final_refine_2m,2.0,706.0,410.0,816.4165603415943,1.0,1.0,0.0,1.0,0.24863387978142076,0.24863387978142076,1.0,0.3333333333333333,0.3333333333333333,71.42293048094783,86.20642015787146,166.7384946591079,180.53523442639894,210.49925696847473,0.0,40.10004040801362,0.09086651053864168,1260,9
final_refine_2m,2.0,708.0,410.0,818.1466861144155,1.0,1.0,0.0,1.0,0.24951860525631017,0.24951860525631017,1.0,0.3341269841269841,0.3341269841269841,71.15504587337821,85.96748164358922,166.2028297790078,179.9541989118463,209.8290675164461,0.0,40.03690355997987,0.09344262295081968,1260,9
final_refine_2m,2.0,710.0,410.0,819.8780397107853,1.0,1.0,0.0,1.0,0.2498048399687744,0.2498048399687744,1.0,0.33095238095238094,0.33095238095238094,70.88821273873268,85.73063686495607,165.7100196934762,179.3743688189455,209.16022073119572,0.0,39.973570195503946,0.09344262295081968,1260,9
final_refine_2m,2.0,712.0,410.0,821.6106133686444,1.0,1.0,0.0,1.0,0.2492063492063492,0.2492063492063492,1.0,0.326984126984127,0.326984126984127,70.62243212157156,85.49481304873458,165.21816548187812,178.79574391517977,208.49271610702863,0.0,39.90968509917247,0.09344262295081968,1260,9
final_refine_2m,2.0,714.0,410.0,823.344399385822,1.0,1.0,0.0,1.0,0.24949258391881343,0.24949258391881343,1.0,0.3238095238095238,0.3238095238095238,70.35770507233867,85.26001045781696,164.7272671207484,178.2183239746285,207.8265531443637,0.0,39.84524734261428,0.09208951340098881,1260,9
final_refine_2m,2.0,716.0,410.0,825.0793901195206,1.0,1.0,0.0,1.0,0.25214676034348166,0.25214676034348166,1.0,0.3261904761904762,0.3261904761904762,70.09403264723524,85.02622934760784,164.19295934322656,177.6421087780066,207.16173134977524,0.0,39.78025603376382,0.09073640385115794,1260,9
final_refine_2m,2.0,718.0,410.0,826.8155779858046,1.0,1.0,0.0,1.0,0.23806921675774134,0.23806921675774134,1.0,0.3111111111111111,0.3111111111111111,69.83141590807972,84.79346996597046,163.63497263755468,177.0670981127153,206.49825023603935,0.0,39.714720354934045,0.08938329430132709,1260,9
final_refine_2m,2.0,720.0,410.0,828.5529554590944,1.0,1.0,0.0,1.0,0.24072339318240957,0.24072339318240957,1.0,0.3134920634920635,0.3134920634920635,69.56985592217114,84.56173255317427,163.07823622132534,176.4932917728818,205.83610932216325,0.0,39.64948914493844,0.08803018475149622,1260,9
final_refine_2m,2.0,722.0,410.0,830.2915150716644,1.0,1.0,0.0,1.0,0.2572209211553474,0.2572209211553474,1.0,0.33015873015873015,0.33015873015873015,69.30935376214148,84.33100415852134,162.52274998679934,175.92068955940547,205.1753081334256,0.0,39.58494245261081,0.08667707520166537,1260,9
final_refine_2m,2.0,724.0,410.0,832.0312494131456,1.0,1.0,0.0,1.0,0.2562841530054645,0.2562841530054645,1.0,0.3261904761904762,0.3261904761904762,69.0499105058125,84.10128321506392,161.96851383421912,175.34929127999743,204.5158462014272,0.0,39.52104613302903,0.08782201405152225,1260,9
final_refine_2m,2.0,726.0,410.0,833.7721511300315,1.0,1.0,0.0,1.0,0.2540983606557377,0.2540983606557377,1.0,0.32142857142857145,0.32142857142857145,68.79152723604076,83.87258393608735,161.41552767184865,174.7790967492366,203.8577230641121,0.0,39.45777640155761,0.08979963570127504,1260,9
final_refine_2m,2.0,728.0,410.0,835.5142129251901,1.0,1.0,0.0,1.0,0.25191256830601094,0.25191256830601094,1.0,0.31666666666666665,0.31666666666666665,68.53420504055536,83.6449047674546,160.88109246671033,174.21010578860074,203.20093826581655,0.0,39.3951097906926,0.09110070257611241,1260,9
final_refine_2m,2.0,730.0,410.0,837.2574275573792,1.0,1.0,0.0,1.0,0.25191256830601094,0.25191256830601094,1.0,0.31666666666666665,0.31666666666666665,68.27794501180519,83.41824930517303,160.35543140043941,173.64231822651684,202.5454913573123,0.0,39.33303624337796,0.0930783242258652,1260,9
final_refine_2m,2.0,630.0,412.0,752.7575971054692,1.0,1.0,0.0,1.0,0.24499089253187614,0.24499089253187614,1.0,0.396031746031746,0.396031746031746,82.67200012663186,95.85932028060567,187.2364219498161,202.26748268044915,235.81206635715793,0.0,42.53949975598408,0.08095238095238096,1260,9
final_refine_2m,2.0,632.0,412.0,754.4322368509978,1.0,1.0,0.0,1.0,0.24363778298204528,0.24363778298204528,1.0,0.3873015873015873,0.3873015873015873,82.33845365918998,95.57726927893823,186.68409028264628,201.66910125977705,235.0952013946185,0.0,42.47138629355434,0.08214936247723133,1260,9
final_refine_2m,2.0,634.0,412.0,756.1084578286371,1.0,1.0,0.0,1.0,0.2445745511319282,0.2445745511319282,1.0,0.38571428571428573,0.38571428571428573,82.00609112101043,95.29774508770983,186.10709198829758,201.07183619573098,234.3796922208349,0.0,42.40349606389849,0.08360655737704918,1260,9
final_refine_2m,2.0,636.0,412.0,757.7862495453451,1.0,1.0,0.0,1.0,0.24707259953161592,0.24707259953161592,1.0,0.3880952380952381,0.3880952380952381,81.67491328699312,95.01936519417197,185.53123328944875,200.4756871093635,233.66553813886577,0.0,42.33514436496548,0.08360655737704918,1260,9
final_refine_2m,2.0,638.0,412.0,759.4656015910135,1.0,1.0,0.0,1.0,0.24873796513140775,0.24873796513140775,1.0,0.3896825396825397,0.3896825396825397,81.36775273739312,94.74199425099425,184.95651387488894,199.88065362637914,232.9527384566431,0.0,42.266279653640694,0.08360655737704918,1260,9
final_refine_2m,2.0,640.0,412.0,761.1465036377688,1.0,1.0,0.0,1.0,0.2504033307311996,0.2504033307311996,1.0,0.39126984126984127,0.39126984126984127,81.06331854621328,94.4656323866148,184.382933438757,199.28673537716904,232.24129248701658,0.0,42.19690093816776,0.0824095758521988,1260,9
final_refine_2m,2.0,642.0,412.0,762.8289454392774,1.0,1.0,0.0,1.0,0.25290137913088734,0.25290137913088734,1.0,0.39365079365079364,0.39365079365079364,80.75991029987544,94.1902797240296,183.81049168059764,198.69393199682503,231.5311995477699,0.0,42.127007258121516,0.08121259432734843,1260,9
final_refine_2m,2.0,644.0,412.0,764.5129168300559,1.0,1.0,0.0,1.0,0.23911007025761125,0.23911007025761125,1.0,0.37142857142857144,0.37142857142857144,80.45752878053892,93.9159363807445,183.23918830536775,198.0801632754129,230.8224589616468,0.0,42.05688464841421,0.07941712204007285,1260,9
final_refine_2m,2.0,646.0,412.0,766.1984077247877,1.0,1.0,0.0,1.0,0.23934426229508196,0.23934426229508196,1.0,0.36587301587301585,0.36587301587301585,80.1561747785898,93.642602468728,182.66902302349942,197.44138049916455,230.11507005637964,0.0,41.98729852762055,0.07822014051522248,1260,9
final_refine_2m,2.0,648.0,412.0,767.8854081176436,1.0,1.0,0.0,1.0,0.2546448087431694,0.2546448087431694,1.0,0.38333333333333336,0.38333333333333336,79.85584909261102,93.37027809436596,182.09999555090843,196.8039049731607,229.40903216471787,0.0,41.91827009579872,0.07853239656518345,1260,9
final_refine_2m,2.0,650.0,412.0,769.5739080816085,1.0,1.0,0.0,1.0,0.2546448087431694,0.2546448087431694,1.0,0.38333333333333336,0.38333333333333336,79.55655252935018,93.09896058960422,181.53210560904233,196.16773622808708,228.70434462444666,0.0,41.84978019878531,0.08035389018995577,1260,9
final_refine_2m,2.0,652.0,412.0,771.2638977678133,1.0,1.0,0.0,1.0,0.2546448087431694,0.2546448087431694,1.0,0.38333333333333336,0.38333333333333336,79.25828590369618,92.82864828973105,180.9653529249114,195.5328738006246,228.00100677843378,0.0,41.781840878493526,0.08217538381472808,1260,9
final_refine_2m,2.0,654.0,412.0,772.9553674048716,1.0,1.0,0.0,1.0,0.2546448087431694,0.2546448087431694,1.0,0.38333333333333336,0.38333333333333336,78.96105003863482,92.55934102041235,180.3997372311243,194.8993172334771,227.29901797464015,0.0,41.71440515553922,0.08399687743950039,1260,9
final_refine_2m,2.0,656.0,412.0,774.6483072982217,1.0,1.0,0.0,1.0,0.2537080405932865,0.2537080405932865,1.0,0.38015873015873014,0.38015873015873014,78.66484576522186,92.29104229716349,179.83525826591654,194.26706607543508,226.59837756614735,0.0,41.64745438075336,0.08506375227686704,1260,9
final_refine_2m,2.0,658.0,412.0,776.342707829474,1.0,1.0,0.0,1.0,0.25160031225604995,0.25160031225604995,1.0,0.373015873015873,0.373015873015873,78.36967392254131,92.0244928889357,179.27191577320212,193.63611988138595,225.89908491120238,0.0,41.58097567834626,0.08688524590163935,1260,9
final_refine_2m,2.0,660.0,412.0,778.0385594557638,1.0,1.0,0.0,1.0,0.24972677595628415,0.24972677595628415,1.0,0.36666666666666664,0.36666666666666664,78.07553535766331,91.7599614989847,178.70970950258928,193.06755377057758,225.20113937323458,0.0,41.514310978415786,0.08688524590163935,1260,9
final_refine_2m,2.0,662.0,412.0,779.7358527091081,1.0,1.0,0.0,1.0,0.24972677595628415,0.24972677595628415,1.0,0.36666666666666664,0.36666666666666664,77.7824309256046,91.49643414495958,178.14863920943245,192.5092963427136,224.50454032087765,0.0,41.44712158351965,0.08688524590163935,1260,9
final_refine_2m,2.0,664.0,412.0,781.4345781957694,1.0,1.0,0.0,1.0,0.24972677595628415,0.24972677595628415,1.0,0.36666666666666664,0.36666666666666664,77.49036148928023,91.23389858969978,177.58870465485393,191.95206262019383,223.80928712802103,0.0,41.37940651200164,0.0862607338017174,1260,9
final_refine_2m,2.0,666.0,412.0,783.1347265956223,1.0,1.0,0.0,1.0,0.24972677595628415,0.24972677595628415,1.0,0.36666666666666664,0.36666666666666664,77.19932791945455,90.97237127140808,177.02990560579312,191.39585234757376,223.1153791738095,0.0,41.311164814975164,0.08501170960187354,1260,9
final_refine_2m,2.0,668.0,412.0,784.8362886615272,1.0,1.0,0.0,1.0,0.23497267759562843,0.23497267759562843,1.0,0.35,0.35,76.8938620044657,90.71185126245437,176.4722418350421,190.84066527400643,222.42281584270665,0.0,41.242413407239354,0.08376268540202966,1260,9
final_refine_2m,2.0,670.0,412.0,786.539255218708,1.0,1.0,0.0,1.0,0.23400988810824877,0.23400988810824877,1.0,0.34523809523809523,0.34523809523809523,76.57978204180972,90.45234398152323,175.91571312127357,190.28650115324675,221.7315965244982,0.0,41.17393390964008,0.08188914910226386,1260,9
final_refine_2m,2.0,672.0,412.0,788.2436171641353,1.0,1.0,0.0,1.0,0.2466822794691647,0.2466822794691647,1.0,0.35555555555555557,0.35555555555555557,76.26691577098302,90.19384554367525,175.3603192490817,189.73335974370505,221.0417206143367,0.0,41.10607269316419,0.08064012490241998,1260,9
final_refine_2m,2.0,674.0,412.0,789.9493654659138,1.0,1.0,0.0,1.0,0.24886807181889148,0.24886807181889148,1.0,0.3547619047619048,0.3547619047619048,75.95526413895652,89.9363583777178,174.80606000902887,189.1812408084472,220.3531875127582,0.0,41.03879119765033,0.0825136612021858,1260,9
final_refine_2m,2.0,676.0,412.0,791.6564911626759,1.0,1.0,0.0,1.0,0.25144418423106946,0.25144418423106946,1.0,0.35714285714285715,0.35714285714285715,75.64482810121652,89.67988409514639,174.25293519767294,188.59237490340848,219.66599662573822,0.0,40.97206892066189,0.0843871975019516,1260,9
final_refine_2m,2.0,678.0,412.0,793.364985362979,1.0,1.0,0.0,1.0,0.2531615925058548,0.2531615925058548,1.0,0.35873015873015873,0.35873015873015873,75.3356086216689,89.42442396324809,173.70094461760934,187.99691167433411,218.98014736469688,0.0,40.905885584333696,0.0862607338017174,1260,9
final_refine_2m,2.0,680.0,412.0,795.0748392447091,1.0,1.0,0.0,1.0,0.25573770491803277,0.25573770491803277,1.0,0.3611111111111111,0.3611111111111111,75.02760667253077,89.16998155492388,173.15008807751138,187.40265016701954,218.29563914654196,0.0,40.84023725361901,0.08813427010148321,1260,9
final_refine_2m,2.0,682.0,412.0,796.7860440544877,1.0,1.0,0.0,1.0,0.2571688784803539,0.2571688784803539,1.0,0.3619047619047619,0.3619047619047619,74.72082323421843,88.91656177287842,172.60036539216347,186.80959006653757,217.61247139370806,0.0,40.77511162719446,0.08922716627634661,1260,9
final_refine_2m,2.0,684.0,412.0,798.4985911070852,1.0,1.0,0.0,1.0,0.2574551131928181,0.2574551131928181,1.0,0.35793650793650794,0.35793650793650794,74.41525929524366,88.66583114530765,172.05177638250672,186.21773106391873,216.93064353417284,0.0,40.71024373859335,0.09016393442622951,1260,9
final_refine_2m,2.0,686.0,412.0,800.2124717848379,1.0,1.0,0.0,1.0,0.25688264376788966,0.25688264376788966,1.0,0.3531746031746032,0.3531746031746032,74.11091585208439,88.41625949825604,171.50432087568055,185.62707285616528,216.25015500149595,0.0,40.644895706223885,0.09016393442622951,1260,9
final_refine_2m,2.0,688.0,412.0,801.9276775370706,1.0,1.0,0.0,1.0,0.25573770491803277,0.25573770491803277,1.0,0.35,0.35,73.80779390906848,88.16770297003488,170.9579987050521,185.0376151463129,215.57100523486787,0.0,40.57901066548691,0.09016393442622951,1260,9
final_refine_2m,2.0,690.0,412.0,803.6441998795239,1.0,1.0,0.0,1.0,0.25573770491803277,0.25573770491803277,1.0,0.35,0.35,73.50589447824328,87.92017384503619,170.412809710267,184.44935764344837,214.89319367911068,0.0,40.51258768196079,0.08886286755139214,1260,9
final_refine_2m,2.0,692.0,412.0,805.3620303937851,1.0,1.0,0.0,1.0,0.25573770491803277,0.25573770491803277,1.0,0.35,0.35,73.20521857924173,87.67366973272388,169.86875373727753,183.8623000627609,214.21671978474404,0.0,40.44562585556828,0.08756180067655478,1260,9
final_refine_2m,2.0,694.0,412.0,807.0811607267265,1.0,1.0,0.0,1.0,0.24043715846994534,0.24043715846994534,1.0,0.3333333333333333,0.3333333333333333,72.91959225139964,87.4281785250613,169.3258306384032,183.27644212557553,213.5415830079981,0.0,40.3784311406035,0.08561020036429873,1260,9
final_refine_2m,2.0,696.0,412.0,808.8015825899453,1.0,1.0,0.0,1.0,0.24059328649492584,0.24059328649492584,1.0,0.33174603174603173,0.33174603174603173,72.64693614795975,87.18370041691608,168.7840402723484,182.6917835593935,212.86778281085375,0.0,40.31183276957504,0.08430913348946135,1260,9
final_refine_2m,2.0,698.0,412.0,810.5232877592106,1.0,1.0,0.0,1.0,0.25175644028103045,0.25175644028103045,1.0,0.3412698412698413,0.3412698412698413,72.3753196758309,86.94023559625852,168.24338250426263,182.10832409793375,212.19531866108093,0.0,40.245854100887286,0.08462138953942233,1260,9
final_refine_2m,2.0,700.0,412.0,812.2462680739136,1.0,1.0,0.0,1.0,0.24957064793130368,0.24957064793130368,1.0,0.3357142857142857,0.3357142857142857,72.10474382715475,86.69778424411382,167.70385720577366,181.52606348116527,211.5241900322673,0.0,40.180473067405515,0.08654696851418163,1260,9
final_refine_2m,2.0,702.0,412.0,813.9705154365237,1.0,1.0,0.0,1.0,0.24863387978142076,0.24863387978142076,1.0,0.3333333333333333,0.3333333333333333,71.83520960040516,86.45634653451681,167.16546425502978,180.94500145536185,210.85439640385636,0.0,40.11570138001914,0.08847254748894093,1260,9
final_refine_2m,2.0,704.0,412.0,815.6960218120473,1.0,1.0,0.0,1.0,0.24863387978142076,0.24863387978142076,1.0,0.3333333333333333,0.3333333333333333,71.56671800027603,86.21592263446736,166.62820353674323,180.3651377731307,210.18593726118397,0.0,40.05148724380069,0.09039812646370024,1260,9
final_refine_2m,2.0,706.0,412.0,817.4227792274937,1.0,1.0,0.0,1.0,0.24863387978142076,0.24863387978142076,1.0,0.3333333333333333,0.3333333333333333,71.29927003757474,85.97651270388708,166.1284622461458,179.78647219345024,209.51881209551127,0.0,39.987809314467746,0.09232370543845954,1260,9
final_refine_2m,2.0,708.0,412.0,819.1507797713434,1.0,1.0,0.0,1.0,0.24951860525631017,0.24951860525631017,1.0,0.3341269841269841,0.3341269841269841,71.03286672910362,85.73893365512767,165.63728126657017,179.2090044817226,208.85302040406435,0.0,39.924654319461524,0.09344262295081968,1260,9
final_refine_2m,2.0,710.0,412.0,820.880015593022,1.0,1.0,0.0,1.0,0.2492583918813427,0.2492583918813427,1.0,0.33095238095238094,0.33095238095238094,70.76750909753781,85.50347411675361,165.14705124421252,178.63273440981567,208.1885616900633,0.0,39.861317976815926,0.09344262295081968,1260,9
final_refine_2m,2.0,712.0,412.0,822.6104789023782,1.0,1.0,0.0,1.0,0.24988290398126464,0.24988290398126464,1.0,0.32857142857142857,0.32857142857142857,70.50319817130816,85.2690291597737,164.6305533143556,178.05766175608593,207.52543546276718,0.0,39.79743368532504,0.09344262295081968,1260,9
final_refine_2m,2.0,714.0,412.0,824.3421619691668,1.0,1.0,0.0,1.0,0.25016913869372887,0.25016913869372887,1.0,0.3253968253968254,0.3253968253968254,70.2399349844646,85.03559904415846,164.073602810164,177.48378630544835,206.86364123751525,0.0,39.733000528146555,0.09276606817590424,1260,9
final_refine_2m,2.0,716.0,412.0,826.0750571225353,1.0,1.0,0.0,1.0,0.2512620348685922,0.2512620348685922,1.0,0.3253968253968254,0.3253968253968254,69.97772057655294,84.80318402247137,163.5178946566394,176.91110784939204,206.2031785357424,0.0,39.66801762425442,0.09141295862607338,1260,9
final_refine_2m,2.0,718.0,412.0,827.8091567505157,1.0,1.0,0.0,1.0,0.23806921675774134,0.23806921675774134,1.0,0.3111111111111111,0.3111111111111111,69.71655599247171,84.57178433981544,162.96342874075677,176.3396261860474,205.5440468850413,0.0,39.60250167327235,0.08938329430132709,1260,9
final_refine_2m,2.0,720.0,412.0,829.5444532995203,1.0,1.0,0.0,1.0,0.24072339318240957,0.24072339318240957,1.0,0.3134920634920635,0.3134920634920635,69.45644228233466,84.34140023378106,162.41020495727776,175.76934112021115,204.88624581919257,0.0,39.53729495369438,0.08803018475149622,1260,9
final_refine_2m,2.0,722.0,412.0,831.2809392738415,1.0,1.0,0.0,1.0,0.256128024980484,0.256128024980484,1.0,0.32936507936507936,0.32936507936507936,69.19738050132767,84.11202777164094,161.8582232088249,175.20025246339586,204.22977487819895,0.0,39.472771083064316,0.08667707520166537,1260,9
final_refine_2m,2.0,724.0,412.0,833.0186072351565,1.0,1.0,0.0,1.0,0.2570127504553734,0.2570127504553734,1.0,0.3277777777777778,0.3277777777777778,68.93937170955498,83.88365694345715,161.3178485556691,174.63236003387922,203.57463360832074,0.0,39.40888871312645,0.08865469685141816,1260,9
final_refine_2m,2.0,726.0,412.0,834.7574498020368,1.0,1.0,0.0,1.0,0.2544626593806922,0.2544626593806922,1.0,0.32222222222222224,0.32222222222222224,68.6824169718906,83.65629043396459,160.79303670619862,174.06566365673945,202.92082156213303,0.0,39.34562435625732,0.09063231850117096,1260,9
final_refine_2m,2.0,728.0,412.0,836.49745964946,1.0,1.0,0.0,1.0,0.2522768670309654,0.2522768670309654,1.0,0.31746031746031744,0.31746031746031744,68.42651735781601,83.42993929752724,160.26935623360947,173.50016316391074,202.26833829854655,0.0,39.28295483569493,0.09260994015092376,1260,9
final_refine_2m,2.0,730.0,412.0,838.238629508328,1.0,1.0,0.0,1.0,0.25191256830601094,0.25191256830601094,1.0,0.31666666666666665,0.31666666666666665,68.17167394125828,83.2046067713342,159.746807111957,172.93585839421561,201.61718338285257,0.0,39.22087533681712,0.09458756180067655,1260,9
final_refine_2m,2.0,630.0,414.0,753.8540972893893,1.0,1.0,0.0,1.0,0.24553734061930782,0.24553734061930782,1.0,0.3984126984126984,0.3984126984126984,82.45999039129735,95.57543406248443,186.49861656863797,201.4391250236899,234.67175682522608,0.0,42.427982374802845,0.08168097840228988,1260,9
final_refine_2m,2.0,632.0,414.0,755.5263066234028,1.0,1.0,0.0,1.0,0.24418423106947698,0.24418423106947698,1.0,0.3896825396825397,0.3896825396825397,82.12848263272116,95.29500363666384,185.92389649862855,200.84421705610222,233.9596093551565,0.0,42.35983750694865,0.0834504293520687,1260,9
final_refine_2m,2.0,634.0,414.0,757.2001056523962,1.0,1.0,0.0,1.0,0.2445745511319282,0.2445745511319282,1.0,0.38571428571428573,0.38571428571428573,81.79815163989564,95.01706995398168,185.35030915425295,200.25041843952133,233.24880753900388,0.0,42.291924366830145,0.08360655737704918,1260,9
final_refine_2m,2.0,636.0,414.0,758.8754838575298,1.0,1.0,0.0,1.0,0.24707259953161592,0.24707259953161592,1.0,0.3880952380952381,0.3880952380952381,81.49279826655044,94.74029936632799,184.77785422941386,199.65772880557046,232.53935069604,0.0,42.22355896573203,0.08360655737704918,1260,9
final_refine_2m,2.0,638.0,414.0,760.5524308027685,1.0,1.0,0.0,1.0,0.24873796513140775,0.24873796513140775,1.0,0.3896825396825397,0.3896825396825397,81.18902727346702,94.46453148327167,184.20653142329755,199.06614779049488,231.83123815038735,0.0,42.15468388713694,0.08360655737704918,1260,9
final_refine_2m,2.0,640.0,414.0,762.2309361341876,1.0,1.0,0.0,1.0,0.2504033307311996,0.2504033307311996,1.0,0.39126984126984127,0.39126984126984127,80.88627600136839,94.18976643210816,183.63634044041112,198.45282230692467,231.12446923102686,0.0,42.085298150568825,0.0824095758521988,1260,9
final_refine_2m,2.0,642.0,414.0,763.9109895792834,1.0,1.0,0.0,1.0,0.25290137913088734,0.25290137913088734,1.0,0.39365079365079364,0.39365079365079364,80.58454521634265,93.91600433475276,183.06728099061073,197.81557705278018,230.41904327184594,0.0,42.015400806457535,0.08121259432734843,1260,9
final_refine_2m,2.0,644.0,414.0,765.592580946289,1.0,1.0,0.0,1.0,0.23890189955763727,0.23890189955763727,1.0,0.373015873015873,0.373015873015873,80.28383569251754,93.64324530769326,182.49935278914512,197.17963072656414,229.7149596116462,0.0,41.94528922697667,0.08001561280249805,1260,9
final_refine_2m,2.0,646.0,414.0,767.2757001234954,1.0,1.0,0.0,1.0,0.23931824095758522,0.23931824095758522,1.0,0.3674603174603175,0.3674603174603175,79.9841482120423,93.37148946194299,181.93255555668168,196.54498286110433,229.0122175941913,0.0,41.87571355516596,0.07881863127764767,1260,9
final_refine_2m,2.0,648.0,414.0,768.9603370785778,1.0,1.0,0.0,1.0,0.2546448087431694,0.2546448087431694,1.0,0.38333333333333336,0.38333333333333336,79.68548356505033,93.10073690299585,181.36688901933059,195.91163299510467,228.31081656820405,0.0,41.80668761878895,0.07928701535258913,1260,9
final_refine_2m,2.0,650.0,414.0,770.6464818579269,1.0,1.0,0.0,1.0,0.2546448087431694,0.2546448087431694,1.0,0.38333333333333336,0.38333333333333336,79.38784254963473,92.83098679294403,180.80235290870232,195.27958067318713,227.61075588742187,0.0,41.738192501339384,0.08110850897736144,1260,9
final_refine_2m,2.0,652.0,414.0,772.3341245859851,1.0,1.0,0.0,1.0,0.2546448087431694,0.2546448087431694,1.0,0.38333333333333336,0.38333333333333336,79.09122597180995,92.56223601497136,180.23894696191806,194.64882544592177,226.91203491061654,0.0,41.67024227493678,0.08217538381472808,1260,9
final_refine_2m,2.0,654.0,414.0,774.0232554645887,1.0,1.0,0.0,1.0,0.2546448087431694,0.2546448087431694,1.0,0.38333333333333336,0.38333333333333336,78.79563464548269,92.29448402399605,179.6766709216551,194.0193668698585,226.21465300160497,0.0,41.602788351131345,0.08399687743950039,1260,9
final_refine_2m,2.0,656.0,414.0,775.7138647723141,1.0,1.0,0.0,1.0,0.2544106167056987,0.2544106167056987,1.0,0.3825396825396825,0.3825396825396825,78.50106939240501,92.02773222413128,179.11552453619026,193.45048225323112,225.5186095293059,0.0,41.53581230803628,0.0858183710642727,1260,9
final_refine_2m,2.0,658.0,414.0,777.4059428638296,1.0,1.0,0.0,1.0,0.25230288836846215,0.25230288836846215,1.0,0.3753968253968254,0.3753968253968254,78.20753104214212,91.76269222901101,178.55550755940874,192.8932401170598,224.82390386773773,0.0,41.46930844553706,0.08688524590163935,1260,9
final_refine_2m,2.0,660.0,414.0,779.0994801692528,1.0,1.0,0.0,1.0,0.2501951600312256,0.2501951600312256,1.0,0.3682539682539683,0.3682539682539683,77.91502043202773,91.49969251596687,177.99661975087145,192.337016315408,224.13053539607913,0.0,41.40263255595586,0.08688524590163935,1260,9
final_refine_2m,2.0,662.0,414.0,780.7944671935118,1.0,1.0,0.0,1.0,0.24972677595628415,0.24972677595628415,1.0,0.36666666666666664,0.36666666666666664,77.6235384071168,91.23769665019157,177.438860875824,191.7818105924251,223.43850349866952,0.0,41.33543544038918,0.08688524590163935,1260,9
final_refine_2m,2.0,664.0,414.0,782.4908945157125,1.0,1.0,0.0,1.0,0.24972677595628415,0.24972677595628415,1.0,0.36666666666666664,0.36666666666666664,77.33308582014405,90.97668840173863,176.8822307052471,191.22762269675843,222.74780756505228,0.0,41.267716128663885,0.0862607338017174,1260,9
final_refine_2m,2.0,666.0,414.0,784.1887527885108,1.0,1.0,0.0,1.0,0.24972677595628415,0.24972677595628415,1.0,0.36666666666666664,0.36666666666666664,77.02897242051131,90.71667314295651,176.3267290158895,190.67445238158223,222.05844699000042,0.0,41.1994736829335,0.08501170960187354,1260,9
final_refine_2m,2.0,668.0,414.0,785.8880327374886,1.0,1.0,0.0,1.0,0.23497267759562843,0.23497267759562843,1.0,0.35,0.35,76.71562254370828,90.45766180277951,175.7723555903049,190.12229940462865,221.37042117355406,0.0,41.13073192556556,0.08376268540202966,1260,9
final_refine_2m,2.0,670.0,414.0,787.588725160537,1.0,1.0,0.0,1.0,0.2345303148581837,0.2345303148581837,1.0,0.3468253968253968,0.3468253968253968,76.40347792625771,90.19965348920911,175.21911021688527,189.57116352820975,220.68372952104187,0.0,41.06226801495401,0.0825136612021858,1260,9
final_refine_2m,2.0,672.0,414.0,789.2908209272423,1.0,1.0,0.0,1.0,0.24499089253187614,0.24499089253187614,1.0,0.3547619047619048,0.3547619047619048,76.09253949369017,89.94265174280461,174.66699268989885,188.98613204283492,219.99837144310487,0.0,40.9944177501361,0.08204527712724434,1260,9
final_refine_2m,2.0,674.0,414.0,790.9943109782776,1.0,1.0,0.0,1.0,0.24886807181889148,0.24886807181889148,1.0,0.3547619047619048,0.3547619047619048,75.78280817985117,89.68665156473926,174.11600280953584,188.3919232408734,219.31434635574328,0.0,40.92714059703682,0.08329430132708822,1260,9
final_refine_2m,2.0,676.0,414.0,792.6991863248,1.0,1.0,0.0,1.0,0.2505854800936768,0.2505854800936768,1.0,0.35634920634920636,0.35634920634920636,75.47428492680005,89.43165873902848,173.5661403819281,187.79890894229362,218.6316536803417,0.0,40.860414752835325,0.08516783762685402,1260,9
final_refine_2m,2.0,678.0,414.0,794.4054380478523,1.0,1.0,0.0,1.0,0.2531615925058548,0.2531615925058548,1.0,0.35873015873015873,0.35873015873015873,75.16697068470516,89.17767252513198,173.01740521920735,187.20708883183727,217.95029284369178,0.0,40.79422018942024,0.0862607338017174,1260,9
final_refine_2m,2.0,680.0,414.0,796.1130572977685,1.0,1.0,0.0,1.0,0.25573770491803277,0.25573770491803277,1.0,0.3611111111111111,0.3611111111111111,74.86086641174032,88.92469644894892,172.46979713952868,186.6164626000566,217.27026327803264,0.0,40.72855779913821,0.08813427010148321,1260,9
final_refine_2m,2.0,682.0,414.0,797.822035293586,1.0,1.0,0.0,1.0,0.2574551131928181,0.2574551131928181,1.0,0.3626984126984127,0.3626984126984127,74.55597307397244,88.67273550628865,171.9233159671177,186.02702994338154,216.59156442108244,0.0,40.663408111762436,0.09000780640124903,1260,9
final_refine_2m,2.0,684.0,414.0,799.5323633224612,1.0,1.0,0.0,1.0,0.25802758261774655,0.25802758261774655,1.0,0.3595238095238095,0.3595238095238095,74.25229164524706,88.42343025990446,171.3779615323038,185.4387905641327,215.9141957160611,0.0,40.598525345841736,0.09016393442622951,1260,9
final_refine_2m,2.0,686.0,414.0,801.24403273909,1.0,1.0,0.0,1.0,0.2574551131928181,0.2574551131928181,1.0,0.3547619047619048,0.3547619047619048,73.94982310706351,88.17530879393681,170.8337336715587,184.85174417057425,215.2381566117338,0.0,40.53317237536014,0.09016393442622951,1260,9
final_refine_2m,2.0,688.0,414.0,802.9570349651343,1.0,1.0,0.0,1.0,0.25573770491803277,0.25573770491803277,1.0,0.35,0.35,73.64856844845829,87.92819032992722,170.29063222754272,184.26589047694307,214.56344656243874,0.0,40.46728601077572,0.09016393442622951,1260,9
final_refine_2m,2.0,690.0,414.0,804.6713614886514,1.0,1.0,0.0,1.0,0.25573770491803277,0.25573770491803277,1.0,0.35,0.35,73.34852866586702,87.68208912020584,169.74865704913736,183.68122920348387,213.89006502812296,0.0,40.4008653288891,0.08886286755139214,1260,9
final_refine_2m,2.0,692.0,414.0,806.3870038635296,1.0,1.0,0.0,1.0,0.25573770491803277,0.25573770491803277,1.0,0.35,0.35,73.06105654433803,87.43701028420239,169.20780799149463,183.097760076504,213.2180114743675,0.0,40.333909440383145,0.08756180067655478,1260,9
final_refine_2m,2.0,694.0,414.0,808.1039537089272,1.0,1.0,0.0,1.0,0.24043715846994534,0.24043715846994534,1.0,0.3333333333333333,0.3333333333333333,72.78886683335199,87.19294175316968,168.66808491606025,182.51548282839548,212.5472853724297,0.0,40.26673654412995,0.0862607338017174,1260,9
final_refine_2m,2.0,696.0,414.0,809.822202708718,1.0,1.0,0.0,1.0,0.2405152224824356,0.2405152224824356,1.0,0.3325396825396825,0.3325396825396825,72.51771012475412,86.94988003144326,168.1294876906317,181.93439719767184,211.87788619927196,0.0,40.20015935663593,0.08495966692688005,1260,9
final_refine_2m,2.0,698.0,414.0,811.5417426109393,1.0,1.0,0.0,1.0,0.2523809523809524,0.2523809523809524,1.0,0.34285714285714286,0.34285714285714286,72.24758738999475,86.70782530497335,167.5920161893938,181.35450292902308,211.20981343760167,0.0,40.134193287315895,0.08462138953942233,1260,9
final_refine_2m,2.0,700.0,414.0,813.2625652272457,1.0,1.0,0.0,1.0,0.2501951600312256,0.2501951600312256,1.0,0.3373015873015873,0.3373015873015873,71.97849960670929,86.4667777528406,167.05567029295312,180.77579977334264,210.5430665758988,0.0,40.06881654396262,0.08735362997658079,1260,9
final_refine_2m,2.0,702.0,414.0,814.9846624323675,1.0,1.0,0.0,1.0,0.24863387978142076,0.24863387978142076,1.0,0.3333333333333333,0.3333333333333333,71.71044775861996,86.22673754721035,166.54659098279112,180.19828748777095,209.8776451084568,0.0,40.00404303989536,0.08847254748894093,1260,9
final_refine_2m,2.0,704.0,414.0,816.7080261635733,1.0,1.0,0.0,1.0,0.24863387978142076,0.24863387978142076,1.0,0.3333333333333333,0.3333333333333333,71.44343283541814,85.98770485328869,166.05607734860277,179.62196583573615,209.21354853540635,0.0,39.93981926244373,0.09039812646370024,1260,9
final_refine_2m,2.0,706.0,414.0,818.4326484201373,1.0,1.0,0.0,1.0,0.24863387978142076,0.24863387978142076,1.0,0.3333333333333333,0.3333333333333333,71.17745583265481,85.74967982927933,165.5665098296242,179.04683458699597,208.55077636276425,0.0,39.87612412796309,0.09232370543845954,1260,9
final_refine_2m,2.0,708.0,414.0,820.1585212628105,1.0,1.0,0.0,1.0,0.24951860525631017,0.24951860525631017,1.0,0.3341269841269841,0.3341269841269841,70.91251775162364,85.51344479949118,165.0676112463011,178.4728935176667,207.88932810247135,0.0,39.81295208118451,0.09344262295081968,1260,9
final_refine_2m,2.0,710.0,414.0,821.8856368132978,1.0,1.0,0.0,1.0,0.24993494665625812,0.24993494665625812,1.0,0.3325396825396825,0.3325396825396825,70.64861959923931,85.2793550395064,164.5116872593245,177.90014241028896,207.22920327241286,0.0,39.7496137129212,0.09344262295081968,1260,9
final_refine_2m,2.0,712.0,414.0,823.6139872537377,1.0,1.0,0.0,1.0,0.25022118136872235,0.25022118136872235,1.0,0.32936507936507936,0.32936507936507936,70.38576238791279,85.04627355237113,163.95699778319917,177.328581053837,206.57040139645994,0.0,39.685731143134845,0.09344262295081968,1260,9
final_refine_2m,2.0,714.0,414.0,825.343564826188,1.0,1.0,0.0,1.0,0.24962269060629716,0.24962269060629716,1.0,0.3253968253968254,0.3253968253968254,70.12394713542253,84.81420059512804,163.40354269980276,176.75820924379136,205.91292200452116,0.0,39.6213034663822,0.09276606817590424,1260,9
final_refine_2m,2.0,716.0,414.0,827.0743618321148,1.0,1.0,0.0,1.0,0.2512620348685922,0.2512620348685922,1.0,0.3253968253968254,0.3253968253968254,69.86317486478278,84.58313641749203,162.85132189863813,176.18902678216298,205.25676463256238,0.0,39.55632981255614,0.09141295862607338,1260,9
final_refine_2m,2.0,718.0,414.0,828.8063706318865,1.0,1.0,0.0,1.0,0.23806921675774134,0.23806921675774134,1.0,0.3111111111111111,0.3111111111111111,69.60344660410223,84.35308126179703,162.3003352768837,175.62103347753157,204.60192882264568,0.0,39.49083432368622,0.09005984907624252,1260,9
final_refine_2m,2.0,720.0,414.0,830.5395836442716,1.0,1.0,0.0,1.0,0.24072339318240957,0.24072339318240957,1.0,0.3134920634920635,0.3134920634920635,69.34476338644981,84.12403536294474,161.7540980060655,175.05422914510936,203.94841412297967,0.0,39.42565365977537,0.08870673952641166,1260,9
final_refine_2m,2.0,722.0,414.0,832.2739933459413,1.0,1.0,0.0,1.0,0.2550351288056206,0.2550351288056206,1.0,0.32857142857142857,0.32857142857142857,69.08712624970204,83.89599894835395,161.2301277630142,174.48861360676506,203.2962200879462,0.0,39.3611524431776,0.08735362997658079,1260,9
final_refine_2m,2.0,724.0,414.0,834.0095922709762,1.0,1.0,0.0,1.0,0.25774134790528236,0.25774134790528236,1.0,0.32936507936507936,0.32936507936507936,68.83053623639685,83.66896237555892,160.70728220883302,173.92418669107002,202.64534627814277,0.0,39.29728482033429,0.08865469685141816,1260,9
final_refine_2m,2.0,726.0,414.0,835.7463730103768,1.0,1.0,0.0,1.0,0.25519125683060107,0.25519125683060107,1.0,0.3238095238095238,0.3238095238095238,68.57499439357925,83.44291912895588,160.18556131157624,173.36094823335205,201.99579226041863,0.0,39.23402672004305,0.09063231850117096,1260,9
final_refine_2m,2.0,728.0,414.0,837.4843282115792,1.0,1.0,0.0,1.0,0.2526411657559198,0.2526411657559198,1.0,0.31825396825396823,0.31825396825396823,68.32050177264203,83.21788270411783,159.6649650463439,172.79889807572772,201.3475576079227,0.0,39.171355251822405,0.09260994015092376,1260,9
final_refine_2m,2.0,730.0,414.0,839.2234505779733,1.0,1.0,0.0,1.0,0.25191256830601094,0.25191256830601094,1.0,0.31666666666666665,0.31666666666666665,68.06705942916015,82.99385563627027,159.14549339531567,172.23803606716106,200.7006419001322,0.0,39.109270792264084,0.09458756180067655,1260,9
final_refine_2m,2.0,630.0,416.0,754.9543032528525,1.0,1.0,0.0,1.0,0.2459016393442623,0.2459016393442623,1.0,0.4,0.4,82.25101634890646,95.29520783752453,185.74400091257928,200.62030865227916,233.54577406668494,0.0,42.31697139110611,0.0824095758521988,1260,9
final_refine_2m,2.0,632.0,416.0,756.6240810336399,1.0,1.0,0.0,1.0,0.2449128285193859,0.2449128285193859,1.0,0.39285714285714285,0.39285714285714285,81.92208265643295,95.01638138285331,185.17266072443792,200.02883581140475,232.83828521562307,0.0,42.248796294616476,0.0834504293520687,1260,9
final_refine_2m,2.0,634.0,416.0,758.2954569295533,1.0,1.0,0.0,1.0,0.2445745511319282,0.2445745511319282,1.0,0.38571428571428573,0.38571428571428573,81.61795574938871,94.74001895265936,184.60244616962217,199.4384654076309,232.13213203574588,0.0,42.1808613411062,0.08360655737704918,1260,9
final_refine_2m,2.0,636.0,416.0,759.968420396532,1.0,1.0,0.0,1.0,0.24623991673172002,0.24623991673172002,1.0,0.3873015873015873,0.3873015873015873,81.31484166818325,94.46483980584588,184.03335695223956,198.82558202337742,231.42731386218082,0.0,42.112483249126875,0.08360655737704918,1260,9
final_refine_2m,2.0,638.0,416.0,761.6429609731846,1.0,1.0,0.0,1.0,0.24873796513140775,0.24873796513140775,1.0,0.3896825396825397,0.3896825396825397,81.01274115528301,94.19065718992151,183.46539278164744,198.18985856488993,230.72383003488034,0.0,42.04359878375743,0.08360655737704918,1260,9
final_refine_2m,2.0,640.0,416.0,763.3190682801,1.0,1.0,0.0,1.0,0.2504033307311996,0.2504033307311996,1.0,0.39126984126984127,0.39126984126984127,80.71165496104778,93.91747123100784,182.89855337248264,197.5554258133485,230.02167989861744,0.0,41.97420697568284,0.083008066614624,1260,9
final_refine_2m,2.0,642.0,416.0,764.9967320191636,1.0,1.0,0.0,1.0,0.25290137913088734,0.25290137913088734,1.0,0.39365079365079364,0.39365079365079364,80.41158384370574,93.64528204990796,182.33283844469108,196.92228330374573,229.3208628030189,0.0,41.904306886076654,0.08121259432734843,1260,9
final_refine_2m,2.0,644.0,416.0,766.6759419728781,1.0,1.0,0.0,1.0,0.2395264116575592,0.2395264116575592,1.0,0.3753968253968254,0.3753968253968254,80.11252856932659,93.37408976205862,181.76824772356824,196.29043057682028,228.6213781026107,0.0,41.83420711248582,0.08001561280249805,1260,9
final_refine_2m,2.0,646.0,416.0,768.3566880036901,1.0,1.0,0.0,1.0,0.23994275305750715,0.23994275305750715,1.0,0.36984126984126986,0.36984126984126986,79.81448991179421,93.10389447748418,181.20478093978437,195.65986717911437,227.9232251568104,0.0,41.76464267391901,0.07881863127764767,1260,9
final_refine_2m,2.0,648.0,416.0,770.0389600533209,1.0,1.0,0.0,1.0,0.2546448087431694,0.2546448087431694,1.0,0.38333333333333336,0.38333333333333336,79.51746865277407,92.83469630075163,180.64243782942742,195.0305926630006,227.22640332999305,0.0,41.695620097552485,0.07988550611501431,1260,9
final_refine_2m,2.0,650.0,416.0,771.7227481421031,1.0,1.0,0.0,1.0,0.2546448087431694,0.2546448087431694,1.0,0.38333333333333336,0.38333333333333336,79.22146558168244,92.56649533092686,180.08121813402386,194.40260658671664,226.53091199147812,0.0,41.627120700886486,0.08170699973978662,1260,9
final_refine_2m,2.0,652.0,416.0,773.4080423683218,1.0,1.0,0.0,1.0,0.2546448087431694,0.2546448087431694,1.0,0.38333333333333336,0.38333333333333336,78.92648149564681,92.29928851827508,179.52112160058053,193.83341154896195,225.83675051559536,0.0,41.5591605655494,0.08352849336455893,1260,9
final_refine_2m,2.0,654.0,416.0,775.0948329075611,1.0,1.0,0.0,1.0,0.2546448087431694,0.2546448087431694,1.0,0.38333333333333336,0.38333333333333336,78.63251719947631,92.03307479148776,178.96214798162111,193.27717530968883,225.1439182816791,0.0,41.49168950835925,0.08475149622690606,1260,9
final_refine_2m,2.0,656.0,416.0,776.7831100120547,1.0,1.0,0.0,1.0,0.2546448087431694,0.2546448087431694,1.0,0.38333333333333336,0.38333333333333336,78.33957350561384,91.7678535781503,178.4042970352065,192.7219520896588,224.45241467411486,0.0,41.42468933128941,0.08657298985167837,1260,9
final_refine_2m,2.0,658.0,416.0,778.4728640100437,1.0,1.0,0.0,1.0,0.2527712724434036,0.2527712724434036,1.0,0.376984126984127,0.376984126984127,78.04765123410056,91.5043059347192,177.8475685249937,192.16774163265075,223.76223908237435,0.0,41.358161441683265,0.08688524590163935,1260,9
final_refine_2m,2.0,660.0,416.0,780.1640853051363,1.0,1.0,0.0,1.0,0.25066354410616704,0.25066354410616704,1.0,0.36984126984126986,0.36984126984126986,77.75675121252841,91.24282096818504,177.29196222024126,191.6145436868577,223.07339090101704,0.0,41.291475364848644,0.08688524590163935,1260,9
final_refine_2m,2.0,662.0,416.0,781.8567643756752,1.0,1.0,0.0,1.0,0.24972677595628415,0.24972677595628415,1.0,0.36666666666666664,0.36666666666666664,77.46687427599643,90.98233406280208,176.7374778958737,191.06235800492013,222.38586952974492,0.0,41.22427149880537,0.08688524590163935,1260,9
final_refine_2m,2.0,664.0,416.0,783.5508917741081,1.0,1.0,0.0,1.0,0.24972677595628415,0.24972677595628415,1.0,0.36666666666666664,0.36666666666666664,77.16409807420912,90.7228383401795,176.18411533248874,190.5111843439488,221.69967437341387,0.0,41.15654888473862,0.08688524590163935,1260,9
final_refine_2m,2.0,666.0,416.0,785.2464581263642,1.0,1.0,0.0,1.0,0.24972677595628415,0.24972677595628415,1.0,0.36666666666666664,0.36666666666666664,76.85147117941786,90.46432179262911,175.63187431642143,189.96102246555319,221.01480484208105,0.0,41.088306595725655,0.08501170960187354,1260,9
final_refine_2m,2.0,668.0,416.0,786.9434541312355,1.0,1.0,0.0,1.0,0.23497267759562843,0.23497267759562843,1.0,0.35,0.35,76.54004122054894,90.20680202396545,175.08075463975467,189.3797805377111,220.33126035101552,0.0,41.01957529336456,0.08376268540202966,1260,9
final_refine_2m,2.0,670.0,416.0,788.6418705597617,1.0,1.0,0.0,1.0,0.23531095498308613,0.23531095498308613,1.0,0.3492063492063492,0.3492063492063492,76.22980910220832,89.95027788048121,174.53075610037124,188.7868139211879,219.64904032073315,0.0,40.95113099523769,0.0825136612021858,1260,9
final_refine_2m,2.0,672.0,416.0,790.341698254622,1.0,1.0,0.0,1.0,0.2441582097319802,0.2441582097319802,1.0,0.3547619047619048,0.3547619047619048,75.9207757371172,89.69475299132826,173.98187850198659,188.19503467380508,218.9681441770387,0.0,40.88328920173895,0.08204527712724434,1260,9
final_refine_2m,2.0,674.0,416.0,792.0429281295301,1.0,1.0,0.0,1.0,0.24938849856882644,0.24938849856882644,1.0,0.35634920634920636,0.35634920634920636,75.61294204601039,89.44022626939172,173.43412165418485,187.60444248000667,218.28857135104485,0.0,40.816017254245416,0.08391881342701014,1260,9
final_refine_2m,2.0,676.0,416.0,793.7455511686348,1.0,1.0,0.0,1.0,0.2505854800936768,0.2505854800936768,1.0,0.35634920634920636,0.35634920634920636,75.30630895754118,89.1866968581503,172.88748537244905,187.01503702995626,217.6103212791948,0.0,40.7492887839327,0.08579234972677596,1260,9
final_refine_2m,2.0,678.0,416.0,795.4495584259256,1.0,1.0,0.0,1.0,0.2531615925058548,0.2531615925058548,1.0,0.35873015873015873,0.35873015873015873,75.00087740817251,88.93416982293672,172.34196947821764,186.42681801955592,216.9333934033184,0.0,40.68308400863863,0.08766588602654177,1260,9
final_refine_2m,2.0,680.0,416.0,797.1549410246417,1.0,1.0,0.0,1.0,0.25487900078064013,0.25487900078064013,1.0,0.3603174603174603,0.3603174603174603,74.69664834207038,88.68264340318758,171.797573798904,185.83978515049554,216.25778717063875,0.0,40.617408601200424,0.08891491022638563,1260,9
final_refine_2m,2.0,682.0,416.0,798.8616901566879,1.0,1.0,0.0,1.0,0.2574551131928181,0.2574551131928181,1.0,0.3626984126984127,0.3626984126984127,74.39362271099104,88.43212512516016,171.25429816793667,185.25393813028043,215.58350203381795,0.0,40.552235989231605,0.09078844652615145,1260,9
final_refine_2m,2.0,684.0,416.0,800.5697970820534,1.0,1.0,0.0,1.0,0.258600052042675,0.258600052042675,1.0,0.3611111111111111,0.3611111111111111,74.09180147416177,88.18422931784522,170.7121424248096,184.66927667226915,214.9105374509758,0.0,40.48733939583849,0.09016393442622951,1260,9
final_refine_2m,2.0,686.0,416.0,802.2792531282358,1.0,1.0,0.0,1.0,0.25802758261774655,0.25802758261774655,1.0,0.35634920634920636,0.35634920634920636,73.79118559816231,87.93753930807074,170.17110641510462,184.08580049572112,214.23889288574338,0.0,40.42198244422615,0.09016393442622951,1260,9
final_refine_2m,2.0,688.0,416.0,803.9900496896712,1.0,1.0,0.0,1.0,0.25573770491803277,0.25573770491803277,1.0,0.35,0.35,73.49177605679186,87.69184803262354,169.63118999054907,183.50350932581173,213.56856780727406,0.0,40.35609567901402,0.09016393442622951,1260,9
final_refine_2m,2.0,690.0,416.0,805.702178227166,1.0,1.0,0.0,1.0,0.25573770491803277,0.25573770491803277,1.0,0.35,0.35,73.20248340804933,87.44715874574165,169.0923930090375,182.92240289369576,212.89956169028105,0.0,40.28967818810292,0.08886286755139214,1260,9
final_refine_2m,2.0,692.0,416.0,807.4156302673364,1.0,1.0,0.0,1.0,0.25573770491803277,0.25573770491803277,1.0,0.35,0.35,72.93075611898102,87.20348616290721,168.55471533467548,182.34248093652542,212.23187401508363,0.0,40.22272909282247,0.08756180067655478,1260,9
final_refine_2m,2.0,694.0,416.0,809.1303974020504,1.0,1.0,0.0,1.0,0.24043715846994534,0.24043715846994534,1.0,0.3333333333333333,0.3333333333333333,72.66005528437351,86.96082452311131,168.01815683783272,181.76374319749712,211.56550426762345,0.0,40.155578715529956,0.0862607338017174,1260,9
final_refine_2m,2.0,696.0,416.0,810.8464712878758,1.0,1.0,0.0,1.0,0.24043715846994534,0.24043715846994534,1.0,0.3333333333333333,0.3333333333333333,72.39038185545536,86.7191634737596,167.48271739516125,181.18618942588682,210.90045193950698,0.0,40.0890234209335,0.08495966692688005,1260,9
final_refine_2m,2.0,698.0,416.0,812.5638436455316,1.0,1.0,0.0,1.0,0.2530054644808743,0.2530054644808743,1.0,0.34444444444444444,0.34444444444444444,72.12173678950055,86.47850319876386,166.96441050824743,180.60981937709406,210.23671652804248,0.0,40.023070746834854,0.08607858443924017,1260,9
final_refine_2m,2.0,700.0,416.0,814.2825062593448,1.0,1.0,0.0,1.0,0.2505074160811866,0.2505074160811866,1.0,0.3380952380952381,0.3380952380952381,71.85412104972883,86.23884387524012,166.47455840966308,180.03463281266883,209.57429753625533,0.0,39.957699171712505,0.08800416341399948,1260,9
final_refine_2m,2.0,702.0,416.0,816.0024509767112,1.0,1.0,0.0,1.0,0.24863387978142076,0.24863387978142076,1.0,0.3333333333333333,0.3333333333333333,71.58753560519659,86.00018567346346,165.98564763470762,179.4606295003661,208.91319447295578,0.0,39.892924788768454,0.08992974238875878,1260,9
final_refine_2m,2.0,704.0,416.0,817.7236697075608,1.0,1.0,0.0,1.0,0.24863387978142076,0.24863387978142076,1.0,0.3333333333333333,0.3333333333333333,71.32198143068793,85.762528756824,165.49767815181184,178.88780921417845,208.25340685273912,0.0,39.82869238278771,0.09185532136351808,1260,9
final_refine_2m,2.0,706.0,416.0,819.4461544238279,1.0,1.0,0.0,1.0,0.24863387978142076,0.24863387978142076,1.0,0.3333333333333333,0.3333333333333333,71.05745950659852,85.52587328178426,164.949234420909,178.3161717343735,207.59493419604306,0.0,39.7649811268324,0.0931303669008587,1260,9
final_refine_2m,2.0,708.0,416.0,821.1698971589253,1.0,1.0,0.0,1.0,0.24863387978142076,0.24863387978142076,1.0,0.3333333333333333,0.3333333333333333,70.79397081881858,85.29096707302753,164.39555416919188,177.7457168475331,206.93777602918024,0.0,39.70179310962472,0.09344262295081968,1260,9
final_refine_2m,2.0,710.0,416.0,822.8948900072232,1.0,1.0,0.0,1.0,0.25061150143117356,0.25061150143117356,1.0,0.3341269841269841,0.3341269841269841,70.53151635861192,85.05823187700062,163.84310056262058,177.17644434660602,206.28193188436185,0.0,39.63845365641776,0.09344262295081968,1260,9
final_refine_2m,2.0,712.0,416.0,824.6211251235321,1.0,1.0,0.0,1.0,0.2508977361436378,0.2508977361436378,1.0,0.33095238095238094,0.33095238095238094,70.2700971224862,84.82649871652956,163.29187348563073,176.60835403093657,205.62740129975066,0.0,39.574573713800525,0.09344262295081968,1260,9
final_refine_2m,2.0,714.0,416.0,826.3485947225904,1.0,1.0,0.0,1.0,0.2502992453812126,0.2502992453812126,1.0,0.326984126984127,0.326984126984127,70.00971411206794,84.59576784572411,162.74187283016974,176.04144570630353,204.97418381948444,0.0,39.51015238760073,0.09276606817590424,1260,9
final_refine_2m,2.0,716.0,416.0,828.0772910785563,1.0,1.0,0.0,1.0,0.2512620348685922,0.2512620348685922,1.0,0.3253968253968254,0.3253968253968254,69.75036833396783,84.36603951144409,162.1930984957404,175.47571918498002,204.32227899371344,0.0,39.44518881851097,0.09141295862607338,1260,9
final_refine_2m,2.0,718.0,416.0,829.8072065245035,1.0,1.0,0.0,1.0,0.23806921675774134,0.23806921675774134,1.0,0.3111111111111111,0.3111111111111111,69.49206079963798,84.13731395324703,161.66671224824253,174.91117428575362,203.6716863786522,0.0,39.379714517175145,0.09005984907624252,1260,9
final_refine_2m,2.0,720.0,416.0,831.5383334519221,1.0,1.0,0.0,1.0,0.24072339318240957,0.24072339318240957,1.0,0.3134920634920635,0.3134920634920635,69.2347925252379,83.90959140333688,161.14469418196322,174.3478108339828,203.02240553659925,0.0,39.314564898809365,0.08870673952641166,1260,9
final_refine_2m,2.0,722.0,416.0,833.2706643102227,1.0,1.0,0.0,1.0,0.25269320843091336,0.25269320843091336,1.0,0.3261904761904762,0.3261904761904762,68.97856453148013,83.68287208651425,160.62379415794885,173.78562866163458,202.37443603598734,0.0,39.25008272713782,0.0881863127764767,1260,9
final_refine_2m,2.0,724.0,416.0,835.0041916062457,1.0,1.0,0.0,1.0,0.2581056466302368,0.2581056466302368,1.0,0.33015873015873015,0.33015873015873015,68.72337784348537,83.45715361268991,160.1040121453531,173.2246276073294,201.7277774514079,0.0,39.18623063889908,0.09016393442622951,1260,9
final_refine_2m,2.0,726.0,416.0,836.7389079037738,1.0,1.0,0.0,1.0,0.25591985428051,0.25591985428051,1.0,0.3253968253968254,0.3253968253968254,68.46923349062472,83.2324245038753,159.58534812025889,172.66480751637707,201.0824293636664,0.0,39.12297966594977,0.0921415560759823,1260,9
final_refine_2m,2.0,728.0,416.0,838.4748058230491,1.0,1.0,0.0,1.0,0.25336976320582877,0.25336976320582877,1.0,0.3198412698412698,0.3198412698412698,68.21613250636231,83.00868741912855,159.067802065736,172.1061682408318,200.4383913598069,0.0,39.06030719971507,0.09411917772573511,1260,9
final_refine_2m,2.0,730.0,416.0,840.2118780402952,1.0,1.0,0.0,1.0,0.25191256830601094,0.25191256830601094,1.0,0.31666666666666665,0.31666666666666665,67.96407592808998,82.78595179879387,158.55137397186402,171.5487096395336,199.79566303316665,0.0,38.99821875752689,0.0960967993754879,1260,9
final_refine_2m,2.0,630.0,418.0,756.0581988180539,1.0,1.0,0.0,1.0,0.2459016393442623,0.2459016393442623,1.0,0.4,0.4,82.046694265685,95.01858420602433,184.99823815039016,199.8108838132193,232.4338683515688,0.0,42.20646353892818,0.08298204527712724,1260,9
final_refine_2m,2.0,632.0,418.0,757.7255439801406,1.0,1.0,0.0,1.0,0.2454592766068176,0.2454592766068176,1.0,0.3952380952380952,0.3952380952380952,81.74322414211579,94.74134532746638,184.43024022390935,199.19844135985508,231.73098033421977,0.0,42.138259376720825,0.08475149622690606,1260,9
final_refine_2m,2.0,634.0,418.0,759.3944956345154,1.0,1.0,0.0,1.0,0.24493884985688263,0.24493884985688263,1.0,0.3873015873015873,0.3873015873015873,81.44076077692841,94.46653526204007,183.86336093066458,198.56422421141053,231.02941815408425,0.0,42.070303694127574,0.08360655737704918,1260,9
final_refine_2m,2.0,636.0,418.0,761.0650432124708,1.0,1.0,0.0,1.0,0.24623991673172002,0.24623991673172002,1.0,0.3873015873015873,0.3873015873015873,81.13930489737183,94.19292997821145,183.29759998473938,197.93128964849913,230.32918116181747,0.0,42.00191391097383,0.08360655737704918,1260,9
final_refine_2m,2.0,638.0,418.0,762.7371762278275,1.0,1.0,0.0,1.0,0.24873796513140775,0.24873796513140775,1.0,0.3896825396825397,0.3896825396825397,80.83885723842322,93.92031512237305,182.73295710543576,197.29963720826038,229.63026871284404,0.0,41.933021028164745,0.08360655737704918,1260,9
final_refine_2m,2.0,640.0,418.0,764.410884276251,1.0,1.0,0.0,1.0,0.2504033307311996,0.2504033307311996,1.0,0.39126984126984127,0.39126984126984127,80.53941854274977,93.64869081944379,182.16943201729023,196.66926643349436,228.93268016738463,0.0,41.86362408742841,0.083008066614624,1260,9
final_refine_2m,2.0,642.0,418.0,766.0861570345727,1.0,1.0,0.0,1.0,0.25290137913088734,0.25290137913088734,1.0,0.39365079365079364,0.39365079365079364,80.24098956069781,93.37805718908382,181.6070244501106,196.04017687266563,228.23641489047657,0.0,41.79372216057215,0.08181108508977361,1260,9
final_refine_2m,2.0,644.0,418.0,767.7629842601166,1.0,1.0,0.0,1.0,0.23994275305750715,0.23994275305750715,1.0,0.376984126984127,0.376984126984127,79.94357105024942,93.10841434564779,181.04573413901431,195.41236807997154,227.54147225200816,0.0,41.72363496027579,0.08061410356492324,1260,9
final_refine_2m,2.0,646.0,418.0,769.4413557900303,1.0,1.0,0.0,1.0,0.24035909445745512,0.24035909445745512,1.0,0.37142857142857144,0.37142857142857144,79.64716377700287,92.83976239813879,180.48556082445492,194.7858396153427,226.84785162673845,0.0,41.6540825307781,0.07881863127764767,1260,9
final_refine_2m,2.0,648.0,418.0,771.1212615406217,1.0,1.0,0.0,1.0,0.2546448087431694,0.2546448087431694,1.0,0.38333333333333336,0.38333333333333336,79.3517685141364,92.57210145016367,179.92650425225693,194.21634205282606,226.15555239431757,0.0,41.585064169333734,0.08064012490241998,1260,9
final_refine_2m,2.0,650.0,418.0,772.8026915067002,1.0,1.0,0.0,1.0,0.2546448087431694,0.2546448087431694,1.0,0.38333333333333336,0.38333333333333336,79.05738604237139,92.30543159988996,179.36856417364254,193.6611024461606,225.46457393932792,0.0,41.5165614238708,0.0824616185271923,1260,9
final_refine_2m,2.0,652.0,418.0,774.4856357609223,1.0,1.0,0.0,1.0,0.2546448087431694,0.2546448087431694,1.0,0.38333333333333336,0.38333333333333336,78.76401714993953,92.03975179144818,178.81174034528027,193.10687059815598,224.77491565131118,0.0,41.44859236514263,0.08428311215196461,1260,9
final_refine_2m,2.0,654.0,418.0,776.1700844531435,1.0,1.0,0.0,1.0,0.2546448087431694,0.2546448087431694,1.0,0.38333333333333336,0.38333333333333336,78.47166263253968,91.77505892185873,178.25603252930702,192.5536462522556,224.08657692477902,0.0,41.381105229378655,0.08610460577673693,1260,9
final_refine_2m,2.0,656.0,418.0,777.8560278097741,1.0,1.0,0.0,1.0,0.2546448087431694,0.2546448087431694,1.0,0.38333333333333336,0.38333333333333336,78.1803232933015,91.51135287676256,177.70144049335846,192.00142915625673,223.39955715925623,0.0,41.31408203905632,0.08717148061410357,1260,9
final_refine_2m,2.0,658.0,418.0,779.5434561331396,1.0,1.0,0.0,1.0,0.2534738485558158,0.2534738485558158,1.0,0.37936507936507935,0.37936507936507935,77.88999994273824,91.24928045731271,177.14796401061352,191.45021906230338,222.7138557593026,0.0,41.247531241727465,0.08748373666406453,1260,9
final_refine_2m,2.0,660.0,418.0,781.232359800847,1.0,1.0,0.0,1.0,0.2511319281811085,0.2511319281811085,1.0,0.37142857142857144,0.37142857142857144,77.6006933987027,90.9892940979536,176.59560285982897,190.90001572694533,222.02947213454243,0.0,41.180835968245106,0.08688524590163935,1260,9
final_refine_2m,2.0,662.0,418.0,782.9227292651556,1.0,1.0,0.0,1.0,0.24972677595628415,0.24972677595628415,1.0,0.36666666666666664,0.36666666666666664,77.29923933062855,90.73029885997465,176.04435682536462,190.35081891112708,221.34640569969332,0.0,41.11362631056064,0.08688524590163935,1260,9
final_refine_2m,2.0,664.0,418.0,784.6145550523518,1.0,1.0,0.0,1.0,0.24972677595628415,0.24972677595628415,1.0,0.36666666666666664,0.36666666666666664,76.9873284186504,90.47229460492453,175.49422569722523,189.77332243523858,220.66465587459464,0.0,41.04590132109432,0.08688524590163935,1260,9
final_refine_2m,2.0,666.0,418.0,786.3078277621303,1.0,1.0,0.0,1.0,0.24972677595628415,0.24972677595628415,1.0,0.36666666666666664,0.36666666666666664,76.67660622619991,90.21526593885294,174.94520927109383,189.1815859415125,219.98422208423338,0.0,40.977660083732125,0.08563622170179547,1260,9
final_refine_2m,2.0,668.0,418.0,788.0025380669786,1.0,1.0,0.0,1.0,0.23497267759562843,0.23497267759562843,1.0,0.35,0.35,76.36707363745944,89.95921816837145,174.3973073483651,188.59102976536803,219.3051037587842,0.0,40.908940031973394,0.0843871975019516,1260,9
final_refine_2m,2.0,670.0,418.0,789.698676711567,1.0,1.0,0.0,1.0,0.23583138173302107,0.23583138173302107,1.0,0.35079365079365077,0.35079365079365077,76.05873154452658,89.7041640354111,173.85051973619233,188.00165359102672,218.627300333618,0.0,40.84051605461303,0.0825136612021858,1260,9
final_refine_2m,2.0,672.0,418.0,791.3962345121437,1.0,1.0,0.0,1.0,0.2433255269320843,0.2433255269320843,1.0,0.3547619047619048,0.3547619047619048,75.75158084732765,89.45009937508657,173.30484624750466,187.4134571083026,217.95081124935496,0.0,40.77268355202001,0.08282591725214676,1260,9
final_refine_2m,2.0,674.0,418.0,793.095202355934,1.0,1.0,0.0,1.0,0.24990892531876138,0.24990892531876138,1.0,0.35793650793650794,0.35793650793650794,75.44562245351037,89.19702937490925,172.76028670106268,186.8264400126468,217.27563595188482,0.0,40.705417663285566,0.08469945355191257,1260,9
final_refine_2m,2.0,676.0,418.0,794.7955712005446,1.0,1.0,0.0,1.0,0.2505854800936768,0.2505854800936768,1.0,0.35634920634920636,0.35634920634920636,75.14085727834903,88.94494935326864,172.21684092148595,186.240602005182,216.60177389239306,0.0,40.63868749676448,0.08657298985167837,1260,9
final_refine_2m,2.0,678.0,418.0,796.4973320733724,1.0,1.0,0.0,1.0,0.2531615925058548,0.2531615925058548,1.0,0.35873015873015873,0.35873015873015873,74.83728624463554,88.69386334425492,171.67450873928163,185.65594279272395,215.92922452739873,0.0,40.57247351251353,0.08844652615144419,1260,9
final_refine_2m,2.0,680.0,418.0,798.2004760710181,1.0,1.0,0.0,1.0,0.25487900078064013,0.25487900078064013,1.0,0.3603174603174603,0.3603174603174603,74.53491028256813,88.4437735435666,171.13328999090209,185.07246208783047,215.2579873187733,0.0,40.50678611763732,0.09032006245120999,1260,9
final_refine_2m,2.0,682.0,418.0,799.904994358705,1.0,1.0,0.0,1.0,0.2574551131928181,0.2574551131928181,1.0,0.3626984126984127,0.3626984126984127,74.23373032963694,88.19468058969949,170.59318451876592,184.49015960883736,214.58806173379887,0.0,40.44159170340554,0.09141295862607338,1260,9
final_refine_2m,2.0,684.0,418.0,801.6108781697014,1.0,1.0,0.0,1.0,0.25917252146760345,0.25917252146760345,1.0,0.3626984126984127,0.3626984126984127,73.93374733050452,87.9481782873797,170.05419217130452,183.90903507988733,213.9194472451598,0.0,40.37668231955776,0.09016393442622951,1260,9
final_refine_2m,2.0,686.0,418.0,803.3181188047485,1.0,1.0,0.0,1.0,0.258600052042675,0.258600052042675,1.0,0.35793650793650794,0.35793650793650794,73.63496223688279,87.70290239448096,169.51631280298778,183.32908823097247,213.25214333101806,0.0,40.311322332243584,0.09016393442622951,1260,9
final_refine_2m,2.0,688.0,418.0,805.0267076314922,1.0,1.0,0.0,1.0,0.2563101743429612,0.2563101743429612,1.0,0.3515873015873016,0.3515873015873016,73.34387386849713,87.4586228759179,168.97954627438563,182.75031879795782,212.58614947500274,0.0,40.24543607852298,0.09016393442622951,1260,9
final_refine_2m,2.0,690.0,418.0,806.7366360839205,1.0,1.0,0.0,1.0,0.25573770491803277,0.25573770491803277,1.0,0.35,0.35,73.072605081915,87.21533395494858,168.44389245218093,182.17272652264455,211.92146516628245,0.0,40.17902265727646,0.08951340098881083,1260,9
final_refine_2m,2.0,692.0,418.0,808.4478956618045,1.0,1.0,0.0,1.0,0.25573770491803277,0.25573770491803277,1.0,0.35,0.35,72.80235628143613,86.97305111467952,167.90935120922853,181.59631115278106,211.25808989957036,0.0,40.11208120036831,0.08821233411397346,1260,9
final_refine_2m,2.0,694.0,418.0,810.1604779301445,1.0,1.0,0.0,1.0,0.24043715846994534,0.24043715846994534,1.0,0.3333333333333333,0.3333333333333333,72.53312839852003,86.73177809538471,167.38192534214733,181.0210724421152,210.59602317516214,0.0,40.044954034335134,0.08691126723913609,1260,9
final_refine_2m,2.0,696.0,418.0,811.8743745186197,1.0,1.0,0.0,1.0,0.24043715846994534,0.24043715846994534,1.0,0.3333333333333333,0.3333333333333333,72.26492237053753,86.49150225492241,166.8927290449166,180.44701015042907,209.93526449897604,0.0,39.97842133385378,0.08495966692688005,1260,9
final_refine_2m,2.0,698.0,418.0,813.5895771210445,1.0,1.0,0.0,1.0,0.2536299765807963,0.2536299765807963,1.0,0.346031746031746,0.346031746031746,71.99773914067315,86.25222103804343,166.40446932936354,179.87412404357073,209.27581338259168,0.0,39.91248284136484,0.08688524590163935,1260,9
final_refine_2m,2.0,700.0,418.0,815.3060774948265,1.0,1.0,0.0,1.0,0.2511319281811085,0.2511319281811085,1.0,0.3396825396825397,0.3396825396825397,71.73157965781239,86.01393461988087,165.91714615965682,179.30241389350454,208.61766934326866,0.0,39.84711730187448,0.08881082487639864,1260,9
final_refine_2m,2.0,702.0,418.0,817.023867460431,1.0,1.0,0.0,1.0,0.24894613583138173,0.24894613583138173,1.0,0.3341269841269841,0.3341269841269841,71.46644487644302,85.7766431687998,165.38625256370034,178.73187947834649,207.96083190398429,0.0,39.782342966263265,0.09073640385115794,1260,9
final_refine_2m,2.0,704.0,418.0,818.7429389008494,1.0,1.0,0.0,1.0,0.24863387978142076,0.24863387978142076,1.0,0.3333333333333333,0.3333333333333333,71.20233575653545,85.54034684635367,164.83357221333551,178.16252058239027,207.30530059347885,0.0,39.71810293176999,0.09266198282591726,1260,9
final_refine_2m,2.0,706.0,418.0,820.4632837610711,1.0,1.0,0.0,1.0,0.24863387978142076,0.24863387978142076,1.0,0.3333333333333333,0.3333333333333333,70.93925326343327,85.30504580724202,164.28211085608154,177.59433699616977,206.65107494628066,0.0,39.6543766243084,0.09378090033827739,1260,9
final_refine_2m,2.0,708.0,418.0,822.1848940475616,1.0,1.0,0.0,1.0,0.24863387978142076,0.24863387978142076,1.0,0.3333333333333333,0.3333333333333333,70.67719836773131,85.07145346491218,163.73186837149407,177.02732851648105,205.9981545027478,0.0,39.5911737043319,0.09409315638823836,1260,9
final_refine_2m,2.0,710.0,418.0,823.9077618277424,1.0,1.0,0.0,1.0,0.2509497788186313,0.2509497788186313,1.0,0.3349206349206349,0.3349206349206349,70.41617204515053,84.84005786060364,163.18284464648218,176.46149494642546,205.34653880909786,0.0,39.527834095114564,0.09344262295081968,1260,9
final_refine_2m,2.0,712.0,418.0,825.6318792294784,1.0,1.0,0.0,1.0,0.25068956544366383,0.25068956544366383,1.0,0.33174603174603173,0.33174603174603173,70.15617527641679,84.60965812461389,162.63503957534556,175.8968360954567,204.69622741744016,0.0,39.46395767385985,0.09344262295081968,1260,9
final_refine_2m,2.0,714.0,418.0,827.3572384405662,1.0,1.0,0.0,1.0,0.250975800156128,0.250975800156128,1.0,0.32857142857142857,0.32857142857142857,69.8972090471272,84.38025450811554,162.1027976925184,175.33335177941913,204.04721988583108,0.0,39.39954355753989,0.09344262295081968,1260,9
final_refine_2m,2.0,716.0,418.0,829.0838317082296,1.0,1.0,0.0,1.0,0.2512620348685922,0.2512620348685922,1.0,0.3253968253968254,0.3253968253968254,69.63927434761416,84.1518472551083,161.58159978123982,174.77104182058545,203.3995157782833,0.0,39.33459089752934,0.09208951340098881,1260,9
final_refine_2m,2.0,718.0,418.0,830.8116513386171,1.0,1.0,0.0,1.0,0.23718449128285193,0.23718449128285193,1.0,0.3103174603174603,0.3103174603174603,69.38237217281,83.9244366023668,161.0615133755003,174.2099060476997,202.753114664826,0.0,39.26913850038626,0.09073640385115794,1260,9
final_refine_2m,2.0,720.0,418.0,832.5406896963054,1.0,1.0,0.0,1.0,0.23983866770752016,0.23983866770752016,1.0,0.3126984126984127,0.3126984126984127,69.12650352210164,83.69802277938977,160.54253843870725,173.64994429602135,202.10801612152954,0.0,39.20402054974052,0.08870673952641166,1260,9
final_refine_2m,2.0,722.0,418.0,834.2709392038057,1.0,1.0,0.0,1.0,0.2512360135310955,0.2512360135310955,1.0,0.3246031746031746,0.3246031746031746,68.8716693991823,83.47260600835072,160.0246749410588,173.09115640736027,201.46421973054595,0.0,39.139558164922974,0.08901899557637262,1260,9
final_refine_2m,2.0,724.0,418.0,836.0023923410746,1.0,1.0,0.0,1.0,0.2588342440801457,0.2588342440801457,1.0,0.33174603174603173,0.33174603174603173,68.61787081190703,83.24818650404944,159.50792285957894,172.53354223013406,200.82172508014784,0.0,39.075722388960614,0.09099661722612543,1260,9
final_refine_2m,2.0,726.0,418.0,837.7350416450299,1.0,1.0,0.0,1.0,0.2562841530054645,0.2562841530054645,1.0,0.3261904761904762,0.3261904761904762,68.36510877213027,83.02475701232565,158.99228217816523,171.97710161939517,200.18053176476246,0.0,39.01247940303301,0.09297423887587822,1260,9
final_refine_2m,2.0,728.0,418.0,839.4688797090694,1.0,1.0,0.0,1.0,0.25373406193078324,0.25373406193078324,1.0,0.32063492063492066,0.32063492063492066,68.11338429554777,82.80230836865167,158.47775288763302,171.4218344368795,199.5406393850211,0.0,38.9498068761835,0.09495186052563102,1260,9
final_refine_2m,2.0,730.0,418.0,841.2038991825941,1.0,1.0,0.0,1.0,0.25191256830601094,0.25191256830601094,1.0,0.31666666666666665,0.31666666666666665,67.86269840153355,82.58085090754432,157.96433498575624,170.8677405510546,198.90204754778273,0.0,38.887715416742424,0.09692948217538382,1260,9
final_refine_2m,2.0,630.0,420.0,757.1657678474378,1.0,1.0,0.0,1.0,0.2459016393442623,0.2459016393442623,1.0,0.4,0.4,81.86860241695739,94.74550695627933,184.2611879198438,198.9386731813433,231.3357956865213,0.0,42.09645558223465,0.08371064272703617,1260,9
final_refine_2m,2.0,632.0,420.0,758.8306794008793,1.0,1.0,0.0,1.0,0.24517304189435338,0.24517304189435338,1.0,0.3968253968253968,0.3968253968253968,81.5667836605564,94.46983919865909,183.69649525503993,198.30722165521405,230.63745177905156,0.0,42.02822350352464,0.08475149622690606,1260,9
final_refine_2m,2.0,634.0,420.0,760.497205780534,1.0,1.0,0.0,1.0,0.24548529794431434,0.24548529794431434,1.0,0.3896825396825397,0.3896825396825397,81.26596637598317,94.19656323606259,183.13291431376302,197.67704423030906,229.9404240203571,0.0,41.96024816354287,0.08360655737704918,1260,9
final_refine_2m,2.0,636.0,420.0,762.16533639362,1.0,1.0,0.0,1.0,0.24623991673172002,0.24623991673172002,1.0,0.3873015873015873,0.3873015873015873,80.96615128315224,93.92451451841879,182.5704448198622,197.04814045148305,229.24471177627214,0.0,41.89184767747015,0.08360655737704918,1260,9
final_refine_2m,2.0,638.0,420.0,763.8350607297364,1.0,1.0,0.0,1.0,0.24873796513140775,0.24873796513140775,1.0,0.3896825396825397,0.3896825396825397,80.66733910951753,93.65345019545984,182.0090865023492,196.42050986915189,228.55031441737555,0.0,41.822947335512744,0.08360655737704918,1260,9
final_refine_2m,2.0,640.0,420.0,765.5063683601855,1.0,1.0,0.0,1.0,0.2504033307311996,0.2504033307311996,1.0,0.39126984126984127,0.39126984126984127,80.369530590031,93.38337039087396,181.4488390954451,195.7941520393342,227.85723131899402,0.0,41.753546190325466,0.083008066614624,1260,9
final_refine_2m,2.0,642.0,420.0,767.1792489373001,1.0,1.0,0.0,1.0,0.25290137913088734,0.25290137913088734,1.0,0.39365079365079364,0.39365079365079364,80.07272646712731,93.1142752231498,180.8897023385987,195.16906652368047,227.16546186123796,0.0,41.68364332424066,0.08181108508977361,1260,9
final_refine_2m,2.0,644.0,420.0,768.8536921937749,1.0,1.0,0.0,1.0,0.24035909445745512,0.24035909445745512,1.0,0.37857142857142856,0.37857142857142856,79.77692749068254,92.84616480553,180.33167597652138,194.59927414944337,226.47500542902839,0.0,41.61356945644613,0.08061410356492324,1260,9
final_refine_2m,2.0,646.0,420.0,770.5296879420026,1.0,1.0,0.0,1.0,0.24098360655737705,0.24098360655737705,1.0,0.3738095238095238,0.3738095238095238,79.48213441798958,92.5790392459656,179.77475975922778,194.0450220391921,225.78586141211292,0.0,41.54402980347296,0.08017174082747854,1260,9
final_refine_2m,2.0,648.0,420.0,772.2072260734161,1.0,1.0,0.0,1.0,0.25506115014311737,0.25506115014311737,1.0,0.38492063492063494,0.38492063492063494,79.1883480137228,92.31289864707198,179.21895344205683,193.49177248086554,225.0980292051133,0.0,41.475016502298566,0.08199323445225085,1260,9
final_refine_2m,2.0,650.0,420.0,773.8862965578342,1.0,1.0,0.0,1.0,0.2546448087431694,0.2546448087431694,1.0,0.38333333333333336,0.38333333333333336,78.8955690498966,92.04774310608518,178.66425678571898,192.9395252176426,224.41150820752966,0.0,41.4065113277703,0.08321623731459797,1260,9
final_refine_2m,2.0,652.0,420.0,775.5668894428127,1.0,1.0,0.0,1.0,0.2546448087431694,0.2546448087431694,1.0,0.38333333333333336,0.38333333333333336,78.60379830583479,91.78357271482038,178.1106695563071,192.3882799969416,223.72629782378274,0.0,41.33853431968997,0.08428311215196461,1260,9
final_refine_2m,2.0,654.0,420.0,777.2489948530008,1.0,1.0,0.0,1.0,0.2546448087431694,0.2546448087431694,1.0,0.38333333333333336,0.38333333333333336,78.31303656812477,91.52038396253397,177.55819152535548,191.83803657048088,223.04239746322477,0.0,41.271032147655205,0.08610460577673693,1260,9
final_refine_2m,2.0,656.0,420.0,778.9326029895012,1.0,1.0,0.0,1.0,0.2546448087431694,0.2546448087431694,1.0,0.38333333333333336,0.38333333333333336,78.02328463057611,91.25817628666744,177.00682246985633,191.2887946942706,222.35980654019568,0.0,41.20398705135598,0.08792609940150924,1260,9
final_refine_2m,2.0,658.0,420.0,780.6177041292364,1.0,1.0,0.0,1.0,0.2539422326307572,0.2539422326307572,1.0,0.38095238095238093,0.38095238095238093,77.73454329417527,90.99756361336713,176.45656217229936,190.74055412866826,221.67852447401242,0.0,41.137414452252564,0.08748373666406453,1260,9
final_refine_2m,2.0,660.0,420.0,782.3042886243178,1.0,1.0,0.0,1.0,0.25183450429352067,0.25183450429352067,1.0,0.3738095238095238,0.3738095238095238,77.43439654359352,90.73905899636296,175.90741042069786,190.16675973917205,220.99855068903076,0.0,41.07071096106792,0.08688524590163935,1260,9
final_refine_2m,2.0,662.0,420.0,783.9923469014223,1.0,1.0,0.0,1.0,0.24972677595628415,0.24972677595628415,1.0,0.36666666666666664,0.36666666666666664,77.12319471782241,90.48153963562648,175.35936700864448,189.57624148115082,220.31988461466167,0.0,41.00349645934227,0.08688524590163935,1260,9
final_refine_2m,2.0,664.0,420.0,785.6818694611707,1.0,1.0,0.0,1.0,0.24972677595628415,0.24972677595628415,1.0,0.36666666666666664,0.36666666666666664,76.81317350026042,90.22500592445269,174.81243173531846,188.98689657043906,219.64252568538433,0.0,40.93577001060935,0.08688524590163935,1260,9
final_refine_2m,2.0,666.0,420.0,787.3728468775133,1.0,1.0,0.0,1.0,0.24972677595628415,0.24972677595628415,1.0,0.36666666666666664,0.36666666666666664,76.50433375514652,89.96945068236919,174.26660440554087,188.39872469108104,218.9664733408057,0.0,40.86753070945016,0.08563622170179547,1260,9
final_refine_2m,2.0,668.0,420.0,789.0652697971188,1.0,1.0,0.0,1.0,0.23497267759562843,0.23497267759562843,1.0,0.35,0.35,76.19667635445224,89.71486268321785,173.7218848297994,187.81172553261914,218.2917270256589,0.0,40.79882269492484,0.0843871975019516,1260,9
final_refine_2m,2.0,670.0,420.0,790.7591289387685,1.0,1.0,0.0,1.0,0.23497267759562843,0.23497267759562843,1.0,0.35,0.35,75.89020217778227,89.46125946075709,173.178272824295,187.2258987901032,217.6182861898573,0.0,40.73041973887643,0.08313817330210772,1260,9
final_refine_2m,2.0,672.0,420.0,792.4544150927547,1.0,1.0,0.0,1.0,0.24275305750715587,0.24275305750715587,1.0,0.35555555555555557,0.35555555555555557,75.58491211228613,89.2086418044844,172.63576821095566,186.64124416415245,216.94615028850714,0.0,40.662597337366044,0.08423106947697112,1260,9
final_refine_2m,2.0,674.0,420.0,794.1511191202843,1.0,1.0,0.0,1.0,0.24957064793130368,0.24957064793130368,1.0,0.35873015873015873,0.35873015873015873,75.28080705255383,88.9570094001481,172.09437081750085,186.05776136096293,216.27531878194569,0.0,40.59533835060573,0.08610460577673693,1260,9
final_refine_2m,2.0,676.0,420.0,795.849231952887,1.0,1.0,0.0,1.0,0.2505854800936768,0.2505854800936768,1.0,0.35634920634920636,0.35634920634920636,74.97788790051416,88.70636507935463,171.55408047745718,185.47545009236143,215.6057911357682,0.0,40.52860740670227,0.08735362997658079,1260,9
final_refine_2m,2.0,678.0,420.0,797.5487445918275,1.0,1.0,0.0,1.0,0.25230288836846215,0.25230288836846215,1.0,0.35793650793650794,0.35793650793650794,74.67615556532196,88.45670444425879,171.01489703019803,184.89431007583542,214.9375668208611,0.0,40.46238520427345,0.08844652615144419,1260,9
final_refine_2m,2.0,680.0,420.0,799.2496481075234,1.0,1.0,0.0,1.0,0.25487900078064013,0.25487900078064013,1.0,0.3603174603174603,0.3603174603174603,74.37561096325321,88.20803515836113,170.47682032099283,184.314341034565,214.27064531343385,0.0,40.39668683913477,0.09032006245120999,1260,9
final_refine_2m,2.0,682.0,420.0,800.9519336389669,1.0,1.0,0.0,1.0,0.2574551131928181,0.2574551131928181,1.0,0.3626984126984127,0.3626984126984127,74.07625501758018,87.96035478730815,169.93985020102517,183.73554269745435,213.6050260950352,0.0,40.33147173111719,0.09141295862607338,1260,9
final_refine_2m,2.0,684.0,420.0,802.6555923931509,1.0,1.0,0.0,1.0,0.2597449908925319,0.2597449908925319,1.0,0.36428571428571427,0.36428571428571427,73.77808865845937,87.71522558694186,169.403986527452,183.15791479918315,212.9407086526154,0.0,40.26655058115572,0.09016393442622951,1260,9
final_refine_2m,2.0,686.0,420.0,804.3606156445006,1.0,1.0,0.0,1.0,0.25917252146760345,0.25917252146760345,1.0,0.3595238095238095,0.3595238095238095,73.4852289295696,87.4713518631713,168.86922916341817,182.5814570802246,212.2776924785224,0.0,40.20118849214513,0.09016393442622951,1260,9
final_refine_2m,2.0,688.0,420.0,806.0669947343087,1.0,1.0,0.0,1.0,0.25688264376788966,0.25688264376788966,1.0,0.3531746031746032,0.3531746031746032,73.21441477628635,87.2284648946674,168.3355779781118,182.00616928689186,211.61597707056205,0.0,40.13530365105539,0.09016393442622951,1260,9
final_refine_2m,2.0,690.0,420.0,807.7747210701756,1.0,1.0,0.0,1.0,0.25573770491803277,0.25573770491803277,1.0,0.35,0.35,72.94461421891793,86.98656666804838,167.80303284679576,181.43205117137907,210.9555619320093,0.0,40.06889516762764,0.08951340098881083,1260,9
final_refine_2m,2.0,692.0,420.0,809.4837861254541,1.0,1.0,0.0,1.0,0.25573770491803277,0.25573770491803277,1.0,0.35,0.35,72.67582816960058,86.74565740496789,167.31059376493857,180.8591024917814,210.29644657166068,0.0,40.00196218415003,0.08821233411397346,1260,9
final_refine_2m,2.0,694.0,420.0,811.1941814386985,1.0,1.0,0.0,1.0,0.24043715846994534,0.24043715846994534,1.0,0.3333333333333333,0.3333333333333333,72.4080575462493,86.50575473435465,166.822979497629,180.2873230121511,209.63863050384268,0.0,39.9348589137845,0.08691126723913609,1260,9
final_refine_2m,2.0,696.0,420.0,812.9058986131174,1.0,1.0,0.0,1.0,0.24043715846994534,0.24043715846994534,1.0,0.3333333333333333,0.3333333333333333,72.1413032724618,86.26684888455893,166.3362970789277,179.71671250252197,208.98211324847333,0.0,39.86834950055488,0.08641686182669789,1260,9
final_refine_2m,2.0,698.0,420.0,814.618929316033,1.0,1.0,0.0,1.0,0.2539422326307572,0.2539422326307572,1.0,0.3468253968253968,0.3468253968253968,71.87556627741183,86.02893157652647,165.82274979345902,179.1472707389564,208.3268943310697,0.0,39.802425966689434,0.0883424408014572,1260,9
final_refine_2m,2.0,700.0,420.0,816.3332652783421,1.0,1.0,0.0,1.0,0.25175644028103045,0.25175644028103045,1.0,0.3412698412698413,0.3412698412698413,71.61084749574344,85.79200298339022,165.2710601490034,178.57899750357765,207.67297328279565,0.0,39.73706731964571,0.0902680197762165,1260,9
final_refine_2m,2.0,702.0,420.0,818.0488982939834,1.0,1.0,0.0,1.0,0.2492583918813427,0.2492583918813427,1.0,0.3349206349206349,0.3349206349206349,71.34714786746596,85.55606327158685,164.72058193941672,178.01189258460752,207.02034964049636,0.0,39.67229394611471,0.09154306531355712,1260,9
final_refine_2m,2.0,704.0,420.0,819.7658202194087,1.0,1.0,0.0,1.0,0.24863387978142076,0.24863387978142076,1.0,0.3333333333333333,0.3333333333333333,71.084468337839,85.32111260081406,164.1713150395737,177.4459557764098,206.36902294672873,0.0,39.608047270590966,0.09266198282591726,1260,9
final_refine_2m,2.0,706.0,420.0,821.4840229730582,1.0,1.0,0.0,1.0,0.24863387978142076,0.24863387978142076,1.0,0.3333333333333333,0.3333333333333333,70.8228098572544,85.0871511239878,163.6232593315278,176.88118687952854,205.71899274978873,0.0,39.5443069680587,0.09458756180067655,1260,9
final_refine_2m,2.0,708.0,420.0,823.2034985348398,1.0,1.0,0.0,1.0,0.24863387978142076,0.24863387978142076,1.0,0.3333333333333333,0.3333333333333333,70.56217338111921,84.85485793168007,163.07641470457204,176.3175857007222,205.07025860376464,0.0,39.48109019946195,0.09409315638823836,1260,9
final_refine_2m,2.0,710.0,420.0,824.9242389456138,1.0,1.0,0.0,1.0,0.2504033307311996,0.2504033307311996,1.0,0.3349206349206349,0.3349206349206349,70.30255986973077,84.62478718393504,162.53839148318144,175.75515205301173,204.4228200685517,0.0,39.41775135156193,0.09344262295081968,1260,9
final_refine_2m,2.0,712.0,420.0,826.6462363066803,1.0,1.0,0.0,1.0,0.2510278428311215,0.2510278428311215,1.0,0.3325396825396825,0.3325396825396825,70.04397028814874,84.39570620616078,162.01800648994225,175.1938857557102,203.77667670990814,0.0,39.35387933471839,0.09344262295081968,1260,9
final_refine_2m,2.0,714.0,420.0,828.3694827792729,1.0,1.0,0.0,1.0,0.25131407754358576,0.25131407754358576,1.0,0.32936507936507936,0.32936507936507936,69.78640560606256,84.16761524658976,161.49872654207357,174.63378663447259,203.13182809946835,0.0,39.28947327692304,0.09344262295081968,1260,9
final_refine_2m,2.0,716.0,420.0,830.0939705840539,1.0,1.0,0.0,1.0,0.25071558678116057,0.25071558678116057,1.0,0.3253968253968254,0.3253968253968254,69.52986679766032,83.94051454635728,160.98055159743595,174.07485452133423,202.48827381480206,0.0,39.2245323401162,0.09208951340098881,1260,9
final_refine_2m,2.0,718.0,420.0,831.8196920006162,1.0,1.0,0.0,1.0,0.23718449128285193,0.23718449128285193,1.0,0.3103174603174603,0.3103174603174603,69.27435484148545,83.71440433944971,160.46348162053408,173.51708925474816,201.84601343943484,0.0,39.159102555140024,0.09073640385115794,1260,9
final_refine_2m,2.0,720.0,420.0,833.5466393669883,1.0,1.0,0.0,1.0,0.23983866770752016,0.23983866770752016,1.0,0.3126984126984127,0.3126984126984127,69.01987072029307,83.48928485265404,159.9475165825496,172.96049067962923,201.20504656289017,0.0,39.094016887030506,0.08938329430132709,1260,9
final_refine_2m,2.0,722.0,420.0,835.2748050791428,1.0,1.0,0.0,1.0,0.24977881863127765,0.24977881863127765,1.0,0.32301587301587303,0.32301587301587303,68.7664154209072,83.2651563055091,159.43265646139793,172.405058647396,200.5653727807265,0.0,39.02957502182701,0.09052823315118397,1260,9
final_refine_2m,2.0,724.0,420.0,837.0041815905104,1.0,1.0,0.0,1.0,0.2591985428051002,0.2591985428051002,1.0,0.3325396825396825,0.3325396825396825,68.51398993406346,83.042018910257,158.9189012417619,171.85079301600734,199.9269916945758,0.0,38.96575632607608,0.09250585480093677,1260,9
final_refine_2m,2.0,726.0,420.0,838.7347614114965,1.0,1.0,0.0,1.0,0.2570127504553734,0.2570127504553734,1.0,0.3277777777777778,0.3277777777777778,68.26259525425718,82.81987163467828,158.40625091513814,171.29769365001107,199.2899029121829,0.0,38.90252217589128,0.09380692167577413,1260,9
final_refine_2m,2.0,728.0,420.0,840.4665371090035,1.0,1.0,0.0,1.0,0.2544626593806922,0.2544626593806922,1.0,0.32222222222222224,0.32222222222222224,68.01223237958112,82.59870171603957,157.89470547987807,170.7457604205904,198.65410604743317,0.0,38.83985051372912,0.09578454332552694,1260,9
final_refine_2m,2.0,730.0,420.0,842.1995013059554,1.0,1.0,0.0,1.0,0.25191256830601094,0.25191256830601094,1.0,0.31666666666666665,0.31666666666666665,67.76290231156214,82.37851123359617,157.38426494124113,170.19499320559405,198.0196007204055,0.0,38.77775698989431,0.09692948217538382,1260,9
final_refine_2m,2.0,630.0,422.0,758.2769942441878,1.0,1.0,0.0,1.0,0.2459016393442623,0.2459016393442623,1.0,0.4,0.4,81.69290939391357,94.4759210340128,183.5327127883941,198.05450402889628,230.2513176510575,0.0,41.98694431452082,0.08501170960187354,1260,9
final_refine_2m,2.0,632.0,422.0,759.939471273864,1.0,1.0,0.0,1.0,0.24553734061930782,0.24553734061930782,1.0,0.3984126984126984,0.3984126984126984,81.39272475178736,94.20180723712845,182.9712889918038,197.4270525158526,229.55746216522664,0.0,41.91868545498658,0.08475149622690606,1260,9
final_refine_2m,2.0,634.0,422.0,761.6035714201976,1.0,1.0,0.0,1.0,0.24603174603174602,0.24603174603174602,1.0,0.39206349206349206,0.39206349206349206,81.09353634061607,93.93004837407004,182.4109700976391,196.80086627796945,228.86491328210593,0.0,41.850691516842076,0.08360655737704918,1260,9
final_refine_2m,2.0,636.0,422.0,763.2692840669013,1.0,1.0,0.0,1.0,0.24623991673172002,0.24623991673172002,1.0,0.3873015873015873,0.3873015873015873,80.79534487295383,93.65953920089754,181.85175583928134,196.1759448731152,228.17367038239726,0.0,41.78228130477847,0.08360655737704918,1260,9
final_refine_2m,2.0,638.0,422.0,764.9365986799168,1.0,1.0,0.0,1.0,0.24790528233151185,0.24790528233151185,1.0,0.3888888888888889,0.3888888888888889,80.49815106870301,93.39000845750972,181.29364595525297,195.5522878646689,227.4837328514927,0.0,41.71337445103704,0.08360655737704918,1260,9
final_refine_2m,2.0,640.0,422.0,766.6055048067421,1.0,1.0,0.0,1.0,0.2504033307311996,0.2504033307311996,1.0,0.39126984126984127,0.39126984126984127,80.20195565507647,93.12145626633752,180.73664018922372,194.98220821327328,226.79510007949494,0.0,41.6439700190844,0.08360655737704918,1260,9
final_refine_2m,2.0,642.0,422.0,768.2759920757644,1.0,1.0,0.0,1.0,0.25290137913088734,0.25290137913088734,1.0,0.39365079365079364,0.39365079365079364,79.90675936657514,92.8538827446709,180.18073829007272,194.4289345889738,226.10777146126944,0.0,41.57406710167041,0.08181108508977361,1260,9
final_refine_2m,2.0,644.0,422.0,769.948050195596,1.0,1.0,0.0,1.0,0.24035909445745512,0.24035909445745512,1.0,0.37857142857142856,0.37857142857142856,79.61256294494926,92.58728800461219,179.6259400118934,193.87665836291976,225.42174639644003,0.0,41.50400731744991,0.08061410356492324,1260,9
final_refine_2m,2.0,646.0,422.0,771.621668954417,1.0,1.0,0.0,1.0,0.24160811865729898,0.24160811865729898,1.0,0.3761904761904762,0.3761904761904762,79.31936713917165,92.32167215303133,179.0722451140422,193.3253792780367,224.73702428943247,0.0,41.43448120015273,0.0809263596148842,1260,9
final_refine_2m,2.0,648.0,422.0,773.2968382193218,1.0,1.0,0.0,1.0,0.2546448087431694,0.2546448087431694,1.0,0.38571428571428573,0.38571428571428573,79.02717270539785,92.05703529152161,178.51965336115933,192.77509708143876,224.05360454949584,0.0,41.36547379512148,0.08274785323965651,1260,9
final_refine_2m,2.0,650.0,422.0,774.9735479356699,1.0,1.0,0.0,1.0,0.2546448087431694,0.2546448087431694,1.0,0.38333333333333336,0.38333333333333336,78.73598040693088,91.79337751635694,177.96816452320962,192.22581152443206,223.37148659073273,0.0,41.296967100682664,0.08381472807702316,1260,9
final_refine_2m,2.0,652.0,422.0,776.6517881264422,1.0,1.0,0.0,1.0,0.2546448087431694,0.2546448087431694,1.0,0.38333333333333336,0.38333333333333336,78.44579101417756,91.53069891845006,177.41777837551965,191.67752236256672,222.69066983210928,0.0,41.22898310591122,0.08563622170179547,1260,9
final_refine_2m,2.0,654.0,422.0,778.3315488916019,1.0,1.0,0.0,1.0,0.2546448087431694,0.2546448087431694,1.0,0.38333333333333336,0.38333333333333336,78.15660530460802,91.26899818497499,176.86849469878857,191.13022935563146,222.01115369751594,0.0,41.161466927546385,0.08745771532656779,1260,9
final_refine_2m,2.0,656.0,422.0,780.0128204074597,1.0,1.0,0.0,1.0,0.2546448087431694,0.2546448087431694,1.0,0.38333333333333336,0.38333333333333336,77.86842406271361,91.00827222647023,176.32031327915303,190.5600944108956,221.33293761576493,0.0,41.09440101926204,0.08852459016393442,1260,9
final_refine_2m,2.0,658.0,422.0,781.6955929260444,1.0,1.0,0.0,1.0,0.2544106167056987,0.2544106167056987,1.0,0.3825396825396825,0.3825396825396825,77.56957005598552,90.74910462365231,175.77323390819424,189.9707826736458,220.65602102061828,0.0,41.02780771105865,0.08748373666406453,1260,9
final_refine_2m,2.0,660.0,422.0,783.3798567744769,1.0,1.0,0.0,1.0,0.25230288836846215,0.25230288836846215,1.0,0.3753968253968254,0.3753968253968254,77.25907052041252,90.4920650494705,175.22725638297987,189.3826373933425,219.98040335084517,0.0,40.96109696958648,0.08688524590163935,1260,9
final_refine_2m,2.0,662.0,422.0,785.065602354351,1.0,1.0,0.0,1.0,0.2501951600312256,0.2501951600312256,1.0,0.3682539682539683,0.3682539682539683,76.94974358488909,90.23600543776156,174.68238050610447,188.79565825391975,219.3060840502103,0.0,40.893878560305936,0.08688524590163935,1260,9
final_refine_2m,2.0,664.0,422.0,786.7528201411164,1.0,1.0,0.0,1.0,0.24972677595628415,0.24972677595628415,1.0,0.36666666666666664,0.36666666666666664,76.64159009418319,89.98092509625009,174.1386060857237,188.20984494468738,218.63306256753438,0.0,40.82615155774414,0.08688524590163935,1260,9
final_refine_2m,2.0,666.0,422.0,788.4415006834686,1.0,1.0,0.0,1.0,0.24972677595628415,0.24972677595628415,1.0,0.36666666666666664,0.36666666666666664,76.33461090061262,89.72682281001342,173.59593293557228,187.6251971603675,217.9613383567053,0.0,40.75791506706478,0.0862607338017174,1260,9
final_refine_2m,2.0,668.0,422.0,790.1316346027413,1.0,1.0,0.0,1.0,0.23497267759562843,0.23497267759562843,1.0,0.35,0.35,76.02880686394764,89.47368449814962,173.0543608750179,187.0417146011264,217.290910876709,0.0,40.68921986751791,0.0843871975019516,1260,9
final_refine_2m,2.0,670.0,422.0,791.8232125923058,1.0,1.0,0.0,1.0,0.23497267759562843,0.23497267759562843,1.0,0.35,0.35,75.72417885132458,89.22151558907309,172.5138897290931,186.4593969726099,216.6217795916698,0.0,40.62083862564561,0.08313817330210772,1260,9
final_refine_2m,2.0,672.0,422.0,793.5162254169728,1.0,1.0,0.0,1.0,0.24259692948217537,0.24259692948217537,1.0,0.35634920634920636,0.35634920634920636,75.42072773713956,88.97032910906839,171.97451932851752,185.87824398598622,215.95394397086872,0.0,40.55302712607317,0.08501170960187354,1260,9
final_refine_2m,2.0,674.0,422.0,795.2106639124,1.0,1.0,0.0,1.0,0.2500910746812386,0.2500910746812386,1.0,0.3603174603174603,0.3603174603174603,75.11845440295633,88.72012036555641,171.43624950974842,185.29825535795376,215.287403488767,0.0,40.485775874662295,0.08610460577673693,1260,9
final_refine_2m,2.0,676.0,422.0,796.9065189845043,1.0,1.0,0.0,1.0,0.2505854800936768,0.2505854800936768,1.0,0.35634920634920636,0.35634920634920636,74.81735973739036,88.47089301262699,170.89908011501151,184.71943081080735,214.62215762505335,0.0,40.41904506124602,0.08797814207650273,1260,9
final_refine_2m,2.0,678.0,422.0,798.6037816088777,1.0,1.0,0.0,1.0,0.25230288836846215,0.25230288836846215,1.0,0.35793650793650794,0.35793650793650794,74.51744463600747,88.22264586299661,170.36301099233344,184.1417700724495,213.95820586467005,0.0,40.35281561941605,0.08985167837626853,1260,9
final_refine_2m,2.0,680.0,422.0,800.3024428302091,1.0,1.0,0.0,1.0,0.25487900078064013,0.25487900078064013,1.0,0.3603174603174603,0.3603174603174603,74.21871000120429,87.97537891464052,169.82804199558373,183.56527287643496,213.29554769782496,0.0,40.287107288796,0.09172521467603435,1260,9
final_refine_2m,2.0,682.0,422.0,802.0024937617089,1.0,1.0,0.0,1.0,0.2574551131928181,0.2574551131928181,1.0,0.3626984126984127,0.3626984126984127,73.92115674209379,87.72909835403527,169.2941729845074,182.9899389620078,212.63418262005507,0.0,40.22187258178919,0.09203747072599532,1260,9
final_refine_2m,2.0,684.0,422.0,803.7039255845401,1.0,1.0,0.0,1.0,0.25917252146760345,0.25917252146760345,1.0,0.36428571428571427,0.36428571428571427,73.62654957359993,87.48532538919751,168.76140382476476,182.41576807412625,211.97411013221924,0.0,40.15694067752876,0.09016393442622951,1260,9
final_refine_2m,2.0,686.0,422.0,805.4067295472518,1.0,1.0,0.0,1.0,0.2597449908925319,0.2597449908925319,1.0,0.3611111111111111,0.3611111111111111,73.35618623382537,87.24283750506686,168.229734387966,181.8427599635078,211.31532974056617,0.0,40.09157740953095,0.09016393442622951,1260,9
final_refine_2m,2.0,688.0,422.0,807.1108969652188,1.0,1.0,0.0,1.0,0.2574551131928181,0.2574551131928181,1.0,0.3547619047619048,0.3547619047619048,73.08683017658238,87.00132921921742,167.7281569976124,181.2709143866689,210.6578409567411,0.0,40.025694871350524,0.09016393442622951,1260,9
final_refine_2m,2.0,690.0,422.0,808.8164192200849,1.0,1.0,0.0,1.0,0.25573770491803277,0.25573770491803277,1.0,0.35,0.35,72.8184822951154,86.76080400736748,167.24118263959923,180.7002311059492,210.00164329782726,0.0,39.95929218347165,0.09016393442622951,1260,9
final_refine_2m,2.0,692.0,422.0,810.5232877592106,1.0,1.0,0.0,1.0,0.25573770491803277,0.25573770491803277,1.0,0.35,0.35,72.55114348832218,86.5212595968079,166.75513548115973,180.13070988955528,209.34673628637657,0.0,39.892368498496815,0.08821233411397346,1260,9
final_refine_2m,2.0,694.0,422.0,812.2314940951255,1.0,1.0,0.0,1.0,0.24043715846994534,0.24043715846994534,1.0,0.3333333333333333,0.3333333333333333,72.28481466064916,86.28270931149012,166.25873405684683,179.56235051159706,208.6931194504448,0.0,39.82528980037703,0.08691126723913609,1260,9
final_refine_2m,2.0,696.0,422.0,813.9410298049853,1.0,1.0,0.0,1.0,0.24043715846994534,0.24043715846994534,1.0,0.3333333333333333,0.3333333333333333,72.01949672199889,86.04515684535157,165.70802604817843,178.99515275211945,208.04079232362022,0.0,39.75880435951933,0.08722352328909706,1260,9
final_refine_2m,2.0,698.0,422.0,815.6518865300319,1.0,1.0,0.0,1.0,0.25456674473067914,0.25456674473067914,1.0,0.3484126984126984,0.3484126984126984,71.75519058762376,85.80858853585315,165.15852200824688,178.42911639715226,207.38975444505198,0.0,39.69289655200667,0.0883424408014572,1260,9
final_refine_2m,2.0,700.0,422.0,817.3640559750594,1.0,1.0,0.0,1.0,0.2523809523809524,0.2523809523809524,1.0,0.34285714285714286,0.34285714285714286,71.49189717801694,85.57300292521822,164.61022180740744,177.8642412387365,206.7400053595056,0.0,39.627545643751496,0.0902680197762165,1260,9
final_refine_2m,2.0,702.0,422.0,819.0775299078837,1.0,1.0,0.0,1.0,0.24988290398126464,0.24988290398126464,1.0,0.33650793650793653,0.33650793650793653,71.22961741880557,85.33840017793844,164.06312532305583,177.30052707496475,206.09154461736486,0.0,39.56277413571633,0.0921935987509758,1260,9
final_refine_2m,2.0,704.0,422.0,820.792300158816,1.0,1.0,0.0,1.0,0.24863387978142076,0.24863387978142076,1.0,0.3333333333333333,0.3333333333333333,70.9683522406363,85.10478045183721,163.51723243965603,176.73797371002243,205.4443717746904,0.0,39.49852179426034,0.09411917772573511,1260,9
final_refine_2m,2.0,706.0,422.0,822.508358620142,1.0,1.0,0.0,1.0,0.24863387978142076,0.24863387978142076,1.0,0.3333333333333333,0.3333333333333333,70.70810257905684,84.8721438980279,162.97350086760775,176.17658095422462,204.79848639324914,0.0,39.434768539729404,0.09604475670049441,1260,9
final_refine_2m,2.0,708.0,422.0,824.2256972456028,1.0,1.0,0.0,1.0,0.24863387978142076,0.24863387978142076,1.0,0.3333333333333333,0.3333333333333333,70.44886937439742,84.64113537253738,162.45392164975632,175.6163486240572,204.15388804053154,0.0,39.37153896331782,0.09474368982565703,1260,9
final_refine_2m,2.0,710.0,422.0,825.944308049883,1.0,1.0,0.0,1.0,0.2504033307311996,0.2504033307311996,1.0,0.3349206349206349,0.3349206349206349,70.19065357164403,84.4123749783142,161.93544109232914,175.05727654220578,203.5105762898202,0.0,39.30820178259063,0.09344262295081968,1260,9
final_refine_2m,2.0,712.0,422.0,827.6641831081009,1.0,1.0,0.0,1.0,0.25170439760603697,0.25170439760603697,1.0,0.3341269841269841,0.3341269841269841,69.93345612030991,84.18459832346122,161.41805914782222,174.49936453761606,202.8685507201862,0.0,39.244335042187075,0.09344262295081968,1260,9
final_refine_2m,2.0,714.0,422.0,829.3853145553037,1.0,1.0,0.0,1.0,0.2511059068436118,0.2511059068436118,1.0,0.33015873015873015,0.33015873015873015,69.67727797430743,83.9578056532687,160.90177577523016,173.9426124455144,202.22781091655446,0.0,39.17993788099517,0.09344262295081968,1260,9
final_refine_2m,2.0,716.0,422.0,831.1076945859664,1.0,1.0,0.0,1.0,0.251392141556076,0.251392141556076,1.0,0.326984126984127,0.326984126984127,69.42212009180587,83.73199720600431,160.38659094009628,173.38702010745283,201.58835646972477,0.0,39.11500947140593,0.09208951340098881,1260,9
final_refine_2m,2.0,718.0,422.0,832.8313154534957,1.0,1.0,0.0,1.0,0.23718449128285193,0.23718449128285193,1.0,0.3103174603174603,0.3103174603174603,69.1679834350967,83.50717321286193,159.87250461454553,172.83258737135634,200.95018697641922,0.0,39.049602997964655,0.09073640385115794,1260,9
final_refine_2m,2.0,720.0,422.0,834.5561694697368,1.0,1.0,0.0,1.0,0.23983866770752016,0.23983866770752016,1.0,0.3126984126984127,0.3126984126984127,68.9148689704494,83.28333389791153,159.35951677733078,172.2793140915518,200.31330203930068,0.0,38.98455021990196,0.08938329430132709,1260,9
final_refine_2m,2.0,722.0,422.0,836.2822490044854,1.0,1.0,0.0,1.0,0.24905022118136871,0.24905022118136871,1.0,0.32222222222222224,0.32222222222222224,68.66277766795712,83.06047947805021,158.84762741387632,171.72720012882723,199.67770126703226,0.0,38.920129597993785,0.09052823315118397,1260,9
final_refine_2m,2.0,724.0,422.0,838.0095464850027,1.0,1.0,0.0,1.0,0.25956284153005466,0.25956284153005466,1.0,0.3333333333333333,0.3333333333333333,68.4117105013952,82.838610162955,158.33683651631017,171.17624535045243,199.04338427428766,0.0,38.85632874075286,0.09250585480093677,1260,9
final_refine_2m,2.0,726.0,422.0,839.7380543955359,1.0,1.0,0.0,1.0,0.2573770491803279,0.2573770491803279,1.0,0.32857142857142857,0.32857142857142857,68.16166844805566,82.61772615503634,157.82714408352743,170.62644963023308,198.41035068182006,0.0,38.793104264197325,0.09448347645068957,1260,9
final_refine_2m,2.0,728.0,422.0,841.4677652768405,1.0,1.0,0.0,1.0,0.25482695810564665,0.25482695810564665,1.0,0.32301587301587303,0.32301587301587303,67.91265248859024,82.39782150592794,157.3185501212152,170.07781284855244,197.77860011647354,0.0,38.730434380073255,0.09646109810044236,1260,9
final_refine_2m,2.0,730.0,422.0,843.198671725709,1.0,1.0,0.0,1.0,0.2522768670309654,0.2522768670309654,1.0,0.31746031746031744,0.31746031746031744,67.66466360684763,82.17888710029223,156.8110546418987,169.56016448144445,197.14813221123526,0.0,38.66833973233973,0.09843871975019516,1260,9
final_refine_2m,2.0,630.0,424.0,759.3918619527075,1.0,1.0,0.0,1.0,0.2459016393442623,0.2459016393442623,1.0,0.4,0.4,81.51957919752958,94.20977251274924,182.81267817706677,197.18124620278883,229.180201239426,0.0,41.87792655841757,0.08501170960187354,1260,9
final_refine_2m,2.0,632.0,424.0,761.0519036176179,1.0,1.0,0.0,1.0,0.2459016393442623,0.2459016393442623,1.0,0.4,0.4,81.22101166666113,93.93719578796737,182.25448744843553,196.55774690315042,228.4907794974817,0.0,41.80964204036431,0.0853239656518345,1260,9
final_refine_2m,2.0,634.0,424.0,762.7135766459123,1.0,1.0,0.0,1.0,0.24574551131928182,0.24574551131928182,1.0,0.39365079365079364,0.39365079365079364,80.9234351709086,93.66693729150293,181.6973948879861,195.93550417663764,227.80265495150482,0.0,41.74163055095772,0.08417902680197763,1260,9
final_refine_2m,2.0,636.0,424.0,764.3768703983658,1.0,1.0,0.0,1.0,0.24623991673172002,0.24623991673172002,1.0,0.3873015873015873,0.3873015873015873,80.62685041543713,93.39795091036515,181.14140023842947,195.36514460885974,227.1158269967328,0.0,41.673211578626436,0.08360655737704918,1260,9
final_refine_2m,2.0,638.0,424.0,766.041774317824,1.0,1.0,0.0,1.0,0.24790528233151185,0.24790528233151185,1.0,0.3888888888888889,0.3888888888888889,80.3312581125733,93.12993706135546,180.58650324756792,194.8128405835019,226.43029503305274,0.0,41.6042991496533,0.08360655737704918,1260,9
final_refine_2m,2.0,640.0,424.0,767.7082779285371,1.0,1.0,0.0,1.0,0.2504033307311996,0.2504033307311996,1.0,0.39126984126984127,0.39126984126984127,80.03665898176934,92.86289586562295,180.0327036683282,194.26152885495043,225.74605846504085,0.0,41.53489233820314,0.08360655737704918,1260,9
final_refine_2m,2.0,642.0,424.0,769.3763708354969,1.0,1.0,0.0,1.0,0.25206869633099144,0.25206869633099144,1.0,0.39285714285714285,0.39285714285714285,79.74305374957353,92.59682743923274,179.48000125879278,193.71120916592588,225.06311670197812,0.0,41.46499024733707,0.0824095758521988,1260,9
final_refine_2m,2.0,644.0,424.0,771.0460427237792,1.0,1.0,0.0,1.0,0.24035909445745512,0.24035909445745512,1.0,0.37857142857142856,0.37857142857142856,79.45044314959503,92.33173189312006,178.92839578222842,193.16188126326296,224.38146915789287,0.0,41.394945289689495,0.08121259432734843,1260,9
final_refine_2m,2.0,646.0,424.0,772.7172833578915,1.0,1.0,0.0,1.0,0.24202446005724695,0.24202446005724695,1.0,0.37777777777777777,0.37777777777777777,79.15882792247545,92.06760933304598,178.37788700711826,192.61354489791944,223.7011152515548,0.0,41.32543345898144,0.08227946916471507,1260,9
final_refine_2m,2.0,648.0,424.0,774.3900825811239,1.0,1.0,0.0,1.0,0.25526932084309134,0.25526932084309134,1.0,0.3880952380952381,0.3880952380952381,78.86820881584059,91.80445985955308,177.82847470719858,192.06619982501311,223.0220544065317,0.0,41.25643277658037,0.08274785323965651,1260,9
final_refine_2m,2.0,650.0,424.0,776.0644303149063,1.0,1.0,0.0,1.0,0.2546448087431694,0.2546448087431694,1.0,0.38333333333333336,0.38333333333333336,78.57858658427338,91.54228356792338,177.2801586614821,191.51984580382518,222.3442860512084,0.0,41.18792546091868,0.08456934686442884,1260,9
final_refine_2m,2.0,652.0,424.0,777.7403165581684,1.0,1.0,0.0,1.0,0.2546448087431694,0.2546448087431694,1.0,0.38333333333333336,0.38333333333333336,78.28996198926147,91.28108054813663,176.73293865429767,190.95332837047317,221.6678096187988,0.0,41.11993543086429,0.08639084048920115,1260,9
final_refine_2m,2.0,654.0,424.0,779.4177313867064,1.0,1.0,0.0,1.0,0.2546448087431694,0.2546448087431694,1.0,0.38333333333333336,0.38333333333333336,78.00233579915931,91.02085074992318,176.18681447532154,190.36521160791165,220.99262454738897,0.0,41.052406263891285,0.08745771532656779,1260,9
final_refine_2m,2.0,656.0,424.0,781.0966649525525,1.0,1.0,0.0,1.0,0.2546448087431694,0.2546448087431694,1.0,0.38333333333333336,0.38333333333333336,77.70476020004078,90.76159052917623,175.64178591960578,189.77825449051244,220.31873027996303,0.0,40.98532062449016,0.0892792089513401,1260,9
final_refine_2m,2.0,658.0,424.0,782.7771074833499,1.0,1.0,0.0,1.0,0.2546448087431694,0.2546448087431694,1.0,0.38333333333333336,0.38333333333333336,77.39495625731021,90.50385156422698,175.09785278762214,189.1924567021384,219.64612626441968,0.0,40.91870768674778,0.08808222742648972,1260,9
final_refine_2m,2.0,660.0,424.0,784.4590492817327,1.0,1.0,0.0,1.0,0.2527712724434036,0.2527712724434036,1.0,0.376984126984127,0.376984126984127,77.08631700775396,90.2482625373241,174.55501488528296,188.60781793193024,218.9748119536081,0.0,40.85199065099995,0.08688524590163935,1260,9
final_refine_2m,2.0,662.0,424.0,786.1424807247093,1.0,1.0,0.0,1.0,0.25066354410616704,0.25066354410616704,1.0,0.36984126984126986,0.36984126984126986,76.77884327713075,89.99364635398715,174.0132720239765,188.0243378743255,218.3047868053539,0.0,40.78476925965715,0.08688524590163935,1260,9
final_refine_2m,2.0,664.0,424.0,787.8273922630515,1.0,1.0,0.0,1.0,0.24972677595628415,0.24972677595628415,1.0,0.36666666666666664,0.36666666666666664,76.47253589856793,89.74000414078711,173.47262402061108,187.44201622911504,217.63605028249293,0.0,40.717042598121296,0.08688524590163935,1260,9
final_refine_2m,2.0,666.0,424.0,789.5137744206874,1.0,1.0,0.0,1.0,0.24972677595628415,0.24972677595628415,1.0,0.36666666666666664,0.36666666666666664,76.16739571247068,89.48733547395636,172.93307069763927,186.8608527014513,216.96860185289046,0.0,40.64880978202773,0.0862607338017174,1260,9
final_refine_2m,2.0,668.0,424.0,791.2016177940993,1.0,1.0,0.0,1.0,0.23497267759562843,0.23497267759562843,1.0,0.35,0.35,75.86342356643242,89.23563147991436,172.39461188309735,186.2808470018923,216.30244098946721,0.0,40.580128166396314,0.08501170960187354,1260,9
final_refine_2m,2.0,670.0,424.0,792.8909130517262,1.0,1.0,0.0,1.0,0.23497267759562843,0.23497267759562843,1.0,0.35,0.35,75.56062031514053,88.98488537168288,171.85724741063495,185.7019988464418,215.63756717024853,0.0,40.5117693239382,0.08376268540202966,1260,9
final_refine_2m,2.0,672.0,424.0,794.58165093337,1.0,1.0,0.0,1.0,0.2409055425448868,0.2409055425448868,1.0,0.35555555555555557,0.35555555555555557,75.25898682027125,88.73511113799367,171.3209771195593,185.12430795656078,214.9739798783733,0.0,40.44396951792468,0.08501170960187354,1260,9
final_refine_2m,2.0,674.0,424.0,796.2738222496077,1.0,1.0,0.0,1.0,0.25061150143117356,0.25061150143117356,1.0,0.3619047619047619,0.3619047619047619,74.95852395039229,88.48631307122785,170.78580085485856,184.54777405922934,214.31167860212437,0.0,40.37672682549632,0.08688524590163935,1260,9
final_refine_2m,2.0,676.0,424.0,797.9674178812065,1.0,1.0,0.0,1.0,0.2502472027062191,0.2502472027062191,1.0,0.35714285714285715,0.35714285714285715,74.65923258085083,88.23848664265694,170.25171846724493,183.97239688695606,213.65066283497495,0.0,40.30999703959939,0.08875878220140515,1260,9
final_refine_2m,2.0,678.0,424.0,799.662428778544,1.0,1.0,0.0,1.0,0.25230288836846215,0.25230288836846215,1.0,0.35793650793650794,0.35793650793650794,74.36111359366554,87.99163709229026,169.71872981318768,183.3981761778291,212.99093207559932,0.0,40.24376132528136,0.09063231850117096,1260,9
final_refine_2m,2.0,680.0,424.0,801.3588459610338,1.0,1.0,0.0,1.0,0.25487900078064013,0.25487900078064013,1.0,0.3603174603174603,0.3603174603174603,74.06416787740689,87.74576001529925,169.18683475495553,182.82511167553386,212.33248582791387,0.0,40.17804402171266,0.09172521467603435,1260,9
final_refine_2m,2.0,682.0,424.0,803.0566605165541,1.0,1.0,0.0,1.0,0.25659640905542547,0.25659640905542547,1.0,0.3619047619047619,0.3619047619047619,73.76839632708185,87.50086132015896,168.65603316064093,182.25320312941173,211.6753236011094,0.0,40.11279079700237,0.09203747072599532,1260,9
final_refine_2m,2.0,684.0,424.0,804.7558636008812,1.0,1.0,0.0,1.0,0.25917252146760345,0.25917252146760345,1.0,0.36428571428571427,0.36428571428571427,73.49792046438897,87.25843284108552,168.14542308997443,181.6824502944691,211.0194449096728,0.0,40.04784913787968,0.09078844652615145,1260,9
final_refine_2m,2.0,686.0,424.0,806.4564464371279,1.0,1.0,0.0,1.0,0.26031746031746034,0.26031746031746034,1.0,0.3626984126984127,0.3626984126984127,73.22900521152158,87.01731138939577,167.65908317329868,181.11285293142927,210.36484927342642,0.0,39.98248560243328,0.09016393442622951,1260,9
final_refine_2m,2.0,688.0,424.0,808.1584003151858,1.0,1.0,0.0,1.0,0.25802758261774655,0.25802758261774655,1.0,0.35634920634920636,0.35634920634920636,72.96109187804883,86.77716964701416,167.17366585462383,180.54441080676708,209.71153621755005,0.0,39.91660624669737,0.09016393442622951,1260,9
final_refine_2m,2.0,690.0,424.0,809.8617165911721,1.0,1.0,0.0,1.0,0.25573770491803277,0.25573770491803277,1.0,0.35,0.35,72.69418134426869,86.53800060772981,166.68917109092897,179.97712369273546,209.0595052726292,0.0,39.850210201782964,0.09016393442622951,1260,9
final_refine_2m,2.0,692.0,424.0,811.566386686881,1.0,1.0,0.0,1.0,0.25573770491803277,0.25573770491803277,1.0,0.35,0.35,72.42827449591226,86.29981032745513,166.14447782534987,179.4109913674128,208.4087559746682,0.0,39.78329663049856,0.08886286755139214,1260,9
final_refine_2m,2.0,694.0,424.0,813.2724020892385,1.0,1.0,0.0,1.0,0.24043715846994534,0.24043715846994534,1.0,0.3333333333333333,0.3333333333333333,72.16337222403975,86.0625978510462,165.5959390984893,178.84601361472448,207.7592878651383,0.0,39.71624317343243,0.08756180067655478,1260,9
final_refine_2m,2.0,696.0,424.0,814.979754349763,1.0,1.0,0.0,1.0,0.24043715846994534,0.24043715846994534,1.0,0.3333333333333333,0.3333333333333333,71.89947542494066,85.8263805683026,165.04859683068952,178.28219022450224,207.11110049099182,0.0,39.64978238211481,0.08722352328909706,1260,9
final_refine_2m,2.0,698.0,424.0,816.6884350840288,1.0,1.0,0.0,1.0,0.25519125683060107,0.25519125683060107,1.0,0.35,0.35,71.63658500003304,85.59114658098963,164.50245089485617,177.71952099249737,206.46419340471476,0.0,39.58389105948904,0.08914910226385636,1260,9
final_refine_2m,2.0,700.0,424.0,818.398435971135,1.0,1.0,0.0,1.0,0.25269320843091336,0.25269320843091336,1.0,0.34365079365079365,0.34365079365079365,71.37470185575233,85.35688934317288,163.95750117081326,177.15800572043497,205.81856616435397,0.0,39.51854872600381,0.09107468123861566,1260,9
final_refine_2m,2.0,702.0,424.0,820.1097487531775,1.0,1.0,0.0,1.0,0.2505074160811866,0.2505074160811866,1.0,0.3380952380952381,0.3380952380952381,71.1138269034416,85.12360901738293,163.4137475453578,176.59764421604226,205.17421833353586,0.0,39.45377997567705,0.09300026021337497,1260,9
final_refine_2m,2.0,704.0,424.0,821.8223652347264,1.0,1.0,0.0,1.0,0.24863387978142076,0.24863387978142076,1.0,0.3333333333333333,0.3333333333333333,70.85396105923489,84.8913057595524,162.88935246405947,176.0384362930878,204.53114948152572,0.0,39.3895229311517,0.09492583918813427,1260,9
final_refine_2m,2.0,706.0,424.0,823.5362772823065,1.0,1.0,0.0,1.0,0.24863387978142076,0.24863387978142076,1.0,0.3333333333333333,0.3333333333333333,70.59510524394473,84.65997971897411,162.3716643210508,175.48038177142877,203.88935918323764,0.0,39.325757754497054,0.09604475670049441,1260,9
final_refine_2m,2.0,708.0,424.0,825.2514768238831,1.0,1.0,0.0,1.0,0.24863387978142076,0.24863387978142076,1.0,0.3333333333333333,0.3333333333333333,70.33726038293486,84.4302416054278,161.85506847473656,174.92348047703004,203.2488470192865,0.0,39.262516397898885,0.09474368982565703,1260,9
final_refine_2m,2.0,710.0,424.0,826.9679558483509,1.0,1.0,0.0,1.0,0.2504033307311996,0.2504033307311996,1.0,0.3349206349206349,0.3349206349206349,70.08042740599441,84.20277728895701,161.3395648787903,174.3677322420302,202.60961257601116,0.0,39.19918177885945,0.09344262295081968,1260,9
final_refine_2m,2.0,712.0,424.0,828.6857064050279,1.0,1.0,0.0,1.0,0.25115794951860526,0.25115794951860526,1.0,0.3341269841269841,0.3341269841269841,69.82460724721751,83.97629074788706,160.825153493295,173.81313690475037,201.97165544551308,0.0,39.13532117602818,0.09344262295081968,1260,9
final_refine_2m,2.0,714.0,424.0,830.4047206031527,1.0,1.0,0.0,1.0,0.25144418423106946,0.25144418423106946,1.0,0.33095238095238094,0.33095238095238094,69.56980084485954,83.75078222456497,160.31183428478536,173.25969430975815,201.3349752256947,0.0,39.07093373906761,0.09344262295081968,1260,9
final_refine_2m,2.0,716.0,424.0,832.1249906113865,1.0,1.0,0.0,1.0,0.2517304189435337,0.2517304189435337,1.0,0.3277777777777778,0.3277777777777778,69.3160091412077,83.52625195438863,159.79960722627342,172.70740430789533,200.6995715202931,0.0,39.006018650705904,0.09276606817590424,1260,9
final_refine_2m,2.0,718.0,424.0,833.8465086573187,1.0,1.0,0.0,1.0,0.23718449128285193,0.23718449128285193,1.0,0.3103174603174603,0.3103174603174603,69.06323308243779,83.302700165756,159.28847229730783,172.15626675631762,200.06544393891133,0.0,38.94063617963916,0.09141295862607338,1260,9
final_refine_2m,2.0,720.0,424.0,835.5692670269773,1.0,1.0,0.0,1.0,0.23983866770752016,0.23983866770752016,1.0,0.3126984126984127,0.3126984126984127,68.81147361847196,83.0801270800153,158.77842948400465,171.6062815185455,199.4325920970624,0.0,38.875616891881606,0.08938329430132709,1260,9
final_refine_2m,2.0,722.0,424.0,837.2932580643416,1.0,1.0,0.0,1.0,0.24759302628155086,0.24759302628155086,1.0,0.32063492063492066,0.32063492063492066,68.56073170282554,82.85853291141696,158.2694787790948,171.05744846448647,198.80101561619858,0.0,38.8112182279594,0.09136091595107988,1260,9
final_refine_2m,2.0,724.0,424.0,839.0184741708612,1.0,1.0,0.0,1.0,0.25956284153005466,0.25956284153005466,1.0,0.3333333333333333,0.3333333333333333,68.31100829246171,82.6379178670659,157.76162018195973,170.50976747049035,198.17071412375356,0.0,38.747435957989985,0.09333853760083269,1260,9
final_refine_2m,2.0,726.0,424.0,840.7449078049774,1.0,1.0,0.0,1.0,0.2581056466302368,0.2581056466302368,1.0,0.33015873015873015,0.33015873015873015,68.06230434763029,82.41828214687575,157.25485369868034,169.98230242166406,197.5416872531781,0.0,38.68422198223801,0.09531615925058548,1260,9
final_refine_2m,2.0,728.0,424.0,842.4725514816491,1.0,1.0,0.0,1.0,0.25555555555555554,0.25555555555555554,1.0,0.3246031746031746,0.3246031746031746,67.81462083170766,82.19962589705085,156.74917934207232,169.4813004266602,196.91393464397026,0.0,38.621554777694996,0.09729378090033827,1260,9
final_refine_2m,2.0,730.0,424.0,844.2013977718824,1.0,1.0,0.0,1.0,0.2530054644808743,0.2530054644808743,1.0,0.319047619047619,0.319047619047619,67.5679587110304,81.98193524814731,156.24459713173468,168.98126761681186,196.28745594173137,0.0,38.559459934345,0.09927140255009108,1260,9
final_refine_2m,2.0,630.0,426.0,760.5103549590893,1.0,1.0,0.0,1.0,0.2459016393442623,0.2459016393442623,1.0,0.4,0.4,81.34857652739697,93.94700856509532,182.10095228670096,196.31871598372,228.12221870782355,0.0,41.769399165304655,0.08574030705178246,1260,9
final_refine_2m,2.0,632.0,426.0,762.1679604916491,1.0,1.0,0.0,1.0,0.2459016393442623,0.2459016393442623,1.0,0.4,0.4,81.05160934994738,93.67595228964257,181.54595940603102,195.748083691113,227.43717701816226,0.0,41.7010900978253,0.0853239656518345,1260,9
final_refine_2m,2.0,634.0,426.0,763.8272055903743,1.0,1.0,0.0,1.0,0.2462919594067135,0.2462919594067135,1.0,0.396031746031746,0.396031746031746,80.75562805616815,93.40717769149116,180.99205804446223,195.19674049888044,226.75342325406518,0.0,41.633062091873576,0.08417902680197763,1260,9
final_refine_2m,2.0,636.0,426.0,765.4880795936668,1.0,1.0,0.0,1.0,0.24660421545667446,0.24660421545667446,1.0,0.3888888888888889,0.3888888888888889,80.46063334381408,93.13969761357215,180.43924795382227,194.64638455346946,226.07095682498036,0.0,41.56463531391378,0.08360655737704918,1260,9
final_refine_2m,2.0,638.0,426.0,767.150571921836,1.0,1.0,0.0,1.0,0.24790528233151185,0.24790528233151185,1.0,0.3888888888888889,0.3888888888888889,80.16662591761303,92.87318423623368,179.88752889099652,194.09701559744167,225.38977714499916,0.0,41.49571823556284,0.08360655737704918,1260,9
final_refine_2m,2.0,640.0,426.0,768.8146720764374,1.0,1.0,0.0,1.0,0.2504033307311996,0.2504033307311996,1.0,0.39126984126984127,0.39126984126984127,79.8736064892383,92.60763767931907,179.33690061795082,193.5486333773976,224.7098836328389,0.0,41.42630994157156,0.08360655737704918,1260,9
final_refine_2m,2.0,642.0,426.0,770.4803696396165,1.0,1.0,0.0,1.0,0.25206869633099144,0.25206869633099144,1.0,0.39285714285714285,0.39285714285714285,79.58157577727,92.34305805764413,178.7873629017708,193.00123764397577,224.03127571190936,0.0,41.35640954520724,0.0824095758521988,1260,9
final_refine_2m,2.0,644.0,426.0,772.1476542734556,1.0,1.0,0.0,1.0,0.24035909445745512,0.24035909445745512,1.0,0.37857142857142856,0.37857142857142856,79.29053450716646,92.07944548095169,178.2389155146838,192.4548281519087,223.3539528103069,0.0,41.28638014911988,0.08121259432734843,1260,9
final_refine_2m,2.0,646.0,426.0,773.8165157193273,1.0,1.0,0.0,1.0,0.24264897215716888,0.24264897215716888,1.0,0.38015873015873014,0.38015873015873014,79.00048341122267,91.81680005386725,177.69155823409787,191.909404660023,222.67791436085975,0.0,41.21688334774108,0.08227946916471507,1260,9
final_refine_2m,2.0,648.0,426.0,775.4869437972505,1.0,1.0,0.0,1.0,0.25589383294301327,0.25589383294301327,1.0,0.3904761904761905,0.3904761904761905,78.71142322853466,91.55512187585553,177.14529084262946,191.34646349769312,222.00315980113692,0.0,41.14789020515882,0.08410096278948738,1260,9
final_refine_2m,2.0,650.0,426.0,777.1589284052523,1.0,1.0,0.0,1.0,0.2546448087431694,0.2546448087431694,1.0,0.38333333333333336,0.38333333333333336,78.42335470495516,91.29441104117835,176.6001131281375,190.75953032935996,221.32968857348925,0.0,41.07938315660327,0.08592245641425969,1260,9
final_refine_2m,2.0,652.0,426.0,778.8324595187337,1.0,1.0,0.0,1.0,0.2546448087431694,0.2546448087431694,1.0,0.38333333333333336,0.38333333333333336,78.13627859305804,91.03466763885356,176.0560248837531,190.173750071665,220.6575001250763,0.0,41.01138803154461,0.08698933125162633,1260,9
final_refine_2m,2.0,654.0,426.0,780.5075271898407,1.0,1.0,0.0,1.0,0.2546448087431694,0.2546448087431694,1.0,0.38333333333333336,0.38333333333333336,77.83996729764816,90.77589175261438,175.51302590791272,189.58912240844876,219.9865939078802,0.0,40.94384688160782,0.08821233411397346,1260,9
final_refine_2m,2.0,656.0,426.0,782.1841215468389,1.0,1.0,0.0,1.0,0.2546448087431694,0.2546448087431694,1.0,0.38333333333333336,0.38333333333333336,77.53085234714962,90.51808177478785,174.97111600438777,189.00564702873055,219.316969378739,0.0,40.876744687361054,0.0892792089513401,1260,9
final_refine_2m,2.0,658.0,426.0,783.8622327934928,1.0,1.0,0.0,1.0,0.2546448087431694,0.2546448087431694,1.0,0.38333333333333336,0.38333333333333336,77.22289428241186,90.2617557194128,174.4302949823288,188.4233236267317,218.6486259993759,0.0,40.81011107831629,0.08808222742648972,1260,9
final_refine_2m,2.0,660.0,426.0,785.5418512084509,1.0,1.0,0.0,1.0,0.2534738485558158,0.2534738485558158,1.0,0.37936507936507935,0.37936507936507935,76.9160939106266,90.0076022568489,173.89056265628088,187.84215190190724,217.98156323643192,0.0,40.74338869302799,0.08688524590163935,1260,9
final_refine_2m,2.0,662.0,426.0,787.222967144633,1.0,1.0,0.0,1.0,0.2511319281811085,0.2511319281811085,1.0,0.37142857142857144,0.37142857142857144,76.61045204618293,89.75441388364732,173.35191884623117,187.26213155898395,217.31578056147856,0.0,40.67616523424054,0.08688524590163935,1260,9
final_refine_2m,2.0,664.0,426.0,788.9055710286244,1.0,1.0,0.0,1.0,0.24972677595628415,0.24972677595628415,1.0,0.36666666666666664,0.36666666666666664,76.3059695105773,89.50219385372286,172.81436337763697,186.6832623079819,216.65127745105755,0.0,40.60843979811355,0.08688524590163935,1260,9
final_refine_2m,2.0,666.0,426.0,790.5896533600727,1.0,1.0,0.0,1.0,0.24972677595628415,0.24972677595628415,1.0,0.36666666666666664,0.36666666666666664,76.00264713232394,89.25094175259306,172.27789608145508,186.10554386425557,215.9880533867098,0.0,40.540211510644326,0.0862607338017174,1260,9
final_refine_2m,2.0,668.0,426.0,792.2752047110903,1.0,1.0,0.0,1.0,0.23497267759562843,0.23497267759562843,1.0,0.35,0.35,75.70048574686076,89.00065440446282,171.74251679418762,185.52897594851956,215.32610785498883,0.0,40.471544239134744,0.08501170960187354,1260,9
final_refine_2m,2.0,670.0,426.0,793.9622157256604,1.0,1.0,0.0,1.0,0.23497267759562843,0.23497267759562843,1.0,0.35,0.35,75.39948619645256,88.75131949112155,171.20822535790685,184.95355828688776,214.66544034751516,0.0,40.403208473758056,0.08454332552693208,1260,9
final_refine_2m,2.0,672.0,426.0,795.6506771190483,1.0,1.0,0.0,1.0,0.2400728597449909,0.2400728597449909,1.0,0.35555555555555557,0.35555555555555557,75.09964933008997,88.50294413443419,170.6750216202862,184.37929061090236,214.00605036097656,0.0,40.33542114377658,0.08641686182669789,1260,9
final_refine_2m,2.0,674.0,426.0,797.3405796772167,1.0,1.0,0.0,1.0,0.2511319281811085,0.2511319281811085,1.0,0.3634920634920635,0.3634920634920635,74.80097600338358,88.25553807810434,170.14290543465174,183.80617265756823,213.34793739718663,0.0,40.26818782431821,0.0882903981264637,1260,9
final_refine_2m,2.0,676.0,426.0,799.0319142562455,1.0,1.0,0.0,1.0,0.25076762945615405,0.25076762945615405,1.0,0.35873015873015873,0.35873015873015873,74.5034670784538,88.00910057059943,169.61187665999935,183.23420416938671,212.69110096308415,0.0,40.201459952252875,0.09016393442622951,1260,9
final_refine_2m,2.0,678.0,426.0,800.7246717817554,1.0,1.0,0.0,1.0,0.25230288836846215,0.25230288836846215,1.0,0.35793650793650794,0.35793650793650794,74.2071234238239,87.7636303433097,169.0819351610395,182.66338489438849,212.03554057078446,0.0,40.13521892063309,0.09063231850117096,1260,9
final_refine_2m,2.0,680.0,426.0,802.4188432483375,1.0,1.0,0.0,1.0,0.25487900078064013,0.25487900078064013,1.0,0.3603174603174603,0.3603174603174603,73.91194591429296,87.51913109580906,168.5623963099989,182.0937145861691,211.38125573760874,0.0,40.069493624544,0.09250585480093677,1260,9
final_refine_2m,2.0,682.0,426.0,804.114419718985,1.0,1.0,0.0,1.0,0.25659640905542547,0.25659640905542547,1.0,0.3619047619047619,0.3619047619047619,73.63961845646865,87.27559879677504,168.07668543650584,181.52519300392322,210.72824598610126,0.0,40.00422295007211,0.09203747072599532,1260,9
final_refine_2m,2.0,684.0,426.0,805.8113923245315,1.0,1.0,0.0,1.0,0.25917252146760345,0.25917252146760345,1.0,0.36428571428571427,0.36428571428571427,73.37114035868444,87.03449925362884,167.5918926061463,180.9578199124763,210.0765108440644,0.0,39.93927252329199,0.09078844652615145,1260,9
final_refine_2m,2.0,686.0,426.0,807.5097522630919,1.0,1.0,0.0,1.0,0.2608899297423888,0.2608899297423888,1.0,0.36428571428571427,0.36428571428571427,73.10365799848745,86.79473136036958,167.10801777205262,180.3915950823265,209.42604984460195,0.0,39.87390962088911,0.09016393442622951,1260,9
final_refine_2m,2.0,688.0,426.0,809.2094907995086,1.0,1.0,0.0,1.0,0.258600052042675,0.258600052042675,1.0,0.35793650793650794,0.35793650793650794,72.83717223799313,86.55593756437497,166.58042324126234,179.82651828966834,208.7768625261355,0.0,39.808034316505825,0.09016393442622951,1260,9
final_refine_2m,2.0,690.0,426.0,810.9105992648018,1.0,1.0,0.0,1.0,0.2563101743429612,0.2563101743429612,1.0,0.3515873015873016,0.3515873015873016,72.57168394463048,86.31811395292752,166.0328410901835,179.26258931644094,208.12894843243984,0.0,39.74164575176525,0.09016393442622951,1260,9
final_refine_2m,2.0,692.0,426.0,812.6130690556238,1.0,1.0,0.0,1.0,0.25573770491803277,0.25573770491803277,1.0,0.35,0.35,72.30719399103668,86.08125930388732,165.48644810712935,178.69980795035744,207.48230711267934,0.0,39.6747430995748,0.08886286755139214,1260,9
final_refine_2m,2.0,694.0,426.0,814.3168916337178,1.0,1.0,0.0,1.0,0.24043715846994534,0.24043715846994534,1.0,0.3333333333333333,0.3333333333333333,72.04370325496555,85.84537632865806,164.94124416067478,178.13817398493788,206.8369381214314,0.0,39.60771554466015,0.08756180067655478,1260,9
final_refine_2m,2.0,696.0,426.0,816.0220585253808,1.0,1.0,0.0,1.0,0.24043715846994534,0.24043715846994534,1.0,0.3333333333333333,0.3333333333333333,71.78121261918186,85.61047577702094,164.39722912618697,177.57768721955438,206.19284101873257,0.0,39.541280072162834,0.08868071818891492,1260,9
final_refine_2m,2.0,698.0,426.0,817.7285613209312,1.0,1.0,0.0,1.0,0.25519125683060107,0.25519125683060107,1.0,0.35,0.35,71.51972297135998,85.37656129637587,163.8544028858424,177.01834745945976,205.5500153700891,0.0,39.47540598385136,0.09060629716367422,1260,9
final_refine_2m,2.0,700.0,426.0,819.43639167418,1.0,1.0,0.0,1.0,0.2533177205308353,0.2533177205308353,1.0,0.34523809523809523,0.34523809523809523,71.2592352039677,85.14361804969758,163.32430600109467,176.4601545158297,204.90846074653925,0.0,39.410073050867965,0.09253187613843351,1260,9
final_refine_2m,2.0,702.0,426.0,821.1455413019058,1.0,1.0,0.0,1.0,0.2511319281811085,0.2511319281811085,1.0,0.3396825396825397,0.3396825396825397,70.99975021416466,84.91164582927135,162.80740338635965,175.90310820578893,204.2681767246532,0.0,39.34530793938618,0.09365079365079365,1260,9
final_refine_2m,2.0,704.0,426.0,822.8560019833361,1.0,1.0,0.0,1.0,0.24863387978142076,0.24863387978142076,1.0,0.3333333333333333,0.3333333333333333,70.74126890367968,84.6806447891232,162.291586824888,175.34720835247117,203.62916288660242,0.0,39.281047142565384,0.09492583918813427,1260,9
final_refine_2m,2.0,706.0,426.0,824.5677655596294,1.0,1.0,0.0,1.0,0.24863387978142076,0.24863387978142076,1.0,0.3333333333333333,0.3333333333333333,70.4837921786915,84.45061507670867,161.77685626521895,174.79245478503242,202.99141882015277,0.0,39.21727426123721,0.09604475670049441,1260,9
final_refine_2m,2.0,708.0,426.0,826.2808239333647,1.0,1.0,0.0,1.0,0.24863387978142076,0.24863387978142076,1.0,0.3333333333333333,0.3333333333333333,70.22732094971394,84.2221333438248,161.26321166215357,174.23884733870048,202.35494411874092,0.0,39.15401893845868,0.09474368982565703,1260,9
final_refine_2m,2.0,710.0,426.0,827.9951690680326,1.0,1.0,0.0,1.0,0.2504033307311996,0.2504033307311996,1.0,0.3349206349206349,0.3349206349206349,69.9718561314605,83.99595105189505,160.75065297681215,173.68638585481855,201.71973838147514,0.0,39.090687764411214,0.09344262295081968,1260,9
final_refine_2m,2.0,712.0,426.0,829.7107929875325,1.0,1.0,0.0,1.0,0.25183450429352067,0.25183450429352067,1.0,0.3357142857142857,0.3357142857142857,69.71739864272158,83.77074063693661,160.2391801766656,173.13507018087182,201.08580121318954,0.0,39.02683414950973,0.09344262295081968,1260,9
final_refine_2m,2.0,714.0,426.0,831.4276877756718,1.0,1.0,0.0,1.0,0.2521207390059849,0.2521207390059849,1.0,0.3325396825396825,0.3325396825396825,69.46394940622889,83.5465023383529,159.72879323557672,172.58490017053452,200.4531322244632,0.0,38.962457254071076,0.09344262295081968,1260,9
final_refine_2m,2.0,716.0,426.0,833.145845575671,1.0,1.0,0.0,1.0,0.2524069737184491,0.2524069737184491,1.0,0.32936507936507936,0.32936507936507936,69.21150934851829,83.32323638867064,159.2194921338403,172.0358756837072,199.82173103167685,0.0,38.89755627104823,0.09276606817590424,1260,9
final_refine_2m,2.0,718.0,426.0,834.8652585896721,1.0,1.0,0.0,1.0,0.23629976580796253,0.23629976580796253,1.0,0.30952380952380953,0.30952380952380953,68.96007939978797,83.10094301348954,158.71127685822785,171.487996586552,199.19159725702565,0.0,38.8321984847447,0.09141295862607338,1260,9
final_refine_2m,2.0,720.0,426.0,836.5859190782498,1.0,1.0,0.0,1.0,0.23895394223263075,0.23895394223263075,1.0,0.3119047619047619,0.3119047619047619,68.70966049375522,82.8796224314329,158.20414740202227,170.9412627515399,198.5627305285674,0.0,38.76721328035181,0.09089253187613844,1260,9
final_refine_2m,2.0,722.0,426.0,838.3078193599293,1.0,1.0,0.0,1.0,0.24597970335675254,0.24597970335675254,1.0,0.319047619047619,0.319047619047619,68.46025356750718,82.65927485409951,157.6981037650567,170.40409746087005,197.93513048026583,0.0,38.70283728020308,0.09287015352589123,1260,9
final_refine_2m,2.0,724.0,426.0,840.0309518107056,1.0,1.0,0.0,1.0,0.25956284153005466,0.25956284153005466,1.0,0.3333333333333333,0.3333333333333333,68.21185956135075,82.43990048601667,157.19314595376642,169.90379326185788,197.30879675200234,0.0,38.63907433682794,0.09484777517564402,1260,9
final_refine_2m,2.0,726.0,426.0,841.7553088635675,1.0,1.0,0.0,1.0,0.25846994535519124,0.25846994535519124,1.0,0.33095238095238094,0.33095238095238094,67.96447941864902,82.22149952459462,156.68927398122398,169.40445324937568,196.68372898964265,0.0,38.57587167846256,0.09682539682539683,1260,9
final_refine_2m,2.0,728.0,426.0,843.4808830080265,1.0,1.0,0.0,1.0,0.25591985428051,0.25591985428051,1.0,0.3253968253968254,0.3253968253968254,67.71811408566636,82.00407216008173,156.1864878671818,168.90607738834495,196.0599268450485,0.0,38.51320804337735,0.0979703356752537,1260,9
final_refine_2m,2.0,730.0,426.0,845.2076667896476,1.0,1.0,0.0,1.0,0.25336976320582877,0.25336976320582877,1.0,0.3198412698412698,0.3198412698412698,67.47276451140279,81.78761357230735,155.70097760732156,168.40866564891374,195.43738997613465,0.0,38.451113920629524,0.09927140255009108,1260,9
final_refine_2m,2.0,630.0,428.0,761.6324572915731,1.0,1.0,0.0,1.0,0.2459016393442623,0.2459016393442623,1.0,0.4,0.4,81.17986676518663,93.68757743489664,181.3974060265074,195.58063479960592,227.07714742674128,0.0,41.66135901493112,0.0863127764767109,1260,9
final_refine_2m,2.0,632.0,428.0,763.2876259969108,1.0,1.0,0.0,1.0,0.2459016393442623,0.2459016393442623,1.0,0.4,0.4,80.88448342389809,93.41802524630172,180.84557634145025,195.03122604121327,226.3964330602967,0.0,41.593026494064695,0.08589643507676295,1260,9
final_refine_2m,2.0,634.0,428.0,764.9444424270301,1.0,1.0,0.0,1.0,0.2468384074941452,0.2468384074941452,1.0,0.3984126984126984,0.3984126984126984,80.5900808586071,93.15071833731056,180.29483160992046,194.48279927278926,225.71699748243836,0.0,41.52498299424056,0.08475149622690606,1260,9
final_refine_2m,2.0,636.0,428.0,766.6028958985219,1.0,1.0,0.0,1.0,0.24715066354410617,0.24715066354410617,1.0,0.39126984126984127,0.39126984126984127,80.29665975963523,92.88472833190859,179.74517159266847,193.93535424073224,225.03884011654418,0.0,41.45654935432673,0.08360655737704918,1260,9
final_refine_2m,2.0,638.0,428.0,768.2629758097158,1.0,1.0,0.0,1.0,0.24790528233151185,0.24790528233151185,1.0,0.3888888888888889,0.3888888888888889,80.00422082409692,92.61969926053906,179.1965960554466,193.38889069541273,224.36196039058692,0.0,41.38762854186566,0.08360655737704918,1260,9
final_refine_2m,2.0,640.0,428.0,769.9246716400248,1.0,1.0,0.0,1.0,0.2504033307311996,0.2504033307311996,1.0,0.39126984126984127,0.39126984126984127,79.71276475586684,92.35563124171718,178.64910476906618,192.8434083912173,223.68635773713726,0.0,41.31821965208327,0.08360655737704918,1260,9
final_refine_2m,2.0,642.0,428.0,771.5879729492937,1.0,1.0,0.0,1.0,0.25206869633099144,0.25206869633099144,1.0,0.39285714285714285,0.39285714285714285,79.4222922655477,92.09252438898626,178.10269750940782,192.29890708654736,223.012031593417,0.0,41.248321808349175,0.083008066614624,1260,9
final_refine_2m,2.0,644.0,428.0,773.2528693771527,1.0,1.0,0.0,1.0,0.24035909445745512,0.24035909445745512,1.0,0.37857142857142856,0.37857142857142856,79.13280407043362,91.83037881087236,177.55737405745975,191.7395016330447,222.33898140130185,0.0,41.17830870085926,0.08121259432734843,1260,9
final_refine_2m,2.0,646.0,428.0,774.9193506423749,1.0,1.0,0.0,1.0,0.24202446005724695,0.24202446005724695,1.0,0.38015873015873014,0.38015873015873014,78.84430089446923,91.56919461084054,177.01313419934786,191.1537408409513,221.66720660735777,0.0,41.10882766344202,0.08303408795212074,1260,9
final_refine_2m,2.0,648.0,428.0,776.5874065422385,1.0,1.0,0.0,1.0,0.2563101743429612,0.2563101743429612,1.0,0.39206349206349206,0.39206349206349206,78.55678346821355,91.30897188725173,176.46997772637738,190.56912630094217,220.9967066628713,0.0,41.039842868655725,0.08485558157689305,1260,9
final_refine_2m,2.0,650.0,428.0,778.2570269518933,1.0,1.0,0.0,1.0,0.25506115014311737,0.25506115014311737,1.0,0.38492063492063494,0.38492063492063494,78.27025252879558,91.04971073332071,175.92790443503765,189.98565769689134,220.3274810238616,0.0,40.97133696528388,0.08592245641425969,1260,9
final_refine_2m,2.0,652.0,428.0,779.928201823732,1.0,1.0,0.0,1.0,0.2546448087431694,0.2546448087431694,1.0,0.38333333333333336,0.38333333333333336,77.9751916606217,90.79141123707542,175.38691412706686,189.4033347177493,219.65952915111671,0.0,40.90333767449187,0.087743950039032,1260,9
final_refine_2m,2.0,654.0,428.0,781.6009211867653,1.0,1.0,0.0,1.0,0.2546448087431694,0.2546448087431694,1.0,0.38333333333333336,0.38333333333333336,77.66675919663949,90.5340734813168,174.84700660945856,188.8221570575621,218.99285051022122,0.0,40.83578553529753,0.08956544366380433,1260,9
final_refine_2m,2.0,656.0,428.0,783.275175146002,1.0,1.0,0.0,1.0,0.2546448087431694,0.2546448087431694,1.0,0.38333333333333336,0.38333333333333336,77.35947590867656,90.2776970934696,174.30818169450572,188.24212441551887,218.32744457157168,0.0,40.76867067596854,0.08987769971376529,1260,9
final_refine_2m,2.0,658.0,428.0,784.9509538818334,1.0,1.0,0.0,1.0,0.2546448087431694,0.2546448087431694,1.0,0.38333333333333336,0.38333333333333336,77.05334258579556,90.02276893595595,173.77043919983188,187.6632364959625,217.66331081042296,0.0,40.70201461475487,0.08868071818891492,1260,9
final_refine_2m,2.0,660.0,428.0,786.6282476494217,1.0,1.0,0.0,1.0,0.2539422326307572,0.2539422326307572,1.0,0.38095238095238093,0.38095238095238093,76.74836002408522,89.7700355729975,173.23377894841533,187.08549300844595,217.0004487068881,0.0,40.63528781350905,0.08748373666406453,1260,9
final_refine_2m,2.0,662.0,428.0,788.307046778094,1.0,1.0,0.0,1.0,0.25183450429352067,0.25183450429352067,1.0,0.3738095238095238,0.3738095238095238,76.44452902657534,89.51826072760781,172.6982007686397,186.5088936677323,216.33885774600256,0.0,40.568063191136645,0.08688524590163935,1260,9
final_refine_2m,2.0,664.0,428.0,789.9873416707384,1.0,1.0,0.0,1.0,0.24972677595628415,0.24972677595628415,1.0,0.36666666666666664,0.36666666666666664,76.14185040314938,89.2674471176838,172.16370449431233,185.93343819385538,215.67853741771162,0.0,40.50033985443927,0.08688524590163935,1260,9
final_refine_2m,2.0,666.0,428.0,791.6691228032075,1.0,1.0,0.0,1.0,0.24972677595628415,0.24972677595628415,1.0,0.36666666666666664,0.36666666666666664,75.84032497045015,89.01759622620764,171.6302899646941,185.35912631213466,215.01948721692824,0.0,40.43211693966776,0.08688524590163935,1260,9
final_refine_2m,2.0,668.0,428.0,793.3523807237235,1.0,1.0,0.0,1.0,0.23497267759562843,0.23497267759562843,1.0,0.35,0.35,75.53995355178613,88.76870741330806,171.097957024553,184.78595775321497,214.36170664355208,0.0,40.363464763832795,0.08501170960187354,1260,9
final_refine_2m,2.0,670.0,428.0,795.0371060522899,1.0,1.0,0.0,1.0,0.23497267759562843,0.23497267759562843,1.0,0.35,0.35,75.24073697703427,88.52076921491903,170.56670552418075,184.21393225309063,213.70519520249252,0.0,40.295152745689144,0.0853239656518345,1260,9
final_refine_2m,2.0,672.0,428.0,796.7232894801056,1.0,1.0,0.0,1.0,0.23939630497007547,0.23939630497007547,1.0,0.3547619047619048,0.3547619047619048,74.94267608253463,88.27378031789085,170.03653531942754,183.64304955315637,213.049952403708,0.0,40.22737866515086,0.08719750195160031,1260,9
final_refine_2m,2.0,674.0,428.0,798.4109217689848,1.0,1.0,0.0,1.0,0.2507936507936508,0.2507936507936508,1.0,0.36428571428571427,0.36428571428571427,74.64577171098229,88.0277510146232,169.5074462717466,183.07330940020955,212.3959777622183,0.0,40.16015552309992,0.08907103825136611,1260,9
final_refine_2m,2.0,676.0,428.0,800.0999937507811,1.0,1.0,0.0,1.0,0.251288056206089,0.251288056206089,1.0,0.3603174603174603,0.3603174603174603,74.35002471132142,87.78268657006561,168.97943824821758,182.50471154652004,211.74327079815185,0.0,40.09343044057456,0.09016393442622951,1260,9
final_refine_2m,2.0,678.0,428.0,801.7904963268148,1.0,1.0,0.0,1.0,0.25230288836846215,0.25230288836846215,1.0,0.35793650793650794,0.35793650793650794,74.05543593862882,87.5385832873665,168.493993688513,181.9372557498297,211.09183103677185,0.0,40.02718587281784,0.09203747072599532,1260,9
final_refine_2m,2.0,680.0,428.0,803.4824204673056,1.0,1.0,0.0,1.0,0.2540202966432475,0.2540202966432475,1.0,0.3595238095238095,0.3595238095238095,73.7812811776926,87.29544333578599,168.00982006292864,181.3709417734168,210.44165800849805,0.0,39.961452715103626,0.0931303669008587,1260,9
final_refine_2m,2.0,682.0,428.0,805.1757572108093,1.0,1.0,0.0,1.0,0.25659640905542547,0.25659640905542547,1.0,0.3619047619047619,0.3619047619047619,73.51323663138933,87.05326694082981,167.526559921001,180.80576938609943,209.792751248935,0.0,39.89616564563265,0.09266198282591726,1260,9
final_refine_2m,2.0,684.0,428.0,806.8704976636585,1.0,1.0,0.0,1.0,0.25917252146760345,0.25917252146760345,1.0,0.36428571428571427,0.36428571428571427,73.24618171415332,86.81347899492276,167.01586990657526,180.24173836229568,209.14511029891744,0.0,39.83120742631207,0.09141295862607338,1260,9
final_refine_2m,2.0,686.0,428.0,808.5666329994084,1.0,1.0,0.0,1.0,0.2614623991673172,0.2614623991673172,1.0,0.36587301587301585,0.36587301587301585,72.98011727032511,86.57505201542087,166.4692357111884,179.67884848204739,208.49873470452857,0.0,39.76584604652071,0.09016393442622951,1260,9
final_refine_2m,2.0,688.0,428.0,810.2641544582852,1.0,1.0,0.0,1.0,0.25917252146760345,0.25917252146760345,1.0,0.3595238095238095,0.3595238095238095,72.71504414943215,86.33759012206669,165.92378348018624,179.1170995310502,207.85362401713405,0.0,39.69997565188585,0.09016393442622951,1260,9
final_refine_2m,2.0,690.0,428.0,811.9630533466409,1.0,1.0,0.0,1.0,0.25659640905542547,0.25659640905542547,1.0,0.3523809523809524,0.3523809523809524,72.45096320610185,86.10109662998498,165.37951307799588,178.55649130069494,207.20977779341496,0.0,39.633595394429314,0.09016393442622951,1260,9
final_refine_2m,2.0,692.0,428.0,813.66332103641,1.0,1.0,0.0,1.0,0.25573770491803277,0.25573770491803277,1.0,0.35,0.35,72.18787529996287,85.86556522346895,164.8364243756774,177.9970235881081,206.56719559539675,0.0,39.566704457051564,0.08886286755139214,1260,9
final_refine_2m,2.0,694.0,428.0,815.3649489645726,1.0,1.0,0.0,1.0,0.24043715846994534,0.24043715846994534,1.0,0.3333333333333333,0.3333333333333333,71.92578129554161,85.63099899995458,164.29451725097098,177.43869619617405,205.92587699048187,0.0,39.49970345773603,0.08756180067655478,1260,9
final_refine_2m,2.0,696.0,428.0,817.0679286326199,1.0,1.0,0.0,1.0,0.24043715846994534,0.24043715846994534,1.0,0.3333333333333333,0.3333333333333333,71.66468206216658,85.3974029664089,163.7587891970623,176.88150893358224,205.28582155147882,0.0,39.433293965515375,0.08948737965131408,1260,9
final_refine_2m,2.0,698.0,428.0,818.7722516060251,1.0,1.0,0.0,1.0,0.25519125683060107,0.25519125683060107,1.0,0.35,0.35,71.40457847385616,85.1647891627947,163.24266531283507,176.32546161485882,204.64702885664263,0.0,39.367437851926645,0.09141295862607338,1260,9
final_refine_2m,2.0,700.0,428.0,820.4779095137175,1.0,1.0,0.0,1.0,0.2539422326307572,0.2539422326307572,1.0,0.3468253968253968,0.3468253968253968,71.14547140921265,84.9331457488671,162.72762130998612,175.77055406039727,204.0094984896965,0.0,39.30211513503716,0.09253187613843351,1260,9
final_refine_2m,2.0,702.0,428.0,822.1848940475616,1.0,1.0,0.0,1.0,0.25144418423106946,0.25144418423106946,1.0,0.3404761904761905,0.3404761904761905,70.88736175130647,84.70246753989815,162.21365713207783,175.2167860965142,203.3732300398816,0.0,39.23735453258628,0.09445745511319281,1260,9
final_refine_2m,2.0,704.0,428.0,823.8931969618392,1.0,1.0,0.0,1.0,0.2492583918813427,0.2492583918813427,1.0,0.3349206349206349,0.3349206349206349,70.6302503875668,84.47275468799288,161.70077272881986,174.66415755545916,202.73822310196343,0.0,39.17309092229914,0.09638303408795212,1260,9
final_refine_2m,2.0,706.0,428.0,825.602810072737,1.0,1.0,0.0,1.0,0.24863387978142076,0.24863387978142076,1.0,0.3333333333333333,0.3333333333333333,70.37413820965429,84.24400733875416,161.18896805609313,174.11266827547868,202.10447727629324,0.0,39.10931345019568,0.09669529013791309,1260,9
final_refine_2m,2.0,708.0,428.0,827.3137252578371,1.0,1.0,0.0,1.0,0.24863387978142076,0.24863387978142076,1.0,0.3333333333333333,0.3333333333333333,70.11902611333957,84.01676817422481,160.67824307600694,173.56231810083423,201.4719921688238,0.0,39.0460430530706,0.09539422326307573,1260,9
final_refine_2m,2.0,710.0,428.0,829.0259344556116,1.0,1.0,0.0,1.0,0.24951860525631017,0.24951860525631017,1.0,0.3341269841269841,0.3341269841269841,69.8649149983821,83.79185407159186,160.16859775692498,173.01310688185015,200.84076739114937,0.0,38.98271619623679,0.09409315638823836,1260,9
final_refine_2m,2.0,712.0,428.0,830.7394296649221,1.0,1.0,0.0,1.0,0.2521727816809784,0.2521727816809784,1.0,0.33650793650793653,0.33650793650793653,69.61180576839564,83.5679060119727,159.6600320735159,172.4650344749483,200.21080256054046,0.0,38.91887040896804,0.09344262295081968,1260,9
final_refine_2m,2.0,714.0,428.0,832.4542029445223,1.0,1.0,0.0,1.0,0.2527972937809003,0.2527972937809003,1.0,0.3341269841269841,0.3341269841269841,69.35969933071256,83.34492423182779,159.1525460067757,171.91810074268665,199.58209729997935,0.0,38.85450486211679,0.09344262295081968,1260,9
final_refine_2m,2.0,716.0,428.0,834.1702464125653,1.0,1.0,0.0,1.0,0.2518605256310174,0.2518605256310174,1.0,0.32936507936507936,0.32936507936507936,69.10859659625213,83.12290896081247,158.6461395440892,171.37230555380148,198.95465123818545,0.0,38.7896187587499,0.09276606817590424,1260,9
final_refine_2m,2.0,718.0,428.0,835.8875522461141,1.0,1.0,0.0,1.0,0.23629976580796253,0.23629976580796253,1.0,0.30952380952380953,0.30952380952380953,68.85849847937484,82.90186042172664,158.1408126792488,170.82764878323778,198.32846400967125,0.0,38.72428633122426,0.09141295862607338,1260,9
final_refine_2m,2.0,720.0,428.0,837.6061126806561,1.0,1.0,0.0,1.0,0.23895394223263075,0.23895394223263075,1.0,0.3119047619047619,0.3119047619047619,68.60940589773874,82.68177883046599,157.63656541251044,170.32594215474464,197.70353525475068,0.0,38.659335796110234,0.09172521467603435,1260,9
final_refine_2m,2.0,722.0,428.0,839.3259200096229,1.0,1.0,0.0,1.0,0.24452250845693468,0.24452250845693468,1.0,0.31746031746031744,0.31746031746031744,68.36131977215068,82.46266439597419,157.13339775062374,169.82728903214448,197.07986461960112,0.0,38.59498315670602,0.09370283632578714,1260,9
final_refine_2m,2.0,724.0,428.0,841.046966583912,1.0,1.0,0.0,1.0,0.25956284153005466,0.25956284153005466,1.0,0.3333333333333333,0.3333333333333333,68.1142410264109,82.24451732019622,156.63130970688343,169.3295951105756,196.4574517562813,0.0,38.53124026990656,0.09484777517564402,1260,9
final_refine_2m,2.0,726.0,428.0,842.7692448114134,1.0,1.0,0.0,1.0,0.2588342440801457,0.2588342440801457,1.0,0.33174603174603173,0.33174603174603173,67.86817058715931,82.02733779803316,156.1388073629613,168.83286035588876,195.8362963227705,0.0,38.46804973503895,0.09682539682539683,1260,9
final_refine_2m,2.0,728.0,428.0,844.4927471565401,1.0,1.0,0.0,1.0,0.25664845173041895,0.25664845173041895,1.0,0.326984126984127,0.326984126984127,67.62310938371685,81.81112601729751,155.6607758471359,168.3370847390746,195.21639798302033,0.0,38.405391689944246,0.09880301847514962,1260,9
final_refine_2m,2.0,730.0,428.0,846.2174661397625,1.0,1.0,0.0,1.0,0.2540983606557377,0.2540983606557377,1.0,0.32142857142857145,0.32142857142857145,67.37905834791013,81.59588215867032,155.18373054669607,167.84226823632173,194.59775640696392,0.0,38.34329804991804,0.10078064012490243,1260,9
final_refine_2m,2.0,630.0,430.0,762.7581530209952,1.0,1.0,0.0,1.0,0.2459016393442623,0.2459016393442623,1.0,0.4,0.4,81.01341595856698,93.43142841023916,180.70191294478315,194.86856087660917,226.04476973828312,0.0,41.55380301504269,0.08704137392661983,1260,9
final_refine_2m,2.0,632.0,430.0,764.410884276251,1.0,1.0,0.0,1.0,0.2459016393442623,0.2459016393442623,1.0,0.4,0.4,80.71960017228334,93.16336420092055,180.1532123583796,194.3220446525037,225.36833090559466,0.0,41.48544812393035,0.08589643507676295,1260,9
final_refine_2m,2.0,634.0,430.0,766.0652713705275,1.0,1.0,0.0,1.0,0.24738485558157688,0.24738485558157688,1.0,0.4007936507936508,0.4007936507936508,80.42676009748779,92.89750902567545,179.60559024183402,193.77650496530237,224.69316185513674,0.0,41.417390140999764,0.08475149622690606,1260,9
final_refine_2m,2.0,636.0,430.0,767.7213035991641,1.0,1.0,0.0,1.0,0.24686442883164195,0.24686442883164195,1.0,0.39285714285714285,0.39285714285714285,80.13489641704841,92.63299311484049,179.05904636460747,193.23194156908096,224.01926202391195,0.0,41.34895057195949,0.08360655737704918,1260,9
final_refine_2m,2.0,638.0,430.0,769.3789703390651,1.0,1.0,0.0,1.0,0.24790528233151185,0.24790528233151185,1.0,0.3888888888888889,0.3888888888888889,79.84400982045003,92.36943243540479,178.51358050113473,192.68835422187405,223.3466308534817,0.0,41.28002693018058,0.08360655737704918,1260,9
final_refine_2m,2.0,640.0,430.0,771.0382610480494,1.0,1.0,0.0,1.0,0.24957064793130368,0.24957064793130368,1.0,0.3904761904761905,0.3904761904761905,79.55410100376054,92.1068271045343,177.96919243086035,192.1324445787,222.67526778997723,0.0,41.21061832125461,0.08360655737704918,1260,9
final_refine_2m,2.0,642.0,430.0,772.6991652642055,1.0,1.0,0.0,1.0,0.25206869633099144,0.25206869633099144,1.0,0.39285714285714285,0.39285714285714285,79.26517066959399,91.84517723447769,177.4258819382668,191.54784510424548,222.00517228412986,0.0,41.14072387855073,0.083008066614624,1260,9
final_refine_2m,2.0,644.0,430.0,774.3616726052497,1.0,1.0,0.0,1.0,0.24035909445745512,0.24035909445745512,1.0,0.37857142857142856,0.37857142857142856,78.97721952707154,91.58448293252158,176.88364881290727,190.96438529804277,221.33634379130672,0.0,41.07072777880686,0.08256570387717929,1260,9
final_refine_2m,2.0,646.0,430.0,776.0257727678894,1.0,1.0,0.0,1.0,0.24202446005724695,0.24202446005724695,1.0,0.38015873015873014,0.38015873015873014,78.69024829178493,91.3247443009468,176.34249284942584,190.38206484404424,220.6687817715231,0.0,41.001263231940555,0.0843871975019516,1260,9
final_refine_2m,2.0,648.0,430.0,777.6914555271904,1.0,1.0,0.0,1.0,0.2562841530054645,0.2562841530054645,1.0,0.39365079365079364,0.39365079365079364,78.40425768575535,91.06596143698577,175.80241384761132,189.80088343117703,220.00248568947194,0.0,40.93228758380208,0.08485558157689305,1260,9
final_refine_2m,2.0,650.0,430.0,779.3587107359486,1.0,1.0,0.0,1.0,0.2554774915430653,0.2554774915430653,1.0,0.3865079365079365,0.3865079365079365,78.11043359098038,90.80813443278083,175.26341161239898,189.2208407533654,219.3374550145554,0.0,40.863783693546,0.08667707520166537,1260,9
final_refine_2m,2.0,652.0,430.0,781.0275283240662,1.0,1.0,0.0,1.0,0.2546448087431694,0.2546448087431694,1.0,0.38333333333333336,0.38333333333333336,77.80267720087969,90.55126337534351,174.7254859539262,188.64193650958316,218.6736892209025,0.0,40.795781155403965,0.08849856882643768,1260,9
final_refine_2m,2.0,654.0,430.0,782.697898297932,1.0,1.0,0.0,1.0,0.2546448087431694,0.2546448087431694,1.0,0.38333333333333336,0.38333333333333336,77.49606237298674,90.29534834651514,174.18863668755037,188.06417040385233,218.01118778739624,0.0,40.72821900885752,0.08956544366380433,1260,9
final_refine_2m,2.0,656.0,430.0,784.3698107398066,1.0,1.0,0.0,1.0,0.2546448087431694,0.2546448087431694,1.0,0.38333333333333336,0.38333333333333336,77.19058987865718,90.04038942292823,173.65286363388375,187.4875421453017,217.34995019770662,0.0,40.661092481859804,0.08987769971376529,1260,9
final_refine_2m,2.0,658.0,430.0,786.0432558072107,1.0,1.0,0.0,1.0,0.2546448087431694,0.2546448087431694,1.0,0.38333333333333336,0.38333333333333336,76.88626049610778,89.78684373692074,173.11816661883103,186.91205144818053,216.68997594031725,0.0,40.59441505465579,0.08868071818891492,1260,9
final_refine_2m,2.0,660.0,430.0,787.7182237323192,1.0,1.0,0.0,1.0,0.2544106167056987,0.2544106167056987,1.0,0.3825396825396825,0.3825396825396825,76.58307501033156,89.53551550383646,172.5845454736135,186.33769803189588,216.03126450854825,0.0,40.52768476000605,0.08748373666406453,1260,9
final_refine_2m,2.0,662.0,430.0,789.3947048213587,1.0,1.0,0.0,1.0,0.25230288836846215,0.25230288836846215,1.0,0.3753968253968254,0.3753968253968254,76.28103421301867,89.2851392506332,172.05200003480547,185.76448162103964,215.37381540057626,0.0,40.46045986726612,0.08688524590163935,1260,9
final_refine_2m,2.0,664.0,430.0,791.0726894540096,1.0,1.0,0.0,1.0,0.2499609679937549,0.2499609679937549,1.0,0.3674603174603175,0.3674603174603175,75.98013890245566,89.03571775691314,171.5205301443693,185.19240194542294,214.7176281194795,0.0,40.39273949376538,0.08688524590163935,1260,9
final_refine_2m,2.0,666.0,430.0,792.7521680828127,1.0,1.0,0.0,1.0,0.24972677595628415,0.24972677595628415,1.0,0.36666666666666664,0.36666666666666664,75.6803898834432,88.7872525898497,170.99013564968072,184.62145874011495,214.0627021732496,0.0,40.324522785901024,0.08688524590163935,1260,9
final_refine_2m,2.0,668.0,430.0,794.433131232579,1.0,1.0,0.0,1.0,0.23497267759562843,0.23497267759562843,1.0,0.35,0.35,75.38178796719131,88.5397444387557,170.46081640356874,184.05165174545428,213.40903707483517,0.0,40.2558864487163,0.08563622170179547,1260,9
final_refine_2m,2.0,670.0,430.0,796.1155694998057,1.0,1.0,0.0,1.0,0.23497267759562843,0.23497267759562843,1.0,0.35,0.35,75.0843339712221,88.29318809171534,169.93257226435176,183.48298070710516,212.75663234215224,0.0,40.18759884049694,0.08672911787665886,1260,9
final_refine_2m,2.0,672.0,430.0,797.799473552095,1.0,1.0,0.0,1.0,0.23871975019516004,0.23871975019516004,1.0,0.353968253968254,0.353968253968254,74.78802871926463,88.04757163361785,169.4054030958632,182.91544537607209,212.10548749812693,0.0,40.11983877383609,0.08782201405152225,1260,9
final_refine_2m,2.0,674.0,430.0,799.4848341275774,1.0,1.0,0.0,1.0,0.25131407754358576,0.25131407754358576,1.0,0.36587301587301585,0.36587301587301585,74.49287304114702,87.80290752325104,168.91101211186225,182.34904550874305,211.455602070719,0.0,40.05262660417461,0.08907103825136611,1260,9
final_refine_2m,2.0,676.0,430.0,801.1716420343396,1.0,1.0,0.0,1.0,0.2518084829560239,0.2518084829560239,1.0,0.3619047619047619,0.3619047619047619,74.19886777268478,87.55919864488446,168.42745247427746,181.78378086691575,210.80697559294308,0.0,39.985905176408366,0.09094457455113193,1260,9
final_refine_2m,2.0,678.0,430.0,802.8598881498565,1.0,1.0,0.0,1.0,0.25144418423106946,0.25144418423106946,1.0,0.35714285714285715,0.35714285714285715,73.92290957530925,87.31644959057508,167.944801853144,181.21965121783097,210.1596076029237,0.0,39.91965974904123,0.09203747072599532,1260,9
final_refine_2m,2.0,680.0,430.0,804.5495634204271,1.0,1.0,0.0,1.0,0.2540202966432475,0.2540202966432475,1.0,0.3595238095238095,0.3595238095238095,73.6552950218209,87.07465459436628,167.450825285407,180.65665633421236,209.51349764388445,0.0,39.853917941953824,0.09391100702576112,1260,9
final_refine_2m,2.0,682.0,430.0,806.2406588606159,1.0,1.0,0.0,1.0,0.25659640905542547,0.25659640905542547,1.0,0.3619047619047619,0.3619047619047619,73.38866406091739,86.83381887642322,166.90513054076862,180.09479599429486,208.86864526422102,0.0,39.788615519228834,0.09266198282591726,1260,9
final_refine_2m,2.0,684.0,430.0,807.933165552696,1.0,1.0,0.0,1.0,0.25917252146760345,0.25917252146760345,1.0,0.36428571428571427,0.36428571428571427,73.12301751954844,86.5953308116343,166.36061064273215,179.53406998185747,208.2250500175007,0.0,39.723650470538836,0.09141295862607338,1260,9
final_refine_2m,2.0,686.0,430.0,809.627074646099,1.0,1.0,0.0,1.0,0.2617486338797814,0.2617486338797814,1.0,0.36666666666666664,0.36666666666666664,72.85835622974169,86.35822683700529,165.81726545172353,178.97447808626484,207.58271146250297,0.0,39.65829149212378,0.09016393442622951,1260,9
final_refine_2m,2.0,688.0,430.0,811.322377356868,1.0,1.0,0.0,1.0,0.25945875618006764,0.25945875618006764,1.0,0.3603174603174603,0.3603174603174603,72.59468102851095,86.1220857319646,165.27509483466923,178.41602010249247,206.9416291632544,0.0,39.59242685523423,0.09016393442622951,1260,9
final_refine_2m,2.0,690.0,430.0,813.0190649671138,1.0,1.0,0.0,1.0,0.2571688784803539,0.2571688784803539,1.0,0.353968253968254,0.353968253968254,72.33199275775641,85.88690455864769,164.7340986650335,177.8586958311651,206.30180268904692,0.0,39.52605572217867,0.09016393442622951,1260,9
final_refine_2m,2.0,692.0,430.0,814.7171288244773,1.0,1.0,0.0,1.0,0.25573770491803277,0.25573770491803277,1.0,0.35,0.35,72.07029226417701,85.65268459926364,164.19427682285644,177.3025050785937,205.6632316144908,0.0,39.459177285745966,0.08951340098881083,1260,9
final_refine_2m,2.0,694.0,430.0,816.4165603415943,1.0,1.0,0.0,1.0,0.24043715846994534,0.24043715846994534,1.0,0.3333333333333333,0.3333333333333333,71.80958039915879,85.41941987346185,163.67745699457217,176.74744765680686,205.0259155195192,0.0,39.392203487886896,0.08901899557637262,1260,9
final_refine_2m,2.0,696.0,430.0,818.1173509955647,1.0,1.0,0.0,1.0,0.24043715846994534,0.24043715846994534,1.0,0.3333333333333333,0.3333333333333333,71.54985801867925,85.18711754274815,163.16317890979764,176.19352338358908,204.38985398943842,0.0,39.32582062963915,0.09013791308873276,1260,9
final_refine_2m,2.0,698.0,430.0,819.8194923274269,1.0,1.0,0.0,1.0,0.2537861046057767,0.2537861046057767,1.0,0.3484126984126984,0.3484126984126984,71.29112598319661,84.95578753493709,162.6499745435891,175.64073208252114,203.7550466149627,0.0,39.259983222249666,0.09141295862607338,1260,9
final_refine_2m,2.0,700.0,430.0,821.5229759416349,1.0,1.0,0.0,1.0,0.2542544886807182,0.2542544886807182,1.0,0.3476190476190476,0.3476190476190476,71.0333851575409,84.7254300140745,162.13784384071602,175.0890735830043,203.12149299222455,0.0,39.19467152701471,0.09333853760083269,1260,9
final_refine_2m,2.0,702.0,430.0,823.22779350554,1.0,1.0,0.0,1.0,0.25206869633099144,0.25206869633099144,1.0,0.34206349206349207,0.34206349206349207,70.77663641080238,84.49603194031008,161.6267867520087,174.5385477203074,202.48919272282856,0.0,39.12991629295374,0.09526411657559199,1260,9
final_refine_2m,2.0,704.0,430.0,824.9339367488769,1.0,1.0,0.0,1.0,0.24957064793130368,0.24957064793130368,1.0,0.3357142857142857,0.3357142857142857,70.5208806162113,84.26759346381438,161.1168032343871,173.98915433559122,201.8581454138831,0.0,39.06565079622678,0.09638303408795212,1260,9
final_refine_2m,2.0,706.0,430.0,826.6413974632532,1.0,1.0,0.0,1.0,0.24863387978142076,0.24863387978142076,1.0,0.3333333333333333,0.3333333333333333,70.26611865101691,84.04011472832325,160.60789325089752,173.44089327596822,201.2283506780143,0.0,39.00186967631257,0.09669529013791309,1260,9
final_refine_2m,2.0,708.0,430.0,828.350167501643,1.0,1.0,0.0,1.0,0.24863387978142076,0.24863387978142076,1.0,0.3333333333333333,0.3333333333333333,70.01235139637197,83.81410453431728,160.100056770759,172.89376439450825,200.59980813342366,0.0,38.93858524220159,0.09539422326307573,1260,9
final_refine_2m,2.0,710.0,430.0,830.0602387778853,1.0,1.0,0.0,1.0,0.24951860525631017,0.24951860525631017,1.0,0.3341269841269841,0.3341269841269841,69.75957973719665,83.5904449992314,159.59329376938987,172.34776755030117,199.97251740390584,0.0,38.87526356384703,0.09409315638823836,1260,9
final_refine_2m,2.0,712.0,430.0,831.7716032661851,1.0,1.0,0.0,1.0,0.2521727816809784,0.2521727816809784,1.0,0.33650793650793653,0.33650793650793653,69.50780456205061,83.36774573662953,159.0876042284578,171.8029026084909,199.34647811888985,0.0,38.81142643337814,0.09344262295081968,1260,9
final_refine_2m,2.0,714.0,430.0,833.4842530006191,1.0,1.0,0.0,1.0,0.2522508456934686,0.2522508456934686,1.0,0.3341269841269841,0.3341269841269841,69.25702676300268,83.14600698003079,158.5829881359132,171.25916944029498,198.72168991346703,0.0,38.7470730320657,0.09344262295081968,1260,9
final_refine_2m,2.0,716.0,430.0,835.1981800746455,1.0,1.0,0.0,1.0,0.25253708040593287,0.25253708040593287,1.0,0.33095238095238094,0.33095238095238094,69.00724723548697,82.92522895621937,158.0794454860273,170.74775201044807,198.0981524284319,0.0,38.68220257298079,0.09344262295081968,1260,9
final_refine_2m,2.0,718.0,430.0,836.9133766406175,1.0,1.0,0.0,1.0,0.23697632058287796,0.23697632058287796,1.0,0.3111111111111111,0.3111111111111111,68.75846687816517,82.70541188519486,157.5769762794359,170.2497799453062,197.47586531031703,0.0,38.616896169950124,0.09208951340098881,1260,9
final_refine_2m,2.0,720.0,430.0,838.6298349093001,1.0,1.0,0.0,1.0,0.23895394223263075,0.23895394223263075,1.0,0.3119047619047619,0.3119047619047619,68.51068659278009,82.48655598012364,157.07558052317282,169.75276218247808,196.85482821141994,0.0,38.55198088293748,0.09240176945094977,1260,9
final_refine_2m,2.0,722.0,430.0,840.3475471493922,1.0,1.0,0.0,1.0,0.24379391100702577,0.24379391100702577,1.0,0.31666666666666665,0.31666666666666665,68.26390728400783,82.26866144729163,156.57616462955096,169.25669868364304,196.23504078985337,0.0,38.48765229251841,0.09370283632578714,1260,9
final_refine_2m,2.0,724.0,430.0,842.0665056870508,1.0,1.0,0.0,1.0,0.25956284153005466,0.25956284153005466,1.0,0.3333333333333333,0.3333333333333333,68.01812985930084,82.05172848605773,156.09870923617115,168.76158941552927,195.61650270956525,0.0,38.42393018303104,0.09568045797553994,1260,9
final_refine_2m,2.0,726.0,430.0,843.7867029054203,1.0,1.0,0.0,1.0,0.25956284153005466,0.25956284153005466,1.0,0.3333333333333333,0.3333333333333333,67.77335522873452,81.83575728880898,155.62223478869578,168.26743434995026,194.9992136403847,0.0,38.36075256741842,0.09765807962529274,1260,9
final_refine_2m,2.0,728.0,430.0,845.5081312441649,1.0,1.0,0.0,1.0,0.2570127504553734,0.2570127504553734,1.0,0.3277777777777778,0.3277777777777778,67.5295843048452,81.62074804091623,155.14674134541514,167.77423346383503,194.38317325805144,0.0,38.29810260697063,0.09963570127504554,1260,9
final_refine_2m,2.0,730.0,430.0,847.2307831990054,1.0,1.0,0.0,1.0,0.2544626593806922,0.2544626593806922,1.0,0.32222222222222224,0.32222222222222224,67.28681800246738,81.40670092069143,154.67222897052477,167.28198673926065,193.76838124426305,0.0,38.23600871450107,0.10078064012490243,1260,9
final_refine_2m,2.0,630.0,432.0,763.887426261226,1.0,1.0,0.0,1.0,0.2459016393442623,0.2459016393442623,1.0,0.4,0.4,80.84919080558514,93.17851179726536,180.01434916177072,194.16408134744898,225.02487281820666,0.0,41.446728101016014,0.08704137392661983,1260,9
final_refine_2m,2.0,632.0,432.0,765.5377195148519,1.0,1.0,0.0,1.0,0.2459016393442623,0.2459016393442623,1.0,0.4,0.4,80.556926524868,92.9119197092603,179.46874412053467,193.6204286903613,224.3526586471894,0.0,41.37835191005468,0.08589643507676295,1260,9
final_refine_2m,2.0,634.0,432.0,767.1896766771565,1.0,1.0,0.0,1.0,0.24756700494405412,0.24756700494405412,1.0,0.4015873015873016,0.4015873015873016,80.26563293369595,92.64750056083646,178.92421114581308,193.07774718115942,223.68170537992066,0.0,41.31028044301237,0.08475149622690606,1260,9
final_refine_2m,2.0,636.0,432.0,768.8432870227847,1.0,1.0,0.0,1.0,0.24741087691907365,0.24741087691907365,1.0,0.3952380952380952,0.3952380952380952,79.97531070747188,92.38444301414751,178.38075001558045,192.52529409944526,223.01201246674523,0.0,41.241835866942644,0.08360655737704918,1260,9
final_refine_2m,2.0,638.0,432.0,770.4985399077665,1.0,1.0,0.0,1.0,0.24790528233151185,0.24790528233151185,1.0,0.3888888888888889,0.3888888888888889,79.6859605280355,92.1223350590789,177.83836051275688,191.94184504041166,222.34357936250996,0.0,41.17291029027238,0.08360655737704918,1260,9
final_refine_2m,2.0,640.0,432.0,772.1554247688739,1.0,1.0,0.0,1.0,0.24957064793130368,0.24957064793130368,1.0,0.3904761904761905,0.3904761904761905,79.39758308363686,91.86117681142771,177.29704242523133,191.35952913929242,221.67640552662172,0.0,41.10350282885053,0.08360655737704918,1260,9
final_refine_2m,2.0,642.0,432.0,773.81393112298,1.0,1.0,0.0,1.0,0.25206869633099144,0.25206869633099144,1.0,0.39285714285714285,0.39285714285714285,79.11017906889434,91.60096838212712,176.75679554589627,190.77834608015482,221.0104904230451,0.0,41.03361262594433,0.083008066614624,1260,9
final_refine_2m,2.0,644.0,432.0,775.4740485664237,1.0,1.0,0.0,1.0,0.2395264116575592,0.2395264116575592,1.0,0.37777777777777777,0.37777777777777777,78.82374918475564,91.3417098772026,176.21761967266588,190.1982955519565,220.3458335203387,0.0,40.963634245267706,0.08332032266458496,1260,9
final_refine_2m,2.0,646.0,432.0,777.1357667743778,1.0,1.0,0.0,1.0,0.24202446005724695,0.24202446005724695,1.0,0.38015873015873014,0.38015873015873014,78.53829413845556,91.08340139772834,175.67951460851856,189.61937724854886,219.68243429168174,0.0,40.8941869075634,0.0843871975019516,1260,9
final_refine_2m,2.0,648.0,432.0,778.7990755002216,1.0,1.0,0.0,1.0,0.2553994275305751,0.2553994275305751,1.0,0.39365079365079364,0.39365079365079364,78.24569338120934,90.82604303978478,175.14248016152948,189.0415908687289,219.02029221488928,0.0,40.82522119588474,0.08620869112672391,1260,9
final_refine_2m,2.0,650.0,432.0,780.4639645749187,1.0,1.0,0.0,1.0,0.25610200364298724,0.25610200364298724,1.0,0.3888888888888889,0.3888888888888889,77.93860674366678,90.56963489441749,174.60651614488404,188.46493611626676,218.35940677245614,0.0,40.75672017663568,0.08803018475149622,1260,9
final_refine_2m,2.0,652.0,432.0,782.1304239063968,1.0,1.0,0.0,1.0,0.2546448087431694,0.2546448087431694,1.0,0.38333333333333336,0.38333333333333336,77.63265414874829,90.3141770475967,174.07162237692944,187.88941269991494,217.6997774515659,0.0,40.688715298757955,0.08909705958886287,1260,9
final_refine_2m,2.0,654.0,432.0,783.7984434789342,1.0,1.0,0.0,1.0,0.2546448087431694,0.2546448087431694,1.0,0.38333333333333336,0.38333333333333336,77.32783635051109,90.05966958017805,173.53779868119554,187.31502033346726,217.04140374412387,0.0,40.621144115099526,0.09091855321363518,1260,9
final_refine_2m,2.0,656.0,432.0,785.468013352549,1.0,1.0,0.0,1.0,0.2546448087431694,0.2546448087431694,1.0,0.38333333333333336,0.38333333333333336,77.02415410971608,89.80611256786426,173.0050448864203,186.74175873575996,216.38428514678137,0.0,40.554006905953,0.08987769971376529,1260,9
final_refine_2m,2.0,658.0,432.0,787.139123662393,1.0,1.0,0.0,1.0,0.2546448087431694,0.2546448087431694,1.0,0.38333333333333336,0.38333333333333336,76.72160819374196,89.55393388389521,172.47336082659282,186.16962763073022,215.72842116097027,0.0,40.48730918582739,0.08868071818891492,1260,9
final_refine_2m,2.0,660.0,432.0,788.8117646181502,1.0,1.0,0.0,1.0,0.2546448087431694,0.2546448087431694,1.0,0.38333333333333336,0.38333333333333336,76.42019937650494,89.30399592008109,171.94274634098662,185.59862674742374,215.0738112929124,0.0,40.42057630941927,0.08748373666406453,1260,9
final_refine_2m,2.0,662.0,432.0,790.4859265034388,1.0,1.0,0.0,1.0,0.2527712724434036,0.2527712724434036,1.0,0.376984126984127,0.376984126984127,76.11992843837037,89.05500398075613,171.41320127417407,185.02875582003446,214.4204550536734,0.0,40.35335202900122,0.08688524590163935,1260,9
final_refine_2m,2.0,664.0,432.0,792.1615996752178,1.0,1.0,0.0,1.0,0.2504293520686963,0.2504293520686963,1.0,0.36904761904761907,0.36904761904761907,75.82079616605827,88.80695960533069,170.884725476083,184.46001458793683,213.7683519591565,0.0,40.28563547231758,0.08688524590163935,1260,9
final_refine_2m,2.0,666.0,432.0,793.8387745631981,1.0,1.0,0.0,1.0,0.24972677595628415,0.24972677595628415,1.0,0.36666666666666664,0.36666666666666664,75.52280335255045,88.55986574425405,170.3573188020082,183.89240279572184,213.11750153016052,0.0,40.217425795805966,0.08688524590163935,1260,9
final_refine_2m,2.0,668.0,432.0,795.5174416692572,1.0,1.0,0.0,1.0,0.23497267759562843,0.23497267759562843,1.0,0.35,0.35,75.22595079699386,88.31372307074999,169.83098111265858,183.32592019321555,212.46790329239386,0.0,40.148806031745934,0.08563622170179547,1260,9
final_refine_2m,2.0,670.0,432.0,797.1975915668587,1.0,1.0,0.0,1.0,0.23497267759562843,0.23497267759562843,1.0,0.35,0.35,74.93023930459536,88.06853168943194,169.32774481402143,182.76056653551703,211.81955677649606,0.0,40.080543488737,0.08672911787665886,1260,9
final_refine_2m,2.0,672.0,432.0,798.8792149004754,1.0,1.0,0.0,1.0,0.2365079365079365,0.2365079365079365,1.0,0.3515873015873016,0.3515873015873016,74.6356696865176,87.82427621775307,168.8447940133227,182.19634158303407,211.17246151808718,0.0,40.01279819149529,0.08860265417642467,1260,9
final_refine_2m,2.0,674.0,432.0,800.5623023850173,1.0,1.0,0.0,1.0,0.25183450429352067,0.25183450429352067,1.0,0.3674603174603175,0.3674603174603175,74.3422427597693,87.5809610866893,168.36274780656933,181.63324510151475,210.52661705777433,0.0,39.94559777984362,0.09047619047619047,1260,9
final_refine_2m,2.0,676.0,432.0,802.2468448052632,1.0,1.0,0.0,1.0,0.2523289097059589,0.2523289097059589,1.0,0.3634920634920635,0.3634920634920635,74.06450457665366,87.33859627296135,167.88160614053834,181.07127686207474,209.88202294118435,0.0,39.87888086167954,0.09156908665105386,1260,9
final_refine_2m,2.0,678.0,432.0,803.9328330152961,1.0,1.0,0.0,1.0,0.25170439760603697,0.25170439760603697,1.0,0.35793650793650794,0.35793650793650794,73.7973165015255,87.09718258431484,167.3405330131029,180.51043664123398,209.23867871901075,0.0,39.81263547186189,0.09344262295081968,1260,9
final_refine_2m,2.0,680.0,432.0,805.6202579379443,1.0,1.0,0.0,1.0,0.2540202966432475,0.2540202966432475,1.0,0.3595238095238095,0.3595238095238095,73.53110605329891,86.85672170085616,166.7969371405588,179.95072422094597,208.59658394702444,0.0,39.7468859840073,0.09453551912568306,1260,9
final_refine_2m,2.0,682.0,432.0,807.309110564225,1.0,1.0,0.0,1.0,0.25659640905542547,0.25659640905542547,1.0,0.3619047619047619,0.3619047619047619,73.26587404192148,86.6172101282162,166.25450893775692,179.39213938863708,207.95573818610671,0.0,39.68156923691531,0.09266198282591726,1260,9
final_refine_2m,2.0,684.0,432.0,808.9993819527923,1.0,1.0,0.0,1.0,0.25831381733021075,0.25831381733021075,1.0,0.3634920634920635,0.3634920634920635,73.00162128230491,86.3800096720885,165.7132482676448,178.83468193723985,207.31614100228646,0.0,39.616598310221036,0.09141295862607338,1260,9
final_refine_2m,2.0,686.0,432.0,810.6910632293907,1.0,1.0,0.0,1.0,0.2608899297423888,0.2608899297423888,1.0,0.36587301587301585,0.36587301587301585,72.73834859423465,86.14421534974021,165.1731549995671,178.2783516652155,206.677791966758,0.0,39.55124260126315,0.09016393442622951,1260,9
final_refine_2m,2.0,688.0,432.0,812.3841455863106,1.0,1.0,0.0,1.0,0.2600312256049961,0.2600312256049961,1.0,0.3619047619047619,0.3619047619047619,72.4760568022787,85.90937886876902,164.63422900931315,177.72314837660107,206.04069065593018,0.0,39.48538455982887,0.09016393442622951,1260,9
final_refine_2m,2.0,690.0,432.0,814.0786202818497,1.0,1.0,0.0,1.0,0.25774134790528236,0.25774134790528236,1.0,0.35555555555555557,0.35555555555555557,72.21474673569642,85.67549834803697,164.11178519813527,177.16907188104193,205.4048366514337,0.0,39.41902335840268,0.09016393442622951,1260,9
final_refine_2m,2.0,692.0,432.0,815.774478639777,1.0,1.0,0.0,1.0,0.25573770491803277,0.25573770491803277,1.0,0.35,0.35,71.95441922833295,85.44257170781438,163.5982664751552,176.61612199382142,204.7702295401702,0.0,39.3521581995583,0.08951340098881083,1260,9
final_refine_2m,2.0,694.0,432.0,817.4717120488024,1.0,1.0,0.0,1.0,0.24043715846994534,0.24043715846994534,1.0,0.3333333333333333,0.3333333333333333,71.69507511851974,85.21059886823492,163.08581543363735,176.0642985358898,204.136868914342,0.0,39.28521224148249,0.08901899557637262,1260,9
final_refine_2m,2.0,696.0,432.0,819.1703119620486,1.0,1.0,0.0,1.0,0.24043715846994534,0.24043715846994534,1.0,0.3333333333333333,0.3333333333333333,71.43671524897617,84.97957698651634,162.57443201358566,175.51360133391987,203.50475437146878,0.0,39.21885666320747,0.09094457455113193,1260,9
final_refine_2m,2.0,698.0,432.0,820.8702698965287,1.0,1.0,0.0,1.0,0.2523809523809524,0.2523809523809524,1.0,0.3468253968253968,0.3468253968253968,71.17934046669234,84.74951844587038,162.06411616093675,174.96403022032035,202.8738855144335,0.0,39.15303868464801,0.09287015352589123,1260,9
final_refine_2m,2.0,700.0,432.0,822.5715774326268,1.0,1.0,0.0,1.0,0.25487900078064013,0.25487900078064013,1.0,0.3492063492063492,0.3492063492063492,70.92295162282764,84.52042926638606,161.554867827593,174.41558503328517,202.24426195151827,0.0,39.087738806703896,0.09479573250065053,1260,9
final_refine_2m,2.0,702.0,432.0,824.2742262135824,1.0,1.0,0.0,1.0,0.25269320843091336,0.25269320843091336,1.0,0.34365079365079365,0.34365079365079365,70.66754957258837,84.29229766477879,161.04668697146076,173.86826561682497,201.61588329641197,0.0,39.022989789687024,0.09591465001301067,1260,9
final_refine_2m,2.0,704.0,432.0,825.9782079449797,1.0,1.0,0.0,1.0,0.2501951600312256,0.2501951600312256,1.0,0.3373015873015873,0.3373015873015873,70.41313517511855,84.06511996304017,160.53957355648566,173.32207182079594,200.98874916827597,0.0,38.95872332188424,0.09784022898776998,1260,9
final_refine_2m,2.0,706.0,432.0,827.68351439424,1.0,1.0,0.0,1.0,0.24863387978142076,0.24863387978142076,1.0,0.3333333333333333,0.3333333333333333,70.15970929337132,83.83889630302562,160.03352755268992,172.77700350095736,200.3628591917532,0.0,38.89493948522364,0.09734582357533177,1260,9
final_refine_2m,2.0,708.0,432.0,829.3901373901188,1.0,1.0,0.0,1.0,0.24863387978142076,0.24863387978142076,1.0,0.3333333333333333,0.3333333333333333,69.90727279399069,83.61410169180633,159.52854893621125,172.23306051897708,199.73821299700552,0.0,38.83164203829355,0.09604475670049441,1260,9
final_refine_2m,2.0,710.0,432.0,831.0980688222058,1.0,1.0,0.0,1.0,0.24951860525631017,0.24951860525631017,1.0,0.3341269841269841,0.3341269841269841,69.6558265471808,83.39168331165536,159.02463768934058,171.69024274250333,199.11481021975348,0.0,38.76832638885254,0.09474368982565703,1260,9
final_refine_2m,2.0,712.0,432.0,832.8073006404303,1.0,1.0,0.0,1.0,0.251288056206089,0.251288056206089,1.0,0.3357142857142857,0.3357142857142857,69.40537142657641,83.17021949586476,158.52179380056356,171.16922764541977,198.49265050131243,0.0,38.70449873393206,0.09344262295081968,1260,9
final_refine_2m,2.0,714.0,432.0,834.5178248545683,1.0,1.0,0.0,1.0,0.2529274004683841,0.2529274004683841,1.0,0.3357142857142857,0.3357142857142857,69.15590830910813,82.9497104750145,158.02001726458997,170.67193087912966,197.87173348860946,0.0,38.64015826510539,0.09344262295081968,1260,9
final_refine_2m,2.0,716.0,432.0,836.2296335337561,1.0,1.0,0.0,1.0,0.2528753577933906,0.2528753577933906,1.0,0.33174603174603173,0.33174603174603173,68.90743807486463,82.73015647301898,157.5193080823994,170.175583567317,197.25205883423473,0.0,38.57530420533948,0.09344262295081968,1260,9
final_refine_2m,2.0,718.0,432.0,837.9427188060052,1.0,1.0,0.0,1.0,0.23642987249544625,0.23642987249544625,1.0,0.3111111111111111,0.3111111111111111,68.65996160694806,82.51155770707756,157.01966626127802,169.6801856676215,196.63362619646966,0.0,38.510024484299215,0.09208951340098881,1260,9
final_refine_2m,2.0,720.0,432.0,839.6570728577233,1.0,1.0,0.0,1.0,0.23806921675774134,0.23806921675774134,1.0,0.3111111111111111,0.3111111111111111,68.41347979133165,82.29391438762673,156.53617201606906,169.18573714263047,196.01643523932833,0.0,38.44514501717248,0.09323445225084569,1260,9
final_refine_2m,2.0,722.0,432.0,841.3726879332369,1.0,1.0,0.0,1.0,0.24218058808222742,0.24218058808222742,1.0,0.31507936507936507,0.31507936507936507,68.16799351670822,82.07722671829261,156.06026384200356,168.6922379599249,195.40048563257312,0.0,38.38084115533403,0.09521207390059849,1260,9
final_refine_2m,2.0,724.0,432.0,843.0895563343197,1.0,1.0,0.0,1.0,0.2586781160551652,0.2586781160551652,1.0,0.3325396825396825,0.3325396825396825,67.92350367434078,81.86149489584535,155.58533145444844,168.19968809209865,194.78577705177477,0.0,38.317140534745626,0.09718969555035128,1260,9
final_refine_2m,2.0,726.0,432.0,844.8076704197234,1.0,1.0,0.0,1.0,0.25956284153005466,0.25956284153005466,1.0,0.3333333333333333,0.3333333333333333,67.6800111578979,81.64671911015388,155.11137491117054,167.70808751679033,194.17230917833044,0.0,38.25397662390768,0.09916731720010409,1260,9
final_refine_2m,2.0,728.0,432.0,846.5270226047128,1.0,1.0,0.0,1.0,0.25774134790528236,0.25774134790528236,1.0,0.32936507936507936,0.32936507936507936,67.43751686330093,81.43289954414267,154.6383942757515,167.21743621671692,193.56008169951224,0.0,38.1913355784659,0.10031225604996097,1260,9
final_refine_2m,2.0,730.0,432.0,848.2476053606046,1.0,1.0,0.0,1.0,0.25519125683060107,0.25519125683060107,1.0,0.3238095238095238,0.3238095238095238,67.19602168855461,81.22003637374841,154.16638961761444,166.7277341796981,192.94909430849444,0.0,38.12924233980309,0.10145719489981785,1260,9
final_refine_2m,2.0,630.0,434.0,765.020261169598,1.0,1.0,0.0,1.0,0.2459016393442623,0.2459016393442623,1.0,0.4,0.4,80.68715863946446,92.92877889477622,179.3345933045707,193.46708705681672,224.0172485425511,0.0,41.34013123549959,0.08761384335154827,1260,9
final_refine_2m,2.0,632.0,434.0,766.6681159406592,1.0,1.0,0.0,1.0,0.2459016393442623,0.2459016393442623,1.0,0.4,0.4,80.39643004232092,92.66364331460649,178.79205078687127,192.9180519235948,223.349209056912,0.0,41.27173480249328,0.08646890450169138,1260,9
final_refine_2m,2.0,634.0,434.0,768.3176426452799,1.0,1.0,0.0,1.0,0.24756700494405412,0.24756700494405412,1.0,0.4015873015873016,0.4015873015873016,80.10666715476498,92.4006447294552,178.25057401112988,192.33574253121364,222.68242172174504,0.0,41.203650838696326,0.0853239656518345,1260,9
final_refine_2m,2.0,636.0,434.0,769.9688305379641,1.0,1.0,0.0,1.0,0.24795732500650533,0.24795732500650533,1.0,0.3976190476190476,0.3976190476190476,79.81787064471794,92.13903005893289,177.7101627636552,191.75455985869766,222.01688600043744,0.0,41.1352021670784,0.08417902680197763,1260,9
final_refine_2m,2.0,638.0,434.0,771.621668954417,1.0,1.0,0.0,1.0,0.2474368982565704,0.2474368982565704,1.0,0.3896825396825397,0.3896825396825397,79.53004118636943,91.87835940206973,177.17081683565505,191.17450359028192,221.35260136086973,0.0,41.066275539685634,0.08360655737704918,1260,9
final_refine_2m,2.0,640.0,434.0,773.2761473109073,1.0,1.0,0.0,1.0,0.24957064793130368,0.24957064793130368,1.0,0.3904761904761905,0.3904761904761905,79.24317946014416,91.61863287327475,176.63253602327234,190.59557341498137,220.68956727542246,0.0,40.99687008251747,0.08360655737704918,1260,9
final_refine_2m,2.0,642.0,434.0,774.9322551036316,1.0,1.0,0.0,1.0,0.25206869633099144,0.25206869633099144,1.0,0.39285714285714285,0.39285714285714285,78.9572861526575,91.3598505821462,176.09532012761773,190.01776902662735,220.0277832210158,0.0,40.92698494863868,0.08360655737704918,1260,9
final_refine_2m,2.0,644.0,434.0,776.5899819080852,1.0,1.0,0.0,1.0,0.2395264116575592,0.2395264116575592,1.0,0.37777777777777777,0.37777777777777777,78.67236195668096,91.1020126334281,175.5591689547826,189.44109012390533,219.36724867911673,0.0,40.8570249905842,0.08332032266458496,1260,9
final_refine_2m,2.0,646.0,434.0,778.249317378435,1.0,1.0,0.0,1.0,0.24202446005724695,0.24202446005724695,1.0,0.38015873015873014,0.38015873015873014,78.3809713145181,90.84511912696637,175.0240823158864,188.8655364103539,218.70796313578867,0.0,40.78759557273906,0.08514181628935727,1260,9
final_refine_2m,2.0,648.0,434.0,779.9102512468983,1.0,1.0,0.0,1.0,0.25407233931824097,0.25407233931824097,1.0,0.39365079365079364,0.39365079365079364,78.07454819779669,90.58917015766767,174.49006002709737,188.29110759443088,218.04992608169903,0.0,40.71864057837696,0.08696330991412958,1260,9
final_refine_2m,2.0,650.0,434.0,781.5727733231244,1.0,1.0,0.0,1.0,0.2565183450429352,0.2565183450429352,1.0,0.3904761904761905,0.3904761904761905,77.76925169667716,90.3341658154576,173.95710190967304,187.7178033895131,217.3931370121453,0.0,40.65014327808896,0.08803018475149622,1260,9
final_refine_2m,2.0,652.0,434.0,783.2368734935811,1.0,1.0,0.0,1.0,0.2546448087431694,0.2546448087431694,1.0,0.38333333333333336,0.38333333333333336,77.46508254831777,90.08010618524139,173.4252077899724,187.14562351394264,216.7375954270909,0.0,40.582136957437996,0.08985167837626853,1260,9
final_refine_2m,2.0,654.0,434.0,784.9025417209451,1.0,1.0,0.0,1.0,0.2546448087431694,0.2546448087431694,1.0,0.38333333333333336,0.38333333333333336,77.1620414964279,89.82699134686412,172.89437749950514,186.57456769104368,216.08330083117525,0.0,40.51455769537584,0.09091855321363518,1260,9
final_refine_2m,2.0,656.0,434.0,786.5697680434965,1.0,1.0,0.0,1.0,0.2546448087431694,0.2546448087431694,1.0,0.38333333333333336,0.38333333333333336,76.86012929118091,89.57482137507316,172.36461087495283,186.00463564916393,215.43025273376492,0.0,40.4474107778445,0.09047619047619047,1260,9
final_refine_2m,2.0,658.0,434.0,788.2385425745179,1.0,1.0,0.0,1.0,0.2546448087431694,0.2546448087431694,1.0,0.38333333333333336,0.38333333333333336,76.55934668913581,89.32399429034533,171.8359077582079,185.43582712169675,214.77845064894714,0.0,40.380693824915596,0.0892792089513401,1260,9
final_refine_2m,2.0,660.0,434.0,789.9088555016965,1.0,1.0,0.0,1.0,0.2546448087431694,0.2546448087431694,1.0,0.38333333333333336,0.38333333333333336,76.25969445314855,89.07543139304663,171.3082679963944,184.86814184711895,214.1278940955927,0.0,40.313959267606236,0.08808222742648972,1260,9
final_refine_2m,2.0,662.0,434.0,791.580697086532,1.0,1.0,0.0,1.0,0.25323965651834507,0.25323965651834507,1.0,0.37857142857142856,0.37857142857142856,75.96117335228104,88.82780948248191,170.78169144190724,184.30157956901286,213.47858259734474,0.0,40.2467364717843,0.08688524590163935,1260,9
final_refine_2m,2.0,664.0,434.0,793.2540576637475,1.0,1.0,0.0,1.0,0.2511319281811085,0.2511319281811085,1.0,0.37142857142857144,0.37142857142857144,75.66378416171544,88.58112811150097,170.25617795244403,183.73614003610018,212.83051568268482,0.0,40.179024575497614,0.08688524590163935,1260,9
final_refine_2m,2.0,666.0,434.0,794.9289276407043,1.0,1.0,0.0,1.0,0.24972677595628415,0.24972677595628415,1.0,0.36666666666666664,0.36666666666666664,75.36752766264996,88.3353912363275,169.74419582901942,183.17182300227464,212.1836928849266,0.0,40.1108227451195,0.08688524590163935,1260,9
final_refine_2m,2.0,668.0,434.0,796.6052974968218,1.0,1.0,0.0,1.0,0.23497267759562843,0.23497267759562843,1.0,0.35,0.35,75.07240464220105,88.09059939225287,169.2618487786672,182.60862822663339,211.53811374226206,0.0,40.04222028023285,0.08563622170179547,1260,9
final_refine_2m,2.0,670.0,434.0,798.2831577830012,1.0,1.0,0.0,1.0,0.23497267759562843,0.23497267759562843,1.0,0.35,0.35,74.77841589330485,87.84675353104954,168.78040194377994,182.04655547350185,210.89377779779136,0.0,39.97398345037062,0.08750975800156129,1260,9
final_refine_2m,2.0,672.0,434.0,799.9624991210526,1.0,1.0,0.0,1.0,0.23583138173302107,0.23583138173302107,1.0,0.35079365079365077,0.35079365079365077,74.48556221460376,87.60384700899071,168.29985526764776,181.4856045124778,210.25068459953576,0.0,39.9062561993066,0.08938329430132709,1260,9
final_refine_2m,2.0,674.0,434.0,801.6433122031269,1.0,1.0,0.0,1.0,0.25235493104345563,0.25235493104345563,1.0,0.36904761904761907,0.36904761904761907,74.20606708961338,87.36186810048916,167.77545042068053,180.92577511845246,209.6088337004764,0.0,39.839065791990436,0.09047619047619047,1260,9
final_refine_2m,2.0,676.0,434.0,803.3255877911521,1.0,1.0,0.0,1.0,0.25199063231850116,0.25199063231850116,1.0,0.36428571428571427,0.36428571428571427,73.9393020218727,87.12083381233552,167.23277037585277,180.367067071648,208.9682246585909,0.0,39.77235422800733,0.09234972677595628,1260,9
final_refine_2m,2.0,678.0,434.0,805.0093167162726,1.0,1.0,0.0,1.0,0.2522248243559719,0.2522248243559719,1.0,0.3595238095238095,0.3595238095238095,73.67350868495376,86.88074292589384,166.69125104649018,179.80948015764238,208.32885703686108,0.0,39.70610976202412,0.0942232630757221,1260,9
final_refine_2m,2.0,680.0,434.0,806.6944898782934,1.0,1.0,0.0,1.0,0.2540202966432475,0.2540202966432475,1.0,0.3595238095238095,0.3595238095238095,73.40868787217198,86.64159911019257,166.15089229171252,179.25301416741277,207.6907304033211,0.0,39.640353550136,0.09453551912568306,1260,9
final_refine_2m,2.0,682.0,434.0,808.3810982451284,1.0,1.0,0.0,1.0,0.25573770491803277,0.25573770491803277,1.0,0.3611111111111111,0.3611111111111111,73.14484038169721,86.40340113577629,165.61169397690378,178.69766889736712,207.05384433107682,0.0,39.57502349486308,0.0932864949258392,1260,9
final_refine_2m,2.0,684.0,434.0,810.0691328522523,1.0,1.0,0.0,1.0,0.25831381733021075,0.25831381733021075,1.0,0.3634920634920635,0.3634920634920635,72.88196701646883,86.16747130140125,165.07365597375843,178.1434441493639,206.41819839833386,0.0,39.51004762986166,0.09203747072599532,1260,9
final_refine_2m,2.0,686.0,434.0,811.7585848021565,1.0,1.0,0.0,1.0,0.2608899297423888,0.2608899297423888,1.0,0.36587301587301585,0.36587301587301585,72.62006858410355,85.9329755456369,164.54565656543434,177.59033973076754,205.78379218844222,0.0,39.44469604787576,0.09078844652615145,1260,9
final_refine_2m,2.0,688.0,434.0,813.4494452638098,1.0,1.0,0.0,1.0,0.26060369502992453,0.26060369502992453,1.0,0.3634920634920635,0.3634920634920635,72.35914589680165,85.69942816425474,164.03289073085506,177.03835545445895,205.1506252899077,0.0,39.378845429430505,0.09016393442622951,1260,9
final_refine_2m,2.0,690.0,434.0,815.1417054721222,1.0,1.0,0.0,1.0,0.25831381733021075,0.25831381733021075,1.0,0.35714285714285715,0.35714285714285715,72.0991997712527,85.46683414659734,163.5211866087265,176.48749113888516,204.51869729643295,0.0,39.31249495707702,0.09016393442622951,1260,9
final_refine_2m,2.0,692.0,434.0,816.835356727413,1.0,1.0,0.0,1.0,0.256023939630497,0.256023939630497,1.0,0.35079365079365077,0.35079365079365077,71.84023102853622,85.2351882857634,163.01054413444996,175.93774660809012,203.88800780694734,0.0,39.24564384307151,0.08951340098881083,1260,9
final_refine_2m,2.0,694.0,434.0,818.5303903948833,1.0,1.0,0.0,1.0,0.24043715846994534,0.24043715846994534,1.0,0.3333333333333333,0.3333333333333333,71.58224049401753,85.00449093514433,162.50096324922808,175.38912169174458,203.2585564256311,0.0,39.1787263556349,0.0898256570387718,1260,9
final_refine_2m,2.0,696.0,434.0,820.2267979040919,1.0,1.0,0.0,1.0,0.24043715846994534,0.24043715846994534,1.0,0.3333333333333333,0.3333333333333333,71.32522899724475,84.7747403568445,161.99244390011293,174.84161622518343,202.63034276195606,0.0,39.112398695699326,0.09175123601353109,1260,9
final_refine_2m,2.0,698.0,434.0,821.9245707484355,1.0,1.0,0.0,1.0,0.250975800156128,0.250975800156128,1.0,0.34523809523809523,0.34523809523809523,71.06919737184054,84.5459394525229,161.4849860400389,174.29523004944852,202.00336643071364,0.0,39.04660085984043,0.0936768149882904,1260,9
final_refine_2m,2.0,700.0,434.0,823.6237004846328,1.0,1.0,0.0,1.0,0.25519125683060107,0.25519125683060107,1.0,0.35,0.35,70.81414645538895,84.31810275354074,160.97858962785259,173.74996301130506,201.37762705204187,0.0,38.981313585005104,0.09479573250065053,1260,9
final_refine_2m,2.0,702.0,434.0,825.3241787322119,1.0,1.0,0.0,1.0,0.2530054644808743,0.2530054644808743,1.0,0.34444444444444444,0.34444444444444444,70.56007708932225,84.09122416991448,160.47325462835292,173.20581496329606,200.7531242514631,0.0,38.916571623102236,0.09672131147540984,1260,9
final_refine_2m,2.0,704.0,434.0,827.025997173003,1.0,1.0,0.0,1.0,0.25081967213114753,0.25081967213114753,1.0,0.3388888888888889,0.3388888888888889,70.30699011880121,83.8652938501491,159.96898101233037,172.66278576376695,200.1298576599121,0.0,38.8523050880633,0.09784022898776998,1260,9
final_refine_2m,2.0,706.0,434.0,828.7291475506337,1.0,1.0,0.0,1.0,0.24863387978142076,0.24863387978142076,1.0,0.3333333333333333,0.3333333333333333,70.05488639259578,83.64031193420735,159.46576875659602,172.12087527690983,199.5078269137797,0.0,38.78851945396287,0.09734582357533177,1260,9
final_refine_2m,2.0,708.0,434.0,830.4336216700285,1.0,1.0,0.0,1.0,0.24863387978142076,0.24863387978142076,1.0,0.3333333333333333,0.3333333333333333,69.80376676296245,83.41671972386338,158.96361784403192,171.5903737894196,198.88703165492146,0.0,38.725210005352174,0.09604475670049441,1260,9
final_refine_2m,2.0,710.0,434.0,832.1394113969125,1.0,1.0,0.0,1.0,0.24863387978142076,0.24863387978142076,1.0,0.3333333333333333,0.3333333333333333,69.55363208551053,83.1955292909274,158.46252826361604,171.09374663595878,198.26747153071554,0.0,38.66190122455096,0.09474368982565703,1260,9
final_refine_2m,2.0,712.0,434.0,833.8465086573187,1.0,1.0,0.0,1.0,0.251288056206089,0.251288056206089,1.0,0.3357142857142857,0.3357142857142857,69.30448321907548,82.97528777563451,157.96250001046107,170.5980641392199,197.6491461940922,0.0,38.59808385362464,0.09344262295081968,1260,9
final_refine_2m,2.0,714.0,434.0,835.5549054370994,1.0,1.0,0.0,1.0,0.2532656778558418,0.2532656778558418,1.0,0.33650793650793653,0.33650793650793653,69.05632102558272,82.7559954056287,157.46353308586063,170.10332625292432,197.0320553035452,0.0,38.533757094334675,0.09344262295081968,1260,9
final_refine_2m,2.0,716.0,434.0,837.2645937814401,1.0,1.0,0.0,1.0,0.2526671870934166,0.2526671870934166,1.0,0.3325396825396825,0.3325396825396825,68.80914636990805,82.5376524019565,156.97317064349306,169.60953293565618,196.4161985231958,0.0,38.468920179436694,0.09344262295081968,1260,9
final_refine_2m,2.0,718.0,434.0,838.9755657943799,1.0,1.0,0.0,1.0,0.23710642727036169,0.23710642727036169,1.0,0.3126984126984127,0.3126984126984127,68.56296011973761,82.32025897901835,156.49782421641302,169.11668415088405,195.8015755228085,0.0,38.40366778973616,0.09208951340098881,1260,9
final_refine_2m,2.0,720.0,434.0,840.6878136383327,1.0,1.0,0.0,1.0,0.23806921675774134,0.23806921675774134,1.0,0.3111111111111111,0.3111111111111111,68.31776314542022,82.10381534452057,156.0234484154548,168.62477986700142,195.18818597783022,0.0,38.33882470729552,0.0940671350507416,1260,9
final_refine_2m,2.0,722.0,434.0,842.4013295336136,1.0,1.0,0.0,1.0,0.2414519906323185,0.2414519906323185,1.0,0.3142857142857143,0.3142857142857143,68.07355631981764,81.88832169942867,155.55004329215663,168.13382005734093,194.57602956942438,0.0,38.27454871908548,0.09604475670049441,1260,9
final_refine_2m,2.0,724.0,434.0,844.1161057579698,1.0,1.0,0.0,1.0,0.2586781160551652,0.2586781160551652,1.0,0.3325396825396825,0.3325396825396825,67.83034051815515,81.67377823792197,155.0776089037494,167.64380470022118,193.96510598451408,0.0,38.21086781591492,0.09718969555035128,1260,9
final_refine_2m,2.0,726.0,434.0,845.8321346461129,1.0,1.0,0.0,1.0,0.25956284153005466,0.25956284153005466,1.0,0.3333333333333333,0.3333333333333333,67.58811661785806,81.46018514734851,154.6061453131868,167.1547337789682,193.35541491579826,0.0,38.14771838524881,0.09916731720010409,1260,9
final_refine_2m,2.0,728.0,434.0,847.5494085892574,1.0,1.0,0.0,1.0,0.2581056466302368,0.2581056466302368,1.0,0.33015873015873015,0.33015873015873015,67.34688549839821,81.24754260818204,154.13565258918518,166.66660728194512,192.74695606180765,0.0,38.08508707439908,0.10114493884985688,1260,9
final_refine_2m,2.0,730.0,434.0,849.2679200346614,1.0,1.0,0.0,1.0,0.25555555555555554,0.25555555555555554,1.0,0.3246031746031746,0.3246031746031746,67.10664804112223,81.03585079397934,153.66613080625555,166.17942520257805,192.1397291269283,0.0,38.02299538395855,0.10145719489981785,1260,9
final_refine_2m,2.0,630.0,436.0,766.156641947324,1.0,1.0,0.0,1.0,0.2459016393442623,0.2459016393442623,1.0,0.4,0.4,80.52728741384269,92.68218196959184,178.66252644399924,192.72953941996371,223.0216933586603,0.0,41.234009408061176,0.08761384335154827,1260,9
final_refine_2m,2.0,632.0,436.0,767.8020578248016,1.0,1.0,0.0,1.0,0.2459016393442623,0.2459016393442623,1.0,0.4,0.4,80.23807890154524,92.41848752326207,178.1230139487683,192.14947944898003,222.35777945693437,0.0,41.16559377837002,0.08646890450169138,1260,9
final_refine_2m,2.0,634.0,436.0,769.4491536157539,1.0,1.0,0.0,1.0,0.24673432214415822,0.24673432214415822,1.0,0.4007936507936508,0.4007936507936508,79.94983116029302,92.15689427622941,177.5845609482366,191.57053951536375,221.69510907500853,0.0,41.09749829366966,0.0853239656518345,1260,9
final_refine_2m,2.0,636.0,436.0,771.097918555095,1.0,1.0,0.0,1.0,0.24850377309393704,0.24850377309393704,1.0,0.4,0.4,79.66254485051586,91.89670723138016,177.04716723684882,190.992719308241,221.03368168904112,0.0,41.029046427482456,0.08417902680197763,1260,9
final_refine_2m,2.0,638.0,436.0,772.7483419587518,1.0,1.0,0.0,1.0,0.24798334634400207,0.24798334634400207,1.0,0.39206349206349206,0.39206349206349206,79.37622063874738,91.6374586830322,176.51083261392938,190.41601852146644,220.37349677965958,0.0,40.96011962338536,0.08360655737704918,1260,9
final_refine_2m,2.0,640.0,436.0,774.4004132230302,1.0,1.0,0.0,1.0,0.24957064793130368,0.24957064793130368,1.0,0.3904761904761905,0.3904761904761905,79.09085919757727,91.37914874418885,175.97555688368723,189.84043685364546,219.7145538319488,0.0,40.890717017422624,0.08360655737704918,1260,9
final_refine_2m,2.0,642.0,436.0,776.0541218239872,1.0,1.0,0.0,1.0,0.2512360135310955,0.2512360135310955,1.0,0.39206349206349206,0.39206349206349206,78.80646120562305,91.12177752309529,175.44133985525585,189.2659740081598,219.05685233550938,0.0,40.8208377723573,0.08360655737704918,1260,9
final_refine_2m,2.0,644.0,436.0,777.7094573168055,1.0,1.0,0.0,1.0,0.2395264116575592,0.2395264116575592,1.0,0.37777777777777777,0.37777777777777777,78.51626766508758,90.86534512319416,174.90818134272803,188.69262969319985,218.4003917844498,0.0,40.75090142429605,0.08467343221441583,1260,9
final_refine_2m,2.0,646.0,436.0,779.3664093351728,1.0,1.0,0.0,1.0,0.24202446005724695,0.24202446005724695,1.0,0.38015873015873014,0.38015873015873014,78.21050192535105,90.6098516430836,174.3760811651704,188.12040362179883,217.74517167743815,0.0,40.6814861376358,0.08649492583918814,1260,9
final_refine_2m,2.0,648.0,436.0,781.0249675906655,1.0,1.0,0.0,1.0,0.25297944314337756,0.25297944314337756,1.0,0.39285714285714285,0.39285714285714285,77.90585546512564,90.35529717647512,173.84503914667343,187.54929551184125,217.09119151771003,0.0,40.61254263257575,0.08756180067655478,1260,9
final_refine_2m,2.0,650.0,436.0,782.6851218721357,1.0,1.0,0.0,1.0,0.2571428571428571,0.2571428571428571,1.0,0.39285714285714285,0.39285714285714285,77.60232900506641,90.10168181215276,173.31505511635956,186.97930508611495,216.43845081311082,0.0,40.5440498893679,0.0887848035389019,1260,9
final_refine_2m,2.0,652.0,436.0,784.3468620451031,1.0,1.0,0.0,1.0,0.2548529794431434,0.2548529794431434,1.0,0.38412698412698415,0.38412698412698415,77.29992327221993,89.84900563393381,172.78612890843146,186.4104320723234,215.78694907609557,0.0,40.47604301236986,0.08985167837626853,1260,9
final_refine_2m,2.0,654.0,436.0,786.0101780511496,1.0,1.0,0.0,1.0,0.2546448087431694,0.2546448087431694,1.0,0.38333333333333336,0.38333333333333336,76.99863899995441,89.59726872062966,172.25826036219388,185.8426762031247,215.13668582378352,0.0,40.40845661921206,0.09167317200104086,1260,9
final_refine_2m,2.0,656.0,436.0,787.6750599073199,1.0,1.0,0.0,1.0,0.2546448087431694,0.2546448087431694,1.0,0.38333333333333336,0.38333333333333336,76.69847692787071,89.34647114600784,171.73144932208643,185.27603721616148,214.48766057796527,0.0,40.34130095543963,0.09047619047619047,1260,9
final_refine_2m,2.0,658.0,436.0,789.3414977055241,1.0,1.0,0.0,1.0,0.2546448087431694,0.2546448087431694,1.0,0.38333333333333336,0.38333333333333336,76.39943780172275,89.0969803637381,171.20569563770962,184.71051485407466,213.83987286512956,0.0,40.27456581703217,0.0892792089513401,1260,9
final_refine_2m,2.0,660.0,436.0,791.0094816119463,1.0,1.0,0.0,1.0,0.2546448087431694,0.2546448087431694,1.0,0.38333333333333336,0.38333333333333336,76.1015223733289,88.84977813799674,170.6809991638676,184.1461088645589,213.19332221650018,0.0,40.20783046900853,0.08808222742648972,1260,9
final_refine_2m,2.0,662.0,436.0,792.6790018664555,1.0,1.0,0.0,1.0,0.2537080405932865,0.2537080405932865,1.0,0.38015873015873014,0.38015873015873014,75.8047314004786,88.60351127258357,170.1603691190498,183.5828190003715,212.54800816806198,0.0,40.1406100197532,0.08688524590163935,1260,9
final_refine_2m,2.0,664.0,436.0,794.3500487820215,1.0,1.0,0.0,1.0,0.25160031225604995,0.25160031225604995,1.0,0.373015873015873,0.373015873015873,75.50906564684271,88.35817987790067,169.67862079601937,183.02064501937122,211.90393026056898,0.0,40.07290361750744,0.08688524590163935,1260,9
final_refine_2m,2.0,666.0,436.0,796.0226127441356,1.0,1.0,0.0,1.0,0.24972677595628415,0.24972677595628415,1.0,0.36666666666666664,0.36666666666666664,75.21452588186968,88.11378507733622,169.1977683533186,182.45958668455108,211.26108803960076,0.0,40.00471043847672,0.08688524590163935,1260,9
final_refine_2m,2.0,668.0,436.0,797.6966842102329,1.0,1.0,0.0,1.0,0.23497267759562843,0.23497267759562843,1.0,0.35,0.35,74.92111288069246,87.87033045328413,168.7178117308707,181.89964376406323,210.61948105556257,0.0,39.936125990461356,0.08704137392661983,1260,9
final_refine_2m,2.0,670.0,436.0,799.3722537091214,1.0,1.0,0.0,1.0,0.23497267759562843,0.23497267759562843,1.0,0.35,0.35,74.62882742401561,87.62781548971762,168.20988991759592,181.3408160312554,209.97910886372904,0.0,39.86791551438741,0.08891491022638563,1260,9
final_refine_2m,2.0,672.0,436.0,801.0493118404135,1.0,1.0,0.0,1.0,0.23583138173302107,0.23583138173302107,1.0,0.35079365079365077,0.35079365079365077,74.34759800307444,87.38623969134547,167.66811761051156,180.78310326470165,209.33997102427148,0.0,39.80020711209848,0.09000780640124903,1260,9
final_refine_2m,2.0,674.0,436.0,802.7278492739616,1.0,1.0,0.0,1.0,0.25175644028103045,0.25175644028103045,1.0,0.36904761904761907,0.36904761904761907,74.08125251452844,87.14558842078085,167.1274991461711,180.22650524822436,208.70206710228072,0.0,39.73302741170164,0.0912568306010929,1260,9
final_refine_2m,2.0,676.0,436.0,804.4078567492985,1.0,1.0,0.0,1.0,0.25251105906843613,0.25251105906843613,1.0,0.36587301587301585,0.36587301587301585,73.81587292914979,86.90586674411625,166.58803438002212,179.6710217709449,208.0653966677955,0.0,39.66632203632452,0.0931303669008587,1260,9
final_refine_2m,2.0,678.0,436.0,806.0893250750812,1.0,1.0,0.0,1.0,0.25274525110590684,0.25274525110590684,1.0,0.3611111111111111,0.3611111111111111,73.5514600239864,86.66708772400796,166.0497231736326,179.11665262730017,207.42995929582747,0.0,39.600079369707565,0.0942232630757221,1260,9
final_refine_2m,2.0,680.0,436.0,807.7722451285387,1.0,1.0,0.0,1.0,0.2531615925058548,0.2531615925058548,1.0,0.35873015873015873,0.35873015873015873,73.28801458083146,86.42924614412593,165.5125653947596,178.56339761707193,206.79575456640913,0.0,39.5343173787871,0.09453551912568306,1260,9
final_refine_2m,2.0,682.0,436.0,809.4566078549238,1.0,1.0,0.0,1.0,0.25573770491803277,0.25573770491803277,1.0,0.3611111111111111,0.3611111111111111,73.0255373861469,86.19234718896286,164.97907761654517,178.0112565454436,206.16278206459927,0.0,39.46897501897296,0.0932864949258392,1260,9
final_refine_2m,2.0,684.0,436.0,811.1424042669696,1.0,1.0,0.0,1.0,0.25831381733021075,0.25831381733021075,1.0,0.3634920634920635,0.3634920634920635,72.76402923096643,85.95767696593775,164.4670582784916,177.46022922299713,205.53104138052726,0.0,39.40399514382959,0.09203747072599532,1260,9
final_refine_2m,2.0,686.0,436.0,812.8296254443486,1.0,1.0,0.0,1.0,0.2608899297423888,0.2608899297423888,1.0,0.36587301587301585,0.36587301587301585,72.50349091081014,85.72446332440035,163.95609475082466,176.91031546578122,204.90053210940852,0.0,39.33864853588073,0.09078844652615145,1260,9
final_refine_2m,2.0,688.0,436.0,814.5182625331369,1.0,1.0,0.0,1.0,0.261176164454853,0.261176164454853,1.0,0.36507936507936506,0.36507936507936506,72.24392322558798,85.49219490358753,163.4461869644901,176.36151509532178,204.27125385159783,0.0,39.27280615789141,0.09016393442622951,1260,9
final_refine_2m,2.0,690.0,436.0,816.2083067452818,1.0,1.0,0.0,1.0,0.2588862867551392,0.2588862867551392,1.0,0.35873015873015873,0.35873015873015873,71.98532697950195,85.26087045797414,162.93733485611918,175.8138279386624,203.64320621259694,0.0,39.20646720237129,0.09016393442622951,1260,9
final_refine_2m,2.0,692.0,436.0,817.8997493580738,1.0,1.0,0.0,1.0,0.2563101743429612,0.2563101743429612,1.0,0.3515873015873016,0.3515873015873016,71.72770298094981,85.03049380647809,162.42953836807382,175.2672538283934,203.01638880308892,0.0,39.13963089115786,0.09016393442622951,1260,9
final_refine_2m,2.0,694.0,436.0,819.5925817136219,1.0,1.0,0.0,1.0,0.24043715846994534,0.24043715846994534,1.0,0.3333333333333333,0.3333333333333333,71.47105204241753,84.80105669368265,161.92279744847767,174.7217926027006,202.39080123898583,0.0,39.07274638814116,0.09128285193858965,1260,9
final_refine_2m,2.0,696.0,436.0,821.2867952183329,1.0,1.0,0.0,1.0,0.24043715846994534,0.24043715846994534,1.0,0.3333333333333333,0.3333333333333333,71.2153749803779,84.57256407581785,161.4171120512421,174.17744410538515,201.7664431414341,0.0,39.00644338700575,0.09320843091334895,1260,9
final_refine_2m,2.0,698.0,436.0,822.9823813423955,1.0,1.0,0.0,1.0,0.24957064793130368,0.24957064793130368,1.0,0.34365079365079365,0.34365079365079365,70.96067261517963,84.34501133940326,160.91248213611456,173.6342081858961,201.14331413686452,0.0,38.94066639904247,0.0936768149882904,1260,9
final_refine_2m,2.0,700.0,436.0,824.6793316192665,1.0,1.0,0.0,1.0,0.25519125683060107,0.25519125683060107,1.0,0.35,0.35,70.70694577093421,84.11841269744914,160.4089076687093,173.0920846993793,200.52141385702245,0.0,38.87539250342016,0.0956023939630497,1260,9
final_refine_2m,2.0,702.0,436.0,826.3776376451628,1.0,1.0,0.0,1.0,0.2536299765807963,0.2536299765807963,1.0,0.346031746031746,0.346031746031746,70.45419527540294,83.89277171439763,159.90638862054303,172.55107350669974,199.90074193898286,0.0,38.81065842423588,0.097527972937809,1260,9
final_refine_2m,2.0,704.0,436.0,828.0772910785563,1.0,1.0,0.0,1.0,0.2511319281811085,0.2511319281811085,1.0,0.3396825396825397,0.3396825396825397,70.20242195987656,83.66807558748843,159.40492496906447,172.01119508738722,199.28129802520448,0.0,38.74639271441227,0.09864689045016914,1260,9
final_refine_2m,2.0,706.0,436.0,829.778283639672,1.0,1.0,0.0,1.0,0.24863387978142076,0.24863387978142076,1.0,0.3333333333333333,0.3333333333333333,69.95162665905501,83.44432228690266,158.90451669770363,171.51523193212117,198.66308176355184,0.0,38.682606190561245,0.09734582357533177,1260,9
final_refine_2m,2.0,708.0,436.0,831.4806071099915,1.0,1.0,0.0,1.0,0.24863387978142076,0.24863387978142076,1.0,0.3333333333333333,0.3333333333333333,69.70181021092323,83.22191949718719,158.40516379589823,171.0202086851201,198.04609280731486,0.0,38.61928573854325,0.09604475670049441,1260,9
final_refine_2m,2.0,710.0,436.0,833.1842533317586,1.0,1.0,0.0,1.0,0.24863387978142076,0.24863387978142076,1.0,0.3333333333333333,0.3333333333333333,69.4529734566213,83.00194400450104,157.90686625913347,170.52612529630773,197.43033081527102,0.0,38.55598465552154,0.09474368982565703,1260,9
final_refine_2m,2.0,712.0,436.0,834.8892142074899,1.0,1.0,0.0,1.0,0.2504033307311996,0.2504033307311996,1.0,0.3349206349206349,0.3349206349206349,69.20511724031077,82.7829118431691,157.4097114617788,170.03298172038075,196.81579545169356,0.0,38.492178366846744,0.09344262295081968,1260,9
final_refine_2m,2.0,714.0,436.0,836.595481699489,1.0,1.0,0.0,1.0,0.25305750715586783,0.25305750715586783,1.0,0.3373015873015873,0.3373015873015873,68.95824240904447,82.56482323790297,156.93492230763036,169.54077791682818,196.20248638638813,0.0,38.42786608435551,0.09344262295081968,1260,9
final_refine_2m,2.0,716.0,436.0,838.3030478293634,1.0,1.0,0.0,1.0,0.2530054644808743,0.2530054644808743,1.0,0.3333333333333333,0.3333333333333333,68.71234981262273,82.3476784068843,156.46109867554546,169.04951384996602,195.5904032947433,0.0,38.363047050486266,0.09344262295081968,1260,9
final_refine_2m,2.0,718.0,436.0,840.0119046775468,1.0,1.0,0.0,1.0,0.23744470465781942,0.23744470465781942,1.0,0.3134920634920635,0.3134920634920635,68.46744030345667,82.13147756171611,155.98824061102127,168.5591894889583,194.97954585774283,0.0,38.29782263340361,0.09359875097580016,1260,9
final_refine_2m,2.0,720.0,436.0,841.7220443828236,1.0,1.0,0.0,1.0,0.23806921675774134,0.23806921675774134,1.0,0.3111111111111111,0.3111111111111111,68.22351473641552,81.91622090737565,155.51634816512316,168.06980480786092,194.36991376201516,0.0,38.233016493518676,0.09557637262555295,1260,9
final_refine_2m,2.0,722.0,436.0,843.4334591418578,1.0,1.0,0.0,1.0,0.24072339318240957,0.24072339318240957,1.0,0.3134920634920635,0.3134920634920635,67.98057396868302,81.70190864216768,155.04542139452946,167.5813597856282,193.76150669985535,0.0,38.16876935767935,0.09604475670049441,1260,9
final_refine_2m,2.0,724.0,436.0,845.1461412087261,1.0,1.0,0.0,1.0,0.2586781160551652,0.2586781160551652,1.0,0.3325396825396825,0.3325396825396825,67.73861885960194,81.48854095767925,154.5754603615625,167.0938544061629,193.15432436926935,0.0,38.10510854931274,0.0980223783502472,1260,9
final_refine_2m,2.0,726.0,436.0,846.8600828944531,1.0,1.0,0.0,1.0,0.25956284153005466,0.25956284153005466,1.0,0.3333333333333333,0.3333333333333333,67.49765027051642,81.27611803873558,154.10646513421534,166.60728865833823,192.54836647401336,0.0,38.041974364206645,0.1,1260,9
final_refine_2m,2.0,728.0,436.0,848.5752765665519,1.0,1.0,0.0,1.0,0.25846994535519124,0.25846994535519124,1.0,0.33095238095238094,0.33095238095238094,67.25766906460959,81.06464006335644,153.63843578620256,166.121662536025,191.94363272361142,0.0,37.979353596887634,0.10114493884985688,1260,9
final_refine_2m,2.0,730.0,436.0,850.291714648567,1.0,1.0,0.0,1.0,0.25591985428051,0.25591985428051,1.0,0.3253968253968254,0.3253968253968254,67.01867610674603,80.85410720271449,153.171372396973,165.63697603812508,191.3401228334042,0.0,37.91726433739536,0.10145719489981785,1260,9
final_refine_2m,2.0,630.0,438.0,767.2965528399043,1.0,1.0,0.0,1.0,0.2459016393442623,0.2459016393442623,1.0,0.4,0.4,80.3695456884011,92.43867423264466,177.99803203337555,191.96645595329989,222.03800816042605,0.0,41.128359634841594,0.0881863127764767,1260,9
final_refine_2m,2.0,632.0,438.0,768.9395294820002,1.0,1.0,0.0,1.0,0.2459016393442623,0.2459016393442623,1.0,0.4,0.4,80.0818418814094,92.1764057807688,177.46151756910555,191.38973547396043,221.37817159563306,0.0,41.05992584152869,0.08704137392661983,1260,9
final_refine_2m,2.0,634.0,438.0,770.5841939723394,1.0,1.0,0.0,1.0,0.24673432214415822,0.24673432214415822,1.0,0.4007936507936508,0.4007936507936508,79.79509394777722,91.91620288024218,176.92605642810625,190.81412811845004,220.7195700400363,0.0,40.99181980040022,0.0853239656518345,1260,9
final_refine_2m,2.0,636.0,438.0,772.2305355267946,1.0,1.0,0.0,1.0,0.24886807181889148,0.24886807181889148,1.0,0.4015873015873016,0.4015873015873016,79.50930254043789,91.65742844322905,176.39164841279566,190.23963358534652,220.0622029823044,0.0,40.923365630232304,0.08417902680197763,1260,9
final_refine_2m,2.0,638.0,438.0,773.8785434420572,1.0,1.0,0.0,1.0,0.24852979443143378,0.24852979443143378,1.0,0.39444444444444443,0.39444444444444443,79.22446831826045,91.39958704537078,175.85829333041204,189.66625157792097,219.40606991553562,0.0,40.85443951340404,0.08360655737704918,1260,9
final_refine_2m,2.0,640.0,438.0,775.5282070950095,1.0,1.0,0.0,1.0,0.24957064793130368,0.24957064793130368,1.0,0.3904761904761905,0.3904761904761905,78.94059194600528,91.14267879824867,175.32599099304855,189.0939818041552,218.75117033726417,0.0,40.78504059590005,0.08360655737704918,1260,9
final_refine_2m,2.0,642.0,438.0,777.1795159421021,1.0,1.0,0.0,1.0,0.2512360135310955,0.2512360135310955,1.0,0.39206349206349206,0.39206349206349206,78.65158269831744,90.8867038087369,174.7947412176968,188.5228239767702,218.09750374948214,0.0,40.71516805008345,0.08360655737704918,1260,9
final_refine_2m,2.0,644.0,438.0,778.8324595187337,1.0,1.0,0.0,1.0,0.2395264116575592,0.2395264116575592,1.0,0.37777777777777777,0.37777777777777777,78.34646827798043,90.63166217895915,174.2645438262505,187.95277781326564,217.44506965868544,0.0,40.64525653456179,0.08542805100182149,1260,9
final_refine_2m,2.0,646.0,438.0,780.4870274386371,1.0,1.0,0.0,1.0,0.24202446005724695,0.24202446005724695,1.0,0.38015873015873014,0.38015873015873014,78.0424658904082,90.37755400624638,173.7353986455529,187.38384303594097,216.7938675758794,0.0,40.57585553980617,0.08649492583918814,1260,9
final_refine_2m,2.0,648.0,438.0,782.143209393267,1.0,1.0,0.0,1.0,0.25084569346864427,0.25084569346864427,1.0,0.3904761904761905,0.3904761904761905,77.73957624012981,90.12437938309512,173.20730550742954,186.81601937191954,216.14389701660056,0.0,40.50692428724555,0.08831641946396045,1260,9
final_refine_2m,2.0,650.0,438.0,783.8009951511928,1.0,1.0,0.0,1.0,0.2575591985428051,0.2575591985428051,1.0,0.39444444444444443,0.39444444444444443,77.43780003791571,89.87213839712742,172.68026424869498,186.24930655318457,215.49515750096498,0.0,40.43843692950317,0.08938329430132709,1260,9
final_refine_2m,2.0,652.0,438.0,785.4603745574948,1.0,1.0,0.0,1.0,0.25526932084309134,0.25526932084309134,1.0,0.38571428571428573,0.38571428571428573,77.13713800071372,89.62083113105099,172.154274711211,185.68370431659545,214.84764855367104,0.0,40.37043037216209,0.0912047879260994,1260,9
final_refine_2m,2.0,654.0,438.0,787.1213375331658,1.0,1.0,0.0,1.0,0.2546448087431694,0.2546448087431694,1.0,0.38333333333333336,0.38333333333333336,76.83759085155936,89.37045766262116,171.62933674189313,185.11921240393886,214.2013697040365,0.0,40.30283778394637,0.09227166276346604,1260,9
final_refine_2m,2.0,656.0,438.0,788.7838740745148,1.0,1.0,0.0,1.0,0.2546448087431694,0.2546448087431694,1.0,0.38333333333333336,0.38333333333333336,76.53915931950011,89.12101806460267,171.10545019275708,184.5558305619361,213.55632048601242,0.0,40.23567432458999,0.09107468123861566,1260,9
final_refine_2m,2.0,658.0,438.0,790.4479742525754,1.0,1.0,0.0,1.0,0.2546448087431694,0.2546448087431694,1.0,0.38333333333333336,0.38333333333333336,76.24184413950478,88.87284931127972,170.58261492093865,183.99355854228455,212.91250043823067,0.0,40.16892203538978,0.08987769971376529,1260,9
final_refine_2m,2.0,660.0,438.0,792.1136282125185,1.0,1.0,0.0,1.0,0.2546448087431694,0.2546448087431694,1.0,0.38333333333333336,0.38333333333333336,75.94564605238027,88.62699279332514,170.0951140197455,183.43239610167475,212.2699091040084,0.0,40.10218677628526,0.08868071818891492,1260,9
final_refine_2m,2.0,662.0,438.0,793.780826173069,1.0,1.0,0.0,1.0,0.25417642466822793,0.25417642466822793,1.0,0.3817460317460317,0.3817460317460317,75.65056580467046,88.38206667677136,169.61485105137237,182.87234300184448,211.62854603138604,0.0,40.03496952537342,0.08748373666406453,1260,9
final_refine_2m,2.0,664.0,438.0,795.4495584259256,1.0,1.0,0.0,1.0,0.25206869633099144,0.25206869633099144,1.0,0.3746031746031746,0.3746031746031746,75.35660414856955,88.13807074147958,169.13547960754263,182.31339900958184,210.9884107731539,0.0,39.96726944098016,0.08688524590163935,1260,9
final_refine_2m,2.0,666.0,438.0,797.1198153351853,1.0,1.0,0.0,1.0,0.24972677595628415,0.24972677595628415,1.0,0.36666666666666664,0.36666666666666664,75.06376184182041,87.8950049544615,168.64385852278372,181.75556389676913,210.3495028868681,0.0,39.89908570904081,0.08688524590163935,1260,9
final_refine_2m,2.0,668.0,438.0,798.7915873367721,1.0,1.0,0.0,1.0,0.23497267759562843,0.23497267759562843,1.0,0.35,0.35,74.77203964761009,87.65287297316313,168.10298596941266,181.19883744041215,209.71182193489332,0.0,39.83051998731828,0.08782201405152225,1260,9
final_refine_2m,2.0,670.0,438.0,800.4648649378685,1.0,1.0,0.0,1.0,0.23497267759562843,0.23497267759562843,1.0,0.35,0.35,74.48909818734973,87.4116756388462,167.5632604662205,180.64321942267438,209.07536748442652,0.0,39.76233649843464,0.08891491022638563,1260,9
final_refine_2m,2.0,672.0,438.0,802.1396387163521,1.0,1.0,0.0,1.0,0.23583138173302107,0.23583138173302107,1.0,0.35079365079365077,0.35079365079365077,74.22316889189396,87.17141267760472,167.02468186510433,180.08870963089834,208.44013910751562,0.0,39.69464765033231,0.09078844652615145,1260,9
final_refine_2m,2.0,674.0,438.0,803.8158993202361,1.0,1.0,0.0,1.0,0.25175644028103045,0.25175644028103045,1.0,0.36904761904761907,0.36904761904761907,73.9581997392278,86.93207621157401,166.48725002397344,179.5353078576454,207.80613638108716,0.0,39.62747943889468,0.09266198282591726,1260,9
final_refine_2m,2.0,676.0,438.0,805.4936374671124,1.0,1.0,0.0,1.0,0.25303148581837104,0.25303148581837104,1.0,0.3674603174603175,0.3674603174603175,73.69419149048365,86.69365786237134,165.95096480679175,178.9830139007228,207.1733588869963,0.0,39.56078107650383,0.09375487900078064,1260,9
final_refine_2m,2.0,678.0,438.0,807.1728439436005,1.0,1.0,0.0,1.0,0.2524069737184491,0.2524069737184491,1.0,0.3619047619047619,0.3619047619047619,73.4311449114386,86.45617256283803,165.4158260835915,178.43182756321508,206.54180621202582,0.0,39.49454107415197,0.09562841530054644,1260,9
final_refine_2m,2.0,680.0,438.0,808.8535096047985,1.0,1.0,0.0,1.0,0.2531615925058548,0.2531615925058548,1.0,0.35873015873015873,0.35873015873015873,73.16906077243144,86.21962312529354,164.9007755992182,177.8817486535188,205.91147794793469,0.0,39.42877423760574,0.095160031225605,1260,9
final_refine_2m,2.0,682.0,438.0,810.5356253737401,1.0,1.0,0.0,1.0,0.25573770491803277,0.25573770491803277,1.0,0.3611111111111111,0.3611111111111111,72.9079398482803,85.98400662947189,164.39054642015438,177.33277698537765,205.28237369147465,0.0,39.36342056449605,0.09391100702576112,1260,9
final_refine_2m,2.0,684.0,438.0,812.219182240853,1.0,1.0,0.0,1.0,0.25831381733021075,0.25831381733021075,1.0,0.3634920634920635,0.3634920634920635,72.64778291818482,85.75058436719746,163.8813671418666,176.78491237790686,204.65449304443226,0.0,39.298437595978115,0.09266198282591726,1260,9
final_refine_2m,2.0,686.0,438.0,813.9041712634233,1.0,1.0,0.0,1.0,0.2608899297423888,0.2608899297423888,1.0,0.36587301587301585,0.36587301587301585,72.38859076564327,85.51864017683177,163.37323769657237,176.23815465562507,204.02783561364848,0.0,39.233096798796524,0.09141295862607338,1260,9
final_refine_2m,2.0,688.0,438.0,815.590583565063,1.0,1.0,0.0,1.0,0.2614623991673172,0.2614623991673172,1.0,0.36587301587301585,0.36587301587301585,72.13036417835242,85.28763562536412,162.8661580220972,175.69250364850305,203.40240101104436,0.0,39.16726346877124,0.09016393442622951,1260,9
final_refine_2m,2.0,690.0,438.0,817.2784103351808,1.0,1.0,0.0,1.0,0.25917252146760345,0.25917252146760345,1.0,0.3595238095238095,0.3595238095238095,71.87310394810899,85.05757024047355,162.36012806190809,175.14795919197473,202.77818885366625,0.0,39.10093680826373,0.09016393442622951,1260,9
final_refine_2m,2.0,692.0,438.0,818.9676428284575,1.0,1.0,0.0,1.0,0.25688264376788966,0.25688264376788966,1.0,0.3531746031746032,0.3531746031746032,71.6168108707143,84.82844467770653,161.8551477651506,174.6045211269871,202.15519876370635,0.0,39.03411604859258,0.09016393442622951,1260,9
final_refine_2m,2.0,694.0,438.0,820.6582723643259,1.0,1.0,0.0,1.0,0.24043715846994534,0.24043715846994534,1.0,0.3333333333333333,0.3333333333333333,71.36148574586608,84.6002589517446,161.35121708668336,174.0621893000275,201.53343036852922,0.0,38.96726668146378,0.09208951340098881,1260,9
final_refine_2m,2.0,696.0,438.0,822.3502903264521,1.0,1.0,0.0,1.0,0.24043715846994534,0.24043715846994534,1.0,0.3333333333333333,0.3333333333333333,71.10712937705608,84.37300742352127,160.84833598710796,173.5209635631578,200.9128833007117,0.0,38.90098742704311,0.09320843091334895,1260,9
final_refine_2m,2.0,698.0,438.0,824.0436881622236,1.0,1.0,0.0,1.0,0.2481654957064793,0.2481654957064793,1.0,0.34206349206349207,0.34206349206349207,70.85374257145388,84.14669493580243,160.34650443281126,172.98084377404686,200.293557198061,0.0,38.83523198357899,0.09513400988810825,1260,9
final_refine_2m,2.0,700.0,438.0,825.7384573822392,1.0,1.0,0.0,1.0,0.25519125683060107,0.25519125683060107,1.0,0.35,0.35,70.60132613980475,83.92132028599269,159.84572239599635,172.44182979600814,199.67545170366466,0.0,38.769972233663715,0.09705958886286756,1260,9
final_refine_2m,2.0,702.0,438.0,827.4345895598032,1.0,1.0,0.0,1.0,0.2539422326307572,0.2539422326307572,1.0,0.3468253968253968,0.3468253968253968,70.34988089630308,83.6969013393085,159.3459898547183,171.93639139982128,199.0585664659046,0.0,38.705246854454785,0.09817850637522768,1260,9
final_refine_2m,2.0,704.0,438.0,829.132076330424,1.0,1.0,0.0,1.0,0.25175644028103045,0.25175644028103045,1.0,0.3412698412698413,0.3412698412698413,70.09940765848074,83.47342641570981,158.84730679291542,171.44202190666078,198.44290113849658,0.0,38.64098285104409,0.09929742388758782,1260,9
final_refine_2m,2.0,706.0,438.0,830.8309093913153,1.0,1.0,0.0,1.0,0.2492583918813427,0.2492583918813427,1.0,0.3349206349206349,0.3349206349206349,69.84990724708327,83.25088880037562,158.3496732004568,170.948587568081,197.82845538052104,0.0,38.577196333652736,0.09799635701275046,1260,9
final_refine_2m,2.0,708.0,438.0,832.5310805009024,1.0,1.0,0.0,1.0,0.24863387978142076,0.24863387978142076,1.0,0.3333333333333333,0.3333333333333333,69.60138048594271,83.02966264865117,157.8530890731646,170.45608833501205,197.21522885645822,0.0,38.51386586379607,0.09669529013791309,1260,9
final_refine_2m,2.0,710.0,438.0,834.2325814783309,1.0,1.0,0.0,1.0,0.24863387978142076,0.24863387978142076,1.0,0.3333333333333333,0.3333333333333333,69.35382820185063,82.81088928597235,157.37156439970238,169.96452416308355,196.60322123620867,0.0,38.45057329722712,0.09539422326307573,1260,9
final_refine_2m,2.0,712.0,438.0,835.9354042029803,1.0,1.0,0.0,1.0,0.2504033307311996,0.2504033307311996,1.0,0.3349206349206349,0.3349206349206349,69.10725122442784,82.59305372782985,156.89828856943868,169.47389501265775,195.99243219514779,0.0,38.386778878985766,0.09409315638823836,1260,9
final_refine_2m,2.0,714.0,438.0,837.6395406139803,1.0,1.0,0.0,1.0,0.25305750715586783,0.25305750715586783,1.0,0.3373015873015873,0.3373015873015873,68.86165038598278,82.3761561960074,156.42597325220734,168.98420084886277,195.38286141413363,0.0,38.32248183087227,0.09344262295081968,1260,9
final_refine_2m,2.0,716.0,438.0,839.3449827097318,1.0,1.0,0.0,1.0,0.25368201925578976,0.25368201925578976,1.0,0.3349206349206349,0.3349206349206349,68.61702652138293,82.1601969058251,155.9546184930925,168.49544164160326,194.77450857956183,0.0,38.25768140490321,0.09344262295081968,1260,9
final_refine_2m,2.0,718.0,438.0,841.0517225474305,1.0,1.0,0.0,1.0,0.23723653395784544,0.23723653395784544,1.0,0.3142857142857143,0.3142857142857143,68.37338046789971,81.94517606609138,155.48422434267397,168.00761736561034,194.1673733833829,0.0,38.19248559371995,0.09443143377569607,1260,9
final_refine_2m,2.0,720.0,438.0,842.7597522425949,1.0,1.0,0.0,1.0,0.23718449128285193,0.23718449128285193,1.0,0.3103174603174603,0.3103174603174603,68.13071306507562,81.7310938790558,155.01479085706737,167.5207280004565,193.56145552314447,0.0,38.12771694738347,0.09557637262555295,1260,9
final_refine_2m,2.0,722.0,438.0,844.469063968598,1.0,1.0,0.0,1.0,0.23983866770752016,0.23983866770752016,1.0,0.3126984126984127,0.3126984126984127,67.8890251545623,81.517950540363,154.546318097949,167.03477353059128,192.95675470202963,0.0,38.06349929230156,0.09755399427530576,1260,9
final_refine_2m,2.0,724.0,438.0,846.1796499562017,1.0,1.0,0.0,1.0,0.25779339058027584,0.25779339058027584,1.0,0.33174603174603173,0.33174603174603173,67.64831757997894,81.30574623900756,154.07880613258337,166.54975394536564,192.35327062887816,0.0,37.999859289218065,0.09953161592505855,1260,9
final_refine_2m,2.0,726.0,438.0,847.8915024930961,1.0,1.0,0.0,1.0,0.25956284153005466,0.25956284153005466,1.0,0.3333333333333333,0.3333333333333333,67.408591186746,81.09448115729025,153.61225503387465,166.06566923906348,191.75100301823218,0.0,37.93674110516338,0.10067655477491542,1260,9
final_refine_2m,2.0,728.0,438.0,849.6046139234414,1.0,1.0,0.0,1.0,0.2591985428051002,0.2591985428051002,1.0,0.3325396825396825,0.3325396825396825,67.16984682192984,80.88415547077484,153.14666488038466,165.58251941092647,191.14995159036377,0.0,37.87413167979043,0.10265417642466823,1260,9
final_refine_2m,2.0,730.0,438.0,851.3189766474138,1.0,1.0,0.0,1.0,0.25664845173041895,0.25664845173041895,1.0,0.326984126984127,0.326984126984127,66.93208533407811,80.67476934824643,152.68203575636642,165.10030446519852,190.55011607131357,0.0,37.81204572242579,0.10213374967473328,1260,9
final_refine_2m,2.0,630.0,440.0,768.439978137525,1.0,1.0,0.0,1.0,0.2459016393442623,0.2459016393442623,1.0,0.4,0.4,80.21390261490073,92.19820981577871,177.340995849121,191.21210015564097,221.0659981675826,0.0,41.02317895821472,0.0881863127764767,1260,9
final_refine_2m,2.0,632.0,440.0,770.0805152709682,1.0,1.0,0.0,1.0,0.2459016393442623,0.2459016393442623,1.0,0.4,0.4,79.9276883488719,91.93735244883119,176.8074479231595,190.63868279647284,220.4101915274673,0.0,40.95472802219077,0.08704137392661983,1260,9
final_refine_2m,2.0,634.0,440.0,771.7227481421031,1.0,1.0,0.0,1.0,0.24673432214415822,0.24673432214415822,1.0,0.4007936507936508,0.4007936507936508,79.64242509883053,91.67852513200957,176.27494722346228,190.0663717353641,219.75561150354633,0.0,40.88661237786168,0.08589643507676295,1260,9
final_refine_2m,2.0,636.0,440.0,773.3666659483068,1.0,1.0,0.0,1.0,0.24839968774395005,0.24839968774395005,1.0,0.4023809523809524,0.4023809523809524,79.35811351020799,91.4211485129465,175.74349356021705,189.4951666801347,219.1022575967466,0.0,40.818156784021895,0.08475149622690606,1260,9
final_refine_2m,2.0,638.0,440.0,775.0122579675756,1.0,1.0,0.0,1.0,0.24889409315638825,0.24889409315638825,1.0,0.396031746031746,0.396031746031746,79.07475423420662,91.16469953453314,175.21308674841492,188.92506734325895,218.45012931237065,0.0,40.749232208495016,0.08360655737704918,1260,9
final_refine_2m,2.0,640.0,440.0,776.659513557904,1.0,1.0,0.0,1.0,0.24873796513140775,0.24873796513140775,1.0,0.3896825396825397,0.3896825396825397,78.78691667105801,90.90917830691302,174.68372660786153,188.3560734418918,217.7992261601311,0.0,40.67983780710287,0.08360655737704918,1260,9
final_refine_2m,2.0,642.0,440.0,778.3084221566667,1.0,1.0,0.0,1.0,0.2512360135310955,0.2512360135310955,1.0,0.39206349206349206,0.39206349206349206,78.48244759717723,90.65458493557334,174.1554129632085,187.78818469790224,217.1495476541727,0.0,40.60997276171146,0.08436117616445485,1260,9
final_refine_2m,2.0,644.0,440.0,779.9589732800052,1.0,1.0,0.0,1.0,0.2395264116575592,0.2395264116575592,1.0,0.37777777777777777,0.37777777777777777,78.17908339710786,90.40091952130135,173.62814564399312,187.221400837883,216.50109331309537,0.0,40.54008671270689,0.08542805100182149,1260,9
final_refine_2m,2.0,646.0,440.0,781.6111565222185,1.0,1.0,0.0,1.0,0.24119177725735103,0.24119177725735103,1.0,0.37936507936507935,0.37936507936507935,77.8768247596163,90.14818216014278,173.10192448464898,186.6557215932048,215.85386265998258,0.0,40.470700743837895,0.0872495446265938,1260,9
final_refine_2m,2.0,648.0,440.0,783.264961555156,1.0,1.0,0.0,1.0,0.2495446265938069,0.2495446265938069,1.0,0.3888888888888889,0.3888888888888889,77.57567237957448,89.89637294336084,172.5767493245547,186.09114670002302,215.20785522242434,0.0,40.401782498268396,0.08907103825136611,1260,9
final_refine_2m,2.0,650.0,440.0,784.9203781276162,1.0,1.0,0.0,1.0,0.2579755399427531,0.2579755399427531,1.0,0.396031746031746,0.396031746031746,77.27562695788323,89.6454919573957,172.05262000804902,185.527675899306,214.56307053253954,0.0,40.333301344743106,0.09013791308873276,1260,9
final_refine_2m,2.0,652.0,440.0,786.5773960647483,1.0,1.0,0.0,1.0,0.25589383294301327,0.25589383294301327,1.0,0.3880952380952381,0.3880952380952381,76.97668920139625,89.3955392838255,171.52953638446604,184.96530893688458,213.9195081270085,0.0,40.26529597275353,0.0912047879260994,1260,9
final_refine_2m,2.0,654.0,440.0,788.2360052674579,1.0,1.0,0.0,1.0,0.2546448087431694,0.2546448087431694,1.0,0.38333333333333336,0.38333333333333336,76.67885982283697,89.1465149993281,171.00749830816443,184.40404556345828,213.2771675470864,0.0,40.19769811437527,0.09227166276346604,1260,9
final_refine_2m,2.0,656.0,440.0,789.8961957118163,1.0,1.0,0.0,1.0,0.2546448087431694,0.2546448087431694,1.0,0.38333333333333336,0.38333333333333336,76.38213954071776,88.89841917564345,170.5113323344313,183.8438855346294,212.6360483386379,0.0,40.130527798737425,0.09107468123861566,1260,9
final_refine_2m,2.0,658.0,440.0,791.5579574484739,1.0,1.0,0.0,1.0,0.2546448087431694,0.2546448087431694,1.0,0.38333333333333336,0.38333333333333336,76.08652907924724,88.65155839501728,170.03165398332033,183.2848286109402,211.99615005216015,0.0,40.06375938094352,0.08987769971376529,1260,9
final_refine_2m,2.0,660.0,440.0,793.2212806020776,1.0,1.0,0.0,1.0,0.2546448087431694,0.2546448087431694,1.0,0.38333333333333336,0.38333333333333336,75.7920291682459,88.40703236174188,169.55286290321536,182.7268745578948,211.35747224281445,0.0,39.99702507995314,0.08868071818891492,1260,9
final_refine_2m,2.0,662.0,440.0,794.8861553706921,1.0,1.0,0.0,1.0,0.2546448087431694,0.2546448087431694,1.0,0.38333333333333336,0.38333333333333336,75.49864054305006,88.16343347448517,169.07495903178227,182.17002314599387,210.72001447044408,0.0,39.929811869076794,0.08748373666406453,1260,9
final_refine_2m,2.0,664.0,440.0,796.5525720252242,1.0,1.0,0.0,1.0,0.25253708040593287,0.25253708040593287,1.0,0.3761904761904762,0.3761904761904762,75.20636394441328,87.92075880552953,168.53738244358195,181.61427415076113,210.0837762996041,0.0,39.86211891661759,0.08688524590163935,1260,9
final_refine_2m,2.0,666.0,440.0,798.2205209088526,1.0,1.0,0.0,1.0,0.2501951600312256,0.2501951600312256,1.0,0.3682539682539683,0.3682539682539683,74.91520011841038,87.67900907991725,167.9985421004064,181.05962735276734,209.44875729958372,0.0,39.79394541813952,0.08688524590163935,1260,9
final_refine_2m,2.0,668.0,440.0,799.88999243646,1.0,1.0,0.0,1.0,0.23497267759562843,0.23497267759562843,1.0,0.35,0.35,74.63056849461387,87.43818566905516,167.4608419421,180.5060825376715,208.81495704444896,0.0,39.72539912392896,0.08860265417642467,1260,9
final_refine_2m,2.0,670.0,440.0,801.5609770940698,1.0,1.0,0.0,1.0,0.23497267759562843,0.23497267759562843,1.0,0.35,0.35,74.36505204755159,87.19829185573894,166.92428182304263,179.9536394962473,208.1823751130456,0.0,39.65724324845316,0.08969555035128805,1260,9
final_refine_2m,2.0,672.0,440.0,803.2334654382871,1.0,1.0,0.0,1.0,0.23497267759562843,0.23497267759562843,1.0,0.35,0.35,74.10049004905387,86.95932712888099,166.38886160354403,179.40229802440953,207.55101108905316,0.0,39.58957465171691,0.09156908665105386,1260,9
final_refine_2m,2.0,674.0,440.0,804.9074480957422,1.0,1.0,0.0,1.0,0.25175644028103045,0.25175644028103045,1.0,0.36904761904761907,0.36904761904761907,73.83688324468058,86.72128864122762,165.85458114987432,178.85205792325453,206.92086456098795,0.0,39.52241870195212,0.09266198282591726,1260,9
final_refine_2m,2.0,676.0,440.0,806.5829157625395,1.0,1.0,0.0,1.0,0.25243299505594585,0.25243299505594585,1.0,0.3674603174603175,0.3674603174603175,73.57423238454048,86.48416421476428,165.33404905643056,178.3029189990809,206.29193512225126,0.0,39.45572816699091,0.09453551912568306,1260,9
final_refine_2m,2.0,678.0,440.0,808.2598592037093,1.0,1.0,0.0,1.0,0.2529274004683841,0.2529274004683841,1.0,0.3634920634920635,0.3634920634920635,73.31253822320353,86.24796021196187,164.82454805789337,177.75488106342038,205.66422237113872,0.0,39.38949168328858,0.09562841530054644,1260,9
final_refine_2m,2.0,680.0,440.0,809.9382692526635,1.0,1.0,0.0,1.0,0.2531615925058548,0.2531615925058548,1.0,0.35873015873015873,0.35873015873015873,73.0518015196189,86.0126868817979,164.31609118444516,177.20794393308432,205.03772591088708,0.0,39.323720923064485,0.095160031225605,1260,9
final_refine_2m,2.0,682.0,440.0,811.6181368106555,1.0,1.0,0.0,1.0,0.25573770491803277,0.25573770491803277,1.0,0.3611111111111111,0.3611111111111111,72.79202303702662,85.77834290069539,163.80867836402547,176.66210743018055,204.41244534968806,0.0,39.25835691566098,0.09391100702576112,1260,9
final_refine_2m,2.0,684.0,440.0,813.2994528462441,1.0,1.0,0.0,1.0,0.2574551131928181,0.2574551131928181,1.0,0.3626984126984127,0.3626984126984127,72.53320354286785,85.54615083943666,163.30230953007705,176.11737138214593,203.78838030072876,0.0,39.1933717592703,0.09266198282591726,1260,9
final_refine_2m,2.0,686.0,440.0,814.9822083947599,1.0,1.0,0.0,1.0,0.2600312256049961,0.2600312256049961,1.0,0.36507936507936506,0.36507936507936506,72.27534380869159,85.31546690830918,162.79698462156904,175.57373562178768,203.16553038221434,0.0,39.1280375993648,0.09141295862607338,1260,9
final_refine_2m,2.0,688.0,440.0,816.6663945577778,1.0,1.0,0.0,1.0,0.2617486338797814,0.2617486338797814,1.0,0.36666666666666664,0.36666666666666664,72.01844461006105,85.08571120477575,162.29270358302767,175.03119998730932,202.54389521739247,0.0,39.06221411495968,0.09016393442622951,1260,9
final_refine_2m,2.0,690.0,440.0,818.3520025025906,1.0,1.0,0.0,1.0,0.2597449908925319,0.2597449908925319,1.0,0.3611111111111111,0.3611111111111111,71.76250672645385,84.85689212380775,161.7894663645859,174.4897643223501,201.92347443459306,0.0,38.99590051816267,0.09016393442622951,1260,9
final_refine_2m,2.0,692.0,440.0,820.0390234616887,1.0,1.0,0.0,1.0,0.25672651574290917,0.25672651574290917,1.0,0.353968253968254,0.353968253968254,71.50753094116067,84.62900584208597,161.2872729219998,173.94942847600328,201.30426766725884,0.0,38.92909604967448,0.09097059588862867,1260,9
final_refine_2m,2.0,694.0,440.0,821.7274487322424,1.0,1.0,0.0,1.0,0.24043715846994534,0.24043715846994534,1.0,0.3333333333333333,0.3333333333333333,71.2535180411821,84.40205490782711,160.7861232166915,173.4101923028658,200.68627455396086,0.0,38.862282376797985,0.09208951340098881,1260,9
final_refine_2m,2.0,696.0,440.0,823.417269675588,1.0,1.0,0.0,1.0,0.24043715846994534,0.24043715846994534,1.0,0.3333333333333333,0.3333333333333333,71.00046881712036,84.17603519169333,160.28601721577743,172.8720556630629,200.06949473844125,0.0,38.796027535373256,0.09401509237574811,1260,9
final_refine_2m,2.0,698.0,440.0,825.1084777167182,1.0,1.0,0.0,1.0,0.24746291959406713,0.24746291959406713,1.0,0.3412698412698413,0.3412698412698413,70.74838406307174,83.95094569374294,159.78695489211592,172.35722958895758,199.45392786965115,0.0,38.730294324503646,0.09594067135050742,1260,9
final_refine_2m,2.0,700.0,440.0,826.8010643437755,1.0,1.0,0.0,1.0,0.25519125683060107,0.25519125683060107,1.0,0.35,0.35,70.49726457651396,83.72678884647817,159.28893622432182,171.86350842204308,198.83957360175484,0.0,38.66504947728152,0.09705958886286756,1260,9
final_refine_2m,2.0,702.0,440.0,828.4950211075502,1.0,1.0,0.0,1.0,0.25456674473067914,0.25456674473067914,1.0,0.3484126984126984,0.3484126984126984,70.24711115818305,83.50357522115657,158.79196119681953,171.37071775399994,198.2264315941887,0.0,38.60033360507276,0.09898516783762686,1260,9
final_refine_2m,2.0,704.0,440.0,830.1903396209811,1.0,1.0,0.0,1.0,0.25206869633099144,0.25206869633099144,1.0,0.34206349206349207,0.34206349206349207,69.99792461196351,83.28130833477846,158.29602979986575,170.8788575320978,197.614501511675,0.0,38.53607217815108,0.09929742388758782,1260,9
final_refine_2m,2.0,706.0,440.0,831.8870115586611,1.0,1.0,0.0,1.0,0.24988290398126464,0.24988290398126464,1.0,0.33650793650793653,0.33650793650793653,69.74970574475984,83.05997366923235,157.80775666739396,170.38792770822596,197.00378302426776,0.0,38.47228655208714,0.09799635701275046,1260,9
final_refine_2m,2.0,708.0,440.0,833.5850286563453,1.0,1.0,0.0,1.0,0.24863387978142076,0.24863387978142076,1.0,0.3333333333333333,0.3333333333333333,69.50245536637479,82.8399115665178,157.33502432185048,169.89792823892063,196.3942758073711,0.0,38.40894703741395,0.09669529013791309,1260,9
final_refine_2m,2.0,710.0,440.0,835.2843827104634,1.0,1.0,0.0,1.0,0.24863387978142076,0.24863387978142076,1.0,0.3333333333333333,0.3333333333333333,69.25617428937578,82.62232771639574,156.863247489454,169.40885908538107,195.78597954177556,0.0,38.34566379562298,0.09539422326307573,1260,9
final_refine_2m,2.0,712.0,440.0,836.9850655776362,1.0,1.0,0.0,1.0,0.2504033307311996,0.2504033307311996,1.0,0.3349206349206349,0.3349206349206349,69.01086332896688,82.40567620252615,156.39242620948284,168.92072021350572,195.17889391369656,0.0,38.28188202603314,0.09409315638823836,1260,9
final_refine_2m,2.0,714.0,440.0,838.6870691741944,1.0,1.0,0.0,1.0,0.2521727816809784,0.2521727816809784,1.0,0.33650793650793653,0.33650793650793653,68.76652330285252,82.18995724376997,155.92256052660642,168.43351159391597,194.57301861479618,0.0,38.2176009602981,0.09344262295081968,1260,9
final_refine_2m,2.0,716.0,440.0,840.3903854757026,1.0,1.0,0.0,1.0,0.25313557116835805,0.25313557116835805,1.0,0.3349206349206349,0.3349206349206349,68.52315503109664,81.97517105259006,155.45365049090822,167.94723320198608,193.968353342227,0.0,38.15281985990906,0.09344262295081968,1260,9
final_refine_2m,2.0,718.0,440.0,842.0950065164857,1.0,1.0,0.0,1.0,0.23757481134530314,0.23757481134530314,1.0,0.31507936507936507,0.31507936507936507,68.28075933598164,81.76131783500345,154.98569615792246,167.46188501787634,193.36489779865894,0.0,38.087653279984075,0.09443143377569607,1260,9
final_refine_2m,2.0,720.0,440.0,843.8009243891595,1.0,1.0,0.0,1.0,0.23786104605776737,0.23786104605776737,1.0,0.3119047619047619,0.3119047619047619,68.03933704186132,81.5483977905343,154.51869758866792,166.97746702654902,192.76265169231652,0.0,38.02292267136564,0.09640905542544886,1260,9
final_refine_2m,2.0,722.0,440.0,845.5081312441649,1.0,1.0,0.0,1.0,0.23983866770752016,0.23983866770752016,1.0,0.3126984126984127,0.3126984126984127,67.79888897501446,81.33641111216842,154.05265484967822,166.49397921780505,192.1616147370077,0.0,37.958735117472315,0.09838667707520167,1260,9
final_refine_2m,2.0,724.0,440.0,847.2166192893055,1.0,1.0,0.0,1.0,0.25779339058027584,0.25779339058027584,1.0,0.33174603174603173,0.33174603174603173,67.55941596348836,81.12535798630852,153.58756801303835,166.0114215863172,191.5617866521608,0.0,37.89511662101822,0.09953161592505855,1260,9
final_refine_2m,2.0,726.0,440.0,848.9263807892885,1.0,1.0,0.0,1.0,0.25956284153005466,0.25956284153005466,1.0,0.3333333333333333,0.3333333333333333,67.3209188369433,80.91523859273022,153.1234371564067,165.52979413164675,190.96316716286043,0.0,37.832015183720344,0.10150923757481134,1260,9
final_refine_2m,2.0,728.0,440.0,850.6374080652696,1.0,1.0,0.0,1.0,0.25956284153005466,0.25956284153005466,1.0,0.3333333333333333,0.3333333333333333,67.08339842649326,80.70605310453976,152.66026236306175,165.0490968582819,190.36575599987745,0.0,37.76941788830785,0.10348685922456415,1260,9
final_refine_2m,2.0,730.0,440.0,852.3496934944014,1.0,1.0,0.0,1.0,0.2570127504553734,0.2570127504553734,1.0,0.3277777777777778,0.3277777777777778,66.84685556453816,80.49780168813227,152.1980437219274,164.56932977566385,189.76955289970869,0.0,37.70733609284447,0.10213374967473328,1260,9
final_refine_2m,2.0,630.0,442.0,769.5869021754463,1.0,1.0,0.0,1.0,0.2459016393442623,0.2459016393442623,1.0,0.4,0.4,80.06032792359258,91.96074374923208,176.69130593316123,190.46633704492936,220.105472808956,0.0,40.91846444645356,0.0881863127764767,1260,9
final_refine_2m,2.0,632.0,442.0,771.2249995948005,1.0,1.0,0.0,1.0,0.2459016393442623,0.2459016393442623,1.0,0.4,0.4,79.77558824548805,91.70128278291939,176.16069354128717,189.89618702020454,219.45364949677617,0.0,40.850000775428434,0.08704137392661983,1260,9
final_refine_2m,2.0,634.0,442.0,772.8648005958092,1.0,1.0,0.0,1.0,0.24673432214415822,0.24673432214415822,1.0,0.4007936507936508,0.4007936507936508,79.49179476577807,91.44381651120334,175.63112235168316,189.3271365538275,218.80304452301533,0.0,40.78187307119579,0.08589643507676295,1260,9
final_refine_2m,2.0,636.0,442.0,774.5062943578961,1.0,1.0,0.0,1.0,0.24839968774395005,0.24839968774395005,1.0,0.4023809523809524,0.4023809523809524,79.20894812238997,91.18782314356909,175.1025921821547,188.75918536266843,218.1536574005733,0.0,40.71341692382245,0.08475149622690606,1260,9
final_refine_2m,2.0,638.0,442.0,776.1494701409001,1.0,1.0,0.0,1.0,0.24944054124381992,0.24944054124381992,1.0,0.3984126984126984,0.3984126984126984,78.92226983183521,90.93275207597117,174.5751028552569,188.19233316820836,217.5054876467116,0.0,40.644494733792115,0.08360655737704918,1260,9
final_refine_2m,2.0,640.0,442.0,777.7943172844605,1.0,1.0,0.0,1.0,0.248920114493885,0.248920114493885,1.0,0.3904761904761905,0.3904761904761905,78.61844021454245,90.678603417101,174.0486541983286,187.62657969657818,216.8585347830709,0.0,40.57510566666182,0.08360655737704918,1260,9
final_refine_2m,2.0,642.0,442.0,779.4408252074047,1.0,1.0,0.0,1.0,0.2505594587561801,0.2505594587561801,1.0,0.39126984126984127,0.39126984126984127,78.31570839837484,90.42537727104315,173.52324604352518,187.06192467858207,216.21279833567635,0.0,40.505248913704406,0.08511579495186053,1260,9
final_refine_2m,2.0,644.0,442.0,781.0889834071404,1.0,1.0,0.0,1.0,0.2386937288576633,0.2386937288576633,1.0,0.376984126984127,0.376984126984127,78.0140750567013,90.17307373723263,172.9988782278341,186.49836784972496,215.56827783499676,0.0,40.43538895831671,0.08678116055165236,1260,9
final_refine_2m,2.0,646.0,442.0,782.738781459051,1.0,1.0,0.0,1.0,0.24119177725735103,0.24119177725735103,1.0,0.37936507936507935,0.37936507936507935,77.7135408688533,89.92169291041327,172.47555059311415,185.93590895023826,214.92497281593023,0.0,40.36601874101087,0.08860265417642467,1260,9
final_refine_2m,2.0,648.0,442.0,784.3902090158954,1.0,1.0,0.0,1.0,0.24889409315638825,0.24889409315638825,1.0,0.3880952380952381,0.3880952380952381,77.41410652005722,89.67123488059694,171.9532629861284,185.37454772510884,214.2828828178618,0.0,40.29711424830024,0.08966952901379131,1260,9
final_refine_2m,2.0,650.0,442.0,786.0432558072107,1.0,1.0,0.0,1.0,0.258600052042675,0.258600052042675,1.0,0.3984126984126984,0.3984126984126984,77.11577270135162,89.42169973302346,171.4320152585587,184.81428392410606,213.64200738466667,0.0,40.22864010820882,0.09149102263856362,1260,9
final_refine_2m,2.0,652.0,442.0,787.6979116387196,1.0,1.0,0.0,1.0,0.2563101743429612,0.2563101743429612,1.0,0.3896825396825397,0.3896825396825397,76.81854010951413,89.17308754812217,170.92727955636224,184.25511730181935,213.00234606474328,0.0,40.160636777067104,0.09195940671350507,1260,9
final_refine_2m,2.0,654.0,442.0,789.3541663917408,1.0,1.0,0.0,1.0,0.2546448087431694,0.2546448087431694,1.0,0.38333333333333336,0.38333333333333336,76.52240944697238,88.92539840147347,170.44818102526926,183.69704761766326,212.3638984110411,0.0,40.09303456240566,0.09227166276346604,1260,9
final_refine_2m,2.0,656.0,442.0,791.0120100226039,1.0,1.0,0.0,1.0,0.2546448087431694,0.2546448087431694,1.0,0.38333333333333336,0.38333333333333336,76.22738142172533,88.6786323637718,169.96996555316915,183.1400746359374,211.72666398107395,0.0,40.02585831856414,0.09107468123861566,1260,9
final_refine_2m,2.0,658.0,442.0,792.6714325620673,1.0,1.0,0.0,1.0,0.2546448087431694,0.2546448087431694,1.0,0.38333333333333336,0.38333333333333336,75.9334567472508,88.43306571249418,169.49263307457954,182.5841981258249,211.09064233696628,0.0,39.95907478203884,0.08987769971376529,1260,9
final_refine_2m,2.0,660.0,442.0,794.3324241147405,1.0,1.0,0.0,1.0,0.2546448087431694,0.2546448087431694,1.0,0.38333333333333336,0.38333333333333336,75.64063614241607,88.18985626836195,168.9713138932506,182.02941786144223,210.4558330454605,0.0,39.89234229803293,0.08868071818891492,1260,9
final_refine_2m,2.0,662.0,442.0,795.99497485851,1.0,1.0,0.0,1.0,0.2546448087431694,0.2546448087431694,1.0,0.38333333333333336,0.38333333333333336,75.3489203313826,87.94756975148046,168.4333510099837,181.4757336218587,209.8222356779498,0.0,39.82513395890667,0.08748373666406453,1260,9
final_refine_2m,2.0,664.0,442.0,797.6590750439689,1.0,1.0,0.0,1.0,0.2530054644808743,0.2530054644808743,1.0,0.37777777777777777,0.37777777777777777,75.0583100435046,87.70620303321657,167.89652167191443,180.9231451911333,209.1898498105033,0.0,39.757448942834195,0.08688524590163935,1260,9
final_refine_2m,2.0,666.0,442.0,799.3247149938503,1.0,1.0,0.0,1.0,0.25066354410616704,0.25066354410616704,1.0,0.36984126984126986,0.36984126984126986,74.77200975930648,87.46575544050533,167.3608257300391,180.37165235833507,208.558675023893,0.0,39.68928645490817,0.08688524590163935,1260,9
final_refine_2m,2.0,668.0,442.0,800.9918851024647,1.0,1.0,0.0,1.0,0.23497267759562843,0.23497267759562843,1.0,0.35,0.35,74.50690285668705,87.22622814914591,166.8262630411508,179.82125491757665,207.92871090363218,0.0,39.62076028129969,0.08922716627634661,1260,9
final_refine_2m,2.0,670.0,442.0,802.6605758351409,1.0,1.0,0.0,1.0,0.23497267759562843,0.23497267759562843,1.0,0.35,0.35,74.24274477345386,86.98762379848407,166.29283346789,179.27195266804645,207.29995703997255,0.0,39.55263263831978,0.09110070257611241,1260,9
final_refine_2m,2.0,672.0,442.0,804.3307777276709,1.0,1.0,0.0,1.0,0.23497267759562843,0.23497267759562843,1.0,0.35,0.35,73.97953623993975,86.74994377512157,165.76688489837352,178.72374541403778,206.67241302796748,0.0,39.48498498197188,0.0921935987509758,1260,9
final_refine_2m,2.0,674.0,442.0,806.0024813857585,1.0,1.0,0.0,1.0,0.25175644028103045,0.25175644028103045,1.0,0.36904761904761907,0.36904761904761907,73.7172779909188,86.51318746975922,165.25810598882683,178.17663296498628,206.04607846747248,0.0,39.41784205736244,0.0940671350507416,1260,9
final_refine_2m,2.0,676.0,442.0,807.6756774844715,1.0,1.0,0.0,1.0,0.2529534218058808,0.2529534218058808,1.0,0.36904761904761907,0.36904761904761907,73.455970765534,86.27734330116891,164.75036549245968,177.63061513547925,205.42095296318396,0.0,39.351160154443846,0.09453551912568306,1260,9
final_refine_2m,2.0,678.0,442.0,809.350356767698,1.0,1.0,0.0,1.0,0.25318761384335153,0.25318761384335153,1.0,0.36428571428571427,0.36428571428571427,73.19561530721103,86.04241057308302,164.24366333308427,177.0856917453114,204.79703612466722,0.0,39.28492803337816,0.09640905542544886,1260,9
final_refine_2m,2.0,680.0,442.0,811.0265100476063,1.0,1.0,0.0,1.0,0.25342180588082225,0.25342180588082225,1.0,0.3595238095238095,0.3595238095238095,72.93621236357369,85.80839899826923,163.73799943990065,176.5418626195027,204.17432756638294,0.0,39.219154260099415,0.095160031225605,1260,9
final_refine_2m,2.0,682.0,442.0,812.7041282041084,1.0,1.0,0.0,1.0,0.25487900078064013,0.25487900078064013,1.0,0.3603174603174603,0.3603174603174603,72.67776268635696,85.57531359763598,163.2333737475254,175.99912758833568,203.5528269077141,0.0,39.153785646754045,0.09391100702576112,1260,9
final_refine_2m,2.0,684.0,442.0,814.383202184328,1.0,1.0,0.0,1.0,0.2574551131928181,0.2574551131928181,1.0,0.3626984126984127,0.3626984126984127,72.4202670313128,85.3443413826266,162.72978619602424,175.45748648737788,202.93253377300204,0.0,39.08879443541093,0.09266198282591726,1260,9
final_refine_2m,2.0,686.0,442.0,816.0637230020704,1.0,1.0,0.0,1.0,0.2600312256049961,0.2600312256049961,1.0,0.36507936507936506,0.36507936507936506,72.16372615812242,85.11490060591254,162.22723673095743,174.91693915752668,202.31344779156103,0.0,39.02346772918098,0.09141295862607338,1260,9
final_refine_2m,2.0,688.0,442.0,817.745681737299,1.0,1.0,0.0,1.0,0.2617486338797814,0.2617486338797814,1.0,0.36666666666666664,0.36666666666666664,71.9081408302956,84.88638528294949,161.72572530338525,174.3774854450326,201.69556859772436,0.0,38.95765487830571,0.09016393442622951,1260,9
final_refine_2m,2.0,690.0,442.0,819.4290695356127,1.0,1.0,0.0,1.0,0.26031746031746034,0.26031746031746034,1.0,0.3626984126984127,0.3626984126984127,71.65351181507233,84.65879615411647,161.22525186992783,173.8391252015283,201.07889583085435,0.0,38.89135510453479,0.09016393442622951,1260,9
final_refine_2m,2.0,692.0,442.0,821.1138776077287,1.0,1.0,0.0,1.0,0.2572989851678376,0.2572989851678376,1.0,0.35555555555555557,0.35555555555555557,71.39983988332413,84.43213867259769,160.72581639278997,173.3018582840753,200.46342913539078,0.0,38.824567657853144,0.09097059588862867,1260,9
final_refine_2m,2.0,694.0,442.0,822.8000972289685,1.0,1.0,0.0,1.0,0.24043715846994534,0.24043715846994534,1.0,0.3333333333333333,0.3333333333333333,71.14712580944386,84.2064078973547,160.2274188397857,172.77775096889843,199.84916816087534,0.0,38.75779023105972,0.09354670830080666,1260,9
final_refine_2m,2.0,696.0,442.0,824.4877197387478,1.0,1.0,0.0,1.0,0.24043715846994534,0.24043715846994534,1.0,0.3333333333333333,0.3333333333333333,70.89537037124613,83.98160659572366,159.7300591843812,172.28467276783812,199.23611256197222,0.0,38.691560460830395,0.09547228727556596,1260,9
final_refine_2m,2.0,698.0,442.0,826.1767365400699,1.0,1.0,0.0,1.0,0.24605776736924279,0.24605776736924279,1.0,0.3396825396825397,0.3396825396825397,70.64457434984942,83.75772941375726,159.2337374057299,171.79252045708145,198.62426199850435,0.0,38.625850162224964,0.0965912047879261,1260,9
final_refine_2m,2.0,700.0,442.0,827.8671390990223,1.0,1.0,0.0,1.0,0.25519125683060107,0.25519125683060107,1.0,0.35,0.35,70.3947385295667,83.53477843380361,158.73845348869722,171.3012939803661,198.01361613548863,0.0,38.560620965275334,0.09786625032526672,1260,9
final_refine_2m,2.0,702.0,442.0,829.5589189442785,1.0,1.0,0.0,1.0,0.25519125683060107,0.25519125683060107,1.0,0.35,0.35,70.14586369778628,83.31275974654237,158.2442074239111,170.8109932859516,197.4041746431644,0.0,38.495915396974155,0.09898516783762686,1260,9
final_refine_2m,2.0,704.0,442.0,831.2520676666013,1.0,1.0,0.0,1.0,0.25269320843091336,0.25269320843091336,1.0,0.34365079365079365,0.34365079365079365,69.89795064485781,83.09168408553629,157.77131204980657,170.3216183266592,196.79593719702117,0.0,38.43165740562664,0.09929742388758782,1260,9
final_refine_2m,2.0,706.0,442.0,832.946576918352,1.0,1.0,0.0,1.0,0.2501951600312256,0.2501951600312256,1.0,0.3373015873015873,0.3373015873015873,69.6510001639616,82.87153982508396,157.3000694881255,169.83316905988775,196.18890347782855,0.0,38.36787354454987,0.09799635701275046,1260,9
final_refine_2m,2.0,708.0,442.0,834.642438413001,1.0,1.0,0.0,1.0,0.24863387978142076,0.24863387978142076,1.0,0.3333333333333333,0.3333333333333333,69.40501305098898,82.65262937220066,156.82977752709226,169.3456454476392,195.58307317167547,0.0,38.30452594569147,0.09669529013791309,1260,9
final_refine_2m,2.0,710.0,442.0,836.3396439246438,1.0,1.0,0.0,1.0,0.24863387978142076,0.24863387978142076,1.0,0.3333333333333333,0.3333333333333333,69.15999010441007,82.43622260614485,156.36043620563055,168.85904745655648,194.97844596999397,0.0,38.24125282677265,0.09539422326307573,1260,9
final_refine_2m,2.0,712.0,442.0,838.0381852875202,1.0,1.0,0.0,1.0,0.24951860525631017,0.24951860525631017,1.0,0.3341269841269841,0.3341269841269841,68.91593212514371,82.22074276567432,155.89204556797284,168.37337505794486,194.37502156959744,0.0,38.1774844741988,0.09409315638823836,1260,9
final_refine_2m,2.0,714.0,442.0,839.7380543955359,1.0,1.0,0.0,1.0,0.2521727816809784,0.2521727816809784,1.0,0.33650793650793653,0.33650793650793653,68.67283991641833,82.00619006673314,155.4246056636943,167.88862822779143,193.7727996727096,0.0,38.11322012936808,0.09344262295081968,1260,9
final_refine_2m,2.0,716.0,442.0,841.4392432017894,1.0,1.0,0.0,1.0,0.25381212594327346,0.25381212594327346,1.0,0.33650793650793653,0.33650793650793653,68.4307142836371,81.79256471893187,154.95811654774107,167.40480694681227,193.17177998699782,0.0,38.04845906314404,0.09344262295081968,1260,9
final_refine_2m,2.0,718.0,442.0,843.1417437181011,1.0,1.0,0.0,1.0,0.23791308873276087,0.23791308873276087,1.0,0.31587301587301586,0.31587301587301586,68.18955603423358,81.57986692549999,154.4925782804654,166.921911200455,192.57196222560262,0.0,37.9833223319871,0.09594067135050742,1260,9
final_refine_2m,2.0,720.0,442.0,844.8455480145468,1.0,1.0,0.0,1.0,0.2381993234452251,0.2381993234452251,1.0,0.3126984126984127,0.3126984126984127,67.94936597752233,81.36809688323937,154.02799092765906,166.43994097894918,191.97334610718073,0.0,37.91863029848682,0.09791829300026021,1260,9
final_refine_2m,2.0,722.0,442.0,846.5506482189946,1.0,1.0,0.0,1.0,0.23983866770752016,0.23983866770752016,1.0,0.3126984126984127,0.3126984126984127,67.71014492455808,81.15725478247907,153.56435456057844,165.9588962773205,191.37593135592743,0.0,37.854473458332976,0.09906323185011709,1260,9
final_refine_2m,2.0,724.0,442.0,848.2570365166446,1.0,1.0,0.0,1.0,0.25779339058027584,0.25779339058027584,1.0,0.33174603174603173,0.33174603174603173,67.47189368797349,80.94734080703081,153.10166925598108,165.47877709542738,190.77971770161378,0.0,37.790877160818916,0.10036429872495446,1260,9
final_refine_2m,2.0,726.0,442.0,849.9647051495726,1.0,1.0,0.0,1.0,0.25956284153005466,0.25956284153005466,1.0,0.3333333333333333,0.3333333333333333,67.23461308183009,80.73835513414554,152.63993509616031,164.99958343798434,190.18470487962486,0.0,37.72779320630673,0.10234192037470725,1260,9
final_refine_2m,2.0,728.0,442.0,851.6736464162784,1.0,1.0,0.0,1.0,0.25956284153005466,0.25956284153005466,1.0,0.3333333333333333,0.3333333333333333,66.99830392145245,80.53029793447115,152.17915216897276,164.52131531459082,189.59089263098855,0.0,37.66520881858891,0.10348685922456415,1260,9
final_refine_2m,2.0,730.0,442.0,853.3838526712349,1.0,1.0,0.0,1.0,0.2573770491803279,0.2573770491803279,1.0,0.32857142857142857,0.32857142857142857,66.76296702326948,80.323169372011,151.71932056786906,164.04397273976184,188.99828070240835,0.0,37.603132033533534,0.10213374967473328,1260,9
final_refine_2m,2.0,630.0,444.0,770.7373093343801,1.0,1.0,0.0,1.0,0.2459016393442623,0.2459016393442623,1.0,0.4,0.4,79.90879190999796,91.72623193977816,176.04885253700016,189.7290343860915,219.15624560941168,0.0,40.81421319340233,0.08875878220140515,1260,9
final_refine_2m,2.0,632.0,444.0,772.372966901354,1.0,1.0,0.0,1.0,0.2459016393442623,0.2459016393442623,1.0,0.4,0.4,79.62551207427653,91.46815291052727,175.52114515326815,189.16211648319387,218.5083598253193,0.0,40.745739530277966,0.08761384335154827,1260,9
final_refine_2m,2.0,634.0,444.0,774.0103358483012,1.0,1.0,0.0,1.0,0.2459016393442623,0.2459016393442623,1.0,0.4,0.4,79.34317365861303,91.21203336502593,174.99447301947995,188.59629148335705,217.86168421472993,0.0,40.67759895138052,0.08646890450169138,1260,9
final_refine_2m,2.0,636.0,444.0,775.649405337231,1.0,1.0,0.0,1.0,0.24839968774395005,0.24839968774395005,1.0,0.4023809523809524,0.4023809523809524,79.05764242108046,90.95740890119316,174.46883596088173,188.03155911229013,217.21621830228455,0.0,40.60914311054935,0.0853239656518345,1260,9
final_refine_2m,2.0,638.0,444.0,777.2901646103596,1.0,1.0,0.0,1.0,0.2489721571688785,0.2489721571688785,1.0,0.39920634920634923,0.39920634920634923,78.75444645204188,90.70370145374635,173.94423380742586,187.4679191002945,216.5719616169521,0.0,40.5402241404753,0.08417902680197763,1260,9
final_refine_2m,2.0,640.0,444.0,778.9326029895012,1.0,1.0,0.0,1.0,0.2494665625813167,0.2494665625813167,1.0,0.39285714285714285,0.39285714285714285,78.45234129622828,90.45091112991125,173.42066639381895,186.90537118228048,215.92891369203363,0.0,40.47084121634985,0.08360655737704918,1260,9
final_refine_2m,2.0,642.0,444.0,780.5767098754612,1.0,1.0,0.0,1.0,0.24988290398126464,0.24988290398126464,1.0,0.3904761904761905,0.3904761904761905,78.15132761195935,90.19903803235567,172.8981335595359,186.34391509779576,215.28707406521337,0.0,40.400993538757646,0.08511579495186053,1260,9
final_refine_2m,2.0,644.0,444.0,782.222474747434,1.0,1.0,0.0,1.0,0.2386937288576633,0.2386937288576633,1.0,0.376984126984127,0.376984126984127,77.85140606338192,89.94808225914709,172.37663514885983,185.78355059105317,214.64644227855018,0.0,40.3311602972571,0.08753577933905803,1260,9
final_refine_2m,2.0,646.0,444.0,783.869887162404,1.0,1.0,0.0,1.0,0.24119177725735103,0.24119177725735103,1.0,0.37936507936507935,0.37936507936507935,77.55257732040027,89.69804390371134,171.85617101090062,185.22427741095882,214.00701787852995,0.0,40.261806548960394,0.08860265417642467,1260,9
final_refine_2m,2.0,648.0,444.0,785.5189367545509,1.0,1.0,0.0,1.0,0.24759302628155086,0.24759302628155086,1.0,0.3865079365079365,0.3865079365079365,77.25484205860356,89.4489230547925,171.34295943498705,184.66609531113843,213.36880041606807,0.0,40.19291654643343,0.09042414780119698,1260,9
final_refine_2m,2.0,650.0,444.0,787.1696132346573,1.0,1.0,0.0,1.0,0.25901639344262295,0.25901639344262295,1.0,0.4,0.4,76.95820095918528,89.20071979641283,170.86443598551202,184.10900404996588,212.73178944655822,0.0,40.124450219555605,0.09149102263856362,1260,9
final_refine_2m,2.0,652.0,444.0,788.8219063895222,1.0,1.0,0.0,1.0,0.25672651574290917,0.25672651574290917,1.0,0.39126984126984127,0.39126984126984127,76.66265470886084,88.95343420783436,170.38679142392627,183.55300339058928,212.0959845298648,0.0,40.05644977466977,0.09331251626333593,1260,9
final_refine_2m,2.0,654.0,444.0,790.4758060813753,1.0,1.0,0.0,1.0,0.2546448087431694,0.2546448087431694,1.0,0.38333333333333336,0.38333333333333336,76.36820399978802,88.70706636352111,169.91002568169904,182.99809310096194,211.46138523038283,0.0,39.98884410671296,0.09287015352589123,1260,9
final_refine_2m,2.0,656.0,444.0,792.1313022472979,1.0,1.0,0.0,1.0,0.2546448087431694,0.2546448087431694,1.0,0.38333333333333336,0.38333333333333336,76.07484952947765,88.46161633310228,169.40478705086932,182.44427295386447,210.82799111703736,0.0,39.92166285164916,0.09167317200104086,1260,9
final_refine_2m,2.0,658.0,444.0,793.7883848986454,1.0,1.0,0.0,1.0,0.2546448087431694,0.2546448087431694,1.0,0.38333333333333336,0.38333333333333336,75.78259200070599,88.21733017647699,168.86769402670635,181.8915427269407,210.19580176332008,0.0,39.85486519406566,0.09047619047619047,1260,9
final_refine_2m,2.0,660.0,444.0,795.4470441204744,1.0,1.0,0.0,1.0,0.2546448087431694,0.2546448087431694,1.0,0.38333333333333336,0.38333333333333336,75.49143212142249,87.97542365802867,168.3317279842839,181.33990220272824,209.56481674731168,0.0,39.78813537570218,0.0892792089513401,1260,9
final_refine_2m,2.0,662.0,444.0,797.1072700709735,1.0,1.0,0.0,1.0,0.2546448087431694,0.2546448087431694,1.0,0.38333333333333336,0.38333333333333336,75.20137060464936,87.73443523622218,167.79688877134467,180.7893511686713,208.93503565170928,0.0,39.720932730169345,0.08808222742648972,1260,9
final_refine_2m,2.0,664.0,444.0,798.7690529808976,1.0,1.0,0.0,1.0,0.2534738485558158,0.2534738485558158,1.0,0.37936507936507935,0.37936507936507935,74.91342279853933,87.49436262738072,167.26317624130726,180.23988941716703,208.30645806385326,0.0,39.653256445407436,0.08688524590163935,1260,9
final_refine_2m,2.0,666.0,444.0,800.4323831530056,1.0,1.0,0.0,1.0,0.2511319281811085,0.2511319281811085,1.0,0.37142857142857144,0.37142857142857144,74.64872217650117,87.2552040104885,166.73059025331293,179.69151674559254,207.67908357575914,0.0,39.58510573593888,0.08688524590163935,1260,9
final_refine_2m,2.0,668.0,444.0,802.0972509615028,1.0,1.0,0.0,1.0,0.23497267759562843,0.23497267759562843,1.0,0.35,0.35,74.38496480864998,87.01695946487217,166.19928926069736,179.1442329563226,207.05291178412097,0.0,39.5166003679665,0.09000780640124903,1260,9
final_refine_2m,2.0,670.0,444.0,803.7636468514858,1.0,1.0,0.0,1.0,0.23497267759562843,0.23497267759562843,1.0,0.35,0.35,74.12215141041219,86.77963205763511,165.69122642390855,178.59803785677278,206.42794229036804,0.0,39.44850156949591,0.09110070257611241,1260,9
final_refine_2m,2.0,672.0,444.0,805.431561338392,1.0,1.0,0.0,1.0,0.23497267759562843,0.23497267759562843,1.0,0.35,0.35,73.86028270156174,86.5432228387172,165.18419635111266,178.0529312594205,205.80417470067692,0.0,39.380875534475685,0.09297423887587822,1260,9
final_refine_2m,2.0,674.0,444.0,807.1009850074524,1.0,1.0,0.0,1.0,0.2508977361436378,0.2508977361436378,1.0,0.3682539682539683,0.3682539682539683,73.59935940614496,86.30773272487554,164.67819896213211,177.50891298184234,205.18160862599967,0.0,39.31374638936721,0.09484777517564402,1260,9
final_refine_2m,2.0,676.0,444.0,808.7719085131481,1.0,1.0,0.0,1.0,0.2534738485558158,0.2534738485558158,1.0,0.37063492063492065,0.37063492063492065,73.33938225240216,86.07315611056559,164.17323418206664,176.96598284673365,204.56024368208458,0.0,39.247073913378955,0.09594067135050742,1260,9
final_refine_2m,2.0,678.0,444.0,810.4443225786704,1.0,1.0,0.0,1.0,0.2537080405932865,0.2537080405932865,1.0,0.36587301587301585,0.36587301587301585,73.08035197267782,85.83948131124896,163.66930194132726,176.4241406819577,203.94007948951645,0.0,39.180846988655226,0.0970335675253708,1260,9
final_refine_2m,2.0,680.0,444.0,812.1182179953852,1.0,1.0,0.0,1.0,0.2530835284933646,0.2530835284933646,1.0,0.3603174603174603,0.3603174603174603,72.82226930333903,85.60672219524398,163.16640217566695,175.8833863205525,203.3211156737436,0.0,39.11507110175248,0.09578454332552694,1260,9
final_refine_2m,2.0,682.0,444.0,813.7935856223002,1.0,1.0,0.0,1.0,0.25487900078064013,0.25487900078064013,1.0,0.3603174603174603,0.3603174603174603,72.56513498468465,85.37487966289875,162.66453482621074,175.3437196007817,202.70335186509644,0.0,39.049699617832566,0.09453551912568306,1260,9
final_refine_2m,2.0,684.0,444.0,815.4704163855363,1.0,1.0,0.0,1.0,0.2574551131928181,0.2574551131928181,1.0,0.3626984126984127,0.3626984126984127,72.30894976085717,85.14511574230858,162.16369983949264,174.80514036615895,202.0867876988194,0.0,38.984702454484996,0.0932864949258392,1260,9
final_refine_2m,2.0,686.0,444.0,817.148701277803,1.0,1.0,0.0,1.0,0.2600312256049961,0.2600312256049961,1.0,0.36507936507936506,0.36507936507936506,72.0537143797449,84.91690600592791,161.6638971674772,174.26764846547945,201.4714228151042,0.0,38.919384008331356,0.09203747072599532,1260,9
final_refine_2m,2.0,688.0,444.0,818.8284313578761,1.0,1.0,0.0,1.0,0.2617486338797814,0.2617486338797814,1.0,0.36666666666666664,0.36666666666666664,71.79942959288582,84.68961668037682,161.16512676761013,173.73124375283993,200.8572568591124,0.0,38.85358256925344,0.09078844652615145,1260,9
final_refine_2m,2.0,690.0,444.0,820.5095977500812,1.0,1.0,0.0,1.0,0.26060369502992453,0.26060369502992453,1.0,0.3634920634920635,0.3634920634920635,71.54609615536981,84.46324806601096,160.66738860282868,173.19795993023854,200.24428948101183,0.0,38.78729736853981,0.09016393442622951,1260,9
final_refine_2m,2.0,692.0,444.0,822.1921916437786,1.0,1.0,0.0,1.0,0.2568566224303929,0.2568566224303929,1.0,0.35555555555555557,0.35555555555555557,71.2937148257363,84.23780255052995,160.17068264161426,172.70551940073236,199.63252033599682,0.0,38.72052766536276,0.09177725735102785,1260,9
final_refine_2m,2.0,694.0,444.0,823.8762042928537,1.0,1.0,0.0,1.0,0.24072339318240957,0.24072339318240957,1.0,0.3341269841269841,0.3341269841269841,71.04228636586818,84.0132826390814,159.67500885801655,172.21400019939207,199.02194908432557,0.0,38.65378702999553,0.09435336976320582,1260,9
final_refine_2m,2.0,696.0,444.0,825.5616270152095,1.0,1.0,0.0,1.0,0.24043715846994534,0.24043715846994534,1.0,0.3333333333333333,0.3333333333333333,70.79181154088461,83.78968369316843,159.18036723167936,171.7234022665308,198.4125753913454,0.0,38.587582981154426,0.09547228727556596,1260,9
final_refine_2m,2.0,698.0,444.0,827.2484511922643,1.0,1.0,0.0,1.0,0.2446526151444184,0.2446526151444184,1.0,0.3380952380952381,0.3380952380952381,70.54229111902816,83.56700812048548,158.68675774789236,171.23372554689018,197.80439892752327,0.0,38.52189626613899,0.09739786625032526,1260,9
final_refine_2m,2.0,700.0,444.0,828.9366682684511,1.0,1.0,0.0,1.0,0.25519125683060107,0.25519125683060107,1.0,0.35,0.35,70.29372587155453,83.34525034669673,158.20715776492455,170.7449699896874,197.1974193684822,0.0,38.456683457734435,0.0985167837626854,1260,9
final_refine_2m,2.0,702.0,444.0,830.6262697507225,1.0,1.0,0.0,1.0,0.25519125683060107,0.25519125683060107,1.0,0.35,0.35,70.04611657261336,83.12441626736434,157.73644530749522,170.25713554863745,196.59163639501546,0.0,38.39198898024385,0.10044236273744471,1260,9
final_refine_2m,2.0,704.0,444.0,832.3172472080582,1.0,1.0,0.0,1.0,0.2530054644808743,0.2530054644808743,1.0,0.34444444444444444,0.34444444444444444,69.79946399912944,82.9045171318005,157.2666785519611,169.77022218196893,195.98704969314446,0.0,38.32773527269349,0.09994795732500651,1260,9
final_refine_2m,2.0,706.0,444.0,834.0095922709762,1.0,1.0,0.0,1.0,0.25081967213114753,0.25081967213114753,1.0,0.3388888888888889,0.3388888888888889,69.55376893067853,82.68555091874148,156.79785753166254,169.2842298524617,195.3836589541163,0.0,38.263954039188285,0.09864689045016914,1260,9
final_refine_2m,2.0,708.0,444.0,835.7032966310471,1.0,1.0,0.0,1.0,0.24863387978142076,0.24863387978142076,1.0,0.3333333333333333,0.3333333333333333,69.3090321493612,82.46777990255568,156.32998228515288,168.799158527469,194.78146387446455,0.0,38.200599304538564,0.09734582357533177,1260,9
final_refine_2m,2.0,710.0,444.0,837.3983520404133,1.0,1.0,0.0,1.0,0.24863387978142076,0.24863387978142076,1.0,0.3333333333333333,0.3333333333333333,69.06525443967506,82.25253797729893,155.86305285622,168.3150081789422,194.1804641560245,0.0,38.137337096470496,0.09604475670049441,1260,9
final_refine_2m,2.0,712.0,444.0,839.0947503113102,1.0,1.0,0.0,1.0,0.24951860525631017,0.24951860525631017,1.0,0.3341269841269841,0.3341269841269841,68.8224365883839,82.03821762367913,155.3970692939187,167.83177878345788,193.58065950596793,0.0,38.0735829195324,0.09474368982565703,1260,9
final_refine_2m,2.0,714.0,444.0,840.792483315592,1.0,1.0,0.0,1.0,0.2521727816809784,0.2521727816809784,1.0,0.33650793650793653,0.33650793650793653,68.58057938437463,81.82481905473004,154.93203165259354,167.3494703222546,192.9820496368382,0.0,38.009336024759335,0.09344262295081968,1260,9
final_refine_2m,2.0,716.0,444.0,842.4915429842605,1.0,1.0,0.0,1.0,0.2532656778558418,0.2532656778558418,1.0,0.33650793650793653,0.33650793650793653,68.33968361852826,81.61234247721521,154.46793999192593,166.86808278124764,192.38463426658086,0.0,37.94459569228606,0.09344262295081968,1260,9
final_refine_2m,2.0,718.0,444.0,844.1919213069975,1.0,1.0,0.0,1.0,0.23770491803278687,0.23770491803278687,1.0,0.31666666666666665,0.31666666666666665,68.09975008357003,81.40078809158122,154.00479437695142,166.3876161510581,191.78841311857207,0.0,37.879489419630836,0.09677335415040333,1260,9
final_refine_2m,2.0,720.0,444.0,845.8936103317012,1.0,1.0,0.0,1.0,0.2376528753577934,0.2376528753577934,1.0,0.3126984126984127,0.3126984126984127,67.86077957392516,81.19015609191136,153.5425948780999,165.90807042704807,191.1933859216567,0.0,37.81483649193301,0.09791829300026021,1260,9
final_refine_2m,2.0,722.0,444.0,847.5966021640247,1.0,1.0,0.0,1.0,0.23895394223263075,0.23895394223263075,1.0,0.3119047619047619,0.3119047619047619,67.62277288557446,80.98044666588063,153.08134157121535,165.429445609346,190.59955241018707,0.0,37.75071097026396,0.099895914650013,1260,9
final_refine_2m,2.0,724.0,444.0,849.3008889669196,1.0,1.0,0.0,1.0,0.2569086651053864,0.2569086651053864,1.0,0.33095238095238094,0.33095238095238094,67.38573081589261,80.7716599947117,152.62103453760113,164.95174170286427,190.00691232403443,0.0,37.68713755506114,0.10187353629976581,1260,9
final_refine_2m,2.0,726.0,444.0,851.0064629601823,1.0,1.0,0.0,1.0,0.25956284153005466,0.25956284153005466,1.0,0.3333333333333333,0.3333333333333333,67.14965416350299,80.56379625313174,152.1616738640478,164.47495871734284,189.41546540865053,0.0,37.624071809795105,0.10301847514962269,1260,9
final_refine_2m,2.0,728.0,444.0,852.7133164200029,1.0,1.0,0.0,1.0,0.25956284153005466,0.25956284153005466,1.0,0.3333333333333333,0.3333333333333333,66.91454372810622,80.35685560933017,151.70325964286042,163.9990966673698,188.82521141507755,0.0,37.561501097345186,0.10416341399947958,1260,9
final_refine_2m,2.0,730.0,444.0,854.4214416785197,1.0,1.0,0.0,1.0,0.2581056466302368,0.2581056466302368,1.0,0.33015873015873015,0.33015873015873015,66.68040031032841,80.15083822491786,151.2593636398213,163.52415557240508,188.2361501000004,0.0,37.49943016007455,0.10281030444964871,1260,9
final_refine_2m,2.0,630.0,446.0,771.8911840408595,1.0,1.0,0.0,1.0,0.2459016393442623,0.2459016393442623,1.0,0.4,0.4,79.7592654220548,91.49463114950319,175.4135280674879,189.00006262149998,218.2181340804943,0.0,40.7104223181542,0.08875878220140515,1260,9
final_refine_2m,2.0,632.0,446.0,773.5244016836185,1.0,1.0,0.0,1.0,0.2459016393442623,0.2459016393442623,1.0,0.4,0.4,79.47743088695037,91.23791981006367,174.88869563433283,188.4363421886655,217.5741408034003,0.0,40.64193960309503,0.08761384335154827,1260,9
final_refine_2m,2.0,634.0,446.0,775.1593384588746,1.0,1.0,0.0,1.0,0.2459016393442623,0.2459016393442623,1.0,0.4,0.4,79.1930346713348,90.98313288721414,174.36489256914516,187.87370808641018,216.93134964548437,0.0,40.57378711490422,0.08646890450169138,1260,9
final_refine_2m,2.0,636.0,446.0,776.7959835117584,1.0,1.0,0.0,1.0,0.24839968774395005,0.24839968774395005,1.0,0.4023809523809524,0.4023809523809524,78.89046662225678,90.72986319409114,173.84211870442957,187.3121600490955,216.28976014288799,0.0,40.505332430734846,0.0853239656518345,1260,9
final_refine_2m,2.0,638.0,446.0,778.4343260673953,1.0,1.0,0.0,1.0,0.24951860525631017,0.24951860525631017,1.0,0.4015873015873016,0.4015873015873016,78.58898248183485,90.47750528975796,173.32037387738026,186.7516978156482,215.64937183603513,0.0,40.43641750544224,0.08417902680197763,1260,9
final_refine_2m,2.0,640.0,446.0,780.0743554303012,1.0,1.0,0.0,1.0,0.24983086130627113,0.24983086130627113,1.0,0.39444444444444443,0.39444444444444443,78.2885828936777,90.22605927996194,172.7996579298981,186.19232112956684,215.01018426966607,0.0,40.36704152375264,0.08360655737704918,1260,9
final_refine_2m,2.0,642.0,446.0,781.716060983782,1.0,1.0,0.0,1.0,0.24837366640645328,0.24837366640645328,1.0,0.3888888888888889,0.3888888888888889,77.98926850709597,89.97552526594068,172.27997070861693,185.63402973895103,214.37219699284975,0.0,40.297203695468546,0.0858704137392662,1260,9
final_refine_2m,2.0,644.0,446.0,783.3594321893366,1.0,1.0,0.0,1.0,0.2386937288576633,0.2386937288576633,1.0,0.376984126984127,0.376984126984127,77.69103997702217,89.72590334437984,171.76131206494074,185.07682339653655,213.73540955901686,0.0,40.22739778134412,0.08753577933905803,1260,9
final_refine_2m,2.0,646.0,446.0,785.0044585860643,1.0,1.0,0.0,1.0,0.24119177725735103,0.24119177725735103,1.0,0.37936507936507935,0.37936507936507935,77.39389796394477,89.47719360737283,171.28042260598028,184.52070185970737,213.09982152598056,0.0,40.15806121134621,0.08935727296383034,1260,9
final_refine_2m,2.0,648.0,446.0,786.6511297900742,1.0,1.0,0.0,1.0,0.2469424928441322,0.2469424928441322,1.0,0.38571428571428573,0.38571428571428573,77.0978431338259,89.22939614237988,170.803344314713,183.96566489054248,212.46543245596146,0.0,40.089186427865,0.09042414780119698,1260,9
final_refine_2m,2.0,650.0,446.0,788.2994354938991,1.0,1.0,0.0,1.0,0.25901639344262295,0.25901639344262295,1.0,0.4,0.4,76.80287615802973,88.98251103218915,170.32714070904817,183.41171225582625,211.8322419156078,0.0,40.02072870464012,0.09224564142596929,1260,9
final_refine_2m,2.0,652.0,446.0,789.9493654659138,1.0,1.0,0.0,1.0,0.25735102784283115,0.25735102784283115,1.0,0.39365079365079364,0.39365079365079364,76.50899771323475,88.73653835487845,169.83780852401117,182.85884372708466,211.20024947602343,0.0,39.9527319814384,0.09331251626333593,1260,9
final_refine_2m,2.0,654.0,446.0,791.6009095497553,1.0,1.0,0.0,1.0,0.25506115014311737,0.25506115014311737,1.0,0.38492063492063494,0.38492063492063494,76.21620848135046,88.49147818377745,169.30157785577768,182.3070590806052,210.5694547128013,0.0,39.88512375240542,0.09287015352589123,1260,9
final_refine_2m,2.0,656.0,446.0,793.2540576637475,1.0,1.0,0.0,1.0,0.2546448087431694,0.2546448087431694,1.0,0.38333333333333336,0.38333333333333336,75.92450914943035,88.24733058743128,168.7664676807522,181.75635809747837,209.9398572060311,0.0,39.8179383921307,0.09167317200104086,1260,9
final_refine_2m,2.0,658.0,446.0,794.9087998003293,1.0,1.0,0.0,1.0,0.2546448087431694,0.2546448087431694,1.0,0.38333333333333336,0.38333333333333336,75.63390040958208,88.00431149527054,168.23247784354217,181.2067405636136,209.31145654033688,0.0,39.751127599118654,0.09047619047619047,1260,9
final_refine_2m,2.0,660.0,446.0,796.565126025487,1.0,1.0,0.0,1.0,0.2546448087431694,0.2546448087431694,1.0,0.38333333333333336,0.38333333333333336,75.34438295887206,87.76369444277076,167.69960819432654,180.65820626977282,208.68425230489908,0.0,39.68440128495405,0.0892792089513401,1260,9
final_refine_2m,2.0,662.0,446.0,798.2230264781892,1.0,1.0,0.0,1.0,0.2546448087431694,0.2546448087431694,1.0,0.38333333333333336,0.38333333333333336,75.05595749922726,87.52399024198213,167.16785858888446,180.11075501159232,208.05824409347247,0.0,39.6172051450916,0.08808222742648972,1260,9
final_refine_2m,2.0,664.0,446.0,799.8824913698262,1.0,1.0,0.0,1.0,0.2539422326307572,0.2539422326307572,1.0,0.38095238095238093,0.38095238095238093,74.79051084662218,87.28519808734585,166.6372288886222,179.56438658962765,207.43343150443602,0.0,39.549538377134134,0.08688524590163935,1260,9
final_refine_2m,2.0,666.0,446.0,801.5435109836521,1.0,1.0,0.0,1.0,0.25160031225604995,0.25160031225604995,1.0,0.373015873015873,0.373015873015873,74.52715103266635,87.04731507219259,166.12391546276183,179.0191008093652,206.80981414078832,0.0,39.481400204936044,0.08766588602654177,1260,9
final_refine_2m,2.0,668.0,446.0,803.2060756742319,1.0,1.0,0.0,1.0,0.23497267759562843,0.23497267759562843,1.0,0.35,0.35,74.26472967146026,86.81034084862826,165.6175899330898,178.47489748125727,206.18739161018863,0.0,39.41291631965008,0.09078844652615145,1260,9
final_refine_2m,2.0,670.0,446.0,804.8701758668909,1.0,1.0,0.0,1.0,0.23497267759562843,0.23497267759562843,1.0,0.35,0.35,74.00324746809817,86.57427672195288,165.11229149588226,177.93177642075625,205.56616352499367,0.0,39.344846970682454,0.09188134270101483,1260,9
final_refine_2m,2.0,672.0,446.0,806.5358020571684,1.0,1.0,0.0,1.0,0.23497267759562843,0.23497267759562843,1.0,0.35,0.35,73.74270513185785,86.3391258857606,164.60802007227542,177.3897374483365,204.94612950226406,0.0,39.27724322991998,0.09375487900078064,1260,9
final_refine_2m,2.0,674.0,446.0,808.2029448102747,1.0,1.0,0.0,1.0,0.2508977361436378,0.2508977361436378,1.0,0.3682539682539683,0.3682539682539683,73.48310337611613,86.10488832206636,164.10477558861268,176.84878038953607,204.3272891638038,0.0,39.210128609614266,0.09484777517564402,1260,9
final_refine_2m,2.0,676.0,446.0,809.8715947605522,1.0,1.0,0.0,1.0,0.2534738485558158,0.2534738485558158,1.0,0.37063492063492065,0.37063492063492065,73.22444291827017,85.87156413783704,163.6025579764741,176.30890507496667,203.709642136187,0.0,39.143466345822844,0.09672131147540984,1260,9
final_refine_2m,2.0,678.0,446.0,811.5417426109393,1.0,1.0,0.0,1.0,0.25336976320582877,0.25336976320582877,1.0,0.36666666666666664,0.36666666666666664,72.96672447965214,85.63913812405131,163.1013671727018,175.7701113403698,203.0931880507731,0.0,39.07724544097866,0.0970335675253708,1260,9
final_refine_2m,2.0,680.0,446.0,813.2133791324391,1.0,1.0,0.0,1.0,0.2536039552432995,0.2536039552432995,1.0,0.3619047619047619,0.3619047619047619,72.70994878543858,85.40761523267662,162.60120311943965,175.23239902662033,202.47792654375993,0.0,39.01146832882024,0.09578454332552694,1260,9
final_refine_2m,2.0,682.0,446.0,814.8864951635902,1.0,1.0,0.0,1.0,0.25487900078064013,0.25487900078064013,1.0,0.3603174603174603,0.3603174603174603,72.45411656457011,85.17700637070618,162.10206576415985,174.69576797977825,201.86385725618115,0.0,38.94609486893689,0.09453551912568306,1260,9
final_refine_2m,2.0,684.0,446.0,816.561081609943,1.0,1.0,0.0,1.0,0.2574551131928181,0.2574551131928181,1.0,0.3626984126984127,0.3626984126984127,72.1992285496488,84.94843386846199,161.60395505969015,174.1602180511085,201.25097983395554,0.0,38.88109267460246,0.0932864949258392,1260,9
final_refine_2m,2.0,686.0,446.0,818.2371294435372,1.0,1.0,0.0,1.0,0.2600312256049961,0.2600312256049961,1.0,0.36507936507936506,0.36507936507936506,71.94528547685228,84.72144572638243,161.1068709642606,173.62574909712083,200.63929392791235,0.0,38.81578328503647,0.09203747072599532,1260,9
final_refine_2m,2.0,688.0,446.0,819.9146297023856,1.0,1.0,0.0,1.0,0.2617486338797814,0.2617486338797814,1.0,0.36666666666666664,0.36666666666666664,71.69228808583208,84.49536853075247,160.61081344151418,173.12605269924296,200.02879919380922,0.0,38.74999402648437,0.09078844652615145,1260,9
final_refine_2m,2.0,690.0,446.0,821.5935734899585,1.0,1.0,0.0,1.0,0.261176164454853,0.261176164454853,1.0,0.36507936507936506,0.36507936507936506,71.44023711961218,84.27020787052294,160.11578246056118,172.6351614237761,199.41949529237502,0.0,38.68372413967169,0.09016393442622951,1260,9
final_refine_2m,2.0,692.0,446.0,823.2739519746754,1.0,1.0,0.0,1.0,0.2567004944054124,0.2567004944054124,1.0,0.35634920634920636,0.35634920634920636,71.18913332449364,84.04596407667849,159.62177799599442,172.14518689704195,198.81138188932314,0.0,38.61697289286231,0.09258391881342701,1260,9
final_refine_2m,2.0,694.0,446.0,824.9557563893957,1.0,1.0,0.0,1.0,0.2410096278948738,0.2410096278948738,1.0,0.3349206349206349,0.3349206349206349,70.93897744993915,83.82263913358258,159.12880002793034,171.65612906038194,198.2044586553947,0.0,38.55026958782288,0.09435336976320582,1260,9
final_refine_2m,2.0,696.0,446.0,826.6389780309177,1.0,1.0,0.0,1.0,0.24043715846994534,0.24043715846994534,1.0,0.3333333333333333,0.3333333333333333,70.68977024847254,83.600233782573,158.64256737560825,171.16798785952648,197.59872526638733,0.0,38.48409190263074,0.09627894873796514,1260,9
final_refine_2m,2.0,698.0,446.0,828.3236082594773,1.0,1.0,0.0,1.0,0.24395003903200624,0.24395003903200624,1.0,0.3373015873015873,0.3373015873015873,70.44151247556393,83.37874293762933,158.17238090296007,170.6807632446074,196.99418140317326,0.0,38.41842943426837,0.09739786625032526,1260,9
final_refine_2m,2.0,700.0,446.0,830.0096384982526,1.0,1.0,0.0,1.0,0.25519125683060107,0.25519125683060107,1.0,0.35,0.35,70.19420488951691,83.15816966412139,157.7031352856014,170.19445517019528,196.39082675174183,0.0,38.35323374347356,0.09932344522508457,1260,9
final_refine_2m,2.0,702.0,446.0,831.6970602328711,1.0,1.0,0.0,1.0,0.25519125683060107,0.25519125683060107,1.0,0.35,0.35,69.94784825135154,82.93850851504367,157.23483055146218,169.70906359532677,195.7886610032152,0.0,38.28855113380381,0.10044236273744471,1260,9
final_refine_2m,2.0,704.0,446.0,833.3858650109204,1.0,1.0,0.0,1.0,0.2536299765807963,0.2536299765807963,1.0,0.346031746031746,0.346031746031746,69.70244332468158,82.71977456844837,156.7674667335774,169.22458848352122,195.18768385390214,0.0,38.22430254753837,0.09994795732500651,1260,9
final_refine_2m,2.0,706.0,446.0,835.0760444414628,1.0,1.0,0.0,1.0,0.2511319281811085,0.2511319281811085,1.0,0.3396825396825397,0.3396825396825397,69.45799087559305,82.50197130292483,156.30104387011437,168.74102980280847,194.58789500530162,0.0,38.160524793244534,0.09864689045016914,1260,9
final_refine_2m,2.0,708.0,446.0,836.7675901945533,1.0,1.0,0.0,1.0,0.24863387978142076,0.24863387978142076,1.0,0.3333333333333333,0.3333333333333333,69.21449167252294,82.28532769268307,155.8355620044001,168.25838752576576,193.98929416415214,0.0,38.097163859111056,0.09734582357533177,1260,9
final_refine_2m,2.0,710.0,446.0,838.460494000761,1.0,1.0,0.0,1.0,0.24863387978142076,0.24863387978142076,1.0,0.3333333333333333,0.3333333333333333,68.97194648612128,82.07123854653815,155.37102118495903,167.77666162953,193.39188104245795,0.0,38.03391333987079,0.09604475670049441,1260,9
final_refine_2m,2.0,712.0,446.0,840.1547476506933,1.0,1.0,0.0,1.0,0.24951860525631017,0.24951860525631017,1.0,0.3341269841269841,0.3341269841269841,68.7303560891221,81.85806567392162,154.90742146552782,167.29585209583124,192.795655357521,0.0,37.97017408755106,0.09474368982565703,1260,9
final_refine_2m,2.0,714.0,446.0,841.8503429945254,1.0,1.0,0.0,1.0,0.251288056206089,0.251288056206089,1.0,0.3357142857142857,0.3357142857142857,68.48972125621091,81.64580928496362,154.44476290510343,166.8159589110218,192.20061683196505,0.0,37.90594536271759,0.09344262295081968,1260,9
final_refine_2m,2.0,716.0,446.0,843.5472719415314,1.0,1.0,0.0,1.0,0.2539422326307572,0.2539422326307572,1.0,0.3380952380952381,0.3380952380952381,68.25004276388144,81.43446958358712,153.98304556796424,166.33698206609523,191.60676519378364,0.0,37.841226454676324,0.09427530575071559,1260,9
final_refine_2m,2.0,718.0,446.0,845.2455264596199,1.0,1.0,0.0,1.0,0.2380431954202446,0.2380431954202446,1.0,0.31746031746031744,0.31746031746031744,68.01132139029596,81.22404676746088,153.52226952369955,165.85892155672573,191.01410017635735,0.0,37.77615124255296,0.09677335415040333,1260,9
final_refine_2m,2.0,720.0,446.0,846.9450985748722,1.0,1.0,0.0,1.0,0.23832943013270882,0.23832943013270882,1.0,0.3142857142857143,0.3142857142857143,67.77355791513496,81.01454102795388,153.06243484724433,165.3817773832812,190.42262151848658,0.0,37.711537944679606,0.09875097580015613,1260,9
final_refine_2m,2.0,722.0,446.0,848.645980371085,1.0,1.0,0.0,1.0,0.23895394223263075,0.23895394223263075,1.0,0.3119047619047619,0.3119047619047619,67.53675311945885,80.80595255009074,152.60354161891118,164.9055495508621,189.83232896443977,0.0,37.64744433850921,0.10072859744990892,1260,9
final_refine_2m,2.0,724.0,446.0,850.3481639893156,1.0,1.0,0.0,1.0,0.2569086651053864,0.2569086651053864,1.0,0.33095238095238094,0.33095238095238094,67.30090778554131,80.5982815125074,152.14558992441476,164.43023806931708,189.24322226396907,0.0,37.58389448014461,0.10187353629976581,1260,9
final_refine_2m,2.0,726.0,446.0,852.051641627431,1.0,1.0,0.0,1.0,0.25956284153005466,0.25956284153005466,1.0,0.3333333333333333,0.3333333333333333,67.06602269672427,80.39152808740879,151.6940583276504,163.95584295328777,188.65530117235105,0.0,37.520847661123554,0.1038511579495186,1260,9
final_refine_2m,2.0,728.0,446.0,853.7564055396598,1.0,1.0,0.0,1.0,0.25956284153005466,0.25956284153005466,1.0,0.3333333333333333,0.3333333333333333,66.83209863725523,80.18569244052674,151.25744405785312,163.48236422222095,188.068565450423,0.0,37.45829138147145,0.10416341399947958,1260,9
final_refine_2m,2.0,730.0,446.0,855.4624480361484,1.0,1.0,0.0,1.0,0.25846994535519124,0.25846994535519124,1.0,0.33095238095238094,0.33095238095238094,66.59913639212215,79.98077473107922,150.82169236503958,163.00980190040244,187.48301486460323,0.0,37.39622711836721,0.10281030444964871,1260,9
final_refine_2m,2.0,630.0,448.0,773.0485107675973,1.0,1.0,0.0,1.0,0.2459016393442623,0.2459016393442623,1.0,0.4,0.4,79.61171984759721,91.26589897519955,174.78522703414404,188.27929480352864,217.29095961450997,0.0,40.60708896473483,0.08875878220140515,1260,9
final_refine_2m,2.0,632.0,448.0,774.6792884800781,1.0,1.0,0.0,1.0,0.2459016393442623,0.2459016393442623,1.0,0.4,0.4,79.32844680747068,91.01054129035545,174.26323995275854,187.71873773791012,216.6508145844718,0.0,40.538598126902,0.08761384335154827,1260,9
final_refine_2m,2.0,634.0,448.0,776.31179303164,1.0,1.0,0.0,1.0,0.2459016393442623,0.2459016393442623,1.0,0.4,0.4,79.02650102862735,90.75707309765116,173.74227642640506,187.15926051161713,216.01186372766807,0.0,40.4704346834454,0.08646890450169138,1260,9
final_refine_2m,2.0,636.0,448.0,777.946013551069,1.0,1.0,0.0,1.0,0.24756700494405412,0.24756700494405412,1.0,0.4015873015873016,0.4015873015873016,78.72563233578303,90.50514425243264,173.2223362947029,186.60086286748603,215.37410659149728,0.0,40.40198199620671,0.0853239656518345,1260,9
final_refine_2m,2.0,638.0,448.0,779.5819392469274,1.0,1.0,0.0,1.0,0.25006505334374185,0.25006505334374185,1.0,0.403968253968254,0.403968253968254,78.42584135817019,90.25412202357234,172.7034194019105,186.043544552882,214.73754272760425,0.0,40.33307193098572,0.08417902680197763,1260,9
final_refine_2m,2.0,640.0,448.0,781.2195594069569,1.0,1.0,0.0,1.0,0.2495446265938069,0.2495446265938069,1.0,0.396031746031746,0.396031746031746,78.12712873059405,90.00400651532742,172.1855255969585,185.487305319697,214.10217169191804,0.0,40.26370368194495,0.08360655737704918,1260,9
final_refine_2m,2.0,642.0,448.0,782.8588633974837,1.0,1.0,0.0,1.0,0.24769711163153785,0.24769711163153785,1.0,0.3880952380952381,0.3880952380952381,77.82949509335391,89.75479782749271,171.69614456364798,184.93214492440973,213.4679930446627,0.0,40.19387646801181,0.08662503252667188,1260,9
final_refine_2m,2.0,644.0,448.0,784.4998406628264,1.0,1.0,0.0,1.0,0.2386937288576633,0.2386937288576633,1.0,0.376984126984127,0.376984126984127,77.53294109218237,89.50649605535924,171.21962795887313,184.37806312807658,212.83500635040303,0.0,40.1240984880194,0.08888888888888889,1260,9
final_refine_2m,2.0,646.0,448.0,786.1424807247093,1.0,1.0,0.0,1.0,0.24119177725735103,0.24119177725735103,1.0,0.37936507936507935,0.37936507936507935,77.23746737815816,89.2591012896734,170.7439819457497,183.82505969639024,212.20321117803917,0.0,40.05477979752738,0.08995576372625554,1260,9
final_refine_2m,2.0,648.0,448.0,787.7867731816776,1.0,1.0,0.0,1.0,0.2448087431693989,0.2448087431693989,1.0,0.38333333333333336,0.38333333333333336,76.94307460764003,89.0126136165973,170.26920645383177,183.27313439968836,211.57260710085237,0.0,39.985920953570904,0.09177725735102785,1260,9
final_refine_2m,2.0,650.0,448.0,789.4327077085164,1.0,1.0,0.0,1.0,0.25901639344262295,0.25901639344262295,1.0,0.4,0.4,76.6497634421804,88.76703311766954,169.73500907872696,182.72228701297664,210.94319369652362,0.0,39.917472615193546,0.09284413218839449,1260,9
final_refine_2m,2.0,652.0,448.0,791.0802740556738,1.0,1.0,0.0,1.0,0.2577673692427791,0.2577673692427791,1.0,0.3952380952380952,0.3952380952380952,76.35753454844179,88.52235986976726,169.20074743757252,182.1725173159796,210.31497054715365,0.0,39.8494804392315,0.0946656258131668,1260,9
final_refine_2m,2.0,654.0,448.0,792.7294620486865,1.0,1.0,0.0,1.0,0.2554774915430653,0.2554774915430653,1.0,0.3865079365079365,0.3865079365079365,76.0663885981155,88.27859394506895,168.66759971634704,181.62382509313719,209.68793723929306,0.0,39.781870530694086,0.09287015352589123,1260,9
final_refine_2m,2.0,656.0,448.0,794.3802615876102,1.0,1.0,0.0,1.0,0.2546448087431694,0.2546448087431694,1.0,0.38333333333333336,0.38333333333333336,75.77632626782915,88.03573541101791,168.1355657621054,181.0762101336537,209.06209336396316,0.0,39.71468196037457,0.09167317200104086,1260,9
final_refine_2m,2.0,658.0,448.0,796.032662646452,1.0,1.0,0.0,1.0,0.2546448087431694,0.2546448087431694,1.0,0.38333333333333336,0.38333333333333336,75.48734823905596,87.7939701536019,167.60464542739615,180.5296722315256,208.43743851668296,0.0,39.64785900566345,0.09047619047619047,1260,9
final_refine_2m,2.0,660.0,448.0,797.6866552726077,1.0,1.0,0.0,1.0,0.2546448087431694,0.2546448087431694,1.0,0.38333333333333336,0.38333333333333336,75.19945519802047,87.5546293070201,167.07483857028038,179.98421118555538,207.81397229749456,0.0,39.58113702426212,0.0892792089513401,1260,9
final_refine_2m,2.0,662.0,448.0,799.3422295863018,1.0,1.0,0.0,1.0,0.2546448087431694,0.2546448087431694,1.0,0.38333333333333336,0.38333333333333336,74.9322696894941,87.31619612224809,166.55617909612107,179.43982679939086,207.1916943109851,0.0,39.51394819248432,0.08808222742648972,1260,9
final_refine_2m,2.0,664.0,448.0,800.9993757800314,1.0,1.0,0.0,1.0,0.2544106167056987,0.2544106167056987,1.0,0.3825396825396825,0.3825396825396825,74.66930430574251,87.0786707407089,166.0505523010292,178.8965188815532,206.57060416632035,0.0,39.446291717492976,0.08688524590163935,1260,9
final_refine_2m,2.0,666.0,448.0,802.6580841180134,1.0,1.0,0.0,1.0,0.25206869633099144,0.25206869633099144,1.0,0.3746031746031746,0.3746031746031746,74.40727192007841,86.84204988631595,165.5459470678562,178.3542872454563,205.95070147726355,0.0,39.37816683237782,0.08844652615144419,1260,9
final_refine_2m,2.0,668.0,448.0,804.3183449356355,1.0,1.0,0.0,1.0,0.23520686963309914,0.23520686963309914,1.0,0.35079365079365077,0.35079365079365077,74.14617322323296,86.60633305399247,165.04236331391584,177.81313170945242,205.33198586220283,0.0,39.309705098916744,0.09078844652615145,1260,9
final_refine_2m,2.0,670.0,448.0,805.9801486389104,1.0,1.0,0.0,1.0,0.23497267759562843,0.23497267759562843,1.0,0.35,0.35,73.88600891002979,86.37151986791044,164.53980096161655,177.27305209684084,204.71445694417883,0.0,39.24166579748061,0.0932864949258392,1260,9
final_refine_2m,2.0,672.0,448.0,807.6434857039336,1.0,1.0,0.0,1.0,0.23497267759562843,0.23497267759562843,1.0,0.35,0.35,73.62677967930381,86.13761429895182,164.03825993849827,176.73404823591792,204.09811435090765,0.0,39.174085015969865,0.09437939110070258,1260,9
final_refine_2m,2.0,674.0,448.0,809.3083466763456,1.0,1.0,0.0,1.0,0.2508977361436378,0.2508977361436378,1.0,0.3682539682539683,0.3682539682539683,73.36848623382349,85.9046167701362,163.53774017726585,176.19611995998753,203.48295771481799,0.0,39.10698565681709,0.09625292740046838,1260,9
final_refine_2m,2.0,676.0,448.0,810.9747221707961,1.0,1.0,0.0,1.0,0.2526151444184231,0.2526151444184231,1.0,0.36984126984126986,0.36984126984126986,73.11112928020702,85.67252763651983,163.03824161581434,175.6592671074041,202.868986673059,0.0,39.040334380970464,0.09734582357533177,1260,9
final_refine_2m,2.0,678.0,448.0,812.6426028704132,1.0,1.0,0.0,1.0,0.25389018995576373,0.25389018995576373,1.0,0.3682539682539683,0.3682539682539683,72.85470952883911,85.4413400195024,162.5397641972624,175.12348952160056,202.2562008675524,0.0,38.974120309488285,0.09765807962529274,1260,9
final_refine_2m,2.0,680.0,448.0,814.3119795262747,1.0,1.0,0.0,1.0,0.25412438199323445,0.25412438199323445,1.0,0.3634920634920635,0.3634920634920635,72.59922769377998,85.2110430389549,162.04230786998426,174.58878705110752,201.64459994499632,0.0,38.90834284950867,0.09578454332552694,1260,9
final_refine_2m,2.0,682.0,448.0,815.9828429568847,1.0,1.0,0.0,1.0,0.2540202966432475,0.2540202966432475,1.0,0.3595238095238095,0.3595238095238095,72.34468449268138,84.98165345115046,161.54587258763323,174.05515954960183,201.0341835569056,0.0,38.84296829724218,0.09453551912568306,1260,9
final_refine_2m,2.0,684.0,448.0,817.6551840476523,1.0,1.0,0.0,1.0,0.25659640905542547,0.25659640905542547,1.0,0.3619047619047619,0.3619047619047619,72.09108064668548,84.75426345038935,161.0504583091886,173.5462769653967,200.42495135964506,0.0,38.777961981549254,0.0932864949258392,1260,9
final_refine_2m,2.0,686.0,448.0,819.3289937503738,1.0,1.0,0.0,1.0,0.25917252146760345,0.25917252146760345,1.0,0.36428571428571427,0.36428571428571427,71.83841688034002,84.52847939921665,160.55606499896743,173.05600849553656,199.8169030144354,0.0,38.71266243530081,0.09203747072599532,1260,9
final_refine_2m,2.0,688.0,448.0,821.00426308272,1.0,1.0,0.0,1.0,0.2617486338797814,0.2617486338797814,1.0,0.36666666666666664,0.36666666666666664,71.58669392149095,84.30360593641684,160.062692626668,172.56665229980024,199.2100381874082,0.0,38.64688611656575,0.09141295862607338,1260,9
final_refine_2m,2.0,690.0,448.0,822.6809831277249,1.0,1.0,0.0,1.0,0.2617486338797814,0.2617486338797814,1.0,0.36666666666666664,0.36666666666666664,71.33591250118951,84.07963886589783,159.57034116740357,172.07820831622067,198.60435654961495,0.0,38.58063227540593,0.09016393442622951,1260,9
final_refine_2m,2.0,692.0,448.0,824.3591450332798,1.0,1.0,0.0,1.0,0.25625813166796774,0.25625813166796774,1.0,0.35634920634920636,0.35634920634920636,71.08607335358384,83.85658557009738,159.07901060172068,171.59067648714608,197.99985777706476,0.0,38.51390018908206,0.09258391881342701,1260,9
final_refine_2m,2.0,694.0,448.0,826.0387400116292,1.0,1.0,0.0,1.0,0.24158209731980224,0.24158209731980224,1.0,0.33650793650793653,0.33650793650793653,70.83717721581725,83.63444392007847,158.6078821282034,171.10405675924324,197.3965415507569,0.0,38.44723474687676,0.09581056466302368,1260,9
final_refine_2m,2.0,696.0,448.0,827.7197593388719,1.0,1.0,0.0,1.0,0.24043715846994534,0.24043715846994534,1.0,0.3333333333333333,0.3333333333333333,70.58922482791422,83.41321684777344,158.13915362718134,170.61834908353666,196.79440755669202,0.0,38.38108405973619,0.09692948217538382,1260,9
final_refine_2m,2.0,698.0,448.0,829.402194354464,1.0,1.0,0.0,1.0,0.24324746291959407,0.24324746291959407,1.0,0.33650793650793653,0.33650793650793653,70.3422169326759,83.19290221902689,157.6713612088235,170.13355341542245,196.19345548592682,0.0,38.315446492907604,0.09885506115014311,1260,9
final_refine_2m,2.0,700.0,448.0,831.0860364607265,1.0,1.0,0.0,1.0,0.25519125683060107,0.25519125683060107,1.0,0.35,0.35,70.0961542755594,82.97349671360071,157.204504900803,169.6496697147049,195.59368503458356,0.0,38.25026863967706,0.09997397866250325,1260,9
final_refine_2m,2.0,702.0,448.0,832.7712771223561,1.0,1.0,0.0,1.0,0.25519125683060107,0.25519125683060107,1.0,0.35,0.35,69.85103760456461,82.75500278508825,156.73858473583476,169.16669794561926,194.9950959038908,0.0,38.18559866505579,0.10189955763726255,1260,9
final_refine_2m,2.0,704.0,448.0,834.4579078659391,1.0,1.0,0.0,1.0,0.2539422326307572,0.2539422326307572,1.0,0.3468253968253968,0.3468253968253968,69.60686767011133,82.53742009212023,156.2736007516828,168.68463807684483,194.3976878002084,0.0,38.121356026953144,0.09994795732500651,1260,9
final_refine_2m,2.0,706.0,448.0,836.1459202794689,1.0,1.0,0.0,1.0,0.25175644028103045,0.25175644028103045,1.0,0.3412698412698413,0.3412698412698413,69.36364522491593,82.32076601546893,155.80955299120993,168.20349008154727,193.80146043505923,0.0,38.05758259269487,0.09864689045016914,1260,9
final_refine_2m,2.0,708.0,448.0,837.8353060118677,1.0,1.0,0.0,1.0,0.2492583918813427,0.2492583918813427,1.0,0.3349206349206349,0.3349206349206349,69.12137102386735,82.10523795922427,155.3464415023902,167.72325393740226,193.2064135251627,0.0,37.99421638344767,0.09799635701275046,1260,9
final_refine_2m,2.0,710.0,448.0,839.5260567725102,1.0,1.0,0.0,1.0,0.24863387978142076,0.24863387978142076,1.0,0.3333333333333333,0.3333333333333333,68.88004582389682,81.89228970853006,154.88426633835056,167.24392962660428,192.6125467924607,0.0,37.930978321123256,0.09669529013791309,1260,9
final_refine_2m,2.0,712.0,448.0,841.218164330752,1.0,1.0,0.0,1.0,0.24863387978142076,0.24863387978142076,1.0,0.3333333333333333,0.3333333333333333,68.63967038384456,81.68025248823433,154.42302755739337,166.76551713591917,192.01985996415172,0.0,37.86725473287369,0.09539422326307573,1260,9
final_refine_2m,2.0,714.0,448.0,842.9116205154606,1.0,1.0,0.0,1.0,0.251288056206089,0.251288056206089,1.0,0.3357142857142857,0.3357142857142857,68.40024546432163,81.46912650557137,153.96272522303138,166.2880164566889,191.42835277272425,0.0,37.80304488869031,0.09409315638823836,1260,9
final_refine_2m,2.0,716.0,448.0,844.6064172145509,1.0,1.0,0.0,1.0,0.2539422326307572,0.2539422326307572,1.0,0.3380952380952381,0.3380952380952381,68.16177182757835,81.2589119616301,153.5033594040152,165.81142758487044,190.83802495597934,0.0,37.73834808695145,0.09427530575071559,1260,9
final_refine_2m,2.0,718.0,448.0,846.302546374522,1.0,1.0,0.0,1.0,0.23783502472027063,0.23783502472027063,1.0,0.31825396825396823,0.31825396825396823,67.92425023735369,81.0496090513074,153.04493017435743,165.3357505210547,190.24887625707518,0.0,37.67330452975854,0.09760603695029925,1260,9
final_refine_2m,2.0,720.0,448.0,848.0,1.0,1.0,0.0,1.0,0.23778298204527712,0.23778298204527712,1.0,0.3142857142857143,0.3142857142857143,67.68768145873544,80.84121796326303,152.58743761337917,164.8609852705017,189.66090642454756,0.0,37.60873137912295,0.10026021337496747,1260,9
final_refine_2m,2.0,722.0,448.0,849.698770153282,1.0,1.0,0.0,1.0,0.23806921675774134,0.23806921675774134,1.0,0.3111111111111111,0.3111111111111111,67.45206625800898,80.63373887987473,152.13088180572402,164.3871318431569,189.07411521235667,0.0,37.54467027780723,0.10140515222482435,1260,9
final_refine_2m,2.0,724.0,448.0,851.3988489538848,1.0,1.0,0.0,1.0,0.2561800676554775,0.2561800676554775,1.0,0.33015873015873015,0.33015873015873015,67.2174054025073,80.42717197719536,151.69210275408005,163.91419025368853,188.48850237989814,0.0,37.481144642057686,0.10270621909966172,1260,9
final_refine_2m,2.0,726.0,448.0,853.1002285780962,1.0,1.0,0.0,1.0,0.25956284153005466,0.25956284153005466,1.0,0.3333333333333333,0.3333333333333333,66.98369966045166,80.22151742490973,151.25671861059428,163.4421605215145,187.90406769205427,0.0,37.41811745692439,0.1038511579495186,1260,9
final_refine_2m,2.0,728.0,448.0,854.8029012585299,1.0,1.0,0.0,1.0,0.25956284153005466,0.25956284153005466,1.0,0.3333333333333333,0.3333333333333333,66.7509498007975,80.01677538629352,150.822192987899,162.97104267082167,187.32081091922407,0.0,37.35557635767278,0.10416341399947958,1260,9
final_refine_2m,2.0,730.0,448.0,856.5068592836838,1.0,1.0,0.0,1.0,0.2588342440801457,0.2588342440801457,1.0,0.33174603174603173,0.33174603174603173,66.51915659306798,79.8129460181723,150.38852600722493,162.50083673059723,186.73873183734904,0.0,37.29351958425453,0.10348685922456415,1260,9
final_refine_2m,2.0,630.0,450.0,774.2092740338364,1.0,1.0,0.0,1.0,0.2459016393442623,0.2459016393442623,1.0,0.4,0.4,79.46387904688189,91.03999382835255,174.16384599804744,187.56660652918475,216.3745473819794,0.0,40.50421030179143,0.0893312516263336,1260,9
final_refine_2m,2.0,632.0,450.0,775.8376118750624,1.0,1.0,0.0,1.0,0.2459016393442623,0.2459016393442623,1.0,0.4,0.4,79.1625499656901,90.78597597074068,173.64467511898548,187.00917926521004,215.73820708309665,0.0,40.43571225946692,0.0881863127764767,1260,9
final_refine_2m,2.0,634.0,450.0,777.4676842158779,1.0,1.0,0.0,1.0,0.2459016393442623,0.2459016393442623,1.0,0.4,0.4,78.86229122835913,90.533812822567,173.1265220498153,186.45282542901512,215.1030531177284,0.0,40.367538803558176,0.08704137392661983,1260,9
final_refine_2m,2.0,636.0,450.0,779.0994801692528,1.0,1.0,0.0,1.0,0.24756700494405412,0.24756700494405412,1.0,0.4015873015873016,0.4015873015873016,78.56310345007269,90.28321110858997,172.60938663709405,185.8975447717225,214.46908504428356,0.0,40.29908894377227,0.08589643507676295,1260,9
final_refine_2m,2.0,638.0,450.0,780.7329889277128,1.0,1.0,0.0,1.0,0.25006505334374185,0.25006505334374185,1.0,0.403968253968254,0.403968253968254,78.26498725145524,90.03351089283339,172.1116054718958,185.34333704894766,213.83630242539857,0.0,40.230184544476586,0.08475149622690606,1260,9
final_refine_2m,2.0,640.0,450.0,782.368199762746,1.0,1.0,0.0,1.0,0.24990892531876138,0.24990892531876138,1.0,0.3976190476190476,0.3976190476190476,77.96794325850733,89.78471227805346,171.63564602526236,184.79020202081085,213.20470482795653,0.0,40.160824809172595,0.08436117616445485,1260,9
final_refine_2m,2.0,642.0,450.0,784.0051020242151,1.0,1.0,0.0,1.0,0.24702055685662244,0.24702055685662244,1.0,0.3873015873015873,0.3873015873015873,77.67197210253376,89.5368153625907,171.16055311554294,184.23813945196463,212.574291823116,0.0,40.091008965820635,0.08662503252667188,1260,9
final_refine_2m,2.0,644.0,450.0,785.6436851397713,1.0,1.0,0.0,1.0,0.2386937288576633,0.2386937288576633,1.0,0.376984126984127,0.376984126984127,77.37707442006993,89.28982024032878,170.68632666945012,183.6871491116269,211.94506298632064,0.0,40.02125952003135,0.08964350767629456,1260,9
final_refine_2m,2.0,646.0,450.0,787.2839386142715,1.0,1.0,0.0,1.0,0.24035909445745512,0.24035909445745512,1.0,0.37857142857142856,0.37857142857142856,77.08325085280782,89.04372700065447,170.16799415619164,183.13723077360152,211.317017897342,0.0,39.951959402242814,0.0907103825136612,1260,9
final_refine_2m,2.0,648.0,450.0,788.9258520292005,1.0,1.0,0.0,1.0,0.2441582097319802,0.2441582097319802,1.0,0.3825396825396825,0.3825396825396825,76.79050204751695,88.79853572841763,169.63457380853515,182.5883842163015,210.69015614028766,0.0,39.883117209985805,0.09177725735102785,1260,9
final_refine_2m,2.0,650.0,450.0,790.5694150420949,1.0,1.0,0.0,1.0,0.25901639344262295,0.25901639344262295,1.0,0.4,0.4,76.49882865596096,88.55424650389283,169.10226103545563,182.0406092227846,210.0644773036394,0.0,39.81467902850029,0.09359875097580016,1260,9
final_refine_2m,2.0,652.0,450.0,792.2146173859708,1.0,1.0,0.0,1.0,0.25818371064272705,0.25818371064272705,1.0,0.3968253968253968,0.3968253968253968,76.20823133481642,88.31085940274156,168.5710556810104,181.49390558078005,209.43998098025747,0.0,39.7466922155667,0.0946656258131668,1260,9
final_refine_2m,2.0,654.0,450.0,793.8614488687557,1.0,1.0,0.0,1.0,0.25589383294301327,0.25589383294301327,1.0,0.3880952380952381,0.3880952380952381,75.91871074558466,88.06837449597472,168.04095759462956,180.9482730827065,208.81666676742572,0.0,39.67908149856873,0.09346864428831642,1260,9
final_refine_2m,2.0,656.0,450.0,795.5098993727231,1.0,1.0,0.0,1.0,0.2546448087431694,0.2546448087431694,1.0,0.38333333333333336,0.38333333333333336,75.63026755450218,87.82679184991726,167.51196663116488,180.4037115257059,208.19453426686516,0.0,39.61189060264826,0.09227166276346604,1260,9
final_refine_2m,2.0,658.0,450.0,797.1599588539304,1.0,1.0,0.0,1.0,0.2546448087431694,0.2546448087431694,1.0,0.38333333333333336,0.38333333333333336,75.3429024324454,87.58626739405373,166.9880232082051,179.86022071166997,207.57358308475952,0.0,39.545056448208655,0.09107468123861566,1260,9
final_refine_2m,2.0,660.0,450.0,798.8116173416608,1.0,1.0,0.0,1.0,0.2546448087431694,0.2546448087431694,1.0,0.38333333333333336,0.38333333333333336,75.07399951076204,87.34818968914435,166.48308940990802,179.31780044726813,206.95381283177957,0.0,39.47833961825108,0.08987769971376529,1260,9
final_refine_2m,2.0,662.0,450.0,800.4648649378685,1.0,1.0,0.0,1.0,0.2546448087431694,0.2546448087431694,1.0,0.38333333333333336,0.38333333333333336,74.81142547072609,87.11101451031223,165.9791717028076,178.77645054397402,206.3352231231168,0.0,39.41115888741187,0.08868071818891492,1260,9
final_refine_2m,2.0,664.0,450.0,802.1196918166265,1.0,1.0,0.0,1.0,0.2546448087431694,0.2546448087431694,1.0,0.38333333333333336,0.38333333333333336,74.54977903529976,86.87474199699116,165.47627000051367,178.23617081809766,205.71781357849818,0.0,39.34351347231285,0.08748373666406453,1260,9
final_refine_2m,2.0,666.0,450.0,803.7760882235798,1.0,1.0,0.0,1.0,0.25253708040593287,0.25253708040593287,1.0,0.3761904761904762,0.3761904761904762,74.28906088115954,86.6393708241109,164.97438422163188,177.6969610908053,205.10158382221812,0.0,39.27540261518349,0.08844652615144419,1260,9
final_refine_2m,2.0,668.0,450.0,805.4340444753996,1.0,1.0,0.0,1.0,0.2356752537080406,0.2356752537080406,1.0,0.3523809523809524,0.3523809523809524,74.02927168898294,86.40489809426167,164.47351428980332,177.1588211881568,204.48653348315457,0.0,39.20696369484532,0.09156908665105386,1260,9
final_refine_2m,2.0,670.0,450.0,807.0935509592429,1.0,1.0,0.0,1.0,0.23497267759562843,0.23497267759562843,1.0,0.35,0.35,73.77041214337342,86.17132437977237,163.97366013372226,176.6217509411343,203.87266219481776,0.0,39.13895503205862,0.0932864949258392,1260,9
final_refine_2m,2.0,672.0,450.0,808.7545981322146,1.0,1.0,0.0,1.0,0.23497267759562843,0.23497267759562843,1.0,0.35,0.35,73.51248293278589,85.93865076451789,163.47482168717727,176.0857501856617,203.2599695953487,0.0,39.07139786693009,0.095160031225605,1260,9
final_refine_2m,2.0,674.0,450.0,810.4171765208337,1.0,1.0,0.0,1.0,0.24868592245641427,0.24868592245641427,1.0,0.36587301587301585,0.36587301587301585,73.25548474943879,85.70688070750757,162.97699888908008,175.5508187626463,202.64845532756365,0.0,39.00431449641997,0.09625292740046838,1260,9
final_refine_2m,2.0,676.0,450.0,812.0812767205017,1.0,1.0,0.0,1.0,0.2526151444184231,0.2526151444184231,1.0,0.36984126984126986,0.36984126984126986,72.99941828923991,85.47601357110395,162.4801916834825,175.01695651799173,202.03811903897673,0.0,38.93767497484908,0.09812646370023419,1260,9
final_refine_2m,2.0,678.0,450.0,813.7468893949764,1.0,1.0,0.0,1.0,0.2544106167056987,0.2544106167056987,1.0,0.36984126984126986,0.36984126984126986,72.74428425169233,85.2460474064277,161.984400019622,174.48416330264948,201.4289603818205,0.0,38.87146854026742,0.09765807962529274,1260,9
final_refine_2m,2.0,680.0,450.0,815.4140052758476,1.0,1.0,0.0,1.0,0.2537861046057767,0.2537861046057767,1.0,0.36428571428571427,0.36428571428571427,72.4900833398117,85.0169695594497,161.4896238519505,173.96619642634693,200.82097901308572,0.0,38.80569159909389,0.09640905542544886,1260,9
final_refine_2m,2.0,682.0,450.0,817.0826151620165,1.0,1.0,0.0,1.0,0.2540202966432475,0.2540202966432475,1.0,0.3595238095238095,0.3595238095238095,72.23681626003555,84.78878525295615,160.99586314014712,173.47654570410768,200.21417459453832,0.0,38.7403168271221,0.095160031225605,1260,9
final_refine_2m,2.0,684.0,450.0,818.7527099191794,1.0,1.0,0.0,1.0,0.25659640905542547,0.25659640905542547,1.0,0.3619047619047619,0.3619047619047619,71.98448372212735,84.56256497974553,160.50311784917764,172.98780282582305,199.60854679274595,0.0,38.67530728844429,0.09391100702576112,1260,9
final_refine_2m,2.0,686.0,450.0,820.4242804793139,1.0,1.0,0.0,1.0,0.25917252146760345,0.25917252146760345,1.0,0.36428571428571427,0.36428571428571427,71.73308643908146,84.3379753566738,160.01138794929918,172.4999677263256,199.0040952791142,0.0,38.610018362568475,0.09266198282591726,1260,9
final_refine_2m,2.0,688.0,450.0,822.0973178401691,1.0,1.0,0.0,1.0,0.2617486338797814,0.2617486338797814,1.0,0.36666666666666664,0.36666666666666664,71.48262512702911,84.11428934588065,159.52067341610692,172.0130403446849,198.40081972990927,0.0,38.544255733605226,0.09141295862607338,1260,9
final_refine_2m,2.0,690.0,450.0,823.7718130647588,1.0,1.0,0.0,1.0,0.2617486338797814,0.2617486338797814,1.0,0.36666666666666664,0.36666666666666664,71.23310050513281,83.89150813780168,159.04295473730903,171.52702062420414,197.79871982629012,0.0,38.47801866085316,0.09016393442622951,1260,9
final_refine_2m,2.0,692.0,450.0,825.447757280859,1.0,1.0,0.0,1.0,0.25610200364298724,0.25610200364298724,1.0,0.35714285714285715,0.35714285714285715,70.98451329548544,83.669629598867,158.57473937564467,171.04190851246943,197.19779525432963,0.0,38.41130643047612,0.09339058027582618,1260,9
final_refine_2m,2.0,694.0,450.0,827.1251416805078,1.0,1.0,0.0,1.0,0.24215456674473068,0.24215456674473068,1.0,0.3380952380952381,0.3380952380952381,70.73686422299976,83.44866179430791,158.10745534670315,170.55770396135324,196.59804570505418,0.0,38.34467937726232,0.09661722612542285,1260,9
final_refine_2m,2.0,696.0,450.0,828.8039575195089,1.0,1.0,0.0,1.0,0.24043715846994534,0.24043715846994534,1.0,0.3333333333333333,0.3333333333333333,70.49015401530829,83.22859994390068,157.64110267296766,170.07440692705273,195.99947087445244,0.0,38.27855631479121,0.09773614363778298,1260,9
final_refine_2m,2.0,698.0,450.0,830.48419611694,1.0,1.0,0.0,1.0,0.24184231069476972,0.24184231069476972,1.0,0.3349206349206349,0.3349206349206349,70.2443834026419,83.0094481869543,157.17568138184598,169.59201737011378,195.40207046353484,0.0,38.212944296274465,0.09966172261254229,1260,9
final_refine_2m,2.0,700.0,450.0,832.1658488546619,1.0,1.0,0.0,1.0,0.25519125683060107,0.25519125683060107,1.0,0.35,0.35,69.9995531177209,82.79120076185855,156.7111915057062,169.11053525544523,194.80584417833884,0.0,38.14778499154921,0.10078064012490243,1260,9
final_refine_2m,2.0,702.0,450.0,833.8489071768338,1.0,1.0,0.0,1.0,0.25519125683060107,0.25519125683060107,1.0,0.35,0.35,69.75566389563338,82.5738583085273,156.24763308191297,168.62996055236184,194.2107917299626,0.0,38.08312840953034,0.10189955763726255,1260,9
final_refine_2m,2.0,704.0,450.0,835.5333625894301,1.0,1.0,0.0,1.0,0.25456674473067914,0.25456674473067914,1.0,0.3484126984126984,0.3484126984126984,69.51271647372138,82.3574214865757,155.78500615283997,168.15029323458526,193.6169128346005,0.0,38.01889253598195,0.10059849076242519,1260,9
final_refine_2m,2.0,706.0,450.0,837.2192066597612,1.0,1.0,0.0,1.0,0.25206869633099144,0.25206869633099144,1.0,0.34206349206349207,0.34206349206349207,69.27071159145014,82.1419015324656,155.3233107659125,167.67153328029826,193.0242072135765,0.0,37.955124251895015,0.09929742388758782,1260,9
final_refine_2m,2.0,708.0,450.0,838.9064310159984,1.0,1.0,0.0,1.0,0.24957064793130368,0.24957064793130368,1.0,0.3357142857142857,0.3357142857142857,69.02964999028657,81.92747658413512,154.86254697363324,167.1936806721426,192.43267459336278,0.0,37.89175368011326,0.09799635701275046,1260,9
final_refine_2m,2.0,710.0,450.0,840.5950273467004,1.0,1.0,0.0,1.0,0.24863387978142076,0.24863387978142076,1.0,0.3333333333333333,0.3333333333333333,68.7895324135657,81.71565751979038,154.40271483360652,166.71673539726558,191.84231470561843,0.0,37.828528833014914,0.09669529013791309,1260,9
final_refine_2m,2.0,712.0,450.0,842.2849874003454,1.0,1.0,0.0,1.0,0.24863387978142076,0.24863387978142076,1.0,0.3333333333333333,0.3333333333333333,68.55035960636253,81.50474429684974,153.94381440857262,166.24069744733475,191.2531272872187,0.0,37.76482163886148,0.09539422326307573,1260,9
final_refine_2m,2.0,714.0,450.0,843.9763029848647,1.0,1.0,0.0,1.0,0.2504033307311996,0.2504033307311996,1.0,0.3349206349206349,0.3349206349206349,68.31213231535565,81.29473711965984,153.4858457664334,165.76556681856792,190.66511208028206,0.0,37.70063137696613,0.09409315638823836,1260,9
final_refine_2m,2.0,716.0,450.0,845.6689659671804,1.0,1.0,0.0,1.0,0.25305750715586783,0.25305750715586783,1.0,0.3373015873015873,0.3373015873015873,68.07485128868504,81.08563618648282,153.02880898028653,165.2913435117624,190.07826883220633,0.0,37.63595735468188,0.0951079885506115,1260,9
final_refine_2m,2.0,718.0,450.0,847.3629682727467,1.0,1.0,0.0,1.0,0.23817330210772833,0.23817330210772833,1.0,0.319047619047619,0.319047619047619,67.83851727581181,80.87744168945004,152.57270412845324,164.81802753230863,189.49259729570483,0.0,37.570946039258025,0.09843871975019516,1260,9
final_refine_2m,2.0,720.0,450.0,849.0583018850944,1.0,1.0,0.0,1.0,0.23812125943273485,0.23812125943273485,1.0,0.31507936507936507,0.31507936507936507,67.6031310273763,80.67015381451738,152.12635627773005,164.3456188902355,188.9080972288259,0.0,37.50641354671818,0.10026021337496747,1260,9
final_refine_2m,2.0,722.0,450.0,850.7549588453775,1.0,1.0,0.0,1.0,0.23840749414519907,0.23840749414519907,1.0,0.3119047619047619,0.3119047619047619,67.36869329504442,80.46377274142084,151.69133705276462,163.87411760022394,188.32476839498696,0.0,37.442385532028354,0.10223783502472027,1260,9
final_refine_2m,2.0,724.0,450.0,852.4529312519255,1.0,1.0,0.0,1.0,0.25383814728077025,0.25383814728077025,1.0,0.3277777777777778,0.3277777777777778,67.13520483135933,80.25829864363354,151.25717221288483,163.40352368163292,187.74261056302146,0.0,37.37888477601374,0.10338277387457716,1260,9
final_refine_2m,2.0,726.0,450.0,854.1522112597964,1.0,1.0,0.0,1.0,0.2586781160551652,0.2586781160551652,1.0,0.3325396825396825,0.3325396825396825,66.90266638958428,80.05373168832334,150.8238618729487,162.93383715853813,187.16162350719392,0.0,37.315877923159164,0.10536039552432995,1260,9
final_refine_2m,2.0,728.0,450.0,855.8527910803352,1.0,1.0,0.0,1.0,0.25956284153005466,0.25956284153005466,1.0,0.3333333333333333,0.3333333333333333,66.67107872354778,79.85007203631164,150.38450995204082,162.46505805974584,186.58180700723693,0.0,37.2533527420981,0.104839968774395,1260,9
final_refine_2m,2.0,730.0,450.0,857.5546629807338,1.0,1.0,0.0,1.0,0.2591985428051002,0.2591985428051002,1.0,0.3325396825396825,0.3325396825396825,66.44044258747608,79.64731984203289,149.8902241353162,161.99718641882583,186.00316084839443,0.0,37.19130426315454,0.10348685922456415,1260,9
final_refine_2m,2.0,630.0,452.0,775.3734584056898,1.0,1.0,0.0,1.0,0.2459016393442623,0.2459016393442623,1.0,0.4,0.4,79.2986137193041,90.816874915702,173.5492835222059,186.8618758766497,215.46872623232875,0.0,40.40178352228718,0.0893312516263336,1260,9
final_refine_2m,2.0,632.0,452.0,776.99935649909,1.0,1.0,0.0,1.0,0.2459016393442623,0.2459016393442623,1.0,0.4,0.4,78.99895951980496,90.56418326173406,173.03290013623933,186.30754537471665,214.83614787612,0.0,40.333279182996236,0.0881863127764767,1260,9
final_refine_2m,2.0,634.0,452.0,778.6269967063819,1.0,1.0,0.0,1.0,0.2459016393442623,0.2459016393442623,1.0,0.4,0.4,78.70036960263863,90.31331167530597,172.52680888185526,185.7542819672199,214.2047481178045,0.0,40.26509664636327,0.08704137392661983,1260,9
final_refine_2m,2.0,636.0,452.0,780.2563681252464,1.0,1.0,0.0,1.0,0.24756700494405412,0.24756700494405412,1.0,0.4015873015873016,0.4015873015873016,78.40284457457247,90.0640235780084,172.0514021196013,185.2020854133999,213.57452652658677,0.0,40.1966504349082,0.08589643507676295,1260,9
final_refine_2m,2.0,638.0,452.0,781.8874599326939,1.0,1.0,0.0,1.0,0.24923237054384595,0.24923237054384595,1.0,0.4031746031746032,0.4031746031746032,78.10638504762436,89.81563191423518,171.5768578781709,184.65095547694318,212.94548267586023,0.0,40.12775249805238,0.08475149622690606,1260,9
final_refine_2m,2.0,640.0,452.0,783.5202613844775,1.0,1.0,0.0,1.0,0.25045537340619306,0.25045537340619306,1.0,0.4,0.4,77.81099163900122,89.56813678523127,171.10317608151522,184.10089192600358,212.31761614324165,0.0,40.058402048539996,0.08436117616445485,1260,9
final_refine_2m,2.0,642.0,452.0,785.15476181451,1.0,1.0,0.0,1.0,0.24652615144418424,0.24652615144418424,1.0,0.3873015873015873,0.3873015873015873,77.51666497102161,89.32153828787213,170.60053943064284,183.55189453325067,211.6909265105825,0.0,39.98859832327336,0.08737965131407754,1260,9
final_refine_2m,2.0,644.0,452.0,786.7909506342838,1.0,1.0,0.0,1.0,0.23786104605776737,0.23786104605776737,1.0,0.3761904761904762,0.3761904761904762,77.22340567104105,89.07583651462288,170.06795322772297,183.00396307586573,211.06541336400264,0.0,39.918878005121734,0.08964350767629456,1260,9
final_refine_2m,2.0,646.0,452.0,788.4288173322941,1.0,1.0,0.0,1.0,0.24035909445745512,0.24035909445745512,1.0,0.37857142857142856,0.37857142857142856,76.93121437138166,88.83103155349805,169.536468325341,182.45709733559445,210.44107629389427,0.0,39.849597145297416,0.09146500130106687,1260,9
final_refine_2m,2.0,648.0,452.0,790.0683514734659,1.0,1.0,0.0,1.0,0.24285714285714285,0.24285714285714285,1.0,0.38095238095238093,0.38095238095238093,76.6400917092445,88.58712348802264,169.0060845646797,181.91129709875463,209.8179148949822,0.0,39.78077230868848,0.09253187613843351,1260,9
final_refine_2m,2.0,650.0,452.0,791.7095426985834,1.0,1.0,0.0,1.0,0.25901639344262295,0.25901639344262295,1.0,0.4,0.4,76.35003832663281,88.34411239719363,168.4768017921768,181.36656215627167,209.19592876630412,0.0,39.71234504708239,0.09359875097580016,1260,9
final_refine_2m,2.0,652.0,452.0,793.3523807237235,1.0,1.0,0.0,1.0,0.258600052042675,0.258600052042675,1.0,0.3984126984126984,0.3984126984126984,76.06105487026379,88.10199835544202,167.94861985958758,180.82289230370125,208.57511751126887,0.0,39.644364403303804,0.0946656258131668,1260,9
final_refine_2m,2.0,654.0,452.0,794.9968553396925,1.0,1.0,0.0,1.0,0.2563101743429612,0.2563101743429612,1.0,0.3896825396825397,0.3896825396825397,75.77314199148171,87.86078143259675,167.42153862398555,180.28028734126468,207.95548073766503,0.0,39.5767537384792,0.09346864428831642,1260,9
final_refine_2m,2.0,656.0,452.0,796.6429564114654,1.0,1.0,0.0,1.0,0.2546448087431694,0.2546448087431694,1.0,0.38333333333333336,0.38333333333333336,75.48630034616929,87.6204616938482,166.91520710938968,179.73874707385949,207.3370180576787,0.0,39.50956139080075,0.09227166276346604,1260,9
final_refine_2m,2.0,658.0,452.0,798.2906738776296,1.0,1.0,0.0,1.0,0.2546448087431694,0.2546448087431694,1.0,0.38333333333333336,0.38333333333333336,75.21570109964809,87.38116519902893,166.41197131907293,179.19827131110452,206.71972908794373,0.0,39.44271698698355,0.09107468123861566,1260,9
final_refine_2m,2.0,660.0,452.0,799.9399977498313,1.0,1.0,0.0,1.0,0.2546448087431694,0.2546448087431694,1.0,0.38333333333333336,0.38333333333333336,74.95351535345611,87.14433776350815,165.90974611810472,178.6588598673536,206.1036134495303,0.0,39.376006117373116,0.08987769971376529,1260,9
final_refine_2m,2.0,662.0,452.0,801.5909181122252,1.0,1.0,0.0,1.0,0.2546448087431694,0.2546448087431694,1.0,0.38333333333333336,0.38333333333333336,74.69225187859156,86.90840777165839,165.4085314214199,178.12051256173407,205.48867076801073,0.0,39.30883427086732,0.08868071818891492,1260,9
final_refine_2m,2.0,664.0,452.0,803.2434251209281,1.0,1.0,0.0,1.0,0.2546448087431694,0.2546448087431694,1.0,0.38333333333333336,0.38333333333333336,74.43191133796813,86.67337536092073,164.90832714888387,177.5832292181653,204.87490067344305,0.0,39.24120067344692,0.08748373666406453,1260,9
final_refine_2m,2.0,666.0,452.0,804.8975090034755,1.0,1.0,0.0,1.0,0.2530054644808743,0.2530054644808743,1.0,0.37777777777777777,0.37777777777777777,74.17249439841999,86.43924027707355,164.40913322531722,177.0470096653905,204.26230280043538,0.0,39.17310457638656,0.08922716627634661,1260,9
final_refine_2m,2.0,668.0,452.0,806.5531600582816,1.0,1.0,0.0,1.0,0.23590944574551131,0.23590944574551131,1.0,0.3531746031746032,0.3531746031746032,73.9140017306241,86.20599934910958,163.91094958053714,176.5118537370056,203.6508767881356,0.0,39.10469227738994,0.09234972677595628,1260,9
final_refine_2m,2.0,670.0,452.0,808.2103686541024,1.0,1.0,0.0,1.0,0.23497267759562843,0.23497267759562843,1.0,0.35,0.35,73.6564340090235,85.97365197321493,163.41377614937295,175.97776127149146,203.04062228029136,0.0,39.03671168282427,0.0940671350507416,1260,9
final_refine_2m,2.0,672.0,452.0,809.8691252295027,1.0,1.0,0.0,1.0,0.23497267759562843,0.23497267759562843,1.0,0.35,0.35,73.39979191174905,85.74219913410883,162.91761287171045,175.44473211223325,202.43153892524364,0.0,38.96917878341702,0.095160031225605,1260,9
final_refine_2m,2.0,674.0,452.0,811.5294202923268,1.0,1.0,0.0,1.0,0.24665625813166797,0.24665625813166797,1.0,0.3634920634920635,0.3634920634920635,73.14407612053647,85.51164341616706,162.42245969250715,174.91276610755315,201.82362637598553,0.0,38.90211212026903,0.0970335675253708,1260,9
final_refine_2m,2.0,676.0,452.0,813.1912444191711,1.0,1.0,0.0,1.0,0.25175644028103045,0.25175644028103045,1.0,0.36904761904761907,0.36904761904761907,72.88928732064595,85.28198623892952,161.92831656182256,174.3858152359633,201.21688429015745,0.0,38.83548510998811,0.09812646370023419,1260,9
final_refine_2m,2.0,678.0,452.0,814.8545882548616,1.0,1.0,0.0,1.0,0.25381212594327346,0.25381212594327346,1.0,0.36984126984126986,0.36984126984126986,72.63542620077064,85.05322695618918,161.43518343486375,173.89677726463856,200.61131233009343,0.0,38.76928710601128,0.09765807962529274,1260,9
final_refine_2m,2.0,680.0,452.0,816.5194425119344,1.0,1.0,0.0,1.0,0.25404631798074423,0.25404631798074423,1.0,0.36507936507936506,0.36507936507936506,72.38249345295385,84.82535487862448,160.94306027199696,173.4086427508677,200.00691016284736,0.0,38.70351153958886,0.09640905542544886,1260,9
final_refine_2m,2.0,682.0,452.0,818.1857979701188,1.0,1.0,0.0,1.0,0.25428051001821494,0.25428051001821494,1.0,0.3603174603174603,0.3603174603174603,72.13048977249413,84.59836791898825,160.45194703878778,172.92141162639498,199.4036774602083,0.0,38.6381374098137,0.095160031225605,1260,9
final_refine_2m,2.0,684.0,452.0,819.8536454758251,1.0,1.0,0.0,1.0,0.25659640905542547,0.25659640905542547,1.0,0.3619047619047619,0.3619047619047619,71.87941585785345,84.37330255308657,159.96184370602344,172.4350838270984,198.80161389874195,0.0,38.57312553540245,0.09391100702576112,1260,9
final_refine_2m,2.0,686.0,452.0,821.5229759416349,1.0,1.0,0.0,1.0,0.25917252146760345,0.25917252146760345,1.0,0.36428571428571427,0.36428571428571427,71.62927241056332,84.14989627673455,159.47760438682567,171.94965929303166,198.20071915980463,0.0,38.50784799738487,0.09266198282591726,1260,9
final_refine_2m,2.0,688.0,452.0,823.1937803457944,1.0,1.0,0.0,1.0,0.2617486338797814,0.2617486338797814,1.0,0.36666666666666664,0.36666666666666664,71.38006013511892,83.92738666669513,159.00989823176675,171.46513796843672,197.60099292958697,0.0,38.44209979891123,0.09141295862607338,1260,9
final_refine_2m,2.0,690.0,452.0,824.8660497317125,1.0,1.0,0.0,1.0,0.2617486338797814,0.2617486338797814,1.0,0.36666666666666664,0.36666666666666664,71.13177973888678,83.70577643220874,158.5431187093051,170.98151980177778,197.00243489912137,0.0,38.37588020841852,0.09097059588862867,1260,9
final_refine_2m,2.0,692.0,452.0,826.5397752074609,1.0,1.0,0.0,1.0,0.25594587561800675,0.25594587561800675,1.0,0.35793650793650794,0.35793650793650794,70.88443193199433,83.48506533393031,158.07726583686156,170.4988047457488,196.40504476432977,0.0,38.309188520881,0.09419724173822534,1260,9
final_refine_2m,2.0,694.0,452.0,828.2149479452783,1.0,1.0,0.0,1.0,0.2424408014571949,0.2424408014571949,1.0,0.3388888888888889,0.3388888888888889,70.63801742722879,83.26525507231906,157.61233963670458,170.01699275732187,195.80882222604004,0.0,38.24260037651347,0.09661722612542285,1260,9
final_refine_2m,2.0,696.0,452.0,829.8915591810776,1.0,1.0,0.0,1.0,0.24043715846994534,0.24043715846994534,1.0,0.3333333333333333,0.3333333333333333,70.39253693992252,83.04635017547216,157.14834013596325,169.53608379774184,195.21376699002397,0.0,38.17650555761789,0.09854280510018215,1260,9
final_refine_2m,2.0,698.0,452.0,831.5696002139568,1.0,1.0,0.0,1.0,0.24113973458235755,0.24113973458235755,1.0,0.3341269841269841,0.3341269841269841,70.14799118784326,82.82834619590933,156.6852673666552,169.05607783258242,194.61987876701045,0.0,38.11091972616737,0.09966172261254229,1260,9
final_refine_2m,2.0,700.0,452.0,833.2490624057132,1.0,1.0,0.0,1.0,0.25519125683060107,0.25519125683060107,1.0,0.35,0.35,69.9043808910822,82.61124624241432,156.22312136572134,168.5769748317432,194.02715727273105,0.0,38.04577967197047,0.10158730158730159,1260,9
final_refine_2m,2.0,702.0,452.0,834.9299371803601,1.0,1.0,0.0,1.0,0.25519125683060107,0.25519125683060107,1.0,0.35,0.35,69.66170677192994,82.39504409304779,155.76190217504603,168.09877476949183,193.43560222794827,0.0,37.981137230541705,0.10189955763726255,1260,9
final_refine_2m,2.0,704.0,452.0,836.6122160236486,1.0,1.0,0.0,1.0,0.25487900078064013,0.25487900078064013,1.0,0.3492063492063492,0.3492063492063492,69.41996955476237,82.17974272882272,155.3016098414965,167.6214776244865,192.84521335846745,0.0,37.916908927574525,0.10059849076242519,1260,9
final_refine_2m,2.0,706.0,452.0,838.2958904825908,1.0,1.0,0.0,1.0,0.2523809523809524,0.2523809523809524,1.0,0.34285714285714286,0.34285714285714286,69.17916996591396,81.96534698860542,154.84224441693763,167.14508337979044,192.25599039518463,0.0,37.85314661323172,0.09929742388758782,1260,9
final_refine_2m,2.0,708.0,452.0,839.9809521649881,1.0,1.0,0.0,1.0,0.24988290398126464,0.24988290398126464,1.0,0.33650793650793653,0.33650793650793653,68.93930873355072,81.75201009892194,154.38380595826897,166.66959202291378,191.66793307411615,0.0,37.78977257984816,0.09799635701275046,1260,9
final_refine_2m,2.0,710.0,452.0,841.6673927389608,1.0,1.0,0.0,1.0,0.24863387978142076,0.24863387978142076,1.0,0.3333333333333333,0.3333333333333333,68.70038658754315,81.54130868300344,153.9262945274564,166.19500354582473,191.08104113641633,0.0,37.726561696618035,0.09669529013791309,1260,9
final_refine_2m,2.0,712.0,452.0,843.355203932483,1.0,1.0,0.0,1.0,0.24863387978142076,0.24863387978142076,1.0,0.3333333333333333,0.3333333333333333,68.46240425933054,81.33150797280446,153.46971019155183,165.72131794498213,190.4953143284187,0.0,37.66287161726462,0.09539422326307573,1260,9
final_refine_2m,2.0,714.0,452.0,845.0443775329198,1.0,1.0,0.0,1.0,0.2504033307311996,0.2504033307311996,1.0,0.3349206349206349,0.3349206349206349,68.22536248178965,81.12260816979273,153.01405302272923,165.24853522135942,189.91075240165478,0.0,37.59870163032044,0.09409315638823836,1260,9
final_refine_2m,2.0,716.0,452.0,846.7349053865678,1.0,1.0,0.0,1.0,0.25305750715586783,0.25305750715586783,1.0,0.3373015873015873,0.3373015873015873,67.98926198909162,80.91460946941113,152.56020978529213,164.7766553804735,189.32735511290713,0.0,37.5340510520165,0.09594067135050742,1260,9
final_refine_2m,2.0,718.0,452.0,848.4267793981988,1.0,1.0,0.0,1.0,0.23851157949518606,0.23851157949518606,1.0,0.3198412698412698,0.3198412698412698,67.75410351656578,80.7075120610327,152.1255528739588,164.30567843240127,188.74512222421856,0.0,37.46907474168701,0.09843871975019516,1260,9
final_refine_2m,2.0,720.0,452.0,850.1199915306074,1.0,1.0,0.0,1.0,0.23879781420765028,0.23879781420765028,1.0,0.31666666666666665,0.31666666666666665,67.51988780054833,80.50131612791547,151.6917462545723,163.83560439182205,188.16405350292823,0.0,37.40458122762322,0.10109289617486339,1260,9
final_refine_2m,2.0,722.0,452.0,851.8145338041609,1.0,1.0,0.0,1.0,0.23874577153265678,0.23874577153265678,1.0,0.3126984126984127,0.3126984126984127,67.28661557823852,80.29602184715883,151.258790035787,163.36643327803023,187.58414872171068,0.0,37.34058687381824,0.10223783502472027,1260,9
final_refine_2m,2.0,724.0,452.0,853.5103982963535,1.0,1.0,0.0,1.0,0.2523809523809524,0.2523809523809524,1.0,0.3261904761904762,0.3261904761904762,67.05428758754418,80.09162938966077,150.82668433098527,162.89816511496036,187.00540765860745,0.0,37.27711164609357,0.10421545667447307,1260,9
final_refine_2m,2.0,726.0,452.0,855.2075771413628,1.0,1.0,0.0,1.0,0.2586781160551652,0.2586781160551652,1.0,0.3325396825396825,0.3325396825396825,66.82290456693414,79.88813892007546,150.35301263821512,162.43079993123013,186.42783009704902,0.0,37.214125814759846,0.10536039552432995,1260,9
final_refine_2m,2.0,728.0,452.0,856.90606252961,1.0,1.0,0.0,1.0,0.25956284153005466,0.25956284153005466,1.0,0.3333333333333333,0.3333333333333333,66.59246725526836,79.68555059677288,149.86044630652756,161.96433776015348,185.85141582589728,0.0,37.15161727997992,0.104839968774395,1260,9
final_refine_2m,2.0,730.0,452.0,858.6058467073235,1.0,1.0,0.0,1.0,0.25956284153005466,0.25956284153005466,1.0,0.3333333333333333,0.3333333333333333,66.36297639164772,79.48386457179804,149.40218406045997,161.4987786397621,185.27616463946802,0.0,37.08957788969818,0.10348685922456415,1260,9
final_refine_2m,2.0,630.0,454.0,776.541048496472,1.0,1.0,0.0,1.0,0.2459016393442623,0.2459016393442623,1.0,0.4,0.4,79.13563756056934,90.59650222035864,172.94175828371198,186.16498334373657,214.5733285977136,0.0,40.299805843201,0.08990372105126203,1260,9
final_refine_2m,2.0,632.0,454.0,778.1645070292013,1.0,1.0,0.0,1.0,0.2459016393442623,0.2459016393442623,1.0,0.4,0.4,78.83764023802247,90.34512334624344,172.46689978579545,185.6137170791893,213.94447010691673,0.0,40.23129610383295,0.08875878220140515,1260,9
final_refine_2m,2.0,634.0,454.0,779.7897152437957,1.0,1.0,0.0,1.0,0.2459016393442623,0.2459016393442623,1.0,0.4,0.4,78.54070119245459,90.09553003764333,171.9928998306939,185.06351165248546,213.31678258045625,0.0,40.16310540724424,0.08761384335154827,1260,9
final_refine_2m,2.0,636.0,454.0,781.4166622231702,1.0,1.0,0.0,1.0,0.24673432214415822,0.24673432214415822,1.0,0.4007936507936508,0.4007936507936508,78.2448210222207,89.84754224062223,171.51975833969345,184.51436683080112,212.69026559809674,0.0,40.09466365545553,0.08646890450169138,1260,9
final_refine_2m,2.0,638.0,454.0,783.0453371293389,1.0,1.0,0.0,1.0,0.24923237054384595,0.24923237054384595,1.0,0.4031746031746032,0.4031746031746032,77.95000033074204,89.60044586503642,171.03265112902167,183.9662823857213,212.06491874377355,0.0,40.025772968311244,0.0853239656518345,1260,9
final_refine_2m,2.0,640.0,454.0,784.6757292028344,1.0,1.0,0.0,1.0,0.25081967213114753,0.25081967213114753,1.0,0.4015873015873016,0.4015873015873016,77.65623972643945,89.35424101061045,170.50089201216565,183.41925809326773,211.44074160560822,0.0,39.95643256770314,0.08568826437678896,1260,9
final_refine_2m,2.0,642.0,454.0,786.3078277621303,1.0,1.0,0.0,1.0,0.2455633619568046,0.2455633619568046,1.0,0.3880952380952381,0.3880952380952381,77.36353982265804,89.10892777274472,169.97022799194622,182.8732937339383,210.81773377592816,0.0,39.88664169938554,0.08737965131407754,1260,9
final_refine_2m,2.0,644.0,454.0,787.9416222030665,1.0,1.0,0.0,1.0,0.23786104605776737,0.23786104605776737,1.0,0.3761904761904762,0.3761904761904762,77.07190123759622,88.86450624247512,169.44065890676978,182.32838909271425,210.19589485129387,0.0,39.81695109571779,0.09039812646370024,1260,9
final_refine_2m,2.0,646.0,454.0,789.5771019982785,1.0,1.0,0.0,1.0,0.24035909445745512,0.24035909445745512,1.0,0.37857142857142856,0.37857142857142856,76.78132459422156,88.62097650643278,168.9121846002133,181.7845439591057,209.5752244325204,0.0,39.74769017125354,0.09206349206349207,1260,9
final_refine_2m,2.0,648.0,454.0,791.2142566966296,1.0,1.0,0.0,1.0,0.24285714285714285,0.24285714285714285,1.0,0.38095238095238093,0.38095238095238093,76.49181052019333,88.37833864680559,168.38480492104355,181.2417581271588,208.95572212470125,0.0,39.67888338609269,0.09388498568826438,1260,9
final_refine_2m,2.0,650.0,454.0,792.8530759226453,1.0,1.0,0.0,1.0,0.25818371064272705,0.25818371064272705,1.0,0.39920634920634923,0.39920634920634923,76.2033596477803,88.13659274130005,167.8585197232559,180.70003139549377,208.3373875372338,0.0,39.61046779838927,0.09495186052563102,1260,9
final_refine_2m,2.0,652.0,454.0,794.4935493759531,1.0,1.0,0.0,1.0,0.25901639344262295,0.25901639344262295,1.0,0.4,0.4,75.91597261377416,87.89573886310372,167.34691114609342,180.15936356732686,207.72022028383574,0.0,39.54249412033322,0.09526411657559199,1260,9
final_refine_2m,2.0,654.0,454.0,796.135666830723,1.0,1.0,0.0,1.0,0.25693468644288314,0.25693468644288314,1.0,0.39206349206349206,0.39206349206349206,75.62965005939908,87.65577708084872,166.84435173086646,179.61975445049362,207.10421998258587,0.0,39.47488435802242,0.0940671350507416,1260,9
final_refine_2m,2.0,656.0,454.0,797.7794181351134,1.0,1.0,0.0,1.0,0.2546448087431694,0.2546448087431694,1.0,0.38333333333333336,0.38333333333333336,75.3573752293103,87.41670745857652,166.34279754755246,179.08120385748876,206.4893862559206,0.0,39.40769142194776,0.09287015352589123,1260,9
final_refine_2m,2.0,658.0,454.0,799.4247932107185,1.0,1.0,0.0,1.0,0.2546448087431694,0.2546448087431694,1.0,0.38333333333333336,0.38333333333333336,75.0955747631465,87.17862976544228,165.84224850752923,178.54371160547504,205.87571873069157,0.0,39.340841640361596,0.09167317200104086,1260,9
final_refine_2m,2.0,660.0,454.0,801.0717820520206,1.0,1.0,0.0,1.0,0.2546448087431694,0.2546448087431694,1.0,0.38333333333333336,0.38333333333333336,74.83469129423835,86.94303642304459,165.34270452701577,178.00727751632434,205.26321703816498,0.0,39.274133597589824,0.09047619047619047,1260,9
final_refine_2m,2.0,662.0,454.0,802.7203747258444,1.0,1.0,0.0,1.0,0.2546448087431694,0.2546448087431694,1.0,0.38333333333333336,0.38333333333333336,74.57472547203815,86.70833898662693,164.84416552708586,177.47190141663773,204.6518808140566,0.0,39.2069714094532,0.0892792089513401,1260,9
final_refine_2m,2.0,664.0,454.0,804.3705613708149,1.0,1.0,0.0,1.0,0.2546448087431694,0.2546448087431694,1.0,0.38333333333333336,0.38333333333333336,74.31567794982689,86.47453409942082,164.34663143371432,176.93758313777641,204.04170969855272,0.0,39.13935037845233,0.08808222742648972,1260,9
final_refine_2m,2.0,666.0,454.0,806.0223321968194,1.0,1.0,0.0,1.0,0.2534738485558158,0.2534738485558158,1.0,0.37936507936507935,0.37936507936507935,74.05754938465016,86.24162189203422,163.8501021777894,176.40432251588598,203.43270333634004,0.0,39.071269764813586,0.09000780640124903,1260,9
final_refine_2m,2.0,668.0,454.0,807.6756774844715,1.0,1.0,0.0,1.0,0.23637782982045277,0.23637782982045277,1.0,0.3547619047619048,0.3547619047619048,73.8003404372382,86.0096001580335,163.3545776951503,175.8721193919324,202.82486137662815,0.0,39.002887267445814,0.09234972677595628,1260,9
final_refine_2m,2.0,670.0,454.0,809.330587584579,1.0,1.0,0.0,1.0,0.23497267759562843,0.23497267759562843,1.0,0.35,0.35,73.54405177193316,85.77846700202711,162.86005792661885,175.34097361171683,202.2181834731803,0.0,38.934932784103005,0.09547228727556596,1260,9
final_refine_2m,2.0,672.0,454.0,810.987052917616,1.0,1.0,0.0,1.0,0.23497267759562843,0.23497267759562843,1.0,0.35,0.35,73.28868405660197,85.54822254222957,162.36654281801202,174.81088502591325,201.6126692843237,0.0,38.86742479203614,0.09656518345042935,1260,9
final_refine_2m,2.0,674.0,454.0,812.6450639731961,1.0,1.0,0.0,1.0,0.24444444444444444,0.24444444444444444,1.0,0.3611111111111111,0.3611111111111111,73.03423796256226,85.31886966345054,161.87403232019196,174.31670731956498,201.00831847299835,0.0,38.80037554628878,0.09765807962529274,1260,9
final_refine_2m,2.0,676.0,454.0,814.3046113095517,1.0,1.0,0.0,1.0,0.25175644028103045,0.25175644028103045,1.0,0.36904761904761907,0.36904761904761907,72.78071416449211,85.09040951995152,161.38252638908077,173.82917627702602,200.40513070676738,0.0,38.73376179509451,0.09953161592505855,1260,9
final_refine_2m,2.0,678.0,454.0,815.9656855530139,1.0,1.0,0.0,1.0,0.2543325526932084,0.2543325526932084,1.0,0.37142857142857144,0.37142857142857144,72.52811334034786,84.8628429208674,160.8920249856966,173.3425442775024,199.80310565784146,0.0,38.66757300570098,0.09828259172521468,1260,9
final_refine_2m,2.0,680.0,454.0,817.628277397498,1.0,1.0,0.0,1.0,0.25456674473067914,0.25456674473067914,1.0,0.36666666666666664,0.36666666666666664,72.2764361712723,84.63616448099349,160.402528076174,172.8568112537918,199.2022430031193,0.0,38.60179965941566,0.0970335675253708,1260,9
final_refine_2m,2.0,682.0,454.0,819.2923776039906,1.0,1.0,0.0,1.0,0.2539422326307572,0.2539422326307572,1.0,0.3611111111111111,0.3611111111111111,72.0256833415045,84.41036267975072,159.9140356318123,172.37197714279083,198.60254242420342,0.0,38.53642702308798,0.09578454332552694,1260,9
final_refine_2m,2.0,684.0,454.0,820.9579770000411,1.0,1.0,0.0,1.0,0.25573770491803277,0.25573770491803277,1.0,0.3611111111111111,0.3611111111111111,71.7758555382863,84.18644426073372,159.44463580019703,171.88804188550716,198.0040036074307,0.0,38.471413689203274,0.09453551912568306,1260,9
final_refine_2m,2.0,686.0,454.0,822.6250664792558,1.0,1.0,0.0,1.0,0.25831381733021075,0.25831381733021075,1.0,0.3634920634920635,0.3634920634920635,71.52695345176376,83.96420564002855,158.97835694408823,171.40500542708708,197.40662624389753,0.0,38.40614829706414,0.0932864949258392,1260,9
final_refine_2m,2.0,688.0,454.0,824.293637000796,1.0,1.0,0.0,1.0,0.2608899297423888,0.2608899297423888,1.0,0.36587301587301585,0.36587301587301585,71.27897777488849,83.74286297233986,158.51300008197103,170.92286771683698,196.81041002949576,0.0,38.340415260659356,0.09203747072599532,1260,9
final_refine_2m,2.0,690.0,454.0,825.9636795888788,1.0,1.0,0.0,1.0,0.2617486338797814,0.2617486338797814,1.0,0.36666666666666664,0.36666666666666664,71.03192920332005,83.52241146673579,158.04856523111292,170.44162870825338,196.21535466492912,0.0,38.274213857467,0.09240176945094977,1260,9
final_refine_2m,2.0,692.0,454.0,827.6351853322815,1.0,1.0,0.0,1.0,0.25550351288056206,0.25550351288056206,1.0,0.35793650793650794,0.35793650793650794,70.78580843531681,83.30285506722792,157.585052413547,169.96128835903934,195.62145985574094,0.0,38.20754339118009,0.09419724173822534,1260,9
final_refine_2m,2.0,694.0,454.0,829.3081453838495,1.0,1.0,0.0,1.0,0.24301327088212335,0.24301327088212335,1.0,0.3404761904761905,0.3404761904761905,70.5406161716321,83.0841936731154,157.12246165611083,169.48184663112661,195.02872531235468,0.0,38.14099466925743,0.09742388758782201,1260,9
final_refine_2m,2.0,696.0,454.0,830.9825509600066,1.0,1.0,0.0,1.0,0.24043715846994534,0.24043715846994534,1.0,0.3333333333333333,0.3333333333333333,70.29635311540476,82.86642995056613,156.6607929904603,169.00330349070904,194.43715075009055,0.0,38.07492870520387,0.09919333853760083,1260,9
final_refine_2m,2.0,698.0,454.0,832.6583933402701,1.0,1.0,0.0,1.0,0.24043715846994534,0.24043715846994534,1.0,0.3333333333333333,0.3333333333333333,70.05301997204221,82.64956606997204,156.20004645310462,168.52565890826,193.84673588920418,0.0,38.00936969162857,0.10111891751236013,1260,9
final_refine_2m,2.0,700.0,454.0,834.3356638667677,1.0,1.0,0.0,1.0,0.25519125683060107,0.25519125683060107,1.0,0.35,0.35,69.81061744911523,82.43359767114868,155.740222085427,168.04891285856166,193.257480454902,0.0,37.94424958115971,0.10223783502472027,1260,9
final_refine_2m,2.0,702.0,454.0,836.0143539437586,1.0,1.0,0.0,1.0,0.25519125683060107,0.25519125683060107,1.0,0.35,0.35,69.5691462562273,82.21852702439904,155.28131993372332,167.57306532072144,192.6693841773808,0.0,37.87962201884863,0.10255009107468124,1260,9
final_refine_2m,2.0,704.0,454.0,837.6944550371574,1.0,1.0,0.0,1.0,0.25519125683060107,0.25519125683060107,1.0,0.35,0.35,69.32860710490621,82.00434854065531,154.82334004922092,167.09811627820355,192.08244679185822,0.0,37.81540208224534,0.10124902419984387,1260,9
final_refine_2m,2.0,706.0,454.0,839.3759586740616,1.0,1.0,0.0,1.0,0.2530054644808743,0.2530054644808743,1.0,0.34444444444444444,0.34444444444444444,69.0890007084734,81.79106811543197,154.3662824881086,166.62406571885202,191.49666803858645,0.0,37.7516465467802,0.09994795732500651,1260,9
final_refine_2m,2.0,708.0,454.0,841.0588564422825,1.0,1.0,0.0,1.0,0.2505074160811866,0.2505074160811866,1.0,0.3380952380952381,0.3380952380952381,68.85032778191888,81.57881127308964,153.91014731156903,166.15091363491783,190.9120476629051,0.0,37.68827553210459,0.09864689045016914,1260,9
final_refine_2m,2.0,710.0,454.0,842.7431399898785,1.0,1.0,0.0,1.0,0.24863387978142076,0.24863387978142076,1.0,0.3333333333333333,0.3333333333333333,68.61258904177299,81.36921053178621,153.45493458580103,165.6786600230799,190.32858541525505,0.0,37.625073760944126,0.09734582357533177,1260,9
final_refine_2m,2.0,712.0,454.0,844.4288010246927,1.0,1.0,0.0,1.0,0.24863387978142076,0.24863387978142076,1.0,0.3333333333333333,0.3333333333333333,68.37578520597309,81.16051101678535,153.00064438205328,165.20730488446753,189.74628105121107,0.0,37.561401507875104,0.09604475670049441,1260,9
final_refine_2m,2.0,714.0,454.0,846.1158313138928,1.0,1.0,0.0,1.0,0.24951860525631017,0.24951860525631017,1.0,0.3341269841269841,0.3341269841269841,68.1399169937283,80.95270732291806,152.55937117276684,164.73684822470156,189.16513433151832,0.0,37.49725247966702,0.09474368982565703,1260,9
final_refine_2m,2.0,716.0,454.0,847.8042226835155,1.0,1.0,0.0,1.0,0.2521727816809784,0.2521727816809784,1.0,0.33650793650793653,0.33650793650793653,67.90498512538328,80.74579964281665,152.12592023651288,164.26729005389473,188.5851450221087,0.0,37.432626001333325,0.09594067135050742,1260,9
final_refine_2m,2.0,718.0,454.0,849.4939670180124,1.0,1.0,0.0,1.0,0.23830340879521208,0.23830340879521208,1.0,0.32063492063492066,0.32063492063492066,67.67099032227081,80.53978816310298,151.69331564355556,163.79863038670447,188.00631289415713,0.0,37.36768921090251,0.09927140255009108,1260,9
final_refine_2m,2.0,720.0,454.0,851.1850562598006,1.0,1.0,0.0,1.0,0.23825136612021858,0.23825136612021858,1.0,0.31666666666666665,0.31666666666666665,67.43793330657564,80.33467306434405,151.2615575011528,163.33086924234044,187.4286377240808,0.0,37.30323123034888,0.10260213374967474,1260,9
final_refine_2m,2.0,722.0,454.0,852.8774824088158,1.0,1.0,0.0,1.0,0.2381993234452251,0.2381993234452251,1.0,0.3126984126984127,0.3126984126984127,67.2058148011797,80.13045452100842,150.81512227467599,162.86400664458998,186.85211929359795,0.0,37.239271104247365,0.10307051782461618,1260,9
final_refine_2m,2.0,724.0,454.0,854.5712375220687,1.0,1.0,0.0,1.0,0.2500390320062451,0.2500390320062451,1.0,0.3238095238095238,0.3238095238095238,66.97463552951464,79.92713270142374,150.32314870486732,162.39804262186314,186.2767573897456,0.0,37.175822044893955,0.10504813947436899,1260,9
final_refine_2m,2.0,726.0,454.0,856.2663137132046,1.0,1.0,0.0,1.0,0.2586781160551652,0.2586781160551652,1.0,0.3325396825396825,0.3325396825396825,66.74439621540586,79.72470776773491,149.84645063017183,161.93297720719278,185.70255180490784,0.0,37.112857915276194,0.1068696330991413,1260,9
final_refine_2m,2.0,728.0,454.0,857.962703152066,1.0,1.0,0.0,1.0,0.25956284153005466,0.25956284153005466,1.0,0.3333333333333333,0.3333333333333333,66.51509758291625,79.52317987586355,149.39954378258923,161.46881043828398,185.12950233685925,0.0,37.05036674528021,0.10551652354931043,1260,9
final_refine_2m,2.0,730.0,454.0,859.6603980642589,1.0,1.0,0.0,1.0,0.25956284153005466,0.25956284153005466,1.0,0.3333333333333333,0.3333333333333333,66.28674035618685,79.3225491754678,148.9535603301207,161.00554235752767,184.5576087887885,0.0,36.98833722737337,0.10416341399947958,1260,9
final_refine_2m,2.0,630.0,456.0,777.7120289670206,1.0,1.0,0.0,1.0,0.2459016393442623,0.2459016393442623,1.0,0.4,0.4,78.97491576755156,90.37883648345725,172.40868250881928,185.4758117881894,213.6881903998086,0.0,40.19827450523251,0.08990372105126203,1260,9
final_refine_2m,2.0,632.0,456.0,779.3330481892834,1.0,1.0,0.0,1.0,0.2459016393442623,0.2459016393442623,1.0,0.4,0.4,78.67855758553972,90.12875716132044,171.93607703145193,184.9275777405775,213.06301039268,0.0,40.129760252159855,0.08875878220140515,1260,9
final_refine_2m,2.0,634.0,456.0,780.9558246149394,1.0,1.0,0.0,1.0,0.2459016393442623,0.2459016393442623,1.0,0.4,0.4,78.38325173051615,89.88042904163288,171.46432599747283,184.38039834954975,212.43899381637567,0.0,40.061562305549074,0.08761384335154827,1260,9
final_refine_2m,2.0,636.0,456.0,782.5803473126578,1.0,1.0,0.0,1.0,0.24673432214415822,0.24673432214415822,1.0,0.4007936507936508,0.4007936507936508,78.08899879242603,89.6337284227987,170.93339636446453,183.83427339003143,211.81614026101528,0.0,39.99312581531999,0.08646890450169138,1260,9
final_refine_2m,2.0,638.0,456.0,784.2066054299721,1.0,1.0,0.0,1.0,0.24923237054384595,0.24923237054384595,1.0,0.4031746031746032,0.4031746031746032,77.79579936610348,89.38791426510075,170.40354632531708,183.289202641337,211.19444932085872,0.0,39.92424315601115,0.0853239656518345,1260,9
final_refine_2m,2.0,640.0,456.0,785.8345881927061,1.0,1.0,0.0,1.0,0.2503512880562061,0.2503512880562061,1.0,0.4023809523809524,0.4023809523809524,77.50365405119932,89.14298666673473,169.87478508361903,182.7451858871924,210.57392059430538,0.0,39.85491355856782,0.08644288316419464,1260,9
final_refine_2m,2.0,642.0,456.0,787.4642849044012,1.0,1.0,0.0,1.0,0.2445745511319282,0.2445745511319282,1.0,0.3880952380952381,0.3880952380952381,77.21256345210253,88.8989457216169,169.34711248018914,182.2022229157499,209.9545536839474,0.0,39.78513627750736,0.08813427010148321,1260,9
final_refine_2m,2.0,644.0,456.0,789.0956849457485,1.0,1.0,0.0,1.0,0.23786104605776737,0.23786104605776737,1.0,0.3761904761904762,0.3761904761904762,76.92252817786829,88.6557915193438,168.82052836092686,181.66031351961888,209.33634819657206,0.0,39.715475968629605,0.09115274525110591,1260,9
final_refine_2m,2.0,646.0,456.0,790.7287777740229,1.0,1.0,0.0,1.0,0.2395264116575592,0.2395264116575592,1.0,0.37777777777777777,0.37777777777777777,76.63354884213699,88.41352414515292,168.29503257686557,181.1194574959028,208.71930374319246,0.0,39.64623564912781,0.09281811085089774,1260,9
final_refine_2m,2.0,648.0,456.0,792.3635529225205,1.0,1.0,0.0,1.0,0.24202446005724695,0.24202446005724695,1.0,0.38015873015873014,0.38015873015873014,76.34562606305516,88.17214367988379,167.7782071658049,180.57965464620574,208.10341993906042,0.0,39.577447603143185,0.09388498568826438,1260,9
final_refine_2m,2.0,650.0,456.0,794.0,1.0,1.0,0.0,1.0,0.25818371064272705,0.25818371064272705,1.0,0.39920634920634923,0.39920634920634923,76.05876046318548,87.93165019994049,167.27631865052217,180.0409047766742,207.48869640370975,0.0,39.50904443449284,0.09495186052563102,1260,9
final_refine_2m,2.0,652.0,456.0,795.6381086901255,1.0,1.0,0.0,1.0,0.25901639344262295,0.25901639344262295,1.0,0.4,0.4,75.77295266942703,87.69204377725426,166.77543006679733,179.50320769800624,206.8751327609609,0.0,39.44107850926987,0.09526411657559199,1260,9
final_refine_2m,2.0,654.0,456.0,797.2778687509142,1.0,1.0,0.0,1.0,0.25735102784283115,0.25735102784283115,1.0,0.39365079365079364,0.39365079365079364,75.49902265720714,87.45332447924758,166.27554132257706,178.96656322550106,206.26272863895676,0.0,39.37347119532375,0.0940671350507416,1260,9
final_refine_2m,2.0,656.0,456.0,798.919270014186,1.0,1.0,0.0,1.0,0.25506115014311737,0.25506115014311737,1.0,0.38492063492063494,0.38492063492063494,75.23760449274052,87.21549236879855,165.77665233054938,178.43097117905947,205.65148367017684,0.0,39.3062778181625,0.09287015352589123,1260,9
final_refine_2m,2.0,658.0,456.0,800.5623023850173,1.0,1.0,0.0,1.0,0.2546448087431694,0.2546448087431694,1.0,0.38333333333333336,0.38333333333333336,74.97709810972574,86.97862706806725,165.27876300816718,177.89643138323527,205.04139749147686,0.0,39.23942542623544,0.09167317200104086,1260,9
final_refine_2m,2.0,660.0,456.0,802.2069558411969,1.0,1.0,0.0,1.0,0.2546448087431694,0.2546448087431694,1.0,0.38333333333333336,0.38333333333333336,74.71750414442859,86.74424926232058,164.78187327768867,177.36294366723837,204.43246974409047,0.0,39.17271916005971,0.09047619047619047,1260,9
final_refine_2m,2.0,662.0,456.0,803.8532204326857,1.0,1.0,0.0,1.0,0.2546448087431694,0.2546448087431694,1.0,0.38333333333333336,0.38333333333333336,74.45882323687059,86.51077193357047,164.28598306618943,176.83050786498436,203.82470007367283,0.0,39.10556739506773,0.0892792089513401,1260,9
final_refine_2m,2.0,664.0,456.0,805.5010862810801,1.0,1.0,0.0,1.0,0.2546448087431694,0.2546448087431694,1.0,0.38333333333333336,0.38333333333333336,74.20105603075191,86.27818217382246,163.7910923055959,176.29912381510198,203.21808813032243,0.0,39.03795967027541,0.08886286755139214,1260,9
final_refine_2m,2.0,666.0,456.0,807.1505435790773,1.0,1.0,0.0,1.0,0.2539422326307572,0.2539422326307572,1.0,0.38095238095238093,0.38095238095238093,73.94420317338098,86.04648011173578,163.297200932721,175.76879136097315,202.61263356859413,0.0,38.969895254768424,0.09000780640124903,1260,9
final_refine_2m,2.0,668.0,456.0,808.8015825899453,1.0,1.0,0.0,1.0,0.23684621389539423,0.23684621389539423,1.0,0.35634920634920636,0.35634920634920636,73.688265315602,85.81566491976247,162.80430888928083,175.23951035075476,202.00833604753706,0.0,38.90154314614887,0.0931303669008587,1260,9
final_refine_2m,2.0,670.0,456.0,810.4541936469944,1.0,1.0,0.0,1.0,0.23497267759562843,0.23497267759562843,1.0,0.35,0.35,73.43324311171023,85.58573372062591,162.3124161219288,174.73633994014833,201.40519523072,0.0,38.833615395821475,0.09547228727556596,1260,9
final_refine_2m,2.0,672.0,456.0,812.1083671530542,1.0,1.0,0.0,1.0,0.23497267759562843,0.23497267759562843,1.0,0.35,0.35,73.17913721937458,85.35668619029562,161.82152258228274,174.24940753425915,200.80321078624775,0.0,38.76613294506519,0.09734582357533177,1260,9
final_refine_2m,2.0,674.0,456.0,813.7640935799515,1.0,1.0,0.0,1.0,0.24309133489461357,0.24309133489461357,1.0,0.3595238095238095,0.3595238095238095,72.92594829955655,85.12852357398401,161.33162822695905,173.7633698676714,200.20238238678846,0.0,38.69910181816425,0.09843871975019516,1260,9
final_refine_2m,2.0,676.0,456.0,815.4213634679926,1.0,1.0,0.0,1.0,0.25175644028103045,0.25175644028103045,1.0,0.36904761904761907,0.36904761904761907,72.67367701642674,84.90124903524128,160.8427330175862,173.2782268702003,199.60270970961193,0.0,38.632502064733714,0.09953161592505855,1260,9
final_refine_2m,2.0,678.0,456.0,817.0801674254492,1.0,1.0,0.0,1.0,0.2534738485558158,0.2534738485558158,1.0,0.37063492063492065,0.37063492063492065,72.42232403727033,84.6748624738742,160.35483692085148,172.7939784756771,199.00419243660045,0.0,38.56632326428319,0.09828259172521468,1260,9
final_refine_2m,2.0,680.0,456.0,818.7404961280466,1.0,1.0,0.0,1.0,0.25422846734322146,0.25422846734322146,1.0,0.3674603174603175,0.3674603174603175,72.17189003240844,84.44936395056362,159.87895759141233,172.31062462197823,198.40683025428186,0.0,38.50055297308348,0.0970335675253708,1260,9
final_refine_2m,2.0,682.0,456.0,820.4023403184561,1.0,1.0,0.0,1.0,0.2544626593806922,0.2544626593806922,1.0,0.3626984126984127,0.3626984126984127,71.9223756750964,84.22473855319916,159.4131756037787,171.82816525103001,197.81062285385966,0.0,38.435182670926125,0.09578454332552694,1260,9
final_refine_2m,2.0,684.0,456.0,822.0656908057896,1.0,1.0,0.0,1.0,0.25573770491803277,0.25573770491803277,1.0,0.3611111111111111,0.3611111111111111,71.67378164143588,84.00195225656842,158.94831100247097,171.34660030885718,197.2155699312306,0.0,38.37016874296544,0.09453551912568306,1260,9
final_refine_2m,2.0,686.0,456.0,823.7305384650978,1.0,1.0,0.0,1.0,0.25831381733021075,0.25831381733021075,1.0,0.3634920634920635,0.3634920634920635,71.4261086102739,83.78087338636736,158.48436379989857,170.86592974558016,196.621671187023,0.0,38.304916245362364,0.0932864949258392,1260,9
final_refine_2m,2.0,688.0,456.0,825.3968742368728,1.0,1.0,0.0,1.0,0.2608899297423888,0.2608899297423888,1.0,0.36587301587301585,0.36587301587301585,71.17935726310803,83.56068125432199,158.02133401315905,170.3861535154607,196.02892632661406,0.0,38.239199093564345,0.09203747072599532,1260,9
final_refine_2m,2.0,690.0,456.0,827.0646891265519,1.0,1.0,0.0,1.0,0.2617486338797814,0.2617486338797814,1.0,0.36666666666666664,0.36666666666666664,70.93352828397994,83.34138048763295,157.55922166404585,169.90727157691222,195.43733506015823,0.0,38.173016573994445,0.09240176945094977,1260,9
final_refine_2m,2.0,692.0,456.0,828.7339742040265,1.0,1.0,0.0,1.0,0.2546187874056727,0.2546187874056727,1.0,0.35793650793650794,0.35793650793650794,70.688622359374,83.12296549407554,157.0980267790849,169.42928389251867,194.84689710262597,0.0,38.10636799897372,0.09500390320062452,1260,9
final_refine_2m,2.0,694.0,456.0,830.4047206031527,1.0,1.0,0.0,1.0,0.24329950559458757,0.24329950559458757,1.0,0.3412698412698413,0.3412698412698413,70.44464017810947,82.90544167932154,156.6377493895596,168.95219042907968,194.2576121738192,0.0,38.0398592068848,0.09742388758782201,1260,9
final_refine_2m,2.0,696.0,456.0,832.0769195212664,1.0,1.0,0.0,1.0,0.2410096278948738,0.2410096278948738,1.0,0.3349206349206349,0.3349206349206349,70.2015824312297,82.68880965215415,156.1783895315357,168.47599115760727,193.6694799984041,0.0,37.97382270137199,0.1,1260,9
final_refine_2m,2.0,698.0,456.0,833.750562218701,1.0,1.0,0.0,1.0,0.24043715846994534,0.24043715846994534,1.0,0.3333333333333333,0.3333333333333333,69.95944981189159,82.47307093220427,155.71994724589317,168.00068605337137,193.08250030593356,0.0,37.9082911286131,0.10111891751236013,1260,9
final_refine_2m,2.0,700.0,456.0,835.4256400183083,1.0,1.0,0.0,1.0,0.25519125683060107,0.25519125683060107,1.0,0.35,0.35,69.71824301524906,82.25822663952218,155.26242257834315,167.5262750959094,192.49667283089275,0.0,37.843191646341985,0.10304449648711944,1260,9
final_refine_2m,2.0,702.0,456.0,837.1021443049826,1.0,1.0,0.0,1.0,0.25519125683060107,0.25519125683060107,1.0,0.35,0.35,69.47796273833639,82.04427124432421,154.80581557947272,167.05275826906453,191.91199731270336,0.0,37.77857969232093,0.10255009107468124,1260,9
final_refine_2m,2.0,704.0,456.0,838.7800665251887,1.0,1.0,0.0,1.0,0.25519125683060107,0.25519125683060107,1.0,0.35,0.35,69.23860967994612,81.83120815585372,154.3501263047537,166.58013556099073,191.3284734957755,0.0,37.71437001095689,0.10124902419984387,1260,9
final_refine_2m,2.0,706.0,456.0,840.4593981864919,1.0,1.0,0.0,1.0,0.2533177205308353,0.2533177205308353,1.0,0.34523809523809523,0.34523809523809523,69.00018454050758,81.61903203912442,153.89535481457676,166.10840696420115,190.7461011295201,0.0,37.650620949967454,0.09994795732500651,1260,9
final_refine_2m,2.0,708.0,456.0,842.140130857092,1.0,1.0,0.0,1.0,0.25081967213114753,0.25081967213114753,1.0,0.3388888888888889,0.3388888888888889,68.76268802195753,81.40785034429794,153.44150117428939,165.6375724755695,190.16487996838865,0.0,37.587254440507266,0.09864689045016914,1260,9
final_refine_2m,2.0,710.0,456.0,843.822256165361,1.0,1.0,0.0,1.0,0.24863387978142076,0.24863387978142076,1.0,0.3333333333333333,0.3333333333333333,68.52612082761476,81.19933101588155,152.99279696560353,165.1676320963718,189.5848097718974,0.0,37.52406190260378,0.09734582357533177,1260,9
final_refine_2m,2.0,712.0,456.0,845.5057657993824,1.0,1.0,0.0,1.0,0.24863387978142076,0.24863387978142076,1.0,0.3333333333333333,0.3333333333333333,68.29048366204394,80.99172154240178,152.55969919981368,164.69858583230516,189.0058903046564,0.0,37.4604081781853,0.09604475670049441,1260,9
final_refine_2m,2.0,714.0,456.0,847.1906515064953,1.0,1.0,0.0,1.0,0.24951860525631017,0.24951860525631017,1.0,0.3341269841269841,0.3341269841269841,68.05577723092328,80.78500285571995,152.12744376138534,164.23043369350538,188.42812133640297,0.0,37.396280783715575,0.09557637262555295,1260,9
final_refine_2m,2.0,716.0,456.0,848.8769050928408,1.0,1.0,0.0,1.0,0.2521727816809784,0.2521727816809784,1.0,0.33650793650793653,0.33650793650793653,67.82200224090624,80.57917514566645,151.696030751611,163.76317569458934,187.85150264203227,0.0,37.33167905289609,0.09677335415040333,1260,9
final_refine_2m,2.0,718.0,456.0,850.5645184229119,1.0,1.0,0.0,1.0,0.2386416861826698,0.2386416861826698,1.0,0.32142857142857145,0.32142857142857145,67.58915939947941,80.37423859612012,151.26546027637144,163.29681185466498,187.27603400162786,0.0,37.26678229183926,0.100104085349987,1260,9
final_refine_2m,2.0,720.0,456.0,852.2534834191058,1.0,1.0,0.0,1.0,0.2385896435076763,0.2385896435076763,1.0,0.31746031746031744,0.31746031746031744,67.35724941481678,80.17019338496395,150.78517699616262,162.8313421973659,186.70171520048663,0.0,37.20236039141481,0.10260213374967474,1260,9
final_refine_2m,2.0,722.0,456.0,853.9437920612808,1.0,1.0,0.0,1.0,0.2388758782201405,0.2388758782201405,1.0,0.3142857142857143,0.3142857142857143,67.12627299563506,79.96703968404206,150.2948947726631,162.36676675086622,186.1285460291557,0.0,37.138435052466484,0.10457975539942753,1260,9
final_refine_2m,2.0,724.0,456.0,855.6354363863152,1.0,1.0,0.0,1.0,0.24858183710642728,0.24858183710642728,1.0,0.32222222222222224,0.32222222222222224,66.89623085104334,79.76477765911733,149.84372414406175,161.9030855479248,185.55652628346039,0.0,37.075012793182104,0.1057246942492844,1260,9
final_refine_2m,2.0,726.0,456.0,857.3284084876693,1.0,1.0,0.0,1.0,0.25779339058027584,0.25779339058027584,1.0,0.33174603174603173,0.33174603174603173,66.66712369038729,79.56340746983001,149.39813492348995,161.440298625889,184.985655764539,0.0,37.01207103652899,0.1068696330991413,1260,9
final_refine_2m,2.0,728.0,456.0,859.0227005149515,1.0,1.0,0.0,1.0,0.25956284153005466,0.25956284153005466,1.0,0.3333333333333333,0.3333333333333333,66.4389522230923,79.36292926965719,148.95346448456547,160.97840602674006,184.4159342788703,0.0,36.94959794034221,0.10551652354931043,1260,9
final_refine_2m,2.0,730.0,456.0,860.718304673486,1.0,1.0,0.0,1.0,0.25956284153005466,0.25956284153005466,1.0,0.3333333333333333,0.3333333333333333,66.21171715850527,79.16334320587328,148.50971294892983,160.51740779710744,183.84736163830792,0.0,36.88757906817507,0.10416341399947958,1260,9
final_refine_2m,2.0,630.0,458.0,778.8863845260103,1.0,1.0,0.0,1.0,0.24605776736924279,0.24605776736924279,1.0,0.4007936507936508,0.4007936507936508,78.81641422248651,90.16383918632857,171.8809125133985,184.7942463697014,212.81315095953588,0.0,40.097186772511996,0.08990372105126203,1260,9
final_refine_2m,2.0,632.0,458.0,780.5049647503852,1.0,1.0,0.0,1.0,0.2459016393442623,0.2459016393442623,1.0,0.4,0.4,78.5216777077562,89.9150463804269,171.3654723753263,184.24901301234578,212.19160873453296,0.0,40.02866888170799,0.08875878220140515,1260,9
final_refine_2m,2.0,634.0,458.0,782.1253096531271,1.0,1.0,0.0,1.0,0.2459016393442623,0.2459016393442623,1.0,0.4,0.4,78.22798762458439,89.66797055196763,170.83642950217956,183.70482820423422,211.57122250495223,0.0,39.960464584296865,0.08761384335154827,1260,9
final_refine_2m,2.0,636.0,458.0,783.7474082891757,1.0,1.0,0.0,1.0,0.24673432214415822,0.24673432214415822,1.0,0.4007936507936508,0.4007936507936508,77.9353445545192,89.4225441797922,170.30846935683323,183.16169172789634,210.95199187104944,0.0,39.892034148177544,0.08646890450169138,1260,9
final_refine_2m,2.0,638.0,458.0,785.3712497920967,1.0,1.0,0.0,1.0,0.24839968774395005,0.24839968774395005,1.0,0.4023809523809524,0.4023809523809524,77.64374908382214,89.17799935944383,169.78159177744516,182.61960337020528,210.33391643718326,0.0,39.823160285774364,0.0853239656518345,1260,9
final_refine_2m,2.0,640.0,458.0,786.9968233735127,1.0,1.0,0.0,1.0,0.2508977361436378,0.2508977361436378,1.0,0.40476190476190477,0.40476190476190477,77.35320180338462,88.9343361875818,169.2557966071683,182.07856292240922,209.71699581184185,0.0,39.75384223699314,0.08644288316419464,1260,9
final_refine_2m,2.0,642.0,458.0,788.6241183225377,1.0,1.0,0.0,1.0,0.24444444444444444,0.24444444444444444,1.0,0.3896825396825397,0.3896825396825397,77.06370330866109,88.69155475662976,168.73108369418398,181.5385701801583,209.10122960765588,0.0,39.68407926502618,0.08888888888888889,1260,9
final_refine_2m,2.0,644.0,458.0,790.2531240052139,1.0,1.0,0.0,1.0,0.23702836325787147,0.23702836325787147,1.0,0.3753968253968254,0.3753968253968254,76.77525419958478,88.4496551547359,168.2091007156528,180.99962494352394,208.48661744142956,0.0,39.61444982475262,0.09115274525110591,1260,9
final_refine_2m,2.0,646.0,458.0,791.8838298639517,1.0,1.0,0.0,1.0,0.2395264116575592,0.2395264116575592,1.0,0.37777777777777777,0.37777777777777777,76.48785508049748,88.20863746573414,167.70787769067385,180.4617270170313,207.87315893415186,0.0,39.54523077209311,0.09281811085089774,1260,9
final_refine_2m,2.0,648.0,458.0,793.5162254169728,1.0,1.0,0.0,1.0,0.24202446005724695,0.24202446005724695,1.0,0.38015873015873014,0.38015873015873014,76.20150656005727,87.9685017691053,167.20764935307326,179.92487620967708,207.26085371103702,0.0,39.47646214501713,0.09463960447567005,1260,9
final_refine_2m,2.0,650.0,458.0,795.1503002577563,1.0,1.0,0.0,1.0,0.25818371064272705,0.25818371064272705,1.0,0.39920634920634923,0.39920634920634923,75.9162092511574,87.72924813993988,166.7084156074709,179.3890723349654,206.64970140153733,0.0,39.4080721317878,0.09570647931303669,1260,9
final_refine_2m,2.0,652.0,458.0,796.7860440544877,1.0,1.0,0.0,1.0,0.25901639344262295,0.25901639344262295,1.0,0.4,0.4,75.64064412543654,87.49087664890126,166.21017636315128,178.85431521092298,206.03970163936594,0.0,39.34011473715227,0.09526411657559199,1260,9
final_refine_2m,2.0,654.0,458.0,798.4234465495111,1.0,1.0,0.0,1.0,0.2577673692427791,0.2577673692427791,1.0,0.3952380952380952,0.3952380952380952,75.37960531927989,87.25338736218946,165.71293153406162,178.3206046601241,205.43085406251717,0.0,39.27251291103335,0.0940671350507416,1260,9
final_refine_2m,2.0,656.0,458.0,800.0624975587845,1.0,1.0,0.0,1.0,0.2554774915430653,0.2554774915430653,1.0,0.3865079365079365,0.3865079365079365,75.11947313609895,87.01678034150629,165.21668103886392,177.7879405097336,204.82315831330547,0.0,39.205317726171614,0.09287015352589123,1260,9
final_refine_2m,2.0,658.0,458.0,801.7031869713379,1.0,1.0,0.0,1.0,0.2546448087431694,0.2546448087431694,1.0,0.38333333333333336,0.38333333333333336,74.86024819925534,86.78111837646803,164.7214248009478,177.25632259151098,204.21661403837092,0.0,39.138463591028035,0.09167317200104086,1260,9
final_refine_2m,2.0,660.0,458.0,803.3455047487352,1.0,1.0,0.0,1.0,0.2546448087431694,0.2546448087431694,1.0,0.38333333333333336,0.38333333333333336,74.60193113578465,86.54794056107939,164.22716274845567,176.72575074184925,203.61122088871727,0.0,39.0717599308309,0.09047619047619047,1260,9
final_refine_2m,2.0,662.0,458.0,804.9894409245378,1.0,1.0,0.0,1.0,0.2546448087431694,0.2546448087431694,1.0,0.38333333333333336,0.38333333333333336,74.34452257632718,86.31567107248412,163.7338948143192,176.1962248018077,203.0069785197293,0.0,39.00461934459648,0.0892792089513401,1260,9
final_refine_2m,2.0,664.0,458.0,806.6349856037735,1.0,1.0,0.0,1.0,0.2546448087431694,0.2546448087431694,1.0,0.38333333333333336,0.38333333333333336,74.08802315505294,86.08428422358215,163.2416209362862,175.66774461712137,202.4038865911928,0.0,38.9370256569423,0.08964350767629456,1260,9
final_refine_2m,2.0,666.0,458.0,808.2821289624063,1.0,1.0,0.0,1.0,0.2544106167056987,0.2544106167056987,1.0,0.3825396825396825,0.3825396825396825,73.8324335095925,85.85378014108154,162.75034105693203,175.15567912794268,201.80194476733502,0.0,38.86897814572188,0.09078844652615145,1260,9
final_refine_2m,2.0,668.0,458.0,809.9308612468104,1.0,1.0,0.0,1.0,0.2373145979703357,0.2373145979703357,1.0,0.35793650793650794,0.35793650793650794,73.57775428095482,85.6241589469087,162.260055123715,174.66934058190395,201.20115271683156,0.0,38.80065700609466,0.0931303669008587,1260,9
final_refine_2m,2.0,670.0,458.0,811.5811727732477,1.0,1.0,0.0,1.0,0.23497267759562843,0.23497267759562843,1.0,0.35,0.35,73.32398611345272,85.39541727275834,161.77076308897918,174.18389251339195,200.60151011284805,0.0,38.73275660319665,0.09625292740046838,1260,9
final_refine_2m,2.0,672.0,458.0,813.2330539273474,1.0,1.0,0.0,1.0,0.23497267759562843,0.23497267759562843,1.0,0.35,0.35,73.07112965462025,85.1675547317234,161.2824649099914,173.69933484932758,200.00301663305368,0.0,38.665300320142556,0.09734582357533177,1260,9
final_refine_2m,2.0,674.0,458.0,814.8864951635902,1.0,1.0,0.0,1.0,0.24173822534478273,0.24173822534478273,1.0,0.35793650793650794,0.35793650793650794,72.81918555512974,84.94057101913864,160.79516054897593,173.21566752057467,199.40567195964275,0.0,38.59828800502858,0.09843871975019516,1260,9
final_refine_2m,2.0,676.0,458.0,816.5414870047939,1.0,1.0,0.0,1.0,0.2508977361436378,0.2508977361436378,1.0,0.3682539682539683,0.3682539682539683,72.56815446871082,84.71446996201563,160.3128690236501,172.73289046196675,198.809475779383,0.0,38.5317029790161,0.09953161592505855,1260,9
final_refine_2m,2.0,678.0,458.0,818.1980200416034,1.0,1.0,0.0,1.0,0.2534738485558158,0.2534738485558158,1.0,0.37063492063492065,0.37063492063492065,72.31803705205596,84.48925202647087,159.84758014827617,172.25100361231716,198.21442778361506,0.0,38.465534932355155,0.09828259172521468,1260,9
final_refine_2m,2.0,680.0,458.0,819.8560849319837,1.0,1.0,0.0,1.0,0.2544886807181889,0.2544886807181889,1.0,0.3682539682539683,0.3682539682539683,72.06883396473312,84.264917335853,159.3832040991522,171.7700069144552,197.6205276682943,0.0,38.399768520871966,0.0970335675253708,1260,9
final_refine_2m,2.0,682.0,458.0,821.5156724007156,1.0,1.0,0.0,1.0,0.25472287275565964,0.25472287275565964,1.0,0.3634920634920635,0.3634920634920635,71.82054586909834,84.04145876193527,158.9197408839819,171.28990031524398,197.02777513401236,0.0,38.33440138320123,0.09578454332552694,1260,9
final_refine_2m,2.0,684.0,458.0,823.1767732388955,1.0,1.0,0.0,1.0,0.25573770491803277,0.25573770491803277,1.0,0.3611111111111111,0.3611111111111111,71.57317343019265,83.819795350254,158.45719051505418,170.810683765599,196.436169886026,0.0,38.269387715826575,0.09453551912568306,1260,9
final_refine_2m,2.0,686.0,458.0,824.8393783034368,1.0,1.0,0.0,1.0,0.25831381733021075,0.25831381733021075,1.0,0.3634920634920635,0.3634920634920635,71.32671731565148,83.59986245600533,157.99555300927355,170.33235722050912,195.84571163427373,0.0,38.204148852156166,0.0932864949258392,1260,9
final_refine_2m,2.0,688.0,458.0,826.5034785165759,1.0,1.0,0.0,1.0,0.2608899297423888,0.2608899297423888,1.0,0.36587301587301585,0.36587301587301585,71.08117819560493,83.38081322772565,157.5348283881784,169.85492063907657,195.25640009342735,0.0,38.1384482985577,0.09203747072599532,1260,9
final_refine_2m,2.0,690.0,458.0,828.1690648653812,1.0,1.0,0.0,1.0,0.2617486338797814,0.2617486338797814,1.0,0.36666666666666664,0.36666666666666664,70.83655674256941,83.16264634941305,157.07501667797948,169.3783739845135,194.66823498288417,0.0,38.072285350304156,0.09320843091334895,1260,9
final_refine_2m,2.0,692.0,458.0,829.8361284012645,1.0,1.0,0.0,1.0,0.25417642466822793,0.25417642466822793,1.0,0.35793650793650794,0.35793650793650794,70.59285363135054,82.9453656506686,156.616117909574,168.90271722418836,194.08121602682732,0.0,38.00565932825489,0.09581056466302368,1260,9
final_refine_2m,2.0,694.0,458.0,831.5046602394962,1.0,1.0,0.0,1.0,0.243871975019516,0.243871975019516,1.0,0.34285714285714286,0.34285714285714286,70.35006953893232,82.72896609730954,156.15813211857804,168.42795032963548,193.49534295423547,0.0,37.93919096722533,0.09823054905022117,1260,9
final_refine_2m,2.0,696.0,458.0,833.1746515587233,1.0,1.0,0.0,1.0,0.241295862607338,0.241295862607338,1.0,0.3357142857142857,0.3357142857142857,70.10820514436713,82.5134551171846,155.7010593453533,167.9540732765912,192.91061549890728,0.0,37.87318451645542,0.1,1260,9
final_refine_2m,2.0,698.0,458.0,834.8460936004911,1.0,1.0,0.0,1.0,0.24043715846994534,0.24043715846994534,1.0,0.3333333333333333,0.3333333333333333,69.86726112866207,82.29883125326464,155.24489963502572,167.48108604499498,192.32703339950538,0.0,37.80768099966326,0.1019255789747593,1260,9
final_refine_2m,2.0,700.0,458.0,836.5189776687675,1.0,1.0,0.0,1.0,0.25519125683060107,0.25519125683060107,1.0,0.35,0.35,69.62723817466917,82.0850963081817,154.78965303752662,167.00898861904486,191.74459639956723,0.0,37.742602821422025,0.10304449648711944,1260,9
final_refine_2m,2.0,702.0,458.0,838.1932951294707,1.0,1.0,0.0,1.0,0.25519125683060107,0.25519125683060107,1.0,0.35,0.35,69.38813696696204,81.87224917163827,154.3353196076098,166.5377809871888,191.1633042475542,0.0,37.67800719561169,0.10255009107468124,1260,9
final_refine_2m,2.0,704.0,458.0,839.86903741,1.0,1.0,0.0,1.0,0.25519125683060107,0.25519125683060107,1.0,0.35,0.35,69.14995819171551,81.66028543647097,153.88189940487874,166.06746314217546,190.58315669685157,0.0,37.6138105767768,0.10124902419984387,1260,9
final_refine_2m,2.0,706.0,458.0,841.5461959987699,1.0,1.0,0.0,1.0,0.2539422326307572,0.2539422326307572,1.0,0.3468253968253968,0.3468253968253968,68.91270253658725,81.44920880441892,153.42939249381618,165.59803508106324,190.00415350582566,0.0,37.55006674724114,0.09994795732500651,1260,9
final_refine_2m,2.0,708.0,458.0,843.224762444747,1.0,1.0,0.0,1.0,0.25144418423106946,0.25144418423106946,1.0,0.3404761904761905,0.3404761904761905,68.67637069058506,81.23909239698469,152.9930881047415,165.129496805247,189.42629443783338,0.0,37.48670555711561,0.09864689045016914,1260,9
final_refine_2m,2.0,710.0,458.0,844.9047283569905,1.0,1.0,0.0,1.0,0.24863387978142076,0.24863387978142076,1.0,0.3333333333333333,0.3333333333333333,68.44096334394247,81.03163868676644,152.56117937332394,164.66184832048182,188.84957926126717,0.0,37.42352302547228,0.09734582357533177,1260,9
final_refine_2m,2.0,712.0,458.0,846.5860854041956,1.0,1.0,0.0,1.0,0.24863387978142076,0.24863387978142076,1.0,0.3333333333333333,0.3333333333333333,68.20648118798303,80.82510826187126,152.13010908951807,164.19508963691823,188.2740077495684,0.0,37.359888523052355,0.09604475670049441,1260,9
final_refine_2m,2.0,714.0,458.0,848.2688253142396,1.0,1.0,0.0,1.0,0.24863387978142076,0.24863387978142076,1.0,0.3333333333333333,0.3333333333333333,67.97292491499027,80.61946364038037,151.69987735330986,163.7292207691116,187.69957968126806,0.0,37.29578342863514,0.09557637262555295,1260,9
final_refine_2m,2.0,716.0,458.0,849.952939873732,1.0,1.0,0.0,1.0,0.251288056206089,0.251288056206089,1.0,0.3357142857142857,0.3357142857142857,67.74029521806409,80.41470500933158,151.2465400568689,163.26424173605741,187.1262948400107,0.0,37.23120708451665,0.09825657038771793,1260,9
final_refine_2m,2.0,718.0,458.0,851.6384209275672,1.0,1.0,0.0,1.0,0.23809523809523808,0.23809523809523808,1.0,0.32142857142857145,0.32142857142857145,67.50859279098532,80.21083254986917,150.75683575720666,162.80015256120817,186.55415301458996,0.0,37.16635085577032,0.100104085349987,1260,9
final_refine_2m,2.0,720.0,458.0,853.3252603784796,1.0,1.0,0.0,1.0,0.2383814728077023,0.2383814728077023,1.0,0.31825396825396823,0.31825396825396823,67.2778183280681,80.00784643719972,150.28742273679572,162.33695327250797,185.98315399897487,0.0,37.10196557501128,0.10343481654957065,1260,9
final_refine_2m,2.0,722.0,458.0,855.0134501866038,1.0,1.0,0.0,1.0,0.23832943013270882,0.23832943013270882,1.0,0.3142857142857143,0.3142857142857143,67.04797252401274,79.80574684054979,149.84222507494843,161.87464390241468,185.41329759234605,0.0,37.038075575367806,0.10457975539942753,1260,9
final_refine_2m,2.0,724.0,458.0,856.7029823690356,1.0,1.0,0.0,1.0,0.24623991673172002,0.24623991673172002,1.0,0.3198412698412698,0.3198412698412698,66.81905607376048,79.6045339231235,149.3979415091941,161.41322448791666,184.84458359911343,0.0,36.974680739555914,0.10655737704918032,1260,9
final_refine_2m,2.0,726.0,458.0,858.3938489993973,1.0,1.0,0.0,1.0,0.25779339058027584,0.25779339058027584,1.0,0.33174603174603173,0.33174603174603173,66.59106967233322,79.40420784206167,148.95457215432367,160.9526950705725,184.27701182896428,0.0,36.91176201826906,0.1068696330991413,1260,9
final_refine_2m,2.0,728.0,458.0,860.0860422074061,1.0,1.0,0.0,1.0,0.25956284153005466,0.25956284153005466,1.0,0.3333333333333333,0.3333333333333333,66.36401401468518,79.20476874840135,148.51211713031324,160.49305569652572,183.7105820968787,0.0,36.8493076955481,0.10551652354931043,1260,9
final_refine_2m,2.0,730.0,458.0,861.7795541784453,1.0,1.0,0.0,1.0,0.25956284153005466,0.25956284153005466,1.0,0.3333333333333333,0.3333333333333333,66.1378897955344,79.00621678703666,148.07057656235187,160.03430641653793,183.1452942231731,0.0,36.787300232261195,0.10416341399947958,1260,9
final_refine_2m,2.0,630.0,460.0,780.0640999302557,1.0,1.0,0.0,1.0,0.24652615144418424,0.24652615144418424,1.0,0.4031746031746032,0.4031746031746032,78.66009947652934,89.95147253317313,171.26888358843058,184.12017449369,211.9480529095423,0.0,39.996539932315414,0.09047619047619047,1260,9
final_refine_2m,2.0,632.0,460.0,781.680241531024,1.0,1.0,0.0,1.0,0.2459016393442623,0.2459016393442623,1.0,0.4,0.4,78.36696741394933,89.70395339620039,170.74171787580985,183.57791078347452,211.33010843046114,0.0,39.92801926946998,0.0893312516263336,1260,9
final_refine_2m,2.0,634.0,460.0,783.2981552384762,1.0,1.0,0.0,1.0,0.2459016393442623,0.2459016393442623,1.0,0.4,0.4,78.07487594128058,89.45811714883642,170.21562872376927,183.0366895877525,210.71331260760024,0.0,39.8598095098895,0.0881863127764767,1260,9
final_refine_2m,2.0,636.0,460.0,784.9178300943354,1.0,1.0,0.0,1.0,0.24673432214415822,0.24673432214415822,1.0,0.4007936507936508,0.4007936507936508,77.78382563169153,89.21395227869188,169.69061597282385,182.49651069647078,210.09766505114226,0.0,39.79138591118484,0.08704137392661983,1260,9
final_refine_2m,2.0,638.0,460.0,786.539255218708,1.0,1.0,0.0,1.0,0.24839968774395005,0.24839968774395005,1.0,0.4023809523809524,0.4023809523809524,77.49381706287953,88.9706641012718,169.16667946840326,181.95737390390832,209.48316537534598,0.0,39.72252160579684,0.08665105386416862,1260,9
final_refine_2m,2.0,640.0,460.0,788.1624198095212,1.0,1.0,0.0,1.0,0.2508977361436378,0.2508977361436378,1.0,0.40476190476190477,0.40476190476190477,77.20485081699839,88.7282527116918,168.64381906088735,181.4192790086697,208.86981319856423,0.0,39.65321584249993,0.08776997137652875,1260,9
final_refine_2m,2.0,642.0,460.0,789.7873131419623,1.0,1.0,0.0,1.0,0.24262295081967214,0.24262295081967214,1.0,0.3888888888888889,0.3888888888888889,76.91692748058765,88.4867182008752,168.1390343663778,180.88222581373984,208.25760814326327,0.0,39.58346789307425,0.08888888888888889,1260,9
final_refine_2m,2.0,644.0,460.0,791.4139245679216,1.0,1.0,0.0,1.0,0.23702836325787147,0.23702836325787147,1.0,0.3753968253968254,0.3753968253968254,76.6300476444874,88.24606065551377,167.63946098502842,180.3462141264885,207.64654983605843,0.0,39.513869888775275,0.09190736403851157,1260,9
final_refine_2m,2.0,646.0,460.0,793.0422435154385,1.0,1.0,0.0,1.0,0.2395264116575592,0.2395264116575592,1.0,0.37777777777777777,0.37777777777777777,76.34421190376301,88.0062801580287,167.1408770035674,179.811243758698,207.03663790771722,0.0,39.44467275718566,0.0941712204007286,1260,9
final_refine_2m,2.0,648.0,460.0,794.6722594881489,1.0,1.0,0.0,1.0,0.24202446005724695,0.24202446005724695,1.0,0.38015873015873014,0.38015873015873014,76.05942085761956,87.76737678653251,166.64328232797718,179.27731452660066,206.4278719931949,0.0,39.3759242208304,0.09523809523809523,1260,9
final_refine_2m,2.0,650.0,460.0,796.3039620647382,1.0,1.0,0.0,1.0,0.25818371064272705,0.25818371064272705,1.0,0.39920634920634923,0.39920634920634923,75.78224036107653,87.52935061479181,166.14667686881938,178.74442625088906,205.8202517316622,0.0,39.30754809069701,0.09630497007546188,1260,9
final_refine_2m,2.0,652.0,460.0,797.9373408983942,1.0,1.0,0.0,1.0,0.25901639344262295,0.25901639344262295,1.0,0.4,0.4,75.52157800424489,87.29220171219099,165.65106054128339,178.2125787567463,205.21377676651338,0.0,39.239599995146655,0.09586260733801717,1260,9
final_refine_2m,2.0,654.0,460.0,799.5723857162652,1.0,1.0,0.0,1.0,0.25818371064272705,0.25818371064272705,1.0,0.3968253968253968,0.3968253968253968,75.26181716832717,87.05593014369607,165.156433265181,177.68177187388227,204.6084467453977,0.0,39.17200445196035,0.0946656258131668,1260,9
final_refine_2m,2.0,656.0,460.0,801.2090863189209,1.0,1.0,0.0,1.0,0.25589383294301327,0.25589383294301327,1.0,0.3880952380952381,0.3880952380952381,75.00295846405149,86.82053596982017,164.66279496500715,177.15200543654097,204.004261320243,0.0,39.10480831705636,0.09346864428831642,1260,9
final_refine_2m,2.0,658.0,460.0,802.8474325798146,1.0,1.0,0.0,1.0,0.2546448087431694,0.2546448087431694,1.0,0.38333333333333336,0.38333333333333336,74.74500250574411,86.58606778324018,164.17014556993374,176.62327928354009,203.40122014728576,0.0,39.03795329536386,0.09227166276346604,1260,9
final_refine_2m,2.0,660.0,460.0,804.4874144447507,1.0,1.0,0.0,1.0,0.2546448087431694,0.2546448087431694,1.0,0.38333333333333336,0.38333333333333336,74.48794991125678,86.35407526824481,163.67848501385916,176.095593258292,202.79932288708292,0.0,38.97125306053917,0.09107468123861566,1260,9
final_refine_2m,2.0,662.0,460.0,806.1290219313531,1.0,1.0,0.0,1.0,0.2546448087431694,0.2546448087431694,1.0,0.38333333333333336,0.38333333333333336,74.23180130189724,86.12300152909522,163.18781323542598,175.57472881627274,202.1985692045398,0.0,38.90412439960921,0.08987769971376529,1260,9
final_refine_2m,2.0,664.0,460.0,807.7722451285387,1.0,1.0,0.0,1.0,0.2546448087431694,0.2546448087431694,1.0,0.38333333333333336,0.38333333333333336,73.97655730236215,85.89280555045615,162.6981301780495,175.08897941016335,201.59895876894274,0.0,38.83654547125472,0.09024199843871974,1260,9
final_refine_2m,2.0,666.0,460.0,809.417074195992,1.0,1.0,0.0,1.0,0.2546448087431694,0.2546448087431694,1.0,0.38333333333333336,0.38333333333333336,73.7222185406552,85.66348745708291,162.2094357899483,174.60411626111875,201.00049125396646,0.0,38.768515562006684,0.09216757741347906,1260,9
final_refine_2m,2.0,668.0,460.0,811.0634993636442,1.0,1.0,0.0,1.0,0.23778298204527712,0.23778298204527712,1.0,0.3595238095238095,0.3595238095238095,73.46878564801213,85.43504736899719,161.72173002416025,174.12013929325934,200.4031663377243,0.0,38.70022596479724,0.09391100702576112,1260,9
final_refine_2m,2.0,670.0,460.0,812.7115109311544,1.0,1.0,0.0,1.0,0.23544106167056986,0.23544106167056986,1.0,0.3515873015873016,0.3515873015873016,73.21625925882405,85.20748385579283,161.23501283858639,173.637048434571,199.80698370276153,0.0,38.63235351642992,0.09625292740046838,1260,9
final_refine_2m,2.0,672.0,460.0,814.361099267395,1.0,1.0,0.0,1.0,0.23497267759562843,0.23497267759562843,1.0,0.35,0.35,72.96464001055398,84.98079404898554,160.74928419600397,173.15484361693962,199.2119430361139,0.0,38.56492401996102,0.09875097580015613,1260,9
final_refine_2m,2.0,674.0,460.0,816.0122548099386,1.0,1.0,0.0,1.0,0.2410616705698673,0.2410616705698673,1.0,0.35714285714285715,0.35714285714285715,72.71392854365692,84.75497860384702,160.28157594654968,172.67352477616106,198.6180440293007,0.0,38.497931201155716,0.09984387197501951,1260,9
final_refine_2m,2.0,676.0,460.0,817.664968064549,1.0,1.0,0.0,1.0,0.2508977361436378,0.2508977361436378,1.0,0.3682539682539683,0.3682539682539683,72.4641255014866,84.53003878441636,159.81768478133628,172.19309185196886,198.02528637837767,0.0,38.431361623288595,0.10015612802498049,1260,9
final_refine_2m,2.0,678.0,460.0,819.3192296046761,1.0,1.0,0.0,1.0,0.2534738485558158,0.2534738485558158,1.0,0.37063492063492065,0.37063492063492065,72.21523153021529,84.30597775995714,159.35470193226533,171.71354478805688,197.43366978394496,0.0,38.365205085855074,0.09890710382513661,1260,9
final_refine_2m,2.0,680.0,460.0,820.9750300709517,1.0,1.0,0.0,1.0,0.2541504033307312,0.2541504033307312,1.0,0.36904761904761907,0.36904761904761907,71.9672472787406,84.08279500322638,158.89262740696276,171.2348835320993,196.84319395117896,0.0,38.29944336851999,0.09765807962529274,1260,9
final_refine_2m,2.0,682.0,460.0,822.63236017069,1.0,1.0,0.0,1.0,0.2543845953682019,0.2543845953682019,1.0,0.36428571428571427,0.36428571428571427,71.7201733985939,83.86048780009197,158.4314612175825,170.75710803576928,196.25385858986195,0.0,38.23408021536542,0.09640905542544886,1260,9
final_refine_2m,2.0,684.0,460.0,824.2912106773916,1.0,1.0,0.0,1.0,0.25487900078064013,0.25487900078064013,1.0,0.3603174603174603,0.3603174603174603,71.47401054384275,83.63994077187897,157.9712033808225,170.28021825477296,195.66566341439517,0.0,38.16906765262868,0.095160031225605,1260,9
final_refine_2m,2.0,686.0,460.0,825.9515724302485,1.0,1.0,0.0,1.0,0.2574551131928181,0.2574551131928181,1.0,0.3626984126984127,0.3626984126984127,71.22875937099504,83.42114165171336,157.51185391796002,169.80421414886027,195.07860814384722,0.0,38.1038431531269,0.09391100702576112,1260,9
final_refine_2m,2.0,688.0,460.0,827.6134363336545,1.0,1.0,0.0,1.0,0.2600312256049961,0.2600312256049961,1.0,0.36507936507936506,0.36507936507936506,70.98442053890054,83.20322241705357,157.05341285487023,169.3290956818515,194.4926925019624,0.0,38.038159902470674,0.09266198282591726,1260,9
final_refine_2m,2.0,690.0,460.0,829.2767933567176,1.0,1.0,0.0,1.0,0.2617486338797814,0.2617486338797814,1.0,0.36666666666666664,0.36666666666666664,70.74099470864584,82.98618173113542,156.59588022205992,168.85486282166275,193.90791621718608,0.0,37.97201720468892,0.09463960447567005,1260,9
final_refine_2m,2.0,692.0,460.0,830.9416345327751,1.0,1.0,0.0,1.0,0.2530054644808743,0.2530054644808743,1.0,0.35714285714285715,0.35714285714285715,70.4984825434545,82.77001902968183,156.13925605468486,168.38151554032504,193.32427902271363,0.0,37.90541438909053,0.09581056466302368,1260,9
final_refine_2m,2.0,694.0,460.0,832.6079509589132,1.0,1.0,0.0,1.0,0.2441582097319802,0.2441582097319802,1.0,0.34365079365079365,0.34365079365079365,70.25688470857146,82.55473732499958,155.68354039257696,167.90905381400867,192.7417806564937,0.0,37.83898695422917,0.09903721051262035,1260,9
final_refine_2m,2.0,696.0,460.0,834.275733795488,1.0,1.0,0.0,1.0,0.24186833203226646,0.24186833203226646,1.0,0.3373015873015873,0.3373015873015873,70.01620187116089,82.34033317353828,155.22873328027825,167.43747762304497,192.1604208612658,0.0,37.77301114697835,0.10145719489981785,1260,9
final_refine_2m,2.0,698.0,460.0,835.944974265651,1.0,1.0,0.0,1.0,0.24043715846994534,0.24043715846994534,1.0,0.3333333333333333,0.3333333333333333,69.77643470019163,82.12681462078946,154.77483476705908,166.96678695195484,191.58019938458898,0.0,37.70753629358862,0.10257611241217798,1260,9
final_refine_2m,2.0,700.0,460.0,837.6156636548769,1.0,1.0,0.0,1.0,0.25519125683060107,0.25519125683060107,1.0,0.35,0.35,69.53758386631758,81.91417801904672,154.32184490694178,166.4969817894693,191.00111597886877,0.0,37.642480086663234,0.1045016913869373,1260,9
final_refine_2m,2.0,702.0,460.0,839.2877933104949,1.0,1.0,0.0,1.0,0.25519125683060107,0.25519125683060107,1.0,0.35,0.35,69.29965004176546,81.70242561659886,153.86976375874121,166.0280621285515,190.42317040138354,0.0,37.57790149983494,0.10320062451209992,1260,9
final_refine_2m,2.0,704.0,460.0,840.9613546412226,1.0,1.0,0.0,1.0,0.25519125683060107,0.25519125683060107,1.0,0.35,0.35,69.06263390021361,81.49155360571224,153.42609183228313,165.5600279664147,189.84636241431357,0.0,37.513718682384166,0.10189955763726255,1260,9
final_refine_2m,2.0,706.0,460.0,842.6363391167034,1.0,1.0,0.0,1.0,0.2542544886807182,0.2542544886807182,1.0,0.3476190476190476,0.3476190476190476,68.82653611666227,81.28156068058149,152.9945273838915,165.09287930456375,189.27069178477151,0.0,37.44998088974416,0.10059849076242519,1260,9
final_refine_2m,2.0,708.0,460.0,844.3127382670476,1.0,1.0,0.0,1.0,0.25175644028103045,0.25175644028103045,1.0,0.3412698412698413,0.3412698412698413,68.59135736731756,81.0725081951079,152.56379744228042,164.62661614880207,188.69615828482412,0.0,37.386625822652825,0.09929742388758782,1260,9
final_refine_2m,2.0,710.0,460.0,845.9905436823748,1.0,1.0,0.0,1.0,0.2492583918813427,0.2492583918813427,1.0,0.3349206349206349,0.3349206349206349,68.35709832945425,80.86610290215721,152.13390210169382,164.16123850926516,188.12276169153242,0.0,37.32345406036076,0.09799635701275046,1260,9
final_refine_2m,2.0,712.0,460.0,847.669747012361,1.0,1.0,0.0,1.0,0.24863387978142076,0.24863387978142076,1.0,0.3333333333333333,0.3333333333333333,68.12375968128829,80.66064047210435,151.70484146080787,163.69674640043615,187.55050178697445,0.0,37.259839464368284,0.09669529013791309,1260,9
final_refine_2m,2.0,714.0,460.0,849.3503399657882,1.0,1.0,0.0,1.0,0.24863387978142076,0.24863387978142076,1.0,0.3333333333333333,0.3333333333333333,67.89134210183921,80.45605913073884,151.21811616139567,163.23313984118025,186.979378358275,0.0,37.19575732772297,0.09705958886286756,1260,9
final_refine_2m,2.0,716.0,460.0,851.0323143100971,1.0,1.0,0.0,1.0,0.251288056206089,0.251288056206089,1.0,0.3357142857142857,0.3357142857142857,67.65984627079595,80.25235884382053,150.73064561197862,162.77041885476663,186.40939119762697,0.0,37.13120700122299,0.09825657038771793,1260,9
final_refine_2m,2.0,718.0,460.0,852.7156618709428,1.0,1.0,0.0,1.0,0.23809523809523808,0.23809523809523808,1.0,0.32142857142857145,0.32142857142857145,67.4292728683735,80.04953978976799,150.28583685915544,162.30858346888814,185.8405401023463,0.0,37.066391801240705,0.10093676814988291,1260,9
final_refine_2m,2.0,720.0,460.0,854.4003745317531,1.0,1.0,0.0,1.0,0.23871975019516004,0.23871975019516004,1.0,0.319047619047619,0.319047619047619,67.1996225751725,79.8476021411197,149.84193756723948,161.84763371569244,185.2728248748657,0.0,37.00204367266654,0.10343481654957065,1260,9
final_refine_2m,2.0,722.0,460.0,856.0864442332912,1.0,1.0,0.0,1.0,0.23866770752016653,0.23866770752016653,1.0,0.31507936507936507,0.31507936507936507,66.97089607202906,79.64654606449194,149.39894784435955,161.38756963179677,184.70624532279632,0.0,36.93818955725191,0.10541243819932344,1260,9
final_refine_2m,2.0,724.0,460.0,857.7738629732198,1.0,1.0,0.0,1.0,0.24551131928181108,0.24551131928181108,1.0,0.319047619047619,0.319047619047619,66.74309403986821,79.44637172053658,148.9568678037294,160.9283912583307,184.14080125894688,0.0,36.87482276010989,0.10655737704918032,1260,9
final_refine_2m,2.0,726.0,460.0,859.4626228056692,1.0,1.0,0.0,1.0,0.2569086651053864,0.2569086651053864,1.0,0.33095238095238094,0.33095238095238094,66.51621715955042,79.24707926390079,148.5156975636738,160.47009864094173,183.57649250134799,0.0,36.81192772784204,0.10754618787405673,1260,9
final_refine_2m,2.0,728.0,460.0,861.1527158408084,1.0,1.0,0.0,1.0,0.25956284153005466,0.25956284153005466,1.0,0.3333333333333333,0.3333333333333333,66.29026611171382,79.04866884318652,148.07543724765821,160.01269182983654,183.01331887328735,0.0,36.74949286898234,0.10619307832422586,1260,9
final_refine_2m,2.0,730.0,460.0,862.8441342444185,1.0,1.0,0.0,1.0,0.25956284153005466,0.25956284153005466,1.0,0.3333333333333333,0.3333333333333333,66.06524157661937,78.85114060091186,147.63608698431102,159.5561708797945,182.45128020335042,0.0,36.68749756761429,0.104839968774395,1260,9
final_refine_2m,2.0,630.0,462.0,781.2451599850075,1.0,1.0,0.0,1.0,0.2468384074941452,0.2468384074941452,1.0,0.40476190476190477,0.40476190476190477,78.50593873378367,89.74169943422018,170.64922943988927,183.4534857566582,211.09274210940416,0.0,39.89633129478417,0.09047619047619047,1260,9
final_refine_2m,2.0,632.0,462.0,782.8588633974837,1.0,1.0,0.0,1.0,0.2459016393442623,0.2459016393442623,1.0,0.4,0.4,78.21439416142317,89.49544130370224,170.12499265858077,182.9141611241329,210.4783559909062,0.0,39.827808715418314,0.0893312516263336,1260,9
final_refine_2m,2.0,634.0,462.0,784.4743462982075,1.0,1.0,0.0,1.0,0.2459016393442623,0.2459016393442623,1.0,0.4,0.4,77.92388439035608,89.25083211126079,169.6018261790803,182.37587304259216,209.86511128376713,0.0,39.75959437182832,0.0881863127764767,1260,9
final_refine_2m,2.0,636.0,462.0,786.0915977161949,1.0,1.0,0.0,1.0,0.2459016393442623,0.2459016393442623,1.0,0.4,0.4,77.63440998537328,89.00791618184687,169.07972984903367,181.8386213092575,209.25300760789744,0.0,39.691178384694716,0.08704137392661983,1260,9
final_refine_2m,2.0,638.0,462.0,787.7106067585988,1.0,1.0,0.0,1.0,0.24839968774395005,0.24839968774395005,1.0,0.4023809523809524,0.4023809523809524,77.34597151563125,88.76587213549374,168.56979409718605,181.3024057256359,208.64204458724652,0.0,39.622324387562685,0.08665105386416862,1260,9
final_refine_2m,2.0,640.0,462.0,789.3313626101525,1.0,1.0,0.0,1.0,0.25006505334374185,0.25006505334374185,1.0,0.403968253968254,0.403968253968254,77.05856955456731,88.52470006576696,168.0708704448408,180.7672260975449,208.0322218498367,0.0,39.55303163798427,0.08852459016393442,1260,9
final_refine_2m,2.0,642.0,462.0,790.9538545326143,1.0,1.0,0.0,1.0,0.2409575852198803,0.2409575852198803,1.0,0.3880952380952381,0.3880952380952381,76.77220467982785,88.28440006208294,167.57293105478246,180.23308223512788,207.42353902777143,0.0,39.483299416241316,0.08964350767629456,1260,9
final_refine_2m,2.0,644.0,462.0,792.578071864217,1.0,1.0,0.0,1.0,0.23721051262034867,0.23721051262034867,1.0,0.3761904761904762,0.3761904761904762,76.48687747318563,88.04497220966903,167.07597582980034,179.69997395289758,206.8159957572602,0.0,39.413733408891595,0.09190736403851157,1260,9
final_refine_2m,2.0,646.0,462.0,794.2040040191185,1.0,1.0,0.0,1.0,0.2395264116575592,0.2395264116575592,1.0,0.37777777777777777,0.37777777777777777,76.20258852046385,87.80641658952554,166.5800046771938,179.16790106974238,206.20959167864987,0.0,39.34456004471371,0.09492583918813427,1260,9
final_refine_2m,2.0,648.0,462.0,795.8316404868557,1.0,1.0,0.0,1.0,0.24119177725735103,0.24119177725735103,1.0,0.37936507936507935,0.37936507936507935,75.92381207651519,87.56873327838775,166.08501750877784,178.6368634089595,205.6043264364438,0.0,39.27583106334897,0.09599271402550091,1260,9
final_refine_2m,2.0,650.0,462.0,797.4609708318019,1.0,1.0,0.0,1.0,0.25735102784283115,0.25735102784283115,1.0,0.3984126984126984,0.3984126984126984,75.66352329389574,87.33192234868889,165.59101424092484,178.1068607982759,205.00019967931735,0.0,39.2074695353819,0.09705958886286756,1260,9
final_refine_2m,2.0,652.0,462.0,799.0919846926259,1.0,1.0,0.0,1.0,0.25901639344262295,0.25901639344262295,1.0,0.4,0.4,75.40413098564987,87.09598386852407,165.09799479457783,177.57789306987578,204.3972110601486,0.0,39.13953149825616,0.09586260733801717,1260,9
final_refine_2m,2.0,654.0,462.0,800.7246717817554,1.0,1.0,0.0,1.0,0.258600052042675,0.258600052042675,1.0,0.3984126984126984,0.3984126984126984,75.14563575013666,86.86091790161453,164.60595909528502,177.04996006043498,203.79536023604157,0.0,39.071943023586094,0.0946656258131668,1260,9
final_refine_2m,2.0,656.0,462.0,802.3590218848418,1.0,1.0,0.0,1.0,0.2563101743429612,0.2563101743429612,1.0,0.3896825396825397,0.3896825396825397,74.88803818923387,86.62672450727297,164.1149070732172,176.52306161112384,203.19464686834004,0.0,39.00474678595874,0.09346864428831642,1260,9
final_refine_2m,2.0,658.0,462.0,803.9950248602288,1.0,1.0,0.0,1.0,0.2546448087431694,0.2546448087431694,1.0,0.38333333333333336,0.38333333333333336,74.63133890827712,86.39344024239102,163.62483866320775,175.99719756766146,202.59507062266775,0.0,38.93789172404717,0.09227166276346604,1260,9
final_refine_2m,2.0,660.0,462.0,805.6326706384244,1.0,1.0,0.0,1.0,0.2546448087431694,0.2546448087431694,1.0,0.38333333333333336,0.38333333333333336,74.37553851598425,86.16261898637214,163.13575380476266,175.50832794150867,201.99663116893132,0.0,38.87119572411104,0.09107468123861566,1260,9
final_refine_2m,2.0,662.0,462.0,807.2719492215742,1.0,1.0,0.0,1.0,0.2546448087431694,0.2546448087431694,1.0,0.38333333333333336,0.38333333333333336,74.12063762438385,85.93272907939678,162.6476524420979,175.02404508870563,201.39932818136919,0.0,38.80407972606184,0.08987769971376529,1260,9
final_refine_2m,2.0,664.0,462.0,808.9128506829397,1.0,1.0,0.0,1.0,0.2546448087431694,0.2546448087431694,1.0,0.38333333333333336,0.38333333333333336,73.86663684875008,85.70371210311647,162.16053452416247,174.54064423461602,200.80316133854745,0.0,38.736516270491016,0.09102263856362217,1260,9
final_refine_2m,2.0,666.0,462.0,810.5553651663778,1.0,1.0,0.0,1.0,0.2546448087431694,0.2546448087431694,1.0,0.38333333333333336,0.38333333333333336,73.61353680751755,85.47556818033293,161.67440000466468,174.05812530444916,200.2081303234109,0.0,38.66850465251751,0.09216757741347906,1260,9
final_refine_2m,2.0,668.0,462.0,812.1994828858241,1.0,1.0,0.0,1.0,0.23825136612021858,0.23825136612021858,1.0,0.3611111111111111,0.3611111111111111,73.36133812221102,85.2482974291612,161.18924884209923,173.57648822722183,199.61423482329187,0.0,38.60024716438905,0.09469164715066354,1260,9
final_refine_2m,2.0,670.0,462.0,813.8451941247795,1.0,1.0,0.0,1.0,0.23590944574551131,0.23590944574551131,1.0,0.3531746031746032,0.3531746031746032,73.11004141736225,85.02189942792572,160.7151682784786,173.09573293580854,199.02147452992824,0.0,38.532403270406654,0.0970335675253708,1260,9
final_refine_2m,2.0,672.0,462.0,815.4924892357991,1.0,1.0,0.0,1.0,0.23497267759562843,0.23497267759562843,1.0,0.35,0.35,72.8596473204267,84.79637119311056,160.25175836870025,172.61585936694118,198.42984913951517,0.0,38.46500117196659,0.09875097580015613,1260,9
final_refine_2m,2.0,674.0,462.0,817.1413586399847,1.0,1.0,0.0,1.0,0.23970856102003643,0.23970856102003643,1.0,0.35555555555555557,0.35555555555555557,72.61015646170779,84.57171195897051,159.7892523034913,172.1368674612395,197.83935835270185,0.0,38.39802852565841,0.09984387197501951,1260,9
final_refine_2m,2.0,676.0,462.0,818.7917928264792,1.0,1.0,0.0,1.0,0.2500390320062451,0.2500390320062451,1.0,0.3674603174603175,0.3674603174603175,72.36156947426069,84.34792298081494,159.3276500859457,171.65875716323563,197.25000187463104,0.0,38.33147510783154,0.10015612802498049,1260,9
final_refine_2m,2.0,678.0,462.0,820.4437823519659,1.0,1.0,0.0,1.0,0.2526151444184231,0.2526151444184231,1.0,0.36984126984126986,0.36984126984126986,72.11388699381163,84.12500679282842,158.86695172359745,171.1815284213831,196.66177941496565,0.0,38.265330825757616,0.09890710382513661,1260,9
final_refine_2m,2.0,680.0,462.0,822.0973178401691,1.0,1.0,0.0,1.0,0.25467083008066616,0.25467083008066616,1.0,0.37063492063492065,0.37063492063492065,71.8671096586628,83.90296461521636,158.40715722845195,170.70518118809443,196.07469068789766,0.0,38.19957460691959,0.09765807962529274,1260,9
final_refine_2m,2.0,682.0,462.0,823.7523899813584,1.0,1.0,0.0,1.0,0.25490502211813687,0.25490502211813687,1.0,0.36587301587301585,0.36587301587301585,71.6212381096017,83.68179591920996,157.94826661698744,170.22971541975758,195.48873541220487,0.0,38.134216248142124,0.09640905542544886,1260,9
final_refine_2m,2.0,684.0,462.0,825.4089895318563,1.0,1.0,0.0,1.0,0.25487900078064013,0.25487900078064013,1.0,0.3603174603174603,0.3603174603174603,71.37627298980422,83.46235283533866,157.49027991020827,169.755131076752,194.90391331124638,0.0,38.06920562360873,0.095160031225605,1260,9
final_refine_2m,2.0,686.0,462.0,827.067107313548,1.0,1.0,0.0,1.0,0.2574551131928181,0.2574551131928181,1.0,0.3626984126984127,0.3626984126984127,71.13221494473922,83.24467984434382,157.03319713364837,169.28142812347446,194.32022411300485,0.0,38.003996209450094,0.09391100702576112,1260,9
final_refine_2m,2.0,688.0,462.0,828.7267342133956,1.0,1.0,0.0,1.0,0.2600312256049961,0.2600312256049961,1.0,0.36507936507936506,0.36507936507936506,70.8890646220691,83.02787788482634,156.5770183174093,168.80860652836628,193.73766755010658,0.0,37.93833095772267,0.09346864428831642,1260,9
final_refine_2m,2.0,690.0,462.0,830.3878611829534,1.0,1.0,0.0,1.0,0.2617486338797814,0.2617486338797814,1.0,0.36666666666666664,0.36666666666666664,70.6468226715407,82.81195140011127,156.12174349617894,168.33666626392937,193.15624335985584,0.0,37.872209181118414,0.09463960447567005,1260,9
final_refine_2m,2.0,692.0,462.0,832.0504792378886,1.0,1.0,0.0,1.0,0.25154826958105647,0.25154826958105647,1.0,0.35555555555555557,0.35555555555555557,70.40548974489018,82.59689845675216,155.667372709255,167.865607306753,192.57595128424788,0.0,37.80563021730797,0.09661722612542285,1260,9
final_refine_2m,2.0,694.0,462.0,833.7145794575024,1.0,1.0,0.0,1.0,0.24473067915690866,0.24473067915690866,1.0,0.34523809523809523,0.34523809523809523,70.16506649572808,82.38271910093027,155.21390600058442,167.3954296375374,191.99679107001725,0.0,37.73924419765334,0.09903721051262035,1260,9
final_refine_2m,2.0,696.0,462.0,835.3801529842566,1.0,1.0,0.0,1.0,0.24215456674473068,0.24215456674473068,1.0,0.3380952380952381,0.3380952380952381,69.92555357943274,82.1694156988232,154.76134341876985,166.92613324110647,191.4187624686385,0.0,37.6733005599058,0.10226385636221702,1260,9
final_refine_2m,2.0,698.0,462.0,837.0471910233018,1.0,1.0,0.0,1.0,0.24043715846994534,0.24043715846994534,1.0,0.3333333333333333,0.3333333333333333,69.68695165303498,81.95698779242443,154.30968501710962,166.45771810644624,190.84186523637516,0.0,37.60785402515125,0.10338277387457716,1260,9
final_refine_2m,2.0,700.0,462.0,838.715684842009,1.0,1.0,0.0,1.0,0.25519125683060107,0.25519125683060107,1.0,0.35,0.35,69.44926137510818,81.7454409593142,153.85893085361965,165.99018422671364,190.26609913430283,0.0,37.54282044837195,0.1045016913869373,1260,9
final_refine_2m,2.0,702.0,462.0,840.3856257695035,1.0,1.0,0.0,1.0,0.25519125683060107,0.25519125683060107,1.0,0.35,0.35,69.2124834056433,81.534771015382,153.42749261961418,165.5235315992768,189.69146392832255,0.0,37.478259602248684,0.10320062451209992,1260,9
final_refine_2m,2.0,704.0,462.0,842.057005196204,1.0,1.0,0.0,1.0,0.25519125683060107,0.25519125683060107,1.0,0.35,0.35,68.97661840593345,81.32497899117304,152.99710065907817,165.05776022572024,189.11795938920736,0.0,37.41409131560263,0.10189955763726255,1260,9
final_refine_2m,2.0,706.0,462.0,843.7298145733621,1.0,1.0,0.0,1.0,0.25456674473067914,0.25456674473067914,1.0,0.3484126984126984,0.3484126984126984,68.74166703845208,81.1160615850316,152.5675393927216,164.59287011187396,188.5455852926269,0.0,37.35036035499454,0.10059849076242519,1260,9
final_refine_2m,2.0,708.0,462.0,845.4040454126063,1.0,1.0,0.0,1.0,0.25206869633099144,0.25206869633099144,1.0,0.34206349206349207,0.34206349206349207,68.50762996671928,80.90806412525295,152.1388089135457,164.12886126785196,187.9743414191605,0.0,37.28701220434025,0.09929742388758782,1260,9
final_refine_2m,2.0,710.0,462.0,847.0796892854886,1.0,1.0,0.0,1.0,0.24957064793130368,0.24957064793130368,1.0,0.3357142857142857,0.3357142857142857,68.27450785518108,80.70269700065866,151.67874460262695,163.66573370804906,187.4042275543484,0.0,37.223851964693004,0.09799635701275046,1260,9
final_refine_2m,2.0,712.0,462.0,848.7567378230349,1.0,1.0,0.0,1.0,0.24863387978142076,0.24863387978142076,1.0,0.3333333333333333,0.3333333333333333,68.04230136907657,80.4982880411757,151.19126778879428,163.20348745119102,186.835243488704,0.0,37.16025795073546,0.09669529013791309,1260,9
final_refine_2m,2.0,714.0,462.0,850.4351827152966,1.0,1.0,0.0,1.0,0.24863387978142076,0.24863387978142076,1.0,0.3333333333333333,0.3333333333333333,67.81101117429645,80.2947593488355,150.7289762537324,162.742122520342,186.26738901774678,0.0,37.096199421079085,0.09789227166276347,1260,9
final_refine_2m,2.0,716.0,462.0,852.1150157109074,1.0,1.0,0.0,1.0,0.2504033307311996,0.2504033307311996,1.0,0.3349206349206349,0.3349206349206349,67.58063793725832,80.09210682439424,150.28545865878624,162.28163894293567,185.7006639420381,0.0,37.03167573493287,0.09908925318761384,1260,9
final_refine_2m,2.0,718.0,462.0,853.7962286166413,1.0,1.0,0.0,1.0,0.23721051262034867,0.23721051262034867,1.0,0.32063492063492066,0.32063492063492066,67.35118232475352,79.89033064355417,149.84284604073557,161.82203675079825,185.13506806719968,0.0,36.96690205374081,0.10176945094977882,1260,9
final_refine_2m,2.0,720.0,462.0,855.4788132969746,1.0,1.0,0.0,1.0,0.23817330210772833,0.23817330210772833,1.0,0.319047619047619,0.319047619047619,67.12264500381428,79.68943097619426,149.40113850622373,161.36331598016676,184.57060120395502,0.0,36.90259160291982,0.10426749934946657,1260,9
final_refine_2m,2.0,722.0,462.0,857.1627616736508,1.0,1.0,0.0,1.0,0.23812125943273485,0.23812125943273485,1.0,0.31507936507936507,0.31507936507936507,66.89502664156,79.48940798632815,148.96033616689365,160.90547667173283,184.00726316814715,0.0,36.83877390950007,0.10608899297423888,1260,9
final_refine_2m,2.0,724.0,462.0,858.848065725248,1.0,1.0,0.0,1.0,0.24316939890710382,0.24316939890710382,1.0,0.31666666666666665,0.31666666666666665,66.66832790505714,79.2902618320627,148.52043913942993,160.44851887063822,183.44505378077923,0.0,36.77543575810658,0.10806661462399167,1260,9
final_refine_2m,2.0,726.0,462.0,860.5347174867496,1.0,1.0,0.0,1.0,0.2569086651053864,0.2569086651053864,1.0,0.33095238095238094,0.33095238095238094,66.44254946115768,79.09199266555754,148.0814475455874,159.99244262653156,182.88397286803988,0.0,36.712565059858704,0.10754618787405673,1260,9
final_refine_2m,2.0,728.0,462.0,862.222709049118,1.0,1.0,0.0,1.0,0.25956284153005466,0.25956284153005466,1.0,0.3333333333333333,0.3333333333333333,66.2176919763513,78.89460063298516,147.64336151220326,159.51208397732486,182.32402026133028,0.0,36.65015034610064,0.10619307832422586,1260,9
final_refine_2m,2.0,730.0,462.0,863.9120325588711,1.0,1.0,0.0,1.0,0.25956284153005466,0.25956284153005466,1.0,0.3333333333333333,0.3333333333333333,65.9937561166018,78.69808587449198,147.20618117124198,159.01717771647287,181.76519579730802,0.0,36.58816794970879,0.104839968774395,1260,9
final_refine_2m,2.0,630.0,464.0,782.4295495442385,1.0,1.0,0.0,1.0,0.24730679156908666,0.24730679156908666,1.0,0.40714285714285714,0.40714285714285714,78.35389983577262,89.53448348935615,170.0365299945989,182.7940718932077,210.24706756339853,0.0,39.796558192649684,0.09047619047619047,1260,9
final_refine_2m,2.0,632.0,464.0,784.0408152641035,1.0,1.0,0.0,1.0,0.2459016393442623,0.2459016393442623,1.0,0.4,0.4,78.06392604011161,89.28947388413275,169.51519150106103,182.25765623290354,209.63620105691885,0.0,39.72803454222841,0.0893312516263336,1260,9
final_refine_2m,2.0,634.0,464.0,785.653867806937,1.0,1.0,0.0,1.0,0.2459016393442623,0.2459016393442623,1.0,0.4,0.4,77.77498130939578,89.04607940089609,169.0001622091611,181.72227123003555,209.02646880947225,0.0,39.659816482435424,0.0881863127764767,1260,9
final_refine_2m,2.0,636.0,464.0,787.2686961895538,1.0,1.0,0.0,1.0,0.2459016393442623,0.2459016393442623,1.0,0.4,0.4,77.48706620006682,88.80440003075275,168.50188312023622,181.18791668893513,208.41787045049847,0.0,39.59140887197649,0.08704137392661983,1260,9
final_refine_2m,2.0,638.0,464.0,788.8852895066557,1.0,1.0,0.0,1.0,0.24756700494405412,0.24756700494405412,1.0,0.4015873015873016,0.4015873015873016,77.20018127275468,88.5635877826937,168.00458320964054,180.6545924181864,207.81040561343926,0.0,39.522565925563335,0.08740567265157428,1260,9
final_refine_2m,2.0,640.0,464.0,790.50363693028,1.0,1.0,0.0,1.0,0.25006505334374185,0.25006505334374185,1.0,0.403968253968254,0.403968253968254,76.91432709220238,88.32364274872907,167.50826237709057,180.1222982306559,207.20407393578407,0.0,39.45328690943578,0.08852459016393442,1260,9
final_refine_2m,2.0,642.0,464.0,792.1237277092513,1.0,1.0,0.0,1.0,0.23744470465781942,0.23744470465781942,1.0,0.38571428571428573,0.38571428571428573,76.62950422719096,88.0845650167616,167.01292052671593,179.5910339434997,206.59887505906661,0.0,39.383571135731835,0.09039812646370024,1260,9
final_refine_2m,2.0,644.0,464.0,793.7455511686348,1.0,1.0,0.0,1.0,0.23674212854540724,0.23674212854540724,1.0,0.376984126984127,0.376984126984127,76.34571325045512,87.84635467054757,166.5185575670889,179.06079937820635,205.9948086289138,0.0,39.31403765651855,0.09266198282591726,1260,9
final_refine_2m,2.0,646.0,464.0,795.3690967091945,1.0,1.0,0.0,1.0,0.2386937288576633,0.2386937288576633,1.0,0.376984126984127,0.376984126984127,76.06535996976869,87.60901178965888,166.02517341123672,178.53159436061478,205.39187429503812,0.0,39.24489044607928,0.09492583918813427,1260,9
final_refine_2m,2.0,648.0,464.0,796.994353806851,1.0,1.0,0.0,1.0,0.24119177725735103,0.24119177725735103,1.0,0.37936507936507935,0.37936507936507935,75.80544191960503,87.37253644944529,165.53276797668317,178.00341872093358,204.79007171129192,0.0,39.17617992870509,0.09599271402550091,1260,9
final_refine_2m,2.0,650.0,464.0,798.621312012145,1.0,1.0,0.0,1.0,0.25735102784283115,0.25735102784283115,1.0,0.3984126984126984,0.3984126984126984,75.54641535191759,87.1369287209979,165.04134118545622,177.47627229376783,204.18940053566678,0.0,39.10783371345767,0.09705958886286756,1260,9
final_refine_2m,2.0,652.0,464.0,800.2499609497023,1.0,1.0,0.0,1.0,0.25901639344262295,0.25901639344262295,1.0,0.4,0.4,75.28828085295316,86.90218867111294,164.55089296413388,176.950154918148,203.58986043032172,0.0,39.03990648503493,0.09586260733801717,1260,9
final_refine_2m,2.0,654.0,464.0,801.8802903177008,1.0,1.0,0.0,1.0,0.25901639344262295,0.25901639344262295,1.0,0.4,0.4,75.03103901240559,86.66831636225668,164.06142324384845,176.42506643755263,202.9914510616136,0.0,38.97232585504639,0.0946656258131668,1260,9
final_refine_2m,2.0,656.0,464.0,803.512289887342,1.0,1.0,0.0,1.0,0.25672651574290917,0.25672651574290917,1.0,0.39126984126984127,0.39126984126984127,74.77469042335095,86.43531185253092,163.57293196032663,175.92739003210914,202.3941721001137,0.0,38.90513035179272,0.09346864428831642,1260,9
final_refine_2m,2.0,658.0,464.0,805.1459495023247,1.0,1.0,0.0,1.0,0.2546448087431694,0.2546448087431694,1.0,0.38333333333333336,0.38333333333333336,74.51923568217792,86.20320168306222,163.08541905390982,175.44368290683587,201.79802322062554,0.0,38.83827608577147,0.09227166276346604,1260,9
final_refine_2m,2.0,660.0,464.0,806.7812590783204,1.0,1.0,0.0,1.0,0.2546448087431694,0.2546448087431694,1.0,0.38333333333333336,0.38333333333333336,74.26467538852195,85.97353795653109,162.5988844695836,174.96085363800574,201.20300410222737,0.0,38.77158512047187,0.09107468123861566,1260,9
final_refine_2m,2.0,662.0,464.0,808.4182086024534,1.0,1.0,0.0,1.0,0.2546448087431694,0.2546448087431694,1.0,0.38333333333333336,0.38333333333333336,74.01101014518693,85.7448201346108,162.11332815699996,174.47890214812622,200.60911442827185,0.0,38.7044825140035,0.08987769971376529,1260,9
final_refine_2m,2.0,664.0,464.0,810.0567881327827,1.0,1.0,0.0,1.0,0.2546448087431694,0.2546448087431694,1.0,0.38333333333333336,0.38333333333333336,73.75824055807769,85.5169704621943,161.62875007050567,173.9978283634505,200.01635388643007,0.0,38.636935236112095,0.09102263856362217,1260,9
final_refine_2m,2.0,666.0,464.0,811.6969877977865,1.0,1.0,0.0,1.0,0.2546448087431694,0.2546448087431694,1.0,0.38333333333333336,0.38333333333333336,73.5063672361191,85.28998906012902,161.14836233665343,173.5176322140092,199.4247221687054,0.0,38.56894259041618,0.09354670830080666,1260,9
final_refine_2m,2.0,668.0,464.0,813.3387977958508,1.0,1.0,0.0,1.0,0.2384855581576893,0.2384855581576893,1.0,0.3619047619047619,0.3619047619047619,73.25539079118396,85.06387604462243,160.6854300931048,173.03831363362193,198.83421897145342,0.0,38.500717771325824,0.09469164715066354,1260,9
final_refine_2m,2.0,670.0,464.0,814.9822083947599,1.0,1.0,0.0,1.0,0.23614363778298206,0.23614363778298206,1.0,0.353968253968254,0.353968253968254,73.00531183800761,84.83863152720221,160.22339726805893,172.559872559934,198.2448439954224,0.0,38.43290302440048,0.0970335675253708,1260,9
final_refine_2m,2.0,672.0,464.0,816.6272099311901,1.0,1.0,0.0,1.0,0.23497267759562843,0.23497267759562843,1.0,0.35,0.35,72.75613099410936,84.61425292097292,159.7622638602111,172.08230893442496,197.65659694576138,0.0,38.3655289280624,0.09953161592505855,1260,9
final_refine_2m,2.0,674.0,464.0,818.273792810206,1.0,1.0,0.0,1.0,0.239032006245121,0.239032006245121,1.0,0.3547619047619048,0.3547619047619048,72.50784887970671,84.39073894069526,159.3020298726137,171.60562270242733,197.06947753205412,0.0,38.29857712219126,0.10062451209992193,1260,9
final_refine_2m,2.0,676.0,464.0,819.921947504761,1.0,1.0,0.0,1.0,0.2500390320062451,0.2500390320062451,1.0,0.3674603174603175,0.3674603174603175,72.26046611762962,84.16808928748387,158.84269531270115,171.1298138131586,196.48348546834117,0.0,38.232040567560595,0.10015612802498049,1260,9
final_refine_2m,2.0,678.0,464.0,821.5716645551987,1.0,1.0,0.0,1.0,0.2526151444184231,0.2526151444184231,1.0,0.36984126984126986,0.36984126984126986,72.01398333323124,83.94630739214423,158.384260192304,170.65488221973968,195.898620473144,0.0,38.165909277774595,0.09890710382513661,1260,9
final_refine_2m,2.0,680.0,464.0,823.2229345687595,1.0,1.0,0.0,1.0,0.2549310434556336,0.2549310434556336,1.0,0.37142857142857144,0.37142857142857144,71.76840115429843,83.72539392850697,157.92672452767926,170.180827879215,195.31488226949475,0.0,38.10015935181509,0.09765807962529274,1260,9
final_refine_2m,2.0,682.0,464.0,824.8757482190879,1.0,1.0,0.0,1.0,0.2543065313557117,0.2543065313557117,1.0,0.36587301587301585,0.36587301587301585,71.52372021095584,83.5053497311327,157.4700883395407,169.70765075256327,194.7322705849557,0.0,38.0348065872237,0.09640905542544886,1260,9
final_refine_2m,2.0,684.0,464.0,826.5300962457447,1.0,1.0,0.0,1.0,0.2545407233931824,0.2545407233931824,1.0,0.3611111111111111,0.3611111111111111,71.27994113557358,83.28700089438985,157.01435165307538,169.23535080473948,194.1507851516531,0.0,37.96979872409449,0.095160031225605,1260,9
final_refine_2m,2.0,686.0,464.0,828.1859694537212,1.0,1.0,0.0,1.0,0.25659640905542547,0.25659640905542547,1.0,0.3619047619047619,0.3619047619047619,71.03706456266916,83.07044147887285,156.55951449796603,168.76392800468903,193.57042570628852,0.0,37.904605107490006,0.09391100702576112,1260,9
final_refine_2m,2.0,688.0,464.0,829.8433587129562,1.0,1.0,0.0,1.0,0.25917252146760345,0.25917252146760345,1.0,0.36428571428571427,0.36428571428571427,70.79509112880258,82.85474987926435,156.10557690842762,168.29338232535756,192.9911919901858,0.0,37.838958542014744,0.09427530575071559,1260,9
final_refine_2m,2.0,690.0,464.0,831.5022549578564,1.0,1.0,0.0,1.0,0.2617486338797814,0.2617486338797814,1.0,0.36666666666666664,0.36666666666666664,70.55402147248246,82.63992453712812,155.6525389232236,167.82371374373452,192.4130837493013,0.0,37.77285834893183,0.09607077803799115,1260,9
final_refine_2m,2.0,692.0,464.0,833.16264918682,1.0,1.0,0.0,1.0,0.24863387978142076,0.24863387978142076,1.0,0.3523809523809524,0.3523809523809524,70.31385623404998,82.42597018793445,155.20040058568793,167.35492224086042,191.8361007342542,0.0,37.706303874186766,0.09804839968774395,1260,9
final_refine_2m,2.0,694.0,464.0,834.8245324617623,1.0,1.0,0.0,1.0,0.24501691386937288,0.24501691386937288,1.0,0.346031746031746,0.346031746031746,70.07459605558248,82.21288448124172,154.74916194376004,166.88700780185076,191.26024270035757,0.0,37.639959752753526,0.09984387197501951,1260,9
final_refine_2m,2.0,696.0,464.0,836.4878959076456,1.0,1.0,0.0,1.0,0.2424408014571949,0.2424408014571949,1.0,0.3388888888888889,0.3388888888888889,69.83624158077293,82.00066793383151,154.29882305000402,166.41997041592495,190.68550940763453,0.0,37.574051092196584,0.10226385636221702,1260,9
final_refine_2m,2.0,698.0,464.0,838.1527307120105,1.0,1.0,0.0,1.0,0.24043715846994534,0.24043715846994534,1.0,0.3333333333333333,0.3333333333333333,69.59879345482796,81.78932400424897,153.86007983051567,165.95381007642388,190.1119006208639,0.0,37.508631234756365,0.10338277387457716,1260,9
final_refine_2m,2.0,700.0,464.0,839.8190281245121,1.0,1.0,0.0,1.0,0.25519125683060107,0.25519125683060107,1.0,0.35,0.35,69.3622523243435,81.57885192399114,153.43002351237095,165.4885267808353,189.53941610958825,0.0,37.443620938586996,0.1045016913869373,1260,9
final_refine_2m,2.0,702.0,464.0,841.486779456457,1.0,1.0,0.0,1.0,0.25519125683060107,0.25519125683060107,1.0,0.35,0.35,69.12661883719177,81.36925639496036,153.0007940206519,165.02412053081463,188.96805564815506,0.0,37.379078525943285,0.10320062451209992,1260,9
final_refine_2m,2.0,704.0,464.0,843.1559760803455,1.0,1.0,0.0,1.0,0.25519125683060107,0.25519125683060107,1.0,0.35,0.35,68.89189364240129,81.16053186095148,152.57239144283548,164.56059133221044,188.3978190157307,0.0,37.31492549019478,0.10189955763726255,1260,9
final_refine_2m,2.0,706.0,464.0,844.8266094294142,1.0,1.0,0.0,1.0,0.25519125683060107,0.25519125683060107,1.0,0.35,0.35,68.65807739002962,80.95267926150939,152.13872955431285,164.09793919509013,187.8287059963439,0.0,37.25120214657076,0.10059849076242519,1260,9
final_refine_2m,2.0,708.0,464.0,846.4986709971847,1.0,1.0,0.0,1.0,0.25269320843091336,0.25269320843091336,1.0,0.34365079365079365,0.34365079365079365,68.4251707310424,80.74572995581791,151.6518123455203,163.63616413375402,187.2607163789084,0.0,37.18786169558099,0.09929742388758782,1260,9
final_refine_2m,2.0,710.0,464.0,848.1721523370123,1.0,1.0,0.0,1.0,0.24988290398126464,0.24988290398126464,1.0,0.33650793650793653,0.33650793650793653,68.1931743171838,80.54138876248508,151.1716491411107,163.17526616677029,186.6938499572407,0.0,37.124713722187465,0.09799635701275046,1260,9
final_refine_2m,2.0,712.0,464.0,849.8470450616393,1.0,1.0,0.0,1.0,0.24863387978142076,0.24863387978142076,1.0,0.3333333333333333,0.3333333333333333,67.96208880084312,80.33802139516919,150.72851068857628,162.71524531698668,186.12810653009964,0.0,37.06114095714759,0.09669529013791309,1260,9
final_refine_2m,2.0,714.0,464.0,851.523340842751,1.0,1.0,0.0,1.0,0.24863387978142076,0.24863387978142076,1.0,0.3333333333333333,0.3333333333333333,67.73191483492302,80.13553487182674,150.2862726696845,162.25610161156473,185.56348590122283,0.0,36.997106675286204,0.09854280510018215,1260,9
final_refine_2m,2.0,716.0,464.0,853.2010314105346,1.0,1.0,0.0,1.0,0.2504033307311996,0.2504033307311996,1.0,0.3349206349206349,0.3349206349206349,67.50265307269949,79.93391967855169,149.8449351846781,161.79783508200123,184.99998787932725,0.0,36.93261024413278,0.10057246942492844,1260,9
final_refine_2m,2.0,718.0,464.0,854.8801085532403,1.0,1.0,0.0,1.0,0.23721051262034867,0.23721051262034867,1.0,0.32063492063492066,0.32063492063492066,67.27430416768877,79.73317598833958,149.40449833870747,161.3404457641481,184.43761227817572,0.0,36.867878565385176,0.10176945094977882,1260,9
final_refine_2m,2.0,720.0,464.0,856.5605641167471,1.0,1.0,0.0,1.0,0.23851157949518606,0.23851157949518606,1.0,0.3198412698412698,0.3198412698412698,67.04686877349735,79.53330396841905,148.96496224186671,160.88393369824104,183.87635891657078,0.0,36.8036063109996,0.10510018214936248,1260,9
final_refine_2m,2.0,722.0,464.0,858.2423900041293,1.0,1.0,0.0,1.0,0.23845953682019255,0.23845953682019255,1.0,0.31587301587301586,0.31587301587301586,66.82034754368122,79.33430378020947,148.52632700921328,160.4282989289209,183.3162276184062,0.0,36.739825570252115,0.10692167577413479,1260,9
final_refine_2m,2.0,724.0,464.0,859.9255781752279,1.0,1.0,0.0,1.0,0.2427790788446526,0.2427790788446526,1.0,0.31666666666666665,0.31666666666666665,66.59474113159611,79.13617557928013,148.08859276079255,159.9639646614355,182.75721821269696,0.0,36.67651666365346,0.10806661462399167,1260,9
final_refine_2m,2.0,726.0,464.0,861.6101206462237,1.0,1.0,0.0,1.0,0.256023939630497,0.256023939630497,1.0,0.33015873015873015,0.33015873015873015,66.37005019024564,78.93891951530976,147.65175962167427,159.4696627982124,182.19933053359117,0.0,36.61367093587063,0.10754618787405673,1260,9
final_refine_2m,2.0,728.0,464.0,863.2960094892134,1.0,1.0,0.0,1.0,0.2586781160551652,0.2586781160551652,1.0,0.3325396825396825,0.3325396825396825,66.14627537212887,78.74253573204733,147.21582772197354,158.97640276257945,181.64256442042233,0.0,36.551277039404354,0.10619307832422586,1260,9
final_refine_2m,2.0,730.0,464.0,864.9832368317897,1.0,1.0,0.0,1.0,0.25956284153005466,0.25956284153005466,1.0,0.3333333333333333,0.3333333333333333,65.92341732908149,78.54702436727307,146.78079719687926,158.48418457401337,181.08691971772276,0.0,36.489308281183824,0.104839968774395,1260,9
final_refine_2m,2.0,630.0,466.0,783.6172535109216,1.0,1.0,0.0,1.0,0.2477751756440281,0.2477751756440281,1.0,0.4095238095238095,0.4095238095238095,78.20395124636303,89.32978897220757,169.43068162517895,182.14182672452137,209.41088134079814,0.0,39.69721798096257,0.09104865990111892,1260,9
final_refine_2m,2.0,632.0,466.0,785.2260820935586,1.0,1.0,0.0,1.0,0.2459016393442623,0.2459016393442623,1.0,0.4,0.4,77.91553175759299,89.0860155889976,168.93250430647888,181.60829038554337,208.8034963208423,0.0,39.62869409500627,0.08990372105126203,1260,9
final_refine_2m,2.0,634.0,466.0,786.836704786959,1.0,1.0,0.0,1.0,0.2459016393442623,0.2459016393442623,1.0,0.4,0.4,77.6281356489695,88.84382364628172,168.43583882328636,181.07577887914445,208.19723849837143,0.0,39.56047317657988,0.08875878220140515,1260,9
final_refine_2m,2.0,636.0,466.0,788.4491105962388,1.0,1.0,0.0,1.0,0.2459016393442623,0.2459016393442623,1.0,0.4,0.4,77.34176346860025,88.60336863038532,167.9401473840216,180.54429201660835,207.5921075121458,0.0,39.492074698940876,0.08761384335154827,1260,9
final_refine_2m,2.0,638.0,466.0,790.0632886041473,1.0,1.0,0.0,1.0,0.24756700494405412,0.24756700494405412,1.0,0.4015873015873016,0.4015873015873016,77.05641576861015,88.36377602354746,167.4454298897507,180.0138296134515,206.98810300491755,0.0,39.423243537021555,0.08873276086390841,1260,9
final_refine_2m,2.0,640.0,466.0,791.6792279705209,1.0,1.0,0.0,1.0,0.25006505334374185,0.25006505334374185,1.0,0.403968253968254,0.403968253968254,76.77209310507564,88.12504591621769,166.95168624590553,179.48439148942632,206.38522462343545,0.0,39.35397896566068,0.08985167837626853,1260,9
final_refine_2m,2.0,642.0,466.0,793.2969179317414,1.0,1.0,0.0,1.0,0.23697632058287796,0.23697632058287796,1.0,0.3865079365079365,0.3865079365079365,76.48879603793773,87.88717839477962,166.45891636228893,178.9559774685563,205.78347201848183,0.0,39.284286256259776,0.09097059588862867,1260,9
final_refine_2m,2.0,644.0,466.0,794.9163478001947,1.0,1.0,0.0,1.0,0.23710642727036169,0.23710642727036169,1.0,0.37857142857142856,0.37857142857142856,76.20688472479762,87.65017354151229,165.96712015310712,178.42858737914992,205.18284484488868,0.0,39.21477992601827,0.09266198282591726,1260,9
final_refine_2m,2.0,646.0,466.0,796.5375069637337,1.0,1.0,0.0,1.0,0.2386937288576633,0.2386937288576633,1.0,0.376984126984127,0.376984126984127,75.94733459818099,87.41403143455209,165.47629753699516,177.9022210538423,204.58334276156268,0.0,39.14565947539992,0.09568045797553994,1260,9
final_refine_2m,2.0,648.0,466.0,798.1603848851432,1.0,1.0,0.0,1.0,0.24119177725735103,0.24119177725735103,1.0,0.37936507936507935,0.37936507936507935,75.68867101592599,87.17875214785595,164.98644843703755,177.3768783295957,203.98496543149702,0.0,39.076968096118286,0.09734582357533177,1260,9
final_refine_2m,2.0,650.0,466.0,799.784971101608,1.0,1.0,0.0,1.0,0.25735102784283115,0.25735102784283115,1.0,0.3984126984126984,0.3984126984126984,75.43089455241805,86.94433575116445,164.4975727807949,176.85255904774718,203.38771252180405,0.0,39.008637895713335,0.09765807962529274,1260,9
final_refine_2m,2.0,652.0,466.0,801.4112552241826,1.0,1.0,0.0,1.0,0.25901639344262295,0.25901639344262295,1.0,0.4,0.4,75.17400578542377,86.71078230996649,164.00967050033717,176.346169473183,202.7915837037412,0.0,38.94072221730691,0.09646109810044236,1260,9
final_refine_2m,2.0,654.0,466.0,803.0392269372649,1.0,1.0,0.0,1.0,0.25901639344262295,0.25901639344262295,1.0,0.4,0.4,74.91800529601514,86.4780918854638,163.52274153225068,175.8630335603992,202.1965786527237,0.0,38.87315019884912,0.09526411657559199,1260,9
final_refine_2m,2.0,656.0,466.0,804.6688759980716,1.0,1.0,0.0,1.0,0.2571428571428571,0.2571428571428571,1.0,0.39285714285714285,0.39285714285714285,74.66289366851126,86.2462645345371,163.0367858176837,175.38077140140362,201.60269704834406,0.0,38.80595625696014,0.0940671350507416,1260,9
final_refine_2m,2.0,658.0,466.0,806.3001922361175,1.0,1.0,0.0,1.0,0.2548529794431434,0.2548529794431434,1.0,0.38412698412698415,0.38412698412698415,74.408671490405,86.01531863907643,162.55180330235646,174.89938291608496,201.00993857441264,0.0,38.739103612833944,0.09287015352589123,1260,9
final_refine_2m,2.0,660.0,466.0,807.933165552696,1.0,1.0,0.0,1.0,0.2546448087431694,0.2546448087431694,1.0,0.38333333333333336,0.38333333333333336,74.15533935229726,85.7867990436068,162.0677939365955,174.4188680280101,200.4183029189684,0.0,38.67241847225887,0.09167317200104086,1260,9
final_refine_2m,2.0,662.0,466.0,809.5677859203638,1.0,1.0,0.0,1.0,0.2546448087431694,0.2546448087431694,1.0,0.38333333333333336,0.38333333333333336,73.9028978478212,85.55924172656748,161.58475767535555,173.93922666445653,199.8277897743024,0.0,38.60532997728838,0.0912568306010929,1260,9
final_refine_2m,2.0,664.0,466.0,811.2040433824279,1.0,1.0,0.0,1.0,0.2546448087431694,0.2546448087431694,1.0,0.38333333333333336,0.38333333333333336,73.65134757356964,85.33254782573657,161.11870510034356,173.46045875642963,199.23839883698543,0.0,38.53779957347242,0.09240176945094977,1260,9
final_refine_2m,2.0,666.0,466.0,812.841928052435,1.0,1.0,0.0,1.0,0.2546448087431694,0.2546448087431694,1.0,0.38333333333333336,0.38333333333333336,73.4006891290169,85.10671746000705,160.65714200979397,172.98256423867753,198.65012980789317,0.0,38.46982657284164,0.09354670830080666,1260,9
final_refine_2m,2.0,668.0,466.0,814.4814301136644,1.0,1.0,0.0,1.0,0.23895394223263075,0.23895394223263075,1.0,0.3634920634920635,0.3634920634920635,73.15092311644561,84.88175074367847,160.19647395090254,172.50554304972073,198.06298239222482,0.0,38.40163497609628,0.09547228727556596,1260,9
final_refine_2m,2.0,670.0,466.0,816.1225398186231,1.0,1.0,0.0,1.0,0.2366120218579235,0.2366120218579235,1.0,0.35555555555555557,0.35555555555555557,72.90205014085979,84.65764778641655,159.7367009223725,172.02939513186863,197.47695629952554,0.0,38.33384996178275,0.09781420765027322,1260,9
final_refine_2m,2.0,672.0,466.0,817.7652474885442,1.0,1.0,0.0,1.0,0.23497267759562843,0.23497267759562843,1.0,0.35,0.35,72.65407080990626,84.43440751336429,159.27782292719135,171.5541204312386,196.89205124372174,0.0,38.26650446431757,0.10015612802498049,1260,9
final_refine_2m,2.0,674.0,466.0,819.4095435128883,1.0,1.0,0.0,1.0,0.23767889669529013,0.23767889669529013,1.0,0.3531746031746032,0.3531746031746032,72.40698573379146,84.21202707533986,158.81983997267525,171.07971889777735,196.30826694313978,0.0,38.19957415865857,0.10124902419984387,1260,9
final_refine_2m,2.0,676.0,466.0,821.055418348847,1.0,1.0,0.0,1.0,0.2500390320062451,0.2500390320062451,1.0,0.3674603174603175,0.3674603174603175,72.16079552519047,83.99050662332232,158.36275207047828,170.60619048528977,195.72560312052025,0.0,38.13305516173363,0.10078064012490243,1260,9
final_refine_2m,2.0,678.0,466.0,822.7028625208496,1.0,1.0,0.0,1.0,0.25175644028103045,0.25175644028103045,1.0,0.36904761904761907,0.36904761904761907,71.91550079916216,83.76984711620345,157.90655923661902,170.13353515144348,195.1440595030647,0.0,38.06693759206057,0.09953161592505855,1260,9
final_refine_2m,2.0,680.0,466.0,824.3518666200738,1.0,1.0,0.0,1.0,0.2543325526932084,0.2543325526932084,1.0,0.37142857142857144,0.37142857142857144,71.67110217305407,83.55005196943324,157.45126149151486,169.66175285781068,194.56363582244066,0.0,38.001194743507185,0.09828259172521468,1260,9
final_refine_2m,2.0,682.0,466.0,826.0024213039572,1.0,1.0,0.0,1.0,0.25482695810564665,0.25482695810564665,1.0,0.3674603174603175,0.3674603174603175,71.42760026641228,83.33112061882275,156.99685885998704,169.19084356987412,193.98433181482082,0.0,37.93584836297384,0.0970335675253708,1260,9
final_refine_2m,2.0,684.0,466.0,827.6545172957132,1.0,1.0,0.0,1.0,0.2548009367681499,0.2548009367681499,1.0,0.3619047619047619,0.3619047619047619,71.18499570088476,83.11385246654017,156.54335137130215,168.72080725704888,193.40614722089168,0.0,37.87084407420538,0.09578454332552694,1260,9
final_refine_2m,2.0,686.0,466.0,829.3081453838495,1.0,1.0,0.0,1.0,0.25659640905542547,0.25659640905542547,1.0,0.3619047619047619,0.3619047619047619,70.94328910012477,82.89840075396654,156.0907390591909,168.25164389271998,192.82908178590455,0.0,37.80566695849943,0.09453551912568306,1260,9
final_refine_2m,2.0,688.0,466.0,830.9632964216892,1.0,1.0,0.0,1.0,0.25917252146760345,0.25917252146760345,1.0,0.36428571428571427,0.36428571428571427,70.70248108968501,82.6838032163684,155.63902196187007,167.78335345424497,192.25313525967678,0.0,37.740039758028345,0.09489981785063752,1260,9
final_refine_2m,2.0,690.0,466.0,832.6199613268949,1.0,1.0,0.0,1.0,0.2617486338797814,0.2617486338797814,1.0,0.36666666666666664,0.36666666666666664,70.462572296923,82.47007259286337,155.18820012206336,167.3159359229879,191.67830739663466,0.0,37.67396180253558,0.09687743950039032,1260,9
final_refine_2m,2.0,692.0,466.0,834.2781310809962,1.0,1.0,0.0,1.0,0.246448087431694,0.246448087431694,1.0,0.35,0.35,70.22356335089,82.25720358835716,154.7382735870418,166.84939128433516,191.10459795582247,0.0,37.607437491555814,0.09804839968774395,1260,9
final_refine_2m,2.0,694.0,466.0,835.9377967289194,1.0,1.0,0.0,1.0,0.24558938329430133,0.24558938329430133,1.0,0.3476190476190476,0.3476190476190476,69.98545488222544,82.04520104975455,154.29229369157605,166.38371952772462,190.53200670095305,0.0,37.541130699980926,0.09984387197501951,1260,9
final_refine_2m,2.0,696.0,466.0,837.5989493785197,1.0,1.0,0.0,1.0,0.24301327088212335,0.24301327088212335,1.0,0.3404761904761905,0.3404761904761905,69.74824752304562,81.83406236204506,153.86257069933777,165.91892064665606,189.96053340041212,0.0,37.47525755589113,0.10307051782461618,1260,9
final_refine_2m,2.0,698.0,466.0,839.2615802001185,1.0,1.0,0.0,1.0,0.24043715846994534,0.24043715846994534,1.0,0.3333333333333333,0.3333333333333333,69.51194190683437,81.62378899675998,153.4336707042555,165.45499463872645,189.39017782729604,0.0,37.409864988147916,0.10418943533697632,1260,9
final_refine_2m,2.0,700.0,466.0,840.925680426041,1.0,1.0,0.0,1.0,0.25519125683060107,0.25519125683060107,1.0,0.35,0.35,69.27653866832502,81.4143853880702,153.00559378842775,164.99194150565094,188.82093975943772,0.0,37.344878614774345,0.10515222482435597,1260,9
final_refine_2m,2.0,702.0,466.0,842.5912413501579,1.0,1.0,0.0,1.0,0.25519125683060107,0.25519125683060107,1.0,0.35,0.35,69.04203844338258,81.2058491383068,152.57834003816876,164.529761253273,188.25281897942688,0.0,37.28035531953488,0.1038511579495186,1260,9
final_refine_2m,2.0,704.0,466.0,844.2582543274303,1.0,1.0,0.0,1.0,0.25519125683060107,0.25519125683060107,1.0,0.35,0.35,68.80844186888633,80.99818467961714,152.11171785140542,164.0684538915992,187.6858152746475,0.0,37.21621824555424,0.10255009107468124,1260,9
final_refine_2m,2.0,706.0,466.0,845.926710773457,1.0,1.0,0.0,1.0,0.25519125683060107,0.25519125683060107,1.0,0.35,0.35,68.57574958260358,80.79138393628652,151.62642788784723,163.60801943482525,187.11992843730806,0.0,37.15250329380217,0.10124902419984387,1260,9
final_refine_2m,2.0,708.0,466.0,847.5966021640247,1.0,1.0,0.0,1.0,0.2530054644808743,0.2530054644808743,1.0,0.34444444444444444,0.34444444444444444,68.34396222306647,80.5854748447027,151.17109946783958,163.14845790134436,186.55515826444778,0.0,37.08917131564869,0.09994795732500651,1260,9
final_refine_2m,2.0,710.0,466.0,849.2679200346614,1.0,1.0,0.0,1.0,0.2505074160811866,0.2505074160811866,1.0,0.3380952380952381,0.3380952380952381,68.11308042944387,80.38215013684692,150.72923356377814,162.68976931378344,185.9915045579896,0.0,37.026036342544636,0.09864689045016914,1260,9
final_refine_2m,2.0,712.0,466.0,850.9406559801923,1.0,1.0,0.0,1.0,0.24863387978142076,0.24863387978142076,1.0,0.3333333333333333,0.3333333333333333,67.88310484140861,80.17981309132907,150.2882636922018,162.2319536990191,185.42896712475138,0.0,36.96248548467592,0.09734582357533177,1260,9
final_refine_2m,2.0,714.0,466.0,852.6148016542992,1.0,1.0,0.0,1.0,0.24863387978142076,0.24863387978142076,1.0,0.3333333333333333,0.3333333333333333,67.65403609900454,79.97835681926024,149.848189951945,161.77501108821056,184.86754577648816,0.0,36.89847608309494,0.09937548790007807,1260,9
final_refine_2m,2.0,716.0,466.0,854.2903487690821,1.0,1.0,0.0,1.0,0.24951860525631017,0.24951860525631017,1.0,0.3341269841269841,0.3341269841269841,67.42587484251132,79.77776867337234,149.4090124466888,161.31894151680774,184.30724032990878,0.0,36.83400751356228,0.10057246942492844,1260,9
final_refine_2m,2.0,718.0,466.0,855.9672890946242,1.0,1.0,0.0,1.0,0.23632578714545927,0.23632578714545927,1.0,0.3198412698412698,0.3198412698412698,67.19862171230673,79.57804723802082,148.9707312849725,160.8637450245914,183.748050606706,0.0,36.769318314596575,0.10260213374967474,1260,9
final_refine_2m,2.0,720.0,466.0,857.6456144585594,1.0,1.0,0.0,1.0,0.23796513140775435,0.23796513140775435,1.0,0.3198412698412698,0.3198412698412698,66.97227734871784,79.37919267779303,148.53334658024121,160.40942165568407,183.1899764335912,0.0,36.70508476850732,0.10510018214936248,1260,9
final_refine_2m,2.0,722.0,466.0,859.3253167456431,1.0,1.0,0.0,1.0,0.23825136612021858,0.23825136612021858,1.0,0.31666666666666665,0.31666666666666665,66.74684239188511,79.18120515152297,148.0968584508539,159.9215746249953,182.63301764232693,0.0,36.64134150408951,0.10692167577413479,1260,9
final_refine_2m,2.0,724.0,466.0,861.0063878973257,1.0,1.0,0.0,1.0,0.24184231069476972,0.24184231069476972,1.0,0.31666666666666665,0.31666666666666665,66.52231748160851,78.98408481225015,147.66126702011698,159.42890878722037,182.0771740697373,0.0,36.578062433385114,0.10889929742388758,1260,9
final_refine_2m,2.0,726.0,466.0,862.6888199113282,1.0,1.0,0.0,1.0,0.256023939630497,0.256023939630497,1.0,0.33015873015873015,0.33015873015873015,66.29870325719706,78.78783180717981,147.22657241631413,158.93727905819466,181.52244555776488,0.0,36.515242304051355,0.10754618787405673,1260,9
final_refine_2m,2.0,728.0,466.0,864.3726048412224,1.0,1.0,0.0,1.0,0.2586781160551652,0.2586781160551652,1.0,0.3325396825396825,0.3325396825396825,66.07600035732074,78.59244627764365,146.79277477272717,158.4466854571996,180.96883195347246,0.0,36.45286988812027,0.1068696330991413,1260,9
final_refine_2m,2.0,730.0,466.0,866.0577347960124,1.0,1.0,0.0,1.0,0.25956284153005466,0.25956284153005466,1.0,0.3333333333333333,0.3333333333333333,65.85420941984815,78.39792835906135,146.3598742276652,157.95712800903695,180.41633310909575,0.0,36.390915491521326,0.10551652354931043,1260,9
final_refine_2m,2.0,630.0,468.0,784.808256837299,1.0,1.0,0.0,1.0,0.24808743169398906,0.24808743169398906,1.0,0.4111111111111111,0.4111111111111111,78.05606203709807,89.12758081466326,168.86670315944232,181.4966461083918,208.58403849855026,0.0,39.59830803682638,0.09104865990111892,1260,9
final_refine_2m,2.0,632.0,468.0,786.4146488971323,1.0,1.0,0.0,1.0,0.2459016393442623,0.2459016393442623,1.0,0.4,0.4,77.76918062454955,88.88503152471216,168.37163617245142,180.96595988522708,207.980097449372,0.0,39.529784741020734,0.08990372105126203,1260,9
final_refine_2m,2.0,634.0,468.0,788.0228423085209,1.0,1.0,0.0,1.0,0.2459016393442623,0.2459016393442623,1.0,0.4,0.4,77.48331695818341,88.64403012752646,167.8775381454695,180.43629273723826,207.37727662517185,0.0,39.46156181140841,0.08875878220140515,1260,9
final_refine_2m,2.0,636.0,468.0,789.6328260653809,1.0,1.0,0.0,1.0,0.2459016393442623,0.2459016393442623,1.0,0.4,0.4,77.198471577792,88.40478743396646,167.3844089808795,179.9076444825214,206.77557567385134,0.0,39.39317321386963,0.08761384335154827,1260,9
final_refine_2m,2.0,638.0,468.0,791.2445892390039,1.0,1.0,0.0,1.0,0.24756700494405412,0.24756700494405412,1.0,0.4015873015873016,0.4015873015873016,76.91464502702144,88.16640248366838,166.89224858537168,179.38001494336524,206.1749942472649,0.0,39.32435456162006,0.08873276086390841,1260,9
final_refine_2m,2.0,640.0,468.0,792.8581209775176,1.0,1.0,0.0,1.0,0.24923237054384595,0.24923237054384595,1.0,0.4031746031746032,0.4031746031746032,76.63183785330557,87.92887536551686,166.4010568699422,178.85340394626238,205.57553200124997,0.0,39.25510513800946,0.08985167837626853,1260,9
final_refine_2m,2.0,642.0,468.0,794.4734105053485,1.0,1.0,0.0,1.0,0.23734061930783243,0.23734061930783243,1.0,0.3880952380952381,0.3880952380952381,76.35005060777951,87.69220616437138,165.9108337499427,178.32781132194677,204.97718859563943,0.0,39.185436121508936,0.09172521467603435,1260,9
final_refine_2m,2.0,644.0,468.0,796.0904471226872,1.0,1.0,0.0,1.0,0.2376528753577934,0.2376528753577934,1.0,0.38095238095238093,0.38095238095238093,76.08920203217804,87.456394961028,165.4215791450791,177.80323690540186,204.37996369428794,0.0,39.1159575344248,0.09341660161332292,1260,9
final_refine_2m,2.0,646.0,468.0,797.7092202049566,1.0,1.0,0.0,1.0,0.23786104605776737,0.23786104605776737,1.0,0.3761904761904762,0.3761904761904762,75.83089871173341,87.2214418321817,164.93329297946187,177.27968053590652,203.78385696508772,0.0,39.04686444266544,0.09568045797553994,1260,9
final_refine_2m,2.0,648.0,468.0,799.3297192022826,1.0,1.0,0.0,1.0,0.24035909445745512,0.24035909445745512,1.0,0.37857142857142856,0.37857142857142856,75.57347761325097,86.98734685038946,164.4459751816092,176.76466999231977,203.18886807999684,0.0,38.97819286762088,0.09734582357533177,1260,9
final_refine_2m,2.0,650.0,468.0,800.9519336389669,1.0,1.0,0.0,1.0,0.2558678116055165,0.2558678116055165,1.0,0.3968253968253968,0.3968253968253968,75.3169393028136,86.75411008403401,163.95962568447956,176.28210082983594,202.5949967150663,0.0,38.90987937583631,0.09765807962529274,1260,9
final_refine_2m,2.0,652.0,468.0,802.5758531129628,1.0,1.0,0.0,1.0,0.25901639344262295,0.25901639344262295,1.0,0.4,0.4,75.06128434974097,86.52173159728865,163.47424442550218,175.80040135752552,202.0022425504474,0.0,38.84197597988939,0.09646109810044236,1260,9
final_refine_2m,2.0,654.0,468.0,804.2014672953538,1.0,1.0,0.0,1.0,0.25901639344262295,0.25901639344262295,1.0,0.4,0.4,74.80651332653039,86.29021145008211,162.98983134659383,175.31957149273094,201.410605270425,0.0,38.77441333059643,0.09526411657559199,1260,9
final_refine_2m,2.0,656.0,468.0,805.8287659298345,1.0,1.0,0.0,1.0,0.2575591985428051,0.2575591985428051,1.0,0.39444444444444443,0.39444444444444443,74.55262680878859,86.05954969806469,162.50638639418187,174.8396111564258,200.8200845634423,0.0,38.70722176707145,0.0940671350507416,1260,9
final_refine_2m,2.0,658.0,468.0,807.4577388321942,1.0,1.0,0.0,1.0,0.25506115014311737,0.25506115014311737,1.0,0.38492063492063494,0.38492063492063494,74.29962537516559,85.82975817251402,162.02390951923928,174.360520273214,200.23068012210942,0.0,38.640371560854625,0.09287015352589123,1260,9
final_refine_2m,2.0,660.0,468.0,809.0883758898035,1.0,1.0,0.0,1.0,0.2546448087431694,0.2546448087431694,1.0,0.38333333333333336,0.38333333333333336,74.04750960727941,85.60236972200552,161.55158845186315,173.88229877136723,199.64239164324871,0.0,38.573693025538844,0.09167317200104086,1260,9
final_refine_2m,2.0,662.0,468.0,810.7206670611031,1.0,1.0,0.0,1.0,0.2546448087431694,0.2546448087431694,1.0,0.38333333333333336,0.38333333333333336,73.7962800896452,85.37596149348674,161.09049162767295,173.40494658283023,199.05521882789952,0.0,38.50661935329245,0.0912568306010929,1260,9
final_refine_2m,2.0,664.0,468.0,812.3546023750959,1.0,1.0,0.0,1.0,0.2546448087431694,0.2546448087431694,1.0,0.38333333333333336,0.38333333333333336,73.54593740960122,85.15041199506287,160.63028549383014,172.928463643259,198.46916138134176,0.0,38.43910651153574,0.0931824095758522,1260,9
final_refine_2m,2.0,666.0,468.0,813.9901719308409,1.0,1.0,0.0,1.0,0.2546448087431694,0.2546448087431694,1.0,0.38333333333333336,0.38333333333333336,73.29648215723451,84.92572134367359,160.1709700448016,172.4528498920222,197.88421901314027,0.0,38.371153820624926,0.09432734842570908,1260,9
final_refine_2m,2.0,668.0,468.0,815.6273658969517,1.0,1.0,0.0,1.0,0.2394223263075722,0.2394223263075722,1.0,0.36507936507936506,0.36507936507936506,73.04791492529621,84.70188965170998,159.71254527927306,171.97810527223038,197.3003914371362,0.0,38.3029959929369,0.09547228727556596,1260,9
final_refine_2m,2.0,670.0,468.0,817.2661745110953,1.0,1.0,0.0,1.0,0.23708040593286495,0.23708040593286495,1.0,0.35714285714285715,0.35714285714285715,72.80023630912711,84.47891702697537,159.25501120016472,171.5042297307555,196.7176783715056,0.0,38.235241289736656,0.09859484777517565,1260,9
final_refine_2m,2.0,672.0,468.0,818.9065880794952,1.0,1.0,0.0,1.0,0.23497267759562843,0.23497267759562843,1.0,0.35,0.35,72.55344690657142,84.25680336555544,158.79836781465926,171.03122321825182,196.13607953875663,0.0,38.167924980680766,0.10093676814988291,1260,9
final_refine_2m,2.0,674.0,468.0,820.5485969764375,1.0,1.0,0.0,1.0,0.2370023419203747,0.2370023419203747,1.0,0.3523809523809524,0.3523809523809524,72.30754731789055,84.03554538167711,158.34261513421882,170.55908568917485,195.5555946657652,0.0,38.10101682692716,0.10202966432474629,1260,9
final_refine_2m,2.0,676.0,468.0,822.1921916437786,1.0,1.0,0.0,1.0,0.24918032786885247,0.24918032786885247,1.0,0.36666666666666664,0.36666666666666664,72.06253814568245,83.81514263064777,157.88775317461534,170.0878171018136,194.97622348380065,0.0,38.03451607366242,0.10078064012490243,1260,9
final_refine_2m,2.0,678.0,468.0,823.8373625904569,1.0,1.0,0.0,1.0,0.25175644028103045,0.25175644028103045,1.0,0.36904761904761907,0.36904761904761907,71.81841999478596,83.59559557038202,157.43378195595582,169.61741741828453,194.3979657285411,0.0,37.96841294292336,0.09953161592505855,1260,9
final_refine_2m,2.0,680.0,468.0,825.4841003920063,1.0,1.0,0.0,1.0,0.2543325526932084,0.2543325526932084,1.0,0.37142857142857144,0.37142857142857144,71.57519347219,83.37690709783267,156.9807015026991,169.14788660458163,193.8208211401153,0.0,37.90267794656188,0.09828259172521468,1260,9
final_refine_2m,2.0,682.0,468.0,827.1323956900733,1.0,1.0,0.0,1.0,0.25422846734322146,0.25422846734322146,1.0,0.3674603174603175,0.3674603174603175,71.33285918694537,83.15907833920805,156.5285118436751,168.67922463058605,193.24478946311004,0.0,37.83733873013516,0.0970335675253708,1260,9
final_refine_2m,2.0,684.0,468.0,828.7822391919364,1.0,1.0,0.0,1.0,0.2544626593806922,0.2544626593806922,1.0,0.3626984126984127,0.3626984126984127,71.09141775006417,82.94287699972652,156.07721301212854,168.21143147007513,192.66987044660482,0.0,37.77233881855829,0.09578454332552694,1260,9
final_refine_2m,2.0,686.0,468.0,830.4336216700285,1.0,1.0,0.0,1.0,0.25573770491803277,0.25573770491803277,1.0,0.3611111111111111,0.3611111111111111,70.85086977442022,82.72852237180382,155.62680504572015,167.7445071007726,192.09606384419507,0.0,37.707178898324315,0.09453551912568306,1260,9
final_refine_2m,2.0,688.0,468.0,832.0865339614625,1.0,1.0,0.0,1.0,0.25917252146760345,0.25917252146760345,1.0,0.36428571428571427,0.36428571428571427,70.61121587465423,82.5150130241031,155.17728798656316,167.27845150434024,191.52336941402078,0.0,37.6415717331289,0.09570647931303669,1260,9
final_refine_2m,2.0,690.0,468.0,833.7409669675588,1.0,1.0,0.0,1.0,0.2617486338797814,0.2617486338797814,1.0,0.36666666666666664,0.36666666666666664,70.37245666706671,82.30236091588247,154.72866188125278,166.8132646664184,190.95178691877746,0.0,37.57551666110605,0.09687743950039032,1260,9
final_refine_2m,2.0,692.0,468.0,835.396911653377,1.0,1.0,0.0,1.0,0.246448087431694,0.246448087431694,1.0,0.35,0.35,70.13459276951399,82.09057118667064,154.29474684333385,166.34894657664185,190.38131612577496,0.0,37.50902446072242,0.09885506115014311,1260,9
final_refine_2m,2.0,694.0,468.0,837.0543590472485,1.0,1.0,0.0,1.0,0.24587561800676555,0.24587561800676555,1.0,0.3484126984126984,0.3484126984126984,69.89762480130219,81.87963847545376,153.8661740882645,165.88549722865812,189.81195680691943,0.0,37.44275414468412,0.10065053343741868,1260,9
final_refine_2m,2.0,696.0,468.0,838.7133002403145,1.0,1.0,0.0,1.0,0.24329950559458757,0.24329950559458757,1.0,0.3412698412698413,0.3412698412698413,69.66155338307213,81.66956770642037,153.438420615823,165.42291662015614,189.24370873878004,0.0,37.37691704954822,0.10307051782461618,1260,9
final_refine_2m,2.0,698.0,468.0,840.3737263860645,1.0,1.0,0.0,1.0,0.24072339318240957,0.24072339318240957,1.0,0.3341269841269841,0.3341269841269841,69.42637913669519,81.46035610266236,153.01148650700426,164.96120475288524,188.67657170259065,0.0,37.311552376109255,0.10564663023679417,1260,9
final_refine_2m,2.0,700.0,468.0,842.0356286998787,1.0,1.0,0.0,1.0,0.2544886807181889,0.2544886807181889,1.0,0.3492063492063492,0.3492063492063492,69.19210268514989,81.25200758237136,152.57099253571184,164.5003616326774,188.1105454842862,0.0,37.246590559526865,0.10515222482435597,1260,9
final_refine_2m,2.0,702.0,468.0,843.6989984585734,1.0,1.0,0.0,1.0,0.25519125683060107,0.25519125683060107,1.0,0.35,0.35,68.95872465240991,81.04452443184962,152.08624836005052,164.04038726947306,187.54562987452275,0.0,37.18208705686391,0.1038511579495186,1260,9
final_refine_2m,2.0,704.0,468.0,845.3638269999492,1.0,1.0,0.0,1.0,0.25519125683060107,0.25519125683060107,1.0,0.35,0.35,68.72624566332122,80.83790414114063,151.61323071606276,163.58128167733724,186.9818246687134,0.0,37.11796664640288,0.10255009107468124,1260,9
final_refine_2m,2.0,706.0,468.0,847.0301057223409,1.0,1.0,0.0,1.0,0.25519125683060107,0.25519125683060107,1.0,0.35,0.35,68.49466634348039,80.63214934869006,151.1717344637102,163.12304487448154,186.419129667055,0.0,37.05426085146453,0.10124902419984387,1260,9
final_refine_2m,2.0,708.0,468.0,848.6978260841723,1.0,1.0,0.0,1.0,0.2533177205308353,0.2533177205308353,1.0,0.34523809523809523,0.34523809523809523,68.26398731911169,80.42726901780948,150.73112978989997,162.66567688330167,185.8575446745454,0.0,36.9909381093815,0.09994795732500651,1260,9
final_refine_2m,2.0,710.0,468.0,850.3669796035122,1.0,1.0,0.0,1.0,0.25081967213114753,0.25081967213114753,1.0,0.3388888888888889,0.3388888888888889,68.0342092169343,80.22495233865857,150.29141678732321,162.2091777303802,185.2970695010204,0.0,36.92781686113951,0.09864689045016914,1260,9
final_refine_2m,2.0,712.0,468.0,852.0375578576334,1.0,1.0,0.0,1.0,0.24863387978142076,0.24863387978142076,1.0,0.3333333333333333,0.3333333333333333,67.8053326640369,80.02363537080011,149.85259555341753,161.7535474465209,184.73770396118027,0.0,36.86428856016063,0.09817850637522768,1260,9
final_refine_2m,2.0,714.0,468.0,853.7095524825759,1.0,1.0,0.0,1.0,0.24863387978142076,0.24863387978142076,1.0,0.3333333333333333,0.3333333333333333,67.57735828773892,79.82319684069849,149.41466619039053,161.29878606677497,184.17944787461033,0.0,36.80030466311416,0.10020817069997398,1260,9
final_refine_2m,2.0,716.0,468.0,855.3829551727109,1.0,1.0,0.0,1.0,0.24951860525631017,0.24951860525631017,1.0,0.3341269841269841,0.3341269841269841,67.35028671546083,79.62362560320639,148.97762880525838,160.84489363045537,183.62230106582575,0.0,36.73586455390349,0.10140515222482435,1260,9
final_refine_2m,2.0,718.0,468.0,857.0577576803095,1.0,1.0,0.0,1.0,0.23632578714545927,0.23632578714545927,1.0,0.3198412698412698,0.3198412698412698,67.12411857457985,79.42491633103432,148.54148350985142,160.37292064368174,183.06626336427638,0.0,36.67121830579526,0.10260213374967474,1260,9
final_refine_2m,2.0,720.0,468.0,858.7339518151125,1.0,1.0,0.0,1.0,0.23741868332032268,0.23741868332032268,1.0,0.3198412698412698,0.3198412698412698,66.89885449229476,79.22706918613856,148.10623042085788,159.88084464665772,182.51133460440275,0.0,36.607023973106145,0.1059328649492584,1260,9
final_refine_2m,2.0,722.0,468.0,860.4115294439051,1.0,1.0,0.0,1.0,0.2385896435076763,0.2385896435076763,1.0,0.31746031746031744,0.31746031746031744,66.6744950954732,79.03008432477665,147.6718696598359,159.38979908401365,181.95751462563598,0.0,36.54331870172362,0.10843091334894614,1260,9
final_refine_2m,2.0,724.0,468.0,862.0904824900922,1.0,1.0,0.0,1.0,0.24072339318240957,0.24072339318240957,1.0,0.31587301587301586,0.31587301587301586,66.45104101051216,78.83396189746674,147.2384013532541,158.89978396940174,181.40480327245209,0.0,36.48007005015066,0.10957585219880302,1260,9
final_refine_2m,2.0,726.0,468.0,863.7708029332781,1.0,1.0,0.0,1.0,0.2551392141556076,0.2551392141556076,1.0,0.32936507936507936,0.32936507936507936,66.22849286318586,78.63870204894818,146.8058256324992,158.41079932189436,180.8532003943846,0.0,36.41727613888259,0.10822274264897215,1260,9
final_refine_2m,2.0,728.0,468.0,865.4524828088483,1.0,1.0,0.0,1.0,0.25779339058027584,0.25779339058027584,1.0,0.33174603174603173,0.33174603174603173,66.00685127849106,78.44430491814232,146.37414263392373,157.9228451660043,180.30270584606058,0.0,36.354925857885526,0.1068696330991413,1260,9
final_refine_2m,2.0,730.0,468.0,867.1355142075545,1.0,1.0,0.0,1.0,0.25956284153005466,0.25956284153005466,1.0,0.3333333333333333,0.3333333333333333,65.78611688049149,78.25077063811445,145.9433524988552,157.4359215317266,179.75331948723428,0.0,36.29298653672945,0.10551652354931043,1260,9
final_refine_2m,2.0,630.0,470.0,786.0025445251434,1.0,1.0,0.0,1.0,0.24855581576893052,0.24855581576893052,1.0,0.41349206349206347,0.41349206349206347,77.9102018729385,88.92782459182199,168.30925058178374,180.85842789062932,207.76639700632074,0.0,39.49982575913574,0.09104865990111892,1260,9
final_refine_2m,2.0,632.0,470.0,787.6065007349799,1.0,1.0,0.0,1.0,0.24621389539422325,0.24621389539422325,1.0,0.4015873015873016,0.4015873015873016,77.62484254061499,88.68648743762797,167.81673111556316,180.3305630141996,207.16586300892925,0.0,39.43130386944027,0.08990372105126203,1260,9
final_refine_2m,2.0,634.0,470.0,789.2122654900899,1.0,1.0,0.0,1.0,0.2459016393442623,0.2459016393442623,1.0,0.4,0.4,77.34049537064205,88.44666476141428,167.32517547885405,179.8037115217971,206.56644235137202,0.0,39.36307976608051,0.08875878220140515,1260,9
final_refine_2m,2.0,636.0,470.0,790.8198277736844,1.0,1.0,0.0,1.0,0.2459016393442623,0.2459016393442623,1.0,0.4,0.4,77.05716089452007,88.2086225281485,166.83458357955521,179.2778732381824,205.9681346905051,0.0,39.294701787149656,0.08836846213895394,1260,9
final_refine_2m,2.0,638.0,470.0,792.4291766460899,1.0,1.0,0.0,1.0,0.24673432214415822,0.24673432214415822,1.0,0.4007936507936508,0.4007936507936508,76.77483964744573,87.97143341887019,166.34495532983505,178.75304799226254,205.3709396871076,0.0,39.2258963612346,0.08948737965131408,1260,9
final_refine_2m,2.0,640.0,470.0,794.0403012442126,1.0,1.0,0.0,1.0,0.24923237054384595,0.24923237054384595,1.0,0.4031746031746032,0.4031746031746032,76.49353216823832,87.73509752089521,165.8562906461428,178.22923561712807,204.7748570059157,0.0,39.156662780109144,0.09117876658860266,1260,9
final_refine_2m,2.0,642.0,470.0,795.6531907810086,1.0,1.0,0.0,1.0,0.23752276867030966,0.23752276867030966,1.0,0.3888888888888889,0.3888888888888889,76.23104491021068,87.49961491755465,165.36858944923497,177.70643595007175,204.17988631562136,0.0,39.08701807780231,0.09229768410096278,1260,9
final_refine_2m,2.0,644.0,470.0,797.2678345449539,1.0,1.0,0.0,1.0,0.23718449128285193,0.23718449128285193,1.0,0.3817460317460317,0.3817460317460317,75.97309915898524,87.2649856881565,164.88185166420232,177.1846488326125,203.58602728891364,0.0,39.01756782117546,0.09341660161332292,1260,9
final_refine_2m,2.0,646.0,470.0,798.884221899519,1.0,1.0,0.0,1.0,0.23786104605776737,0.23786104605776737,1.0,0.3761904761904762,0.3761904761904762,75.7160307852984,87.03120990794875,164.3960772204882,176.7008884324614,202.99327960249784,0.0,38.94850268033085,0.09643507676294562,1260,9
final_refine_2m,2.0,648.0,470.0,800.5023422826445,1.0,1.0,0.0,1.0,0.24035909445745512,0.24035909445745512,1.0,0.37857142857142856,0.37857142857142856,75.45984034378594,86.79828764808215,163.91126605191724,176.2197472751505,202.40164293711075,0.0,38.87985156778819,0.09810044236273745,1260,9
final_refine_2m,2.0,650.0,470.0,802.1221852062191,1.0,1.0,0.0,1.0,0.25456674473067914,0.25456674473067914,1.0,0.3952380952380952,0.3952380952380952,75.20452839226144,86.566218975575,163.4274180967253,175.73947169775224,201.81111697754196,0.0,38.811555470141734,0.09765807962529274,1260,9
final_refine_2m,2.0,652.0,470.0,803.7437402555618,1.0,1.0,0.0,1.0,0.25901639344262295,0.25901639344262295,1.0,0.4,0.4,74.95009549164617,86.33500395327741,162.94453329756521,175.26006161871643,201.22170141266358,0.0,38.74366508032112,0.09646109810044236,1260,9
final_refine_2m,2.0,654.0,470.0,805.3669970889048,1.0,1.0,0.0,1.0,0.25901639344262295,0.25901639344262295,1.0,0.4,0.4,74.69654220590677,86.10464263983714,162.46261160154833,174.78151696006677,200.6333959354471,0.0,38.67611254871163,0.09526411657559199,1260,9
final_refine_2m,2.0,656.0,470.0,806.9919454368799,1.0,1.0,0.0,1.0,0.2579755399427531,0.2579755399427531,1.0,0.396031746031746,0.396031746031746,74.44386910198773,85.87513508966545,161.98408512645278,174.3038376474145,200.04620024298697,0.0,38.60892417067105,0.0940671350507416,1260,9
final_refine_2m,2.0,658.0,470.0,808.618575102007,1.0,1.0,0.0,1.0,0.2554774915430653,0.2554774915430653,1.0,0.3865079365079365,0.3865079365079365,74.19207674974348,85.6464881087311,161.52345113751468,173.82702361000037,199.46011403652847,0.0,38.54207720850018,0.09287015352589123,1260,9
final_refine_2m,2.0,660.0,470.0,810.246875958186,1.0,1.0,0.0,1.0,0.2546448087431694,0.2546448087431694,1.0,0.38333333333333336,0.38333333333333336,73.94116572186228,85.4202180617517,161.06370354115455,173.3510747806848,198.8751370214826,0.0,38.47540604953069,0.09167317200104086,1260,9
final_refine_2m,2.0,662.0,470.0,811.8768379501905,1.0,1.0,0.0,1.0,0.2546448087431694,0.2546448087431694,1.0,0.38333333333333336,0.38333333333333336,73.69113659380042,85.19494766614905,160.60484232772876,172.8759910959882,198.29126890744917,0.0,38.40834790263491,0.09203747072599532,1260,9
final_refine_2m,2.0,664.0,470.0,813.5084510931647,1.0,1.0,0.0,1.0,0.2546448087431694,0.2546448087431694,1.0,0.38333333333333336,0.38333333333333336,73.44198994369985,84.97053136101022,160.14686749173995,172.4017724961094,197.70850940824383,0.0,38.34085330259552,0.09378090033827739,1260,9
final_refine_2m,2.0,666.0,470.0,815.1417054721222,1.0,1.0,0.0,1.0,0.2546448087431694,0.2546448087431694,1.0,0.38333333333333336,0.38333333333333336,73.19372635231574,84.74696926132272,159.6897790318365,171.92841892493414,197.1268582419245,0.0,38.27292157800869,0.09570647931303669,1260,9
final_refine_2m,2.0,668.0,470.0,816.7765912414484,1.0,1.0,0.0,1.0,0.23989071038251367,0.23989071038251367,1.0,0.36666666666666664,0.36666666666666664,72.94634640293748,84.52426147757016,159.2335769508598,171.45593033006128,196.54631513081284,0.0,38.204798059551166,0.09685141816289357,1260,9
final_refine_2m,2.0,670.0,470.0,818.4130986244049,1.0,1.0,0.0,1.0,0.2373145979703357,0.2373145979703357,1.0,0.35793650793650794,0.35793650793650794,72.6998506813059,84.30240811569294,158.77826125584417,170.9843066628317,195.96687980151364,0.0,38.13707423897614,0.09859484777517565,1260,9
final_refine_2m,2.0,672.0,470.0,820.0512179126374,1.0,1.0,0.0,1.0,0.23497267759562843,0.23497267759562843,1.0,0.35,0.35,72.4542397755291,84.08140927705053,158.32383195805272,170.51354787833284,195.38855198493263,0.0,38.06978770069865,0.10093676814988291,1260,9
final_refine_2m,2.0,674.0,470.0,821.690939465685,1.0,1.0,0.0,1.0,0.23564923237054386,0.23564923237054386,1.0,0.35079365079365077,0.35079365079365077,72.20951427600197,83.86126298151058,157.87028907300265,170.04365393543054,194.81133141632486,0.0,38.00290234254389,0.10202966432474629,1260,9
final_refine_2m,2.0,676.0,470.0,823.3322537104932,1.0,1.0,0.0,1.0,0.24918032786885247,0.24918032786885247,1.0,0.36666666666666664,0.36666666666666664,71.96567477531481,83.64196706193965,157.41763262047724,169.5746247967841,194.23521783529364,0.0,37.93642051042908,0.10078064012490243,1260,9
final_refine_2m,2.0,678.0,470.0,824.9751511409298,1.0,1.0,0.0,1.0,0.2508977361436378,0.2508977361436378,1.0,0.3682539682539683,0.3682539682539683,71.72272186816384,83.42352180352445,156.96586262455858,169.1064604288731,193.6602109858275,0.0,37.87033252853925,0.09953161592505855,1260,9
final_refine_2m,2.0,680.0,470.0,826.6196223173026,1.0,1.0,0.0,1.0,0.2534738485558158,0.2534738485558158,1.0,0.37063492063492065,0.37063492063492065,71.48065615126335,83.20592959352855,156.51497911364518,168.63916080200872,193.08631061632275,0.0,37.80460614952436,0.09828259172521468,1260,9
final_refine_2m,2.0,682.0,470.0,828.2656578658806,1.0,1.0,0.0,1.0,0.2547488940931564,0.2547488940931564,1.0,0.36904761904761907,0.36904761904761907,71.23947822324902,82.98919203380781,156.06498212047964,168.1727258903617,192.5135164796027,0.0,37.73927486754133,0.0970335675253708,1260,9
final_refine_2m,2.0,684.0,470.0,829.9132484784178,1.0,1.0,0.0,1.0,0.25472287275565964,0.25472287275565964,1.0,0.3634920634920635,0.3634920634920635,70.99918868458063,82.77404595982036,155.61587168216775,167.70715567198735,191.94182833294946,0.0,37.67428012597828,0.09578454332552694,1260,9
final_refine_2m,2.0,686.0,470.0,831.5623849116794,1.0,1.0,0.0,1.0,0.25573770491803277,0.25573770491803277,1.0,0.3611111111111111,0.3611111111111111,70.75978813744806,82.56077617291787,155.16764784020705,167.24245012883563,191.37124593813564,0.0,37.60913808711335,0.09453551912568306,1260,9
final_refine_2m,2.0,688.0,470.0,833.2130579869713,1.0,1.0,0.0,1.0,0.25831381733021075,0.25831381733021075,1.0,0.3634920634920635,0.3634920634920635,70.52127718566724,82.34834558656941,154.726556495258,166.77860924677378,190.80176906142728,0.0,37.54355161907441,0.09713765287535779,1260,9
final_refine_2m,2.0,690.0,470.0,834.8652585896721,1.0,1.0,0.0,1.0,0.2608899297423888,0.2608899297423888,1.0,0.36587301587301585,0.36587301587301585,70.28365643457863,82.13676542018662,154.2983087447514,166.31563301562167,190.2333974736308,0.0,37.477520068297196,0.09830861306271142,1260,9
final_refine_2m,2.0,692.0,470.0,836.5189776687675,1.0,1.0,0.0,1.0,0.246448087431694,0.246448087431694,1.0,0.35,0.35,70.04692649094216,81.92603890996197,153.8708765176717,165.8535214291589,189.66613095010936,0.0,37.41106053644608,0.09947957325006505,1260,9
final_refine_2m,2.0,694.0,470.0,838.1742062363885,1.0,1.0,0.0,1.0,0.24616185271922977,0.24616185271922977,1.0,0.3492063492063492,0.3492063492063492,69.81108796282896,81.71617024212239,153.4442598898361,165.39227448514788,189.09996927080928,0.0,37.34482721681583,0.10145719489981785,1260,9
final_refine_2m,2.0,696.0,470.0,839.8309353673512,1.0,1.0,0.0,1.0,0.243871975019516,0.243871975019516,1.0,0.34285714285714286,0.34285714285714286,69.57614145951271,81.50715405855208,153.01845894114265,164.93189218536173,188.53491222029152,0.0,37.2790266963925,0.10387717928701536,1260,9
final_refine_2m,2.0,698.0,470.0,841.4891561986999,1.0,1.0,0.0,1.0,0.241295862607338,0.241295862607338,1.0,0.3357142857142857,0.3357142857142857,69.34208759135696,81.29899529652826,152.5454423501685,164.472374535606,187.97095958774733,0.0,37.213690514168725,0.10564663023679417,1260,9
final_refine_2m,2.0,700.0,470.0,843.1488599292535,1.0,1.0,0.0,1.0,0.2523809523809524,0.2523809523809524,1.0,0.3468253968253968,0.3468253968253968,69.10892696969712,81.0916924202036,152.06229970838172,164.01372154573517,187.4081111670344,0.0,37.14875388026885,0.10515222482435597,1260,9
final_refine_2m,2.0,702.0,470.0,844.8100378191538,1.0,1.0,0.0,1.0,0.25519125683060107,0.25519125683060107,1.0,0.35,0.35,68.87666020672725,80.88524939737891,151.61378102002922,163.55593322967772,186.84636675670026,0.0,37.08427083669857,0.1038511579495186,1260,9
final_refine_2m,2.0,704.0,470.0,846.4726811894168,1.0,1.0,0.0,1.0,0.25519125683060107,0.25519125683060107,1.0,0.35,0.35,68.64528791538154,80.67966711846852,151.1735391486049,163.09900960545343,186.2857261600011,0.0,37.020167782492955,0.10255009107468124,1260,9
final_refine_2m,2.0,706.0,470.0,848.1367814214875,1.0,1.0,0.0,1.0,0.25519125683060107,0.25519125683060107,1.0,0.35,0.35,68.414810709204,80.47494253337385,150.734184535178,162.64295069520944,185.72618918494703,0.0,36.95647189948061,0.10124902419984387,1260,9
final_refine_2m,2.0,708.0,470.0,849.8023299567965,1.0,1.0,0.0,1.0,0.2536299765807963,0.2536299765807963,1.0,0.346031746031746,0.346031746031746,68.18522920223386,80.27108708705931,150.2957172711088,162.18775652522893,185.1677556443102,0.0,36.893159146881,0.09994795732500651,1260,9
final_refine_2m,2.0,710.0,470.0,851.46931829632,1.0,1.0,0.0,1.0,0.2511319281811085,0.2511319281811085,1.0,0.3396825396825397,0.3396825396825397,67.95654400886907,80.0697635100185,149.85813745245053,161.73342712595812,184.6104253556675,0.0,36.83005233871918,0.09864689045016914,1260,9
final_refine_2m,2.0,712.0,470.0,853.1377380001426,1.0,1.0,0.0,1.0,0.24863387978142076,0.24863387978142076,1.0,0.3333333333333333,0.3333333333333333,67.72875574374218,79.86946042284235,149.42144517995607,161.27996253203034,184.05419814141115,0.0,36.76654723590724,0.09966172261254229,1260,9
final_refine_2m,2.0,714.0,470.0,854.8075806870222,1.0,1.0,0.0,1.0,0.24863387978142076,0.24863387978142076,1.0,0.3333333333333333,0.3333333333333333,67.50186502158488,79.67002710367973,148.98564055911086,160.82370817686552,183.49907382879493,0.0,36.70258945950648,0.10085870413739266,1260,9
final_refine_2m,2.0,716.0,470.0,856.4788380339587,1.0,1.0,0.0,1.0,0.24863387978142076,0.24863387978142076,1.0,0.3333333333333333,0.3333333333333333,67.2758724570942,79.47146277769878,148.55072370015708,160.3322177081223,182.9450522499504,0.0,36.638178401475656,0.10288836846213896,1260,9
final_refine_2m,2.0,718.0,470.0,858.1515017757646,1.0,1.0,0.0,1.0,0.23544106167056986,0.23544106167056986,1.0,0.319047619047619,0.319047619047619,67.05077866479074,79.2737557184449,148.11669471811524,159.8417520622569,182.39213324191508,0.0,36.57357556909335,0.10408534998698933,1260,9
final_refine_2m,2.0,720.0,470.0,859.8255637046389,1.0,1.0,0.0,1.0,0.23809523809523808,0.23809523809523808,1.0,0.32142857142857145,0.32142857142857145,66.82658425888192,79.07690608525323,147.68355373281778,159.35231124747543,181.840316646665,0.0,36.50942094821489,0.1059328649492584,1260,9
final_refine_2m,2.0,722.0,470.0,861.5010156697438,1.0,1.0,0.0,1.0,0.2380431954202446,0.2380431954202446,1.0,0.31746031746031744,0.31746031746031744,66.60328985311781,78.88091403181434,147.25130086892304,158.86389527728068,181.2896023111434,0.0,36.4457541796891,0.10926359614884205,1260,9
final_refine_2m,2.0,724.0,470.0,863.1778495767834,1.0,1.0,0.0,1.0,0.23944834764506895,0.23944834764506895,1.0,0.31507936507936507,0.31507936507936507,66.38089606064248,78.68577970613399,146.81993625595513,158.3765041705197,180.73999008728612,0.0,36.382536522706125,0.10957585219880302,1260,9
final_refine_2m,2.0,726.0,470.0,864.8560573875864,1.0,1.0,0.0,1.0,0.2542544886807182,0.2542544886807182,1.0,0.32857142857142857,0.32857142857142857,66.15940349384503,78.49150325049354,146.38946002831474,157.89013795139985,180.19147983204874,0.0,36.319769440845604,0.10822274264897215,1260,9
final_refine_2m,2.0,728.0,470.0,866.5356311196903,1.0,1.0,0.0,1.0,0.25779339058027584,0.25779339058027584,1.0,0.33174603174603173,0.33174603174603173,65.93881276421013,78.29808480141136,145.9598723253157,157.40479664952647,179.64407140744152,0.0,36.25744194043779,0.1068696330991413,1260,9
final_refine_2m,2.0,730.0,470.0,868.2165628459296,1.0,1.0,0.0,1.0,0.25956284153005466,0.25956284153005466,1.0,0.3333333333333333,0.3333333333333333,65.71912448216212,78.10552448960493,145.53117329120096,156.92048029992378,179.0977646805557,0.0,36.19551839903115,0.10551652354931043,1260,9
final_refine_2m,2.0,630.0,472.0,787.2001016260097,1.0,1.0,0.0,1.0,0.24886807181889148,0.24886807181889148,1.0,0.4150793650793651,0.4150793650793651,77.7663409984144,88.730486507352,167.75770235012004,180.22707185789352,206.95781767376977,0.0,39.401768568318865,0.09162112932604737,1260,9
final_refine_2m,2.0,632.0,472.0,788.8016227163836,1.0,1.0,0.0,1.0,0.2466822794691647,0.2466822794691647,1.0,0.403968253968254,0.403968253968254,77.48248798062087,88.49034969946968,167.26770564253417,179.7019999868313,206.3606543932773,0.0,39.333248891074,0.09047619047619047,1260,9
final_refine_2m,2.0,634.0,472.0,790.4049594986104,1.0,1.0,0.0,1.0,0.2459016393442623,0.2459016393442623,1.0,0.4,0.4,77.19964159079862,88.25169408691718,166.77866768966246,179.17793587372566,205.76459765321147,0.0,39.26502444150812,0.0893312516263336,1260,9
final_refine_2m,2.0,636.0,472.0,792.0101009456887,1.0,1.0,0.0,1.0,0.2459016393442623,0.2459016393442623,1.0,0.4,0.4,76.91780235217696,88.01484061860349,166.29058840479468,178.65487934984466,205.1696471191936,0.0,39.19665781101152,0.08894093156388239,1260,9
final_refine_2m,2.0,638.0,472.0,793.6170361074667,1.0,1.0,0.0,1.0,0.24673432214415822,0.24673432214415822,1.0,0.4007936507936508,0.4007936507936508,76.63697079153263,87.7788357008321,165.80346770545384,178.13283025058232,204.57580246074306,0.0,39.12786631967147,0.09005984907624252,1260,9
final_refine_2m,2.0,640.0,472.0,795.2257541101143,1.0,1.0,0.0,1.0,0.24839968774395005,0.24839968774395005,1.0,0.4023809523809524,0.4023809523809524,76.37286390724414,87.54367941934686,165.3173055134026,177.611788415475,203.98306335129956,0.0,39.05864926759992,0.09193338537600833,1260,9
final_refine_2m,2.0,642.0,472.0,796.8362441555981,1.0,1.0,0.0,1.0,0.23669008587041374,0.23669008587041374,1.0,0.3880952380952381,0.3880952380952381,76.11527306321622,87.30937185594654,164.83210175468767,177.1194000237403,203.39142946825356,0.0,38.98902949354256,0.09305230288836847,1260,9
final_refine_2m,2.0,644.0,472.0,798.4484955211576,1.0,1.0,0.0,1.0,0.2375487900078064,0.2375487900078064,1.0,0.38333333333333336,0.38333333333333336,75.85855480384667,87.07591308844695,164.34785635964894,176.63881286042914,202.80090049293744,0.0,38.91960814784663,0.0941712204007286,1260,9
final_refine_2m,2.0,646.0,472.0,800.0624975587845,1.0,1.0,0.0,1.0,0.23786104605776737,0.23786104605776737,1.0,0.3761904761904762,0.3761904761904762,75.60270967256602,86.84330319064374,163.8645692629461,176.15908728742883,202.21147611068875,0.0,38.85057154305157,0.09643507676294562,1260,9
final_refine_2m,2.0,648.0,472.0,801.6782396947044,1.0,1.0,0.0,1.0,0.24035909445745512,0.24035909445745512,1.0,0.37857142857142856,0.37857142857142856,75.34773821591246,86.61154223227632,163.3822404035794,175.68022322073793,201.62315601083088,0.0,38.781941543473096,0.09869893312516263,1260,9
final_refine_2m,2.0,650.0,472.0,803.2957114288611,1.0,1.0,0.0,1.0,0.2532656778558418,0.2532656778558418,1.0,0.39365079365079364,0.39365079365079364,75.09364098347369,86.380630278992,162.90086972492836,175.20222057987704,201.03593988672637,0.0,38.71366351730606,0.09825657038771793,1260,9
final_refine_2m,2.0,652.0,472.0,804.9149023344021,1.0,1.0,0.0,1.0,0.25901639344262295,0.25901639344262295,1.0,0.4,0.4,74.84041852781657,86.15056739231123,162.42045717475295,174.72507928789378,200.44982743578302,0.0,38.64578684859487,0.09705958886286756,1260,9
final_refine_2m,2.0,654.0,472.0,806.5358020571684,1.0,1.0,0.0,1.0,0.25901639344262295,0.25901639344262295,1.0,0.4,0.4,74.5880714044229,85.92135362959318,161.95602547363328,174.24879927138133,199.86481835947362,0.0,38.578245174170554,0.09586260733801717,1260,9
final_refine_2m,2.0,656.0,472.0,808.1584003151858,1.0,1.0,0.0,1.0,0.25818371064272705,0.25818371064272705,1.0,0.3968253968253968,0.3968253968253968,74.33660017162677,85.69298904400206,161.49673306305678,173.7733804605136,199.2809123633761,0.0,38.51106077896713,0.0946656258131668,1260,9
final_refine_2m,2.0,658.0,472.0,809.7826868981579,1.0,1.0,0.0,1.0,0.25589383294301327,0.25589383294301327,1.0,0.3880952380952381,0.3880952380952381,74.08600539053405,85.4654768580326,161.03832277653333,173.29882278904026,198.698109157172,0.0,38.44421785721231,0.09346864428831642,1260,9
final_refine_2m,2.0,660.0,472.0,811.4086516669637,1.0,1.0,0.0,1.0,0.2546448087431694,0.2546448087431694,1.0,0.38333333333333336,0.38333333333333336,73.83628762496342,85.24031271496486,160.5807946044876,172.82512619432995,198.1164084546842,0.0,38.37755483633239,0.09227166276346604,1260,9
final_refine_2m,2.0,662.0,472.0,813.0362845531557,1.0,1.0,0.0,1.0,0.2546448087431694,0.2546448087431694,1.0,0.38333333333333336,0.38333333333333336,73.5874474413639,85.01616905444328,160.12414854142907,172.35229061737337,197.53580997390446,0.0,38.31051290890413,0.09341660161332292,1260,9
final_refine_2m,2.0,664.0,472.0,814.6655755584619,1.0,1.0,0.0,1.0,0.2546448087431694,0.2546448087431694,1.0,0.38333333333333336,0.38333333333333336,73.33948540873976,84.79287489055162,159.66838458597474,171.88031600281053,196.95631343700165,0.0,38.243037222,0.09456154046317981,1260,9
final_refine_2m,2.0,666.0,472.0,816.2965147542895,1.0,1.0,0.0,1.0,0.2546448087431694,0.2546448087431694,1.0,0.38333333333333336,0.38333333333333336,73.092402098582,84.57043033632671,159.21350274085836,171.4092022989476,196.37791857034568,0.0,38.175127112371484,0.09570647931303669,1260,9
final_refine_2m,2.0,668.0,472.0,817.9290922812319,1.0,1.0,0.0,1.0,0.23989071038251367,0.23989071038251367,1.0,0.36666666666666664,0.36666666666666664,72.8461980847767,84.34883550034549,158.75950301296433,170.93894945777373,195.80062510455343,0.0,38.10703843683353,0.09685141816289357,1260,9
final_refine_2m,2.0,670.0,472.0,819.5632983485779,1.0,1.0,0.0,1.0,0.23778298204527712,0.23778298204527712,1.0,0.3595238095238095,0.3595238095238095,72.60087394353349,84.12809048668623,158.30638541334528,170.4695574349956,195.22443277447599,0.0,38.03934606346942,0.09937548790007807,1260,9
final_refine_2m,2.0,672.0,472.0,821.1991232338232,1.0,1.0,0.0,1.0,0.23544106167056986,0.23544106167056986,1.0,0.3515873015873016,0.3515873015873016,72.35643025329779,83.90819539489068,157.85414995724787,170.0010261900325,194.64934131926168,0.0,37.97208987123878,0.10171740827478533,1260,9
final_refine_2m,2.0,674.0,472.0,822.8365572821859,1.0,1.0,0.0,1.0,0.23497267759562843,0.23497267759562843,1.0,0.35,0.35,72.1128675946638,83.68914941957394,157.40279666412664,169.53335568606582,194.07535048234072,0.0,37.905227944457764,0.10265417642466823,1260,9
final_refine_2m,2.0,676.0,472.0,824.4755909061225,1.0,1.0,0.0,1.0,0.24918032786885247,0.24918032786885247,1.0,0.36666666666666664,0.36666666666666664,71.87018655029328,83.47094973035564,156.95232555767993,169.0665458900349,193.50246001148528,0.0,37.83876570260725,0.10140515222482435,1260,9
final_refine_2m,2.0,678.0,472.0,826.1162145848489,1.0,1.0,0.0,1.0,0.2508977361436378,0.2508977361436378,1.0,0.3682539682539683,0.3682539682539683,71.62838770481996,83.25359593205802,156.50273666586475,168.60059677266736,192.93066965880746,0.0,37.77269357067296,0.10015612802498049,1260,9
final_refine_2m,2.0,680.0,472.0,827.7584188638615,1.0,1.0,0.0,1.0,0.2534738485558158,0.2534738485558158,1.0,0.37063492063492065,0.37063492063492065,71.3874716447598,83.03708923411772,156.05403002091845,168.13550830850227,192.359979180796,0.0,37.70697656463734,0.09890710382513661,1260,9
final_refine_2m,2.0,682.0,472.0,829.402194354464,1.0,1.0,0.0,1.0,0.2550091074681239,0.2550091074681239,1.0,0.36984126984126986,0.36984126984126986,71.14743895841859,82.8214326454017,155.60620565938817,167.67128047590532,191.79038833833738,0.0,37.641653977834196,0.09765807962529274,1260,9
final_refine_2m,2.0,684.0,472.0,831.0475317332938,1.0,1.0,0.0,1.0,0.2543845953682019,0.2543845953682019,1.0,0.36428571428571427,0.36428571428571427,70.90829023579185,82.60733076871568,155.15926362214287,167.2079132570999,191.22189689674198,0.0,37.57666518921397,0.09640905542544886,1260,9
final_refine_2m,2.0,686.0,472.0,832.6944217418536,1.0,1.0,0.0,1.0,0.25487900078064013,0.25487900078064013,1.0,0.3603174603174603,0.3603174603174603,70.67002606847404,82.39513426684167,154.73007917450957,166.74540663816762,190.65450462576868,0.0,37.51154170903226,0.09596669268800416,1260,9
final_refine_2m,2.0,688.0,472.0,834.3428551860441,1.0,1.0,0.0,1.0,0.25831381733021075,0.25831381733021075,1.0,0.3634920634920635,0.3634920634920635,70.43264704954754,82.18377341014074,154.30296601514132,166.28376060909108,190.08821129964326,0.0,37.44597659172871,0.09713765287535779,1260,9
final_refine_2m,2.0,690.0,472.0,835.9928229356996,1.0,1.0,0.0,1.0,0.2608899297423888,0.2608899297423888,1.0,0.36587301587301585,0.36587301587301585,70.19615377348924,81.97325293598993,153.876664727629,165.82297516376258,189.5230166970982,0.0,37.37996919195296,0.0991152745251106,1260,9
final_refine_2m,2.0,692.0,472.0,837.6443159241278,1.0,1.0,0.0,1.0,0.246448087431694,0.246448087431694,1.0,0.35,0.35,69.96054683606118,81.76358334827745,153.45117538674643,165.3630503000104,188.95892060138212,0.0,37.31354287955966,0.10028623471246421,1260,9
final_refine_2m,2.0,694.0,472.0,839.2973251476499,1.0,1.0,0.0,1.0,0.246448087431694,0.246448087431694,1.0,0.35,0.35,69.7258268342029,81.55476285437204,153.0040178521,164.90398601961687,188.39592280030007,0.0,37.24734707064446,0.10145719489981785,1260,9
final_refine_2m,2.0,696.0,472.0,840.9518416651455,1.0,1.0,0.0,1.0,0.2441582097319802,0.2441582097319802,1.0,0.34365079365079365,0.34365079365079365,69.49199436592092,81.34679573611896,152.52140759018485,164.44578232834147,187.83402308622826,0.0,37.181583644025636,0.10387717928701536,1260,9
final_refine_2m,2.0,698.0,472.0,842.607856597599,1.0,1.0,0.0,1.0,0.24158209731980224,0.24158209731980224,1.0,0.33650793650793653,0.33650793650793653,69.25905003018087,81.13967658793199,152.05537879483063,163.9884392359451,187.27322125613665,0.0,37.116276542309976,0.10645329169919333,1260,9
final_refine_2m,2.0,700.0,472.0,844.2653611276493,1.0,1.0,0.0,1.0,0.250975800156128,0.250975800156128,1.0,0.34523809523809523,0.34523809523809523,69.02699442678576,80.93341069885712,151.61549735057716,163.5319567562071,186.7135171116362,0.0,37.051365708965506,0.10515222482435597,1260,9
final_refine_2m,2.0,702.0,472.0,845.9243464991417,1.0,1.0,0.0,1.0,0.25519125683060107,0.25519125683060107,1.0,0.35,0.35,68.79582815626662,80.72799845986282,151.176498797159,163.0763349069459,186.15491045897627,0.0,36.98690378244305,0.1045016913869373,1260,9
final_refine_2m,2.0,704.0,472.0,847.5848040166836,1.0,1.0,0.0,1.0,0.25519125683060107,0.25519125683060107,1.0,0.35,0.35,68.56555181975777,80.5234415225673,150.73838322004144,162.6215737100489,185.59740110910025,0.0,36.92281876831406,0.10320062451209992,1260,9
final_refine_2m,2.0,706.0,472.0,849.2467250452014,1.0,1.0,0.0,1.0,0.25519125683060107,0.25519125683060107,1.0,0.35,0.35,68.3361660188747,80.31974079961908,150.30115070927596,162.16767319149125,185.04098887764076,0.0,36.85913354262557,0.10189955763726255,1260,9
final_refine_2m,2.0,708.0,472.0,850.9101010095014,1.0,1.0,0.0,1.0,0.2542544886807182,0.2542544886807182,1.0,0.3476190476190476,0.3476190476190476,68.10767135559372,80.11689641908318,149.86480135953292,161.7146333813487,184.48567358498187,0.0,36.79583152321606,0.10059849076242519,1260,9
final_refine_2m,2.0,710.0,472.0,852.5749233938329,1.0,1.0,0.0,1.0,0.25144418423106946,0.25144418423106946,1.0,0.3404761904761905,0.3404761904761905,67.88006843211912,79.91655945919409,149.4293352701155,161.2624543138326,183.93145505625023,0.0,36.732739861105195,0.09929742388758782,1260,9
final_refine_2m,2.0,712.0,472.0,854.2411837414537,1.0,1.0,0.0,1.0,0.24894613583138173,0.24894613583138173,1.0,0.3341269841269841,0.3341269841269841,67.65335785075801,79.71725948692495,148.99475254499916,160.78303521657972,183.37833312137505,0.0,36.66925858938803,0.09966172261254229,1260,9
final_refine_2m,2.0,714.0,472.0,855.9088736541993,1.0,1.0,0.0,1.0,0.24863387978142076,0.24863387978142076,1.0,0.3333333333333333,0.3333333333333333,67.42754021378616,79.51882288750164,148.56105329283926,160.2931452809599,182.82630761508563,0.0,36.60532754168863,0.10169138693728857,1260,9
final_refine_2m,2.0,716.0,472.0,857.5779847920537,1.0,1.0,0.0,1.0,0.24863387978142076,0.24863387978142076,1.0,0.3333333333333333,0.3333333333333333,67.20261612331359,79.3212530101396,148.1282376270149,159.80427462145576,182.2753783769649,0.0,36.54094611793471,0.10288836846213896,1260,9
final_refine_2m,2.0,718.0,472.0,859.2485088727242,1.0,1.0,0.0,1.0,0.23455633619568045,0.23455633619568045,1.0,0.31825396825396823,0.31825396825396823,66.97858618114651,79.12453835235723,147.69630566563606,159.31642324618113,181.7255452514599,0.0,36.476387159994076,0.10491803278688525,1260,9
final_refine_2m,2.0,720.0,472.0,860.9204376712171,1.0,1.0,0.0,1.0,0.23721051262034867,0.23721051262034867,1.0,0.32063492063492066,0.32063492063492066,66.75545098864691,78.92867646538296,147.26525753157568,158.82959116847752,181.17680808791746,0.0,36.41227274270683,0.10676554774915431,1260,9
final_refine_2m,2.0,722.0,472.0,862.5937630194181,1.0,1.0,0.0,1.0,0.2374967473328129,0.2374967473328129,1.0,0.31746031746031744,0.31746031746031744,66.53321114658809,78.73366750035022,146.83509335249954,158.34377840694378,180.62916674060628,0.0,36.34864498004217,0.10926359614884205,1260,9
final_refine_2m,2.0,724.0,472.0,864.268476805674,1.0,1.0,0.0,1.0,0.23905802758261774,0.23905802758261774,1.0,0.31507936507936507,0.31507936507936507,66.31186725501456,78.53951160276137,146.4058132608818,157.85898498546916,180.0826210687499,0.0,36.28545888541195,0.10957585219880302,1260,9
final_refine_2m,2.0,726.0,472.0,865.9445709743783,1.0,1.0,0.0,1.0,0.2542544886807182,0.2542544886807182,1.0,0.32857142857142857,0.32857142857142857,66.09141991308718,78.34620891244842,145.97741739403915,157.37521093325944,179.53717093656223,0.0,36.222719236117605,0.10822274264897215,1260,9
final_refine_2m,2.0,728.0,472.0,867.6220375255575,1.0,1.0,0.0,1.0,0.2569086651053864,0.2569086651053864,1.0,0.33095238095238094,0.33095238095238094,65.871869718935,78.15375956353441,145.54990589415084,156.89245628486432,178.9928162132559,0.0,36.16041515331032,0.10754618787405673,1260,9
final_refine_2m,2.0,730.0,472.0,869.3008685144632,1.0,1.0,0.0,1.0,0.25956284153005466,0.25956284153005466,1.0,0.3333333333333333,0.3333333333333333,65.65321726950098,77.96216368439605,145.12327890828385,156.4107210802103,178.44955677309295,0.0,36.098508086557715,0.10619307832422586,1260,9
final_refine_2m,2.0,630.0,474.0,788.4009132414802,1.0,1.0,0.0,1.0,0.24918032786885247,0.24918032786885247,1.0,0.4166666666666667,0.4166666666666667,77.62445022414154,88.53553337924917,167.211976151746,179.60247969184218,206.15816407997,0.0,39.30413390608435,0.09162112932604737,1260,9
final_refine_2m,2.0,632.0,474.0,790.0,1.0,1.0,0.0,1.0,0.24699453551912567,0.24699453551912567,1.0,0.40555555555555556,0.40555555555555556,77.34208798122553,88.29658529316767,166.72447779420298,179.08017290398445,205.56433575331704,0.0,39.23561723811715,0.09047619047619047,1260,9
final_refine_2m,2.0,634.0,474.0,791.6009095497553,1.0,1.0,0.0,1.0,0.2459016393442623,0.2459016393442623,1.0,0.4,0.4,77.06072688067911,88.05908525110307,166.2379331713256,178.55886831193322,204.97160725180004,0.0,39.16739326009951,0.0893312516263336,1260,9
final_refine_2m,2.0,636.0,474.0,793.2036308540197,1.0,1.0,0.0,1.0,0.2459016393442623,0.2459016393442623,1.0,0.4,0.4,76.78036743749165,87.8234090160051,165.75234220166638,178.03856575332574,204.37997824963549,0.0,39.0990386992723,0.08969555035128805,1260,9
final_refine_2m,2.0,638.0,474.0,794.808152952648,1.0,1.0,0.0,1.0,0.2459016393442623,0.2459016393442623,1.0,0.4,0.4,76.51465968489815,87.58857680315431,165.26770480797802,177.53763919853523,203.78944842490105,0.0,39.03026184240952,0.09081446786364819,1260,9
final_refine_2m,2.0,640.0,474.0,796.414464961555,1.0,1.0,0.0,1.0,0.24839968774395005,0.24839968774395005,1.0,0.4023809523809524,0.4023809523809524,76.2574211161567,87.35458869672004,164.78402091721705,177.05760175814413,203.20001745957896,0.0,38.961061997876186,0.09193338537600833,1260,9
final_refine_2m,2.0,642.0,474.0,798.0225560721952,1.0,1.0,0.0,1.0,0.23669008587041374,0.23669008587041374,1.0,0.3880952380952381,0.3880952380952381,76.00105038994104,87.12144477696562,164.3012904605931,176.57842195590663,202.61168503955324,0.0,38.89146775895236,0.09305230288836847,1260,9
final_refine_2m,2.0,644.0,474.0,799.6324155510456,1.0,1.0,0.0,1.0,0.23791308873276087,0.23791308873276087,1.0,0.38492063492063494,0.38492063492063494,75.74554803870687,86.88914512021056,163.8195133735709,176.1000997054623,202.02445085464026,0.0,38.82207589789384,0.09492583918813427,1260,9
final_refine_2m,2.0,646.0,474.0,801.24403273909,1.0,1.0,0.0,1.0,0.23721051262034867,0.23721051262034867,1.0,0.3761904761904762,0.3761904761904762,75.49091459795217,86.65768979879411,163.33868959589617,175.62263492389945,201.4383145986234,0.0,38.75306840742326,0.09718969555035128,1260,9
final_refine_2m,2.0,648.0,474.0,802.857397051307,1.0,1.0,0.0,1.0,0.2395264116575592,0.2395264116575592,1.0,0.37777777777777777,0.37777777777777777,75.23715060616189,86.4270788810391,162.8588190716338,175.14602753177118,200.8532759692439,0.0,38.68446016354503,0.0994535519125683,1260,9
final_refine_2m,2.0,650.0,474.0,804.4724979761583,1.0,1.0,0.0,1.0,0.2504813947436898,0.2504813947436898,1.0,0.3904761904761905,0.3904761904761905,74.98425660473721,86.1973124312165,162.3882194904334,174.67027745312035,200.26933466825355,0.0,38.61620087810519,0.09825657038771793,1260,9
final_refine_2m,2.0,652.0,474.0,806.0893250750812,1.0,1.0,0.0,1.0,0.25818371064272705,0.25818371064272705,1.0,0.39920634920634923,0.39920634920634923,74.73223313793781,85.96839050951081,161.9293789493526,174.19538461550465,199.68649040141327,0.0,38.54833863689441,0.09705958886286756,1260,9
final_refine_2m,2.0,654.0,474.0,807.7078679819828,1.0,1.0,0.0,1.0,0.25901639344262295,0.25901639344262295,1.0,0.4,0.4,74.48108075280824,85.74031317198585,161.47141631576423,173.72134894998948,199.10474287853648,0.0,38.48080855023731,0.09586260733801717,1260,9
final_refine_2m,2.0,656.0,474.0,809.3281164027356,1.0,1.0,0.0,1.0,0.258600052042675,0.258600052042675,1.0,0.3984126984126984,0.3984126984126984,74.2307999991185,85.51308047055167,161.01433157614974,173.24817039120077,198.52409181348804,0.0,38.413628925565945,0.0946656258131668,1260,9
final_refine_2m,2.0,658.0,474.0,810.9500601146781,1.0,1.0,0.0,1.0,0.2563101743429612,0.2563101743429612,1.0,0.3896825396825397,0.3896825396825397,73.98139142928594,85.28669340245762,160.55812472099268,172.7758488773182,197.944536924221,0.0,38.34679083094055,0.09346864428831642,1260,9
final_refine_2m,2.0,660.0,474.0,812.5736889661147,1.0,1.0,0.0,1.0,0.2546448087431694,0.2546448087431694,1.0,0.38333333333333336,0.38333333333333336,73.73285559830863,85.06262290270291,160.1027957447999,172.3043843501081,197.36607793280416,0.0,38.280136700652584,0.09227166276346604,1260,9
final_refine_2m,2.0,662.0,474.0,814.1989928758203,1.0,1.0,0.0,1.0,0.2546448087431694,0.2546448087431694,1.0,0.38333333333333336,0.38333333333333336,73.48519306368512,84.83959503428062,159.6483446461281,171.83377675493244,196.78871456542873,0.0,38.2131116783882,0.09341660161332292,1260,9
final_refine_2m,2.0,664.0,474.0,815.8259618325467,1.0,1.0,0.0,1.0,0.2546448087431694,0.2546448087431694,1.0,0.38333333333333336,0.38333333333333336,73.23840438534867,84.61741211377917,159.19477142761045,171.36402604077728,196.2124465524363,0.0,38.14565556788182,0.09534218058808223,1260,9
final_refine_2m,2.0,666.0,474.0,817.4545858945315,1.0,1.0,0.0,1.0,0.2546448087431694,0.2546448087431694,1.0,0.38333333333333336,0.38333333333333336,72.99249012558168,84.3960742522869,158.74207609595788,170.8951321602754,195.63727362835064,0.0,38.077767713956455,0.09648711943793911,1260,9
final_refine_2m,2.0,668.0,474.0,819.0848551890091,1.0,1.0,0.0,1.0,0.23989071038251367,0.23989071038251367,1.0,0.36666666666666664,0.36666666666666664,72.74745084893556,84.17558155647582,158.29025866200476,170.42709506970914,195.06319553189408,0.0,38.00971440859792,0.09763205828779599,1260,9
final_refine_2m,2.0,670.0,474.0,820.7167599117249,1.0,1.0,0.0,1.0,0.23825136612021858,0.23825136612021858,1.0,0.3611111111111111,0.3611111111111111,72.50328712215557,83.95593412856276,157.83931914071854,169.95991472904453,194.49021200600725,0.0,37.94205404016697,0.09937548790007807,1260,9
final_refine_2m,2.0,672.0,474.0,822.3502903264521,1.0,1.0,0.0,1.0,0.2356752537080406,0.2356752537080406,1.0,0.3523809523809524,0.3523809523809524,72.25999951409398,83.73713206627218,157.38925755122227,169.49359110195178,193.91832279787596,0.0,37.874828762217184,0.10171740827478533,1260,9
final_refine_2m,2.0,674.0,474.0,823.9854367645098,1.0,1.0,0.0,1.0,0.23497267759562843,0.23497267759562843,1.0,0.35,0.35,72.01758859562125,83.51917546279883,156.94007391681885,169.02812415581568,193.3475276589631,0.0,37.80799089474656,0.10265417642466823,1260,9
final_refine_2m,2.0,676.0,474.0,825.6221896242857,1.0,1.0,0.0,1.0,0.24918032786885247,0.24918032786885247,1.0,0.36666666666666664,0.36666666666666664,71.77605493954222,83.30206092212009,156.49176826501258,168.56351386176038,192.77782634501693,0.0,37.74154890398764,0.10140515222482435,1260,9
final_refine_2m,2.0,678.0,474.0,827.2605393707595,1.0,1.0,0.0,1.0,0.2500390320062451,0.2500390320062451,1.0,0.3674603174603175,0.3674603174603175,71.53539912050717,83.085788128082,156.04434062753774,168.09976019467297,192.20921861610114,0.0,37.67549331440208,0.10015612802498049,1260,9
final_refine_2m,2.0,680.0,474.0,828.9004765350301,1.0,1.0,0.0,1.0,0.2526151444184231,0.2526151444184231,1.0,0.36984126984126986,0.36984126984126986,71.29562171491597,82.8703568394647,155.59779104036946,167.6368631332202,191.64170423662537,0.0,37.609786579933164,0.09890710382513661,1260,9
final_refine_2m,2.0,682.0,474.0,830.5419917138447,1.0,1.0,0.0,1.0,0.25467083008066616,0.25467083008066616,1.0,0.37063492063492065,0.37063492063492065,71.0567233008295,82.65577063822,155.16148980837926,167.17482265986317,191.07528297536066,0.0,37.54447328718533,0.09765807962529274,1260,9
final_refine_2m,2.0,684.0,474.0,832.1850755691308,1.0,1.0,0.0,1.0,0.2546448087431694,0.2546448087431694,1.0,0.36507936507936506,0.36507936507936506,70.81870445786654,82.44270302109562,154.73469355925997,166.7136387608961,190.50995460547313,0.0,37.47949122465764,0.09640905542544886,1260,9
final_refine_2m,2.0,686.0,474.0,833.8297188275313,1.0,1.0,0.0,1.0,0.25487900078064013,0.25487900078064013,1.0,0.3603174603174603,0.3603174603174603,70.58156576711147,82.23156539231621,154.30870549101505,166.25331142644052,189.94571890453798,0.0,37.414386971982815,0.09677335415040333,1260,9
final_refine_2m,2.0,688.0,474.0,835.4759122799412,1.0,1.0,0.0,1.0,0.2574551131928181,0.2574551131928181,1.0,0.3626984126984127,0.3626984126984127,70.34530781101243,82.0212662343663,153.88352567343946,165.7938406504942,189.38257565456777,0.0,37.348843850779495,0.09794431433775697,1260,9
final_refine_2m,2.0,690.0,474.0,837.1236467810476,1.0,1.0,0.0,1.0,0.2600312256049961,0.2600312256049961,1.0,0.36507936507936506,0.36507936507936506,70.10993117327412,81.8117968201252,153.45915418027136,165.3352264309315,188.82052464204295,0.0,37.28286122382439,0.0991152745251106,1260,9
final_refine_2m,2.0,692.0,474.0,838.7729132488721,1.0,1.0,0.0,1.0,0.246448087431694,0.246448087431694,1.0,0.35,0.35,69.8754364387598,81.60317191848095,152.97990122695518,164.8774687695269,188.25956565792842,0.0,37.21646867486921,0.10028623471246421,1260,9
final_refine_2m,2.0,694.0,474.0,840.4237026643168,1.0,1.0,0.0,1.0,0.246448087431694,0.246448087431694,1.0,0.35,0.35,69.64182419337834,81.39539361048244,152.4988674456455,164.42056767198955,187.69969849771292,0.0,37.15031088447033,0.10288836846213896,1260,9
final_refine_2m,2.0,696.0,474.0,842.076006070711,1.0,1.0,0.0,1.0,0.24444444444444444,0.24444444444444444,1.0,0.34444444444444444,0.34444444444444444,69.40909502397722,81.18845980459115,152.05700989115027,163.96452314796724,187.14092296141104,0.0,37.08458506414214,0.10468384074941452,1260,9
final_refine_2m,2.0,698.0,474.0,843.7298145733621,1.0,1.0,0.0,1.0,0.24186833203226646,0.24186833203226646,1.0,0.3373015873015873,0.3373015873015873,69.1772495182285,80.98237498989855,151.61836508788653,163.50933521108394,186.58323885361,0.0,37.019307624687066,0.10710382513661203,1260,9
final_refine_2m,2.0,700.0,474.0,845.3851193391092,1.0,1.0,0.0,1.0,0.24957064793130368,0.24957064793130368,1.0,0.34365079365079365,0.34365079365079365,68.94628826451546,80.77713367190057,151.1805989333587,163.055003878941,186.02664598349287,0.0,36.95442320183702,0.10580275826177465,1260,9
final_refine_2m,2.0,702.0,474.0,847.0419115958784,1.0,1.0,0.0,1.0,0.25519125683060107,0.25519125683060107,1.0,0.35,0.35,68.71621185181861,80.57274310201932,150.74371151178312,162.60152917316466,185.47114416484686,0.0,36.88998304185057,0.1045016913869373,1260,9
final_refine_2m,2.0,704.0,474.0,848.7001826322414,1.0,1.0,0.0,1.0,0.25519125683060107,0.25519125683060107,1.0,0.35,0.35,68.48702086959018,80.36920237788144,150.30770291190967,162.14891111940182,184.9167332161167,0.0,36.8259167428049,0.10320062451209992,1260,9
final_refine_2m,2.0,706.0,474.0,850.3599237969767,1.0,1.0,0.0,1.0,0.25519125683060107,0.25519125683060107,1.0,0.35,0.35,68.25871590763647,80.16651238106914,149.87257322703203,161.69714974735825,184.3634129604033,0.0,36.76224291023714,0.10189955763726255,1260,9
final_refine_2m,2.0,708.0,474.0,852.0211264986333,1.0,1.0,0.0,1.0,0.25456674473067914,0.25456674473067914,1.0,0.3484126984126984,0.3484126984126984,68.03129755599433,79.96467510366047,149.43832255502147,161.2333042971998,183.81118322551097,0.0,36.6989523581315,0.10059849076242519,1260,9
final_refine_2m,2.0,710.0,474.0,853.6837822050973,1.0,1.0,0.0,1.0,0.25175644028103045,0.25175644028103045,1.0,0.3412698412698413,0.3412698412698413,67.80476640480272,79.76530816495693,149.00495099834583,160.7439859078547,183.26004384396975,0.0,36.635876538900945,0.09929742388758782,1260,9
final_refine_2m,2.0,712.0,474.0,855.3478824431612,1.0,1.0,0.0,1.0,0.2492583918813427,0.2492583918813427,1.0,0.3349206349206349,0.3349206349206349,67.57912304417235,79.56700764816432,148.5724586640958,160.25568130061234,182.70999465304948,0.0,36.57241972294825,0.1004944054124382,1260,9
final_refine_2m,2.0,714.0,474.0,857.0134187980956,1.0,1.0,0.0,1.0,0.24863387978142076,0.24863387978142076,1.0,0.3333333333333333,0.3333333333333333,67.35436806405592,79.36955591094507,148.1408456640114,159.76839047835819,182.16103549480383,0.0,36.50851600403675,0.10169138693728857,1260,9
final_refine_2m,2.0,716.0,474.0,858.6803829132234,1.0,1.0,0.0,1.0,0.24863387978142076,0.24863387978142076,1.0,0.3333333333333333,0.3333333333333333,67.13050205411314,79.17296960612757,147.71011211449525,159.28211344909477,181.6131662160851,0.0,36.444164789977634,0.10372105126203487,1260,9
final_refine_2m,2.0,718.0,474.0,860.3487664894975,1.0,1.0,0.0,1.0,0.23455633619568045,0.23455633619568045,1.0,0.31825396825396823,0.31825396825396823,66.90752560357416,78.9772376746403,147.2802581366571,158.79685022598306,181.06638666858527,0.0,36.379650159095924,0.10556856622430393,1260,9
final_refine_2m,2.0,720.0,474.0,862.0185612850804,1.0,1.0,0.0,1.0,0.23721051262034867,0.23721051262034867,1.0,0.32063492063492066,0.32063492063492066,66.6854393010987,78.78235390400627,146.85128385631552,158.31260082736517,180.52069670884126,0.0,36.31557643061346,0.10676554774915431,1260,9
final_refine_2m,2.0,722.0,474.0,863.6897591149267,1.0,1.0,0.0,1.0,0.23783502472027063,0.23783502472027063,1.0,0.31825396825396823,0.31825396825396823,66.46424373463368,78.5883184428123,146.42318940404294,157.82936527679473,179.97609619829214,0.0,36.2519881700638,0.11009627894873797,1260,9
final_refine_2m,2.0,724.0,474.0,865.362351850368,1.0,1.0,0.0,1.0,0.23778298204527712,0.23778298204527712,1.0,0.3142857142857143,0.3142857142857143,66.24393949126971,78.3951314340668,145.99597491517463,157.34714360306603,179.43258500327636,0.0,36.18883419793526,0.11025240697371845,1260,9
final_refine_2m,2.0,726.0,474.0,867.0363314187013,1.0,1.0,0.0,1.0,0.25336976320582877,0.25336976320582877,1.0,0.3277777777777778,0.3277777777777778,66.02452715709369,78.20279301516109,145.56964052983736,156.86593584023763,178.89016299508506,0.0,36.12612257627295,0.10889929742388758,1260,9
final_refine_2m,2.0,728.0,474.0,868.7116898027791,1.0,1.0,0.0,1.0,0.2569086651053864,0.2569086651053864,1.0,0.33095238095238094,0.33095238095238094,65.80600731703602,78.01130331783125,145.14418639298486,156.38574202767725,178.3488300499776,0.0,36.063842539532004,0.10754618787405673,1260,9
final_refine_2m,2.0,730.0,474.0,870.3884190406028,1.0,1.0,0.0,1.0,0.25956284153005466,0.25956284153005466,1.0,0.3333333333333333,0.3333333333333333,65.5883805547198,77.82066246812053,144.7196126544071,155.9065622100671,177.80858604920607,0.0,36.00195328875763,0.10619307832422586,1260,9
final_refine_2m,2.0,630.0,476.0,789.6049645234001,1.0,1.0,0.0,1.0,0.24918032786885247,0.24918032786885247,1.0,0.4166666666666667,0.4166666666666667,77.48450091371683,88.3429326259813,166.67199117982025,178.98455492459206,205.36730250498115,0.0,39.20692218760004,0.09162112932604737,1260,9
final_refine_2m,2.0,632.0,476.0,791.2016177940993,1.0,1.0,0.0,1.0,0.24746291959406713,0.24746291959406713,1.0,0.40793650793650793,0.40793650793650793,77.20361412790162,88.10516179907525,166.18696711050347,178.46498570868062,204.77677392892318,0.0,39.13840636390053,0.09047619047619047,1260,9
final_refine_2m,2.0,634.0,476.0,792.8001009081671,1.0,1.0,0.0,1.0,0.2459016393442623,0.2459016393442623,1.0,0.4,0.4,76.92372304697626,87.86880599542485,165.7028918096172,177.9556094923485,204.1873385452778,0.0,39.07018366550737,0.0893312516263336,1260,9
final_refine_2m,2.0,636.0,476.0,794.400402819636,1.0,1.0,0.0,1.0,0.2459016393442623,0.2459016393442623,1.0,0.4,0.4,76.65643289171956,87.63429562238963,165.21976520085443,177.47611755294616,203.59899603667708,0.0,39.001841887082676,0.08969555035128805,1260,9
final_refine_2m,2.0,638.0,476.0,796.0025125588486,1.0,1.0,0.0,1.0,0.2459016393442623,0.2459016393442623,1.0,0.4,0.4,76.3995439960159,87.40062478779096,164.7375872120729,176.9974793364662,203.01174608958468,0.0,38.93308035634615,0.0921415560759823,1260,9
final_refine_2m,2.0,640.0,476.0,797.6064192319417,1.0,1.0,0.0,1.0,0.24839968774395005,0.24839968774395005,1.0,0.4023809523809524,0.4023809523809524,76.1435182506747,87.16779357422166,164.25635777531002,176.51969475425366,202.42558839434545,0.0,38.86389838983182,0.09326047358834244,1260,9
final_refine_2m,2.0,642.0,476.0,799.2121120203321,1.0,1.0,0.0,1.0,0.23585740307051783,0.23585740307051783,1.0,0.3873015873015873,0.3873015873015873,75.88835617739902,86.93580206040689,163.77607682680542,176.04276372103817,201.84052264516802,0.0,38.79433028581932,0.09437939110070258,1260,9
final_refine_2m,2.0,644.0,476.0,800.8195801802051,1.0,1.0,0.0,1.0,0.23744470465781942,0.23744470465781942,1.0,0.38571428571428573,0.38571428571428573,75.63405830087684,86.70465032116665,163.29674430702883,175.56668615496682,201.25654854018376,0.0,38.724968476396164,0.09549830861306272,1260,9
final_refine_2m,2.0,646.0,476.0,802.4288130420043,1.0,1.0,0.0,1.0,0.23757481134530314,0.23757481134530314,1.0,0.37777777777777777,0.37777777777777777,75.38062514871429,86.47433842738002,162.82003796400514,175.091461977603,200.6736657814328,0.0,38.65599067172567,0.09718969555035128,1260,9
final_refine_2m,2.0,648.0,476.0,804.0398000099249,1.0,1.0,0.0,1.0,0.2395264116575592,0.2395264116575592,1.0,0.37777777777777777,0.37777777777777777,75.12805725137844,86.24486644594874,162.3616460110652,174.6170911139619,200.09187407491072,0.0,38.58740481863316,0.0994535519125683,1260,9
final_refine_2m,2.0,650.0,476.0,805.6525305614077,1.0,1.0,0.0,1.0,0.24918032786885247,0.24918032786885247,1.0,0.3888888888888889,0.3888888888888889,74.87635514213456,86.0162344397625,161.90412779074902,174.1435734925188,199.51117313057972,0.0,38.519164935156724,0.09825657038771793,1260,9
final_refine_2m,2.0,652.0,476.0,807.2669942466371,1.0,1.0,0.0,1.0,0.25818371064272705,0.25818371064272705,1.0,0.39920634920634923,0.39920634920634923,74.62551935697805,85.7884424676643,161.44748328569509,173.67090904522743,198.9315626623967,0.0,38.45131781933579,0.09705958886286756,1260,9
final_refine_2m,2.0,654.0,476.0,808.8831806880398,1.0,1.0,0.0,1.0,0.25901639344262295,0.25901639344262295,1.0,0.4,0.4,74.37555043456595,85.56149058441659,160.99171248247896,173.19909770754742,198.353042388314,0.0,38.38380004220436,0.09586260733801717,1260,9
final_refine_2m,2.0,656.0,476.0,810.5010795797868,1.0,1.0,0.0,1.0,0.25901639344262295,0.25901639344262295,1.0,0.4,0.4,74.12644891615659,85.33537884066844,160.53681537162464,172.72813941844905,197.77561203033488,0.0,38.31662596621052,0.0946656258131668,1260,9
final_refine_2m,2.0,658.0,476.0,812.1206806872979,1.0,1.0,0.0,1.0,0.25672651574290917,0.25672651574290917,1.0,0.39126984126984127,0.39126984126984127,73.8782153455294,85.11010728292267,160.0827919476249,172.25803412044542,197.19927131450999,0.0,38.2497934758795,0.09346864428831642,1260,9
final_refine_2m,2.0,660.0,476.0,813.7419738467471,1.0,1.0,0.0,1.0,0.2546448087431694,0.2546448087431694,1.0,0.38333333333333336,0.38333333333333336,73.63085026891714,84.88711840216122,159.62964220897467,171.78878175960648,196.62401997096254,0.0,38.18314897954642,0.09305230288836847,1260,9
final_refine_2m,2.0,662.0,476.0,815.3649489645726,1.0,1.0,0.0,1.0,0.2546448087431694,0.2546448087431694,1.0,0.38333333333333336,0.38333333333333336,73.38435423493274,84.6651955348604,159.1773661581743,171.32038228557397,196.04985773392173,0.0,38.116141539809796,0.09479573250065053,1260,9
final_refine_2m,2.0,664.0,476.0,816.9895960169872,1.0,1.0,0.0,1.0,0.2546448087431694,0.2546448087431694,1.0,0.38333333333333336,0.38333333333333336,73.1387277944913,84.44411311123746,158.72596380177092,170.8528356515859,195.4767843417396,0.0,38.04870566089192,0.09594067135050742,1260,9
final_refine_2m,2.0,666.0,476.0,818.6159050494927,1.0,1.0,0.0,1.0,0.2546448087431694,0.2546448087431694,1.0,0.38333333333333336,0.38333333333333336,72.89397150073191,84.22387124043489,158.27543515035924,170.38614181449944,194.90479953690863,0.0,37.98084069560454,0.0970856102003643,1260,9
final_refine_2m,2.0,668.0,476.0,820.2438661763952,1.0,1.0,0.0,1.0,0.23989071038251367,0.23989071038251367,1.0,0.36666666666666664,0.36666666666666664,72.6500859089412,84.00447002722156,157.8257802186195,169.92030073479114,194.3339030660932,0.0,37.91282328131064,0.0990111891751236,1260,9
final_refine_2m,2.0,670.0,476.0,821.8734695803241,1.0,1.0,0.0,1.0,0.2384855581576893,0.2384855581576893,1.0,0.3619047619047619,0.3619047619047619,72.40707157646584,83.78590957195455,157.37699902533546,169.45531237660762,193.76409468013975,0.0,37.84519546873401,0.10015612802498049,1260,9
final_refine_2m,2.0,672.0,476.0,823.5047055117536,1.0,1.0,0.0,1.0,0.23614363778298206,0.23614363778298206,1.0,0.353968253968254,0.353968253968254,72.16492906263476,83.56818997054167,156.9290915934121,168.99117670775468,193.19537413412152,0.0,37.778001666330205,0.10249804839968775,1260,9
final_refine_2m,2.0,674.0,476.0,825.1375642885251,1.0,1.0,0.0,1.0,0.23497267759562843,0.23497267759562843,1.0,0.35,0.35,71.92365892866907,83.3513113144048,156.48205794989562,168.52789369973843,192.62774118733998,0.0,37.711188478348,0.10265417642466823,1260,9
final_refine_2m,2.0,676.0,476.0,826.7720362953745,1.0,1.0,0.0,1.0,0.24918032786885247,0.24918032786885247,1.0,0.36666666666666664,0.36666666666666664,71.68326173759577,83.1352720621476,156.03589812600296,168.06546332776983,192.06119560335878,0.0,37.64476739130823,0.10140515222482435,1260,9
final_refine_2m,2.0,678.0,476.0,828.4081119834595,1.0,1.0,0.0,1.0,0.2500390320062451,0.2500390320062451,1.0,0.3674603174603175,0.3674603174603175,71.44373805415694,82.9200694160144,155.5925450085755,167.6038855707942,191.49573715002398,0.0,37.578729027846045,0.10015612802498049,1260,9
final_refine_2m,2.0,680.0,476.0,830.0457818698918,1.0,1.0,0.0,1.0,0.2526151444184231,0.2526151444184231,1.0,0.36984126984126986,0.36984126984126986,71.20508844472212,82.70570407783083,155.16606353222303,167.1431604115149,190.93136559949542,0.0,37.51303663916794,0.09890710382513661,1260,9
final_refine_2m,2.0,682.0,476.0,831.6850365372699,1.0,1.0,0.0,1.0,0.2549310434556336,0.2549310434556336,1.0,0.37142857142857144,0.37142857142857144,70.96731347718838,82.49217754808419,154.74038658161572,166.68328783640118,190.36808072826025,0.0,37.44773004502216,0.09765807962529274,1260,9
final_refine_2m,2.0,684.0,476.0,833.3258666332157,1.0,1.0,0.0,1.0,0.2543065313557117,0.2543065313557117,1.0,0.36587301587301585,0.36587301587301585,70.73041372088552,82.2801338264048,154.31551422169966,166.2242678357105,189.80588231716388,0.0,37.38275547206983,0.09640905542544886,1260,9
final_refine_2m,2.0,686.0,476.0,834.9682628699129,1.0,1.0,0.0,1.0,0.2551392141556076,0.2551392141556076,1.0,0.3611111111111111,0.3611111111111111,70.4943897464813,82.07004486350095,153.89144652128914,165.7661004035239,189.2447701514289,0.0,37.31767110732632,0.09739786625032526,1260,9
final_refine_2m,2.0,688.0,476.0,836.6122160236486,1.0,1.0,0.0,1.0,0.2574551131928181,0.2574551131928181,1.0,0.3626984126984127,0.3626984126984127,70.25924212587698,81.8607936996983,153.43778838562463,165.3087855377496,188.68474402068458,0.0,37.25215061946084,0.09856882643767889,1260,9
final_refine_2m,2.0,690.0,476.0,838.2577169343566,1.0,1.0,0.0,1.0,0.2600312256049961,0.2600312256049961,1.0,0.36507936507936506,0.36507936507936506,70.02497143210616,81.65236916068454,152.9572739699888,164.8523232401459,188.12580371899674,0.0,37.18619337929129,0.1005464480874317,1260,9
final_refine_2m,2.0,692.0,476.0,839.9047565051646,1.0,1.0,0.0,1.0,0.246448087431694,0.246448087431694,1.0,0.35,0.35,69.79157823922952,81.44477887654209,152.49808218037066,164.39671351635184,187.56794904487347,0.0,37.11983513087511,0.10171740827478533,1260,9
final_refine_2m,2.0,694.0,476.0,841.5533257019426,1.0,1.0,0.0,1.0,0.246448087431694,0.246448087431694,1.0,0.35,0.35,69.55906312222821,81.23803041375935,152.0597888365623,163.94195637589812,187.01117980130894,0.0,37.053715860346465,0.10288836846213896,1260,9
final_refine_2m,2.0,696.0,476.0,843.2034155528546,1.0,1.0,0.0,1.0,0.24473067915690866,0.24473067915690866,1.0,0.34523809523809523,0.34523809523809523,69.32742665689386,81.03212435093289,151.62236985868705,163.48805183223698,186.45549579580322,0.0,36.98802815224972,0.10468384074941452,1260,9
final_refine_2m,2.0,698.0,476.0,844.8550171479128,1.0,1.0,0.0,1.0,0.2424408014571949,0.2424408014571949,1.0,0.3388888888888889,0.3388888888888889,69.0966694197144,80.8270581960952,151.1858253252883,163.03499990274898,185.90089684038122,0.0,36.92278094934404,0.10710382513661203,1260,9
final_refine_2m,2.0,700.0,476.0,846.5081216385346,1.0,1.0,0.0,1.0,0.2481654957064793,0.2481654957064793,1.0,0.34206349206349207,0.34206349206349207,68.86679198776486,80.622836602468,150.75015531934773,162.58280060877755,185.34738275162994,0.0,36.857923539077305,0.10580275826177465,1260,9
final_refine_2m,2.0,702.0,476.0,848.1627202371017,1.0,1.0,0.0,1.0,0.25519125683060107,0.25519125683060107,1.0,0.35,0.35,68.63779493858577,80.41945532661467,150.3153599283133,162.1314539756501,184.79495335071152,0.0,36.793505786740916,0.1045016913869373,1260,9
final_refine_2m,2.0,704.0,476.0,849.8188042165224,1.0,1.0,0.0,1.0,0.25519125683060107,0.25519125683060107,1.0,0.35,0.35,68.40967885006722,80.21692171696056,149.8814392441188,161.68096003268965,184.2436084633988,0.0,36.72945886906962,0.10320062451209992,1260,9
final_refine_2m,2.0,706.0,476.0,851.476364909796,1.0,1.0,0.0,1.0,0.25519125683060107,0.25519125683060107,1.0,0.35,0.35,68.18244430032621,80.01523364703999,149.44839336320493,161.19428099279767,183.69334792009346,0.0,36.66579715593049,0.10189955763726255,1260,9
final_refine_2m,2.0,708.0,476.0,853.13539370958,1.0,1.0,0.0,1.0,0.25487900078064013,0.25487900078064013,1.0,0.3492063492063492,0.3492063492063492,67.95609186758249,79.81439177797763,149.01622238654764,160.70653837587088,183.1441715558622,0.0,36.60251879576145,0.10059849076242519,1260,9
final_refine_2m,2.0,710.0,476.0,854.7958820677601,1.0,1.0,0.0,1.0,0.2523809523809524,0.2523809523809524,1.0,0.34285714285714286,0.34285714285714286,67.73062213003368,79.61598827556683,148.58492641968368,160.21980410478946,182.59607921045065,0.0,36.539459507203595,0.09929742388758782,1260,9
final_refine_2m,2.0,712.0,476.0,856.4578214950226,1.0,1.0,0.0,1.0,0.24957064793130368,0.24957064793130368,1.0,0.3357142857142857,0.3357142857142857,67.50603566572684,79.418672290827,148.15450557272462,159.73407818238485,182.04907072832057,0.0,36.47602776351703,0.1019776216497528,1260,9
final_refine_2m,2.0,714.0,476.0,858.1212035604294,1.0,1.0,0.0,1.0,0.24863387978142076,0.24863387978142076,1.0,0.3333333333333333,0.3333333333333333,67.28233305242294,79.22220195705157,147.7249599603908,159.24936061653597,181.50314595867388,0.0,36.412151965596365,0.10317460317460317,1260,9
final_refine_2m,2.0,716.0,476.0,859.7860198909959,1.0,1.0,0.0,1.0,0.24863387978142076,0.24863387978142076,1.0,0.3333333333333333,0.3333333333333333,67.0595148674687,79.02658635253904,147.29628970203134,158.7656514202083,180.95830475546873,0.0,36.347831529051696,0.10437158469945355,1260,9
final_refine_2m,2.0,718.0,476.0,861.4522621712708,1.0,1.0,0.0,1.0,0.23367161072079104,0.23367161072079104,1.0,0.31746031746031744,0.31746031746031744,66.83758168765573,78.83182760595436,146.86849492164575,158.2829506114718,180.414546977468,0.0,36.2833616718016,0.10640124902419984,1260,9
final_refine_2m,2.0,720.0,476.0,863.1199221429198,1.0,1.0,0.0,1.0,0.23632578714545927,0.23632578714545927,1.0,0.3198412698412698,0.3198412698412698,66.61653408908398,78.63791245491981,146.44157574790827,157.80125821353008,179.87187248824824,0.0,36.2193291108329,0.10759823054905022,1260,9
final_refine_2m,2.0,722.0,476.0,864.7889916043104,1.0,1.0,0.0,1.0,0.23728857663283892,0.23728857663283892,1.0,0.31825396825396823,0.31825396825396823,66.39637264702121,78.44484104548592,146.01553231420243,157.3205742547573,179.33028115623418,0.0,36.15578084196765,0.11009627894873797,1260,9
final_refine_2m,2.0,724.0,476.0,866.4594624101003,1.0,1.0,0.0,1.0,0.23723653395784544,0.23723653395784544,1.0,0.3142857142857143,0.3142857142857143,66.17709793575337,78.25261351817726,145.59036475862533,156.84089876871633,178.78977285472186,0.0,36.09265954495692,0.11025240697371845,1260,9
final_refine_2m,2.0,726.0,476.0,868.1313264708284,1.0,1.0,0.0,1.0,0.25336976320582877,0.25336976320582877,1.0,0.3277777777777778,0.3277777777777778,65.95871052844419,78.06123000795377,145.16607322402862,156.36223179419218,178.2503474619127,0.0,36.0299765379892,0.10889929742388758,1260,9
final_refine_2m,2.0,728.0,476.0,869.8045757525077,1.0,1.0,0.0,1.0,0.256023939630497,0.256023939630497,1.0,0.33015873015873015,0.33015873015873015,65.7412109969825,77.87069064417285,144.74265785804096,155.88457337521837,177.71200486094253,0.0,35.96772116733221,0.10754618787405673,1260,9
final_refine_2m,2.0,730.0,476.0,871.4792022762218,1.0,1.0,0.0,1.0,0.2586781160551652,0.2586781160551652,1.0,0.3325396825396825,0.3325396825396825,65.52459991182991,77.68099555055215,144.3201188130814,155.4079235611088,177.17474493989695,0.0,35.90585349534341,0.10619307832422586,1260,9
final_refine_2m,2.0,630.0,478.0,790.8122406741059,1.0,1.0,0.0,1.0,0.24918032786885247,0.24918032786885247,1.0,0.4166666666666667,0.4166666666666667,77.34646497097866,88.15265225300598,166.13766809910663,178.3733143824958,204.58510186337242,0.0,39.11012820127663,0.0921935987509758,1260,9
final_refine_2m,2.0,632.0,478.0,792.4064613567964,1.0,1.0,0.0,1.0,0.2477751756440281,0.2477751756440281,1.0,0.4095238095238095,0.4095238095238095,77.06703854229117,87.9160473815572,165.6550945963733,177.89436377057044,203.99783838282653,0.0,39.04161374264428,0.09104865990111892,1260,9
final_refine_2m,2.0,634.0,478.0,794.0025188876922,1.0,1.0,0.0,1.0,0.2459016393442623,0.2459016393442623,1.0,0.4,0.4,76.79818416347139,87.68082464237958,165.1734649487305,177.41626300272662,203.4116615430059,0.0,38.973393122381054,0.08990372105126203,1260,9
final_refine_2m,2.0,636.0,478.0,795.6004022120652,1.0,1.0,0.0,1.0,0.2459016393442623,0.2459016393442623,1.0,0.4,0.4,76.54164236777974,87.44746891788508,164.69277908489852,176.93901198809135,202.82657103478536,0.0,38.90506483067812,0.09102263856362217,1260,9
final_refine_2m,2.0,638.0,478.0,797.200100351223,1.0,1.0,0.0,1.0,0.2459016393442623,0.2459016393442623,1.0,0.4,0.4,76.28595907949003,87.21494829184884,164.21303693772066,176.46261063911834,202.24256655285623,0.0,38.836319309547676,0.0921415560759823,1260,9
final_refine_2m,2.0,640.0,478.0,798.8016024019981,1.0,1.0,0.0,1.0,0.24756700494405412,0.24756700494405412,1.0,0.4015873015873016,0.4015873015873016,76.03113480977554,86.98326284528528,163.73423844418693,175.98705887160895,201.65964779573704,0.0,38.76715588360961,0.09326047358834244,1260,9
final_refine_2m,2.0,642.0,478.0,800.4048975362407,1.0,1.0,0.0,1.0,0.23585740307051783,0.23585740307051783,1.0,0.3873015873015873,0.3873015873015873,75.77717007272827,86.75241265537915,163.2563835454627,175.51235660473063,201.0778144658065,0.0,38.69761450724479,0.09513400988810825,1260,9
final_refine_2m,2.0,644.0,478.0,802.0099750003113,1.0,1.0,0.0,1.0,0.2378090033827739,0.2378090033827739,1.0,0.3873015873015873,0.3873015873015873,75.52406538530296,86.52239779544847,162.79353898197425,175.03850376103688,200.49706626931933,0.0,38.6282833098048,0.09625292740046838,1260,9
final_refine_2m,2.0,646.0,478.0,803.6168241145776,1.0,1.0,0.0,1.0,0.23793911007025761,0.23793911007025761,1.0,0.37936507936507935,0.37936507936507935,75.27182126725847,86.29321833490872,162.33646196911138,174.5655002664761,199.9174029164307,0.0,38.559335755670894,0.09794431433775697,1260,9
final_refine_2m,2.0,648.0,478.0,805.2254342729121,1.0,1.0,0.0,1.0,0.2386937288576633,0.2386937288576633,1.0,0.376984126984127,0.376984126984127,75.02043824108758,86.0648743392368,161.88025453396946,174.09334605042636,199.33882412120167,0.0,38.49077292087378,0.0994535519125683,1260,9
final_refine_2m,2.0,650.0,478.0,806.8357949421927,1.0,1.0,0.0,1.0,0.24769711163153785,0.24769711163153785,1.0,0.3873015873015873,0.3873015873015873,74.76991683195943,85.83736586993659,161.42491665931607,173.62204104569537,198.76132960164713,0.0,38.422553092666554,0.09885506115014311,1260,9
final_refine_2m,2.0,652.0,478.0,808.4478956618045,1.0,1.0,0.0,1.0,0.25735102784283115,0.25735102784283115,1.0,0.3984126984126984,0.3984126984126984,74.52025756765596,85.61069298450477,160.97044833180934,173.15158518855426,198.18491907972566,0.0,38.35472179171277,0.09765807962529274,1260,9
final_refine_2m,2.0,654.0,478.0,810.0617260431454,1.0,1.0,0.0,1.0,0.25901639344262295,0.25901639344262295,1.0,0.4,0.4,74.27146097849749,85.38485573639686,160.5168495419981,172.68197841874337,197.60959228139373,0.0,38.28721703713682,0.09646109810044236,1260,9
final_refine_2m,2.0,656.0,478.0,811.6772757691323,1.0,1.0,0.0,1.0,0.25901639344262295,0.25901639344262295,1.0,0.4,0.4,74.02352759727926,85.1598541749947,160.06412028434823,172.21322067949873,197.03534893659958,0.0,38.22004927852347,0.09526411657559199,1260,9
final_refine_2m,2.0,658.0,478.0,813.2945345937104,1.0,1.0,0.0,1.0,0.2571428571428571,0.2571428571428571,1.0,0.39285714285714285,0.39285714285714285,73.77645795919864,84.93568834557398,159.61226055727641,171.74531191756884,196.46218877932188,0.0,38.15322316021028,0.0940671350507416,1260,9
final_refine_2m,2.0,660.0,478.0,814.913492341365,1.0,1.0,0.0,1.0,0.2546448087431694,0.2546448087431694,1.0,0.38333333333333336,0.38333333333333336,73.53025260178093,84.71376953421624,159.16127036315004,171.27825208323014,195.89011154758643,0.0,38.086589032155786,0.09365079365079365,1260,9
final_refine_2m,2.0,662.0,478.0,816.534138906635,1.0,1.0,0.0,1.0,0.2546448087431694,0.2546448087431694,1.0,0.38333333333333336,0.38333333333333336,73.28491206480977,84.49294102627998,158.7111497083293,170.8120411303135,195.31911698348267,0.0,38.0195998440654,0.09557637262555295,1260,9
final_refine_2m,2.0,664.0,478.0,818.1564642536292,1.0,1.0,0.0,1.0,0.2546448087431694,0.2546448087431694,1.0,0.38333333333333336,0.38333333333333336,73.04043689024478,84.27294850159863,158.26189860317146,170.3466790162106,194.74920483320054,0.0,37.95218484393796,0.09672131147540984,1260,9
final_refine_2m,2.0,666.0,478.0,819.7804584155443,1.0,1.0,0.0,1.0,0.2546448087431694,0.2546448087431694,1.0,0.38333333333333336,0.38333333333333336,72.79682762215018,84.053792067372,157.8135170620621,169.8821657019057,194.18037484703413,0.0,37.884343392491964,0.09786625032526672,1260,9
final_refine_2m,2.0,668.0,478.0,821.4061114941866,1.0,1.0,0.0,1.0,0.23989071038251367,0.23989071038251367,1.0,0.36666666666666664,0.36666666666666664,72.55408480660617,83.8354718264684,157.3660051034298,169.41850115199173,193.61262677942497,0.0,37.81636238382751,0.0990111891751236,1260,9
final_refine_2m,2.0,670.0,478.0,823.0334136594942,1.0,1.0,0.0,1.0,0.23895394223263075,0.23895394223263075,1.0,0.3634920634920635,0.3634920634920635,72.31220899163638,83.61798787738692,156.91936274977328,168.9556853346805,193.04596038896037,0.0,37.74876767128723,0.10015612802498049,1260,9
final_refine_2m,2.0,672.0,478.0,824.6623551490634,1.0,1.0,0.0,1.0,0.23637782982045277,0.23637782982045277,1.0,0.3547619047619048,0.3547619047619048,72.07120072711521,83.40134031422012,156.47359002768005,168.49371822183926,192.48037543842415,0.0,37.68160589879081,0.10249804839968775,1260,9
final_refine_2m,2.0,674.0,478.0,826.2929262676765,1.0,1.0,0.0,1.0,0.23497267759562843,0.23497267759562843,1.0,0.35,0.35,71.83106056468827,83.18552922661755,156.02868696785185,168.0325997889871,191.9158716947951,0.0,37.61481800279511,0.10265417642466823,1260,9
final_refine_2m,2.0,676.0,478.0,827.9251173868323,1.0,1.0,0.0,1.0,0.24918032786885247,0.24918032786885247,1.0,0.36666666666666664,0.36666666666666664,71.59178905768243,82.97055399584305,155.5970802486683,167.5723300153385,191.35244892928614,0.0,37.548418463988625,0.10202966432474629,1260,9
final_refine_2m,2.0,678.0,478.0,829.5589189442785,1.0,1.0,0.0,1.0,0.24918032786885247,0.24918032786885247,1.0,0.36666666666666664,0.36666666666666664,71.35338676101352,82.75641180984373,155.17171233331564,167.11290888380762,190.79010691735846,0.0,37.48239800189943,0.10078064012490243,1260,9
final_refine_2m,2.0,680.0,478.0,831.1943214435479,1.0,1.0,0.0,1.0,0.25175644028103045,0.25175644028103045,1.0,0.36904761904761907,0.36904761904761907,71.1158542310985,82.54310189301908,154.74714538410555,166.65433638102755,190.2288454387506,0.0,37.416720657946215,0.09953161592505855,1260,9
final_refine_2m,2.0,682.0,478.0,832.8313154534957,1.0,1.0,0.0,1.0,0.2543325526932084,0.2543325526932084,1.0,0.37142857142857144,0.37142857142857144,70.8791920257575,82.33062562210281,154.32337946505712,166.19661249738513,189.66866427749855,0.0,37.35142152375851,0.09828259172521468,1260,9
final_refine_2m,2.0,684.0,478.0,834.4698916078398,1.0,1.0,0.0,1.0,0.25456674473067914,0.25456674473067914,1.0,0.36666666666666664,0.36666666666666664,70.64340070411991,82.11959544913378,153.89507670731413,165.73973722702308,189.10956322196705,0.0,37.286455194308374,0.0970335675253708,1260,9
final_refine_2m,2.0,686.0,478.0,836.1100406047042,1.0,1.0,0.0,1.0,0.2545407233931824,0.2545407233931824,1.0,0.3611111111111111,0.3611111111111111,70.4084808265271,81.91054480052415,153.41507816582293,165.28371056787188,188.55154206485543,0.0,37.221391369611666,0.09820452771272443,1260,9
final_refine_2m,2.0,688.0,478.0,837.7517532061631,1.0,1.0,0.0,1.0,0.25659640905542547,0.25659640905542547,1.0,0.3619047619047619,0.3619047619047619,70.1744329544277,81.70233111920108,152.93871954457398,164.82853252165972,187.99460060325114,0.0,37.15589414428029,0.09937548790007807,1260,9
final_refine_2m,2.0,690.0,478.0,839.39502023779,1.0,1.0,0.0,1.0,0.25917252146760345,0.25917252146760345,1.0,0.36428571428571427,0.36428571428571427,69.94125765027785,81.49494051621163,152.50077538856752,164.37420309394844,187.43873863862282,0.0,37.08996289708839,0.1005464480874317,1260,9
final_refine_2m,2.0,692.0,478.0,841.0398325882074,1.0,1.0,0.0,1.0,0.246448087431694,0.246448087431694,1.0,0.35,0.35,69.70895547743645,81.28837657083842,152.06370135973458,163.92072229413924,186.88395597686483,0.0,37.02363947949775,0.10252406973718449,1260,9
final_refine_2m,2.0,694.0,478.0,842.6861812086395,1.0,1.0,0.0,1.0,0.246448087431694,0.246448087431694,1.0,0.35,0.35,69.47752700005958,81.08264851481827,151.6274975310911,163.4680901354965,186.33025242832153,0.0,36.957559223803926,0.10369502992453812,1260,9
final_refine_2m,2.0,696.0,478.0,844.3340571124678,1.0,1.0,0.0,1.0,0.2453031485818371,0.2453031485818371,1.0,0.3468253968253968,0.3468253968253968,69.24697278298446,80.87775761781144,151.1921639800175,163.0163066351749,185.7776278077987,0.0,36.89191012739424,0.10549050221181369,1260,9
final_refine_2m,2.0,698.0,478.0,845.983451374789,1.0,1.0,0.0,1.0,0.24272703616965913,0.24272703616965913,1.0,0.3396825396825397,0.3396825396825397,69.0172933916265,80.67370502506226,150.75770078826793,162.56537181423255,185.2260819346,0.0,36.82669372793909,0.10710382513661203,1260,9
final_refine_2m,2.0,700.0,478.0,847.6343551319756,1.0,1.0,0.0,1.0,0.24746291959406713,0.24746291959406713,1.0,0.3412698412698413,0.3412698412698413,68.78848939185833,80.47048777386753,150.3241080419938,162.11528569765935,184.6756146325486,0.0,36.761863924577234,0.10580275826177465,1260,9
final_refine_2m,2.0,702.0,478.0,849.2867595812382,1.0,1.0,0.0,1.0,0.25519125683060107,0.25519125683060107,1.0,0.35,0.35,68.56056134990037,80.26811077747918,149.8913858317798,161.64403747011912,184.12622573001784,0.0,36.69746921272265,0.1045016913869373,1260,9
final_refine_2m,2.0,704.0,478.0,850.9406559801923,1.0,1.0,0.0,1.0,0.25519125683060107,0.25519125683060107,1.0,0.35,0.35,68.33350983219299,80.06657239135396,149.45953425264594,161.15685282215986,183.57791505994507,0.0,36.63344233409876,0.1038511579495186,1260,9
final_refine_2m,2.0,706.0,478.0,852.596035646425,1.0,1.0,0.0,1.0,0.25519125683060107,0.25519125683060107,1.0,0.35,0.35,68.10733540528308,79.86587704597181,149.02855340409116,160.67067114001736,183.0306824598687,0.0,36.56979345731768,0.10255009107468124,1260,9
final_refine_2m,2.0,708.0,478.0,854.2528899570665,1.0,1.0,0.0,1.0,0.25519125683060107,0.25519125683060107,1.0,0.35,0.35,67.88203863570047,79.66602302655603,148.598443390103,160.185492421503,182.4845277719494,0.0,36.50652800434725,0.10124902419984387,1260,9
final_refine_2m,2.0,710.0,478.0,855.9112103483632,1.0,1.0,0.0,1.0,0.25269320843091336,0.25269320843091336,1.0,0.34365079365079365,0.34365079365079365,67.65762008982611,79.46856912354285,148.16920431918555,159.7013166693727,181.93945084298934,0.0,36.44348592532071,0.10078064012490243,1260,9
final_refine_2m,2.0,712.0,478.0,857.5709883152531,1.0,1.0,0.0,1.0,0.24988290398126464,0.24988290398126464,1.0,0.33650793650793653,0.33650793650793653,67.43408033376862,79.2722327055806,147.74083630438673,159.21814389137683,181.39545152447818,0.0,36.38007986232306,0.1019776216497528,1260,9
final_refine_2m,2.0,714.0,478.0,859.2322154109446,1.0,1.0,0.0,1.0,0.24863387978142076,0.24863387978142076,1.0,0.3333333333333333,0.3333333333333333,67.21141993323411,79.07673243881894,147.31333946330918,158.73597410025965,180.85252967259467,0.0,36.316232569797094,0.10400728597449908,1260,9
final_refine_2m,2.0,716.0,478.0,860.8948832464972,1.0,1.0,0.0,1.0,0.24863387978142076,0.24863387978142076,1.0,0.3333333333333333,0.3333333333333333,66.98963945338852,78.88208079720005,146.88671391815143,158.25480731381202,180.31068514824835,0.0,36.25194347106818,0.10520426749934947,1260,9
final_refine_2m,2.0,718.0,478.0,862.5589834904046,1.0,1.0,0.0,1.0,0.23278688524590163,0.23278688524590163,1.0,0.31666666666666665,0.31666666666666665,66.76873945872606,78.68828253507193,146.46095979571191,157.77464355487706,179.76991781710993,0.0,36.18751882803155,0.10640124902419984,1260,9
final_refine_2m,2.0,720.0,478.0,864.2245078681813,1.0,1.0,0.0,1.0,0.23544106167056986,0.23544106167056986,1.0,0.319047619047619,0.319047619047619,66.54872051292888,78.49532663761525,146.0360772274325,157.29548285139137,179.23022754962315,0.0,36.12352790684304,0.10759823054905022,1260,9
final_refine_2m,2.0,722.0,478.0,865.8914481619506,1.0,1.0,0.0,1.0,0.23762685402029665,0.23762685402029665,1.0,0.319047619047619,0.319047619047619,66.329583178726,78.3032099579472,145.61206634940788,156.81732523641335,178.6916142210452,0.0,36.06002011261267,0.11092896174863388,1260,9
final_refine_2m,2.0,724.0,478.0,867.5597962100364,1.0,1.0,0.0,1.0,0.23757481134530314,0.23757481134530314,1.0,0.31507936507936507,0.31507936507936507,66.11132801775337,78.1119326341186,145.18892730240796,156.34017074814275,178.15407771146096,0.0,35.99693203588333,0.11025240697371845,1260,9
final_refine_2m,2.0,726.0,478.0,869.2295439065564,1.0,1.0,0.0,1.0,0.25282331511839706,0.25282331511839706,1.0,0.3277777777777778,0.3277777777777778,65.89395559039986,77.92149479866755,144.76666023191973,155.86401942995488,177.6176179058264,0.0,35.93427822275784,0.10889929742388758,1260,9
final_refine_2m,2.0,728.0,478.0,870.9006832010181,1.0,1.0,0.0,1.0,0.2551392141556076,0.2551392141556076,1.0,0.32936507936507936,0.32936507936507936,65.67746645566916,77.73189657858174,144.34526528814598,155.38887133042218,177.08223469398294,0.0,35.87204812985022,0.10754618787405673,1260,9
final_refine_2m,2.0,730.0,478.0,872.5732060979182,1.0,1.0,0.0,1.0,0.2586781160551652,0.2586781160551652,1.0,0.3325396825396825,0.3325396825396825,65.46186117101776,77.5431380952615,143.92474262605228,154.91472650335066,176.54792797069157,0.0,35.81020267318581,0.1068696330991413,1260,9
final_refine_2m,2.0,630.0,480.0,792.0227269466451,1.0,1.0,0.0,1.0,0.24918032786885247,0.24918032786885247,1.0,0.4166666666666667,0.4166666666666667,77.21031482760023,87.96466083965082,165.60892901267908,177.8347764698485,203.81143363976017,0.0,39.01374916748789,0.0921935987509758,1260,9
final_refine_2m,2.0,632.0,480.0,793.6145159962739,1.0,1.0,0.0,1.0,0.24808743169398906,0.24808743169398906,1.0,0.4111111111111111,0.4111111111111111,76.93991412339847,87.72921077593863,165.1287826885962,177.35805496879604,203.2274011364268,0.0,38.945236869215485,0.09104865990111892,1260,9
final_refine_2m,2.0,634.0,480.0,795.2081488516072,1.0,1.0,0.0,1.0,0.2459016393442623,0.2459016393442623,1.0,0.4,0.4,76.68371688348532,87.49511008252554,164.64957535827682,176.88217928609367,202.64444880168193,0.0,38.87701911612286,0.08990372105126203,1260,9
final_refine_2m,2.0,636.0,480.0,796.8036144496334,1.0,1.0,0.0,1.0,0.2459016393442623,0.2459016393442623,1.0,0.4,0.4,76.42837355646792,87.26289794779689,164.1713069553477,176.40714933527133,202.06257633447566,0.0,38.808705007134186,0.09177725735102785,1260,9
final_refine_2m,2.0,638.0,480.0,798.4009018030979,1.0,1.0,0.0,1.0,0.2459016393442623,0.2459016393442623,1.0,0.4,0.4,76.17388464319893,87.03151651474043,163.69397741752022,175.93296503317288,201.4817834375464,0.0,38.73997617100366,0.09289617486338798,1260,9
final_refine_2m,2.0,640.0,480.0,800.0,1.0,1.0,0.0,1.0,0.24756700494405412,0.24756700494405412,1.0,0.4015873015873016,0.4015873015873016,75.9202506473976,86.80096586279132,163.22506252012317,175.45962629996149,200.90206981743881,0.0,38.67083194035477,0.09401509237574811,1260,9
final_refine_2m,2.0,642.0,480.0,801.6008982030896,1.0,1.0,0.0,1.0,0.2350247202706219,0.2350247202706219,1.0,0.3865079365079365,0.3865079365079365,75.66747207558296,86.5712460675924,162.76842354231303,174.98713305914492,200.32343518452507,0.0,38.60131787739688,0.09513400988810825,1260,9
final_refine_2m,2.0,644.0,480.0,803.203585649367,1.0,1.0,0.0,1.0,0.23734061930783243,0.23734061930783243,1.0,0.3880952380952381,0.3880952380952381,75.41554943701851,86.34235720095734,162.31265004522035,174.51548523759644,199.7458792530251,0.0,38.53201784569566,0.09682539682539683,1260,9
final_refine_2m,2.0,646.0,480.0,804.8080516495843,1.0,1.0,0.0,1.0,0.23747072599531616,0.23747072599531616,1.0,0.38015873015873014,0.38015873015873014,75.16448324365071,86.11429933083518,161.8577420079213,174.04468276555693,199.16940174102703,0.0,38.463101100155484,0.09794431433775697,1260,9
final_refine_2m,2.0,648.0,480.0,806.4142855877492,1.0,1.0,0.0,1.0,0.2386937288576633,0.2386937288576633,1.0,0.376984126984127,0.376984126984127,74.91427401004545,85.88707252127483,161.40369941331326,173.57472557667137,198.59400237050107,0.0,38.3945619036618,0.0994535519125683,1260,9
final_refine_2m,2.0,650.0,480.0,808.0222769206305,1.0,1.0,0.0,1.0,0.2463960447567005,0.2463960447567005,1.0,0.38571428571428573,0.38571428571428573,74.66492225332537,85.66067683239064,160.95052224810468,173.1056136079917,198.01968086734144,0.0,38.32636277617945,0.09885506115014311,1260,9
final_refine_2m,2.0,652.0,480.0,809.6320151772655,1.0,1.0,0.0,1.0,0.25735102784283115,0.25735102784283115,1.0,0.3984126984126984,0.3984126984126984,74.41642849310145,85.4351123203282,160.49821050286468,172.63734680000604,197.44643696135753,0.0,38.25854797124644,0.09765807962529274,1260,9
final_refine_2m,2.0,654.0,480.0,811.2434899584711,1.0,1.0,0.0,1.0,0.25901639344262295,0.25901639344262295,1.0,0.4,0.4,74.16879325140819,85.2103790372313,160.04676417202387,172.16992509665053,196.87427038632413,0.0,38.19105694362088,0.09646109810044236,1260,9
final_refine_2m,2.0,656.0,480.0,812.8566909363544,1.0,1.0,0.0,1.0,0.25901639344262295,0.25901639344262295,1.0,0.4,0.4,73.92201705263342,84.9864770312091,159.59618325390366,171.70334844532877,196.30318087998506,0.0,38.123896261754055,0.09526411657559199,1260,9
final_refine_2m,2.0,658.0,480.0,814.4716078538281,1.0,1.0,0.0,1.0,0.25735102784283115,0.25735102784283115,1.0,0.39365079365079364,0.39365079365079364,73.67610042344327,84.76340634630401,159.14646775073362,171.23761679692842,195.7331681840751,0.0,38.05707727384618,0.0940671350507416,1260,9
final_refine_2m,2.0,660.0,480.0,816.0882305241266,1.0,1.0,0.0,1.0,0.25506115014311737,0.25506115014311737,1.0,0.38492063492063494,0.38492063492063494,73.43104389271917,84.5425471513024,158.69761766867472,170.77273010585108,195.16423204434938,0.0,37.99045423945373,0.09443143377569607,1260,9
final_refine_2m,2.0,662.0,480.0,817.7065488303246,1.0,1.0,0.0,1.0,0.2546448087431694,0.2546448087431694,1.0,0.38333333333333336,0.38333333333333336,73.18684799146904,84.32280250747513,158.24963301783305,170.30868833001568,194.59637221060842,0.0,37.92348396396873,0.09557637262555295,1260,9
final_refine_2m,2.0,664.0,480.0,819.3265527248583,1.0,1.0,0.0,1.0,0.2546448087431694,0.2546448087431694,1.0,0.38333333333333336,0.38333333333333336,72.94351325276443,84.10388942966654,157.8025138122927,169.8454914308765,194.02958843670302,0.0,37.85609048192676,0.09672131147540984,1260,9
final_refine_2m,2.0,666.0,480.0,820.9482322290487,1.0,1.0,0.0,1.0,0.2546448087431694,0.2546448087431694,1.0,0.38333333333333336,0.38333333333333336,72.70104021165349,83.88580802313726,157.3562600701249,169.38313937346453,193.46388048057145,0.0,37.78827316187197,0.09864689045016914,1260,9
final_refine_2m,2.0,668.0,480.0,822.5715774326268,1.0,1.0,0.0,1.0,0.23989071038251367,0.23989071038251367,1.0,0.36666666666666664,0.36666666666666664,72.45942940508475,83.66855838885802,156.91087181341913,168.9216321263781,192.89924810426385,0.0,37.720329067135445,0.10039032006245122,1260,9
final_refine_2m,2.0,670.0,480.0,824.1965784932621,1.0,1.0,0.0,1.0,0.2391881342701015,0.2391881342701015,1.0,0.36428571428571427,0.36428571428571427,72.2186813718198,83.45214062347213,156.46634906829541,168.46096966182026,192.33569107394794,0.0,37.65276799213586,0.1015352589123081,1260,9
final_refine_2m,2.0,672.0,480.0,825.8232256360922,1.0,1.0,0.0,1.0,0.23684621389539423,0.23684621389539423,1.0,0.35634920634920636,0.35634920634920636,71.97879665235777,83.23655481925853,156.02774795694077,168.0011519556115,191.77320915994602,0.0,37.585638797069045,0.10327868852459017,1260,9
final_refine_2m,2.0,674.0,480.0,827.4515091532554,1.0,1.0,0.0,1.0,0.23497267759562843,0.23497267759562843,1.0,0.35,0.35,71.73977578884208,83.0218010640959,155.60268701351208,167.54217898721035,191.21180213675993,0.0,37.51887679795593,0.10327868852459017,1260,9
final_refine_2m,2.0,676.0,480.0,829.0814194034263,1.0,1.0,0.0,1.0,0.24918032786885247,0.24918032786885247,1.0,0.36666666666666664,0.36666666666666664,71.50161932497424,82.80787944142669,155.17842344657439,167.08405073972452,190.65146978308138,0.0,37.452499443868845,0.10202966432474629,1260,9
final_refine_2m,2.0,678.0,480.0,830.7129468113519,1.0,1.0,0.0,1.0,0.24918032786885247,0.24918032786885247,1.0,0.36666666666666664,0.36666666666666664,71.26432780592458,82.59478690202758,154.75495731547232,166.62676719995125,190.09221188182573,0.0,37.38649754996958,0.10078064012490243,1260,9
final_refine_2m,2.0,680.0,480.0,832.3460818673925,1.0,1.0,0.0,1.0,0.25175644028103045,0.25175644028103045,1.0,0.36904761904761907,0.36904761904761907,71.02790177824238,82.38252280076392,154.3322886832984,166.17032835837358,189.53402822014192,0.0,37.3208359409305,0.09953161592505855,1260,9
final_refine_2m,2.0,682.0,480.0,833.9808151270628,1.0,1.0,0.0,1.0,0.2534738485558158,0.2534738485558158,1.0,0.37063492063492065,0.37063492063492065,70.79234178975436,82.1710866742401,153.87228758114463,165.71473420919472,188.97691858946337,0.0,37.255545018529524,0.09828259172521468,1260,9
final_refine_2m,2.0,684.0,480.0,835.6171372105769,1.0,1.0,0.0,1.0,0.25396825396825395,0.25396825396825395,1.0,0.36666666666666664,0.36666666666666664,70.5576483894789,81.96106066773658,153.39383195886046,165.25998475034666,188.42088278549528,0.0,37.19058767706183,0.0970335675253708,1260,9
final_refine_2m,2.0,686.0,480.0,837.255038802395,1.0,1.0,0.0,1.0,0.25420244600572467,0.25420244600572467,1.0,0.3619047619047619,0.3619047619047619,70.32382212751853,81.75303820971655,152.94133000700683,164.80607998352482,187.86592060826783,0.0,37.125545036307685,0.09820452771272443,1260,9
final_refine_2m,2.0,688.0,480.0,838.8945106507731,1.0,1.0,0.0,1.0,0.25659640905542547,0.25659640905542547,1.0,0.3619047619047619,0.3619047619047619,70.09086355496535,81.54584837127219,152.50459871781243,164.3530199141955,187.31203186214327,0.0,37.06007169475025,0.10018214936247723,1260,9
final_refine_2m,2.0,690.0,480.0,840.535543567314,1.0,1.0,0.0,1.0,0.25917252146760345,0.25917252146760345,1.0,0.36428571428571427,0.36428571428571427,69.85877322379349,81.33948476612798,152.0687334280163,163.90080455161504,186.75921635585433,0.0,36.99416703903594,0.10135310954983086,1260,9
final_refine_2m,2.0,692.0,480.0,842.1781284265223,1.0,1.0,0.0,1.0,0.246448087431694,0.246448087431694,1.0,0.35,0.35,69.62755168676063,81.1339367261651,151.6337342095369,163.44943390886553,186.2074739025056,0.0,36.92787897580758,0.10314858183710643,1260,9
final_refine_2m,2.0,694.0,480.0,843.822256165361,1.0,1.0,0.0,1.0,0.246448087431694,0.246448087431694,1.0,0.35,0.35,69.39719949729624,80.92922037834654,151.1996011385903,162.99890800285417,185.65680431962826,0.0,36.861838223581515,0.10431954202446006,1260,9
final_refine_2m,2.0,696.0,480.0,845.4679177828098,1.0,1.0,0.0,1.0,0.24558938329430133,0.24558938329430133,1.0,0.3476190476190476,0.3476190476190476,69.16771720939288,80.7253359615286,150.76633429570688,162.5492268543495,185.10720742917405,0.0,36.79622823188898,0.10549050221181369,1260,9
final_refine_2m,2.0,698.0,480.0,847.1151043394281,1.0,1.0,0.0,1.0,0.24301327088212335,0.24301327088212335,1.0,0.3404761904761905,0.3404761904761905,68.93910537749713,80.52228401290195,150.33393376575853,162.0932621609156,184.55868305756556,0.0,36.73104319547312,0.10710382513661203,1260,9
final_refine_2m,2.0,700.0,480.0,848.7638069569177,1.0,1.0,0.0,1.0,0.24605776736924279,0.24605776736924279,1.0,0.3396825396825397,0.3396825396825397,68.71136455639314,80.3200663697352,149.90239963798007,161.60663150072511,184.01123103570674,0.0,36.66624158565228,0.10645329169919333,1260,9
final_refine_2m,2.0,702.0,480.0,850.4140168176909,1.0,1.0,0.0,1.0,0.25519125683060107,0.25519125683060107,1.0,0.35,0.35,68.48449530109073,80.1186795044107,149.47173200598806,161.12099848446107,183.46485119900797,0.0,36.60187053891966,0.10515222482435597,1260,9
final_refine_2m,2.0,704.0,480.0,852.0657251644383,1.0,1.0,0.0,1.0,0.25519125683060107,0.25519125683060107,1.0,0.35,0.35,68.25849816669985,79.91813029438316,149.0419309678146,160.6363631050625,182.91954338742124,0.0,36.53786434849461,0.1038511579495186,1260,9
final_refine_2m,2.0,706.0,480.0,853.7189232997006,1.0,1.0,0.0,1.0,0.25519125683060107,0.25519125683060107,1.0,0.35,0.35,68.03337370831933,79.71841637718933,148.6129966259081,160.15272536032916,182.37530744544944,0.0,36.474229015731524,0.10255009107468124,1260,9
final_refine_2m,2.0,708.0,480.0,855.3736025854433,1.0,1.0,0.0,1.0,0.25519125683060107,0.25519125683060107,1.0,0.35,0.35,67.80912248090473,79.51954085330195,148.18492908718093,159.6700852529404,181.83214322219123,0.0,36.41097717596,0.10124902419984387,1260,9
final_refine_2m,2.0,710.0,480.0,857.0297544426331,1.0,1.0,0.0,1.0,0.2530054644808743,0.2530054644808743,1.0,0.34444444444444444,0.34444444444444444,67.58574503914998,79.32302828446534,147.7577284630194,159.188442790481,181.29005057135106,0.0,36.34795297649146,0.10161332292479834,1260,9
final_refine_2m,2.0,712.0,480.0,858.6873703508163,1.0,1.0,0.0,1.0,0.2501951600312256,0.2501951600312256,1.0,0.3373015873015873,0.3373015873015873,67.36324193735653,79.12765860022132,147.33139486929878,158.70779798547628,180.74902935127574,0.0,36.28457319461465,0.10281030444964871,1260,9
final_refine_2m,2.0,714.0,480.0,860.3464418477013,1.0,1.0,0.0,1.0,0.24863387978142076,0.24863387978142076,1.0,0.3333333333333333,0.3333333333333333,67.14161372930226,78.93312422573855,146.90592842643105,158.22815085541646,180.20907942497055,0.0,36.22075498417181,0.10400728597449908,1260,9
final_refine_2m,2.0,716.0,480.0,862.006960528742,1.0,1.0,0.0,1.0,0.24863387978142076,0.24863387978142076,1.0,0.3333333333333333,0.3333333333333333,66.92086096811073,78.73942492759487,146.4813292593577,157.7495014227724,179.6702006601307,0.0,36.156497776120865,0.10668748373666406,1260,9
final_refine_2m,2.0,718.0,480.0,863.6689180467247,1.0,1.0,0.0,1.0,0.23278688524590163,0.23278688524590163,1.0,0.31666666666666665,0.31666666666666665,66.70098420611639,78.54657730848281,146.05759749759883,157.27184971504366,179.13239292917496,0.0,36.0921187819421,0.10788446526151445,1260,9
final_refine_2m,2.0,720.0,480.0,865.3323061113574,1.0,1.0,0.0,1.0,0.23544106167056986,0.23544106167056986,1.0,0.319047619047619,0.319047619047619,66.48198399472345,78.35457142693991,145.6347332752609,156.7951957647644,178.5956561092545,0.0,36.0281699664192,0.10908144678636482,1260,9
final_refine_2m,2.0,722.0,480.0,866.9971164888613,1.0,1.0,0.0,1.0,0.23708040593286495,0.23708040593286495,1.0,0.319047619047619,0.319047619047619,66.2638608842692,78.16340028277793,145.21273673106117,156.31953960954476,178.0599900822987,0.0,35.96470312322018,0.11092896174863388,1260,9
final_refine_2m,2.0,724.0,480.0,868.6633410015643,1.0,1.0,0.0,1.0,0.23702836325787147,0.23702836325787147,1.0,0.31507936507936507,0.31507936507936507,66.04661542388276,77.9730640115846,144.79160800835996,155.84488129209146,177.5253947350278,0.0,35.901648804562655,0.11092896174863388,1260,9
final_refine_2m,2.0,726.0,480.0,870.3309715274988,1.0,1.0,0.0,1.0,0.2522768670309654,0.2522768670309654,1.0,0.3277777777777778,0.3277777777777778,65.83024816133342,77.78356274348609,144.37134725517393,155.37122086023913,176.99186995898785,0.0,35.83902475659953,0.10957585219880302,1260,9
final_refine_2m,2.0,728.0,480.0,872.0,1.0,1.0,0.0,1.0,0.2551392141556076,0.2551392141556076,1.0,0.32936507936507936,0.32936507936507936,65.61475964288964,77.59489660310955,143.95195462420432,154.89855836697376,176.45941565057123,0.0,35.77682054484946,0.10822274264897215,1260,9
final_refine_2m,2.0,730.0,480.0,873.6704184073077,1.0,1.0,0.0,1.0,0.25779339058027584,0.25779339058027584,1.0,0.33174603174603173,0.33174603174603173,65.40015041316488,77.40706570954644,143.53343027286408,154.42689387046394,175.92803171104993,0.0,35.7149979314618,0.1068696330991413,1260,9
