stage,resolution_m,x,y,movement_distance,guaranteed_receive_coverage,possible_receive_coverage,near_area_coverage,direction_available_coverage,clear_ready_coverage,operational_good_coverage,uniform_guaranteed_receive_coverage,uniform_clear_ready_coverage,uniform_operational_good_coverage,worst_diameter_median,worst_diameter_mean,worst_diameter_p90,worst_diameter_p95,worst_diameter_max,unbounded_fraction_of_direction_area,mean_abs_orthogonality_error_deg,orthogonal_80_100_area_coverage,target_sample_count,epsilon_sample_count
coarse_100m,100.0,-1500.0,0.0,1500.0,0.0,0.0,0.0,0.0,0.0,0.0,0.0,0.0,0.0,nan,nan,nan,nan,nan,nan,nan,0.0,1260,9
coarse_100m,100.0,-1400.0,0.0,1400.0,0.0,0.00546448087431694,0.0,0.0,0.0,0.0,0.0,0.0,0.0,nan,nan,nan,nan,nan,nan,nan,0.0,1260,9
coarse_100m,100.0,-1300.0,0.0,1300.0,0.0,0.019672131147540985,0.0,0.0,0.0,0.0,0.0,0.0,0.0,nan,nan,nan,nan,nan,nan,nan,0.0,1260,9
coarse_100m,100.0,-1200.0,0.0,1200.0,0.0,0.04262295081967213,0.0,0.0,0.0,0.0,0.0,0.0,0.0,nan,nan,nan,nan,nan,nan,nan,0.0,1260,9
coarse_100m,100.0,-1100.0,0.0,1100.0,0.0,0.07431693989071038,0.0,0.0,0.0,0.0,0.0,0.0,0.0,nan,nan,nan,nan,nan,nan,nan,0.0,1260,9
coarse_100m,100.0,-1000.0,0.0,1000.0,0.0,0.11475409836065574,0.0,0.0,0.0,0.0,0.0,0.0,0.0,nan,nan,nan,nan,nan,nan,nan,0.0,1260,9
coarse_100m,100.0,-900.0,0.0,900.0,0.00546448087431694,0.16393442622950818,0.0,0.00546448087431694,0.0,0.0,0.06666666666666667,0.0,0.0,nan,nan,nan,nan,nan,1.0,89.51615940334072,0.0,1260,9
coarse_100m,100.0,-800.0,0.0,800.0,0.019672131147540985,0.22185792349726777,0.0,0.019672131147540985,0.0,0.0,0.13333333333333333,0.0,0.0,nan,nan,nan,nan,nan,1.0,89.55372748539429,0.0,1260,9
coarse_100m,100.0,-700.0,0.0,700.0,0.04262295081967213,0.28852459016393445,0.0,0.04262295081967213,0.0,0.0,0.2,0.0,0.0,nan,nan,nan,nan,nan,1.0,89.59354701757097,0.0,1260,9
coarse_100m,100.0,-600.0,0.0,600.0,0.07431693989071038,0.3639344262295082,0.0,0.07431693989071038,0.0,0.0,0.26666666666666666,0.0,0.0,nan,nan,nan,nan,nan,1.0,89.63598551145338,0.0,1260,9
coarse_100m,100.0,-500.0,0.0,500.0,0.11475409836065574,0.44808743169398907,0.0,0.11475409836065574,0.0,0.0,0.3333333333333333,0.0,0.0,nan,nan,nan,nan,nan,1.0,89.68152655504815,0.0,1260,9
coarse_100m,100.0,-400.0,0.0,400.0,0.16393442622950818,0.5409836065573771,0.0,0.16393442622950818,0.0,0.0,0.4,0.0,0.0,nan,nan,nan,nan,nan,1.0,89.73083240121228,0.0,1260,9
coarse_100m,100.0,-300.0,0.0,300.0,0.22185792349726777,0.6426229508196721,0.0,0.22185792349726777,0.0,0.0,0.4666666666666667,0.0,0.0,nan,nan,nan,nan,nan,1.0,89.78486178472134,0.0,1260,9
coarse_100m,100.0,-200.0,0.0,200.0,0.28852459016393445,0.7530054644808744,0.0,0.28852459016393445,0.0,0.0,0.5333333333333333,0.0,0.0,nan,nan,nan,nan,nan,1.0,89.84512402455236,0.0,1260,9
coarse_100m,100.0,-100.0,0.0,100.0,0.3639344262295082,0.8721311475409836,0.0,0.3639344262295082,0.0,0.0,0.6,0.0,0.0,nan,nan,nan,nan,nan,1.0,89.91436962132667,0.0,1260,9
coarse_100m,100.0,0.0,0.0,0.0,0.9669008587041374,0.9968774395003903,0.0,0.9669008587041374,0.0,0.0,0.9793650793650793,0.0,0.0,nan,nan,nan,nan,nan,1.0,90.0,0.0,1260,9
coarse_100m,100.0,100.0,0.0,100.0,1.0,1.0,0.002185792349726776,0.9978142076502732,0.0,0.002185792349726776,1.0,0.0,0.016666666666666666,100.0,96.49996934590537,100.46893794057031,201.25174106281474,201.25174106281602,0.9956709956709957,89.90962039123895,0.0,1260,9
coarse_100m,100.0,200.0,0.0,200.0,1.0,1.0,0.004371584699453552,0.9956284153005465,0.0016653655997918293,0.006036950299245381,1.0,0.006349206349206349,0.023015873015873017,200.0,181.35214255610495,200.9378758811443,402.5034821256295,671.7604601047565,0.9780983743662119,89.76547450352206,0.0,1260,9
coarse_100m,100.0,300.0,0.0,300.0,1.0,1.0,0.005932864949258392,0.9940671350507416,0.0030705178246161853,0.009003382773874578,1.0,0.007936507936507936,0.023015873015873017,300.0,344.82856912295057,335.3166518614258,604.15584437514,5149.911820464192,0.9458143552693576,89.50666130978765,0.000624512099921936,1260,9
coarse_100m,100.0,400.0,0.0,400.0,1.0,1.0,0.00624512099921936,0.9937548790007806,0.004996096799375488,0.011241217798594848,1.0,0.009523809523809525,0.02142857142857143,400.0,357.6162141450264,502.70017980913485,1009.1363785638157,2436.383469858802,0.8999214454045562,89.0766746410283,0.002498048399687744,1260,9
coarse_100m,100.0,500.0,0.0,500.0,1.0,1.0,0.005724694249284413,0.9942753057507155,0.00624512099921936,0.011969815248503773,1.0,0.009523809523809525,0.018253968253968255,500.0,660.8117998961884,585.8878940051933,1078.024308172542,15919.005929651366,0.8371630463229521,88.5149041291484,0.0052042674993494666,1260,9
coarse_100m,100.0,600.0,0.0,600.0,1.0,1.0,0.005620608899297424,0.9943793911007026,0.007494145199063232,0.013114754098360656,1.0,0.009523809523809525,0.016666666666666666,600.0,614.008548657373,611.4271711263074,1258.4197214366202,10299.823640928384,0.7652169362013922,87.93561067595762,0.007494145199063232,1260,9
coarse_100m,100.0,700.0,0.0,700.0,1.0,1.0,0.006557377049180328,0.9934426229508196,0.008743169398907104,0.015300546448087432,1.0,0.009523809523809525,0.016666666666666666,700.0000000000001,771.5939414008238,732.9294396768761,2114.0762267524588,18334.77416071217,0.678034470113678,87.39714176216567,0.008743169398907104,1260,9
coarse_100m,100.0,800.0,0.0,800.0,1.0,1.0,0.0058287795992714025,0.9941712204007286,0.009992193598750976,0.01582097319802238,1.0,0.009523809523809525,0.01507936507936508,800.0,768.8066196527697,1030.4736239438514,2238.1713753095046,7046.919751290317,0.576244568915877,86.66794594876488,0.011657559198542805,1260,9
coarse_100m,100.0,900.0,0.0,900.0,1.0,1.0,0.006557377049180328,0.9934426229508196,0.011241217798594848,0.017798594847775177,1.0,0.009523809523809525,0.01507936507936508,900.0000000000001,1221.4919883722753,1069.4297165404164,2308.8616032290006,66111.05584201566,0.4608937084184609,86.02942840626815,0.013114754098360656,1260,9
coarse_100m,100.0,1000.0,0.0,1000.0,1.0,1.0,0.0052042674993494666,0.9947957325006506,0.01249024199843872,0.017694509497788186,1.0,0.009523809523809525,0.013492063492063493,1000.0,1377.106084707978,1206.69738918172,2851.645621790814,62563.450904500525,0.33120585927282237,85.18768275975079,0.016653655997918293,1260,9
coarse_100m,100.0,1100.0,0.0,1100.0,0.99463960447567,1.0,0.005724694249284413,0.9889149102263857,0.013739266198282592,0.019463960447567007,0.9341269841269841,0.009523809523809525,0.013492063492063493,1100.0000000000002,947.5639891502152,1100.0000000000002,1846.0500121950488,16361.970922228431,0.21892432375539417,84.47500364860713,0.018319021597710122,1260,9
coarse_100m,100.0,1200.0,0.0,1200.0,0.980536039552433,1.0,0.00624512099921936,0.9742909185532136,0.012438199323445226,0.018683320322664586,0.8674603174603175,0.007936507936507936,0.011904761904761904,1200.0,898.8187458382172,1200.0000000000002,1200.0000000000002,8553.571557307192,0.12616847390630842,83.73065910782883,0.01998438719750195,1260,9
coarse_100m,100.0,1300.0,0.0,1300.0,0.9576893052302888,1.0,0.0067655477491543065,0.9509237574811346,0.01082487639864689,0.0175904241478012,0.8007936507936508,0.006349206349206349,0.010317460317460317,1300.0,862.8559023498436,1300.0000000000002,1300.0000000000002,3530.4538859599998,0.06304728546409807,83.00010661806479,0.02164975279729378,1260,9
coarse_100m,100.0,1400.0,0.0,1400.0,0.9260994015092375,1.0,0.007285974499089253,0.9188134270101483,0.011657559198542805,0.01894353369763206,0.7341269841269841,0.006349206349206349,0.010317460317460317,1400.0,934.9268430195056,1400.0000000000002,1400.0000000000002,1509.206934916283,0.020050977060322855,82.45191707051787,0.02331511839708561,1260,9
coarse_100m,100.0,1500.0,0.0,1500.0,0.8857663283892792,1.0,0.00468384074941452,0.8810824876398647,0.0061410356492323705,0.01082487639864689,0.6674603174603174,0.0031746031746031746,0.005555555555555556,1500.0000000000002,1090.2958293439922,1500.0000000000002,1500.0000000000002,1500.0000000000005,0.0,83.12154653103566,0.02810304449648712,1260,9
coarse_100m,100.0,1600.0,0.0,1600.0,0.8366900858704137,0.99463960447567,0.0,0.8366900858704137,0.0,0.0,0.6007936507936508,0.0,0.0,1600.0,1295.7893962376202,1600.0000000000002,1600.0000000000005,1600.0000000000005,0.0,87.40651500931155,0.0,1260,9
coarse_100m,100.0,1700.0,0.0,1700.0,0.7788706739526412,0.980536039552433,0.0,0.7788706739526412,0.0,0.0,0.5341269841269841,0.0,0.0,1700.0000000000002,1484.5575175428114,1700.0000000000002,1700.0000000000005,1700.0000000000005,0.0,87.97992916477779,0.0,1260,9
coarse_100m,100.0,1800.0,0.0,1800.0,0.7123080926359615,0.9576893052302888,0.0,0.7123080926359615,0.0,0.0,0.46746031746031746,0.0,0.0,1800.0000000000002,1656.4857893061971,1800.0000000000002,1800.0000000000002,1800.0000000000005,0.0,88.241262452433,0.0,1260,9
coarse_100m,100.0,1900.0,0.0,1900.0,0.6370023419203747,0.9260994015092375,0.0,0.6370023419203747,0.0,0.0,0.4007936507936508,0.0,0.0,1900.0000000000002,1812.610549378182,1900.0000000000005,1900.0000000000005,1900.0000000000007,0.0,88.39271115064379,0.0,1260,9
coarse_100m,100.0,2000.0,0.0,2000.0,0.5529534218058808,0.8857663283892792,0.0,0.5529534218058808,0.0,0.0,0.3341269841269841,0.0,0.0,2000.0000000000005,1954.841559407217,2000.0000000000005,2000.0000000000005,2000.000000000001,0.0,88.49040390644284,0.0,1260,9
coarse_100m,100.0,2100.0,0.0,2100.0,0.5076502732240438,0.8366900858704137,0.0,0.5076502732240438,0.0,0.0,0.3007936507936508,0.0,0.0,2100.0000000000005,2084.801255332553,2100.0000000000005,2100.0000000000005,2100.000000000001,0.0,88.5905359084211,0.0,1260,9
coarse_100m,100.0,2200.0,0.0,2200.0,0.46016133229247985,0.7788706739526412,0.0,0.46016133229247985,0.0,0.0,0.26746031746031745,0.0,0.0,2200.0000000000005,2197.687290467419,2200.0000000000005,2200.0000000000005,2200.0000000000005,0.0,88.66727649814104,0.0,1260,9
coarse_100m,100.0,2300.0,0.0,2300.0,0.41048659901118917,0.7123080926359615,0.0,0.41048659901118917,0.0,0.0,0.23412698412698413,0.0,0.0,2300.0,2300.0,2300.0000000000005,2300.0000000000005,2300.0000000000005,0.0,88.72815704919032,0.0,1260,9
coarse_100m,100.0,2400.0,0.0,2400.0,0.3586260733801717,0.6370023419203747,0.0,0.3586260733801717,0.0,0.0,0.2007936507936508,0.0,0.0,2400.0000000000005,2400.0000000000005,2400.0000000000005,2400.0000000000005,2400.000000000001,0.0,88.7777898831696,0.0,1260,9
coarse_100m,100.0,2500.0,0.0,2500.0,0.30457975539942755,0.5529534218058808,0.0,0.30457975539942755,0.0,0.0,0.16746031746031745,0.0,0.0,2500.0000000000005,2500.0000000000005,2500.0000000000005,2500.0000000000005,2500.000000000001,0.0,88.819214596642,0.0,1260,9
coarse_100m,100.0,2600.0,0.0,2600.0,0.24834764506895654,0.46016133229247985,0.0,0.24834764506895654,0.0,0.0,0.13412698412698412,0.0,0.0,2600.0000000000005,2600.0000000000005,2600.0000000000005,2600.0000000000005,2600.000000000001,0.0,88.8546079114135,0.0,1260,9
coarse_100m,100.0,2700.0,0.0,2700.0,0.1899297423887588,0.3586260733801717,0.0,0.1899297423887588,0.0,0.0,0.1007936507936508,0.0,0.0,2700.0000000000005,2700.0000000000005,2700.0000000000005,2700.0000000000005,2700.000000000001,0.0,88.8857857248126,0.0,1260,9
coarse_100m,100.0,2800.0,0.0,2800.0,0.12932604735883424,0.24834764506895654,0.0,0.12932604735883424,0.0,0.0,0.06746031746031746,0.0,0.0,2800.0000000000005,2800.0000000000005,2800.0000000000005,2800.0000000000005,2800.0000000000005,0.0,88.91498147436603,0.0,1260,9
coarse_100m,100.0,2900.0,0.0,2900.0,0.06653655997918292,0.12932604735883424,0.0,0.06653655997918292,0.0,0.0,0.034126984126984124,0.0,0.0,2900.0000000000005,2900.0000000000005,2900.0000000000005,2900.0000000000005,2900.000000000001,0.0,88.94889749312357,0.0,1260,9
coarse_100m,100.0,3000.0,0.0,3000.0,0.00156128024980484,0.00156128024980484,0.0,0.00156128024980484,0.0,0.0,0.0007936507936507937,0.0,0.0,3000.0000000000005,3000.0000000000005,3000.0000000000005,3000.0000000000005,3000.0000000000005,0.0,90.0,0.0,1260,9
coarse_100m,100.0,-1500.0,100.0,1503.3296378372909,0.0,0.0,0.0,0.0,0.0,0.0,0.0,0.0,0.0,nan,nan,nan,nan,nan,nan,nan,0.0,1260,9
coarse_100m,100.0,-1400.0,100.0,1403.56688476182,0.0,0.003278688524590164,0.0,0.0,0.0,0.0,0.0,0.0,0.0,nan,nan,nan,nan,nan,nan,nan,0.0,1260,9
coarse_100m,100.0,-1300.0,100.0,1303.8404810405298,0.0,0.015300546448087432,0.0,0.0,0.0,0.0,0.0,0.0,0.0,nan,nan,nan,nan,nan,nan,nan,0.0,1260,9
coarse_100m,100.0,-1200.0,100.0,1204.1594578792296,0.0,0.036065573770491806,0.0,0.0,0.0,0.0,0.0,0.0,0.0,nan,nan,nan,nan,nan,nan,nan,0.0,1260,9
coarse_100m,100.0,-1100.0,100.0,1104.536101718726,0.0,0.06557377049180328,0.0,0.0,0.0,0.0,0.0,0.0,0.0,nan,nan,nan,nan,nan,nan,nan,0.0,1260,9
coarse_100m,100.0,-1000.0,100.0,1004.987562112089,0.0,0.10382513661202186,0.0,0.0,0.0,0.0,0.0,0.0,0.0,nan,nan,nan,nan,nan,nan,nan,0.0,1260,9
coarse_100m,100.0,-900.0,100.0,905.5385138137417,0.003278688524590164,0.15081967213114755,0.0,0.003278688524590164,0.0,0.0,0.05,0.0,0.0,679.9663630144361,681.4364974470082,744.6424413433915,751.8109806321883,759.0695331434315,0.0,84.04061142261975,0.0,1260,9
coarse_100m,100.0,-800.0,100.0,806.2257748298549,0.015300546448087432,0.20655737704918034,0.0,0.015300546448087432,0.0,0.0,0.11666666666666667,0.0,0.0,658.7309724825195,651.3778723728162,789.9992509204702,825.0580734188054,862.2768845613928,0.0,83.81610795841472,0.0,1260,9
coarse_100m,100.0,-700.0,100.0,707.1067811865476,0.036065573770491806,0.2710382513661202,0.0,0.036065573770491806,0.0,0.0,0.18333333333333332,0.0,0.0,629.4413661118549,626.8595822890402,836.9487216957467,878.8964659900234,973.6434654557204,0.0,83.56340050056315,0.0,1260,9
coarse_100m,100.0,-600.0,100.0,608.276253029822,0.06557377049180328,0.3442622950819672,0.0,0.06557377049180328,0.0,0.0,0.25,0.0,0.0,605.9512932817125,606.9108079951639,872.3823762753645,952.5249877907671,1094.172963743646,0.0,83.27526534603115,0.0,1260,9
coarse_100m,100.0,-500.0,100.0,509.9019513592785,0.10382513661202186,0.4262295081967213,0.0,0.10382513661202186,0.0,0.0,0.31666666666666665,0.0,0.0,582.5559268818462,590.774044420073,921.9699774259304,1017.6376036502554,1225.0429521899016,0.0,82.94131392819678,0.0,1260,9
coarse_100m,100.0,-400.0,100.0,412.31056256176606,0.15081967213114755,0.5169398907103825,0.0,0.15081967213114755,0.0,0.0,0.38333333333333336,0.0,0.0,560.3356527115706,577.8499649582791,954.2072235474923,1079.544125237053,1367.6434181974782,0.0,82.5457972126785,0.0,1260,9
coarse_100m,100.0,-300.0,100.0,316.22776601683796,0.20655737704918034,0.6163934426229508,0.0,0.20655737704918034,0.0,0.0,0.45,0.0,0.0,537.4659000880981,567.6594885585293,1008.8614836364139,1141.395159731448,1523.6263399820568,0.0,82.06307275483191,0.0,1260,9
coarse_100m,100.0,-200.0,100.0,223.60679774997897,0.2710382513661202,0.7245901639344262,0.0,0.2710382513661202,0.001639344262295082,0.001639344262295082,0.5166666666666667,0.03333333333333333,0.03333333333333333,517.4404718720294,559.8173774349533,1030.633536691847,1214.3155867844985,1694.9700444275131,0.0,81.44694152973284,0.0,1260,9
coarse_100m,100.0,-100.0,100.0,141.4213562373095,0.3442622950819672,0.8415300546448088,0.0,0.3442622950819672,0.00819672131147541,0.00819672131147541,0.5833333333333334,0.08333333333333333,0.08333333333333333,497.0527113863126,554.0142970449546,1084.7681305250178,1288.8008353141793,1884.063666370357,0.0,80.60090302345687,0.0,1260,9
coarse_100m,100.0,0.0,100.0,100.0,0.4262295081967213,0.9672131147540983,0.0,0.4262295081967213,0.019672131147540985,0.019672131147540985,0.65,0.13333333333333333,0.13333333333333333,474.6736517309551,550.0069363637633,1120.1156581283221,1364.9042377216217,2093.8193766174704,0.0,79.2874965282679,0.0,1260,9
coarse_100m,100.0,100.0,100.0,141.4213562373095,1.0,1.0,0.0,1.0,0.034504293520686964,0.034504293520686964,1.0,0.16825396825396827,0.16825396825396827,1147.7636172358136,2653.315596439185,4578.2766508485765,7284.5043987869585,307357.87099889864,0.0,81.15992941336289,0.002185792349726776,1260,9
coarse_100m,100.0,200.0,100.0,223.60679774997897,1.0,1.0,0.0,1.0,0.05534738485558158,0.05534738485558158,1.0,0.22142857142857142,0.22142857142857142,901.0607918589077,1469.8791732551747,3273.9568752955574,4837.853615129356,22351.416592777576,0.0,79.17077799025945,0.004371584699453552,1260,9
coarse_100m,100.0,300.0,100.0,316.22776601683796,1.0,1.0,0.0,1.0,0.08173302107728338,0.08173302107728338,1.0,0.2746031746031746,0.2746031746031746,698.6619954344488,1060.9342308973994,2407.4436132634123,3470.515297118125,10371.559794278759,0.0,77.02547731810073,0.006557377049180328,1260,9
coarse_100m,100.0,400.0,100.0,412.31056256176606,1.0,1.0,0.0,1.0,0.10351288056206089,0.10351288056206089,1.0,0.23253968253968255,0.23253968253968255,539.3366971071217,790.9478248814551,1821.9790455074683,2564.9065793720683,6193.31175070613,0.0,74.81017837757442,0.008743169398907104,1260,9
coarse_100m,100.0,500.0,100.0,509.9019513592785,1.0,1.0,0.0,1.0,0.11196981524850377,0.11196981524850377,1.0,0.1865079365079365,0.1865079365079365,410.4571911863416,596.6802873852172,1411.876131512404,1902.4455852072244,4091.784107947051,0.0,72.57826824848884,0.01092896174863388,1260,9
coarse_100m,100.0,600.0,100.0,608.276253029822,1.0,1.0,0.0,1.0,0.11238615664845172,0.11238615664845172,1.0,0.15079365079365079,0.15079365079365079,303.15557257975314,452.29239683198165,1079.9136355173475,1405.1964039913091,2842.5779428335786,0.0,70.3714041968401,0.013114754098360656,1260,9
coarse_100m,100.0,700.0,100.0,707.1067811865476,1.0,1.0,0.0,1.0,0.10627114233671611,0.10627114233671611,1.0,0.11984126984126985,0.11984126984126985,216.0199461034201,344.3220675142403,822.8969227913349,1063.2461040169785,2025.7396598541648,0.0,68.2285578165289,0.015300546448087432,1260,9
coarse_100m,100.0,800.0,100.0,806.2257748298549,1.0,1.0,0.0,1.0,0.09344262295081968,0.09344262295081968,1.0,0.09126984126984126,0.09126984126984126,170.00461697350485,264.99308095565436,623.705331179361,803.3970542297338,1458.3173123288345,0.0,66.19192143112369,0.017486338797814208,1260,9
coarse_100m,100.0,900.0,100.0,905.5385138137417,1.0,1.0,0.0,1.0,0.07837626854020296,0.07837626854020296,1.0,0.06746031746031746,0.06746031746031746,153.87725290609865,209.63498287187463,462.8891999138187,593.4548872863184,1047.8621915985984,0.0,64.31300029366734,0.019672131147540985,1260,9
coarse_100m,100.0,1000.0,100.0,1004.987562112089,1.0,1.0,0.0,1.0,0.0565703877179287,0.0565703877179287,1.0,0.04365079365079365,0.04365079365079365,144.14909708589522,175.48660554301887,334.19380980718444,425.8953619518584,742.6597718989739,0.0,62.661587612099396,0.02185792349726776,1260,9
coarse_100m,100.0,1100.0,100.0,1104.536101718726,0.994535519125683,1.0,0.0,0.994535519125683,0.013427010148321624,0.013427010148321624,0.9333333333333333,0.009523809523809525,0.009523809523809525,137.96070317184672,159.99345571884334,318.25028170318996,351.6976227588825,511.5900104563787,0.0,61.21548795614649,0.024043715846994537,1260,9
coarse_100m,100.0,1200.0,100.0,1204.1594578792296,0.980327868852459,1.0,0.0,0.980327868852459,0.0,0.0,0.8666666666666667,0.0,0.0,132.29631302174084,160.70413202642092,332.0904039736053,397.88116238051583,418.3964867693455,0.0,60.04784172776204,0.02622950819672131,1260,9
coarse_100m,100.0,1300.0,100.0,1303.8404810405298,0.9573770491803278,1.0,0.0,0.9573770491803278,0.0,0.0,0.8,0.0,0.0,128.4161761843991,176.51726241484022,391.3194741361755,457.36364892937615,483.55883582707656,0.0,59.489478750749804,0.02841530054644809,1260,9
coarse_100m,100.0,1400.0,100.0,1403.56688476182,0.9256830601092896,1.0,0.0,0.9256830601092896,0.0,0.0,0.7333333333333333,0.0,0.0,159.45034199163376,207.17807894200814,452.14685004944187,514.7486003118315,552.4670599569412,0.0,60.42769665815824,0.030601092896174863,1260,9
coarse_100m,100.0,1500.0,100.0,1503.3296378372909,0.8852459016393442,1.0,0.0,0.8852459016393442,0.0,0.0,0.6666666666666666,0.0,0.0,216.42473063070878,252.60552849609235,509.8606992075614,568.5220834055359,624.999999999998,0.0,65.61402349635786,0.03278688524590164,1260,9
coarse_100m,100.0,1600.0,100.0,1603.1219541881396,0.8360655737704918,0.994535519125683,0.0,0.8360655737704918,0.0,0.0,0.6,0.0,0.0,279.46543711897243,309.9131858479646,566.8242541007064,621.0069064285419,700.5097597075076,0.0,73.60948790286697,0.0,1260,9
coarse_100m,100.0,1700.0,100.0,1702.93863659264,0.7781420765027323,0.980327868852459,0.0,0.7781420765027323,0.0,0.0,0.5333333333333333,0.0,0.0,347.5000237844228,374.29446682785454,623.3741440305884,681.2958674961453,780.2071496691476,0.0,77.37024816262091,0.0,1260,9
coarse_100m,100.0,1800.0,100.0,1802.7756377319947,0.7114754098360656,0.9573770491803278,0.0,0.7114754098360656,0.0,0.0,0.4666666666666667,0.0,0.0,420.39129327692734,444.2299225383624,685.2090729095797,744.8221031089425,862.1411761316779,0.0,79.47356097272403,0.0,1260,9
coarse_100m,100.0,1900.0,100.0,1902.6297590440447,0.6360655737704918,0.9256830601092896,0.0,0.6360655737704918,0.0,0.0,0.4,0.0,0.0,500.9718862814167,519.4741688141507,752.4398778302726,815.8903828191586,948.0323330080831,0.0,80.83327438312274,0.0,1260,9
coarse_100m,100.0,2000.0,100.0,2002.4984394500786,0.5519125683060109,0.8852459016393442,0.0,0.5519125683060109,0.0,0.0,0.3333333333333333,0.0,0.0,584.9446786593327,600.0288022456166,825.5704645581814,892.0660114382794,1024.999999999998,0.0,81.79423590947913,0.0,1260,9
coarse_100m,100.0,2100.0,100.0,2102.379604162864,0.5065573770491804,0.8360655737704918,0.0,0.5065573770491804,0.0,0.0,0.3,0.0,0.0,694.635986808708,708.0643660505282,953.9410452421193,1017.9687900331053,1128.3886525781697,0.0,82.68752845076392,0.0,1260,9
coarse_100m,100.0,2200.0,100.0,2202.271554554524,0.45901639344262296,0.7781420765027323,0.0,0.45901639344262296,0.0,0.0,0.26666666666666666,0.0,0.0,810.378542196433,825.3423332739688,1087.633207899124,1167.0924652337362,1223.138174894961,0.0,83.38951664496628,0.0,1260,9
coarse_100m,100.0,2300.0,100.0,2302.1728866442677,0.4092896174863388,0.7114754098360656,0.0,0.4092896174863388,0.0,0.0,0.23333333333333334,0.0,0.0,938.3850017265728,951.2585067664932,1246.3362685713596,1296.7755691754019,1318.0999652464745,0.0,83.95793552763477,0.0,1260,9
coarse_100m,100.0,2400.0,100.0,2402.082429892863,0.35737704918032787,0.6360655737704918,0.0,0.35737704918032787,0.0,0.0,0.2,0.0,0.0,1064.8312300066348,1084.4759371916841,1389.1177162647475,1402.083050398929,1418.823901035191,0.0,84.42894348106365,0.0,1260,9
coarse_100m,100.0,2500.0,100.0,2501.999200639361,0.30327868852459017,0.5519125683060109,0.0,0.30327868852459017,0.0,0.0,0.16666666666666666,0.0,0.0,1208.29054215854,1221.467417170529,1499.9999999999943,1511.8273565963566,1519.8365396554393,0.0,84.82646494313093,0.0,1260,9
coarse_100m,100.0,2600.0,100.0,2601.9223662515374,0.24699453551912567,0.45901639344262296,0.0,0.24699453551912567,0.0,0.0,0.13333333333333333,0.0,0.0,1372.2284491100118,1359.4026528973393,1611.0563020402178,1617.7245361596233,1625.0266622531753,0.0,85.16702712732184,0.0,1260,9
coarse_100m,100.0,2700.0,100.0,2701.851217221259,0.1885245901639344,0.35737704918032787,0.0,0.1885245901639344,0.0,0.0,0.1,0.0,0.0,1534.7895322179813,1497.8492804794391,1718.3533550213124,1723.5295178078213,1731.5043762776115,0.0,85.46245071025346,0.0,1260,9
coarse_100m,100.0,2800.0,100.0,2801.78514522438,0.12786885245901639,0.24699453551912567,0.0,0.12786885245901639,0.0,0.0,0.06666666666666667,0.0,0.0,1706.9258638226966,1636.3307224170403,1826.8441258580485,1833.5250837483334,1838.9273386173709,0.0,85.72143533576386,0.0,1260,9
coarse_100m,100.0,2900.0,100.0,2901.723625709382,0.06502732240437159,0.12786885245901639,0.0,0.06502732240437159,0.0,0.0,0.03333333333333333,0.0,0.0,1881.333563170712,1775.2972790901938,1941.7023773765309,1946.2818001901983,1948.6032257629713,0.0,85.950538897259,0.0,1260,9
coarse_100m,100.0,3000.0,100.0,3001.6662039607268,0.0,0.0,0.0,0.0,0.0,0.0,0.0,0.0,0.0,nan,nan,nan,nan,nan,nan,nan,0.0,1260,9
coarse_100m,100.0,-1500.0,200.0,1513.2745950421556,0.0,0.0,0.0,0.0,0.0,0.0,0.0,0.0,0.0,nan,nan,nan,nan,nan,nan,nan,0.0,1260,9
coarse_100m,100.0,-1400.0,200.0,1414.213562373095,0.0,0.003278688524590164,0.0,0.0,0.0,0.0,0.0,0.0,0.0,nan,nan,nan,nan,nan,nan,nan,0.0,1260,9
coarse_100m,100.0,-1300.0,200.0,1315.2946437965904,0.0,0.015300546448087432,0.0,0.0,0.0,0.0,0.0,0.0,0.0,nan,nan,nan,nan,nan,nan,nan,0.0,1260,9
coarse_100m,100.0,-1200.0,200.0,1216.552506059644,0.0,0.036065573770491806,0.0,0.0,0.0,0.0,0.0,0.0,0.0,nan,nan,nan,nan,nan,nan,nan,0.0,1260,9
coarse_100m,100.0,-1100.0,200.0,1118.033988749895,0.0,0.06557377049180328,0.0,0.0,0.0,0.0,0.0,0.0,0.0,nan,nan,nan,nan,nan,nan,nan,0.0,1260,9
coarse_100m,100.0,-1000.0,200.0,1019.803902718557,0.0,0.10382513661202186,0.0,0.0,0.0,0.0,0.0,0.0,0.0,nan,nan,nan,nan,nan,nan,nan,0.0,1260,9
coarse_100m,100.0,-900.0,200.0,921.9544457292888,0.003278688524590164,0.15081967213114755,0.0,0.003278688524590164,0.0,0.0,0.05,0.0,0.0,231.699831991273,234.97326741210887,249.97079577200364,250.94372682183163,251.92067684791274,0.0,78.20758117893108,0.0,1260,9
coarse_100m,100.0,-800.0,200.0,824.6211251235321,0.015300546448087432,0.20655737704918034,0.0,0.015300546448087432,0.0,0.0,0.11666666666666667,0.0,0.0,233.78684031282606,230.6869509083397,268.8625811514459,273.57544577656506,278.38908599566327,0.0,77.77394468573601,0.0,1260,9
coarse_100m,100.0,-700.0,200.0,728.0109889280518,0.036065573770491806,0.2710382513661202,0.0,0.036065573770491806,0.0,0.0,0.18333333333333332,0.0,0.0,233.2016846866019,226.9884453729129,282.97574107046484,293.6361799496562,305.52370239982633,0.0,77.28811443344622,0.0,1260,9
coarse_100m,100.0,-600.0,200.0,632.4555320336759,0.06557377049180328,0.3442622950819672,0.0,0.06557377049180328,0.0,0.0,0.25,0.0,0.0,228.53269786816116,223.81850209572536,299.6134334828328,310.86206336795163,333.33998496704555,0.0,76.73762570470811,0.0,1260,9
coarse_100m,100.0,-500.0,200.0,538.5164807134504,0.10382513661202186,0.4262295081967213,0.0,0.10382513661202186,0.0,0.0,0.31666666666666665,0.0,0.0,225.77767408960807,221.1239892201545,313.67590281654066,332.0263377039184,361.85668185575514,0.0,76.10513192760628,0.0,1260,9
coarse_100m,100.0,-400.0,200.0,447.21359549995793,0.15081967213114755,0.5169398907103825,0.0,0.15081967213114755,0.0,0.0,0.38333333333333336,0.0,0.0,223.17357470096292,218.85748187310028,331.1259881376861,351.6277056464439,391.0952339377597,0.0,75.36558571936446,0.0,1260,9
coarse_100m,100.0,-300.0,200.0,360.5551275463989,0.20655737704918034,0.6163934426229508,0.0,0.20655737704918034,0.002107728337236534,0.002107728337236534,0.45,0.0380952380952381,0.0380952380952381,218.39217895277898,216.97712263923833,343.17216340166357,369.3954162396907,421.07942078171635,0.0,74.48124466080657,0.0,1260,9
coarse_100m,100.0,-200.0,200.0,282.842712474619,0.2710382513661202,0.7245901639344262,0.0,0.2710382513661202,0.00819672131147541,0.00819672131147541,0.5166666666666667,0.08333333333333333,0.08333333333333333,214.97809691459506,215.4468793033384,360.52495096256723,389.0898502816769,451.83515746685106,0.0,73.39269781762033,0.0,1260,9
coarse_100m,100.0,-100.0,200.0,223.60679774997897,0.3442622950819672,0.8415300546448088,0.0,0.3442622950819672,0.019672131147540985,0.019672131147540985,0.5833333333333334,0.13333333333333333,0.13333333333333333,210.89664223327847,214.23744407557027,374.14939132693337,407.18579199548634,483.39038933838196,0.0,72.00440554270108,0.0,1260,9
coarse_100m,100.0,0.0,200.0,200.0,0.4262295081967213,0.9672131147540983,0.0,0.4262295081967213,0.036065573770491806,0.036065573770491806,0.65,0.18333333333333332,0.18333333333333332,205.72845577102916,213.3279772132329,387.3270617562228,424.49978074908756,515.775053250927,0.0,70.17560933635434,0.000546448087431694,1260,9
coarse_100m,100.0,100.0,200.0,223.60679774997897,1.0,1.0,0.0,1.0,0.055191256830601096,0.055191256830601096,1.0,0.21666666666666667,0.21666666666666667,433.7667626253271,470.88924924024195,923.3716528918552,1059.9059112739167,1427.2073258968394,0.0,74.01369298457848,0.006557377049180328,1260,9
coarse_100m,100.0,200.0,200.0,282.842712474619,1.0,1.0,0.0,1.0,0.07923497267759563,0.07923497267759563,1.0,0.26666666666666666,0.26666666666666666,360.75749165907945,396.2585179745409,787.7326041070944,900.2097969756712,1217.8826043510537,0.0,71.27537895781948,0.013114754098360656,1260,9
coarse_100m,100.0,300.0,200.0,360.5551275463989,1.0,1.0,0.0,1.0,0.10819672131147541,0.10819672131147541,1.0,0.31666666666666665,0.31666666666666665,297.11076156008477,330.9896935780981,674.5350718039805,774.3782897478029,1034.6839953414474,0.0,68.30108947046625,0.019672131147540985,1260,9
coarse_100m,100.0,400.0,200.0,447.21359549995793,1.0,1.0,0.0,1.0,0.14207650273224043,0.14207650273224043,1.0,0.36666666666666664,0.36666666666666664,241.28898542075584,274.3291792359998,569.6788831995261,654.1024581453125,874.090721773883,0.0,65.21252646611734,0.02622950819672131,1260,9
coarse_100m,100.0,500.0,200.0,538.5164807134504,1.0,1.0,0.0,1.0,0.17338017174082748,0.17338017174082748,1.0,0.3341269841269841,0.3341269841269841,192.40187500283787,225.70511695039707,480.973951197325,548.4099070024607,733.195576206415,0.0,62.098951848732796,0.03278688524590164,1260,9
coarse_100m,100.0,600.0,200.0,632.4555320336759,1.0,1.0,0.0,1.0,0.18430913348946135,0.18430913348946135,1.0,0.26904761904761904,0.26904761904761904,148.55551190617257,184.71012046700338,400.46429791741787,457.86300285631256,609.5809671677681,0.0,59.035241022230686,0.03934426229508197,1260,9
coarse_100m,100.0,700.0,200.0,728.0109889280518,1.0,1.0,0.0,1.0,0.18358053603955243,0.18358053603955243,1.0,0.21984126984126984,0.21984126984126984,112.4991309089932,151.0903428063663,329.65230079437157,376.95715672768443,501.22653606575204,0.0,56.0933857234898,0.04590163934426229,1260,9
coarse_100m,100.0,800.0,200.0,824.6211251235321,1.0,1.0,0.0,1.0,0.16846213895394224,0.16846213895394224,1.0,0.17142857142857143,0.17142857142857143,91.19880899651098,124.73104723544064,268.78635294354405,305.48695679078185,406.44167552849143,0.0,53.35156501550944,0.05245901639344262,1260,9
coarse_100m,100.0,900.0,200.0,921.9544457292888,1.0,1.0,0.0,1.0,0.13879781420765028,0.13879781420765028,1.0,0.12301587301587301,0.12301587301587301,84.19838804774876,105.64687056978993,213.99693755338376,243.7394150773433,323.8202419145645,0.0,50.903976944211124,0.05901639344262295,1260,9
coarse_100m,100.0,1000.0,200.0,1019.803902718557,1.0,1.0,0.0,1.0,0.0921935987509758,0.0921935987509758,1.0,0.07301587301587302,0.07301587301587302,81.05764999593727,93.96183248910462,167.3630167736568,190.11092034477034,252.22030695801143,0.0,48.87476819096146,0.06557377049180328,1260,9
coarse_100m,100.0,1100.0,200.0,1118.033988749895,0.994535519125683,1.0,0.0,0.994535519125683,0.023497267759562842,0.023497267759562842,0.9333333333333333,0.016666666666666666,0.016666666666666666,79.54133319609856,89.3080861486372,152.69547031467235,170.2701178201495,199.03920661718774,0.0,47.2683009684408,0.07213114754098361,1260,9
coarse_100m,100.0,1200.0,200.0,1216.552506059644,0.980327868852459,1.0,0.0,0.980327868852459,0.0,0.0,0.8666666666666667,0.0,0.0,78.61045698004062,90.97318592031094,160.2741031211107,189.17768243264007,233.50359842918718,0.0,46.228320661114196,0.07868852459016394,1260,9
coarse_100m,100.0,1300.0,200.0,1315.2946437965904,0.9573770491803278,1.0,0.0,0.9573770491803278,0.0,0.0,0.8,0.0,0.0,77.93859874932855,98.66008546890392,187.9486270027854,215.63804118692332,257.4328904780067,0.0,46.22083687107966,0.08524590163934426,1260,9
coarse_100m,100.0,1400.0,200.0,1414.213562373095,0.9256830601092896,1.0,0.0,0.9256830601092896,0.0,0.0,0.7333333333333333,0.0,0.0,89.69883891010397,112.39064915708975,214.2574154031642,239.91484733116943,279.4542383867663,0.0,48.16959441818546,0.09180327868852459,1260,9
coarse_100m,100.0,1500.0,200.0,1513.2745950421556,0.8852459016393442,1.0,0.0,0.8852459016393442,0.0,0.0,0.6666666666666666,0.0,0.0,115.18123604744972,132.00064294548832,240.1461850968139,264.11115871500186,301.9342256958441,0.0,53.7138348908484,0.06502732240437159,1260,9
coarse_100m,100.0,1600.0,200.0,1612.4515496597098,0.8360655737704918,0.994535519125683,0.0,0.8360655737704918,0.0,0.0,0.6,0.0,0.0,143.39943149396717,156.55296756609937,264.8736223541562,286.6421702870958,324.88168405438665,0.0,61.34049985936585,0.0,1260,9
coarse_100m,100.0,1700.0,200.0,1711.724276862369,0.7781420765027323,0.980327868852459,0.0,0.7781420765027323,0.0,0.0,0.5333333333333333,0.0,0.0,174.21113873619478,184.4481503804009,290.30575262379784,309.731764483457,348.3070442668632,0.0,66.42677537873381,0.0,1260,9
coarse_100m,100.0,1800.0,200.0,1811.0770276274834,0.7114754098360656,0.9573770491803278,0.0,0.7114754098360656,0.0,0.0,0.4666666666666667,0.0,0.0,207.12658361143065,214.97498635753757,315.0556762257288,332.26135397048336,372.2220793997616,0.0,69.81948391978314,0.0,1260,9
coarse_100m,100.0,1900.0,200.0,1910.49731745428,0.6360655737704918,0.9256830601092896,0.0,0.6360655737704918,0.0,0.0,0.4,0.0,0.0,241.2126097732522,247.7609080806707,339.75647423337944,356.32926319825333,396.63973763674653,0.0,72.19638119058854,0.0,1260,9
coarse_100m,100.0,2000.0,200.0,2009.975124224178,0.5519125683060109,0.8852459016393442,0.0,0.5519125683060109,0.0,0.0,0.3333333333333333,0.0,0.0,278.3439304792764,282.626197586466,364.70374592454186,381.61365126324057,421.5740350000493,0.0,73.94706837695722,0.0,1260,9
coarse_100m,100.0,2100.0,200.0,2109.5023109728986,0.5065573770491804,0.8360655737704918,0.0,0.5065573770491804,0.0,0.0,0.3,0.0,0.0,325.4100455051456,328.76711558637436,409.88137457119944,427.10943708360287,469.28574985276003,0.0,75.62240434605788,0.0,1260,9
coarse_100m,100.0,2200.0,200.0,2209.072203437452,0.45901639344262296,0.7781420765027323,0.0,0.45901639344262296,0.0,0.0,0.26666666666666666,0.0,0.0,375.2296666451456,378.53188348513794,458.57313692324993,478.78141007235575,520.1889951459585,0.0,76.95859809102265,0.0,1260,9
coarse_100m,100.0,2300.0,200.0,2308.679276123039,0.4092896174863388,0.7114754098360656,0.0,0.4092896174863388,0.0,0.0,0.23333333333333334,0.0,0.0,430.5528041716559,431.9467483004492,510.51742706742954,529.91368806152,574.3883205256894,0.0,78.05136862697456,0.0,1260,9
coarse_100m,100.0,2400.0,200.0,2408.3189157584593,0.35737704918032787,0.6360655737704918,0.0,0.35737704918032787,0.0,0.0,0.2,0.0,0.0,488.10017738136594,489.05507254320287,566.6482347650149,589.3990744588144,631.9928882210244,0.0,78.96326563951442,0.0,1260,9
coarse_100m,100.0,2500.0,200.0,2507.9872407968905,0.30327868852459017,0.5519125683060109,0.0,0.30327868852459017,0.0,0.0,0.16666666666666666,0.0,0.0,547.588255211989,549.9115408471971,628.8676667593936,651.3856826368901,693.1167321829482,0.0,79.73689100176523,0.0,1260,9
coarse_100m,100.0,2600.0,200.0,2607.6809620810595,0.24699453551912567,0.45901639344262296,0.0,0.24699453551912567,0.0,0.0,0.13333333333333333,0.0,0.0,610.6311273810995,614.5790573934026,696.7700275155211,717.704083618859,757.8790342065275,0.0,80.4022885480626,0.0,1260,9
coarse_100m,100.0,2700.0,200.0,2707.3972741361767,0.1885245901639344,0.35737704918032787,0.0,0.1885245901639344,0.0,0.0,0.1,0.0,0.0,679.8611573602832,683.1270090686514,770.9919188982082,789.7383885461147,826.4044185859921,0.0,80.98127744776318,0.0,1260,9
coarse_100m,100.0,2800.0,200.0,2807.13376952364,0.12786885245901639,0.24699453551912567,0.0,0.12786885245901639,0.0,0.0,0.06666666666666667,0.0,0.0,748.520933651281,755.6302654191417,852.2774377398189,868.35435233165,898.8232669288266,0.0,81.49010434251997,0.0,1260,9
coarse_100m,100.0,2900.0,200.0,2906.8883707497266,0.06502732240437159,0.12786885245901639,0.0,0.06502732240437159,0.0,0.0,0.03333333333333333,0.0,0.0,821.8342038908082,832.168598587713,942.0634998395243,958.3849177190907,975.2720548633235,0.0,81.94112840029506,0.0,1260,9
coarse_100m,100.0,3000.0,200.0,3006.6592756745817,0.0,0.0,0.0,0.0,0.0,0.0,0.0,0.0,0.0,nan,nan,nan,nan,nan,nan,nan,0.0,1260,9
coarse_100m,100.0,-1500.0,300.0,1529.7058540778355,0.0,0.0,0.0,0.0,0.0,0.0,0.0,0.0,0.0,nan,nan,nan,nan,nan,nan,nan,0.0,1260,9
coarse_100m,100.0,-1400.0,300.0,1431.7821063276353,0.0,0.001639344262295082,0.0,0.0,0.0,0.0,0.0,0.0,0.0,nan,nan,nan,nan,nan,nan,nan,0.0,1260,9
coarse_100m,100.0,-1300.0,300.0,1334.1664064126335,0.0,0.011475409836065573,0.0,0.0,0.0,0.0,0.0,0.0,0.0,nan,nan,nan,nan,nan,nan,nan,0.0,1260,9
coarse_100m,100.0,-1200.0,300.0,1236.9316876852981,0.0,0.030054644808743168,0.0,0.0,0.0,0.0,0.0,0.0,0.0,nan,nan,nan,nan,nan,nan,nan,0.0,1260,9
coarse_100m,100.0,-1100.0,300.0,1140.175425099138,0.0,0.05737704918032787,0.0,0.0,0.0,0.0,0.0,0.0,0.0,nan,nan,nan,nan,nan,nan,nan,0.0,1260,9
coarse_100m,100.0,-1000.0,300.0,1044.030650891055,0.0,0.09344262295081968,0.0,0.0,0.0,0.0,0.0,0.0,0.0,nan,nan,nan,nan,nan,nan,nan,0.0,1260,9
coarse_100m,100.0,-900.0,300.0,948.6832980505138,0.001639344262295082,0.13825136612021857,0.0,0.001639344262295082,0.0,0.0,0.03333333333333333,0.0,0.0,144.05186448467012,141.19191097674496,145.45052617117636,145.68439751850065,145.80141212868716,0.0,72.32653730518399,0.0,1260,9
coarse_100m,100.0,-800.0,300.0,854.4003745317531,0.011475409836065573,0.1918032786885246,0.0,0.011475409836065573,0.0,0.0,0.1,0.0,0.0,143.7895195658961,139.61112036258936,157.79229383209443,159.25509104512707,160.3617650174987,0.0,71.69629505934657,0.0,1260,9
coarse_100m,100.0,-700.0,300.0,761.5773105863908,0.030054644808743168,0.2540983606557377,0.0,0.030054644808743168,0.0,0.0,0.16666666666666666,0.0,0.0,140.25581096757617,138.2649318010131,168.21098357630726,171.97105714377713,175.18242589484205,0.0,70.99486448017016,0.0,1260,9
coarse_100m,100.0,-600.0,300.0,670.820393249937,0.05737704918032787,0.3251366120218579,0.0,0.05737704918032787,0.0,0.0,0.23333333333333334,0.0,0.0,140.5211401230151,137.1351896768611,177.46185351108417,183.7144920709055,190.25402374960922,0.0,70.20699858162133,0.0,1260,9
coarse_100m,100.0,-500.0,300.0,583.09518948453,0.09344262295081968,0.40491803278688526,0.0,0.09344262295081968,0.0,0.0,0.3,0.0,0.0,140.0954657880721,136.2059543824052,187.3979764723875,194.39672830884012,205.5710038386494,0.0,69.31247040041538,0.0,1260,9
coarse_100m,100.0,-400.0,300.0,500.0,0.13825136612021857,0.4934426229508197,0.0,0.13825136612021857,0.0015873015873015873,0.0015873015873015873,0.36666666666666664,0.03253968253968254,0.03253968253968254,138.0185077126911,135.46354721358088,196.76477427743276,205.44090643012657,221.13047941524104,0.0,68.28398921489607,0.0,1260,9
coarse_100m,100.0,-300.0,300.0,424.26406871192853,0.1918032786885246,0.5907103825136611,0.0,0.1918032786885246,0.00546448087431694,0.00546448087431694,0.43333333333333335,0.06666666666666667,0.06666666666666667,136.58593404617207,134.8967560264109,206.97121510682547,217.25221243338243,236.9314872433241,0.0,67.0843479100712,0.0,1260,9
coarse_100m,100.0,-200.0,300.0,360.5551275463989,0.2533177205308353,0.6967213114754098,0.0,0.2533177205308353,0.015300546448087432,0.015300546448087432,0.4992063492063492,0.11666666666666667,0.11666666666666667,135.52393844847919,134.26473674223857,215.67319164303325,227.85159968078418,252.9744922776496,0.0,65.64141705648593,0.0,1260,9
coarse_100m,100.0,-100.0,300.0,316.22776601683796,0.3233671610720791,0.8114754098360656,0.0,0.3233671610720791,0.030054644808743168,0.030054644808743168,0.5650793650793651,0.16666666666666666,0.16666666666666666,133.37986307038082,133.7894752702911,224.75318733142112,239.00409896257244,269.2610506469743,0.0,63.909265731919035,0.0,1260,9
coarse_100m,100.0,0.0,300.0,300.0,0.4019516003122561,0.9349726775956284,0.0,0.4019516003122561,0.04972677595628415,0.04972677595628415,0.6309523809523809,0.21666666666666667,0.21666666666666667,130.6534208788229,133.47124762283306,234.47097278157543,251.55091007754208,285.79357589512057,0.0,61.81893341911947,0.0013791308873276086,1260,9
coarse_100m,100.0,100.0,300.0,316.22776601683796,1.0,1.0,0.0,1.0,0.07004944054124382,0.07004944054124382,1.0,0.24603174603174602,0.24603174603174602,276.9626795101267,288.9504593571105,536.171366713921,592.3669453495135,725.8314350291873,0.0,67.79226429115097,0.009888108248763986,1260,9
coarse_100m,100.0,200.0,300.0,360.5551275463989,1.0,1.0,0.0,1.0,0.09500390320062452,0.09500390320062452,1.0,0.29285714285714287,0.29285714285714287,234.88514321659574,247.9147592145836,471.3071107464876,519.6128841608543,636.3419310038214,0.0,64.65137496731056,0.019880301847514964,1260,9
coarse_100m,100.0,300.0,300.0,424.26406871192853,1.0,1.0,0.0,1.0,0.12482435597189695,0.12482435597189695,1.0,0.3404761904761905,0.3404761904761905,197.2977566158897,211.2614862154238,409.1128262860234,452.6532615899877,554.6779470573158,0.0,61.25399410480771,0.02976841009627895,1260,9
coarse_100m,100.0,400.0,300.0,500.0,1.0,1.0,0.0,1.0,0.1590944574551132,0.1590944574551132,1.0,0.3880952380952381,0.3880952380952381,162.5235191360527,178.86157999209564,355.65099303357914,392.2537902288352,480.28866136307477,0.0,57.729002544153204,0.040124902419984385,1260,9
coarse_100m,100.0,500.0,300.0,583.09518948453,1.0,1.0,0.0,1.0,0.1970856102003643,0.1970856102003643,1.0,0.43492063492063493,0.43492063492063493,133.0465430205856,150.6379294890461,306.78895156628255,336.70671248875163,412.68225480788647,0.0,54.184344141554966,0.05011709601873536,1260,9
coarse_100m,100.0,600.0,300.0,670.820393249937,1.0,1.0,0.0,1.0,0.22380952380952382,0.22380952380952382,1.0,0.3595238095238095,0.3595238095238095,107.45180446403238,126.56523268953,261.21037962249295,286.66006911707416,351.4224440463364,0.0,50.71743332062376,0.06078584439240177,1260,9
coarse_100m,100.0,700.0,300.0,761.5773105863908,1.0,1.0,0.0,1.0,0.23036690085870415,0.23036690085870415,1.0,0.29285714285714287,0.29285714285714287,84.55170556608253,106.6683324518198,219.93760885927196,241.37395569131257,296.12757283480653,0.0,47.424815740820044,0.07098620869112672,1260,9
coarse_100m,100.0,800.0,300.0,854.4003745317531,1.0,1.0,0.0,1.0,0.22021857923497268,0.22021857923497268,1.0,0.23333333333333334,0.23333333333333334,69.91253213708404,91.02127037776557,183.2715289021912,201.68733944231786,246.47347413591572,0.0,44.411446972575725,0.08108248763986468,1260,9
coarse_100m,100.0,900.0,300.0,948.6832980505138,1.0,1.0,0.0,1.0,0.18022378350247203,0.18022378350247203,1.0,0.16428571428571428,0.16428571428571428,65.48172084874015,79.74428675117548,150.39202175604112,166.2771495462415,202.20258055984962,0.0,41.80121566014803,0.09216757741347906,1260,9
coarse_100m,100.0,1000.0,300.0,1044.030650891055,0.9994535519125683,1.0,0.0,0.9994535519125683,0.11985428051001822,0.11985428051001822,0.9833333333333333,0.09682539682539683,0.09682539682539683,64.20430883959169,72.96558630382029,122.05481323586321,135.310996617671,163.1442779263187,0.0,39.732829861752734,0.10236794171220401,1260,9
coarse_100m,100.0,1100.0,300.0,1140.175425099138,0.9918032786885246,1.0,0.0,0.9918032786885246,0.01454592766068176,0.01454592766068176,0.9166666666666666,0.010317460317460317,0.010317460317460317,64.12179884538645,70.36241076835906,108.96611378678013,118.1157726403209,141.0889870509792,0.0,38.182148397477604,0.11256830601092896,1260,9
coarse_100m,100.0,1200.0,300.0,1236.9316876852981,0.9754098360655737,1.0,0.0,0.9754098360655737,0.0,0.0,0.85,0.0,0.0,64.60195461610492,71.56383640067672,110.06391291865846,127.57631623155936,153.9411363673862,0.0,37.357167600055284,0.12276867030965391,1260,9
coarse_100m,100.0,1300.0,300.0,1334.1664064126335,0.9502732240437158,1.0,0.0,0.9502732240437158,0.0,0.0,0.7833333333333333,0.0,0.0,65.5135631808698,76.45481320862673,127.22459736291799,143.88305986708502,167.00313093661228,0.0,37.70233596553017,0.13296903460837886,1260,9
coarse_100m,100.0,1400.0,300.0,1431.7821063276353,0.9163934426229509,1.0,0.0,0.9163934426229509,0.0,0.0,0.7166666666666667,0.0,0.0,70.36322516459887,84.95191173268084,143.68360444415381,158.9310495589373,180.26669906149726,0.0,39.93689651182139,0.1431693989071038,1260,9
coarse_100m,100.0,1500.0,300.0,1529.7058540778355,0.8737704918032787,0.9994535519125683,0.0,0.8737704918032787,0.0,0.0,0.65,0.0,0.0,85.9813359664334,96.97134859674419,159.88451515908173,174.06370581434032,193.72649208620808,0.0,45.08122972362917,0.08464741087691907,1260,9
coarse_100m,100.0,1600.0,300.0,1627.8820596099706,0.8224043715846995,0.9918032786885246,0.0,0.8224043715846995,0.0,0.0,0.5833333333333334,0.0,0.0,103.52938765796294,112.04087171661048,175.8420096721718,188.30654003134092,207.37925302471987,0.0,51.94031693498816,0.0,1260,9
coarse_100m,100.0,1700.0,300.0,1726.2676501632068,0.7615144418423107,0.9754098360655737,0.0,0.7615144418423107,0.0,0.0,0.5158730158730159,0.0,0.0,122.60825963465325,129.11505310391132,191.3551324632666,202.24325880916717,221.22325986578744,0.0,57.19788176574101,0.0,1260,9
coarse_100m,100.0,1800.0,300.0,1824.8287590894658,0.6916731720010408,0.9502732240437158,0.0,0.6916731720010408,0.0,0.0,0.44841269841269843,0.0,0.0,143.30661987865034,147.93525549508485,206.39845255948404,216.68455415543983,235.2579443956756,0.0,61.13849960032914,0.0,1260,9
coarse_100m,100.0,1900.0,300.0,1923.5384061671346,0.6128805620608899,0.9163934426229509,0.0,0.6128805620608899,0.0,0.0,0.38095238095238093,0.0,0.0,164.45926257638467,168.27372529158757,221.59279879339476,231.08268080841378,249.48362598821976,0.0,64.11903121101176,0.0,1260,9
coarse_100m,100.0,2000.0,300.0,2022.3748416156684,0.5497788186312776,0.8737704918032787,0.0,0.5497788186312776,0.0,0.0,0.33174603174603173,0.0,0.0,190.0376201060291,192.7999125535866,243.03629616506825,251.1090434539323,270.32191263915894,0.0,66.70509803436661,0.0,1260,9
coarse_100m,100.0,2100.0,300.0,2121.3203435596424,0.5065573770491804,0.8224043715846995,0.0,0.5065573770491804,0.0,0.0,0.3,0.0,0.0,219.63831882302483,222.08988038214065,270.22114701164685,278.8593516160912,298.89420716662147,0.0,69.00157661390108,0.0,1260,9
coarse_100m,100.0,2200.0,300.0,2220.3603311174516,0.45901639344262296,0.7622950819672131,0.0,0.45901639344262296,0.0,0.0,0.26666666666666666,0.0,0.0,251.39940815288773,253.44314866651226,299.4677060772421,308.67172258835654,329.1817956579393,0.0,70.85768435016068,0.0,1260,9
coarse_100m,100.0,2300.0,300.0,2319.4827009486403,0.4092896174863388,0.6934426229508197,0.0,0.4092896174863388,0.0,0.0,0.23333333333333334,0.0,0.0,285.86409128972406,287.0237012733769,330.9290258002003,340.76299445173396,361.21940407961904,0.0,72.3977822292347,0.0,1260,9
coarse_100m,100.0,2400.0,300.0,2418.677324489565,0.35737704918032787,0.6158469945355192,0.0,0.35737704918032787,0.0,0.0,0.2,0.0,0.0,322.14867127014116,322.8235983657989,364.2215436723299,375.0192448108274,395.04266115337543,0.0,73.69658899345939,0.0,1260,9
coarse_100m,100.0,2500.0,300.0,2517.935662402834,0.30327868852459017,0.5295081967213114,0.0,0.30327868852459017,0.0,0.0,0.16666666666666666,0.0,0.0,360.429007093726,360.8450437652386,400.8731882147343,410.38928465508513,430.6881380756106,0.0,74.80722967808494,0.0,1260,9
coarse_100m,100.0,2600.0,300.0,2617.25046566048,0.24699453551912567,0.4344262295081967,0.0,0.24699453551912567,0.0,0.0,0.13333333333333333,0.0,0.0,400.50198968357347,401.09714537449474,439.9187323358611,450.6120592922016,468.19338749394836,0.0,75.76836593452084,0.0,1260,9
coarse_100m,100.0,2700.0,300.0,2716.615541441225,0.1885245901639344,0.33060109289617484,0.0,0.1885245901639344,0.0,0.0,0.1,0.0,0.0,443.3554742458339,443.59392483748553,480.5369831102009,489.7015718836594,507.59698237856264,0.0,76.60874869673248,0.0,1260,9
coarse_100m,100.0,2800.0,300.0,2816.0255680657447,0.12786885245901639,0.2180327868852459,0.0,0.12786885245901639,0.0,0.0,0.06666666666666667,0.0,0.0,486.6214422830153,488.3530587573056,528.7142922408467,534.1131564585967,548.9385552584381,0.0,77.35018157448582,0.0,1260,9
coarse_100m,100.0,2900.0,300.0,2915.4759474226503,0.06502732240437159,0.09672131147540984,0.0,0.06502732240437159,0.0,0.0,0.03333333333333333,0.0,0.0,533.619527949117,535.3950605458699,576.3485954104497,582.2114505692729,592.2588381792115,0.0,78.00949258651312,0.0,1260,9
coarse_100m,100.0,3000.0,300.0,3014.962686336267,0.0,0.0,0.0,0.0,0.0,0.0,0.0,0.0,0.0,nan,nan,nan,nan,nan,nan,nan,0.0,1260,9
coarse_100m,100.0,-1500.0,400.0,1552.4174696260025,0.0,0.0,0.0,0.0,0.0,0.0,0.0,0.0,0.0,nan,nan,nan,nan,nan,nan,nan,0.0,1260,9
coarse_100m,100.0,-1400.0,400.0,1456.0219778561036,0.0,0.000546448087431694,0.0,0.0,0.0,0.0,0.0,0.0,0.0,nan,nan,nan,nan,nan,nan,nan,0.0,1260,9
coarse_100m,100.0,-1300.0,400.0,1360.1470508735442,0.0,0.00819672131147541,0.0,0.0,0.0,0.0,0.0,0.0,0.0,nan,nan,nan,nan,nan,nan,nan,0.0,1260,9
coarse_100m,100.0,-1200.0,400.0,1264.9110640673518,0.0,0.02459016393442623,0.0,0.0,0.0,0.0,0.0,0.0,0.0,nan,nan,nan,nan,nan,nan,nan,0.0,1260,9
coarse_100m,100.0,-1100.0,400.0,1170.4699910719626,0.0,0.04972677595628415,0.0,0.0,0.0,0.0,0.0,0.0,0.0,nan,nan,nan,nan,nan,nan,nan,0.0,1260,9
coarse_100m,100.0,-1000.0,400.0,1077.0329614269008,0.0,0.08360655737704918,0.0,0.0,0.0,0.0,0.0,0.0,0.0,nan,nan,nan,nan,nan,nan,nan,0.0,1260,9
coarse_100m,100.0,-900.0,400.0,984.8857801796105,0.0,0.12622950819672132,0.0,0.0,0.0,0.0,0.0,0.0,0.0,nan,nan,nan,nan,nan,nan,nan,0.0,1260,9
coarse_100m,100.0,-800.0,400.0,894.4271909999159,0.00546448087431694,0.17759562841530055,0.0,0.00546448087431694,0.0,0.0,0.06666666666666667,0.0,0.0,97.70293420336333,97.60837535952253,105.05773889340152,105.39715187686335,105.62382089854732,0.0,65.41790619387838,0.0,1260,9
coarse_100m,100.0,-700.0,400.0,806.2257748298549,0.019672131147540985,0.23770491803278687,0.0,0.019672131147540985,0.0,0.0,0.13333333333333333,0.0,0.0,98.71719033063434,96.99057003982686,113.23609759183749,114.41115678816601,115.36037443255226,0.0,64.51654841881758,0.0,1260,9
coarse_100m,100.0,-600.0,400.0,721.1102550927978,0.04262295081967213,0.30655737704918035,0.0,0.04262295081967213,0.0,0.0,0.2,0.0,0.0,98.94658797622428,96.5144571428011,120.50534858824057,123.04061662266513,125.26485750713415,0.0,63.51458956153296,0.0,1260,9
coarse_100m,100.0,-500.0,400.0,640.3124237432849,0.07431693989071038,0.3851418162893573,0.0,0.07431693989071038,0.0,0.0,0.26666666666666666,0.0,0.0,98.8267465626703,96.17194824099099,126.9237280043205,131.2233159829928,135.32212982254663,0.0,62.39236636057429,0.0,1260,9
coarse_100m,100.0,-400.0,400.0,565.685424949238,0.11475409836065574,0.4726775956284153,0.0,0.11475409836065574,0.003278688524590164,0.003278688524590164,0.3333333333333333,0.05,0.05,98.03116449773604,95.95688228782372,134.38717457421257,138.27269480141356,145.5213240895723,0.0,61.125353210089514,0.0,1260,9
coarse_100m,100.0,-300.0,400.0,500.0,0.16393442622950818,0.5691647150663545,0.0,0.16393442622950818,0.009133489461358314,0.009133489461358314,0.4,0.0880952380952381,0.0880952380952381,98.19434291475976,95.86507364891497,141.50128677294424,146.06804987123382,155.8545905062068,0.0,59.683539536092866,0.0,1260,9
coarse_100m,100.0,-200.0,400.0,447.21359549995793,0.22185792349726777,0.6733021077283372,0.0,0.22185792349726777,0.019672131147540985,0.019672131147540985,0.4666666666666667,0.13333333333333333,0.13333333333333333,97.49540515602591,95.89443564123468,147.91696312174255,154.51674799373106,166.3162557867825,0.0,58.03204230878134,0.0,1260,9
coarse_100m,100.0,-100.0,400.0,412.31056256176606,0.28852459016393445,0.7875878220140515,0.0,0.28852459016393445,0.036065573770491806,0.036065573770491806,0.5333333333333333,0.18333333333333332,0.18333333333333332,96.76293081238497,96.0450894666721,154.7203792581475,162.74137466281752,176.9022478924769,0.0,56.13488278216013,0.0,1260,9
coarse_100m,100.0,0.0,400.0,400.0,0.3639344262295082,0.9093156388238356,0.0,0.3639344262295082,0.05737704918032787,0.05737704918032787,0.6,0.23333333333333334,0.23333333333333334,95.2454979354849,96.31928070923979,161.8567109101369,170.20481941661336,187.60969477944803,0.0,53.96418572938649,0.00195160031225605,1260,9
coarse_100m,100.0,100.0,400.0,412.31056256176606,1.0,1.0,0.0,1.0,0.07788186312776477,0.07788186312776477,1.0,0.26031746031746034,0.26031746031746034,209.0969700317014,215.3441423914288,389.3718953445038,420.6076494957366,494.22512484451215,0.0,62.320171379790075,0.011761644548529794,1260,9
coarse_100m,100.0,200.0,400.0,447.21359549995793,1.0,1.0,0.0,1.0,0.10205568566224305,0.10205568566224305,1.0,0.30396825396825394,0.30396825396825394,179.27738832606866,187.02294963702366,346.0413080676679,373.0436793913827,438.17334473808785,0.0,58.95889080841488,0.023367161072079104,1260,9
coarse_100m,100.0,300.0,400.0,500.0,1.0,1.0,0.0,1.0,0.13169398907103824,0.13169398907103824,1.0,0.35,0.35,152.90325628100234,161.5492966669059,304.5553365991618,328.6601399395127,386.3375877624621,0.0,55.35123289063681,0.0351288056206089,1260,9
coarse_100m,100.0,400.0,400.0,565.685424949238,1.0,1.0,0.0,1.0,0.16885245901639345,0.16885245901639345,1.0,0.4,0.4,129.19373641996754,138.9036911592486,266.38644804919255,288.3438440879599,338.52901438450294,0.0,51.62389220597829,0.046890450169138696,1260,9
coarse_100m,100.0,500.0,400.0,640.3124237432849,1.0,1.0,0.0,1.0,0.2087431693989071,0.2087431693989071,1.0,0.44761904761904764,0.44761904761904764,108.11256775653045,119.09458371075446,231.96819990524864,250.26516734708315,294.5783568302549,0.0,47.89264686898589,0.058053603955243296,1260,9
coarse_100m,100.0,600.0,400.0,721.1102550927978,1.0,1.0,0.0,1.0,0.24077543585740308,0.24077543585740308,1.0,0.41984126984126985,0.41984126984126985,89.16609374622288,102.15706468092563,200.69925768113671,216.88732457321663,254.33755902769016,0.0,44.267953948074826,0.0697111631537861,1260,9
coarse_100m,100.0,700.0,400.0,806.2257748298549,1.0,1.0,0.0,1.0,0.24863387978142076,0.24863387978142076,1.0,0.3333333333333333,0.3333333333333333,72.9544734776152,88.15116683339586,171.7621113306567,186.22743012190418,217.68298213852037,0.0,40.86194311336671,0.08121259432734843,1260,9
coarse_100m,100.0,800.0,400.0,894.4271909999159,1.0,1.0,0.0,1.0,0.24262295081967214,0.24262295081967214,1.0,0.26666666666666666,0.26666666666666666,61.93281882835562,77.16144483981026,145.63858929290774,158.34483858492413,184.5210518358998,0.0,37.79621551332315,0.09195940671350507,1260,9
coarse_100m,100.0,900.0,400.0,984.8857801796105,1.0,1.0,0.0,1.0,0.1899297423887588,0.1899297423887588,1.0,0.17936507936507937,0.17936507936507937,58.49853286440463,69.29231762720643,122.17186469253483,133.7217828351661,154.7977370232859,0.0,35.210872576335966,0.10351288056206089,1260,9
coarse_100m,100.0,1000.0,400.0,1077.0329614269008,0.9967213114754099,1.0,0.0,0.9967213114754099,0.12349726775956284,0.12349726775956284,0.95,0.1,0.1,57.96251830155195,64.56016792976813,101.99334781812384,112.01659094574632,128.51382853507587,0.0,33.16471830521512,0.1150663544106167,1260,9
coarse_100m,100.0,1100.0,400.0,1170.4699910719626,0.9846994535519126,1.0,0.0,0.9846994535519126,0.0,0.0,0.8833333333333333,0.0,0.0,58.34998509151263,62.66491632690143,90.96370768357909,96.81156993322213,105.74782698879557,0.0,31.65232280187036,0.12661982825917253,1260,9
coarse_100m,100.0,1200.0,400.0,1264.9110640673518,0.9639344262295082,1.0,0.0,0.9639344262295082,0.0,0.0,0.8166666666666667,0.0,0.0,59.22359000720832,63.43703503836126,86.70215583498666,98.26138338075097,114.47618115597831,0.0,30.91750659914029,0.13817330210772832,1260,9
coarse_100m,100.0,1300.0,400.0,1360.1470508735442,0.9344262295081968,1.0,0.0,0.9344262295081968,0.0,0.0,0.75,0.0,0.0,60.33041629186866,66.77320329756967,98.10290464253518,109.01001328108882,123.57834595500434,0.0,31.340982840612146,0.14972677595628414,1260,9
coarse_100m,100.0,1400.0,400.0,1456.0219778561036,0.8961748633879781,1.0,0.0,0.8961748633879781,0.0,0.0,0.6833333333333333,0.0,0.0,62.52623547003948,72.62230027576476,109.8962049162606,119.82802712173107,132.81161589383416,0.0,33.47836235095441,0.16265938069216757,1260,9
coarse_100m,100.0,1500.0,400.0,1552.4174696260025,0.8491803278688524,0.9983606557377049,0.0,0.8491803278688524,0.0,0.0,0.6166666666666667,0.0,0.0,73.45305844572414,80.9854624093668,121.02587645873086,130.27501018885587,142.1669359839388,0.0,38.07077183125438,0.10710382513661203,1260,9
coarse_100m,100.0,1600.0,400.0,1649.2422502470642,0.7934426229508197,0.9885245901639345,0.0,0.7934426229508197,0.0,0.0,0.55,0.0,0.0,85.58114409978414,91.56729217733707,132.28650757742733,140.52752289048402,151.63760419780422,0.0,44.18293826650683,0.0,1260,9
coarse_100m,100.0,1700.0,400.0,1746.424919657298,0.7289617486338797,0.9699453551912568,0.0,0.7289617486338797,0.0,0.0,0.48333333333333334,0.0,0.0,99.10692633691895,103.58270724454509,143.13022794548237,150.57105700465328,161.2186511724422,0.0,49.24589127731014,0.0,1260,9
coarse_100m,100.0,1800.0,400.0,1843.9088914585775,0.6557377049180327,0.9426229508196722,0.0,0.6557377049180327,0.0,0.0,0.4166666666666667,0.0,0.0,113.38901822914063,116.87843002976577,154.2577972634254,160.42881920091392,170.90640547943707,0.0,53.33241395606525,0.0,1260,9
coarse_100m,100.0,1900.0,400.0,1941.6487838947598,0.5737704918032787,0.9065573770491804,0.0,0.5737704918032787,0.0,0.0,0.35,0.0,0.0,128.93707483800773,131.3242936572067,165.12350799187132,170.45929182720693,180.69818373391828,0.0,56.61411904320649,0.0,1260,9
coarse_100m,100.0,2000.0,400.0,2039.607805437114,0.5295081967213114,0.8617486338797814,0.0,0.5295081967213114,0.0,0.0,0.31666666666666665,0.0,0.0,148.67762567586925,150.54127011953295,183.87644693999405,189.0820377279773,199.66971634828306,0.0,59.93556738535699,0.0,1260,9
coarse_100m,100.0,2100.0,400.0,2137.755832643195,0.4830601092896175,0.8081967213114755,0.0,0.4830601092896175,0.0,0.0,0.2833333333333333,0.0,0.0,170.01611023609027,171.46470924007465,203.346824616956,209.04490949356756,219.7825709094155,0.0,62.66641578775175,0.0,1260,9
coarse_100m,100.0,2200.0,400.0,2236.06797749979,0.4344262295081967,0.7459016393442623,0.0,0.4344262295081967,0.0,0.0,0.25,0.0,0.0,192.53082319030685,194.0434623936034,224.0267759841254,229.7711522295305,241.05371762750417,0.0,64.94106034887055,0.0,1260,9
coarse_100m,100.0,2300.0,400.0,2334.5235059857505,0.3836065573770492,0.674863387978142,0.0,0.3836065573770492,0.0,0.0,0.21666666666666667,0.0,0.0,217.41577356899364,218.24430928275493,246.11292291634456,251.69721285927136,263.5003549057436,0.0,66.86040105372167,0.0,1260,9
coarse_100m,100.0,2400.0,400.0,2433.105012119288,0.33060109289617484,0.5960707780379911,0.0,0.33060109289617484,0.0,0.0,0.18333333333333332,0.0,0.0,243.34355429212377,244.04663473774752,269.6765930208948,275.83483450405345,287.1399393001197,0.0,68.49963279992797,0.0,1260,9
coarse_100m,100.0,2500.0,400.0,2531.7977802344326,0.2754098360655738,0.5087431693989071,0.0,0.2754098360655738,0.0,0.0,0.15,0.0,0.0,271.2554726080025,271.438653735941,294.89901741544753,300.700001463156,311.99021010459853,0.0,69.9150746524718,0.0,1260,9
coarse_100m,100.0,2600.0,400.0,2630.589287593181,0.2180327868852459,0.41168358053603954,0.0,0.2180327868852459,0.0,0.0,0.11666666666666667,0.0,0.0,300.3213128031801,300.4148422732269,322.3246046364123,328.02403135338045,338.0692100675487,0.0,71.14935250012329,0.0,1260,9
coarse_100m,100.0,2700.0,400.0,2729.468812791236,0.15846994535519127,0.30718188914910227,0.0,0.15846994535519127,0.0,0.0,0.08333333333333333,0.0,0.0,330.41075385886086,330.9742033708468,351.98465728289233,356.54925699302544,365.3953033279032,0.0,72.23513773196578,0.0,1260,9
coarse_100m,100.0,2800.0,400.0,2828.42712474619,0.09672131147540984,0.19414519906323185,0.0,0.09672131147540984,0.0,0.0,0.05,0.0,0.0,362.5698094888284,363.11908960275076,383.65713360770405,387.18616353569286,393.9871913620632,0.0,73.19780214674783,0.0,1260,9
coarse_100m,100.0,2900.0,400.0,2927.456233660889,0.03739266198282592,0.07106427270361697,0.0,0.03739266198282592,0.0,0.0,0.01904761904761905,0.0,0.0,398.73626657134554,400.69126101158224,425.0607045469089,427.9893257399415,430.96363569757153,0.0,74.30760647890418,0.0,1260,9
coarse_100m,100.0,3000.0,400.0,3026.5491900843112,0.0,0.0,0.0,0.0,0.0,0.0,0.0,0.0,0.0,nan,nan,nan,nan,nan,nan,nan,0.0,1260,9
coarse_100m,100.0,-1500.0,500.0,1581.1388300841897,0.0,0.0,0.0,0.0,0.0,0.0,0.0,0.0,0.0,nan,nan,nan,nan,nan,nan,nan,0.0,1260,9
coarse_100m,100.0,-1400.0,500.0,1486.6068747318504,0.0,0.0,0.0,0.0,0.0,0.0,0.0,0.0,0.0,nan,nan,nan,nan,nan,nan,nan,0.0,1260,9
coarse_100m,100.0,-1300.0,500.0,1392.838827718412,0.0,0.00546448087431694,0.0,0.0,0.0,0.0,0.0,0.0,0.0,nan,nan,nan,nan,nan,nan,nan,0.0,1260,9
coarse_100m,100.0,-1200.0,500.0,1300.0,0.0,0.019672131147540985,0.0,0.0,0.0,0.0,0.0,0.0,0.0,nan,nan,nan,nan,nan,nan,nan,0.0,1260,9
coarse_100m,100.0,-1100.0,500.0,1208.3045973594571,0.0,0.04262295081967213,0.0,0.0,0.0,0.0,0.0,0.0,0.0,nan,nan,nan,nan,nan,nan,nan,0.0,1260,9
coarse_100m,100.0,-1000.0,500.0,1118.033988749895,0.0,0.07431693989071038,0.0,0.0,0.0,0.0,0.0,0.0,0.0,nan,nan,nan,nan,nan,nan,nan,0.0,1260,9
coarse_100m,100.0,-900.0,500.0,1029.5630140987,0.0,0.11475409836065574,0.0,0.0,0.0,0.0,0.0,0.0,0.0,nan,nan,nan,nan,nan,nan,nan,0.0,1260,9
coarse_100m,100.0,-800.0,500.0,943.3981132056604,0.001639344262295082,0.16393442622950818,0.0,0.001639344262295082,0.0,0.0,0.03333333333333333,0.0,0.0,77.62052946582615,76.0915640439619,77.98737205578585,78.04832310387937,78.07877743474043,0.0,59.283438730369326,0.0,1260,9
coarse_100m,100.0,-700.0,500.0,860.2325267042627,0.011475409836065573,0.22185792349726777,0.0,0.011475409836065573,0.0,0.0,0.1,0.0,0.0,78.32568217004722,75.7673420412102,84.46423072463637,84.84769238081546,85.13599866134966,0.0,58.22057252195167,0.0,1260,9
coarse_100m,100.0,-600.0,500.0,781.0249675906655,0.030054644808743168,0.28852459016393445,0.0,0.030054644808743168,0.0,0.0,0.16666666666666666,0.0,0.0,75.7799213057986,75.5644185173029,90.52396388905947,91.51860729817915,92.35587887309167,0.0,57.05251724170119,0.0,1260,9
coarse_100m,100.0,-500.0,500.0,707.1067811865476,0.05737704918032787,0.3639344262295082,0.0,0.05737704918032787,0.000546448087431694,0.000546448087431694,0.23333333333333334,0.016666666666666666,0.016666666666666666,76.56345494657508,75.47638277050977,96.09931832276547,98.00770942826007,99.71465913112348,0.0,55.762800552561075,0.0,1260,9
coarse_100m,100.0,-400.0,500.0,640.3124237432849,0.09344262295081968,0.44808743169398907,0.0,0.09344262295081968,0.003278688524590164,0.003278688524590164,0.3,0.05,0.05,77.13636798316209,75.49877731915466,101.14689324592067,104.27267309462775,107.19474473939228,0.0,54.33254313533465,0.0,1260,9
coarse_100m,100.0,-300.0,500.0,583.09518948453,0.13825136612021857,0.5409836065573771,0.0,0.13825136612021857,0.011475409836065573,0.011475409836065573,0.36666666666666664,0.1,0.1,77.24273163106652,75.62895484993388,106.83404553280857,109.88320575152669,114.78293940944377,0.0,52.74109330709433,0.0,1260,9
coarse_100m,100.0,-200.0,500.0,538.5164807134504,0.1918032786885246,0.6426229508196721,0.0,0.1918032786885246,0.02459016393442623,0.02459016393442623,0.43333333333333335,0.15,0.15,77.05848442249965,75.86596974354418,112.5773731542384,115.76909967110944,122.46923376864335,0.0,50.96785204871254,0.0,1260,9
coarse_100m,100.0,-100.0,500.0,509.9019513592785,0.2540983606557377,0.7530054644808744,0.0,0.2540983606557377,0.03856362217017955,0.03856362217017955,0.5,0.18968253968253967,0.18968253968253967,76.86448569147645,76.21042799837511,117.3627881467997,122.1930452472456,130.2459630291636,0.0,48.99592337076187,0.0,1260,9
coarse_100m,100.0,0.0,500.0,500.0,0.3251366120218579,0.8721311475409836,0.0,0.3251366120218579,0.05737704918032787,0.05737704918032787,0.5666666666666667,0.23333333333333334,0.23333333333333334,76.74033418890099,76.66420716324208,122.74025571656117,128.46521319077794,138.10721292413746,0.0,46.817582589392906,0.003278688524590164,1260,9
coarse_100m,100.0,100.0,500.0,509.9019513592785,0.6632058287795993,1.0,0.0,0.6632058287795993,0.07978142076502732,0.07978142076502732,0.7746031746031746,0.25,0.25,117.32391232755207,164.91047869135778,324.2501100018822,342.2733727656447,380.4267891202319,0.0,54.00181600100989,0.015300546448087432,1260,9
coarse_100m,100.0,200.0,500.0,538.5164807134504,1.0,1.0,0.0,1.0,0.10395524329950559,0.10395524329950559,1.0,0.29603174603174603,0.29603174603174603,150.27756680803557,154.75356682346563,278.56677059357327,296.39734753403656,339.8391652295351,0.0,54.016463977298784,0.030601092896174863,1260,9
coarse_100m,100.0,300.0,500.0,583.09518948453,1.0,1.0,0.0,1.0,0.12688004163414,0.12688004163414,1.0,0.3349206349206349,0.3349206349206349,129.86405972374868,135.2679601648389,247.16006847336638,263.87135566609675,302.0760102259818,0.0,50.32530098353047,0.04590163934426229,1260,9
coarse_100m,100.0,400.0,500.0,640.3124237432849,1.0,1.0,0.0,1.0,0.16065573770491803,0.16065573770491803,1.0,0.38333333333333336,0.38333333333333336,111.3113418178318,117.90280443800616,218.80190875297592,233.7216658422774,267.0524459286854,0.0,46.533902339030824,0.06120218579234973,1260,9
coarse_100m,100.0,500.0,500.0,707.1067811865476,1.0,1.0,0.0,1.0,0.19763205828779598,0.19763205828779598,1.0,0.4301587301587302,0.4301587301587302,94.66410063858045,102.68855023566536,192.24304136460316,205.77632458476083,234.6947459861784,0.0,42.75990703251125,0.07650273224043716,1260,9
coarse_100m,100.0,600.0,500.0,781.0249675906655,1.0,1.0,0.0,1.0,0.22513661202185792,0.22513661202185792,1.0,0.4166666666666667,0.4166666666666667,80.0231355455702,89.6723834881508,167.57605721949443,179.65567736271547,204.9423175537615,0.0,39.11976009306156,0.09180327868852459,1260,9
coarse_100m,100.0,700.0,500.0,860.2325267042627,1.0,1.0,0.0,1.0,0.24329950559458757,0.24329950559458757,1.0,0.3412698412698413,0.3412698412698413,68.00158217114921,78.91622076916808,145.9119878264799,156.64927792231018,177.75068028360718,0.0,35.73347458686545,0.10710382513661203,1260,9
coarse_100m,100.0,800.0,500.0,943.3981132056604,1.0,1.0,0.0,1.0,0.21639344262295082,0.21639344262295082,1.0,0.25,0.25,58.576137177163275,70.49436145866167,125.59782962793116,135.6413702272057,153.0958025246789,0.0,32.730427521167805,0.12240437158469945,1260,9
coarse_100m,100.0,900.0,500.0,1029.5630140987,0.9994535519125683,1.0,0.0,0.9994535519125683,0.17431693989071037,0.17431693989071037,0.9833333333333333,0.16666666666666666,0.16666666666666666,55.77702373576009,64.48917709900073,107.77635895559523,116.58076350838999,130.98011626392815,0.0,30.239603751998665,0.1377049180327869,1260,9
coarse_100m,100.0,1000.0,500.0,1118.033988749895,0.9918032786885246,1.0,0.0,0.9918032786885246,0.060655737704918035,0.060655737704918035,0.9166666666666666,0.05,0.05,54.934619187561566,60.82297175625925,92.66646438547713,100.33751429671761,111.44007734230203,0.0,28.208967773367082,0.1539422326307572,1260,9
coarse_100m,100.0,1100.0,500.0,1208.3045973594571,0.9754098360655737,1.0,0.0,0.9754098360655737,0.0,0.0,0.85,0.0,0.0,55.712690404350916,59.29887642884968,81.60849743148106,86.19581085613713,94.55346358540787,0.0,26.73221543730881,0.16934686442883165,1260,9
coarse_100m,100.0,1200.0,500.0,1300.0,0.9502732240437158,1.0,0.0,0.9502732240437158,0.0,0.0,0.7833333333333333,0.0,0.0,56.68270884452129,59.78937675434356,77.4154806419586,82.29000379192102,93.12142165643283,0.0,26.025216405747262,0.18475149622690606,1260,9
coarse_100m,100.0,1300.0,500.0,1392.838827718412,0.9163934426229509,1.0,0.0,0.9163934426229509,0.0,0.0,0.7166666666666667,0.0,0.0,58.77461304747547,62.222889298428896,82.83684687428645,90.6318743810523,100.0486596001515,0.0,26.406656697523992,0.20015612802498048,1260,9
coarse_100m,100.0,1400.0,500.0,1486.6068747318504,0.8737704918032787,1.0,0.0,0.8737704918032787,0.0,0.0,0.65,0.0,0.0,60.39755528601399,66.58279976698816,91.66493702179413,98.53473624587856,107.08218446861763,0.0,28.323013926346192,0.21691386937288576,1260,9
coarse_100m,100.0,1500.0,500.0,1581.1388300841897,0.8224043715846995,0.9967213114754099,0.0,0.8224043715846995,0.0,0.0,0.5833333333333334,0.0,0.0,67.48248446099679,72.92443903369919,100.31041207175164,106.35032980256213,114.21110265068312,0.0,32.372400819511505,0.1307832422586521,1260,9
coarse_100m,100.0,1600.0,500.0,1676.305461424021,0.7622950819672131,0.9846994535519126,0.0,0.7622950819672131,0.0,0.0,0.5166666666666667,0.0,0.0,76.89178135246833,81.04004927249076,108.67500499892115,114.29007573873201,121.42701581584359,0.0,37.804651756962606,0.00312256049960968,1260,9
coarse_100m,100.0,1700.0,500.0,1772.004514666935,0.6934426229508197,0.9639344262295082,0.0,0.6934426229508197,0.0,0.0,0.45,0.0,0.0,87.12012101676771,90.20686163047743,117.06235898064159,122.02730912783832,128.7233944379611,0.0,42.513234114251055,0.0,1260,9
coarse_100m,100.0,1800.0,500.0,1868.1541692269404,0.6168097840228988,0.9344262295081968,0.0,0.6168097840228988,0.0,0.0,0.38412698412698415,0.0,0.0,98.02125709785282,100.40168264202516,125.63026491714145,129.87797651360944,139.15890638031033,0.0,46.52687789796091,0.0,1260,9
coarse_100m,100.0,1900.0,500.0,1964.68827043885,0.5519125683060109,0.8961748633879781,0.0,0.5519125683060109,0.0,0.0,0.3333333333333333,0.0,0.0,110.9795124251108,112.6423664998202,136.62573994563041,140.23797042394585,146.775024539692,0.0,50.27475880516397,0.0,1260,9
coarse_100m,100.0,2000.0,500.0,2061.5528128088304,0.5065573770491804,0.8491803278688524,0.0,0.5065573770491804,0.0,0.0,0.3,0.0,0.0,126.19295587405591,127.47780563939098,151.01141432777956,154.46140795159226,161.34712831403886,0.0,53.84010219019564,0.0,1260,9
coarse_100m,100.0,2100.0,500.0,2158.7033144922902,0.45901639344262296,0.7934426229508197,0.0,0.45901639344262296,0.0,0.0,0.26666666666666666,0.0,0.0,142.46065466999028,143.66845407621952,166.15928488931962,169.57202434048142,176.7787134484446,0.0,56.857712546033596,0.0,1260,9
coarse_100m,100.0,2200.0,500.0,2256.1028345356954,0.4092896174863388,0.7289617486338797,0.0,0.4092896174863388,0.0,0.0,0.23333333333333334,0.0,0.0,160.27728109842133,161.17269691727478,181.920426205296,185.73729138932262,193.08035246764925,0.0,59.42858312947742,0.0,1260,9
coarse_100m,100.0,2300.0,500.0,2353.720459187964,0.3586260733801717,0.6557377049180327,0.0,0.3586260733801717,0.0,0.0,0.2007936507936508,0.0,0.0,179.62718675312215,180.07953657646226,199.66139218221778,203.15222824063588,214.3811916008268,0.0,61.65665198159129,0.0,1260,9
coarse_100m,100.0,2400.0,500.0,2451.5301344262525,0.3110850897736144,0.5737704918032787,0.0,0.3110850897736144,0.0,0.0,0.17142857142857143,0.0,0.0,200.0001241405171,200.76790377395864,219.30515220067454,224.01333066933105,232.67218716718813,0.0,63.65835184855734,0.0,1260,9
coarse_100m,100.0,2500.0,500.0,2549.5097567963926,0.2618787405672652,0.4830601092896175,0.0,0.2618787405672652,0.0,0.0,0.14206349206349206,0.0,0.0,222.10828481975312,222.7373302812204,240.98286303270874,245.15376284176588,251.86598110116103,0.0,65.39476935538858,0.0,1260,9
coarse_100m,100.0,2600.0,500.0,2647.6404589747453,0.20960187353629978,0.3836065573770492,0.0,0.20960187353629978,0.0,0.0,0.11190476190476191,0.0,0.0,245.03447312023133,245.82632979023197,262.3463227222415,265.91419454170693,271.9733501364107,0.0,66.89585574277912,0.0,1260,9
coarse_100m,100.0,2700.0,500.0,2745.906043549196,0.1540983606557377,0.2754098360655738,0.0,0.1540983606557377,0.0,0.0,0.08095238095238096,0.0,0.0,270.00289280812257,270.0006967144204,283.8660000050409,287.48953447898543,293.0051686849975,0.0,68.20211959284265,0.0,1260,9
coarse_100m,100.0,2800.0,500.0,2844.2925306655784,0.09672131147540984,0.15846994535519127,0.0,0.09672131147540984,0.0,0.0,0.05,0.0,0.0,294.8374072682154,295.0970071795017,308.17946357877474,310.28443636507046,314.97242412319906,0.0,69.3210836801918,0.0,1260,9
coarse_100m,100.0,2900.0,500.0,2942.7877939124323,0.03278688524590164,0.03278688524590164,0.0,0.03278688524590164,0.0,0.0,0.016666666666666666,0.0,0.0,321.09417118002665,321.4474916628628,334.3575394893343,336.1106899747609,337.88622962670274,0.0,70.34932437915593,0.0,1260,9
coarse_100m,100.0,3000.0,500.0,3041.38126514911,0.0,0.0,0.0,0.0,0.0,0.0,0.0,0.0,0.0,nan,nan,nan,nan,nan,nan,nan,0.0,1260,9
coarse_100m,100.0,-1500.0,600.0,1615.5494421403512,0.0,0.0,0.0,0.0,0.0,0.0,0.0,0.0,0.0,nan,nan,nan,nan,nan,nan,nan,0.0,1260,9
coarse_100m,100.0,-1400.0,600.0,1523.1546211727816,0.0,0.0,0.0,0.0,0.0,0.0,0.0,0.0,0.0,nan,nan,nan,nan,nan,nan,nan,0.0,1260,9
coarse_100m,100.0,-1300.0,600.0,1431.7821063276353,0.0,0.002185792349726776,0.0,0.0,0.0,0.0,0.0,0.0,0.0,nan,nan,nan,nan,nan,nan,nan,0.0,1260,9
coarse_100m,100.0,-1200.0,600.0,1341.640786499874,0.0,0.013114754098360656,0.0,0.0,0.0,0.0,0.0,0.0,0.0,nan,nan,nan,nan,nan,nan,nan,0.0,1260,9
coarse_100m,100.0,-1100.0,600.0,1252.9964086141667,0.0,0.03263075722092115,0.0,0.0,0.0,0.0,0.0,0.0,0.0,nan,nan,nan,nan,nan,nan,nan,0.0,1260,9
coarse_100m,100.0,-1000.0,600.0,1166.19037896906,0.0,0.06128024980483997,0.0,0.0,0.0,0.0,0.0,0.0,0.0,nan,nan,nan,nan,nan,nan,nan,0.0,1260,9
coarse_100m,100.0,-900.0,600.0,1081.6653826391969,0.0,0.09838667707520167,0.0,0.0,0.0,0.0,0.0,0.0,0.0,nan,nan,nan,nan,nan,nan,nan,0.0,1260,9
coarse_100m,100.0,-800.0,600.0,1000.0,0.0,0.14423627374447046,0.0,0.0,0.0,0.0,0.0,0.0,0.0,nan,nan,nan,nan,nan,nan,nan,0.0,1260,9
coarse_100m,100.0,-700.0,600.0,921.9544457292888,0.004423627374447047,0.19882903981264638,0.0,0.004423627374447047,0.0,0.0,0.05873015873015873,0.0,0.0,63.55006365474531,62.84878219874977,67.83857411932946,67.91414914343974,67.9896686400196,0.0,51.905171416014284,0.0,1260,9
coarse_100m,100.0,-600.0,600.0,848.5281374238571,0.0175904241478012,0.2621649752797294,0.0,0.0175904241478012,0.0,0.0,0.1253968253968254,0.0,0.0,64.23972723826064,62.61042476449287,72.90818930491872,73.22515451754575,73.54285121888374,0.0,50.638525713261885,0.0,1260,9
coarse_100m,100.0,-500.0,600.0,781.0249675906655,0.03950039032006245,0.3342440801457195,0.0,0.03950039032006245,0.000546448087431694,0.000546448087431694,0.19206349206349208,0.016666666666666666,0.016666666666666666,64.78389320987831,62.59094074420154,74.63149353596128,78.501856687359,79.24890998950214,0.0,49.23707520651988,0.0,1260,9
coarse_100m,100.0,-400.0,600.0,721.1102550927978,0.0701535258912308,0.4150663544106167,0.0,0.0701535258912308,0.003278688524590164,0.003278688524590164,0.25873015873015875,0.05,0.05,63.14586207986314,62.70682442762361,79.47274757023557,83.70270193264264,85.08352912313524,0.0,47.702495691694565,0.0,1260,9
coarse_100m,100.0,-300.0,600.0,670.820393249937,0.10954983086130628,0.504631798074421,0.0,0.10954983086130628,0.011475409836065573,0.011475409836065573,0.3253968253968254,0.1,0.1,63.716500031167556,62.939008930775266,84.15603890125743,88.79470574697741,91.02811962207367,0.0,46.025332587303296,0.0,1260,9
coarse_100m,100.0,-200.0,600.0,632.4555320336759,0.15768930523028885,0.6029404111371325,0.0,0.15768930523028885,0.02459016393442623,0.02459016393442623,0.39206349206349206,0.15,0.15,64.21895788981722,63.28050702626231,88.54028392264333,91.74088140742685,97.06833427491165,0.0,44.19640353099296,0.0,1260,9
coarse_100m,100.0,-100.0,600.0,608.276253029822,0.2145719489981785,0.709992193598751,0.0,0.2145719489981785,0.03762685402029664,0.03762685402029664,0.4587301587301587,0.1873015873015873,0.1873015873015873,64.46227373147934,63.7286164598257,92.60315650350687,97.01743038147339,103.19299389222314,0.0,42.210685554269034,0.0,1260,9
coarse_100m,100.0,0.0,600.0,600.0,0.2801977621649753,0.8257871454592766,0.0,0.2801977621649753,0.05737704918032787,0.05737704918032787,0.5253968253968254,0.23333333333333334,0.23333333333333334,64.71373380772069,64.28270148297683,97.40055210384496,101.78779023858735,109.3933083749554,0.0,40.07046714127248,0.004944054124381993,1260,9
coarse_100m,100.0,100.0,600.0,608.276253029822,0.3545667447306792,0.9503252667187093,0.0,0.3545667447306792,0.07978142076502732,0.07978142076502732,0.5920634920634921,0.25,0.25,64.15047086909948,64.94545477715012,101.96521258947291,106.69405976025705,115.66230790721075,0.0,37.86414418349141,0.018631277647671092,1260,9
coarse_100m,100.0,200.0,600.0,632.4555320336759,0.9820973198022378,1.0,0.0,0.9820973198022378,0.09771012230028624,0.09771012230028624,0.9865079365079366,0.2865079365079365,0.2865079365079365,134.35711511185656,135.82378232491513,237.529960006496,252.01529730083965,282.06654379971826,0.0,49.62649861132945,0.037262555295342184,1260,9
coarse_100m,100.0,300.0,600.0,670.820393249937,1.0,1.0,0.0,1.0,0.12568306010928962,0.12568306010928962,1.0,0.3333333333333333,0.3333333333333333,115.62972838499373,119.71306637840985,212.31111669952494,225.1843416786281,252.46830938797606,0.0,46.00384867144085,0.056310174342961226,1260,9
coarse_100m,100.0,400.0,600.0,721.1102550927978,1.0,1.0,0.0,1.0,0.15740307051782462,0.15740307051782462,1.0,0.37936507936507935,0.37936507936507935,100.55291677399057,105.6506328650231,188.8779862023129,200.52341898281716,224.9398735969835,0.0,42.23301324559233,0.07473328129065834,1260,9
coarse_100m,100.0,500.0,600.0,781.0249675906655,1.0,1.0,0.0,1.0,0.18524590163934426,0.18524590163934426,1.0,0.4166666666666667,0.4166666666666667,87.05156783433844,93.31801958153584,167.65095249472407,178.74002923159935,199.44617339005646,0.0,38.50236073459364,0.09336455893832943,1260,9
coarse_100m,100.0,600.0,600.0,848.5281374238571,1.0,1.0,0.0,1.0,0.22505854800936767,0.22505854800936767,1.0,0.4301587301587302,0.4301587301587302,75.5058231336995,82.76269458251123,147.8763103654892,157.8547339036256,175.96150053754698,0.0,34.929472116793804,0.11199583658600053,1260,9
coarse_100m,100.0,700.0,600.0,921.9544457292888,1.0,1.0,0.0,1.0,0.2272703616965912,0.2272703616965912,1.0,0.33015873015873015,0.33015873015873015,65.76953938169677,74.04201317468821,130.0656347316156,138.9867118554116,154.47154156556797,0.0,31.636433649906497,0.1306271142336716,1260,9
coarse_100m,100.0,800.0,600.0,1000.0,1.0,1.0,0.0,1.0,0.18935727296383034,0.18935727296383034,1.0,0.22063492063492063,0.22063492063492063,57.67702174563413,67.22048894020345,113.88456252452502,122.08432091310436,134.97589055412533,0.0,28.75374925603228,0.1501951600312256,1260,9
coarse_100m,100.0,900.0,600.0,1081.6653826391969,0.99568045797554,1.0,0.0,0.99568045797554,0.12859744990892533,0.12859744990892533,0.942063492063492,0.12222222222222222,0.12222222222222222,54.31814552911095,62.35521043442586,99.94304962413833,106.97799720382204,117.49076259227992,0.0,26.3048846889156,0.16893052302888367,1260,9
coarse_100m,100.0,1000.0,600.0,1166.19037896906,0.9826177465521728,1.0,0.0,0.9826177465521728,0.0,0.0,0.8753968253968254,0.0,0.0,54.4091896841436,59.32198948553518,87.3521998377707,93.74636543213731,102.05099526597593,0.0,24.272487542299835,0.18766588602654177,1260,9
coarse_100m,100.0,1100.0,600.0,1252.9964086141667,0.9608118657298985,1.0,0.0,0.9608118657298985,0.0,0.0,0.8087301587301587,0.0,0.0,55.16520657647845,57.975635536419794,76.92858825322513,82.44529211529374,88.7090829303222,0.0,22.78062304749368,0.20765027322404372,1260,9
coarse_100m,100.0,1200.0,600.0,1341.640786499874,0.9302628155087171,1.0,0.0,0.9302628155087171,0.0,0.0,0.7420634920634921,0.0,0.0,56.50291477941384,58.224107436540066,72.76316623219273,75.35583639450391,80.539297345264,0.0,22.01806416545182,0.22648972157168878,1260,9
coarse_100m,100.0,1300.0,600.0,1431.7821063276353,0.8909705958886287,1.0,0.0,0.8909705958886287,0.0,0.0,0.6753968253968254,0.0,0.0,57.95205368305236,60.02572194726122,73.57876641608549,78.88799776632763,86.12157568121864,0.0,22.257327566262667,0.24532916991933384,1260,9
coarse_100m,100.0,1400.0,600.0,1523.1546211727816,0.8429352068696331,0.9994535519125683,0.0,0.8429352068696331,0.0,0.0,0.6087301587301587,0.0,0.0,59.51385114993548,63.395553278891725,80.49079643436825,85.1845643541446,91.80088469375957,0.0,23.879700679824477,0.2643767889669529,1260,9
coarse_100m,100.0,1500.0,600.0,1615.5494421403512,0.7861566484517304,0.9928441321883945,0.0,0.7861566484517304,0.0,0.0,0.542063492063492,0.0,0.0,64.5898054974042,68.42976033784984,87.26404572452373,91.4119729522064,97.56529875220771,0.0,27.41368612326542,0.14826958105646632,1260,9
coarse_100m,100.0,1600.0,600.0,1708.8007490635061,0.7206349206349206,0.9775175644028103,0.0,0.7206349206349206,0.0,0.0,0.4753968253968254,0.0,0.0,71.91178151541082,74.98008256298345,93.99982498804029,97.76199925216747,103.40540595973607,0.0,32.24714651068889,0.02185792349726776,1260,9
coarse_100m,100.0,1700.0,600.0,1802.7756377319947,0.6463700234192038,0.953655997918293,0.0,0.6463700234192038,0.0,0.0,0.4087301587301587,0.0,0.0,80.25768576917936,82.33954774276991,100.47393386545887,103.91177488047934,109.31371732370204,0.0,36.57016112512577,0.0,1260,9
coarse_100m,100.0,1800.0,600.0,1897.3665961010277,0.5633619568045798,0.9208170699973979,0.0,0.5633619568045798,0.0,0.0,0.34206349206349207,0.0,0.0,88.78360049454206,90.45469236579211,107.35647585017772,110.11433350674223,115.28422865841229,0.0,40.36175537522955,0.0,1260,9
coarse_100m,100.0,1900.0,600.0,1992.4858845171275,0.5273224043715847,0.8792349726775956,0.0,0.5273224043715847,0.0,0.0,0.31507936507936507,0.0,0.0,100.34746908727013,101.63039886029381,118.9274096204143,122.12584813082432,126.387869331016,0.0,44.746190221184705,0.0,1260,9
coarse_100m,100.0,2000.0,600.0,2088.06130178211,0.4830601092896175,0.8289097059588862,0.0,0.4830601092896175,0.0,0.0,0.2833333333333333,0.0,0.0,112.6627244269591,113.72754761647214,131.04178439318682,133.70437565092894,138.1696138388398,0.0,48.43393283768479,0.0,1260,9
coarse_100m,100.0,2100.0,600.0,2184.0329667841556,0.4344262295081967,0.7698412698412699,0.0,0.4344262295081967,0.0,0.0,0.25,0.0,0.0,126.02086704677075,126.85744141057506,143.6010951437381,145.80091187100712,150.63736857441103,0.0,51.60500948323104,0.0,1260,9
coarse_100m,100.0,2200.0,600.0,2280.350850198276,0.3836065573770492,0.7020296643247463,0.0,0.3836065573770492,0.0,0.0,0.21666666666666667,0.0,0.0,140.58804252603292,141.07148331663421,156.45409300175638,158.91710129237939,163.79883025679618,0.0,54.36358888248799,0.0,1260,9
coarse_100m,100.0,2300.0,600.0,2376.9728648009427,0.33697632058287796,0.6254748894093156,0.0,0.33697632058287796,0.0,0.0,0.1873015873015873,0.0,0.0,156.22091027402777,156.79023637050486,171.1440851684813,173.9947996288551,180.9460286773927,0.0,56.8785646425581,0.0,1260,9
coarse_100m,100.0,2400.0,600.0,2473.8633753705963,0.290007806401249,0.5401769450949779,0.0,0.290007806401249,0.0,0.0,0.15873015873015872,0.0,0.0,173.00182909064523,173.66576919328656,187.55989517882287,190.9971930327889,195.69656367080847,0.0,59.08982175543878,0.0,1260,9
coarse_100m,100.0,2500.0,600.0,2570.9920264364882,0.24009888108248764,0.446135831381733,0.0,0.24009888108248764,0.0,0.0,0.12936507936507938,0.0,0.0,191.06939215890435,191.47207186700538,203.89182186985582,206.80933395906828,211.1636307479926,0.0,61.00299794623298,0.0,1260,9
coarse_100m,100.0,2600.0,600.0,2668.332812825267,0.1885245901639344,0.34335154826958103,0.0,0.1885245901639344,0.0,0.0,0.1,0.0,0.0,209.89526149721922,210.16132524613707,220.3416055461364,223.3622067290769,227.3545895769585,0.0,62.654834613639345,0.0,1260,9
coarse_100m,100.0,2700.0,600.0,2765.8633371878664,0.12786885245901639,0.23182409575852198,0.0,0.12786885245901639,0.0,0.0,0.06666666666666667,0.0,0.0,229.61794059440143,229.6391386095242,238.88207488421327,240.64322880137084,244.276790435594,0.0,64.11897837432036,0.0,1260,9
coarse_100m,100.0,2800.0,600.0,2863.5642126552707,0.06502732240437159,0.11155347384855581,0.0,0.06502732240437159,0.0,0.0,0.03333333333333333,0.0,0.0,249.77969705081082,250.11831870986617,257.84345352443063,259.8686712909162,261.93759274986195,0.0,65.43341337907803,0.0,1260,9
coarse_100m,100.0,2900.0,600.0,2961.4185789921694,0.0,0.0,0.0,0.0,0.0,0.0,0.0,0.0,0.0,nan,nan,nan,nan,nan,nan,nan,0.0,1260,9
coarse_100m,100.0,3000.0,600.0,3059.411708155671,0.0,0.0,0.0,0.0,0.0,0.0,0.0,0.0,0.0,nan,nan,nan,nan,nan,nan,nan,0.0,1260,9
coarse_100m,100.0,-1500.0,700.0,1655.294535724685,0.0,0.0,0.0,0.0,0.0,0.0,0.0,0.0,0.0,nan,nan,nan,nan,nan,nan,nan,0.0,1260,9
coarse_100m,100.0,-1400.0,700.0,1565.2475842498527,0.0,0.0,0.0,0.0,0.0,0.0,0.0,0.0,0.0,nan,nan,nan,nan,nan,nan,nan,0.0,1260,9
coarse_100m,100.0,-1300.0,700.0,1476.48230602334,0.0,0.000546448087431694,0.0,0.0,0.0,0.0,0.0,0.0,0.0,nan,nan,nan,nan,nan,nan,nan,0.0,1260,9
coarse_100m,100.0,-1200.0,700.0,1389.2443989449805,0.0,0.00819672131147541,0.0,0.0,0.0,0.0,0.0,0.0,0.0,nan,nan,nan,nan,nan,nan,nan,0.0,1260,9
coarse_100m,100.0,-1100.0,700.0,1303.8404810405298,0.0,0.024121779859484778,0.0,0.0,0.0,0.0,0.0,0.0,0.0,nan,nan,nan,nan,nan,nan,nan,0.0,1260,9
coarse_100m,100.0,-1000.0,700.0,1220.6555615733703,0.0,0.048035389018995574,0.0,0.0,0.0,0.0,0.0,0.0,0.0,nan,nan,nan,nan,nan,nan,nan,0.0,1260,9
coarse_100m,100.0,-900.0,700.0,1140.175425099138,0.0,0.08095238095238096,0.0,0.0,0.0,0.0,0.0,0.0,0.0,nan,nan,nan,nan,nan,nan,nan,0.0,1260,9
coarse_100m,100.0,-800.0,700.0,1063.014581273465,0.0,0.12240437158469945,0.0,0.0,0.0,0.0,0.0,0.0,0.0,nan,nan,nan,nan,nan,nan,nan,0.0,1260,9
coarse_100m,100.0,-700.0,700.0,989.9494936611666,0.0,0.1723913609159511,0.0,0.0,0.0,0.0,0.0,0.0,0.0,nan,nan,nan,nan,nan,nan,nan,0.0,1260,9
coarse_100m,100.0,-600.0,700.0,921.9544457292888,0.00546448087431694,0.2316679677335415,0.0,0.00546448087431694,0.0,0.0,0.06666666666666667,0.0,0.0,52.49538118721799,52.52524087976949,55.52809262522996,55.59145892678695,55.6336020439196,0.0,43.93916780866062,0.0,1260,9
coarse_100m,100.0,-500.0,700.0,860.2325267042627,0.019672131147540985,0.29968774395003905,0.0,0.019672131147540985,0.0,0.0,0.13333333333333333,0.0,0.0,53.27302896023445,52.58770966612366,59.441683367817966,59.6652627760182,59.843995766298185,0.0,42.43237285826919,0.0,1260,9
coarse_100m,100.0,-400.0,700.0,806.2257748298549,0.04262295081967213,0.375487900078064,0.0,0.04262295081967213,0.003278688524590164,0.003278688524590164,0.2,0.05,0.05,53.92804113694301,52.768174623731234,63.31177444196705,63.80322999667331,64.22612237745254,0.0,40.81305121705335,0.0,1260,9
coarse_100m,100.0,-300.0,700.0,761.5773105863908,0.07431693989071038,0.46088992974238874,0.0,0.07431693989071038,0.011475409836065573,0.011475409836065573,0.26666666666666666,0.1,0.1,54.538306350902516,53.06143811309872,67.0916212672116,67.96527334170582,68.75072417331802,0.0,39.07522998018693,0.0,1260,9
coarse_100m,100.0,-200.0,700.0,728.0109889280518,0.11475409836065574,0.5550351288056206,0.0,0.11475409836065574,0.019672131147540985,0.019672131147540985,0.3333333333333333,0.13333333333333333,0.13333333333333333,53.37768376606103,53.46388178220516,69.58057425905163,71.99334689938783,73.39485566220463,0.0,37.2158223822177,0.0,1260,9
coarse_100m,100.0,-100.0,700.0,707.1067811865476,0.16393442622950818,0.6579234972677596,0.0,0.16393442622950818,0.036065573770491806,0.036065573770491806,0.4,0.18333333333333332,0.18333333333333332,54.07846850370368,53.97313343305634,73.58316100740358,76.08475480842333,78.1404508969796,0.0,35.236086790824196,0.000234192037470726,1260,9
coarse_100m,100.0,0.0,700.0,700.0,0.2233671610720791,0.7695550351288056,0.0,0.2233671610720791,0.055191256830601096,0.055191256830601096,0.46825396825396826,0.22857142857142856,0.22857142857142856,54.79041938539423,54.806740367029924,77.77713995649373,80.49359785424386,87.11045200216856,0.0,33.22670333762308,0.00663544106167057,1260,9
coarse_100m,100.0,100.0,700.0,707.1067811865476,0.2911007025761124,0.8899297423887588,0.0,0.2911007025761124,0.07049180327868852,0.07049180327868852,0.5357142857142857,0.23333333333333334,0.23333333333333334,55.39051497873924,55.632952394159666,81.5172191339316,84.73904839602437,92.15775819081252,0.0,31.159852247848743,0.02177985948477752,1260,9
coarse_100m,100.0,200.0,700.0,728.0109889280518,0.5962269060629717,1.0,0.0,0.5962269060629717,0.09562841530054644,0.09562841530054644,0.7261904761904762,0.2833333333333333,0.2833333333333333,78.78937457251142,114.27170270233731,218.90700597229625,227.3509669507734,244.72291082654604,0.0,41.12209393007663,0.04309133489461359,1260,9
coarse_100m,100.0,300.0,700.0,761.5773105863908,0.9979182930002602,1.0,0.0,0.9979182930002602,0.11366120218579236,0.11366120218579236,0.9984126984126984,0.31666666666666665,0.31666666666666665,106.92463070610184,109.99275104222527,188.74805912143952,199.63507419056924,220.4468996915647,0.0,42.255200636802776,0.06463700234192038,1260,9
coarse_100m,100.0,400.0,700.0,806.2257748298549,1.0,1.0,0.0,1.0,0.1469945355191257,0.1469945355191257,1.0,0.36666666666666664,0.36666666666666664,94.08485117701161,98.14559129550008,169.75149009793935,179.4129875536392,197.83381027388356,0.0,38.56310496331535,0.08618266978922717,1260,9
coarse_100m,100.0,500.0,700.0,860.2325267042627,1.0,1.0,0.0,1.0,0.17049180327868851,0.17049180327868851,1.0,0.4,0.4,82.91005974320261,87.77814152689912,151.39883420335076,161.05183494250767,176.86644740986537,0.0,34.92651000022358,0.10772833723653395,1260,9
coarse_100m,100.0,600.0,700.0,921.9544457292888,1.0,1.0,0.0,1.0,0.2042935206869633,0.2042935206869633,1.0,0.38095238095238093,0.38095238095238093,73.28822699846154,78.89796527955309,135.15003681702598,143.70964749928632,157.5343237677542,0.0,31.467237013809253,0.12927400468384076,1260,9
coarse_100m,100.0,700.0,700.0,989.9494936611666,1.0,1.0,0.0,1.0,0.19836065573770492,0.19836065573770492,1.0,0.2833333333333333,0.2833333333333333,65.01185148201229,71.55709326915019,120.21133099940324,128.00957086092848,139.83475281767178,0.0,28.30547439356934,0.15081967213114755,1260,9
coarse_100m,100.0,800.0,700.0,1063.014581273465,0.9967213114754099,1.0,0.0,0.9967213114754099,0.14590163934426228,0.14590163934426228,0.95,0.16666666666666666,0.16666666666666666,58.216990960185996,65.84872247762503,106.71947535656578,113.84808886483799,123.77385560909147,0.0,25.4991273354498,0.17236533957845435,1260,9
coarse_100m,100.0,900.0,700.0,1140.175425099138,0.9846994535519126,1.0,0.0,0.9846994535519126,0.018579234972677595,0.018579234972677595,0.8833333333333333,0.016666666666666666,0.016666666666666666,54.48193835813848,61.744929876616055,95.09233350567902,101.2498637871733,109.36703095068407,0.0,23.012733385825534,0.1939110070257611,1260,9
coarse_100m,100.0,1000.0,700.0,1220.6555615733703,0.9639344262295082,1.0,0.0,0.9639344262295082,0.0,0.0,0.8166666666666667,0.0,0.0,53.8705241222457,59.094537345310194,84.71332580757084,90.02234696690942,96.63797885968121,0.0,20.914274461116243,0.2154566744730679,1260,9
coarse_100m,100.0,1100.0,700.0,1303.8404810405298,0.9344262295081968,1.0,0.0,0.9344262295081968,0.0,0.0,0.75,0.0,0.0,54.777138485943624,57.79433548584901,76.05195341353055,80.52093926214789,85.61468718979417,0.0,19.31515966444233,0.2370023419203747,1260,9
coarse_100m,100.0,1200.0,700.0,1389.2443989449805,0.8961748633879781,1.0,0.0,0.8961748633879781,0.0,0.0,0.6833333333333333,0.0,0.0,56.109165522714314,57.78489239183981,69.57283402686689,72.56924812548861,76.32012439434881,0.0,18.383206823843253,0.2596669268800416,1260,9
coarse_100m,100.0,1300.0,700.0,1476.48230602334,0.8491803278688524,1.0,0.0,0.8491803278688524,0.0,0.0,0.6166666666666667,0.0,0.0,57.52824568121386,59.05281415620476,68.17191998885221,70.62832427866002,74.76884543366643,0.0,18.36204638005516,0.2813166796773354,1260,9
coarse_100m,100.0,1400.0,700.0,1565.2475842498527,0.7941451990632319,0.9983606557377049,0.0,0.7941451990632319,0.0,0.0,0.5507936507936508,0.0,0.0,59.684754922860506,61.66064105926437,72.6146667681975,75.78505801150075,80.84937170950037,0.0,19.62680019589741,0.2886807181889149,1260,9
coarse_100m,100.0,1500.0,700.0,1655.294535724685,0.7305750715586781,0.9885245901639345,0.0,0.7305750715586781,0.0,0.0,0.4849206349206349,0.0,0.0,63.213805316312424,65.73772244475667,78.04480000187723,80.90758248209045,85.62002899610177,0.0,22.671850762419314,0.1727816809784023,1260,9
coarse_100m,100.0,1600.0,700.0,1746.424919657298,0.6565964090554255,0.9688004163413999,0.0,0.6565964090554255,0.0,0.0,0.4174603174603175,0.0,0.0,69.17948495772019,71.14555104517018,83.58478738166532,85.93612216567494,90.46060770409404,0.0,26.94733289962372,0.04813947436898257,1260,9
coarse_100m,100.0,1700.0,700.0,1838.4776310850236,0.5757481134530315,0.9402810304449649,0.0,0.5757481134530315,0.0,0.0,0.3515873015873016,0.0,0.0,75.81026153944198,77.24465853059571,89.01411848618085,91.38411845067313,95.36312020657185,0.0,30.912323034955676,0.0,1260,9
coarse_100m,100.0,1800.0,700.0,1931.3207915827966,0.5295081967213114,0.903096539162113,0.0,0.5295081967213114,0.0,0.0,0.31666666666666665,0.0,0.0,84.17994791440641,85.22371019019059,97.5899738135273,99.55195723692289,102.2021250077294,0.0,35.440682828111086,0.0,1260,9
coarse_100m,100.0,1900.0,700.0,2024.8456731316587,0.48865469685141816,0.857559198542805,0.0,0.48865469685141816,0.0,0.0,0.2873015873015873,0.0,0.0,93.58794756639782,94.4605787872758,106.9459800728796,108.9450341821619,113.41168588786918,0.0,39.698244944894206,0.0,1260,9
coarse_100m,100.0,2000.0,700.0,2118.962010041709,0.45081967213114754,0.802576112412178,0.0,0.45081967213114754,0.0,0.0,0.2611111111111111,0.0,0.0,103.99721373218397,104.86002045874153,117.55885712655886,119.9402104913659,123.27436876106762,0.0,43.55650604443284,0.0,1260,9
coarse_100m,100.0,2100.0,700.0,2213.5943621178653,0.4092896174863388,0.739448347645069,0.0,0.4092896174863388,0.0,0.0,0.23333333333333334,0.0,0.0,115.47843657701664,116.13165576146463,128.6338010755961,130.5356821826159,133.7048662886346,0.0,46.89851626833755,0.0,1260,9
coarse_100m,100.0,2200.0,700.0,2308.679276123039,0.35737704918032787,0.6675774134790529,0.0,0.35737704918032787,0.0,0.0,0.2,0.0,0.0,127.5570089976783,128.0560756625276,139.60404745792627,141.55902332534177,144.70946176116772,0.0,49.75664684927631,0.0,1260,9
coarse_100m,100.0,2300.0,700.0,2404.1630560342614,0.30327868852459017,0.5859484777517564,0.0,0.30327868852459017,0.0,0.0,0.16666666666666666,0.0,0.0,140.46994038202712,140.87868022671216,151.10640828019868,153.0470919036127,156.2942019764859,0.0,52.29324194466912,0.0,1260,9
coarse_100m,100.0,2400.0,700.0,2500.0,0.2564663023679417,0.4964871194379391,0.0,0.2564663023679417,0.0,0.0,0.1388888888888889,0.0,0.0,154.8747598778422,155.15451157735166,164.7889172340812,167.60618973679527,171.309225892714,0.0,54.70853282084978,0.0,1260,9
coarse_100m,100.0,2500.0,700.0,2596.150997149434,0.2081967213114754,0.3982825917252147,0.0,0.2081967213114754,0.0,0.0,0.1111111111111111,0.0,0.0,169.99116206447889,170.28819221691748,179.42881541531747,181.22739707172263,184.2246938887688,0.0,56.827423141802285,0.0,1260,9
coarse_100m,100.0,2600.0,700.0,2692.582403567252,0.15555555555555556,0.29133489461358314,0.0,0.15555555555555556,0.0,0.0,0.08174603174603175,0.0,0.0,185.67482970618522,186.07055002473822,193.463841820811,194.9451907957817,197.7377573481984,0.0,58.65218288368142,0.0,1260,9
coarse_100m,100.0,2700.0,700.0,2789.2651361962708,0.09672131147540984,0.1756440281030445,0.0,0.09672131147540984,0.0,0.0,0.05,0.0,0.0,202.41596140150497,202.48730870542204,208.5497223979634,209.9374483610411,211.8539290450435,0.0,60.248940178359064,0.0,1260,9
coarse_100m,100.0,2800.0,700.0,2886.1739379323626,0.03278688524590164,0.05120999219359875,0.0,0.03278688524590164,0.0,0.0,0.016666666666666666,0.0,0.0,219.60872463993528,219.72423460692139,225.1305790146189,225.85111854676762,226.57866669814027,0.0,61.70354122193309,0.0,1260,9
coarse_100m,100.0,2900.0,700.0,2983.2867780352594,0.0,0.0,0.0,0.0,0.0,0.0,0.0,0.0,0.0,nan,nan,nan,nan,nan,nan,nan,0.0,1260,9
coarse_100m,100.0,3000.0,700.0,3080.5843601498727,0.0,0.0,0.0,0.0,0.0,0.0,0.0,0.0,0.0,nan,nan,nan,nan,nan,nan,nan,0.0,1260,9
coarse_100m,100.0,-1500.0,800.0,1700.0,0.0,0.0,0.0,0.0,0.0,0.0,0.0,0.0,0.0,nan,nan,nan,nan,nan,nan,nan,0.0,1260,9
coarse_100m,100.0,-1400.0,800.0,1612.4515496597098,0.0,0.0,0.0,0.0,0.0,0.0,0.0,0.0,0.0,nan,nan,nan,nan,nan,nan,nan,0.0,1260,9
coarse_100m,100.0,-1300.0,800.0,1526.4337522473747,0.0,0.0,0.0,0.0,0.0,0.0,0.0,0.0,0.0,nan,nan,nan,nan,nan,nan,nan,0.0,1260,9
coarse_100m,100.0,-1200.0,800.0,1442.2205101855957,0.0,0.001639344262295082,0.0,0.0,0.0,0.0,0.0,0.0,0.0,nan,nan,nan,nan,nan,nan,nan,0.0,1260,9
coarse_100m,100.0,-1100.0,800.0,1360.1470508735442,0.0,0.011475409836065573,0.0,0.0,0.0,0.0,0.0,0.0,0.0,nan,nan,nan,nan,nan,nan,nan,0.0,1260,9
coarse_100m,100.0,-1000.0,800.0,1280.6248474865697,0.0,0.030054644808743168,0.0,0.0,0.0,0.0,0.0,0.0,0.0,nan,nan,nan,nan,nan,nan,nan,0.0,1260,9
coarse_100m,100.0,-900.0,800.0,1204.1594578792296,0.0,0.05737704918032787,0.0,0.0,0.0,0.0,0.0,0.0,0.0,nan,nan,nan,nan,nan,nan,nan,0.0,1260,9
coarse_100m,100.0,-800.0,800.0,1131.370849898476,0.0,0.09344262295081968,0.0,0.0,0.0,0.0,0.0,0.0,0.0,nan,nan,nan,nan,nan,nan,nan,0.0,1260,9
coarse_100m,100.0,-700.0,800.0,1063.014581273465,0.0,0.13884985688264376,0.0,0.0,0.0,0.0,0.0,0.0,0.0,nan,nan,nan,nan,nan,nan,nan,0.0,1260,9
coarse_100m,100.0,-600.0,800.0,1000.0,0.0,0.19320843091334894,0.0,0.0,0.0,0.0,0.0,0.0,0.0,nan,nan,nan,nan,nan,nan,nan,0.0,1260,9
coarse_100m,100.0,-500.0,800.0,943.3981132056604,0.004423627374447047,0.2565183450429352,0.0,0.004423627374447047,0.0,0.0,0.05873015873015873,0.0,0.0,46.10916686177745,45.70209599202852,48.44621095708995,48.470069607075864,48.4938487124532,0.0,35.2895295046684,0.0,1260,9
coarse_100m,100.0,-400.0,800.0,894.4271909999159,0.0175904241478012,0.32877959927140255,0.0,0.0175904241478012,0.001639344262295082,0.001639344262295082,0.1253968253968254,0.03333333333333333,0.03333333333333333,46.71909008285824,45.753899929938896,51.545584338100966,51.64802487106786,51.75006419312729,0.0,33.638430133802444,0.0,1260,9
coarse_100m,100.0,-300.0,800.0,854.4003745317531,0.03950039032006245,0.409992193598751,0.0,0.03950039032006245,0.00819672131147541,0.00819672131147541,0.19206349206349208,0.08333333333333333,0.08333333333333333,47.32719499043017,45.99166846010485,52.56937652215284,54.957249986795006,55.20086580144814,0.0,31.87956562719131,0.0,1260,9
coarse_100m,100.0,-200.0,800.0,824.6211251235321,0.0701535258912308,0.49903721051262034,0.0,0.0701535258912308,0.015300546448087432,0.015300546448087432,0.25873015873015875,0.11666666666666667,0.11666666666666667,46.291314595712954,46.36586245491603,55.78335963612704,58.35832466733868,58.81397329275457,0.0,30.02315907178228,0.0,1260,9
coarse_100m,100.0,-100.0,800.0,806.2257748298549,0.10954983086130628,0.5980483996877439,0.0,0.10954983086130628,0.030054644808743168,0.030054644808743168,0.3253968253968254,0.16666666666666666,0.16666666666666666,46.97622926986558,46.86276904109344,59.046988719194324,61.81918760177764,62.56314097680477,0.0,28.07596284922684,0.0007546187874056727,1260,9
coarse_100m,100.0,0.0,800.0,800.0,0.15768930523028885,0.7046838407494145,0.0,0.15768930523028885,0.04735883424408015,0.04735883424408015,0.39206349206349206,0.2111111111111111,0.2111111111111111,47.68258739052016,47.475494921778925,62.29362275949534,63.35579309133172,66.42711826970897,0.0,26.047492534637243,0.008821233411397346,1260,9
coarse_100m,100.0,100.0,800.0,806.2257748298549,0.2145719489981785,0.8200624512099922,0.0,0.2145719489981785,0.06174863387978142,0.06174863387978142,0.4587301587301587,0.21666666666666667,0.21666666666666667,48.353959774927624,48.20222628318098,65.40039793836986,66.98223799973836,70.38870597929977,0.0,24.04718597895788,0.025631017434296122,1260,9
coarse_100m,100.0,200.0,800.0,824.6211251235321,0.2801977621649753,0.945719489981785,0.0,0.2801977621649753,0.08384074941451991,0.08384074941451991,0.5253968253968254,0.2642857142857143,0.2642857142857143,49.06957016158422,49.06671926270574,67.91054659971802,70.50182193575603,74.43395516183497,0.0,22.393165089555534,0.049752797293780904,1260,9
coarse_100m,100.0,300.0,800.0,854.4003745317531,0.7062971636742128,1.0,0.0,0.7062971636742128,0.10218579234972677,0.10218579234972677,0.7888888888888889,0.3,0.3,78.3949224521642,104.40332098443201,178.1817469580762,185.16040080757966,198.5478813213394,0.0,37.04785009181364,0.07478532396565184,1260,9
coarse_100m,100.0,400.0,800.0,894.4271909999159,0.9853239656518346,1.0,0.0,0.9853239656518346,0.12370543845953683,0.12370543845953683,0.9888888888888889,0.33650793650793653,0.33650793650793653,91.8680805693199,93.68631220164221,156.2606934840117,165.1323408227769,179.3982109590292,0.0,35.37586215316558,0.09919333853760083,1260,9
coarse_100m,100.0,500.0,800.0,943.3981132056604,1.0,1.0,0.0,1.0,0.15628415300546447,0.15628415300546447,1.0,0.38333333333333336,0.38333333333333336,80.7561934803584,84.54869463500532,140.71604376572841,148.98531037141709,161.6292896593063,0.0,31.892156729323972,0.12406973718449128,1260,9
coarse_100m,100.0,600.0,800.0,1000.0,1.0,1.0,0.0,1.0,0.16939890710382513,0.16939890710382513,1.0,0.31666666666666665,0.31666666666666665,72.39193862127283,76.87456515880322,126.69683368865118,134.18712522814414,145.23709755032087,0.0,28.570355984054782,0.14894613583138172,1260,9
coarse_100m,100.0,700.0,800.0,1063.014581273465,0.99568045797554,1.0,0.0,0.99568045797554,0.14207650273224043,0.14207650273224043,0.942063492063492,0.2,0.2,65.33932700502132,70.62076480742122,114.163549984454,120.73920534244243,130.2225849483857,0.0,25.50212655225455,0.17382253447827217,1260,9
coarse_100m,100.0,800.0,800.0,1131.370849898476,0.9826177465521728,1.0,0.0,0.9826177465521728,0.047540983606557376,0.047540983606557376,0.8753968253968254,0.05,0.05,59.50356769234093,65.78092127001077,102.52886996694387,108.63604691459399,116.59168193214556,0.0,22.677650174319552,0.19799635701275045,1260,9
coarse_100m,100.0,900.0,800.0,1204.1594578792296,0.9608118657298985,1.0,0.0,0.9608118657298985,0.0,0.0,0.8087301587301587,0.0,0.0,55.81630100163611,62.2071413144174,92.48583198151337,97.94977424211618,104.35455084831213,0.0,20.128424358198785,0.22167577413479053,1260,9
coarse_100m,100.0,1000.0,800.0,1280.6248474865697,0.9302628155087171,1.0,0.0,0.9302628155087171,0.0,0.0,0.7420634920634921,0.0,0.0,54.01601717429861,59.79283190980843,83.48887038941479,88.41326267716563,93.52343843460764,0.0,17.91590605832201,0.246344002081707,1260,9
coarse_100m,100.0,1100.0,800.0,1360.1470508735442,0.8909705958886287,1.0,0.0,0.8909705958886287,0.0,0.0,0.6753968253968254,0.0,0.0,54.814235702580376,58.46814856935624,76.28582893608825,80.06391409268375,84.10825838298798,0.0,16.13993972884019,0.27101223002862346,1260,9
coarse_100m,100.0,1200.0,800.0,1442.2205101855957,0.8429352068696331,1.0,0.0,0.8429352068696331,0.0,0.0,0.6087301587301587,0.0,0.0,56.07433705777712,58.20020004948533,70.0244298531911,72.92777727583328,76.10904418282325,0.0,14.95251035560657,0.29568045797553993,1260,9
coarse_100m,100.0,1300.0,800.0,1526.4337522473747,0.7861566484517304,0.9994535519125683,0.0,0.7861566484517304,0.0,0.0,0.542063492063492,0.0,0.0,57.86525499585815,59.000385841912106,66.39108834248938,67.56072704262928,69.50507434113192,0.0,14.580797785679957,0.3200364298724954,1260,9
coarse_100m,100.0,1400.0,800.0,1612.4515496597098,0.7206349206349206,0.9918032786885246,0.0,0.7206349206349206,0.0,0.0,0.4753968253968254,0.0,0.0,60.03008456004474,60.94418062705291,67.21965225779014,69.17275694355351,71.76700902607519,0.0,15.36896794964408,0.3084309133489461,1260,9
coarse_100m,100.0,1500.0,800.0,1700.0,0.6463700234192038,0.9754098360655737,0.0,0.6463700234192038,0.0,0.0,0.4087301587301587,0.0,0.0,62.5923027063645,64.21589148587427,71.65560776360704,73.3530589518298,75.72867325930444,0.0,17.86194223803309,0.19409315638823835,1260,9
coarse_100m,100.0,1600.0,800.0,1788.8543819998317,0.5633619568045798,0.9502732240437158,0.0,0.5633619568045798,0.0,0.0,0.34206349206349207,0.0,0.0,67.71421068138847,68.79020523559008,76.13218856822805,77.57031172085665,79.75566637695405,0.0,21.673563910328053,0.07101223002862347,1260,9
coarse_100m,100.0,1700.0,800.0,1878.8294228055936,0.5295081967213114,0.9163934426229509,0.0,0.5295081967213114,0.0,0.0,0.31666666666666665,0.0,0.0,74.10010524178631,75.06211016085665,83.44284743339195,84.93202576769264,86.55658717317986,0.0,26.638663385843437,0.0,1260,9
coarse_100m,100.0,1800.0,800.0,1969.771560359221,0.49089253187613846,0.8737704918032787,0.0,0.49089253187613846,0.0,0.0,0.28888888888888886,0.0,0.0,81.3284953654844,82.1608083821477,90.92345420130316,92.38226206834369,95.35386046621245,0.0,31.18890034030281,0.0,1260,9
coarse_100m,100.0,1900.0,800.0,2061.5528128088304,0.45550351288056207,0.8230549050221181,0.0,0.45550351288056207,0.0,0.0,0.2642857142857143,0.0,0.0,89.47172909600326,90.22440166974887,99.5240341447912,101.17537209546482,103.21564152418857,0.0,35.408724583681774,0.0,1260,9
coarse_100m,100.0,2000.0,800.0,2154.0659228538016,0.4092896174863388,0.7645589383294301,0.0,0.4092896174863388,0.0,0.0,0.23333333333333334,0.0,0.0,98.39011322273727,98.89010358801353,107.97298152844643,109.4334861705881,111.55246506319658,0.0,39.04981391838622,0.0,1260,9
coarse_100m,100.0,2100.0,800.0,2247.220505424423,0.366120218579235,0.6968774395003903,0.0,0.366120218579235,0.0,0.0,0.20555555555555555,0.0,0.0,108.17312604941309,108.5922304848653,117.50285675215584,119.05057989425096,122.33060148352523,0.0,42.463073912161306,0.0,1260,9
coarse_100m,100.0,2200.0,800.0,2340.939982143925,0.324095758521988,0.6196981524850377,0.0,0.324095758521988,0.0,0.0,0.17936507936507937,0.0,0.0,118.77492043155289,119.18477602006821,127.90670911301028,129.4473650339192,131.76871249372678,0.0,45.536885309406564,0.0,1260,9
coarse_100m,100.0,2300.0,800.0,2435.159132377184,0.2754098360655738,0.5348425709081447,0.0,0.2754098360655738,0.0,0.0,0.15,0.0,0.0,130.27316781914791,130.38224726717866,138.11828003993216,139.34980073420326,141.69926416633047,0.0,48.19726663620783,0.0,1260,9
coarse_100m,100.0,2400.0,800.0,2529.8221281347037,0.2180327868852459,0.44028103044496486,0.0,0.2180327868852459,0.0,0.0,0.11666666666666667,0.0,0.0,142.0923299010599,142.17211931846714,148.83341705237456,149.99593953062123,152.12726568065727,0.0,50.542247702392295,0.0,1260,9
coarse_100m,100.0,2500.0,800.0,2624.8809496813374,0.16848816029143898,0.33825136612021856,0.0,0.16848816029143898,0.0,0.0,0.08888888888888889,0.0,0.0,154.93945188992222,155.29753552669862,161.6399668008068,163.78664444225453,165.57152169045187,0.0,52.84961846048533,0.0,1260,9
coarse_100m,100.0,2600.0,800.0,2720.2941017470885,0.1160031225604996,0.22630757220921155,0.0,0.1160031225604996,0.0,0.0,0.06031746031746032,0.0,0.0,168.7185283989558,169.12356922055147,174.49470747819012,175.90975450716599,177.14233222454664,0.0,54.89325800548058,0.0,1260,9
coarse_100m,100.0,2700.0,800.0,2816.0255680657447,0.0619568045797554,0.10710382513661203,0.0,0.0619568045797554,0.0,0.0,0.031746031746031744,0.0,0.0,183.41827554708308,183.52087129012847,187.36740744405404,188.28793562837794,189.22479578409283,0.0,56.65698805563767,0.0,1260,9
coarse_100m,100.0,2800.0,800.0,2912.043955712207,0.0,0.0,0.0,0.0,0.0,0.0,0.0,0.0,0.0,nan,nan,nan,nan,nan,nan,nan,0.0,1260,9
coarse_100m,100.0,2900.0,800.0,3008.3217912982645,0.0,0.0,0.0,0.0,0.0,0.0,0.0,0.0,0.0,nan,nan,nan,nan,nan,nan,nan,0.0,1260,9
coarse_100m,100.0,3000.0,800.0,3104.834939252005,0.0,0.0,0.0,0.0,0.0,0.0,0.0,0.0,0.0,nan,nan,nan,nan,nan,nan,nan,0.0,1260,9
coarse_100m,100.0,-1500.0,900.0,1749.28556845359,0.0,0.0,0.0,0.0,0.0,0.0,0.0,0.0,0.0,nan,nan,nan,nan,nan,nan,nan,0.0,1260,9
coarse_100m,100.0,-1400.0,900.0,1664.3316977093239,0.0,0.0,0.0,0.0,0.0,0.0,0.0,0.0,0.0,nan,nan,nan,nan,nan,nan,nan,0.0,1260,9
coarse_100m,100.0,-1300.0,900.0,1581.1388300841897,0.0,0.0,0.0,0.0,0.0,0.0,0.0,0.0,0.0,nan,nan,nan,nan,nan,nan,nan,0.0,1260,9
coarse_100m,100.0,-1200.0,900.0,1500.0,0.0,0.0,0.0,0.0,0.0,0.0,0.0,0.0,0.0,nan,nan,nan,nan,nan,nan,nan,0.0,1260,9
coarse_100m,100.0,-1100.0,900.0,1421.2670403551895,0.0,0.004423627374447047,0.0,0.0,0.0,0.0,0.0,0.0,0.0,nan,nan,nan,nan,nan,nan,nan,0.0,1260,9
coarse_100m,100.0,-1000.0,900.0,1345.362404707371,0.0,0.0175904241478012,0.0,0.0,0.0,0.0,0.0,0.0,0.0,nan,nan,nan,nan,nan,nan,nan,0.0,1260,9
coarse_100m,100.0,-900.0,900.0,1272.7922061357856,0.0,0.03950039032006245,0.0,0.0,0.0,0.0,0.0,0.0,0.0,nan,nan,nan,nan,nan,nan,nan,0.0,1260,9
coarse_100m,100.0,-800.0,900.0,1204.1594578792296,0.0,0.0701535258912308,0.0,0.0,0.0,0.0,0.0,0.0,0.0,nan,nan,nan,nan,nan,nan,nan,0.0,1260,9
coarse_100m,100.0,-700.0,900.0,1140.175425099138,0.0,0.10954983086130628,0.0,0.0,0.0,0.0,0.0,0.0,0.0,nan,nan,nan,nan,nan,nan,nan,0.0,1260,9
coarse_100m,100.0,-600.0,900.0,1081.6653826391969,0.0,0.15768930523028885,0.0,0.0,0.0,0.0,0.0,0.0,0.0,nan,nan,nan,nan,nan,nan,nan,0.0,1260,9
coarse_100m,100.0,-500.0,900.0,1029.5630140987,0.0,0.2145719489981785,0.0,0.0,0.0,0.0,0.0,0.0,0.0,nan,nan,nan,nan,nan,nan,nan,0.0,1260,9
coarse_100m,100.0,-400.0,900.0,984.8857801796105,0.000546448087431694,0.2801977621649753,0.0,0.000546448087431694,0.000546448087431694,0.000546448087431694,0.016666666666666666,0.016666666666666666,0.016666666666666666,39.89853011764936,39.89845575844986,39.907595904793205,39.90871075017762,39.909821495270414,0.0,25.277651119395586,0.0,1260,9
coarse_100m,100.0,-300.0,900.0,948.6832980505138,0.00819672131147541,0.3545667447306792,0.0,0.00819672131147541,0.003278688524590164,0.003278688524590164,0.08333333333333333,0.05,0.05,40.38674224634732,40.01577740649225,41.92517385768461,41.9441039951683,41.96286275046552,0.0,23.496710663500927,0.0,1260,9
coarse_100m,100.0,-200.0,900.0,921.9544457292888,0.02459016393442623,0.43767889669529014,0.0,0.02459016393442623,0.011475409836065573,0.011475409836065573,0.15,0.1,0.1,40.92373601310844,40.279902539463905,44.15455709134629,44.21727686341613,44.27923714576493,0.0,21.646574076783775,0.0,1260,9
coarse_100m,100.0,-100.0,900.0,905.5385138137417,0.04938849856882644,0.5295342180588082,0.0,0.04938849856882644,0.019672131147540985,0.019672131147540985,0.21587301587301588,0.13333333333333333,0.13333333333333333,41.49753554523591,40.64368354236571,46.54764666230305,46.68507594019024,46.820708511454384,0.0,19.690533012343295,0.0013791308873276086,1260,9
coarse_100m,100.0,0.0,900.0,900.0,0.08321623731459797,0.6301327088212334,0.0,0.08321623731459797,0.036065573770491806,0.036065573770491806,0.28253968253968254,0.18333333333333332,0.18333333333333332,40.870465965712235,41.210155803121204,49.11823089628603,49.36421342310027,51.59864713779804,0.0,17.728866380946585,0.010694769711163154,1260,9
coarse_100m,100.0,100.0,900.0,905.5385138137417,0.12521467603434816,0.7394743689825657,0.0,0.12521467603434816,0.04590163934426229,0.04590163934426229,0.3484126984126984,0.18333333333333332,0.18333333333333332,41.561398483581875,41.840150451875715,50.302735574713886,52.165780862764144,54.60570885583482,0.0,15.830668154046245,0.028753577933905802,1260,9
coarse_100m,100.0,200.0,900.0,921.9544457292888,0.17639864689045018,0.857559198542805,0.0,0.17639864689045018,0.06612021857923497,0.06612021857923497,0.4150793650793651,0.23333333333333334,0.23333333333333334,42.29915379986165,42.67277629624776,53.0160119161101,55.083528828448465,57.741222203760834,0.0,14.49083228954854,0.05477491543065314,1260,9
coarse_100m,100.0,300.0,900.0,948.6832980505138,0.2710382513661202,0.9843871975019516,0.0,0.2710382513661202,0.08087431693989071,0.08087431693989071,0.5,0.26666666666666666,0.26666666666666666,44.805423254572965,60.34982249181654,172.66463083060316,177.17160573587034,182.99163610466988,0.0,18.615611415481048,0.08225344782721832,1260,9
coarse_100m,100.0,400.0,900.0,984.8857801796105,0.6615664845173042,1.0,0.0,0.6615664845173042,0.1092896174863388,0.1092896174863388,0.7484126984126984,0.31666666666666665,0.31666666666666665,112.40032179707178,93.53418139238627,152.09732006796193,157.12896885969852,166.4066146827109,0.0,31.435544084876415,0.1097319802237835,1260,9
coarse_100m,100.0,500.0,900.0,1029.5630140987,0.8892011449388498,1.0,0.0,0.8892011449388498,0.12622950819672132,0.12622950819672132,0.8833333333333333,0.3,0.3,86.93231199863641,84.21876363745935,135.17493090275377,141.09218023051915,151.0088555418029,0.0,29.318018391033554,0.13788706739526413,1260,9
coarse_100m,100.0,600.0,900.0,1081.6653826391969,0.9874837366640645,1.0,0.0,0.9874837366640645,0.1092896174863388,0.1092896174863388,0.8992063492063492,0.18333333333333332,0.18333333333333332,72.98958184816567,76.44033435827917,121.2340360966643,127.6602741446341,136.79664083884845,0.0,26.092306703801558,0.16500130106687483,1260,9
coarse_100m,100.0,700.0,900.0,1140.175425099138,0.9699453551912568,1.0,0.0,0.9699453551912568,0.027868852459016394,0.027868852459016394,0.8333333333333334,0.03333333333333333,0.03333333333333333,66.94230767985724,71.17464532573837,110.15824346703315,115.9550329244873,123.77108419620161,0.0,23.0442880841526,0.19247983346344003,1260,9
coarse_100m,100.0,800.0,900.0,1204.1594578792296,0.9414519906323185,1.0,0.0,0.9414519906323185,0.0,0.0,0.7642857142857142,0.0,0.0,62.74823750286152,67.01935624932771,100.2104346242831,105.51656200981708,111.93559283728749,0.0,20.160777009177878,0.2206088992974239,1260,9
coarse_100m,100.0,900.0,900.0,1272.7922061357856,0.9055165235493104,1.0,0.0,0.9055165235493104,0.0,0.0,0.6984126984126984,0.0,0.0,59.50038499919412,63.803364573754884,91.30573953298729,96.05590678146658,101.2946208267405,0.0,17.47795774984248,0.24819151704397607,1260,9
coarse_100m,100.0,1000.0,900.0,1345.362404707371,0.8604735883424408,1.0,0.0,0.8604735883424408,0.0,0.0,0.6317460317460317,0.0,0.0,56.93641467039418,61.49337496090192,83.8514729047271,87.75818011854736,91.85133929447103,0.0,15.03810560803262,0.27577413479052826,1260,9
coarse_100m,100.0,1100.0,900.0,1421.2670403551895,0.8066874837366641,1.0,0.0,0.8066874837366641,0.0,0.0,0.5650793650793651,0.0,0.0,55.02371480435417,60.0375971573577,77.19006739337088,80.3877526003727,83.60384069224098,0.0,12.930135524908993,0.3033567525370804,1260,9
coarse_100m,100.0,1200.0,900.0,1500.0,0.7441582097319802,1.0,0.0,0.7441582097319802,0.0,0.0,0.4984126984126984,0.0,0.0,56.43784882357175,59.42372509913659,71.42420069421381,73.9742917665413,76.53968822811949,0.0,11.291023817913482,0.3323445225084569,1260,9
coarse_100m,100.0,1300.0,900.0,1581.1388300841897,0.6737965131407755,0.99568045797554,0.0,0.6737965131407755,0.0,0.0,0.43253968253968256,0.0,0.0,58.423107390045246,59.68710040191483,66.48538378398071,68.52892267193243,70.62916681874032,0.0,10.360287304145398,0.3600312256049961,1260,9
coarse_100m,100.0,1400.0,900.0,1664.3316977093239,0.5928701535258912,0.9826177465521728,0.0,0.5928701535258912,0.0,0.0,0.36507936507936506,0.0,0.0,60.55925895443419,60.93100558946346,64.15692296355869,65.51532134223113,65.81851327275177,0.0,10.449263286584893,0.3253447827218319,1260,9
coarse_100m,100.0,1500.0,900.0,1749.28556845359,0.5455113192818111,0.9608118657298985,0.0,0.5455113192818111,0.0,0.0,0.32857142857142857,0.0,0.0,62.869217016401144,63.84850130561639,68.00517494937036,68.86649659825814,70.01146907092176,0.0,13.368781973743479,0.2137392661982826,1260,9
coarse_100m,100.0,1600.0,900.0,1835.7559750685818,0.514207650273224,0.9302628155087171,0.0,0.514207650273224,0.0,0.0,0.3055555555555556,0.0,0.0,67.8846951792818,68.61198133994685,73.75581052516104,74.70366497579447,76.35987677521355,0.0,18.31142480318518,0.09211553473848556,1260,9
coarse_100m,100.0,1700.0,900.0,1923.5384061671346,0.4830601092896175,0.8909705958886287,0.0,0.4830601092896175,0.0,0.0,0.2833333333333333,0.0,0.0,73.48170937953563,74.17536764617775,80.06512686367694,81.10943985455447,82.22347702584062,0.0,23.03606961268191,0.0,1260,9
coarse_100m,100.0,1800.0,900.0,2012.4611797498108,0.44730679156908665,0.8429352068696331,0.0,0.44730679156908665,0.0,0.0,0.25873015873015875,0.0,0.0,79.89398949267596,80.46476533582691,86.9108861211461,87.96672323698247,89.72512467407343,0.0,27.434416375791205,0.0,1260,9
coarse_100m,100.0,1900.0,900.0,2102.379604162864,0.4092896174863388,0.7861566484517304,0.0,0.4092896174863388,0.0,0.0,0.23333333333333334,0.0,0.0,86.99300873347593,87.45306325243952,94.07586526583711,95.13953727008618,96.50062291590629,0.0,31.435056983602944,0.0,1260,9
coarse_100m,100.0,2000.0,900.0,2193.171219946131,0.36736924277907884,0.7206349206349206,0.0,0.36736924277907884,0.0,0.0,0.20634920634920634,0.0,0.0,94.86698519457225,95.18872390402629,101.86994143417667,103.00177772424371,105.18962597122999,0.0,35.134383501368916,0.0,1260,9
coarse_100m,100.0,2100.0,900.0,2284.7319317591723,0.32669789227166274,0.6463700234192038,0.0,0.32669789227166274,0.0,0.0,0.18095238095238095,0.0,0.0,103.32292748193248,103.694816586767,110.46567787853775,111.28283210720896,112.90584142306965,0.0,38.51496013944291,0.0,1260,9
coarse_100m,100.0,2200.0,900.0,2376.9728648009427,0.2754098360655738,0.5633619568045798,0.0,0.2754098360655738,0.0,0.0,0.15,0.0,0.0,112.43161100685953,112.68384524212492,118.64995752982823,119.41863826133988,121.04237627533436,0.0,41.45301616554661,0.0,1260,9
coarse_100m,100.0,2300.0,900.0,2469.817807045694,0.23044496487119437,0.47161072079104865,0.0,0.23044496487119437,0.0,0.0,0.12380952380952381,0.0,0.0,122.48237572112619,122.72293986817951,128.256689788218,129.92371720751234,131.4864930571282,0.0,44.32533246292808,0.0,1260,9
coarse_100m,100.0,2400.0,900.0,2563.2011235952596,0.18279989591465,0.37111631537861045,0.0,0.18279989591465,0.0,0.0,0.09682539682539683,0.0,0.0,133.1491041815371,133.35857850152968,138.3487976376316,139.2260922603066,140.59668410660072,0.0,46.848842262820014,0.0,1260,9
coarse_100m,100.0,2500.0,900.0,2657.0660511172846,0.12786885245901639,0.2618787405672652,0.0,0.12786885245901639,0.0,0.0,0.06666666666666667,0.0,0.0,144.39166083013163,144.44885935098668,148.05317345888167,149.08006813934688,150.14143243749928,0.0,49.038833140671294,0.0,1260,9
coarse_100m,100.0,2600.0,900.0,2751.363298439521,0.07106427270361697,0.14389799635701275,0.0,0.07106427270361697,0.0,0.0,0.03650793650793651,0.0,0.0,156.31952270246316,156.59157126088726,160.1248421377669,161.7613495321714,162.38174680013017,0.0,51.23630270131157,0.0,1260,9
coarse_100m,100.0,2700.0,900.0,2846.0498941515416,0.01717408274785324,0.01717408274785324,0.0,0.01717408274785324,0.0,0.0,0.00873015873015873,0.0,0.0,171.18426493347846,171.1984700640169,172.57208008797656,172.9263429876181,172.9263429876181,0.0,54.034852910503844,0.0,1260,9
coarse_100m,100.0,2800.0,900.0,2941.0882339705486,0.0,0.0,0.0,0.0,0.0,0.0,0.0,0.0,0.0,nan,nan,nan,nan,nan,nan,nan,0.0,1260,9
coarse_100m,100.0,2900.0,900.0,3036.4452901377954,0.0,0.0,0.0,0.0,0.0,0.0,0.0,0.0,0.0,nan,nan,nan,nan,nan,nan,nan,0.0,1260,9
coarse_100m,100.0,3000.0,900.0,3132.091952673165,0.0,0.0,0.0,0.0,0.0,0.0,0.0,0.0,0.0,nan,nan,nan,nan,nan,nan,nan,0.0,1260,9
coarse_100m,100.0,-1500.0,1000.0,1802.7756377319947,0.0,0.0,0.0,0.0,0.0,0.0,0.0,0.0,0.0,nan,nan,nan,nan,nan,nan,nan,0.0,1260,9
coarse_100m,100.0,-1400.0,1000.0,1720.4650534085254,0.0,0.0,0.0,0.0,0.0,0.0,0.0,0.0,0.0,nan,nan,nan,nan,nan,nan,nan,0.0,1260,9
coarse_100m,100.0,-1300.0,1000.0,1640.1219466856726,0.0,0.0,0.0,0.0,0.0,0.0,0.0,0.0,0.0,nan,nan,nan,nan,nan,nan,nan,0.0,1260,9
coarse_100m,100.0,-1200.0,1000.0,1562.049935181331,0.0,0.0,0.0,0.0,0.0,0.0,0.0,0.0,0.0,nan,nan,nan,nan,nan,nan,nan,0.0,1260,9
coarse_100m,100.0,-1100.0,1000.0,1486.6068747318504,0.0,0.0,0.0,0.0,0.0,0.0,0.0,0.0,0.0,nan,nan,nan,nan,nan,nan,nan,0.0,1260,9
coarse_100m,100.0,-1000.0,1000.0,1414.213562373095,0.0,0.00546448087431694,0.0,0.0,0.0,0.0,0.0,0.0,0.0,nan,nan,nan,nan,nan,nan,nan,0.0,1260,9
coarse_100m,100.0,-900.0,1000.0,1345.362404707371,0.0,0.019672131147540985,0.0,0.0,0.0,0.0,0.0,0.0,0.0,nan,nan,nan,nan,nan,nan,nan,0.0,1260,9
coarse_100m,100.0,-800.0,1000.0,1280.6248474865697,0.0,0.04262295081967213,0.0,0.0,0.0,0.0,0.0,0.0,0.0,nan,nan,nan,nan,nan,nan,nan,0.0,1260,9
coarse_100m,100.0,-700.0,1000.0,1220.6555615733703,0.0,0.07431693989071038,0.0,0.0,0.0,0.0,0.0,0.0,0.0,nan,nan,nan,nan,nan,nan,nan,0.0,1260,9
coarse_100m,100.0,-600.0,1000.0,1166.19037896906,0.0,0.11584699453551912,0.0,0.0,0.0,0.0,0.0,0.0,0.0,nan,nan,nan,nan,nan,nan,nan,0.0,1260,9
coarse_100m,100.0,-500.0,1000.0,1118.033988749895,0.0,0.16588602654176424,0.0,0.0,0.0,0.0,0.0,0.0,0.0,nan,nan,nan,nan,nan,nan,nan,0.0,1260,9
coarse_100m,100.0,-400.0,1000.0,1077.0329614269008,0.0,0.22487639864689046,0.0,0.0,0.0,0.0,0.0,0.0,0.0,nan,nan,nan,nan,nan,nan,nan,0.0,1260,9
coarse_100m,100.0,-300.0,1000.0,1044.030650891055,0.0,0.29281811085089776,0.0,0.0,0.0,0.0,0.0,0.0,0.0,nan,nan,nan,nan,nan,nan,nan,0.0,1260,9
coarse_100m,100.0,-200.0,1000.0,1019.803902718557,0.0,0.3697111631537861,0.0,0.0,0.0,0.0,0.0,0.0,0.0,nan,nan,nan,nan,nan,nan,nan,0.0,1260,9
coarse_100m,100.0,-100.0,1000.0,1004.987562112089,0.0,0.45448868071818893,0.0,0.0,0.0,0.0,0.0,0.0,0.0,nan,nan,nan,nan,nan,nan,nan,0.0,1260,9
coarse_100m,100.0,0.0,1000.0,1000.0,7.8064012490242e-05,0.5491803278688525,0.0,7.8064012490242e-05,7.8064012490242e-05,7.8064012490242e-05,0.002380952380952381,0.002380952380952381,0.002380952380952381,35.07833921836833,35.07833902995434,35.078341947187596,35.078341947187596,35.078341947187596,0.0,0.532480406691756,7.8064012490242e-05,1260,9
coarse_100m,100.0,100.0,1000.0,1004.987562112089,0.004059328649492584,0.6502992453812126,0.0,0.004059328649492584,0.0022898776997137653,0.0022898776997137653,0.027777777777777776,0.012698412698412698,0.012698412698412698,35.54554742615431,35.52879649248442,35.95645834295594,35.956621107920085,36.4737586568858,0.0,1.338810700043149,0.004059328649492584,1260,9
coarse_100m,100.0,200.0,1000.0,1019.803902718557,0.011033047098620869,0.7599531615925058,0.0,0.011033047098620869,0.006167056986729118,0.006167056986729118,0.03968253968253968,0.01904761904761905,0.01904761904761905,36.344585775382285,36.40991158792592,37.59039152564283,37.59204637652154,38.366681726999474,0.0,1.9087157199448972,0.011033047098620869,1260,9
coarse_100m,100.0,300.0,1000.0,1044.030650891055,0.018969555035128805,0.8795992714025501,0.0,0.018969555035128805,0.010590684361176165,0.010590684361176165,0.046825396825396826,0.023809523809523808,0.023809523809523808,37.45388339740282,37.520907139837306,38.99494372009404,39.90521452745556,39.90975485521695,0.0,2.2273156925991313,0.018969555035128805,1260,9
coarse_100m,100.0,400.0,1000.0,1077.0329614269008,0.10754618787405673,0.9953161592505855,0.0,0.10754618787405673,0.010981004423627375,0.010981004423627375,0.09523809523809523,0.020634920634920634,0.020634920634920634,146.04422573771802,118.21379782557743,153.763171129493,155.3893142483065,157.04611665621772,0.0,34.69689050756532,0.029534218058808223,1260,9
coarse_100m,100.0,500.0,1000.0,1118.033988749895,0.3583398386677075,1.0,0.0,0.3583398386677075,0.004345563361956805,0.004345563361956805,0.2365079365079365,0.007936507936507936,0.007936507936507936,117.94809446651215,111.69139568327725,136.28025574549224,138.89730240443072,143.46939875311944,0.0,36.96295181386063,0.0410096278948738,1260,9
coarse_100m,100.0,600.0,1000.0,1166.19037896906,0.48870673952641164,1.0,0.0,0.48870673952641164,0.0,0.0,0.31666666666666665,0.0,0.0,100.3532516665812,97.25517458556351,123.23561510495753,126.06196828303938,130.93011591840832,0.0,32.49760194907438,0.05209471766848816,1260,9
coarse_100m,100.0,700.0,1000.0,1220.6555615733703,0.570647931303669,1.0,0.0,0.570647931303669,0.0,0.0,0.36984126984126986,0.0,0.0,87.76029632358839,86.1036020629335,111.64331435410904,114.80911970698598,119.42819317897477,0.0,27.530379796581684,0.06645849596669269,1260,9
coarse_100m,100.0,800.0,1000.0,1280.6248474865697,0.6231069476971116,1.0,0.0,0.6231069476971116,0.0,0.0,0.4023809523809524,0.0,0.0,77.9721574455335,77.73240464230649,101.67836893046142,104.78729016115113,108.96409089733976,0.0,22.610482692145283,0.0818631277647671,1260,9
coarse_100m,100.0,900.0,1000.0,1345.362404707371,0.6352328909705959,1.0,0.0,0.6352328909705959,0.0,0.0,0.40476190476190477,0.0,0.0,71.45211723182409,71.9322915399316,93.16024731817829,96.09389706270399,99.53747547266195,0.0,18.1814612452785,0.14098360655737704,1260,9
coarse_100m,100.0,1000.0,1000.0,1414.213562373095,0.6058287795992714,1.0,0.0,0.6058287795992714,0.0,0.0,0.376984126984127,0.0,0.0,67.8146122542249,68.05913177306192,85.95812729501858,88.41219780898071,91.14514633971409,0.0,14.295253763280472,0.209992193598751,1260,9
coarse_100m,100.0,1100.0,1000.0,1486.6068747318504,0.5712464220660942,1.0,0.0,0.5712464220660942,0.0,0.0,0.3484126984126984,0.0,0.0,63.79728795374583,64.89933948783,79.85754232384363,81.91826560950277,83.77810209293558,0.0,10.592858256354146,0.2816029143897996,1260,9
coarse_100m,100.0,1200.0,1000.0,1562.049935181331,0.5465781941191777,0.9967213114754099,0.0,0.5465781941191777,0.0,0.0,0.32936507936507936,0.0,0.0,61.373747405649496,62.577548576496184,74.33437336317797,76.24660510917788,77.41782022768471,0.0,7.842789059619195,0.363127764767109,1260,9
coarse_100m,100.0,1300.0,1000.0,1640.1219466856726,0.5327088212334113,0.9846994535519126,0.0,0.5327088212334113,0.0,0.0,0.319047619047619,0.0,0.0,59.24188185076203,61.561850347565894,69.62811343303433,71.34546287677786,72.03217518901691,0.0,6.752770305652478,0.39916731720010407,1260,9
coarse_100m,100.0,1400.0,1000.0,1720.4650534085254,0.5120218579234973,0.9639344262295082,0.0,0.5120218579234973,0.0,0.0,0.30396825396825394,0.0,0.0,61.734835478035,62.255241009392435,65.72020323383222,67.29365513357568,67.5718709257983,0.0,7.575257967765034,0.3446265938069217,1260,9
coarse_100m,100.0,1500.0,1000.0,1802.7756377319947,0.487535779339058,0.9344262295081968,0.0,0.487535779339058,0.0,0.0,0.2865079365079365,0.0,0.0,64.11908710895732,64.80248428290327,67.5307945577644,68.12092128035599,69.10115461970143,0.0,10.689783545939807,0.2332032266458496,1260,9
coarse_100m,100.0,1600.0,1000.0,1886.7962264113207,0.45901639344262296,0.8966692688004163,0.0,0.45901639344262296,0.0,0.0,0.26666666666666666,0.0,0.0,68.60905881772247,69.07225475782764,72.61655751585364,73.27993548614077,73.81081071975863,0.0,15.330221257113394,0.11303669008587042,1260,9
coarse_100m,100.0,1700.0,1000.0,1972.308292331602,0.4272443403590945,0.8509758001561281,0.0,0.4272443403590945,0.0,0.0,0.24523809523809523,0.0,0.0,73.53163775963677,74.04277209446917,78.12619458229665,78.77369181908207,79.73265140462752,0.0,19.801207209227776,0.0,1260,9
coarse_100m,100.0,1800.0,1000.0,2059.1260281974,0.3933905802758262,0.7962529274004684,0.0,0.3933905802758262,0.0,0.0,0.22301587301587303,0.0,0.0,79.27857504501974,79.65248841217051,84.1324301051751,84.85362377834116,86.22643333144426,0.0,24.001501275506897,0.0,1260,9
coarse_100m,100.0,1900.0,1000.0,2147.091055358389,0.35737704918032787,0.7329950559458757,0.0,0.35737704918032787,0.0,0.0,0.2,0.0,0.0,85.6155670487983,85.8920612714824,90.6578258671285,91.24713926197914,92.16006265922964,0.0,27.88506615579816,0.0,1260,9
coarse_100m,100.0,2000.0,1000.0,2236.06797749979,0.3175904241478012,0.6602914389799636,0.0,0.3175904241478012,0.0,0.0,0.17539682539682538,0.0,0.0,92.55230304443883,92.80277694579614,97.40938628614727,98.36506242850172,99.69458297119236,0.0,31.53424807895508,0.0,1260,9
coarse_100m,100.0,2100.0,1000.0,2325.9406699226015,0.2754098360655738,0.5798594847775176,0.0,0.2754098360655738,0.0,0.0,0.15,0.0,0.0,99.99798939651178,100.29281295885286,104.79742990763377,105.44187553878221,106.44976577470888,0.0,34.80937588177942,0.0,1260,9
coarse_100m,100.0,2200.0,1000.0,2416.6091947189143,0.22906583398386676,0.4897736143637783,0.0,0.22906583398386676,0.0,0.0,0.12301587301587301,0.0,0.0,108.39231393624317,108.4688966968421,112.60529055261023,113.5720577263078,115.05231382109268,0.0,37.89762105324568,0.0,1260,9
coarse_100m,100.0,2300.0,1000.0,2507.9872407968905,0.18423106947697113,0.39091855321363517,0.0,0.18423106947697113,0.0,0.0,0.09761904761904762,0.0,0.0,117.14433054615523,117.29028170199376,121.06615937186064,121.77084889097277,122.65247596964961,0.0,40.70003762668943,0.0,1260,9
coarse_100m,100.0,2400.0,1000.0,2600.0,0.1307832422586521,0.28199323445225083,0.0,0.1307832422586521,0.0,0.0,0.06825396825396825,0.0,0.0,126.51159601611245,126.5997345176776,129.60169923360903,130.28131729599917,132.3431933559225,0.0,43.20829697795428,0.0,1260,9
coarse_100m,100.0,2500.0,1000.0,2692.582403567252,0.08162893572729639,0.16557377049180327,0.0,0.08162893572729639,0.0,0.0,0.04206349206349207,0.0,0.0,136.6657227143856,136.91395855237087,139.7944326109895,140.39733582151965,140.80740846707437,0.0,45.74455763359345,0.0,1260,9
coarse_100m,100.0,2600.0,1000.0,2785.677655436824,0.02810304449648712,0.038849856882643766,0.0,0.02810304449648712,0.0,0.0,0.014285714285714285,0.0,0.0,147.59750015787995,147.73209770632388,149.42047342285562,149.65677629347596,149.65677629347596,0.0,47.99260964396653,0.0,1260,9
coarse_100m,100.0,2700.0,1000.0,2879.2360097775936,0.0,0.0,0.0,0.0,0.0,0.0,0.0,0.0,0.0,nan,nan,nan,nan,nan,nan,nan,0.0,1260,9
coarse_100m,100.0,2800.0,1000.0,2973.213749463701,0.0,0.0,0.0,0.0,0.0,0.0,0.0,0.0,0.0,nan,nan,nan,nan,nan,nan,nan,0.0,1260,9
coarse_100m,100.0,2900.0,1000.0,3067.5723300355935,0.0,0.0,0.0,0.0,0.0,0.0,0.0,0.0,0.0,nan,nan,nan,nan,nan,nan,nan,0.0,1260,9
coarse_100m,100.0,3000.0,1000.0,3162.2776601683795,0.0,0.0,0.0,0.0,0.0,0.0,0.0,0.0,0.0,nan,nan,nan,nan,nan,nan,nan,0.0,1260,9
coarse_100m,100.0,-1500.0,1100.0,1860.1075237738273,0.0,0.0,0.0,0.0,0.0,0.0,0.0,0.0,0.0,nan,nan,nan,nan,nan,nan,nan,0.0,1260,9
coarse_100m,100.0,-1400.0,1100.0,1780.4493814764855,0.0,0.0,0.0,0.0,0.0,0.0,0.0,0.0,0.0,nan,nan,nan,nan,nan,nan,nan,0.0,1260,9
coarse_100m,100.0,-1300.0,1100.0,1702.93863659264,0.0,0.0,0.0,0.0,0.0,0.0,0.0,0.0,0.0,nan,nan,nan,nan,nan,nan,nan,0.0,1260,9
coarse_100m,100.0,-1200.0,1100.0,1627.8820596099706,0.0,0.0,0.0,0.0,0.0,0.0,0.0,0.0,0.0,nan,nan,nan,nan,nan,nan,nan,0.0,1260,9
coarse_100m,100.0,-1100.0,1100.0,1555.6349186104046,0.0,0.0,0.0,0.0,0.0,0.0,0.0,0.0,0.0,nan,nan,nan,nan,nan,nan,nan,0.0,1260,9
coarse_100m,100.0,-1000.0,1100.0,1486.6068747318504,0.0,0.0,0.0,0.0,0.0,0.0,0.0,0.0,0.0,nan,nan,nan,nan,nan,nan,nan,0.0,1260,9
coarse_100m,100.0,-900.0,1100.0,1421.2670403551895,0.0,0.00546448087431694,0.0,0.0,0.0,0.0,0.0,0.0,0.0,nan,nan,nan,nan,nan,nan,nan,0.0,1260,9
coarse_100m,100.0,-800.0,1100.0,1360.1470508735442,0.0,0.019672131147540985,0.0,0.0,0.0,0.0,0.0,0.0,0.0,nan,nan,nan,nan,nan,nan,nan,0.0,1260,9
coarse_100m,100.0,-700.0,1100.0,1303.8404810405298,0.0,0.04329950559458756,0.0,0.0,0.0,0.0,0.0,0.0,0.0,nan,nan,nan,nan,nan,nan,nan,0.0,1260,9
coarse_100m,100.0,-600.0,1100.0,1252.9964086141667,0.0,0.0760863908404892,0.0,0.0,0.0,0.0,0.0,0.0,0.0,nan,nan,nan,nan,nan,nan,nan,0.0,1260,9
coarse_100m,100.0,-500.0,1100.0,1208.3045973594571,0.0,0.11748633879781421,0.0,0.0,0.0,0.0,0.0,0.0,0.0,nan,nan,nan,nan,nan,nan,nan,0.0,1260,9
coarse_100m,100.0,-400.0,1100.0,1170.4699910719626,0.0,0.1678376268540203,0.0,0.0,0.0,0.0,0.0,0.0,0.0,nan,nan,nan,nan,nan,nan,nan,0.0,1260,9
coarse_100m,100.0,-300.0,1100.0,1140.175425099138,0.0,0.22714025500910748,0.0,0.0,0.0,0.0,0.0,0.0,0.0,nan,nan,nan,nan,nan,nan,nan,0.0,1260,9
coarse_100m,100.0,-200.0,1100.0,1118.033988749895,0.0,0.29453551912568304,0.0,0.0,0.0,0.0,0.0,0.0,0.0,nan,nan,nan,nan,nan,nan,nan,0.0,1260,9
coarse_100m,100.0,-100.0,1100.0,1104.536101718726,0.0,0.3716367421285454,0.0,0.0,0.0,0.0,0.0,0.0,0.0,nan,nan,nan,nan,nan,nan,nan,0.0,1260,9
coarse_100m,100.0,0.0,1100.0,1100.0,0.0,0.4566224303929222,0.0,0.0,0.0,0.0,0.0,0.0,0.0,nan,nan,nan,nan,nan,nan,nan,0.0,1260,9
coarse_100m,100.0,100.0,1100.0,1104.536101718726,0.0,0.5492063492063493,0.0,0.0,0.0,0.0,0.0,0.0,0.0,nan,nan,nan,nan,nan,nan,nan,0.0,1260,9
coarse_100m,100.0,200.0,1100.0,1118.033988749895,0.0,0.6503252667187094,0.0,0.0,0.0,0.0,0.0,0.0,0.0,nan,nan,nan,nan,nan,nan,nan,0.0,1260,9
coarse_100m,100.0,300.0,1100.0,1140.175425099138,0.0,0.7599791829300026,0.0,0.0,0.0,0.0,0.0,0.0,0.0,nan,nan,nan,nan,nan,nan,nan,0.0,1260,9
coarse_100m,100.0,400.0,1100.0,1170.4699910719626,0.0,0.8811085089773615,0.0,0.0,0.0,0.0,0.0,0.0,0.0,nan,nan,nan,nan,nan,nan,nan,0.0,1260,9
coarse_100m,100.0,500.0,1100.0,1208.3045973594571,0.06601613322924799,0.9937548790007806,0.0,0.06601613322924799,0.0,0.0,0.034126984126984124,0.0,0.0,132.23906219752735,131.9687282761645,136.55240524114845,137.31366221105023,138.08261984840183,0.0,41.42059690667968,0.0,1260,9
coarse_100m,100.0,600.0,1100.0,1252.9964086141667,0.24941451990632318,1.0,0.0,0.24941451990632318,0.0,0.0,0.1349206349206349,0.0,0.0,111.90530531990188,112.00532754450744,122.5062376492232,124.64350929441379,126.8620370194872,0.0,36.35471579324981,0.0,1260,9
coarse_100m,100.0,700.0,1100.0,1303.8404810405298,0.3559458756180068,1.0,0.0,0.3559458756180068,0.0,0.0,0.1992063492063492,0.0,0.0,97.87795994649512,98.0942923211694,112.124288299311,113.7238240876095,116.55876084022303,0.0,31.1356098709502,0.0,1260,9
coarse_100m,100.0,800.0,1100.0,1360.1470508735442,0.4139734582357533,1.0,0.0,0.4139734582357533,0.0,0.0,0.2365079365079365,0.0,0.0,87.82166025828728,88.07541880118069,103.03029325333712,104.48923772731693,107.1706523706551,0.0,26.080709488957382,0.0,1260,9
coarse_100m,100.0,900.0,1100.0,1421.2670403551895,0.44962269060629717,1.0,0.0,0.44962269060629717,0.0,0.0,0.26031746031746034,0.0,0.0,79.85905385952383,80.25675530895683,94.75769823843346,96.43800250891572,98.69383231939437,0.0,21.01451690702751,0.0011449388498568826,1260,9
coarse_100m,100.0,1000.0,1100.0,1486.6068747318504,0.4670049440541244,1.0,0.0,0.4670049440541244,0.0,0.0,0.2722222222222222,0.0,0.0,73.84116168502166,74.14048733661402,87.50432692095761,89.41616509235718,91.12100191470334,0.0,15.987921706192644,0.0921415560759823,1260,9
coarse_100m,100.0,1100.0,1100.0,1555.6349186104046,0.47161072079104865,0.9967213114754099,0.0,0.47161072079104865,0.0,0.0,0.2753968253968254,0.0,0.0,69.11873864199347,69.30271467093219,81.37908626848758,83.12468598229042,84.4392998543318,0.0,11.037331699260701,0.20567265157429093,1260,9
coarse_100m,100.0,1200.0,1100.0,1627.8820596099706,0.46817590424147804,0.9846994535519126,0.0,0.46817590424147804,0.0,0.0,0.273015873015873,0.0,0.0,65.19039853821714,65.76873343138436,76.0661522170092,77.8059647143514,78.6278434134025,0.0,7.148658452728182,0.3199063231850117,1260,9
coarse_100m,100.0,1300.0,1100.0,1702.93863659264,0.4543065313557117,0.9639344262295082,0.0,0.4543065313557117,0.0,0.0,0.2634920634920635,0.0,0.0,61.91940356583115,64.06683754705776,71.56271455357773,73.17151482073373,73.65530428725289,0.0,5.240099996427503,0.42896174863387976,1260,9
coarse_100m,100.0,1400.0,1100.0,1780.4493814764855,0.4414519906323185,0.9355971896955504,0.0,0.4414519906323185,0.0,0.0,0.25476190476190474,0.0,0.0,63.24374528761163,64.11616221568053,67.76040182064895,69.26982645929331,69.47807916854603,0.0,5.5307291002287995,0.3648191517043976,1260,9
coarse_100m,100.0,1500.0,1100.0,1860.1075237738273,0.4188654696851418,0.8986468904501691,0.0,0.4188654696851418,0.0,0.0,0.2396825396825397,0.0,0.0,65.95456811294714,66.14135945631926,67.6690159237286,68.06312000943515,68.64321695999365,0.0,8.237646431111898,0.25506115014311737,1260,9
coarse_100m,100.0,1600.0,1100.0,1941.6487838947598,0.3933905802758262,0.8527712724434036,0.0,0.3933905802758262,0.0,0.0,0.22301587301587303,0.0,0.0,69.73966754419692,69.99758355051296,72.16025839244809,72.62717418899221,73.34458053641298,0.0,12.644639837447881,0.1350767629456154,1260,9
coarse_100m,100.0,1700.0,1100.0,2024.8456731316587,0.3648711943793911,0.7976580796252928,0.0,0.3648711943793911,0.0,0.0,0.20476190476190476,0.0,0.0,74.16514490693817,74.49665695757447,77.12758896541399,77.61964302501728,78.53616815236974,0.0,16.894387494458126,0.01249024199843872,1260,9
coarse_100m,100.0,1800.0,1100.0,2109.5023109728986,0.3331511839708561,0.734608378870674,0.0,0.3331511839708561,0.0,0.0,0.18492063492063493,0.0,0.0,79.35705996828142,79.55490003326946,82.5416454826549,83.04763747125511,84.23088380710354,0.0,20.90169852609127,0.0,1260,9
coarse_100m,100.0,1900.0,1100.0,2195.4498400100147,0.2966432474629196,0.6621129326047359,0.0,0.2966432474629196,0.0,0.0,0.1626984126984127,0.0,0.0,84.98792531009809,85.17398867541588,88.3062148937071,88.97486097850437,89.49823876140373,0.0,24.670350723578835,0.0,1260,9
coarse_100m,100.0,2000.0,1100.0,2282.5424421026655,0.2578194119177726,0.5818891491022639,0.0,0.2578194119177726,0.0,0.0,0.13968253968253969,0.0,0.0,91.20568214872819,91.37261858643063,94.48806456418404,95.01655784549123,96.11151544344293,0.0,28.199870809187917,0.0,1260,9
coarse_100m,100.0,2100.0,1100.0,2370.65391822594,0.21662763466042154,0.49086651053864166,0.0,0.21662763466042154,0.0,0.0,0.11587301587301588,0.0,0.0,97.94876296957649,98.11208130512406,101.00670567503663,101.5741828499985,102.10260583893974,0.0,31.428217913101086,0.0,1260,9
coarse_100m,100.0,2200.0,1100.0,2459.6747752497686,0.17421285454072338,0.3908925318761384,0.0,0.17421285454072338,0.0,0.0,0.09206349206349207,0.0,0.0,105.48743295996647,105.52682490765879,108.32465102791782,109.10168679718366,109.66404126831172,0.0,34.5539318992961,0.0,1260,9
coarse_100m,100.0,2300.0,1100.0,2549.5097567963926,0.1263856362217018,0.2819672131147541,0.0,0.1263856362217018,0.0,0.0,0.06587301587301587,0.0,0.0,113.30927922772764,113.34590623978711,115.52295904141333,115.95564045141336,116.40261736816697,0.0,37.265996638961845,0.0,1260,9
coarse_100m,100.0,2400.0,1100.0,2640.075756488817,0.0786104605776737,0.16554774915430653,0.0,0.0786104605776737,0.0,0.0,0.04047619047619048,0.0,0.0,121.7783710671465,122.00585016528225,124.26639848236901,124.6640774768708,124.934538459864,0.0,40.04673354902487,0.0,1260,9
coarse_100m,100.0,2500.0,1100.0,2731.300056749533,0.02654176424668228,0.040359094457455114,0.0,0.02654176424668228,0.0,0.0,0.013492063492063493,0.0,0.0,131.2140612457916,131.22834769828927,132.2824272924515,132.44001843379533,132.44001843379533,0.0,42.61374552309582,0.0,1260,9
coarse_100m,100.0,2600.0,1100.0,2823.118842698621,0.0,0.0,0.0,0.0,0.0,0.0,0.0,0.0,0.0,nan,nan,nan,nan,nan,nan,nan,0.0,1260,9
coarse_100m,100.0,2700.0,1100.0,2915.4759474226503,0.0,0.0,0.0,0.0,0.0,0.0,0.0,0.0,0.0,nan,nan,nan,nan,nan,nan,nan,0.0,1260,9
coarse_100m,100.0,2800.0,1100.0,3008.3217912982645,0.0,0.0,0.0,0.0,0.0,0.0,0.0,0.0,0.0,nan,nan,nan,nan,nan,nan,nan,0.0,1260,9
coarse_100m,100.0,2900.0,1100.0,3101.6124838541646,0.0,0.0,0.0,0.0,0.0,0.0,0.0,0.0,0.0,nan,nan,nan,nan,nan,nan,nan,0.0,1260,9
coarse_100m,100.0,3000.0,1100.0,3195.3090617340913,0.0,0.0,0.0,0.0,0.0,0.0,0.0,0.0,0.0,nan,nan,nan,nan,nan,nan,nan,0.0,1260,9
coarse_100m,100.0,-1500.0,1200.0,1920.9372712298546,0.0,0.0,0.0,0.0,0.0,0.0,0.0,0.0,0.0,nan,nan,nan,nan,nan,nan,nan,0.0,1260,9
coarse_100m,100.0,-1400.0,1200.0,1843.9088914585775,0.0,0.0,0.0,0.0,0.0,0.0,0.0,0.0,0.0,nan,nan,nan,nan,nan,nan,nan,0.0,1260,9
coarse_100m,100.0,-1300.0,1200.0,1769.1806012954132,0.0,0.0,0.0,0.0,0.0,0.0,0.0,0.0,0.0,nan,nan,nan,nan,nan,nan,nan,0.0,1260,9
coarse_100m,100.0,-1200.0,1200.0,1697.0562748477141,0.0,0.0,0.0,0.0,0.0,0.0,0.0,0.0,0.0,nan,nan,nan,nan,nan,nan,nan,0.0,1260,9
coarse_100m,100.0,-1100.0,1200.0,1627.8820596099706,0.0,0.0,0.0,0.0,0.0,0.0,0.0,0.0,0.0,nan,nan,nan,nan,nan,nan,nan,0.0,1260,9
coarse_100m,100.0,-1000.0,1200.0,1562.049935181331,0.0,0.0,0.0,0.0,0.0,0.0,0.0,0.0,0.0,nan,nan,nan,nan,nan,nan,nan,0.0,1260,9
coarse_100m,100.0,-900.0,1200.0,1500.0,0.0,0.0,0.0,0.0,0.0,0.0,0.0,0.0,0.0,nan,nan,nan,nan,nan,nan,nan,0.0,1260,9
coarse_100m,100.0,-800.0,1200.0,1442.2205101855957,0.0,0.004423627374447047,0.0,0.0,0.0,0.0,0.0,0.0,0.0,nan,nan,nan,nan,nan,nan,nan,0.0,1260,9
coarse_100m,100.0,-700.0,1200.0,1389.2443989449805,0.0,0.0175904241478012,0.0,0.0,0.0,0.0,0.0,0.0,0.0,nan,nan,nan,nan,nan,nan,nan,0.0,1260,9
coarse_100m,100.0,-600.0,1200.0,1341.640786499874,0.0,0.03950039032006245,0.0,0.0,0.0,0.0,0.0,0.0,0.0,nan,nan,nan,nan,nan,nan,nan,0.0,1260,9
coarse_100m,100.0,-500.0,1200.0,1300.0,0.0,0.0701535258912308,0.0,0.0,0.0,0.0,0.0,0.0,0.0,nan,nan,nan,nan,nan,nan,nan,0.0,1260,9
coarse_100m,100.0,-400.0,1200.0,1264.9110640673518,0.0,0.10954983086130628,0.0,0.0,0.0,0.0,0.0,0.0,0.0,nan,nan,nan,nan,nan,nan,nan,0.0,1260,9
coarse_100m,100.0,-300.0,1200.0,1236.9316876852981,0.0,0.15768930523028885,0.0,0.0,0.0,0.0,0.0,0.0,0.0,nan,nan,nan,nan,nan,nan,nan,0.0,1260,9
coarse_100m,100.0,-200.0,1200.0,1216.552506059644,0.0,0.2145719489981785,0.0,0.0,0.0,0.0,0.0,0.0,0.0,nan,nan,nan,nan,nan,nan,nan,0.0,1260,9
coarse_100m,100.0,-100.0,1200.0,1204.1594578792296,0.0,0.2801977621649753,0.0,0.0,0.0,0.0,0.0,0.0,0.0,nan,nan,nan,nan,nan,nan,nan,0.0,1260,9
coarse_100m,100.0,0.0,1200.0,1200.0,0.0,0.3545667447306792,0.0,0.0,0.0,0.0,0.0,0.0,0.0,nan,nan,nan,nan,nan,nan,nan,0.0,1260,9
coarse_100m,100.0,100.0,1200.0,1204.1594578792296,0.0,0.43767889669529014,0.0,0.0,0.0,0.0,0.0,0.0,0.0,nan,nan,nan,nan,nan,nan,nan,0.0,1260,9
coarse_100m,100.0,200.0,1200.0,1216.552506059644,0.0,0.5295862607338018,0.0,0.0,0.0,0.0,0.0,0.0,0.0,nan,nan,nan,nan,nan,nan,nan,0.0,1260,9
coarse_100m,100.0,300.0,1200.0,1236.9316876852981,0.0,0.6302367941712204,0.0,0.0,0.0,0.0,0.0,0.0,0.0,nan,nan,nan,nan,nan,nan,nan,0.0,1260,9
coarse_100m,100.0,400.0,1200.0,1264.9110640673518,0.0,0.7395784543325526,0.0,0.0,0.0,0.0,0.0,0.0,0.0,nan,nan,nan,nan,nan,nan,nan,0.0,1260,9
coarse_100m,100.0,500.0,1200.0,1300.0,0.0,0.8577153265677856,0.0,0.0,0.0,0.0,0.0,0.0,0.0,nan,nan,nan,nan,nan,nan,nan,0.0,1260,9
coarse_100m,100.0,600.0,1200.0,1341.640786499874,0.02789487379651314,0.9797814207650273,0.0,0.02789487379651314,0.0,0.0,0.014285714285714285,0.0,0.0,121.97040390548668,121.56408280560915,123.82855448898549,124.09813636063616,124.09813636063616,0.0,36.282208292856296,0.0,1260,9
coarse_100m,100.0,700.0,1200.0,1389.2443989449805,0.1697111631537861,1.0,0.0,0.1697111631537861,0.0,0.0,0.08968253968253968,0.0,0.0,106.03658950356335,106.16927091760185,112.57941386742924,113.65969691738468,114.75876016835485,0.0,31.72914894528843,0.0,1260,9
coarse_100m,100.0,800.0,1200.0,1442.2205101855957,0.2617226125422847,1.0,0.0,0.2617226125422847,0.0,0.0,0.14206349206349206,0.0,0.0,94.72232621634659,94.76785414652066,103.44967076865579,104.82558178226707,106.2340637404888,0.0,26.7688917294369,0.0,1260,9
coarse_100m,100.0,900.0,1200.0,1500.0,0.3174863387978142,1.0,0.0,0.3174863387978142,0.0,0.0,0.17539682539682538,0.0,0.0,85.85497515029753,86.18782469039608,95.8362492191545,97.14055960298035,98.5177692673816,0.0,21.888540868396706,0.0,1260,9
coarse_100m,100.0,1000.0,1200.0,1562.049935181331,0.34839968774395,0.99568045797554,0.0,0.34839968774395,0.0,0.0,0.19444444444444445,0.0,0.0,79.50123166451623,79.57836813584944,89.0653862569247,90.45289460673415,91.60018016328677,0.0,17.10518052108113,0.006323185011709602,1260,9
coarse_100m,100.0,1100.0,1200.0,1627.8820596099706,0.36606817590424146,0.9826177465521728,0.0,0.36606817590424146,0.0,0.0,0.20555555555555555,0.0,0.0,74.41852040136698,74.26397653975647,83.12505966798186,84.63754524514219,85.46666878458082,0.0,12.311809713899564,0.11779859484777518,1260,9
coarse_100m,100.0,1200.0,1200.0,1697.0562748477141,0.37111631537861045,0.9608118657298985,0.0,0.37111631537861045,0.0,0.0,0.20873015873015874,0.0,0.0,70.38728632309623,70.06963252132405,78.02306384528657,79.53917714235232,80.09608681535751,0.0,7.651882586111041,0.24186833203226646,1260,9
coarse_100m,100.0,1300.0,1200.0,1769.1806012954132,0.3686182669789227,0.9302628155087171,0.0,0.3686182669789227,0.0,0.0,0.20714285714285716,0.0,0.0,67.00512878822714,67.16146925789407,73.63382884484314,75.13121400304286,75.45935475023741,0.0,4.385585204066113,0.3623731459797034,1260,9
coarse_100m,100.0,1400.0,1200.0,1843.9088914585775,0.3534998698933125,0.8909705958886287,0.0,0.3534998698933125,0.0,0.0,0.1976190476190476,0.0,0.0,65.20274127639401,66.39189761739593,69.92590518198743,71.3790513473248,71.51857873439047,0.0,3.699528963003742,0.3510018214936248,1260,9
coarse_100m,100.0,1500.0,1200.0,1920.9372712298546,0.3408014571948998,0.8429352068696331,0.0,0.3408014571948998,0.0,0.0,0.18968253968253967,0.0,0.0,67.71950946085641,67.8070209581324,68.69672009478886,68.76879843260653,69.13503456428722,0.0,6.001241874585343,0.27392661982825917,1260,9
coarse_100m,100.0,1600.0,1200.0,2000.0,0.3175904241478012,0.7861566484517304,0.0,0.3175904241478012,0.0,0.0,0.17539682539682538,0.0,0.0,71.21016618423324,71.28371457756465,72.63911798874784,72.7616165339735,73.20784892478696,0.0,10.159579452039582,0.15688264376788966,1260,9
coarse_100m,100.0,1700.0,1200.0,2080.865204668481,0.290007806401249,0.7206349206349206,0.0,0.290007806401249,0.0,0.0,0.15873015873015872,0.0,0.0,75.2054457418482,75.3675272728769,77.00913882114025,77.53225684670029,77.71033764542263,0.0,14.188768239216525,0.03109549830861306,1260,9
coarse_100m,100.0,1800.0,1200.0,2163.3307652783938,0.2618787405672652,0.6463700234192038,0.0,0.2618787405672652,0.0,0.0,0.14206349206349206,0.0,0.0,79.92895609673562,79.98411203984259,81.82149009261695,82.42682413715032,82.65626746082869,0.0,18.082477278777578,0.0,1260,9
coarse_100m,100.0,1900.0,1200.0,2247.220505424423,0.22906583398386676,0.5633619568045798,0.0,0.22906583398386676,0.0,0.0,0.12301587301587301,0.0,0.0,84.99794271934276,85.10644606412842,87.04367098774502,87.3061649363682,88.05753868708442,0.0,21.742213282865695,0.0,1260,9
coarse_100m,100.0,2000.0,1200.0,2332.38075793812,0.19274004683840748,0.470439760603695,0.0,0.19274004683840748,0.0,0.0,0.10238095238095238,0.0,0.0,90.64046037195494,90.73088367669898,92.6338081619062,92.9315785155518,93.92421460771655,0.0,25.151875734010126,0.0,1260,9
coarse_100m,100.0,2100.0,1200.0,2418.677324489565,0.151183970856102,0.3697892271662763,0.0,0.151183970856102,0.0,0.0,0.07936507936507936,0.0,0.0,96.73964047588086,96.86543091996732,98.7427825782282,99.01412362315237,99.2973162429393,0.0,28.369260615436687,0.0,1260,9
coarse_100m,100.0,2200.0,1200.0,2505.9928172283335,0.11007025761124122,0.26039552432995056,0.0,0.11007025761124122,0.0,0.0,0.05714285714285714,0.0,0.0,103.53610899544233,103.58754205900557,105.51744656721065,105.7957028643285,106.01053621323413,0.0,31.451996574764085,0.0,1260,9
coarse_100m,100.0,2300.0,1200.0,2594.2243542145693,0.0619568045797554,0.14231069476971117,0.0,0.0619568045797554,0.0,0.0,0.031746031746031744,0.0,0.0,110.68046675511775,110.6816388397705,111.7099108218067,111.87835954397059,112.04962185357151,0.0,34.15494704633233,0.0,1260,9
coarse_100m,100.0,2400.0,1200.0,2683.281572999748,0.01717408274785324,0.02177985948477752,0.0,0.01717408274785324,0.0,0.0,0.00873015873015873,0.0,0.0,119.12020925724363,119.1242826255156,119.52917165844701,119.6334995654311,119.6334995654311,0.0,37.67530229613954,0.0,1260,9
coarse_100m,100.0,2500.0,1200.0,2773.0849247724095,0.0,0.0,0.0,0.0,0.0,0.0,0.0,0.0,0.0,nan,nan,nan,nan,nan,nan,nan,0.0,1260,9
coarse_100m,100.0,2600.0,1200.0,2863.5642126552707,0.0,0.0,0.0,0.0,0.0,0.0,0.0,0.0,0.0,nan,nan,nan,nan,nan,nan,nan,0.0,1260,9
coarse_100m,100.0,2700.0,1200.0,2954.6573405388312,0.0,0.0,0.0,0.0,0.0,0.0,0.0,0.0,0.0,nan,nan,nan,nan,nan,nan,nan,0.0,1260,9
coarse_100m,100.0,2800.0,1200.0,3046.3092423455632,0.0,0.0,0.0,0.0,0.0,0.0,0.0,0.0,0.0,nan,nan,nan,nan,nan,nan,nan,0.0,1260,9
coarse_100m,100.0,2900.0,1200.0,3138.4709652950432,0.0,0.0,0.0,0.0,0.0,0.0,0.0,0.0,0.0,nan,nan,nan,nan,nan,nan,nan,0.0,1260,9
coarse_100m,100.0,3000.0,1200.0,3231.0988842807024,0.0,0.0,0.0,0.0,0.0,0.0,0.0,0.0,0.0,nan,nan,nan,nan,nan,nan,nan,0.0,1260,9
coarse_100m,100.0,-1500.0,1300.0,1984.9433241279207,0.0,0.0,0.0,0.0,0.0,0.0,0.0,0.0,0.0,nan,nan,nan,nan,nan,nan,nan,0.0,1260,9
coarse_100m,100.0,-1400.0,1300.0,1910.49731745428,0.0,0.0,0.0,0.0,0.0,0.0,0.0,0.0,0.0,nan,nan,nan,nan,nan,nan,nan,0.0,1260,9
coarse_100m,100.0,-1300.0,1300.0,1838.4776310850236,0.0,0.0,0.0,0.0,0.0,0.0,0.0,0.0,0.0,nan,nan,nan,nan,nan,nan,nan,0.0,1260,9
coarse_100m,100.0,-1200.0,1300.0,1769.1806012954132,0.0,0.0,0.0,0.0,0.0,0.0,0.0,0.0,0.0,nan,nan,nan,nan,nan,nan,nan,0.0,1260,9
coarse_100m,100.0,-1100.0,1300.0,1702.93863659264,0.0,0.0,0.0,0.0,0.0,0.0,0.0,0.0,0.0,nan,nan,nan,nan,nan,nan,nan,0.0,1260,9
coarse_100m,100.0,-1000.0,1300.0,1640.1219466856726,0.0,0.0,0.0,0.0,0.0,0.0,0.0,0.0,0.0,nan,nan,nan,nan,nan,nan,nan,0.0,1260,9
coarse_100m,100.0,-900.0,1300.0,1581.1388300841897,0.0,0.0,0.0,0.0,0.0,0.0,0.0,0.0,0.0,nan,nan,nan,nan,nan,nan,nan,0.0,1260,9
coarse_100m,100.0,-800.0,1300.0,1526.4337522473747,0.0,0.0,0.0,0.0,0.0,0.0,0.0,0.0,0.0,nan,nan,nan,nan,nan,nan,nan,0.0,1260,9
coarse_100m,100.0,-700.0,1300.0,1476.48230602334,0.0,0.000546448087431694,0.0,0.0,0.0,0.0,0.0,0.0,0.0,nan,nan,nan,nan,nan,nan,nan,0.0,1260,9
coarse_100m,100.0,-600.0,1300.0,1431.7821063276353,0.0,0.009289617486338797,0.0,0.0,0.0,0.0,0.0,0.0,0.0,nan,nan,nan,nan,nan,nan,nan,0.0,1260,9
coarse_100m,100.0,-500.0,1300.0,1392.838827718412,0.0,0.026671870934166016,0.0,0.0,0.0,0.0,0.0,0.0,0.0,nan,nan,nan,nan,nan,nan,nan,0.0,1260,9
coarse_100m,100.0,-400.0,1300.0,1360.1470508735442,0.0,0.053005464480874315,0.0,0.0,0.0,0.0,0.0,0.0,0.0,nan,nan,nan,nan,nan,nan,nan,0.0,1260,9
coarse_100m,100.0,-300.0,1300.0,1334.1664064126335,0.0,0.08782201405152225,0.0,0.0,0.0,0.0,0.0,0.0,0.0,nan,nan,nan,nan,nan,nan,nan,0.0,1260,9
coarse_100m,100.0,-200.0,1300.0,1315.2946437965904,0.0,0.13138173302107728,0.0,0.0,0.0,0.0,0.0,0.0,0.0,nan,nan,nan,nan,nan,nan,nan,0.0,1260,9
coarse_100m,100.0,-100.0,1300.0,1303.8404810405298,0.0,0.18436117616445485,0.0,0.0,0.0,0.0,0.0,0.0,0.0,nan,nan,nan,nan,nan,nan,nan,0.0,1260,9
coarse_100m,100.0,0.0,1300.0,1300.0,0.0,0.24551131928181108,0.0,0.0,0.0,0.0,0.0,0.0,0.0,nan,nan,nan,nan,nan,nan,nan,0.0,1260,9
coarse_100m,100.0,100.0,1300.0,1303.8404810405298,0.0,0.31454592766068173,0.0,0.0,0.0,0.0,0.0,0.0,0.0,nan,nan,nan,nan,nan,nan,nan,0.0,1260,9
coarse_100m,100.0,200.0,1300.0,1315.2946437965904,0.0,0.39313036690085873,0.0,0.0,0.0,0.0,0.0,0.0,0.0,nan,nan,nan,nan,nan,nan,nan,0.0,1260,9
coarse_100m,100.0,300.0,1300.0,1334.1664064126335,0.0,0.48045797553994274,0.0,0.0,0.0,0.0,0.0,0.0,0.0,nan,nan,nan,nan,nan,nan,nan,0.0,1260,9
coarse_100m,100.0,400.0,1300.0,1360.1470508735442,0.0,0.5765287535779339,0.0,0.0,0.0,0.0,0.0,0.0,0.0,nan,nan,nan,nan,nan,nan,nan,0.0,1260,9
coarse_100m,100.0,500.0,1300.0,1392.838827718412,0.0,0.6812906583398387,0.0,0.0,0.0,0.0,0.0,0.0,0.0,nan,nan,nan,nan,nan,nan,nan,0.0,1260,9
coarse_100m,100.0,600.0,1300.0,1431.7821063276353,0.0,0.794847775175644,0.0,0.0,0.0,0.0,0.0,0.0,0.0,nan,nan,nan,nan,nan,nan,nan,0.0,1260,9
coarse_100m,100.0,700.0,1300.0,1476.48230602334,0.0,0.917096018735363,0.0,0.0,0.0,0.0,0.0,0.0,0.0,nan,nan,nan,nan,nan,nan,nan,0.0,1260,9
coarse_100m,100.0,800.0,1300.0,1526.4337522473747,0.07384855581576893,0.9983606557377049,0.0,0.07384855581576893,0.0,0.0,0.0380952380952381,0.0,0.0,102.93141529412813,102.54506198320819,105.33424923352857,105.63732614842124,105.9417233888721,0.0,27.412401825543025,0.0,1260,9
coarse_100m,100.0,900.0,1300.0,1581.1388300841897,0.15537340619307832,0.9896174863387979,0.0,0.15537340619307832,0.0,0.0,0.08174603174603175,0.0,0.0,93.10468958111497,93.07902757311295,97.7772511048824,98.36974504711321,98.84690370619042,0.0,22.863880865175002,0.0,1260,9
coarse_100m,100.0,1000.0,1300.0,1640.1219466856726,0.20947176684881602,0.9720270621909967,0.0,0.20947176684881602,0.0,0.0,0.11190476190476191,0.0,0.0,85.4544398669925,85.60286227375846,91.29112249295642,91.92201561665924,92.46472953651472,0.0,18.193012257087297,0.0,1260,9
coarse_100m,100.0,1100.0,1300.0,1702.93863659264,0.24137392661982826,0.9459016393442623,0.0,0.24137392661982826,0.0,0.0,0.13015873015873017,0.0,0.0,79.97552921678533,79.77000629355729,85.79501936778688,86.32182548663498,86.78010783902342,0.0,13.610700819379593,0.023341139734582357,1260,9
coarse_100m,100.0,1200.0,1300.0,1769.1806012954132,0.25641425969294823,0.9107728337236534,0.0,0.25641425969294823,0.0,0.0,0.1388888888888889,0.0,0.0,74.58029774080568,75.18240730392544,81.0594258772177,81.42021947274938,81.77274685484988,0.0,9.134003272731892,0.1478272183190216,1260,9
coarse_100m,100.0,1300.0,1300.0,1838.4776310850236,0.2618787405672652,0.8669008587041374,0.0,0.2618787405672652,0.0,0.0,0.14206349206349206,0.0,0.0,70.93055045193734,71.48945591898094,76.9896210909011,77.208995269321,77.41636072943449,0.0,4.7776640418488965,0.2618787405672652,1260,9
coarse_100m,100.0,1400.0,1300.0,1910.49731745428,0.25779339058027584,0.8149622690606297,0.0,0.25779339058027584,0.0,0.0,0.13968253968253969,0.0,0.0,67.89701773190339,69.21904513585365,73.49062621792466,73.59175025565756,73.67830076606941,0.0,2.4160792041669117,0.25779339058027584,1260,9
coarse_100m,100.0,1500.0,1300.0,1984.9433241279207,0.24551131928181108,0.7529013791308873,0.0,0.24551131928181108,0.0,0.0,0.13253968253968254,0.0,0.0,69.59061307745375,69.74849213335153,70.52467696032915,70.530537115251,70.53251159097583,0.0,3.861962386727506,0.24551131928181108,1260,9
coarse_100m,100.0,1600.0,1300.0,2061.5528128088304,0.23044496487119437,0.6818891491022638,0.0,0.23044496487119437,0.0,0.0,0.12380952380952381,0.0,0.0,72.7839002279185,72.87290084789673,73.53936286574246,73.8354787655459,73.88841904203922,0.0,7.858445972752276,0.17985948477751756,1260,9
coarse_100m,100.0,1700.0,1300.0,2140.09345590327,0.2053864168618267,0.602888368462139,0.0,0.2053864168618267,0.0,0.0,0.10952380952380952,0.0,0.0,76.59631126718554,76.60538375283662,77.41184939086227,77.75587236505879,77.83277011876065,0.0,11.707250722077141,0.05573770491803279,1260,9
coarse_100m,100.0,1800.0,1300.0,2220.3603311174516,0.1785063752276867,0.515144418423107,0.0,0.1785063752276867,0.0,0.0,0.09444444444444444,0.0,0.0,80.71056007490672,80.81233594873684,81.9750796591456,82.06900151583068,82.16905283015531,0.0,15.425539944192485,0.0,1260,9
coarse_100m,100.0,1900.0,1300.0,2302.1728866442677,0.14826958105646632,0.4187093416601613,0.0,0.14826958105646632,0.0,0.0,0.07777777777777778,0.0,0.0,85.47818840831718,85.4962106888521,86.67746927823691,86.79071428513372,86.9096494176655,0.0,18.981777293272263,0.0,1260,9
coarse_100m,100.0,2000.0,1300.0,2385.3720883753126,0.11451990632318501,0.3134790528233151,0.0,0.11451990632318501,0.0,0.0,0.05952380952380952,0.0,0.0,90.5669317990329,90.66345550298719,91.8417184171461,91.96780446272606,92.06548317912348,0.0,22.37275756525409,0.0,1260,9
coarse_100m,100.0,2100.0,1300.0,2469.817807045694,0.0786104605776737,0.2009367681498829,0.0,0.0786104605776737,0.0,0.0,0.04047619047619048,0.0,0.0,96.24485082289081,96.33326048062935,97.43474502075867,97.56037028360501,97.64599488962973,0.0,25.609913712698905,0.0,1260,9
coarse_100m,100.0,2200.0,1300.0,2555.3864678361274,0.03892792089513401,0.07837626854020296,0.0,0.03892792089513401,0.0,0.0,0.01984126984126984,0.0,0.0,102.36257015700943,102.47881660925161,103.55020611250141,103.60447321787973,103.65920584194446,0.0,28.639702794992452,0.0,1260,9
coarse_100m,100.0,2300.0,1300.0,2641.968962724581,0.0,0.0,0.0,0.0,0.0,0.0,0.0,0.0,0.0,nan,nan,nan,nan,nan,nan,nan,0.0,1260,9
coarse_100m,100.0,2400.0,1300.0,2729.468812791236,0.0,0.0,0.0,0.0,0.0,0.0,0.0,0.0,0.0,nan,nan,nan,nan,nan,nan,nan,0.0,1260,9
coarse_100m,100.0,2500.0,1300.0,2817.8005607210744,0.0,0.0,0.0,0.0,0.0,0.0,0.0,0.0,0.0,nan,nan,nan,nan,nan,nan,nan,0.0,1260,9
coarse_100m,100.0,2600.0,1300.0,2906.8883707497266,0.0,0.0,0.0,0.0,0.0,0.0,0.0,0.0,0.0,nan,nan,nan,nan,nan,nan,nan,0.0,1260,9
coarse_100m,100.0,2700.0,1300.0,2996.6648127543394,0.0,0.0,0.0,0.0,0.0,0.0,0.0,0.0,0.0,nan,nan,nan,nan,nan,nan,nan,0.0,1260,9
coarse_100m,100.0,2800.0,1300.0,3087.0698080866264,0.0,0.0,0.0,0.0,0.0,0.0,0.0,0.0,0.0,nan,nan,nan,nan,nan,nan,nan,0.0,1260,9
coarse_100m,100.0,2900.0,1300.0,3178.0497164141407,0.0,0.0,0.0,0.0,0.0,0.0,0.0,0.0,0.0,nan,nan,nan,nan,nan,nan,nan,0.0,1260,9
coarse_100m,100.0,3000.0,1300.0,3269.556544854363,0.0,0.0,0.0,0.0,0.0,0.0,0.0,0.0,0.0,nan,nan,nan,nan,nan,nan,nan,0.0,1260,9
coarse_100m,100.0,-1500.0,1400.0,2051.828452868319,0.0,0.0,0.0,0.0,0.0,0.0,0.0,0.0,0.0,nan,nan,nan,nan,nan,nan,nan,0.0,1260,9
coarse_100m,100.0,-1400.0,1400.0,1979.8989873223331,0.0,0.0,0.0,0.0,0.0,0.0,0.0,0.0,0.0,nan,nan,nan,nan,nan,nan,nan,0.0,1260,9
coarse_100m,100.0,-1300.0,1400.0,1910.49731745428,0.0,0.0,0.0,0.0,0.0,0.0,0.0,0.0,0.0,nan,nan,nan,nan,nan,nan,nan,0.0,1260,9
coarse_100m,100.0,-1200.0,1400.0,1843.9088914585775,0.0,0.0,0.0,0.0,0.0,0.0,0.0,0.0,0.0,nan,nan,nan,nan,nan,nan,nan,0.0,1260,9
coarse_100m,100.0,-1100.0,1400.0,1780.4493814764855,0.0,0.0,0.0,0.0,0.0,0.0,0.0,0.0,0.0,nan,nan,nan,nan,nan,nan,nan,0.0,1260,9
coarse_100m,100.0,-1000.0,1400.0,1720.4650534085254,0.0,0.0,0.0,0.0,0.0,0.0,0.0,0.0,0.0,nan,nan,nan,nan,nan,nan,nan,0.0,1260,9
coarse_100m,100.0,-900.0,1400.0,1664.3316977093239,0.0,0.0,0.0,0.0,0.0,0.0,0.0,0.0,0.0,nan,nan,nan,nan,nan,nan,nan,0.0,1260,9
coarse_100m,100.0,-800.0,1400.0,1612.4515496597098,0.0,0.0,0.0,0.0,0.0,0.0,0.0,0.0,0.0,nan,nan,nan,nan,nan,nan,nan,0.0,1260,9
coarse_100m,100.0,-700.0,1400.0,1565.2475842498527,0.0,0.0,0.0,0.0,0.0,0.0,0.0,0.0,0.0,nan,nan,nan,nan,nan,nan,nan,0.0,1260,9
coarse_100m,100.0,-600.0,1400.0,1523.1546211727816,0.0,0.0,0.0,0.0,0.0,0.0,0.0,0.0,0.0,nan,nan,nan,nan,nan,nan,nan,0.0,1260,9
coarse_100m,100.0,-500.0,1400.0,1486.6068747318504,0.0,0.000546448087431694,0.0,0.0,0.0,0.0,0.0,0.0,0.0,nan,nan,nan,nan,nan,nan,nan,0.0,1260,9
coarse_100m,100.0,-400.0,1400.0,1456.0219778561036,0.0,0.00819672131147541,0.0,0.0,0.0,0.0,0.0,0.0,0.0,nan,nan,nan,nan,nan,nan,nan,0.0,1260,9
coarse_100m,100.0,-300.0,1400.0,1431.7821063276353,0.0,0.02459016393442623,0.0,0.0,0.0,0.0,0.0,0.0,0.0,nan,nan,nan,nan,nan,nan,nan,0.0,1260,9
coarse_100m,100.0,-200.0,1400.0,1414.213562373095,0.0,0.050481394743689824,0.0,0.0,0.0,0.0,0.0,0.0,0.0,nan,nan,nan,nan,nan,nan,nan,0.0,1260,9
coarse_100m,100.0,-100.0,1400.0,1403.56688476182,0.0,0.08417902680197763,0.0,0.0,0.0,0.0,0.0,0.0,0.0,nan,nan,nan,nan,nan,nan,nan,0.0,1260,9
coarse_100m,100.0,0.0,1400.0,1400.0,0.0,0.1269320843091335,0.0,0.0,0.0,0.0,0.0,0.0,0.0,nan,nan,nan,nan,nan,nan,nan,0.0,1260,9
coarse_100m,100.0,100.0,1400.0,1403.56688476182,0.0,0.17842831121519645,0.0,0.0,0.0,0.0,0.0,0.0,0.0,nan,nan,nan,nan,nan,nan,nan,0.0,1260,9
coarse_100m,100.0,200.0,1400.0,1414.213562373095,0.0,0.2386416861826698,0.0,0.0,0.0,0.0,0.0,0.0,0.0,nan,nan,nan,nan,nan,nan,nan,0.0,1260,9
coarse_100m,100.0,300.0,1400.0,1431.7821063276353,0.0,0.3076502732240437,0.0,0.0,0.0,0.0,0.0,0.0,0.0,nan,nan,nan,nan,nan,nan,nan,0.0,1260,9
coarse_100m,100.0,400.0,1400.0,1456.0219778561036,0.0,0.3864168618266979,0.0,0.0,0.0,0.0,0.0,0.0,0.0,nan,nan,nan,nan,nan,nan,nan,0.0,1260,9
coarse_100m,100.0,500.0,1400.0,1486.6068747318504,0.0,0.4719750195160031,0.0,0.0,0.0,0.0,0.0,0.0,0.0,nan,nan,nan,nan,nan,nan,nan,0.0,1260,9
coarse_100m,100.0,600.0,1400.0,1523.1546211727816,0.0,0.5643767889669529,0.0,0.0,0.0,0.0,0.0,0.0,0.0,nan,nan,nan,nan,nan,nan,nan,0.0,1260,9
coarse_100m,100.0,700.0,1400.0,1565.2475842498527,0.0,0.6584439240176945,0.0,0.0,0.0,0.0,0.0,0.0,0.0,nan,nan,nan,nan,nan,nan,nan,0.0,1260,9
coarse_100m,100.0,800.0,1400.0,1612.4515496597098,0.0,0.7538381472807703,0.0,0.0,0.0,0.0,0.0,0.0,0.0,nan,nan,nan,nan,nan,nan,nan,0.0,1260,9
coarse_100m,100.0,900.0,1400.0,1664.3316977093239,0.00156128024980484,0.8480614103564923,0.0,0.00156128024980484,0.0,0.0,0.0007936507936507937,0.0,0.0,99.5698651222506,99.5698651222506,99.5698651222506,99.5698651222506,99.5698651222506,0.0,22.58471984912103,0.0,1260,9
coarse_100m,100.0,1000.0,1400.0,1720.4650534085254,0.04181628935727296,0.8960447567004944,0.0,0.04181628935727296,0.0,0.0,0.02142857142857143,0.0,0.0,92.60414236740263,92.1585191850525,93.47539089313094,93.55448811168769,93.6335629141403,0.0,18.93752665072784,0.0,1260,9
coarse_100m,100.0,1100.0,1400.0,1780.4493814764855,0.09206349206349207,0.8621909966172261,0.0,0.09206349206349207,0.0,0.0,0.047619047619047616,0.0,0.0,85.93591344427742,85.88545274738513,88.03701788469752,88.20952807521684,88.32403564335591,0.0,14.858037320852398,0.0,1260,9
coarse_100m,100.0,1200.0,1400.0,1843.9088914585775,0.12328909705958886,0.8087171480614104,0.0,0.12328909705958886,0.0,0.0,0.06428571428571428,0.0,0.0,81.20075196138079,80.72157610123357,83.35089874822003,83.50699833117828,83.62240012099396,0.0,10.53834619367313,0.04015092375748113,1260,9
coarse_100m,100.0,1300.0,1400.0,1910.49731745428,0.13653395784543326,0.745719489981785,0.0,0.13653395784543326,0.0,0.0,0.07142857142857142,0.0,0.0,76.27065449691422,76.69266336196304,79.32180399893659,79.41514861174652,79.5052493093614,0.0,6.361848044888764,0.13653395784543326,1260,9
coarse_100m,100.0,1400.0,1400.0,1979.8989873223331,0.14241478011969816,0.6737444704657819,0.0,0.14241478011969816,0.0,0.0,0.0746031746031746,0.0,0.0,73.04208908701781,73.40088312089506,75.85751375098756,75.90819266050663,75.94455984242934,0.0,2.346867428608955,0.14241478011969816,1260,9
coarse_100m,100.0,1500.0,1400.0,2051.828452868319,0.13950039032006245,0.5947697111631538,0.0,0.13950039032006245,0.0,0.0,0.07301587301587302,0.0,0.0,71.78592773843721,72.01430261412747,72.91838788344384,72.91984752141441,72.9203316489268,0.0,1.934792903389388,0.13950039032006245,1260,9
coarse_100m,100.0,1600.0,1400.0,2126.02916254693,0.12773874577153266,0.505048139474369,0.0,0.12773874577153266,0.0,0.0,0.06666666666666667,0.0,0.0,74.63480551538281,74.71938102626468,74.96718221625935,75.1680864694811,75.1815791766418,0.0,5.749454380097192,0.12773874577153266,1260,9
coarse_100m,100.0,1700.0,1400.0,2202.271554554524,0.11155347384855581,0.4075982305490502,0.0,0.11155347384855581,0.0,0.0,0.05793650793650794,0.0,0.0,78.09191056927511,78.15606926852728,78.62571019731742,78.65001023318091,78.66911997259847,0.0,9.474042429012666,0.07400468384074942,1260,9
coarse_100m,100.0,1800.0,1400.0,2280.350850198276,0.08464741087691907,0.3013791308873276,0.0,0.08464741087691907,0.0,0.0,0.04365079365079365,0.0,0.0,82.01176425079466,82.00799067966376,82.45300053540487,82.48355054285432,82.50453091711167,0.0,13.03576674404158,0.0,1260,9
coarse_100m,100.0,1900.0,1400.0,2360.084744241189,0.05883424408014572,0.18646890450169137,0.0,0.05883424408014572,0.0,0.0,0.03015873015873016,0.0,0.0,86.2127073925803,86.35233724160842,86.68413479608829,87.16490175334904,87.18215721483985,0.0,16.63010026879561,0.0,1260,9
coarse_100m,100.0,2000.0,1400.0,2441.3111231467406,0.028051001821493626,0.06440281030444965,0.0,0.028051001821493626,0.0,0.0,0.014285714285714285,0.0,0.0,91.1145386122199,91.18507033880034,91.81357809618476,91.83759315451144,91.83759315451144,0.0,20.19558876113405,0.0,1260,9
coarse_100m,100.0,2100.0,1400.0,2523.8858928247923,0.00156128024980484,0.00156128024980484,0.0,0.00156128024980484,0.0,0.0,0.0007936507936507937,0.0,0.0,96.87566907237733,96.87566907237733,96.87566907237733,96.87566907237733,96.87566907237733,0.0,24.600723178945657,0.0,1260,9
coarse_100m,100.0,2200.0,1400.0,2607.6809620810595,0.0,0.0,0.0,0.0,0.0,0.0,0.0,0.0,0.0,nan,nan,nan,nan,nan,nan,nan,0.0,1260,9
coarse_100m,100.0,2300.0,1400.0,2692.582403567252,0.0,0.0,0.0,0.0,0.0,0.0,0.0,0.0,0.0,nan,nan,nan,nan,nan,nan,nan,0.0,1260,9
coarse_100m,100.0,2400.0,1400.0,2778.488797889961,0.0,0.0,0.0,0.0,0.0,0.0,0.0,0.0,0.0,nan,nan,nan,nan,nan,nan,nan,0.0,1260,9
coarse_100m,100.0,2500.0,1400.0,2865.3097563788806,0.0,0.0,0.0,0.0,0.0,0.0,0.0,0.0,0.0,nan,nan,nan,nan,nan,nan,nan,0.0,1260,9
coarse_100m,100.0,2600.0,1400.0,2952.96461204668,0.0,0.0,0.0,0.0,0.0,0.0,0.0,0.0,0.0,nan,nan,nan,nan,nan,nan,nan,0.0,1260,9
coarse_100m,100.0,2700.0,1400.0,3041.38126514911,0.0,0.0,0.0,0.0,0.0,0.0,0.0,0.0,0.0,nan,nan,nan,nan,nan,nan,nan,0.0,1260,9
coarse_100m,100.0,2800.0,1400.0,3130.4951684997054,0.0,0.0,0.0,0.0,0.0,0.0,0.0,0.0,0.0,nan,nan,nan,nan,nan,nan,nan,0.0,1260,9
coarse_100m,100.0,2900.0,1400.0,3220.2484376209236,0.0,0.0,0.0,0.0,0.0,0.0,0.0,0.0,0.0,nan,nan,nan,nan,nan,nan,nan,0.0,1260,9
coarse_100m,100.0,3000.0,1400.0,3310.58907144937,0.0,0.0,0.0,0.0,0.0,0.0,0.0,0.0,0.0,nan,nan,nan,nan,nan,nan,nan,0.0,1260,9
coarse_100m,100.0,-1500.0,1500.0,2121.3203435596424,0.0,0.0,0.0,0.0,0.0,0.0,0.0,0.0,0.0,nan,nan,nan,nan,nan,nan,nan,0.0,1260,9
coarse_100m,100.0,-1400.0,1500.0,2051.828452868319,0.0,0.0,0.0,0.0,0.0,0.0,0.0,0.0,0.0,nan,nan,nan,nan,nan,nan,nan,0.0,1260,9
coarse_100m,100.0,-1300.0,1500.0,1984.9433241279207,0.0,0.0,0.0,0.0,0.0,0.0,0.0,0.0,0.0,nan,nan,nan,nan,nan,nan,nan,0.0,1260,9
coarse_100m,100.0,-1200.0,1500.0,1920.9372712298546,0.0,0.0,0.0,0.0,0.0,0.0,0.0,0.0,0.0,nan,nan,nan,nan,nan,nan,nan,0.0,1260,9
coarse_100m,100.0,-1100.0,1500.0,1860.1075237738273,0.0,0.0,0.0,0.0,0.0,0.0,0.0,0.0,0.0,nan,nan,nan,nan,nan,nan,nan,0.0,1260,9
coarse_100m,100.0,-1000.0,1500.0,1802.7756377319947,0.0,0.0,0.0,0.0,0.0,0.0,0.0,0.0,0.0,nan,nan,nan,nan,nan,nan,nan,0.0,1260,9
coarse_100m,100.0,-900.0,1500.0,1749.28556845359,0.0,0.0,0.0,0.0,0.0,0.0,0.0,0.0,0.0,nan,nan,nan,nan,nan,nan,nan,0.0,1260,9
coarse_100m,100.0,-800.0,1500.0,1700.0,0.0,0.0,0.0,0.0,0.0,0.0,0.0,0.0,0.0,nan,nan,nan,nan,nan,nan,nan,0.0,1260,9
coarse_100m,100.0,-700.0,1500.0,1655.294535724685,0.0,0.0,0.0,0.0,0.0,0.0,0.0,0.0,0.0,nan,nan,nan,nan,nan,nan,nan,0.0,1260,9
coarse_100m,100.0,-600.0,1500.0,1615.5494421403512,0.0,0.0,0.0,0.0,0.0,0.0,0.0,0.0,0.0,nan,nan,nan,nan,nan,nan,nan,0.0,1260,9
coarse_100m,100.0,-500.0,1500.0,1581.1388300841897,0.0,0.0,0.0,0.0,0.0,0.0,0.0,0.0,0.0,nan,nan,nan,nan,nan,nan,nan,0.0,1260,9
coarse_100m,100.0,-400.0,1500.0,1552.4174696260025,0.0,0.0,0.0,0.0,0.0,0.0,0.0,0.0,0.0,nan,nan,nan,nan,nan,nan,nan,0.0,1260,9
coarse_100m,100.0,-300.0,1500.0,1529.7058540778355,0.0,0.0,0.0,0.0,0.0,0.0,0.0,0.0,0.0,nan,nan,nan,nan,nan,nan,nan,0.0,1260,9
coarse_100m,100.0,-200.0,1500.0,1513.2745950421556,0.0,0.0,0.0,0.0,0.0,0.0,0.0,0.0,0.0,nan,nan,nan,nan,nan,nan,nan,0.0,1260,9
coarse_100m,100.0,-100.0,1500.0,1503.3296378372909,0.0,0.0,0.0,0.0,0.0,0.0,0.0,0.0,0.0,nan,nan,nan,nan,nan,nan,nan,0.0,1260,9
coarse_100m,100.0,0.0,1500.0,1500.0,0.0,0.00020817069997397866,0.0,0.0,0.0,0.0,0.0,0.0,0.0,nan,nan,nan,nan,nan,nan,nan,0.0,1260,9
coarse_100m,100.0,100.0,1500.0,1503.3296378372909,0.0,0.005230288836846214,0.0,0.0,0.0,0.0,0.0,0.0,0.0,nan,nan,nan,nan,nan,nan,nan,0.0,1260,9
coarse_100m,100.0,200.0,1500.0,1513.2745950421556,0.0,0.013739266198282592,0.0,0.0,0.0,0.0,0.0,0.0,0.0,nan,nan,nan,nan,nan,nan,nan,0.0,1260,9
coarse_100m,100.0,300.0,1500.0,1529.7058540778355,0.0,0.024329950559458757,0.0,0.0,0.0,0.0,0.0,0.0,0.0,nan,nan,nan,nan,nan,nan,nan,0.0,1260,9
coarse_100m,100.0,400.0,1500.0,1552.4174696260025,0.0,0.036065573770491806,0.0,0.0,0.0,0.0,0.0,0.0,0.0,nan,nan,nan,nan,nan,nan,nan,0.0,1260,9
coarse_100m,100.0,500.0,1500.0,1581.1388300841897,0.0,0.05105386416861827,0.0,0.0,0.0,0.0,0.0,0.0,0.0,nan,nan,nan,nan,nan,nan,nan,0.0,1260,9
coarse_100m,100.0,600.0,1500.0,1615.5494421403512,0.0,0.06614623991673171,0.0,0.0,0.0,0.0,0.0,0.0,0.0,nan,nan,nan,nan,nan,nan,nan,0.0,1260,9
coarse_100m,100.0,700.0,1500.0,1655.294535724685,0.0,0.08196721311475409,0.0,0.0,0.0,0.0,0.0,0.0,0.0,nan,nan,nan,nan,nan,nan,nan,0.0,1260,9
coarse_100m,100.0,800.0,1500.0,1700.0,0.0,0.09927140255009108,0.0,0.0,0.0,0.0,0.0,0.0,0.0,nan,nan,nan,nan,nan,nan,nan,0.0,1260,9
coarse_100m,100.0,900.0,1500.0,1749.28556845359,0.0,0.11933385376008326,0.0,0.0,0.0,0.0,0.0,0.0,0.0,nan,nan,nan,nan,nan,nan,nan,0.0,1260,9
coarse_100m,100.0,1000.0,1500.0,1802.7756377319947,0.0,0.14015092375748114,0.0,0.0,0.0,0.0,0.0,0.0,0.0,nan,nan,nan,nan,nan,nan,nan,0.0,1260,9
coarse_100m,100.0,1100.0,1500.0,1860.1075237738273,0.0,0.16057767369242779,0.0,0.0,0.0,0.0,0.0,0.0,0.0,nan,nan,nan,nan,nan,nan,nan,0.0,1260,9
coarse_100m,100.0,1200.0,1500.0,1920.9372712298546,0.0,0.18337236533957846,0.0,0.0,0.0,0.0,0.0,0.0,0.0,nan,nan,nan,nan,nan,nan,nan,0.0,1260,9
coarse_100m,100.0,1300.0,1500.0,1984.9433241279207,0.0078064012490242,0.1926359614884205,0.0,0.0078064012490242,0.0,0.0,0.003968253968253968,0.0,0.0,81.66981911240521,81.66960857503054,81.70944663423779,81.70944663423779,81.70944663423779,0.0,6.895206479519277,0.0078064012490242,1260,9
coarse_100m,100.0,1400.0,1500.0,2051.828452868319,0.01405152224824356,0.16450689565443663,0.0,0.01405152224824356,0.0,0.0,0.007142857142857143,0.0,0.0,78.27428824891366,78.27352297670993,78.30643430188735,78.30643430188735,78.30643430188735,0.0,3.2506374723037212,0.01405152224824356,1260,9
coarse_100m,100.0,1500.0,1500.0,2121.3203435596424,0.018709341660161333,0.11717408274785324,0.0,0.018709341660161333,0.0,0.0,0.009523809523809525,0.0,0.0,75.39161957966142,75.28483476625108,75.39445001013371,75.39456709103202,75.39456709103202,0.0,0.6243087311824821,0.018709341660161333,1260,9
coarse_100m,100.0,1600.0,1500.0,2193.171219946131,0.01405152224824356,0.061696591204787925,0.0,0.01405152224824356,0.0,0.0,0.007142857142857143,0.0,0.0,76.81646460485193,76.81654655458955,76.82023515706673,76.82023515706673,76.82023515706673,0.0,4.458153606228191,0.01405152224824356,1260,9
coarse_100m,100.0,1700.0,1500.0,2267.1568097509266,0.0078064012490242,0.016965912047879263,0.0,0.0078064012490242,0.0,0.0,0.003968253968253968,0.0,0.0,80.04500480671028,80.04505859810345,80.05147393183972,80.05147393183972,80.05147393183972,0.0,8.506688332522332,0.0078064012490242,1260,9
coarse_100m,100.0,1800.0,1500.0,2343.074902771996,0.0,0.0,0.0,0.0,0.0,0.0,0.0,0.0,0.0,nan,nan,nan,nan,nan,nan,nan,0.0,1260,9
coarse_100m,100.0,1900.0,1500.0,2420.7436873820407,0.0,0.0,0.0,0.0,0.0,0.0,0.0,0.0,0.0,nan,nan,nan,nan,nan,nan,nan,0.0,1260,9
coarse_100m,100.0,2000.0,1500.0,2500.0,0.0,0.0,0.0,0.0,0.0,0.0,0.0,0.0,0.0,nan,nan,nan,nan,nan,nan,nan,0.0,1260,9
coarse_100m,100.0,2100.0,1500.0,2580.697580112788,0.0,0.0,0.0,0.0,0.0,0.0,0.0,0.0,0.0,nan,nan,nan,nan,nan,nan,nan,0.0,1260,9
coarse_100m,100.0,2200.0,1500.0,2662.7053911388693,0.0,0.0,0.0,0.0,0.0,0.0,0.0,0.0,0.0,nan,nan,nan,nan,nan,nan,nan,0.0,1260,9
coarse_100m,100.0,2300.0,1500.0,2745.906043549196,0.0,0.0,0.0,0.0,0.0,0.0,0.0,0.0,0.0,nan,nan,nan,nan,nan,nan,nan,0.0,1260,9
coarse_100m,100.0,2400.0,1500.0,2830.1943396169813,0.0,0.0,0.0,0.0,0.0,0.0,0.0,0.0,0.0,nan,nan,nan,nan,nan,nan,nan,0.0,1260,9
coarse_100m,100.0,2500.0,1500.0,2915.4759474226503,0.0,0.0,0.0,0.0,0.0,0.0,0.0,0.0,0.0,nan,nan,nan,nan,nan,nan,nan,0.0,1260,9
coarse_100m,100.0,2600.0,1500.0,3001.6662039607268,0.0,0.0,0.0,0.0,0.0,0.0,0.0,0.0,0.0,nan,nan,nan,nan,nan,nan,nan,0.0,1260,9
coarse_100m,100.0,2700.0,1500.0,3088.6890422961,0.0,0.0,0.0,0.0,0.0,0.0,0.0,0.0,0.0,nan,nan,nan,nan,nan,nan,nan,0.0,1260,9
coarse_100m,100.0,2800.0,1500.0,3176.4760348537184,0.0,0.0,0.0,0.0,0.0,0.0,0.0,0.0,0.0,nan,nan,nan,nan,nan,nan,nan,0.0,1260,9
coarse_100m,100.0,2900.0,1500.0,3264.9655434629017,0.0,0.0,0.0,0.0,0.0,0.0,0.0,0.0,0.0,nan,nan,nan,nan,nan,nan,nan,0.0,1260,9
coarse_100m,100.0,3000.0,1500.0,3354.1019662496847,0.0,0.0,0.0,0.0,0.0,0.0,0.0,0.0,0.0,nan,nan,nan,nan,nan,nan,nan,0.0,1260,9
coarse_100m,100.0,-1500.0,1600.0,2193.171219946131,0.0,0.0,0.0,0.0,0.0,0.0,0.0,0.0,0.0,nan,nan,nan,nan,nan,nan,nan,0.0,1260,9
coarse_100m,100.0,-1400.0,1600.0,2126.02916254693,0.0,0.0,0.0,0.0,0.0,0.0,0.0,0.0,0.0,nan,nan,nan,nan,nan,nan,nan,0.0,1260,9
coarse_100m,100.0,-1300.0,1600.0,2061.5528128088304,0.0,0.0,0.0,0.0,0.0,0.0,0.0,0.0,0.0,nan,nan,nan,nan,nan,nan,nan,0.0,1260,9
coarse_100m,100.0,-1200.0,1600.0,2000.0,0.0,0.0,0.0,0.0,0.0,0.0,0.0,0.0,0.0,nan,nan,nan,nan,nan,nan,nan,0.0,1260,9
coarse_100m,100.0,-1100.0,1600.0,1941.6487838947598,0.0,0.0,0.0,0.0,0.0,0.0,0.0,0.0,0.0,nan,nan,nan,nan,nan,nan,nan,0.0,1260,9
coarse_100m,100.0,-1000.0,1600.0,1886.7962264113207,0.0,0.0,0.0,0.0,0.0,0.0,0.0,0.0,0.0,nan,nan,nan,nan,nan,nan,nan,0.0,1260,9
coarse_100m,100.0,-900.0,1600.0,1835.7559750685818,0.0,0.0,0.0,0.0,0.0,0.0,0.0,0.0,0.0,nan,nan,nan,nan,nan,nan,nan,0.0,1260,9
coarse_100m,100.0,-800.0,1600.0,1788.8543819998317,0.0,0.0,0.0,0.0,0.0,0.0,0.0,0.0,0.0,nan,nan,nan,nan,nan,nan,nan,0.0,1260,9
coarse_100m,100.0,-700.0,1600.0,1746.424919657298,0.0,0.0,0.0,0.0,0.0,0.0,0.0,0.0,0.0,nan,nan,nan,nan,nan,nan,nan,0.0,1260,9
coarse_100m,100.0,-600.0,1600.0,1708.8007490635061,0.0,0.0,0.0,0.0,0.0,0.0,0.0,0.0,0.0,nan,nan,nan,nan,nan,nan,nan,0.0,1260,9
coarse_100m,100.0,-500.0,1600.0,1676.305461424021,0.0,0.0,0.0,0.0,0.0,0.0,0.0,0.0,0.0,nan,nan,nan,nan,nan,nan,nan,0.0,1260,9
coarse_100m,100.0,-400.0,1600.0,1649.2422502470642,0.0,0.0,0.0,0.0,0.0,0.0,0.0,0.0,0.0,nan,nan,nan,nan,nan,nan,nan,0.0,1260,9
coarse_100m,100.0,-300.0,1600.0,1627.8820596099706,0.0,0.0,0.0,0.0,0.0,0.0,0.0,0.0,0.0,nan,nan,nan,nan,nan,nan,nan,0.0,1260,9
coarse_100m,100.0,-200.0,1600.0,1612.4515496597098,0.0,0.0,0.0,0.0,0.0,0.0,0.0,0.0,0.0,nan,nan,nan,nan,nan,nan,nan,0.0,1260,9
coarse_100m,100.0,-100.0,1600.0,1603.1219541881396,0.0,0.0,0.0,0.0,0.0,0.0,0.0,0.0,0.0,nan,nan,nan,nan,nan,nan,nan,0.0,1260,9
coarse_100m,100.0,0.0,1600.0,1600.0,0.0,0.0,0.0,0.0,0.0,0.0,0.0,0.0,0.0,nan,nan,nan,nan,nan,nan,nan,0.0,1260,9
coarse_100m,100.0,100.0,1600.0,1603.1219541881396,0.0,0.0,0.0,0.0,0.0,0.0,0.0,0.0,0.0,nan,nan,nan,nan,nan,nan,nan,0.0,1260,9
coarse_100m,100.0,200.0,1600.0,1612.4515496597098,0.0,0.0,0.0,0.0,0.0,0.0,0.0,0.0,0.0,nan,nan,nan,nan,nan,nan,nan,0.0,1260,9
coarse_100m,100.0,300.0,1600.0,1627.8820596099706,0.0,0.0,0.0,0.0,0.0,0.0,0.0,0.0,0.0,nan,nan,nan,nan,nan,nan,nan,0.0,1260,9
coarse_100m,100.0,400.0,1600.0,1649.2422502470642,0.0,0.0,0.0,0.0,0.0,0.0,0.0,0.0,0.0,nan,nan,nan,nan,nan,nan,nan,0.0,1260,9
coarse_100m,100.0,500.0,1600.0,1676.305461424021,0.0,0.0,0.0,0.0,0.0,0.0,0.0,0.0,0.0,nan,nan,nan,nan,nan,nan,nan,0.0,1260,9
coarse_100m,100.0,600.0,1600.0,1708.8007490635061,0.0,0.0,0.0,0.0,0.0,0.0,0.0,0.0,0.0,nan,nan,nan,nan,nan,nan,nan,0.0,1260,9
coarse_100m,100.0,700.0,1600.0,1746.424919657298,0.0,0.0,0.0,0.0,0.0,0.0,0.0,0.0,0.0,nan,nan,nan,nan,nan,nan,nan,0.0,1260,9
coarse_100m,100.0,800.0,1600.0,1788.8543819998317,0.0,0.0,0.0,0.0,0.0,0.0,0.0,0.0,0.0,nan,nan,nan,nan,nan,nan,nan,0.0,1260,9
coarse_100m,100.0,900.0,1600.0,1835.7559750685818,0.0,0.0,0.0,0.0,0.0,0.0,0.0,0.0,0.0,nan,nan,nan,nan,nan,nan,nan,0.0,1260,9
coarse_100m,100.0,1000.0,1600.0,1886.7962264113207,0.0,0.0,0.0,0.0,0.0,0.0,0.0,0.0,0.0,nan,nan,nan,nan,nan,nan,nan,0.0,1260,9
coarse_100m,100.0,1100.0,1600.0,1941.6487838947598,0.0,0.0,0.0,0.0,0.0,0.0,0.0,0.0,0.0,nan,nan,nan,nan,nan,nan,nan,0.0,1260,9
coarse_100m,100.0,1200.0,1600.0,2000.0,0.0,0.0,0.0,0.0,0.0,0.0,0.0,0.0,0.0,nan,nan,nan,nan,nan,nan,nan,0.0,1260,9
coarse_100m,100.0,1300.0,1600.0,2061.5528128088304,0.0,0.0,0.0,0.0,0.0,0.0,0.0,0.0,0.0,nan,nan,nan,nan,nan,nan,nan,0.0,1260,9
coarse_100m,100.0,1400.0,1600.0,2126.02916254693,0.0,0.0,0.0,0.0,0.0,0.0,0.0,0.0,0.0,nan,nan,nan,nan,nan,nan,nan,0.0,1260,9
coarse_100m,100.0,1500.0,1600.0,2193.171219946131,0.0,0.0,0.0,0.0,0.0,0.0,0.0,0.0,0.0,nan,nan,nan,nan,nan,nan,nan,0.0,1260,9
coarse_100m,100.0,1600.0,1600.0,2262.741699796952,0.0,0.0,0.0,0.0,0.0,0.0,0.0,0.0,0.0,nan,nan,nan,nan,nan,nan,nan,0.0,1260,9
coarse_100m,100.0,1700.0,1600.0,2334.5235059857505,0.0,0.0,0.0,0.0,0.0,0.0,0.0,0.0,0.0,nan,nan,nan,nan,nan,nan,nan,0.0,1260,9
coarse_100m,100.0,1800.0,1600.0,2408.3189157584593,0.0,0.0,0.0,0.0,0.0,0.0,0.0,0.0,0.0,nan,nan,nan,nan,nan,nan,nan,0.0,1260,9
coarse_100m,100.0,1900.0,1600.0,2483.948469674844,0.0,0.0,0.0,0.0,0.0,0.0,0.0,0.0,0.0,nan,nan,nan,nan,nan,nan,nan,0.0,1260,9
coarse_100m,100.0,2000.0,1600.0,2561.2496949731394,0.0,0.0,0.0,0.0,0.0,0.0,0.0,0.0,0.0,nan,nan,nan,nan,nan,nan,nan,0.0,1260,9
coarse_100m,100.0,2100.0,1600.0,2640.075756488817,0.0,0.0,0.0,0.0,0.0,0.0,0.0,0.0,0.0,nan,nan,nan,nan,nan,nan,nan,0.0,1260,9
coarse_100m,100.0,2200.0,1600.0,2720.2941017470885,0.0,0.0,0.0,0.0,0.0,0.0,0.0,0.0,0.0,nan,nan,nan,nan,nan,nan,nan,0.0,1260,9
coarse_100m,100.0,2300.0,1600.0,2801.78514522438,0.0,0.0,0.0,0.0,0.0,0.0,0.0,0.0,0.0,nan,nan,nan,nan,nan,nan,nan,0.0,1260,9
coarse_100m,100.0,2400.0,1600.0,2884.4410203711914,0.0,0.0,0.0,0.0,0.0,0.0,0.0,0.0,0.0,nan,nan,nan,nan,nan,nan,nan,0.0,1260,9
coarse_100m,100.0,2500.0,1600.0,2968.164415931166,0.0,0.0,0.0,0.0,0.0,0.0,0.0,0.0,0.0,nan,nan,nan,nan,nan,nan,nan,0.0,1260,9
coarse_100m,100.0,2600.0,1600.0,3052.8675044947495,0.0,0.0,0.0,0.0,0.0,0.0,0.0,0.0,0.0,nan,nan,nan,nan,nan,nan,nan,0.0,1260,9
coarse_100m,100.0,2700.0,1600.0,3138.4709652950432,0.0,0.0,0.0,0.0,0.0,0.0,0.0,0.0,0.0,nan,nan,nan,nan,nan,nan,nan,0.0,1260,9
coarse_100m,100.0,2800.0,1600.0,3224.9030993194197,0.0,0.0,0.0,0.0,0.0,0.0,0.0,0.0,0.0,nan,nan,nan,nan,nan,nan,nan,0.0,1260,9
coarse_100m,100.0,2900.0,1600.0,3312.0990323358387,0.0,0.0,0.0,0.0,0.0,0.0,0.0,0.0,0.0,nan,nan,nan,nan,nan,nan,nan,0.0,1260,9
coarse_100m,100.0,3000.0,1600.0,3400.0,0.0,0.0,0.0,0.0,0.0,0.0,0.0,0.0,0.0,nan,nan,nan,nan,nan,nan,nan,0.0,1260,9
coarse_100m,100.0,-1500.0,1700.0,2267.1568097509266,0.0,0.0,0.0,0.0,0.0,0.0,0.0,0.0,0.0,nan,nan,nan,nan,nan,nan,nan,0.0,1260,9
coarse_100m,100.0,-1400.0,1700.0,2202.271554554524,0.0,0.0,0.0,0.0,0.0,0.0,0.0,0.0,0.0,nan,nan,nan,nan,nan,nan,nan,0.0,1260,9
coarse_100m,100.0,-1300.0,1700.0,2140.09345590327,0.0,0.0,0.0,0.0,0.0,0.0,0.0,0.0,0.0,nan,nan,nan,nan,nan,nan,nan,0.0,1260,9
coarse_100m,100.0,-1200.0,1700.0,2080.865204668481,0.0,0.0,0.0,0.0,0.0,0.0,0.0,0.0,0.0,nan,nan,nan,nan,nan,nan,nan,0.0,1260,9
coarse_100m,100.0,-1100.0,1700.0,2024.8456731316587,0.0,0.0,0.0,0.0,0.0,0.0,0.0,0.0,0.0,nan,nan,nan,nan,nan,nan,nan,0.0,1260,9
coarse_100m,100.0,-1000.0,1700.0,1972.308292331602,0.0,0.0,0.0,0.0,0.0,0.0,0.0,0.0,0.0,nan,nan,nan,nan,nan,nan,nan,0.0,1260,9
coarse_100m,100.0,-900.0,1700.0,1923.5384061671346,0.0,0.0,0.0,0.0,0.0,0.0,0.0,0.0,0.0,nan,nan,nan,nan,nan,nan,nan,0.0,1260,9
coarse_100m,100.0,-800.0,1700.0,1878.8294228055936,0.0,0.0,0.0,0.0,0.0,0.0,0.0,0.0,0.0,nan,nan,nan,nan,nan,nan,nan,0.0,1260,9
coarse_100m,100.0,-700.0,1700.0,1838.4776310850236,0.0,0.0,0.0,0.0,0.0,0.0,0.0,0.0,0.0,nan,nan,nan,nan,nan,nan,nan,0.0,1260,9
coarse_100m,100.0,-600.0,1700.0,1802.7756377319947,0.0,0.0,0.0,0.0,0.0,0.0,0.0,0.0,0.0,nan,nan,nan,nan,nan,nan,nan,0.0,1260,9
coarse_100m,100.0,-500.0,1700.0,1772.004514666935,0.0,0.0,0.0,0.0,0.0,0.0,0.0,0.0,0.0,nan,nan,nan,nan,nan,nan,nan,0.0,1260,9
coarse_100m,100.0,-400.0,1700.0,1746.424919657298,0.0,0.0,0.0,0.0,0.0,0.0,0.0,0.0,0.0,nan,nan,nan,nan,nan,nan,nan,0.0,1260,9
coarse_100m,100.0,-300.0,1700.0,1726.2676501632068,0.0,0.0,0.0,0.0,0.0,0.0,0.0,0.0,0.0,nan,nan,nan,nan,nan,nan,nan,0.0,1260,9
coarse_100m,100.0,-200.0,1700.0,1711.724276862369,0.0,0.0,0.0,0.0,0.0,0.0,0.0,0.0,0.0,nan,nan,nan,nan,nan,nan,nan,0.0,1260,9
coarse_100m,100.0,-100.0,1700.0,1702.93863659264,0.0,0.0,0.0,0.0,0.0,0.0,0.0,0.0,0.0,nan,nan,nan,nan,nan,nan,nan,0.0,1260,9
coarse_100m,100.0,0.0,1700.0,1700.0,0.0,0.0,0.0,0.0,0.0,0.0,0.0,0.0,0.0,nan,nan,nan,nan,nan,nan,nan,0.0,1260,9
coarse_100m,100.0,100.0,1700.0,1702.93863659264,0.0,0.0,0.0,0.0,0.0,0.0,0.0,0.0,0.0,nan,nan,nan,nan,nan,nan,nan,0.0,1260,9
coarse_100m,100.0,200.0,1700.0,1711.724276862369,0.0,0.0,0.0,0.0,0.0,0.0,0.0,0.0,0.0,nan,nan,nan,nan,nan,nan,nan,0.0,1260,9
coarse_100m,100.0,300.0,1700.0,1726.2676501632068,0.0,0.0,0.0,0.0,0.0,0.0,0.0,0.0,0.0,nan,nan,nan,nan,nan,nan,nan,0.0,1260,9
coarse_100m,100.0,400.0,1700.0,1746.424919657298,0.0,0.0,0.0,0.0,0.0,0.0,0.0,0.0,0.0,nan,nan,nan,nan,nan,nan,nan,0.0,1260,9
coarse_100m,100.0,500.0,1700.0,1772.004514666935,0.0,0.0,0.0,0.0,0.0,0.0,0.0,0.0,0.0,nan,nan,nan,nan,nan,nan,nan,0.0,1260,9
coarse_100m,100.0,600.0,1700.0,1802.7756377319947,0.0,0.0,0.0,0.0,0.0,0.0,0.0,0.0,0.0,nan,nan,nan,nan,nan,nan,nan,0.0,1260,9
coarse_100m,100.0,700.0,1700.0,1838.4776310850236,0.0,0.0,0.0,0.0,0.0,0.0,0.0,0.0,0.0,nan,nan,nan,nan,nan,nan,nan,0.0,1260,9
coarse_100m,100.0,800.0,1700.0,1878.8294228055936,0.0,0.0,0.0,0.0,0.0,0.0,0.0,0.0,0.0,nan,nan,nan,nan,nan,nan,nan,0.0,1260,9
coarse_100m,100.0,900.0,1700.0,1923.5384061671346,0.0,0.0,0.0,0.0,0.0,0.0,0.0,0.0,0.0,nan,nan,nan,nan,nan,nan,nan,0.0,1260,9
coarse_100m,100.0,1000.0,1700.0,1972.308292331602,0.0,0.0,0.0,0.0,0.0,0.0,0.0,0.0,0.0,nan,nan,nan,nan,nan,nan,nan,0.0,1260,9
coarse_100m,100.0,1100.0,1700.0,2024.8456731316587,0.0,0.0,0.0,0.0,0.0,0.0,0.0,0.0,0.0,nan,nan,nan,nan,nan,nan,nan,0.0,1260,9
coarse_100m,100.0,1200.0,1700.0,2080.865204668481,0.0,0.0,0.0,0.0,0.0,0.0,0.0,0.0,0.0,nan,nan,nan,nan,nan,nan,nan,0.0,1260,9
coarse_100m,100.0,1300.0,1700.0,2140.09345590327,0.0,0.0,0.0,0.0,0.0,0.0,0.0,0.0,0.0,nan,nan,nan,nan,nan,nan,nan,0.0,1260,9
coarse_100m,100.0,1400.0,1700.0,2202.271554554524,0.0,0.0,0.0,0.0,0.0,0.0,0.0,0.0,0.0,nan,nan,nan,nan,nan,nan,nan,0.0,1260,9
coarse_100m,100.0,1500.0,1700.0,2267.1568097509266,0.0,0.0,0.0,0.0,0.0,0.0,0.0,0.0,0.0,nan,nan,nan,nan,nan,nan,nan,0.0,1260,9
coarse_100m,100.0,1600.0,1700.0,2334.5235059857505,0.0,0.0,0.0,0.0,0.0,0.0,0.0,0.0,0.0,nan,nan,nan,nan,nan,nan,nan,0.0,1260,9
coarse_100m,100.0,1700.0,1700.0,2404.1630560342614,0.0,0.0,0.0,0.0,0.0,0.0,0.0,0.0,0.0,nan,nan,nan,nan,nan,nan,nan,0.0,1260,9
coarse_100m,100.0,1800.0,1700.0,2475.8836806279896,0.0,0.0,0.0,0.0,0.0,0.0,0.0,0.0,0.0,nan,nan,nan,nan,nan,nan,nan,0.0,1260,9
coarse_100m,100.0,1900.0,1700.0,2549.5097567963926,0.0,0.0,0.0,0.0,0.0,0.0,0.0,0.0,0.0,nan,nan,nan,nan,nan,nan,nan,0.0,1260,9
coarse_100m,100.0,2000.0,1700.0,2624.8809496813374,0.0,0.0,0.0,0.0,0.0,0.0,0.0,0.0,0.0,nan,nan,nan,nan,nan,nan,nan,0.0,1260,9
coarse_100m,100.0,2100.0,1700.0,2701.851217221259,0.0,0.0,0.0,0.0,0.0,0.0,0.0,0.0,0.0,nan,nan,nan,nan,nan,nan,nan,0.0,1260,9
coarse_100m,100.0,2200.0,1700.0,2780.287754891569,0.0,0.0,0.0,0.0,0.0,0.0,0.0,0.0,0.0,nan,nan,nan,nan,nan,nan,nan,0.0,1260,9
coarse_100m,100.0,2300.0,1700.0,2860.0699292150184,0.0,0.0,0.0,0.0,0.0,0.0,0.0,0.0,0.0,nan,nan,nan,nan,nan,nan,nan,0.0,1260,9
coarse_100m,100.0,2400.0,1700.0,2941.0882339705486,0.0,0.0,0.0,0.0,0.0,0.0,0.0,0.0,0.0,nan,nan,nan,nan,nan,nan,nan,0.0,1260,9
coarse_100m,100.0,2500.0,1700.0,3023.243291566195,0.0,0.0,0.0,0.0,0.0,0.0,0.0,0.0,0.0,nan,nan,nan,nan,nan,nan,nan,0.0,1260,9
coarse_100m,100.0,2600.0,1700.0,3106.444913401813,0.0,0.0,0.0,0.0,0.0,0.0,0.0,0.0,0.0,nan,nan,nan,nan,nan,nan,nan,0.0,1260,9
coarse_100m,100.0,2700.0,1700.0,3190.6112267087633,0.0,0.0,0.0,0.0,0.0,0.0,0.0,0.0,0.0,nan,nan,nan,nan,nan,nan,nan,0.0,1260,9
coarse_100m,100.0,2800.0,1700.0,3275.66787083184,0.0,0.0,0.0,0.0,0.0,0.0,0.0,0.0,0.0,nan,nan,nan,nan,nan,nan,nan,0.0,1260,9
coarse_100m,100.0,2900.0,1700.0,3361.5472627943223,0.0,0.0,0.0,0.0,0.0,0.0,0.0,0.0,0.0,nan,nan,nan,nan,nan,nan,nan,0.0,1260,9
coarse_100m,100.0,3000.0,1700.0,3448.1879299133334,0.0,0.0,0.0,0.0,0.0,0.0,0.0,0.0,0.0,nan,nan,nan,nan,nan,nan,nan,0.0,1260,9
coarse_100m,100.0,-1500.0,1800.0,2343.074902771996,0.0,0.0,0.0,0.0,0.0,0.0,0.0,0.0,0.0,nan,nan,nan,nan,nan,nan,nan,0.0,1260,9
coarse_100m,100.0,-1400.0,1800.0,2280.350850198276,0.0,0.0,0.0,0.0,0.0,0.0,0.0,0.0,0.0,nan,nan,nan,nan,nan,nan,nan,0.0,1260,9
coarse_100m,100.0,-1300.0,1800.0,2220.3603311174516,0.0,0.0,0.0,0.0,0.0,0.0,0.0,0.0,0.0,nan,nan,nan,nan,nan,nan,nan,0.0,1260,9
coarse_100m,100.0,-1200.0,1800.0,2163.3307652783938,0.0,0.0,0.0,0.0,0.0,0.0,0.0,0.0,0.0,nan,nan,nan,nan,nan,nan,nan,0.0,1260,9
coarse_100m,100.0,-1100.0,1800.0,2109.5023109728986,0.0,0.0,0.0,0.0,0.0,0.0,0.0,0.0,0.0,nan,nan,nan,nan,nan,nan,nan,0.0,1260,9
coarse_100m,100.0,-1000.0,1800.0,2059.1260281974,0.0,0.0,0.0,0.0,0.0,0.0,0.0,0.0,0.0,nan,nan,nan,nan,nan,nan,nan,0.0,1260,9
coarse_100m,100.0,-900.0,1800.0,2012.4611797498108,0.0,0.0,0.0,0.0,0.0,0.0,0.0,0.0,0.0,nan,nan,nan,nan,nan,nan,nan,0.0,1260,9
coarse_100m,100.0,-800.0,1800.0,1969.771560359221,0.0,0.0,0.0,0.0,0.0,0.0,0.0,0.0,0.0,nan,nan,nan,nan,nan,nan,nan,0.0,1260,9
coarse_100m,100.0,-700.0,1800.0,1931.3207915827966,0.0,0.0,0.0,0.0,0.0,0.0,0.0,0.0,0.0,nan,nan,nan,nan,nan,nan,nan,0.0,1260,9
coarse_100m,100.0,-600.0,1800.0,1897.3665961010277,0.0,0.0,0.0,0.0,0.0,0.0,0.0,0.0,0.0,nan,nan,nan,nan,nan,nan,nan,0.0,1260,9
coarse_100m,100.0,-500.0,1800.0,1868.1541692269404,0.0,0.0,0.0,0.0,0.0,0.0,0.0,0.0,0.0,nan,nan,nan,nan,nan,nan,nan,0.0,1260,9
coarse_100m,100.0,-400.0,1800.0,1843.9088914585775,0.0,0.0,0.0,0.0,0.0,0.0,0.0,0.0,0.0,nan,nan,nan,nan,nan,nan,nan,0.0,1260,9
coarse_100m,100.0,-300.0,1800.0,1824.8287590894658,0.0,0.0,0.0,0.0,0.0,0.0,0.0,0.0,0.0,nan,nan,nan,nan,nan,nan,nan,0.0,1260,9
coarse_100m,100.0,-200.0,1800.0,1811.0770276274834,0.0,0.0,0.0,0.0,0.0,0.0,0.0,0.0,0.0,nan,nan,nan,nan,nan,nan,nan,0.0,1260,9
coarse_100m,100.0,-100.0,1800.0,1802.7756377319947,0.0,0.0,0.0,0.0,0.0,0.0,0.0,0.0,0.0,nan,nan,nan,nan,nan,nan,nan,0.0,1260,9
coarse_100m,100.0,0.0,1800.0,1800.0,0.0,0.0,0.0,0.0,0.0,0.0,0.0,0.0,0.0,nan,nan,nan,nan,nan,nan,nan,0.0,1260,9
coarse_100m,100.0,100.0,1800.0,1802.7756377319947,0.0,0.0,0.0,0.0,0.0,0.0,0.0,0.0,0.0,nan,nan,nan,nan,nan,nan,nan,0.0,1260,9
coarse_100m,100.0,200.0,1800.0,1811.0770276274834,0.0,0.0,0.0,0.0,0.0,0.0,0.0,0.0,0.0,nan,nan,nan,nan,nan,nan,nan,0.0,1260,9
coarse_100m,100.0,300.0,1800.0,1824.8287590894658,0.0,0.0,0.0,0.0,0.0,0.0,0.0,0.0,0.0,nan,nan,nan,nan,nan,nan,nan,0.0,1260,9
coarse_100m,100.0,400.0,1800.0,1843.9088914585775,0.0,0.0,0.0,0.0,0.0,0.0,0.0,0.0,0.0,nan,nan,nan,nan,nan,nan,nan,0.0,1260,9
coarse_100m,100.0,500.0,1800.0,1868.1541692269404,0.0,0.0,0.0,0.0,0.0,0.0,0.0,0.0,0.0,nan,nan,nan,nan,nan,nan,nan,0.0,1260,9
coarse_100m,100.0,600.0,1800.0,1897.3665961010277,0.0,0.0,0.0,0.0,0.0,0.0,0.0,0.0,0.0,nan,nan,nan,nan,nan,nan,nan,0.0,1260,9
coarse_100m,100.0,700.0,1800.0,1931.3207915827966,0.0,0.0,0.0,0.0,0.0,0.0,0.0,0.0,0.0,nan,nan,nan,nan,nan,nan,nan,0.0,1260,9
coarse_100m,100.0,800.0,1800.0,1969.771560359221,0.0,0.0,0.0,0.0,0.0,0.0,0.0,0.0,0.0,nan,nan,nan,nan,nan,nan,nan,0.0,1260,9
coarse_100m,100.0,900.0,1800.0,2012.4611797498108,0.0,0.0,0.0,0.0,0.0,0.0,0.0,0.0,0.0,nan,nan,nan,nan,nan,nan,nan,0.0,1260,9
coarse_100m,100.0,1000.0,1800.0,2059.1260281974,0.0,0.0,0.0,0.0,0.0,0.0,0.0,0.0,0.0,nan,nan,nan,nan,nan,nan,nan,0.0,1260,9
coarse_100m,100.0,1100.0,1800.0,2109.5023109728986,0.0,0.0,0.0,0.0,0.0,0.0,0.0,0.0,0.0,nan,nan,nan,nan,nan,nan,nan,0.0,1260,9
coarse_100m,100.0,1200.0,1800.0,2163.3307652783938,0.0,0.0,0.0,0.0,0.0,0.0,0.0,0.0,0.0,nan,nan,nan,nan,nan,nan,nan,0.0,1260,9
coarse_100m,100.0,1300.0,1800.0,2220.3603311174516,0.0,0.0,0.0,0.0,0.0,0.0,0.0,0.0,0.0,nan,nan,nan,nan,nan,nan,nan,0.0,1260,9
coarse_100m,100.0,1400.0,1800.0,2280.350850198276,0.0,0.0,0.0,0.0,0.0,0.0,0.0,0.0,0.0,nan,nan,nan,nan,nan,nan,nan,0.0,1260,9
coarse_100m,100.0,1500.0,1800.0,2343.074902771996,0.0,0.0,0.0,0.0,0.0,0.0,0.0,0.0,0.0,nan,nan,nan,nan,nan,nan,nan,0.0,1260,9
coarse_100m,100.0,1600.0,1800.0,2408.3189157584593,0.0,0.0,0.0,0.0,0.0,0.0,0.0,0.0,0.0,nan,nan,nan,nan,nan,nan,nan,0.0,1260,9
coarse_100m,100.0,1700.0,1800.0,2475.8836806279896,0.0,0.0,0.0,0.0,0.0,0.0,0.0,0.0,0.0,nan,nan,nan,nan,nan,nan,nan,0.0,1260,9
coarse_100m,100.0,1800.0,1800.0,2545.584412271571,0.0,0.0,0.0,0.0,0.0,0.0,0.0,0.0,0.0,nan,nan,nan,nan,nan,nan,nan,0.0,1260,9
coarse_100m,100.0,1900.0,1800.0,2617.25046566048,0.0,0.0,0.0,0.0,0.0,0.0,0.0,0.0,0.0,nan,nan,nan,nan,nan,nan,nan,0.0,1260,9
coarse_100m,100.0,2000.0,1800.0,2690.724809414742,0.0,0.0,0.0,0.0,0.0,0.0,0.0,0.0,0.0,nan,nan,nan,nan,nan,nan,nan,0.0,1260,9
coarse_100m,100.0,2100.0,1800.0,2765.8633371878664,0.0,0.0,0.0,0.0,0.0,0.0,0.0,0.0,0.0,nan,nan,nan,nan,nan,nan,nan,0.0,1260,9
coarse_100m,100.0,2200.0,1800.0,2842.534080710379,0.0,0.0,0.0,0.0,0.0,0.0,0.0,0.0,0.0,nan,nan,nan,nan,nan,nan,nan,0.0,1260,9
coarse_100m,100.0,2300.0,1800.0,2920.6163733020467,0.0,0.0,0.0,0.0,0.0,0.0,0.0,0.0,0.0,nan,nan,nan,nan,nan,nan,nan,0.0,1260,9
coarse_100m,100.0,2400.0,1800.0,3000.0,0.0,0.0,0.0,0.0,0.0,0.0,0.0,0.0,0.0,nan,nan,nan,nan,nan,nan,nan,0.0,1260,9
coarse_100m,100.0,2500.0,1800.0,3080.5843601498727,0.0,0.0,0.0,0.0,0.0,0.0,0.0,0.0,0.0,nan,nan,nan,nan,nan,nan,nan,0.0,1260,9
coarse_100m,100.0,2600.0,1800.0,3162.2776601683795,0.0,0.0,0.0,0.0,0.0,0.0,0.0,0.0,0.0,nan,nan,nan,nan,nan,nan,nan,0.0,1260,9
coarse_100m,100.0,2700.0,1800.0,3244.9961479175904,0.0,0.0,0.0,0.0,0.0,0.0,0.0,0.0,0.0,nan,nan,nan,nan,nan,nan,nan,0.0,1260,9
coarse_100m,100.0,2800.0,1800.0,3328.6633954186477,0.0,0.0,0.0,0.0,0.0,0.0,0.0,0.0,0.0,nan,nan,nan,nan,nan,nan,nan,0.0,1260,9
coarse_100m,100.0,2900.0,1800.0,3413.2096331752023,0.0,0.0,0.0,0.0,0.0,0.0,0.0,0.0,0.0,nan,nan,nan,nan,nan,nan,nan,0.0,1260,9
coarse_100m,100.0,3000.0,1800.0,3498.57113690718,0.0,0.0,0.0,0.0,0.0,0.0,0.0,0.0,0.0,nan,nan,nan,nan,nan,nan,nan,0.0,1260,9
coarse_100m,100.0,-1500.0,1900.0,2420.7436873820407,0.0,0.0,0.0,0.0,0.0,0.0,0.0,0.0,0.0,nan,nan,nan,nan,nan,nan,nan,0.0,1260,9
coarse_100m,100.0,-1400.0,1900.0,2360.084744241189,0.0,0.0,0.0,0.0,0.0,0.0,0.0,0.0,0.0,nan,nan,nan,nan,nan,nan,nan,0.0,1260,9
coarse_100m,100.0,-1300.0,1900.0,2302.1728866442677,0.0,0.0,0.0,0.0,0.0,0.0,0.0,0.0,0.0,nan,nan,nan,nan,nan,nan,nan,0.0,1260,9
coarse_100m,100.0,-1200.0,1900.0,2247.220505424423,0.0,0.0,0.0,0.0,0.0,0.0,0.0,0.0,0.0,nan,nan,nan,nan,nan,nan,nan,0.0,1260,9
coarse_100m,100.0,-1100.0,1900.0,2195.4498400100147,0.0,0.0,0.0,0.0,0.0,0.0,0.0,0.0,0.0,nan,nan,nan,nan,nan,nan,nan,0.0,1260,9
coarse_100m,100.0,-1000.0,1900.0,2147.091055358389,0.0,0.0,0.0,0.0,0.0,0.0,0.0,0.0,0.0,nan,nan,nan,nan,nan,nan,nan,0.0,1260,9
coarse_100m,100.0,-900.0,1900.0,2102.379604162864,0.0,0.0,0.0,0.0,0.0,0.0,0.0,0.0,0.0,nan,nan,nan,nan,nan,nan,nan,0.0,1260,9
coarse_100m,100.0,-800.0,1900.0,2061.5528128088304,0.0,0.0,0.0,0.0,0.0,0.0,0.0,0.0,0.0,nan,nan,nan,nan,nan,nan,nan,0.0,1260,9
coarse_100m,100.0,-700.0,1900.0,2024.8456731316587,0.0,0.0,0.0,0.0,0.0,0.0,0.0,0.0,0.0,nan,nan,nan,nan,nan,nan,nan,0.0,1260,9
coarse_100m,100.0,-600.0,1900.0,1992.4858845171275,0.0,0.0,0.0,0.0,0.0,0.0,0.0,0.0,0.0,nan,nan,nan,nan,nan,nan,nan,0.0,1260,9
coarse_100m,100.0,-500.0,1900.0,1964.68827043885,0.0,0.0,0.0,0.0,0.0,0.0,0.0,0.0,0.0,nan,nan,nan,nan,nan,nan,nan,0.0,1260,9
coarse_100m,100.0,-400.0,1900.0,1941.6487838947598,0.0,0.0,0.0,0.0,0.0,0.0,0.0,0.0,0.0,nan,nan,nan,nan,nan,nan,nan,0.0,1260,9
coarse_100m,100.0,-300.0,1900.0,1923.5384061671346,0.0,0.0,0.0,0.0,0.0,0.0,0.0,0.0,0.0,nan,nan,nan,nan,nan,nan,nan,0.0,1260,9
coarse_100m,100.0,-200.0,1900.0,1910.49731745428,0.0,0.0,0.0,0.0,0.0,0.0,0.0,0.0,0.0,nan,nan,nan,nan,nan,nan,nan,0.0,1260,9
coarse_100m,100.0,-100.0,1900.0,1902.6297590440447,0.0,0.0,0.0,0.0,0.0,0.0,0.0,0.0,0.0,nan,nan,nan,nan,nan,nan,nan,0.0,1260,9
coarse_100m,100.0,0.0,1900.0,1900.0,0.0,0.0,0.0,0.0,0.0,0.0,0.0,0.0,0.0,nan,nan,nan,nan,nan,nan,nan,0.0,1260,9
coarse_100m,100.0,100.0,1900.0,1902.6297590440447,0.0,0.0,0.0,0.0,0.0,0.0,0.0,0.0,0.0,nan,nan,nan,nan,nan,nan,nan,0.0,1260,9
coarse_100m,100.0,200.0,1900.0,1910.49731745428,0.0,0.0,0.0,0.0,0.0,0.0,0.0,0.0,0.0,nan,nan,nan,nan,nan,nan,nan,0.0,1260,9
coarse_100m,100.0,300.0,1900.0,1923.5384061671346,0.0,0.0,0.0,0.0,0.0,0.0,0.0,0.0,0.0,nan,nan,nan,nan,nan,nan,nan,0.0,1260,9
coarse_100m,100.0,400.0,1900.0,1941.6487838947598,0.0,0.0,0.0,0.0,0.0,0.0,0.0,0.0,0.0,nan,nan,nan,nan,nan,nan,nan,0.0,1260,9
coarse_100m,100.0,500.0,1900.0,1964.68827043885,0.0,0.0,0.0,0.0,0.0,0.0,0.0,0.0,0.0,nan,nan,nan,nan,nan,nan,nan,0.0,1260,9
coarse_100m,100.0,600.0,1900.0,1992.4858845171275,0.0,0.0,0.0,0.0,0.0,0.0,0.0,0.0,0.0,nan,nan,nan,nan,nan,nan,nan,0.0,1260,9
coarse_100m,100.0,700.0,1900.0,2024.8456731316587,0.0,0.0,0.0,0.0,0.0,0.0,0.0,0.0,0.0,nan,nan,nan,nan,nan,nan,nan,0.0,1260,9
coarse_100m,100.0,800.0,1900.0,2061.5528128088304,0.0,0.0,0.0,0.0,0.0,0.0,0.0,0.0,0.0,nan,nan,nan,nan,nan,nan,nan,0.0,1260,9
coarse_100m,100.0,900.0,1900.0,2102.379604162864,0.0,0.0,0.0,0.0,0.0,0.0,0.0,0.0,0.0,nan,nan,nan,nan,nan,nan,nan,0.0,1260,9
coarse_100m,100.0,1000.0,1900.0,2147.091055358389,0.0,0.0,0.0,0.0,0.0,0.0,0.0,0.0,0.0,nan,nan,nan,nan,nan,nan,nan,0.0,1260,9
coarse_100m,100.0,1100.0,1900.0,2195.4498400100147,0.0,0.0,0.0,0.0,0.0,0.0,0.0,0.0,0.0,nan,nan,nan,nan,nan,nan,nan,0.0,1260,9
coarse_100m,100.0,1200.0,1900.0,2247.220505424423,0.0,0.0,0.0,0.0,0.0,0.0,0.0,0.0,0.0,nan,nan,nan,nan,nan,nan,nan,0.0,1260,9
coarse_100m,100.0,1300.0,1900.0,2302.1728866442677,0.0,0.0,0.0,0.0,0.0,0.0,0.0,0.0,0.0,nan,nan,nan,nan,nan,nan,nan,0.0,1260,9
coarse_100m,100.0,1400.0,1900.0,2360.084744241189,0.0,0.0,0.0,0.0,0.0,0.0,0.0,0.0,0.0,nan,nan,nan,nan,nan,nan,nan,0.0,1260,9
coarse_100m,100.0,1500.0,1900.0,2420.7436873820407,0.0,0.0,0.0,0.0,0.0,0.0,0.0,0.0,0.0,nan,nan,nan,nan,nan,nan,nan,0.0,1260,9
coarse_100m,100.0,1600.0,1900.0,2483.948469674844,0.0,0.0,0.0,0.0,0.0,0.0,0.0,0.0,0.0,nan,nan,nan,nan,nan,nan,nan,0.0,1260,9
coarse_100m,100.0,1700.0,1900.0,2549.5097567963926,0.0,0.0,0.0,0.0,0.0,0.0,0.0,0.0,0.0,nan,nan,nan,nan,nan,nan,nan,0.0,1260,9
coarse_100m,100.0,1800.0,1900.0,2617.25046566048,0.0,0.0,0.0,0.0,0.0,0.0,0.0,0.0,0.0,nan,nan,nan,nan,nan,nan,nan,0.0,1260,9
coarse_100m,100.0,1900.0,1900.0,2687.0057685088805,0.0,0.0,0.0,0.0,0.0,0.0,0.0,0.0,0.0,nan,nan,nan,nan,nan,nan,nan,0.0,1260,9
coarse_100m,100.0,2000.0,1900.0,2758.6228448267443,0.0,0.0,0.0,0.0,0.0,0.0,0.0,0.0,0.0,nan,nan,nan,nan,nan,nan,nan,0.0,1260,9
coarse_100m,100.0,2100.0,1900.0,2831.960451701259,0.0,0.0,0.0,0.0,0.0,0.0,0.0,0.0,0.0,nan,nan,nan,nan,nan,nan,nan,0.0,1260,9
coarse_100m,100.0,2200.0,1900.0,2906.8883707497266,0.0,0.0,0.0,0.0,0.0,0.0,0.0,0.0,0.0,nan,nan,nan,nan,nan,nan,nan,0.0,1260,9
coarse_100m,100.0,2300.0,1900.0,2983.2867780352594,0.0,0.0,0.0,0.0,0.0,0.0,0.0,0.0,0.0,nan,nan,nan,nan,nan,nan,nan,0.0,1260,9
coarse_100m,100.0,2400.0,1900.0,3061.0455730027934,0.0,0.0,0.0,0.0,0.0,0.0,0.0,0.0,0.0,nan,nan,nan,nan,nan,nan,nan,0.0,1260,9
coarse_100m,100.0,2500.0,1900.0,3140.0636936215164,0.0,0.0,0.0,0.0,0.0,0.0,0.0,0.0,0.0,nan,nan,nan,nan,nan,nan,nan,0.0,1260,9
coarse_100m,100.0,2600.0,1900.0,3220.2484376209236,0.0,0.0,0.0,0.0,0.0,0.0,0.0,0.0,0.0,nan,nan,nan,nan,nan,nan,nan,0.0,1260,9
coarse_100m,100.0,2700.0,1900.0,3301.5148038438356,0.0,0.0,0.0,0.0,0.0,0.0,0.0,0.0,0.0,nan,nan,nan,nan,nan,nan,nan,0.0,1260,9
coarse_100m,100.0,2800.0,1900.0,3383.784863137726,0.0,0.0,0.0,0.0,0.0,0.0,0.0,0.0,0.0,nan,nan,nan,nan,nan,nan,nan,0.0,1260,9
coarse_100m,100.0,2900.0,1900.0,3466.9871646719434,0.0,0.0,0.0,0.0,0.0,0.0,0.0,0.0,0.0,nan,nan,nan,nan,nan,nan,nan,0.0,1260,9
coarse_100m,100.0,3000.0,1900.0,3551.056180912941,0.0,0.0,0.0,0.0,0.0,0.0,0.0,0.0,0.0,nan,nan,nan,nan,nan,nan,nan,0.0,1260,9
coarse_100m,100.0,-1500.0,2000.0,2500.0,0.0,0.0,0.0,0.0,0.0,0.0,0.0,0.0,0.0,nan,nan,nan,nan,nan,nan,nan,0.0,1260,9
coarse_100m,100.0,-1400.0,2000.0,2441.3111231467406,0.0,0.0,0.0,0.0,0.0,0.0,0.0,0.0,0.0,nan,nan,nan,nan,nan,nan,nan,0.0,1260,9
coarse_100m,100.0,-1300.0,2000.0,2385.3720883753126,0.0,0.0,0.0,0.0,0.0,0.0,0.0,0.0,0.0,nan,nan,nan,nan,nan,nan,nan,0.0,1260,9
coarse_100m,100.0,-1200.0,2000.0,2332.38075793812,0.0,0.0,0.0,0.0,0.0,0.0,0.0,0.0,0.0,nan,nan,nan,nan,nan,nan,nan,0.0,1260,9
coarse_100m,100.0,-1100.0,2000.0,2282.5424421026655,0.0,0.0,0.0,0.0,0.0,0.0,0.0,0.0,0.0,nan,nan,nan,nan,nan,nan,nan,0.0,1260,9
coarse_100m,100.0,-1000.0,2000.0,2236.06797749979,0.0,0.0,0.0,0.0,0.0,0.0,0.0,0.0,0.0,nan,nan,nan,nan,nan,nan,nan,0.0,1260,9
coarse_100m,100.0,-900.0,2000.0,2193.171219946131,0.0,0.0,0.0,0.0,0.0,0.0,0.0,0.0,0.0,nan,nan,nan,nan,nan,nan,nan,0.0,1260,9
coarse_100m,100.0,-800.0,2000.0,2154.0659228538016,0.0,0.0,0.0,0.0,0.0,0.0,0.0,0.0,0.0,nan,nan,nan,nan,nan,nan,nan,0.0,1260,9
coarse_100m,100.0,-700.0,2000.0,2118.962010041709,0.0,0.0,0.0,0.0,0.0,0.0,0.0,0.0,0.0,nan,nan,nan,nan,nan,nan,nan,0.0,1260,9
coarse_100m,100.0,-600.0,2000.0,2088.06130178211,0.0,0.0,0.0,0.0,0.0,0.0,0.0,0.0,0.0,nan,nan,nan,nan,nan,nan,nan,0.0,1260,9
coarse_100m,100.0,-500.0,2000.0,2061.5528128088304,0.0,0.0,0.0,0.0,0.0,0.0,0.0,0.0,0.0,nan,nan,nan,nan,nan,nan,nan,0.0,1260,9
coarse_100m,100.0,-400.0,2000.0,2039.607805437114,0.0,0.0,0.0,0.0,0.0,0.0,0.0,0.0,0.0,nan,nan,nan,nan,nan,nan,nan,0.0,1260,9
coarse_100m,100.0,-300.0,2000.0,2022.3748416156684,0.0,0.0,0.0,0.0,0.0,0.0,0.0,0.0,0.0,nan,nan,nan,nan,nan,nan,nan,0.0,1260,9
coarse_100m,100.0,-200.0,2000.0,2009.975124224178,0.0,0.0,0.0,0.0,0.0,0.0,0.0,0.0,0.0,nan,nan,nan,nan,nan,nan,nan,0.0,1260,9
coarse_100m,100.0,-100.0,2000.0,2002.4984394500786,0.0,0.0,0.0,0.0,0.0,0.0,0.0,0.0,0.0,nan,nan,nan,nan,nan,nan,nan,0.0,1260,9
coarse_100m,100.0,0.0,2000.0,2000.0,0.0,0.0,0.0,0.0,0.0,0.0,0.0,0.0,0.0,nan,nan,nan,nan,nan,nan,nan,0.0,1260,9
coarse_100m,100.0,100.0,2000.0,2002.4984394500786,0.0,0.0,0.0,0.0,0.0,0.0,0.0,0.0,0.0,nan,nan,nan,nan,nan,nan,nan,0.0,1260,9
coarse_100m,100.0,200.0,2000.0,2009.975124224178,0.0,0.0,0.0,0.0,0.0,0.0,0.0,0.0,0.0,nan,nan,nan,nan,nan,nan,nan,0.0,1260,9
coarse_100m,100.0,300.0,2000.0,2022.3748416156684,0.0,0.0,0.0,0.0,0.0,0.0,0.0,0.0,0.0,nan,nan,nan,nan,nan,nan,nan,0.0,1260,9
coarse_100m,100.0,400.0,2000.0,2039.607805437114,0.0,0.0,0.0,0.0,0.0,0.0,0.0,0.0,0.0,nan,nan,nan,nan,nan,nan,nan,0.0,1260,9
coarse_100m,100.0,500.0,2000.0,2061.5528128088304,0.0,0.0,0.0,0.0,0.0,0.0,0.0,0.0,0.0,nan,nan,nan,nan,nan,nan,nan,0.0,1260,9
coarse_100m,100.0,600.0,2000.0,2088.06130178211,0.0,0.0,0.0,0.0,0.0,0.0,0.0,0.0,0.0,nan,nan,nan,nan,nan,nan,nan,0.0,1260,9
coarse_100m,100.0,700.0,2000.0,2118.962010041709,0.0,0.0,0.0,0.0,0.0,0.0,0.0,0.0,0.0,nan,nan,nan,nan,nan,nan,nan,0.0,1260,9
coarse_100m,100.0,800.0,2000.0,2154.0659228538016,0.0,0.0,0.0,0.0,0.0,0.0,0.0,0.0,0.0,nan,nan,nan,nan,nan,nan,nan,0.0,1260,9
coarse_100m,100.0,900.0,2000.0,2193.171219946131,0.0,0.0,0.0,0.0,0.0,0.0,0.0,0.0,0.0,nan,nan,nan,nan,nan,nan,nan,0.0,1260,9
coarse_100m,100.0,1000.0,2000.0,2236.06797749979,0.0,0.0,0.0,0.0,0.0,0.0,0.0,0.0,0.0,nan,nan,nan,nan,nan,nan,nan,0.0,1260,9
coarse_100m,100.0,1100.0,2000.0,2282.5424421026655,0.0,0.0,0.0,0.0,0.0,0.0,0.0,0.0,0.0,nan,nan,nan,nan,nan,nan,nan,0.0,1260,9
coarse_100m,100.0,1200.0,2000.0,2332.38075793812,0.0,0.0,0.0,0.0,0.0,0.0,0.0,0.0,0.0,nan,nan,nan,nan,nan,nan,nan,0.0,1260,9
coarse_100m,100.0,1300.0,2000.0,2385.3720883753126,0.0,0.0,0.0,0.0,0.0,0.0,0.0,0.0,0.0,nan,nan,nan,nan,nan,nan,nan,0.0,1260,9
coarse_100m,100.0,1400.0,2000.0,2441.3111231467406,0.0,0.0,0.0,0.0,0.0,0.0,0.0,0.0,0.0,nan,nan,nan,nan,nan,nan,nan,0.0,1260,9
coarse_100m,100.0,1500.0,2000.0,2500.0,0.0,0.0,0.0,0.0,0.0,0.0,0.0,0.0,0.0,nan,nan,nan,nan,nan,nan,nan,0.0,1260,9
coarse_100m,100.0,1600.0,2000.0,2561.2496949731394,0.0,0.0,0.0,0.0,0.0,0.0,0.0,0.0,0.0,nan,nan,nan,nan,nan,nan,nan,0.0,1260,9
coarse_100m,100.0,1700.0,2000.0,2624.8809496813374,0.0,0.0,0.0,0.0,0.0,0.0,0.0,0.0,0.0,nan,nan,nan,nan,nan,nan,nan,0.0,1260,9
coarse_100m,100.0,1800.0,2000.0,2690.724809414742,0.0,0.0,0.0,0.0,0.0,0.0,0.0,0.0,0.0,nan,nan,nan,nan,nan,nan,nan,0.0,1260,9
coarse_100m,100.0,1900.0,2000.0,2758.6228448267443,0.0,0.0,0.0,0.0,0.0,0.0,0.0,0.0,0.0,nan,nan,nan,nan,nan,nan,nan,0.0,1260,9
coarse_100m,100.0,2000.0,2000.0,2828.42712474619,0.0,0.0,0.0,0.0,0.0,0.0,0.0,0.0,0.0,nan,nan,nan,nan,nan,nan,nan,0.0,1260,9
coarse_100m,100.0,2100.0,2000.0,2900.0,0.0,0.0,0.0,0.0,0.0,0.0,0.0,0.0,0.0,nan,nan,nan,nan,nan,nan,nan,0.0,1260,9
coarse_100m,100.0,2200.0,2000.0,2973.213749463701,0.0,0.0,0.0,0.0,0.0,0.0,0.0,0.0,0.0,nan,nan,nan,nan,nan,nan,nan,0.0,1260,9
coarse_100m,100.0,2300.0,2000.0,3047.950130825634,0.0,0.0,0.0,0.0,0.0,0.0,0.0,0.0,0.0,nan,nan,nan,nan,nan,nan,nan,0.0,1260,9
coarse_100m,100.0,2400.0,2000.0,3124.099870362662,0.0,0.0,0.0,0.0,0.0,0.0,0.0,0.0,0.0,nan,nan,nan,nan,nan,nan,nan,0.0,1260,9
coarse_100m,100.0,2500.0,2000.0,3201.5621187164243,0.0,0.0,0.0,0.0,0.0,0.0,0.0,0.0,0.0,nan,nan,nan,nan,nan,nan,nan,0.0,1260,9
coarse_100m,100.0,2600.0,2000.0,3280.243893371345,0.0,0.0,0.0,0.0,0.0,0.0,0.0,0.0,0.0,nan,nan,nan,nan,nan,nan,nan,0.0,1260,9
coarse_100m,100.0,2700.0,2000.0,3360.0595232822884,0.0,0.0,0.0,0.0,0.0,0.0,0.0,0.0,0.0,nan,nan,nan,nan,nan,nan,nan,0.0,1260,9
coarse_100m,100.0,2800.0,2000.0,3440.9301068170507,0.0,0.0,0.0,0.0,0.0,0.0,0.0,0.0,0.0,nan,nan,nan,nan,nan,nan,nan,0.0,1260,9
coarse_100m,100.0,2900.0,2000.0,3522.7829907617074,0.0,0.0,0.0,0.0,0.0,0.0,0.0,0.0,0.0,nan,nan,nan,nan,nan,nan,nan,0.0,1260,9
coarse_100m,100.0,3000.0,2000.0,3605.5512754639894,0.0,0.0,0.0,0.0,0.0,0.0,0.0,0.0,0.0,nan,nan,nan,nan,nan,nan,nan,0.0,1260,9
coarse_100m,100.0,-1500.0,2100.0,2580.697580112788,0.0,0.0,0.0,0.0,0.0,0.0,0.0,0.0,0.0,nan,nan,nan,nan,nan,nan,nan,0.0,1260,9
coarse_100m,100.0,-1400.0,2100.0,2523.8858928247923,0.0,0.0,0.0,0.0,0.0,0.0,0.0,0.0,0.0,nan,nan,nan,nan,nan,nan,nan,0.0,1260,9
coarse_100m,100.0,-1300.0,2100.0,2469.817807045694,0.0,0.0,0.0,0.0,0.0,0.0,0.0,0.0,0.0,nan,nan,nan,nan,nan,nan,nan,0.0,1260,9
coarse_100m,100.0,-1200.0,2100.0,2418.677324489565,0.0,0.0,0.0,0.0,0.0,0.0,0.0,0.0,0.0,nan,nan,nan,nan,nan,nan,nan,0.0,1260,9
coarse_100m,100.0,-1100.0,2100.0,2370.65391822594,0.0,0.0,0.0,0.0,0.0,0.0,0.0,0.0,0.0,nan,nan,nan,nan,nan,nan,nan,0.0,1260,9
coarse_100m,100.0,-1000.0,2100.0,2325.9406699226015,0.0,0.0,0.0,0.0,0.0,0.0,0.0,0.0,0.0,nan,nan,nan,nan,nan,nan,nan,0.0,1260,9
coarse_100m,100.0,-900.0,2100.0,2284.7319317591723,0.0,0.0,0.0,0.0,0.0,0.0,0.0,0.0,0.0,nan,nan,nan,nan,nan,nan,nan,0.0,1260,9
coarse_100m,100.0,-800.0,2100.0,2247.220505424423,0.0,0.0,0.0,0.0,0.0,0.0,0.0,0.0,0.0,nan,nan,nan,nan,nan,nan,nan,0.0,1260,9
coarse_100m,100.0,-700.0,2100.0,2213.5943621178653,0.0,0.0,0.0,0.0,0.0,0.0,0.0,0.0,0.0,nan,nan,nan,nan,nan,nan,nan,0.0,1260,9
coarse_100m,100.0,-600.0,2100.0,2184.0329667841556,0.0,0.0,0.0,0.0,0.0,0.0,0.0,0.0,0.0,nan,nan,nan,nan,nan,nan,nan,0.0,1260,9
coarse_100m,100.0,-500.0,2100.0,2158.7033144922902,0.0,0.0,0.0,0.0,0.0,0.0,0.0,0.0,0.0,nan,nan,nan,nan,nan,nan,nan,0.0,1260,9
coarse_100m,100.0,-400.0,2100.0,2137.755832643195,0.0,0.0,0.0,0.0,0.0,0.0,0.0,0.0,0.0,nan,nan,nan,nan,nan,nan,nan,0.0,1260,9
coarse_100m,100.0,-300.0,2100.0,2121.3203435596424,0.0,0.0,0.0,0.0,0.0,0.0,0.0,0.0,0.0,nan,nan,nan,nan,nan,nan,nan,0.0,1260,9
coarse_100m,100.0,-200.0,2100.0,2109.5023109728986,0.0,0.0,0.0,0.0,0.0,0.0,0.0,0.0,0.0,nan,nan,nan,nan,nan,nan,nan,0.0,1260,9
coarse_100m,100.0,-100.0,2100.0,2102.379604162864,0.0,0.0,0.0,0.0,0.0,0.0,0.0,0.0,0.0,nan,nan,nan,nan,nan,nan,nan,0.0,1260,9
coarse_100m,100.0,0.0,2100.0,2100.0,0.0,0.0,0.0,0.0,0.0,0.0,0.0,0.0,0.0,nan,nan,nan,nan,nan,nan,nan,0.0,1260,9
coarse_100m,100.0,100.0,2100.0,2102.379604162864,0.0,0.0,0.0,0.0,0.0,0.0,0.0,0.0,0.0,nan,nan,nan,nan,nan,nan,nan,0.0,1260,9
coarse_100m,100.0,200.0,2100.0,2109.5023109728986,0.0,0.0,0.0,0.0,0.0,0.0,0.0,0.0,0.0,nan,nan,nan,nan,nan,nan,nan,0.0,1260,9
coarse_100m,100.0,300.0,2100.0,2121.3203435596424,0.0,0.0,0.0,0.0,0.0,0.0,0.0,0.0,0.0,nan,nan,nan,nan,nan,nan,nan,0.0,1260,9
coarse_100m,100.0,400.0,2100.0,2137.755832643195,0.0,0.0,0.0,0.0,0.0,0.0,0.0,0.0,0.0,nan,nan,nan,nan,nan,nan,nan,0.0,1260,9
coarse_100m,100.0,500.0,2100.0,2158.7033144922902,0.0,0.0,0.0,0.0,0.0,0.0,0.0,0.0,0.0,nan,nan,nan,nan,nan,nan,nan,0.0,1260,9
coarse_100m,100.0,600.0,2100.0,2184.0329667841556,0.0,0.0,0.0,0.0,0.0,0.0,0.0,0.0,0.0,nan,nan,nan,nan,nan,nan,nan,0.0,1260,9
coarse_100m,100.0,700.0,2100.0,2213.5943621178653,0.0,0.0,0.0,0.0,0.0,0.0,0.0,0.0,0.0,nan,nan,nan,nan,nan,nan,nan,0.0,1260,9
coarse_100m,100.0,800.0,2100.0,2247.220505424423,0.0,0.0,0.0,0.0,0.0,0.0,0.0,0.0,0.0,nan,nan,nan,nan,nan,nan,nan,0.0,1260,9
coarse_100m,100.0,900.0,2100.0,2284.7319317591723,0.0,0.0,0.0,0.0,0.0,0.0,0.0,0.0,0.0,nan,nan,nan,nan,nan,nan,nan,0.0,1260,9
coarse_100m,100.0,1000.0,2100.0,2325.9406699226015,0.0,0.0,0.0,0.0,0.0,0.0,0.0,0.0,0.0,nan,nan,nan,nan,nan,nan,nan,0.0,1260,9
coarse_100m,100.0,1100.0,2100.0,2370.65391822594,0.0,0.0,0.0,0.0,0.0,0.0,0.0,0.0,0.0,nan,nan,nan,nan,nan,nan,nan,0.0,1260,9
coarse_100m,100.0,1200.0,2100.0,2418.677324489565,0.0,0.0,0.0,0.0,0.0,0.0,0.0,0.0,0.0,nan,nan,nan,nan,nan,nan,nan,0.0,1260,9
coarse_100m,100.0,1300.0,2100.0,2469.817807045694,0.0,0.0,0.0,0.0,0.0,0.0,0.0,0.0,0.0,nan,nan,nan,nan,nan,nan,nan,0.0,1260,9
coarse_100m,100.0,1400.0,2100.0,2523.8858928247923,0.0,0.0,0.0,0.0,0.0,0.0,0.0,0.0,0.0,nan,nan,nan,nan,nan,nan,nan,0.0,1260,9
coarse_100m,100.0,1500.0,2100.0,2580.697580112788,0.0,0.0,0.0,0.0,0.0,0.0,0.0,0.0,0.0,nan,nan,nan,nan,nan,nan,nan,0.0,1260,9
coarse_100m,100.0,1600.0,2100.0,2640.075756488817,0.0,0.0,0.0,0.0,0.0,0.0,0.0,0.0,0.0,nan,nan,nan,nan,nan,nan,nan,0.0,1260,9
coarse_100m,100.0,1700.0,2100.0,2701.851217221259,0.0,0.0,0.0,0.0,0.0,0.0,0.0,0.0,0.0,nan,nan,nan,nan,nan,nan,nan,0.0,1260,9
coarse_100m,100.0,1800.0,2100.0,2765.8633371878664,0.0,0.0,0.0,0.0,0.0,0.0,0.0,0.0,0.0,nan,nan,nan,nan,nan,nan,nan,0.0,1260,9
coarse_100m,100.0,1900.0,2100.0,2831.960451701259,0.0,0.0,0.0,0.0,0.0,0.0,0.0,0.0,0.0,nan,nan,nan,nan,nan,nan,nan,0.0,1260,9
coarse_100m,100.0,2000.0,2100.0,2900.0,0.0,0.0,0.0,0.0,0.0,0.0,0.0,0.0,0.0,nan,nan,nan,nan,nan,nan,nan,0.0,1260,9
coarse_100m,100.0,2100.0,2100.0,2969.8484809834995,0.0,0.0,0.0,0.0,0.0,0.0,0.0,0.0,0.0,nan,nan,nan,nan,nan,nan,nan,0.0,1260,9
coarse_100m,100.0,2200.0,2100.0,3041.38126514911,0.0,0.0,0.0,0.0,0.0,0.0,0.0,0.0,0.0,nan,nan,nan,nan,nan,nan,nan,0.0,1260,9
coarse_100m,100.0,2300.0,2100.0,3114.4823004794875,0.0,0.0,0.0,0.0,0.0,0.0,0.0,0.0,0.0,nan,nan,nan,nan,nan,nan,nan,0.0,1260,9
coarse_100m,100.0,2400.0,2100.0,3189.043743820395,0.0,0.0,0.0,0.0,0.0,0.0,0.0,0.0,0.0,nan,nan,nan,nan,nan,nan,nan,0.0,1260,9
coarse_100m,100.0,2500.0,2100.0,3264.9655434629017,0.0,0.0,0.0,0.0,0.0,0.0,0.0,0.0,0.0,nan,nan,nan,nan,nan,nan,nan,0.0,1260,9
coarse_100m,100.0,2600.0,2100.0,3342.1549934136806,0.0,0.0,0.0,0.0,0.0,0.0,0.0,0.0,0.0,nan,nan,nan,nan,nan,nan,nan,0.0,1260,9
coarse_100m,100.0,2700.0,2100.0,3420.526275297414,0.0,0.0,0.0,0.0,0.0,0.0,0.0,0.0,0.0,nan,nan,nan,nan,nan,nan,nan,0.0,1260,9
coarse_100m,100.0,2800.0,2100.0,3500.0,0.0,0.0,0.0,0.0,0.0,0.0,0.0,0.0,0.0,nan,nan,nan,nan,nan,nan,nan,0.0,1260,9
coarse_100m,100.0,2900.0,2100.0,3580.5027579936313,0.0,0.0,0.0,0.0,0.0,0.0,0.0,0.0,0.0,nan,nan,nan,nan,nan,nan,nan,0.0,1260,9
coarse_100m,100.0,3000.0,2100.0,3661.966684720111,0.0,0.0,0.0,0.0,0.0,0.0,0.0,0.0,0.0,nan,nan,nan,nan,nan,nan,nan,0.0,1260,9
coarse_100m,100.0,-1500.0,2200.0,2662.7053911388693,0.0,0.0,0.0,0.0,0.0,0.0,0.0,0.0,0.0,nan,nan,nan,nan,nan,nan,nan,0.0,1260,9
coarse_100m,100.0,-1400.0,2200.0,2607.6809620810595,0.0,0.0,0.0,0.0,0.0,0.0,0.0,0.0,0.0,nan,nan,nan,nan,nan,nan,nan,0.0,1260,9
coarse_100m,100.0,-1300.0,2200.0,2555.3864678361274,0.0,0.0,0.0,0.0,0.0,0.0,0.0,0.0,0.0,nan,nan,nan,nan,nan,nan,nan,0.0,1260,9
coarse_100m,100.0,-1200.0,2200.0,2505.9928172283335,0.0,0.0,0.0,0.0,0.0,0.0,0.0,0.0,0.0,nan,nan,nan,nan,nan,nan,nan,0.0,1260,9
coarse_100m,100.0,-1100.0,2200.0,2459.6747752497686,0.0,0.0,0.0,0.0,0.0,0.0,0.0,0.0,0.0,nan,nan,nan,nan,nan,nan,nan,0.0,1260,9
coarse_100m,100.0,-1000.0,2200.0,2416.6091947189143,0.0,0.0,0.0,0.0,0.0,0.0,0.0,0.0,0.0,nan,nan,nan,nan,nan,nan,nan,0.0,1260,9
coarse_100m,100.0,-900.0,2200.0,2376.9728648009427,0.0,0.0,0.0,0.0,0.0,0.0,0.0,0.0,0.0,nan,nan,nan,nan,nan,nan,nan,0.0,1260,9
coarse_100m,100.0,-800.0,2200.0,2340.939982143925,0.0,0.0,0.0,0.0,0.0,0.0,0.0,0.0,0.0,nan,nan,nan,nan,nan,nan,nan,0.0,1260,9
coarse_100m,100.0,-700.0,2200.0,2308.679276123039,0.0,0.0,0.0,0.0,0.0,0.0,0.0,0.0,0.0,nan,nan,nan,nan,nan,nan,nan,0.0,1260,9
coarse_100m,100.0,-600.0,2200.0,2280.350850198276,0.0,0.0,0.0,0.0,0.0,0.0,0.0,0.0,0.0,nan,nan,nan,nan,nan,nan,nan,0.0,1260,9
coarse_100m,100.0,-500.0,2200.0,2256.1028345356954,0.0,0.0,0.0,0.0,0.0,0.0,0.0,0.0,0.0,nan,nan,nan,nan,nan,nan,nan,0.0,1260,9
coarse_100m,100.0,-400.0,2200.0,2236.06797749979,0.0,0.0,0.0,0.0,0.0,0.0,0.0,0.0,0.0,nan,nan,nan,nan,nan,nan,nan,0.0,1260,9
coarse_100m,100.0,-300.0,2200.0,2220.3603311174516,0.0,0.0,0.0,0.0,0.0,0.0,0.0,0.0,0.0,nan,nan,nan,nan,nan,nan,nan,0.0,1260,9
coarse_100m,100.0,-200.0,2200.0,2209.072203437452,0.0,0.0,0.0,0.0,0.0,0.0,0.0,0.0,0.0,nan,nan,nan,nan,nan,nan,nan,0.0,1260,9
coarse_100m,100.0,-100.0,2200.0,2202.271554554524,0.0,0.0,0.0,0.0,0.0,0.0,0.0,0.0,0.0,nan,nan,nan,nan,nan,nan,nan,0.0,1260,9
coarse_100m,100.0,0.0,2200.0,2200.0,0.0,0.0,0.0,0.0,0.0,0.0,0.0,0.0,0.0,nan,nan,nan,nan,nan,nan,nan,0.0,1260,9
coarse_100m,100.0,100.0,2200.0,2202.271554554524,0.0,0.0,0.0,0.0,0.0,0.0,0.0,0.0,0.0,nan,nan,nan,nan,nan,nan,nan,0.0,1260,9
coarse_100m,100.0,200.0,2200.0,2209.072203437452,0.0,0.0,0.0,0.0,0.0,0.0,0.0,0.0,0.0,nan,nan,nan,nan,nan,nan,nan,0.0,1260,9
coarse_100m,100.0,300.0,2200.0,2220.3603311174516,0.0,0.0,0.0,0.0,0.0,0.0,0.0,0.0,0.0,nan,nan,nan,nan,nan,nan,nan,0.0,1260,9
coarse_100m,100.0,400.0,2200.0,2236.06797749979,0.0,0.0,0.0,0.0,0.0,0.0,0.0,0.0,0.0,nan,nan,nan,nan,nan,nan,nan,0.0,1260,9
coarse_100m,100.0,500.0,2200.0,2256.1028345356954,0.0,0.0,0.0,0.0,0.0,0.0,0.0,0.0,0.0,nan,nan,nan,nan,nan,nan,nan,0.0,1260,9
coarse_100m,100.0,600.0,2200.0,2280.350850198276,0.0,0.0,0.0,0.0,0.0,0.0,0.0,0.0,0.0,nan,nan,nan,nan,nan,nan,nan,0.0,1260,9
coarse_100m,100.0,700.0,2200.0,2308.679276123039,0.0,0.0,0.0,0.0,0.0,0.0,0.0,0.0,0.0,nan,nan,nan,nan,nan,nan,nan,0.0,1260,9
coarse_100m,100.0,800.0,2200.0,2340.939982143925,0.0,0.0,0.0,0.0,0.0,0.0,0.0,0.0,0.0,nan,nan,nan,nan,nan,nan,nan,0.0,1260,9
coarse_100m,100.0,900.0,2200.0,2376.9728648009427,0.0,0.0,0.0,0.0,0.0,0.0,0.0,0.0,0.0,nan,nan,nan,nan,nan,nan,nan,0.0,1260,9
coarse_100m,100.0,1000.0,2200.0,2416.6091947189143,0.0,0.0,0.0,0.0,0.0,0.0,0.0,0.0,0.0,nan,nan,nan,nan,nan,nan,nan,0.0,1260,9
coarse_100m,100.0,1100.0,2200.0,2459.6747752497686,0.0,0.0,0.0,0.0,0.0,0.0,0.0,0.0,0.0,nan,nan,nan,nan,nan,nan,nan,0.0,1260,9
coarse_100m,100.0,1200.0,2200.0,2505.9928172283335,0.0,0.0,0.0,0.0,0.0,0.0,0.0,0.0,0.0,nan,nan,nan,nan,nan,nan,nan,0.0,1260,9
coarse_100m,100.0,1300.0,2200.0,2555.3864678361274,0.0,0.0,0.0,0.0,0.0,0.0,0.0,0.0,0.0,nan,nan,nan,nan,nan,nan,nan,0.0,1260,9
coarse_100m,100.0,1400.0,2200.0,2607.6809620810595,0.0,0.0,0.0,0.0,0.0,0.0,0.0,0.0,0.0,nan,nan,nan,nan,nan,nan,nan,0.0,1260,9
coarse_100m,100.0,1500.0,2200.0,2662.7053911388693,0.0,0.0,0.0,0.0,0.0,0.0,0.0,0.0,0.0,nan,nan,nan,nan,nan,nan,nan,0.0,1260,9
coarse_100m,100.0,1600.0,2200.0,2720.2941017470885,0.0,0.0,0.0,0.0,0.0,0.0,0.0,0.0,0.0,nan,nan,nan,nan,nan,nan,nan,0.0,1260,9
coarse_100m,100.0,1700.0,2200.0,2780.287754891569,0.0,0.0,0.0,0.0,0.0,0.0,0.0,0.0,0.0,nan,nan,nan,nan,nan,nan,nan,0.0,1260,9
coarse_100m,100.0,1800.0,2200.0,2842.534080710379,0.0,0.0,0.0,0.0,0.0,0.0,0.0,0.0,0.0,nan,nan,nan,nan,nan,nan,nan,0.0,1260,9
coarse_100m,100.0,1900.0,2200.0,2906.8883707497266,0.0,0.0,0.0,0.0,0.0,0.0,0.0,0.0,0.0,nan,nan,nan,nan,nan,nan,nan,0.0,1260,9
coarse_100m,100.0,2000.0,2200.0,2973.213749463701,0.0,0.0,0.0,0.0,0.0,0.0,0.0,0.0,0.0,nan,nan,nan,nan,nan,nan,nan,0.0,1260,9
coarse_100m,100.0,2100.0,2200.0,3041.38126514911,0.0,0.0,0.0,0.0,0.0,0.0,0.0,0.0,0.0,nan,nan,nan,nan,nan,nan,nan,0.0,1260,9
coarse_100m,100.0,2200.0,2200.0,3111.269837220809,0.0,0.0,0.0,0.0,0.0,0.0,0.0,0.0,0.0,nan,nan,nan,nan,nan,nan,nan,0.0,1260,9
coarse_100m,100.0,2300.0,2200.0,3182.7660925679097,0.0,0.0,0.0,0.0,0.0,0.0,0.0,0.0,0.0,nan,nan,nan,nan,nan,nan,nan,0.0,1260,9
coarse_100m,100.0,2400.0,2200.0,3255.764119219941,0.0,0.0,0.0,0.0,0.0,0.0,0.0,0.0,0.0,nan,nan,nan,nan,nan,nan,nan,0.0,1260,9
coarse_100m,100.0,2500.0,2200.0,3330.1651610693425,0.0,0.0,0.0,0.0,0.0,0.0,0.0,0.0,0.0,nan,nan,nan,nan,nan,nan,nan,0.0,1260,9
coarse_100m,100.0,2600.0,2200.0,3405.87727318528,0.0,0.0,0.0,0.0,0.0,0.0,0.0,0.0,0.0,nan,nan,nan,nan,nan,nan,nan,0.0,1260,9
coarse_100m,100.0,2700.0,2200.0,3482.8149534535996,0.0,0.0,0.0,0.0,0.0,0.0,0.0,0.0,0.0,nan,nan,nan,nan,nan,nan,nan,0.0,1260,9
coarse_100m,100.0,2800.0,2200.0,3560.898762952971,0.0,0.0,0.0,0.0,0.0,0.0,0.0,0.0,0.0,nan,nan,nan,nan,nan,nan,nan,0.0,1260,9
coarse_100m,100.0,2900.0,2200.0,3640.0549446402592,0.0,0.0,0.0,0.0,0.0,0.0,0.0,0.0,0.0,nan,nan,nan,nan,nan,nan,nan,0.0,1260,9
coarse_100m,100.0,3000.0,2200.0,3720.2150475476546,0.0,0.0,0.0,0.0,0.0,0.0,0.0,0.0,0.0,nan,nan,nan,nan,nan,nan,nan,0.0,1260,9
coarse_100m,100.0,-1500.0,2300.0,2745.906043549196,0.0,0.0,0.0,0.0,0.0,0.0,0.0,0.0,0.0,nan,nan,nan,nan,nan,nan,nan,0.0,1260,9
coarse_100m,100.0,-1400.0,2300.0,2692.582403567252,0.0,0.0,0.0,0.0,0.0,0.0,0.0,0.0,0.0,nan,nan,nan,nan,nan,nan,nan,0.0,1260,9
coarse_100m,100.0,-1300.0,2300.0,2641.968962724581,0.0,0.0,0.0,0.0,0.0,0.0,0.0,0.0,0.0,nan,nan,nan,nan,nan,nan,nan,0.0,1260,9
coarse_100m,100.0,-1200.0,2300.0,2594.2243542145693,0.0,0.0,0.0,0.0,0.0,0.0,0.0,0.0,0.0,nan,nan,nan,nan,nan,nan,nan,0.0,1260,9
coarse_100m,100.0,-1100.0,2300.0,2549.5097567963926,0.0,0.0,0.0,0.0,0.0,0.0,0.0,0.0,0.0,nan,nan,nan,nan,nan,nan,nan,0.0,1260,9
coarse_100m,100.0,-1000.0,2300.0,2507.9872407968905,0.0,0.0,0.0,0.0,0.0,0.0,0.0,0.0,0.0,nan,nan,nan,nan,nan,nan,nan,0.0,1260,9
coarse_100m,100.0,-900.0,2300.0,2469.817807045694,0.0,0.0,0.0,0.0,0.0,0.0,0.0,0.0,0.0,nan,nan,nan,nan,nan,nan,nan,0.0,1260,9
coarse_100m,100.0,-800.0,2300.0,2435.159132377184,0.0,0.0,0.0,0.0,0.0,0.0,0.0,0.0,0.0,nan,nan,nan,nan,nan,nan,nan,0.0,1260,9
coarse_100m,100.0,-700.0,2300.0,2404.1630560342614,0.0,0.0,0.0,0.0,0.0,0.0,0.0,0.0,0.0,nan,nan,nan,nan,nan,nan,nan,0.0,1260,9
coarse_100m,100.0,-600.0,2300.0,2376.9728648009427,0.0,0.0,0.0,0.0,0.0,0.0,0.0,0.0,0.0,nan,nan,nan,nan,nan,nan,nan,0.0,1260,9
coarse_100m,100.0,-500.0,2300.0,2353.720459187964,0.0,0.0,0.0,0.0,0.0,0.0,0.0,0.0,0.0,nan,nan,nan,nan,nan,nan,nan,0.0,1260,9
coarse_100m,100.0,-400.0,2300.0,2334.5235059857505,0.0,0.0,0.0,0.0,0.0,0.0,0.0,0.0,0.0,nan,nan,nan,nan,nan,nan,nan,0.0,1260,9
coarse_100m,100.0,-300.0,2300.0,2319.4827009486403,0.0,0.0,0.0,0.0,0.0,0.0,0.0,0.0,0.0,nan,nan,nan,nan,nan,nan,nan,0.0,1260,9
coarse_100m,100.0,-200.0,2300.0,2308.679276123039,0.0,0.0,0.0,0.0,0.0,0.0,0.0,0.0,0.0,nan,nan,nan,nan,nan,nan,nan,0.0,1260,9
coarse_100m,100.0,-100.0,2300.0,2302.1728866442677,0.0,0.0,0.0,0.0,0.0,0.0,0.0,0.0,0.0,nan,nan,nan,nan,nan,nan,nan,0.0,1260,9
coarse_100m,100.0,0.0,2300.0,2300.0,0.0,0.0,0.0,0.0,0.0,0.0,0.0,0.0,0.0,nan,nan,nan,nan,nan,nan,nan,0.0,1260,9
coarse_100m,100.0,100.0,2300.0,2302.1728866442677,0.0,0.0,0.0,0.0,0.0,0.0,0.0,0.0,0.0,nan,nan,nan,nan,nan,nan,nan,0.0,1260,9
coarse_100m,100.0,200.0,2300.0,2308.679276123039,0.0,0.0,0.0,0.0,0.0,0.0,0.0,0.0,0.0,nan,nan,nan,nan,nan,nan,nan,0.0,1260,9
coarse_100m,100.0,300.0,2300.0,2319.4827009486403,0.0,0.0,0.0,0.0,0.0,0.0,0.0,0.0,0.0,nan,nan,nan,nan,nan,nan,nan,0.0,1260,9
coarse_100m,100.0,400.0,2300.0,2334.5235059857505,0.0,0.0,0.0,0.0,0.0,0.0,0.0,0.0,0.0,nan,nan,nan,nan,nan,nan,nan,0.0,1260,9
coarse_100m,100.0,500.0,2300.0,2353.720459187964,0.0,0.0,0.0,0.0,0.0,0.0,0.0,0.0,0.0,nan,nan,nan,nan,nan,nan,nan,0.0,1260,9
coarse_100m,100.0,600.0,2300.0,2376.9728648009427,0.0,0.0,0.0,0.0,0.0,0.0,0.0,0.0,0.0,nan,nan,nan,nan,nan,nan,nan,0.0,1260,9
coarse_100m,100.0,700.0,2300.0,2404.1630560342614,0.0,0.0,0.0,0.0,0.0,0.0,0.0,0.0,0.0,nan,nan,nan,nan,nan,nan,nan,0.0,1260,9
coarse_100m,100.0,800.0,2300.0,2435.159132377184,0.0,0.0,0.0,0.0,0.0,0.0,0.0,0.0,0.0,nan,nan,nan,nan,nan,nan,nan,0.0,1260,9
coarse_100m,100.0,900.0,2300.0,2469.817807045694,0.0,0.0,0.0,0.0,0.0,0.0,0.0,0.0,0.0,nan,nan,nan,nan,nan,nan,nan,0.0,1260,9
coarse_100m,100.0,1000.0,2300.0,2507.9872407968905,0.0,0.0,0.0,0.0,0.0,0.0,0.0,0.0,0.0,nan,nan,nan,nan,nan,nan,nan,0.0,1260,9
coarse_100m,100.0,1100.0,2300.0,2549.5097567963926,0.0,0.0,0.0,0.0,0.0,0.0,0.0,0.0,0.0,nan,nan,nan,nan,nan,nan,nan,0.0,1260,9
coarse_100m,100.0,1200.0,2300.0,2594.2243542145693,0.0,0.0,0.0,0.0,0.0,0.0,0.0,0.0,0.0,nan,nan,nan,nan,nan,nan,nan,0.0,1260,9
coarse_100m,100.0,1300.0,2300.0,2641.968962724581,0.0,0.0,0.0,0.0,0.0,0.0,0.0,0.0,0.0,nan,nan,nan,nan,nan,nan,nan,0.0,1260,9
coarse_100m,100.0,1400.0,2300.0,2692.582403567252,0.0,0.0,0.0,0.0,0.0,0.0,0.0,0.0,0.0,nan,nan,nan,nan,nan,nan,nan,0.0,1260,9
coarse_100m,100.0,1500.0,2300.0,2745.906043549196,0.0,0.0,0.0,0.0,0.0,0.0,0.0,0.0,0.0,nan,nan,nan,nan,nan,nan,nan,0.0,1260,9
coarse_100m,100.0,1600.0,2300.0,2801.78514522438,0.0,0.0,0.0,0.0,0.0,0.0,0.0,0.0,0.0,nan,nan,nan,nan,nan,nan,nan,0.0,1260,9
coarse_100m,100.0,1700.0,2300.0,2860.0699292150184,0.0,0.0,0.0,0.0,0.0,0.0,0.0,0.0,0.0,nan,nan,nan,nan,nan,nan,nan,0.0,1260,9
coarse_100m,100.0,1800.0,2300.0,2920.6163733020467,0.0,0.0,0.0,0.0,0.0,0.0,0.0,0.0,0.0,nan,nan,nan,nan,nan,nan,nan,0.0,1260,9
coarse_100m,100.0,1900.0,2300.0,2983.2867780352594,0.0,0.0,0.0,0.0,0.0,0.0,0.0,0.0,0.0,nan,nan,nan,nan,nan,nan,nan,0.0,1260,9
coarse_100m,100.0,2000.0,2300.0,3047.950130825634,0.0,0.0,0.0,0.0,0.0,0.0,0.0,0.0,0.0,nan,nan,nan,nan,nan,nan,nan,0.0,1260,9
coarse_100m,100.0,2100.0,2300.0,3114.4823004794875,0.0,0.0,0.0,0.0,0.0,0.0,0.0,0.0,0.0,nan,nan,nan,nan,nan,nan,nan,0.0,1260,9
coarse_100m,100.0,2200.0,2300.0,3182.7660925679097,0.0,0.0,0.0,0.0,0.0,0.0,0.0,0.0,0.0,nan,nan,nan,nan,nan,nan,nan,0.0,1260,9
coarse_100m,100.0,2300.0,2300.0,3252.6911934581185,0.0,0.0,0.0,0.0,0.0,0.0,0.0,0.0,0.0,nan,nan,nan,nan,nan,nan,nan,0.0,1260,9
coarse_100m,100.0,2400.0,2300.0,3324.1540277189324,0.0,0.0,0.0,0.0,0.0,0.0,0.0,0.0,0.0,nan,nan,nan,nan,nan,nan,nan,0.0,1260,9
coarse_100m,100.0,2500.0,2300.0,3397.057550292606,0.0,0.0,0.0,0.0,0.0,0.0,0.0,0.0,0.0,nan,nan,nan,nan,nan,nan,nan,0.0,1260,9
coarse_100m,100.0,2600.0,2300.0,3471.3109915419564,0.0,0.0,0.0,0.0,0.0,0.0,0.0,0.0,0.0,nan,nan,nan,nan,nan,nan,nan,0.0,1260,9
coarse_100m,100.0,2700.0,2300.0,3546.82957019364,0.0,0.0,0.0,0.0,0.0,0.0,0.0,0.0,0.0,nan,nan,nan,nan,nan,nan,nan,0.0,1260,9
coarse_100m,100.0,2800.0,2300.0,3623.534186398688,0.0,0.0,0.0,0.0,0.0,0.0,0.0,0.0,0.0,nan,nan,nan,nan,nan,nan,nan,0.0,1260,9
coarse_100m,100.0,2900.0,2300.0,3701.3511046643494,0.0,0.0,0.0,0.0,0.0,0.0,0.0,0.0,0.0,nan,nan,nan,nan,nan,nan,nan,0.0,1260,9
coarse_100m,100.0,3000.0,2300.0,3780.21163428716,0.0,0.0,0.0,0.0,0.0,0.0,0.0,0.0,0.0,nan,nan,nan,nan,nan,nan,nan,0.0,1260,9
coarse_100m,100.0,-1500.0,2400.0,2830.1943396169813,0.0,0.0,0.0,0.0,0.0,0.0,0.0,0.0,0.0,nan,nan,nan,nan,nan,nan,nan,0.0,1260,9
coarse_100m,100.0,-1400.0,2400.0,2778.488797889961,0.0,0.0,0.0,0.0,0.0,0.0,0.0,0.0,0.0,nan,nan,nan,nan,nan,nan,nan,0.0,1260,9
coarse_100m,100.0,-1300.0,2400.0,2729.468812791236,0.0,0.0,0.0,0.0,0.0,0.0,0.0,0.0,0.0,nan,nan,nan,nan,nan,nan,nan,0.0,1260,9
coarse_100m,100.0,-1200.0,2400.0,2683.281572999748,0.0,0.0,0.0,0.0,0.0,0.0,0.0,0.0,0.0,nan,nan,nan,nan,nan,nan,nan,0.0,1260,9
coarse_100m,100.0,-1100.0,2400.0,2640.075756488817,0.0,0.0,0.0,0.0,0.0,0.0,0.0,0.0,0.0,nan,nan,nan,nan,nan,nan,nan,0.0,1260,9
coarse_100m,100.0,-1000.0,2400.0,2600.0,0.0,0.0,0.0,0.0,0.0,0.0,0.0,0.0,0.0,nan,nan,nan,nan,nan,nan,nan,0.0,1260,9
coarse_100m,100.0,-900.0,2400.0,2563.2011235952596,0.0,0.0,0.0,0.0,0.0,0.0,0.0,0.0,0.0,nan,nan,nan,nan,nan,nan,nan,0.0,1260,9
coarse_100m,100.0,-800.0,2400.0,2529.8221281347037,0.0,0.0,0.0,0.0,0.0,0.0,0.0,0.0,0.0,nan,nan,nan,nan,nan,nan,nan,0.0,1260,9
coarse_100m,100.0,-700.0,2400.0,2500.0,0.0,0.0,0.0,0.0,0.0,0.0,0.0,0.0,0.0,nan,nan,nan,nan,nan,nan,nan,0.0,1260,9
coarse_100m,100.0,-600.0,2400.0,2473.8633753705963,0.0,0.0,0.0,0.0,0.0,0.0,0.0,0.0,0.0,nan,nan,nan,nan,nan,nan,nan,0.0,1260,9
coarse_100m,100.0,-500.0,2400.0,2451.5301344262525,0.0,0.0,0.0,0.0,0.0,0.0,0.0,0.0,0.0,nan,nan,nan,nan,nan,nan,nan,0.0,1260,9
coarse_100m,100.0,-400.0,2400.0,2433.105012119288,0.0,0.0,0.0,0.0,0.0,0.0,0.0,0.0,0.0,nan,nan,nan,nan,nan,nan,nan,0.0,1260,9
coarse_100m,100.0,-300.0,2400.0,2418.677324489565,0.0,0.0,0.0,0.0,0.0,0.0,0.0,0.0,0.0,nan,nan,nan,nan,nan,nan,nan,0.0,1260,9
coarse_100m,100.0,-200.0,2400.0,2408.3189157584593,0.0,0.0,0.0,0.0,0.0,0.0,0.0,0.0,0.0,nan,nan,nan,nan,nan,nan,nan,0.0,1260,9
coarse_100m,100.0,-100.0,2400.0,2402.082429892863,0.0,0.0,0.0,0.0,0.0,0.0,0.0,0.0,0.0,nan,nan,nan,nan,nan,nan,nan,0.0,1260,9
coarse_100m,100.0,0.0,2400.0,2400.0,0.0,0.0,0.0,0.0,0.0,0.0,0.0,0.0,0.0,nan,nan,nan,nan,nan,nan,nan,0.0,1260,9
coarse_100m,100.0,100.0,2400.0,2402.082429892863,0.0,0.0,0.0,0.0,0.0,0.0,0.0,0.0,0.0,nan,nan,nan,nan,nan,nan,nan,0.0,1260,9
coarse_100m,100.0,200.0,2400.0,2408.3189157584593,0.0,0.0,0.0,0.0,0.0,0.0,0.0,0.0,0.0,nan,nan,nan,nan,nan,nan,nan,0.0,1260,9
coarse_100m,100.0,300.0,2400.0,2418.677324489565,0.0,0.0,0.0,0.0,0.0,0.0,0.0,0.0,0.0,nan,nan,nan,nan,nan,nan,nan,0.0,1260,9
coarse_100m,100.0,400.0,2400.0,2433.105012119288,0.0,0.0,0.0,0.0,0.0,0.0,0.0,0.0,0.0,nan,nan,nan,nan,nan,nan,nan,0.0,1260,9
coarse_100m,100.0,500.0,2400.0,2451.5301344262525,0.0,0.0,0.0,0.0,0.0,0.0,0.0,0.0,0.0,nan,nan,nan,nan,nan,nan,nan,0.0,1260,9
coarse_100m,100.0,600.0,2400.0,2473.8633753705963,0.0,0.0,0.0,0.0,0.0,0.0,0.0,0.0,0.0,nan,nan,nan,nan,nan,nan,nan,0.0,1260,9
coarse_100m,100.0,700.0,2400.0,2500.0,0.0,0.0,0.0,0.0,0.0,0.0,0.0,0.0,0.0,nan,nan,nan,nan,nan,nan,nan,0.0,1260,9
coarse_100m,100.0,800.0,2400.0,2529.8221281347037,0.0,0.0,0.0,0.0,0.0,0.0,0.0,0.0,0.0,nan,nan,nan,nan,nan,nan,nan,0.0,1260,9
coarse_100m,100.0,900.0,2400.0,2563.2011235952596,0.0,0.0,0.0,0.0,0.0,0.0,0.0,0.0,0.0,nan,nan,nan,nan,nan,nan,nan,0.0,1260,9
coarse_100m,100.0,1000.0,2400.0,2600.0,0.0,0.0,0.0,0.0,0.0,0.0,0.0,0.0,0.0,nan,nan,nan,nan,nan,nan,nan,0.0,1260,9
coarse_100m,100.0,1100.0,2400.0,2640.075756488817,0.0,0.0,0.0,0.0,0.0,0.0,0.0,0.0,0.0,nan,nan,nan,nan,nan,nan,nan,0.0,1260,9
coarse_100m,100.0,1200.0,2400.0,2683.281572999748,0.0,0.0,0.0,0.0,0.0,0.0,0.0,0.0,0.0,nan,nan,nan,nan,nan,nan,nan,0.0,1260,9
coarse_100m,100.0,1300.0,2400.0,2729.468812791236,0.0,0.0,0.0,0.0,0.0,0.0,0.0,0.0,0.0,nan,nan,nan,nan,nan,nan,nan,0.0,1260,9
coarse_100m,100.0,1400.0,2400.0,2778.488797889961,0.0,0.0,0.0,0.0,0.0,0.0,0.0,0.0,0.0,nan,nan,nan,nan,nan,nan,nan,0.0,1260,9
coarse_100m,100.0,1500.0,2400.0,2830.1943396169813,0.0,0.0,0.0,0.0,0.0,0.0,0.0,0.0,0.0,nan,nan,nan,nan,nan,nan,nan,0.0,1260,9
coarse_100m,100.0,1600.0,2400.0,2884.4410203711914,0.0,0.0,0.0,0.0,0.0,0.0,0.0,0.0,0.0,nan,nan,nan,nan,nan,nan,nan,0.0,1260,9
coarse_100m,100.0,1700.0,2400.0,2941.0882339705486,0.0,0.0,0.0,0.0,0.0,0.0,0.0,0.0,0.0,nan,nan,nan,nan,nan,nan,nan,0.0,1260,9
coarse_100m,100.0,1800.0,2400.0,3000.0,0.0,0.0,0.0,0.0,0.0,0.0,0.0,0.0,0.0,nan,nan,nan,nan,nan,nan,nan,0.0,1260,9
coarse_100m,100.0,1900.0,2400.0,3061.0455730027934,0.0,0.0,0.0,0.0,0.0,0.0,0.0,0.0,0.0,nan,nan,nan,nan,nan,nan,nan,0.0,1260,9
coarse_100m,100.0,2000.0,2400.0,3124.099870362662,0.0,0.0,0.0,0.0,0.0,0.0,0.0,0.0,0.0,nan,nan,nan,nan,nan,nan,nan,0.0,1260,9
coarse_100m,100.0,2100.0,2400.0,3189.043743820395,0.0,0.0,0.0,0.0,0.0,0.0,0.0,0.0,0.0,nan,nan,nan,nan,nan,nan,nan,0.0,1260,9
coarse_100m,100.0,2200.0,2400.0,3255.764119219941,0.0,0.0,0.0,0.0,0.0,0.0,0.0,0.0,0.0,nan,nan,nan,nan,nan,nan,nan,0.0,1260,9
coarse_100m,100.0,2300.0,2400.0,3324.1540277189324,0.0,0.0,0.0,0.0,0.0,0.0,0.0,0.0,0.0,nan,nan,nan,nan,nan,nan,nan,0.0,1260,9
coarse_100m,100.0,2400.0,2400.0,3394.1125496954282,0.0,0.0,0.0,0.0,0.0,0.0,0.0,0.0,0.0,nan,nan,nan,nan,nan,nan,nan,0.0,1260,9
coarse_100m,100.0,2500.0,2400.0,3465.544690232691,0.0,0.0,0.0,0.0,0.0,0.0,0.0,0.0,0.0,nan,nan,nan,nan,nan,nan,nan,0.0,1260,9
coarse_100m,100.0,2600.0,2400.0,3538.3612025908265,0.0,0.0,0.0,0.0,0.0,0.0,0.0,0.0,0.0,nan,nan,nan,nan,nan,nan,nan,0.0,1260,9
coarse_100m,100.0,2700.0,2400.0,3612.4783736376885,0.0,0.0,0.0,0.0,0.0,0.0,0.0,0.0,0.0,nan,nan,nan,nan,nan,nan,nan,0.0,1260,9
coarse_100m,100.0,2800.0,2400.0,3687.817782917155,0.0,0.0,0.0,0.0,0.0,0.0,0.0,0.0,0.0,nan,nan,nan,nan,nan,nan,nan,0.0,1260,9
coarse_100m,100.0,2900.0,2400.0,3764.3060449437426,0.0,0.0,0.0,0.0,0.0,0.0,0.0,0.0,0.0,nan,nan,nan,nan,nan,nan,nan,0.0,1260,9
coarse_100m,100.0,3000.0,2400.0,3841.874542459709,0.0,0.0,0.0,0.0,0.0,0.0,0.0,0.0,0.0,nan,nan,nan,nan,nan,nan,nan,0.0,1260,9
coarse_100m,100.0,-1500.0,2500.0,2915.4759474226503,0.0,0.0,0.0,0.0,0.0,0.0,0.0,0.0,0.0,nan,nan,nan,nan,nan,nan,nan,0.0,1260,9
coarse_100m,100.0,-1400.0,2500.0,2865.3097563788806,0.0,0.0,0.0,0.0,0.0,0.0,0.0,0.0,0.0,nan,nan,nan,nan,nan,nan,nan,0.0,1260,9
coarse_100m,100.0,-1300.0,2500.0,2817.8005607210744,0.0,0.0,0.0,0.0,0.0,0.0,0.0,0.0,0.0,nan,nan,nan,nan,nan,nan,nan,0.0,1260,9
coarse_100m,100.0,-1200.0,2500.0,2773.0849247724095,0.0,0.0,0.0,0.0,0.0,0.0,0.0,0.0,0.0,nan,nan,nan,nan,nan,nan,nan,0.0,1260,9
coarse_100m,100.0,-1100.0,2500.0,2731.300056749533,0.0,0.0,0.0,0.0,0.0,0.0,0.0,0.0,0.0,nan,nan,nan,nan,nan,nan,nan,0.0,1260,9
coarse_100m,100.0,-1000.0,2500.0,2692.582403567252,0.0,0.0,0.0,0.0,0.0,0.0,0.0,0.0,0.0,nan,nan,nan,nan,nan,nan,nan,0.0,1260,9
coarse_100m,100.0,-900.0,2500.0,2657.0660511172846,0.0,0.0,0.0,0.0,0.0,0.0,0.0,0.0,0.0,nan,nan,nan,nan,nan,nan,nan,0.0,1260,9
coarse_100m,100.0,-800.0,2500.0,2624.8809496813374,0.0,0.0,0.0,0.0,0.0,0.0,0.0,0.0,0.0,nan,nan,nan,nan,nan,nan,nan,0.0,1260,9
coarse_100m,100.0,-700.0,2500.0,2596.150997149434,0.0,0.0,0.0,0.0,0.0,0.0,0.0,0.0,0.0,nan,nan,nan,nan,nan,nan,nan,0.0,1260,9
coarse_100m,100.0,-600.0,2500.0,2570.9920264364882,0.0,0.0,0.0,0.0,0.0,0.0,0.0,0.0,0.0,nan,nan,nan,nan,nan,nan,nan,0.0,1260,9
coarse_100m,100.0,-500.0,2500.0,2549.5097567963926,0.0,0.0,0.0,0.0,0.0,0.0,0.0,0.0,0.0,nan,nan,nan,nan,nan,nan,nan,0.0,1260,9
coarse_100m,100.0,-400.0,2500.0,2531.7977802344326,0.0,0.0,0.0,0.0,0.0,0.0,0.0,0.0,0.0,nan,nan,nan,nan,nan,nan,nan,0.0,1260,9
coarse_100m,100.0,-300.0,2500.0,2517.935662402834,0.0,0.0,0.0,0.0,0.0,0.0,0.0,0.0,0.0,nan,nan,nan,nan,nan,nan,nan,0.0,1260,9
coarse_100m,100.0,-200.0,2500.0,2507.9872407968905,0.0,0.0,0.0,0.0,0.0,0.0,0.0,0.0,0.0,nan,nan,nan,nan,nan,nan,nan,0.0,1260,9
coarse_100m,100.0,-100.0,2500.0,2501.999200639361,0.0,0.0,0.0,0.0,0.0,0.0,0.0,0.0,0.0,nan,nan,nan,nan,nan,nan,nan,0.0,1260,9
coarse_100m,100.0,0.0,2500.0,2500.0,0.0,0.0,0.0,0.0,0.0,0.0,0.0,0.0,0.0,nan,nan,nan,nan,nan,nan,nan,0.0,1260,9
coarse_100m,100.0,100.0,2500.0,2501.999200639361,0.0,0.0,0.0,0.0,0.0,0.0,0.0,0.0,0.0,nan,nan,nan,nan,nan,nan,nan,0.0,1260,9
coarse_100m,100.0,200.0,2500.0,2507.9872407968905,0.0,0.0,0.0,0.0,0.0,0.0,0.0,0.0,0.0,nan,nan,nan,nan,nan,nan,nan,0.0,1260,9
coarse_100m,100.0,300.0,2500.0,2517.935662402834,0.0,0.0,0.0,0.0,0.0,0.0,0.0,0.0,0.0,nan,nan,nan,nan,nan,nan,nan,0.0,1260,9
coarse_100m,100.0,400.0,2500.0,2531.7977802344326,0.0,0.0,0.0,0.0,0.0,0.0,0.0,0.0,0.0,nan,nan,nan,nan,nan,nan,nan,0.0,1260,9
coarse_100m,100.0,500.0,2500.0,2549.5097567963926,0.0,0.0,0.0,0.0,0.0,0.0,0.0,0.0,0.0,nan,nan,nan,nan,nan,nan,nan,0.0,1260,9
coarse_100m,100.0,600.0,2500.0,2570.9920264364882,0.0,0.0,0.0,0.0,0.0,0.0,0.0,0.0,0.0,nan,nan,nan,nan,nan,nan,nan,0.0,1260,9
coarse_100m,100.0,700.0,2500.0,2596.150997149434,0.0,0.0,0.0,0.0,0.0,0.0,0.0,0.0,0.0,nan,nan,nan,nan,nan,nan,nan,0.0,1260,9
coarse_100m,100.0,800.0,2500.0,2624.8809496813374,0.0,0.0,0.0,0.0,0.0,0.0,0.0,0.0,0.0,nan,nan,nan,nan,nan,nan,nan,0.0,1260,9
coarse_100m,100.0,900.0,2500.0,2657.0660511172846,0.0,0.0,0.0,0.0,0.0,0.0,0.0,0.0,0.0,nan,nan,nan,nan,nan,nan,nan,0.0,1260,9
coarse_100m,100.0,1000.0,2500.0,2692.582403567252,0.0,0.0,0.0,0.0,0.0,0.0,0.0,0.0,0.0,nan,nan,nan,nan,nan,nan,nan,0.0,1260,9
coarse_100m,100.0,1100.0,2500.0,2731.300056749533,0.0,0.0,0.0,0.0,0.0,0.0,0.0,0.0,0.0,nan,nan,nan,nan,nan,nan,nan,0.0,1260,9
coarse_100m,100.0,1200.0,2500.0,2773.0849247724095,0.0,0.0,0.0,0.0,0.0,0.0,0.0,0.0,0.0,nan,nan,nan,nan,nan,nan,nan,0.0,1260,9
coarse_100m,100.0,1300.0,2500.0,2817.8005607210744,0.0,0.0,0.0,0.0,0.0,0.0,0.0,0.0,0.0,nan,nan,nan,nan,nan,nan,nan,0.0,1260,9
coarse_100m,100.0,1400.0,2500.0,2865.3097563788806,0.0,0.0,0.0,0.0,0.0,0.0,0.0,0.0,0.0,nan,nan,nan,nan,nan,nan,nan,0.0,1260,9
coarse_100m,100.0,1500.0,2500.0,2915.4759474226503,0.0,0.0,0.0,0.0,0.0,0.0,0.0,0.0,0.0,nan,nan,nan,nan,nan,nan,nan,0.0,1260,9
coarse_100m,100.0,1600.0,2500.0,2968.164415931166,0.0,0.0,0.0,0.0,0.0,0.0,0.0,0.0,0.0,nan,nan,nan,nan,nan,nan,nan,0.0,1260,9
coarse_100m,100.0,1700.0,2500.0,3023.243291566195,0.0,0.0,0.0,0.0,0.0,0.0,0.0,0.0,0.0,nan,nan,nan,nan,nan,nan,nan,0.0,1260,9
coarse_100m,100.0,1800.0,2500.0,3080.5843601498727,0.0,0.0,0.0,0.0,0.0,0.0,0.0,0.0,0.0,nan,nan,nan,nan,nan,nan,nan,0.0,1260,9
coarse_100m,100.0,1900.0,2500.0,3140.0636936215164,0.0,0.0,0.0,0.0,0.0,0.0,0.0,0.0,0.0,nan,nan,nan,nan,nan,nan,nan,0.0,1260,9
coarse_100m,100.0,2000.0,2500.0,3201.5621187164243,0.0,0.0,0.0,0.0,0.0,0.0,0.0,0.0,0.0,nan,nan,nan,nan,nan,nan,nan,0.0,1260,9
coarse_100m,100.0,2100.0,2500.0,3264.9655434629017,0.0,0.0,0.0,0.0,0.0,0.0,0.0,0.0,0.0,nan,nan,nan,nan,nan,nan,nan,0.0,1260,9
coarse_100m,100.0,2200.0,2500.0,3330.1651610693425,0.0,0.0,0.0,0.0,0.0,0.0,0.0,0.0,0.0,nan,nan,nan,nan,nan,nan,nan,0.0,1260,9
coarse_100m,100.0,2300.0,2500.0,3397.057550292606,0.0,0.0,0.0,0.0,0.0,0.0,0.0,0.0,0.0,nan,nan,nan,nan,nan,nan,nan,0.0,1260,9
coarse_100m,100.0,2400.0,2500.0,3465.544690232691,0.0,0.0,0.0,0.0,0.0,0.0,0.0,0.0,0.0,nan,nan,nan,nan,nan,nan,nan,0.0,1260,9
coarse_100m,100.0,2500.0,2500.0,3535.5339059327375,0.0,0.0,0.0,0.0,0.0,0.0,0.0,0.0,0.0,nan,nan,nan,nan,nan,nan,nan,0.0,1260,9
coarse_100m,100.0,2600.0,2500.0,3606.9377593742865,0.0,0.0,0.0,0.0,0.0,0.0,0.0,0.0,0.0,nan,nan,nan,nan,nan,nan,nan,0.0,1260,9
coarse_100m,100.0,2700.0,2500.0,3679.6738985948195,0.0,0.0,0.0,0.0,0.0,0.0,0.0,0.0,0.0,nan,nan,nan,nan,nan,nan,nan,0.0,1260,9
coarse_100m,100.0,2800.0,2500.0,3753.664875824692,0.0,0.0,0.0,0.0,0.0,0.0,0.0,0.0,0.0,nan,nan,nan,nan,nan,nan,nan,0.0,1260,9
coarse_100m,100.0,2900.0,2500.0,3828.8379438153293,0.0,0.0,0.0,0.0,0.0,0.0,0.0,0.0,0.0,nan,nan,nan,nan,nan,nan,nan,0.0,1260,9
coarse_100m,100.0,3000.0,2500.0,3905.124837953327,0.0,0.0,0.0,0.0,0.0,0.0,0.0,0.0,0.0,nan,nan,nan,nan,nan,nan,nan,0.0,1260,9
coarse_100m,100.0,-1500.0,2600.0,3001.6662039607268,0.0,0.0,0.0,0.0,0.0,0.0,0.0,0.0,0.0,nan,nan,nan,nan,nan,nan,nan,0.0,1260,9
coarse_100m,100.0,-1400.0,2600.0,2952.96461204668,0.0,0.0,0.0,0.0,0.0,0.0,0.0,0.0,0.0,nan,nan,nan,nan,nan,nan,nan,0.0,1260,9
coarse_100m,100.0,-1300.0,2600.0,2906.8883707497266,0.0,0.0,0.0,0.0,0.0,0.0,0.0,0.0,0.0,nan,nan,nan,nan,nan,nan,nan,0.0,1260,9
coarse_100m,100.0,-1200.0,2600.0,2863.5642126552707,0.0,0.0,0.0,0.0,0.0,0.0,0.0,0.0,0.0,nan,nan,nan,nan,nan,nan,nan,0.0,1260,9
coarse_100m,100.0,-1100.0,2600.0,2823.118842698621,0.0,0.0,0.0,0.0,0.0,0.0,0.0,0.0,0.0,nan,nan,nan,nan,nan,nan,nan,0.0,1260,9
coarse_100m,100.0,-1000.0,2600.0,2785.677655436824,0.0,0.0,0.0,0.0,0.0,0.0,0.0,0.0,0.0,nan,nan,nan,nan,nan,nan,nan,0.0,1260,9
coarse_100m,100.0,-900.0,2600.0,2751.363298439521,0.0,0.0,0.0,0.0,0.0,0.0,0.0,0.0,0.0,nan,nan,nan,nan,nan,nan,nan,0.0,1260,9
coarse_100m,100.0,-800.0,2600.0,2720.2941017470885,0.0,0.0,0.0,0.0,0.0,0.0,0.0,0.0,0.0,nan,nan,nan,nan,nan,nan,nan,0.0,1260,9
coarse_100m,100.0,-700.0,2600.0,2692.582403567252,0.0,0.0,0.0,0.0,0.0,0.0,0.0,0.0,0.0,nan,nan,nan,nan,nan,nan,nan,0.0,1260,9
coarse_100m,100.0,-600.0,2600.0,2668.332812825267,0.0,0.0,0.0,0.0,0.0,0.0,0.0,0.0,0.0,nan,nan,nan,nan,nan,nan,nan,0.0,1260,9
coarse_100m,100.0,-500.0,2600.0,2647.6404589747453,0.0,0.0,0.0,0.0,0.0,0.0,0.0,0.0,0.0,nan,nan,nan,nan,nan,nan,nan,0.0,1260,9
coarse_100m,100.0,-400.0,2600.0,2630.589287593181,0.0,0.0,0.0,0.0,0.0,0.0,0.0,0.0,0.0,nan,nan,nan,nan,nan,nan,nan,0.0,1260,9
coarse_100m,100.0,-300.0,2600.0,2617.25046566048,0.0,0.0,0.0,0.0,0.0,0.0,0.0,0.0,0.0,nan,nan,nan,nan,nan,nan,nan,0.0,1260,9
coarse_100m,100.0,-200.0,2600.0,2607.6809620810595,0.0,0.0,0.0,0.0,0.0,0.0,0.0,0.0,0.0,nan,nan,nan,nan,nan,nan,nan,0.0,1260,9
coarse_100m,100.0,-100.0,2600.0,2601.9223662515374,0.0,0.0,0.0,0.0,0.0,0.0,0.0,0.0,0.0,nan,nan,nan,nan,nan,nan,nan,0.0,1260,9
coarse_100m,100.0,0.0,2600.0,2600.0,0.0,0.0,0.0,0.0,0.0,0.0,0.0,0.0,0.0,nan,nan,nan,nan,nan,nan,nan,0.0,1260,9
coarse_100m,100.0,100.0,2600.0,2601.9223662515374,0.0,0.0,0.0,0.0,0.0,0.0,0.0,0.0,0.0,nan,nan,nan,nan,nan,nan,nan,0.0,1260,9
coarse_100m,100.0,200.0,2600.0,2607.6809620810595,0.0,0.0,0.0,0.0,0.0,0.0,0.0,0.0,0.0,nan,nan,nan,nan,nan,nan,nan,0.0,1260,9
coarse_100m,100.0,300.0,2600.0,2617.25046566048,0.0,0.0,0.0,0.0,0.0,0.0,0.0,0.0,0.0,nan,nan,nan,nan,nan,nan,nan,0.0,1260,9
coarse_100m,100.0,400.0,2600.0,2630.589287593181,0.0,0.0,0.0,0.0,0.0,0.0,0.0,0.0,0.0,nan,nan,nan,nan,nan,nan,nan,0.0,1260,9
coarse_100m,100.0,500.0,2600.0,2647.6404589747453,0.0,0.0,0.0,0.0,0.0,0.0,0.0,0.0,0.0,nan,nan,nan,nan,nan,nan,nan,0.0,1260,9
coarse_100m,100.0,600.0,2600.0,2668.332812825267,0.0,0.0,0.0,0.0,0.0,0.0,0.0,0.0,0.0,nan,nan,nan,nan,nan,nan,nan,0.0,1260,9
coarse_100m,100.0,700.0,2600.0,2692.582403567252,0.0,0.0,0.0,0.0,0.0,0.0,0.0,0.0,0.0,nan,nan,nan,nan,nan,nan,nan,0.0,1260,9
coarse_100m,100.0,800.0,2600.0,2720.2941017470885,0.0,0.0,0.0,0.0,0.0,0.0,0.0,0.0,0.0,nan,nan,nan,nan,nan,nan,nan,0.0,1260,9
coarse_100m,100.0,900.0,2600.0,2751.363298439521,0.0,0.0,0.0,0.0,0.0,0.0,0.0,0.0,0.0,nan,nan,nan,nan,nan,nan,nan,0.0,1260,9
coarse_100m,100.0,1000.0,2600.0,2785.677655436824,0.0,0.0,0.0,0.0,0.0,0.0,0.0,0.0,0.0,nan,nan,nan,nan,nan,nan,nan,0.0,1260,9
coarse_100m,100.0,1100.0,2600.0,2823.118842698621,0.0,0.0,0.0,0.0,0.0,0.0,0.0,0.0,0.0,nan,nan,nan,nan,nan,nan,nan,0.0,1260,9
coarse_100m,100.0,1200.0,2600.0,2863.5642126552707,0.0,0.0,0.0,0.0,0.0,0.0,0.0,0.0,0.0,nan,nan,nan,nan,nan,nan,nan,0.0,1260,9
coarse_100m,100.0,1300.0,2600.0,2906.8883707497266,0.0,0.0,0.0,0.0,0.0,0.0,0.0,0.0,0.0,nan,nan,nan,nan,nan,nan,nan,0.0,1260,9
coarse_100m,100.0,1400.0,2600.0,2952.96461204668,0.0,0.0,0.0,0.0,0.0,0.0,0.0,0.0,0.0,nan,nan,nan,nan,nan,nan,nan,0.0,1260,9
coarse_100m,100.0,1500.0,2600.0,3001.6662039607268,0.0,0.0,0.0,0.0,0.0,0.0,0.0,0.0,0.0,nan,nan,nan,nan,nan,nan,nan,0.0,1260,9
coarse_100m,100.0,1600.0,2600.0,3052.8675044947495,0.0,0.0,0.0,0.0,0.0,0.0,0.0,0.0,0.0,nan,nan,nan,nan,nan,nan,nan,0.0,1260,9
coarse_100m,100.0,1700.0,2600.0,3106.444913401813,0.0,0.0,0.0,0.0,0.0,0.0,0.0,0.0,0.0,nan,nan,nan,nan,nan,nan,nan,0.0,1260,9
coarse_100m,100.0,1800.0,2600.0,3162.2776601683795,0.0,0.0,0.0,0.0,0.0,0.0,0.0,0.0,0.0,nan,nan,nan,nan,nan,nan,nan,0.0,1260,9
coarse_100m,100.0,1900.0,2600.0,3220.2484376209236,0.0,0.0,0.0,0.0,0.0,0.0,0.0,0.0,0.0,nan,nan,nan,nan,nan,nan,nan,0.0,1260,9
coarse_100m,100.0,2000.0,2600.0,3280.243893371345,0.0,0.0,0.0,0.0,0.0,0.0,0.0,0.0,0.0,nan,nan,nan,nan,nan,nan,nan,0.0,1260,9
coarse_100m,100.0,2100.0,2600.0,3342.1549934136806,0.0,0.0,0.0,0.0,0.0,0.0,0.0,0.0,0.0,nan,nan,nan,nan,nan,nan,nan,0.0,1260,9
coarse_100m,100.0,2200.0,2600.0,3405.87727318528,0.0,0.0,0.0,0.0,0.0,0.0,0.0,0.0,0.0,nan,nan,nan,nan,nan,nan,nan,0.0,1260,9
coarse_100m,100.0,2300.0,2600.0,3471.3109915419564,0.0,0.0,0.0,0.0,0.0,0.0,0.0,0.0,0.0,nan,nan,nan,nan,nan,nan,nan,0.0,1260,9
coarse_100m,100.0,2400.0,2600.0,3538.3612025908265,0.0,0.0,0.0,0.0,0.0,0.0,0.0,0.0,0.0,nan,nan,nan,nan,nan,nan,nan,0.0,1260,9
coarse_100m,100.0,2500.0,2600.0,3606.9377593742865,0.0,0.0,0.0,0.0,0.0,0.0,0.0,0.0,0.0,nan,nan,nan,nan,nan,nan,nan,0.0,1260,9
coarse_100m,100.0,2600.0,2600.0,3676.9552621700473,0.0,0.0,0.0,0.0,0.0,0.0,0.0,0.0,0.0,nan,nan,nan,nan,nan,nan,nan,0.0,1260,9
coarse_100m,100.0,2700.0,2600.0,3748.3329627982625,0.0,0.0,0.0,0.0,0.0,0.0,0.0,0.0,0.0,nan,nan,nan,nan,nan,nan,nan,0.0,1260,9
coarse_100m,100.0,2800.0,2600.0,3820.99463490856,0.0,0.0,0.0,0.0,0.0,0.0,0.0,0.0,0.0,nan,nan,nan,nan,nan,nan,nan,0.0,1260,9
coarse_100m,100.0,2900.0,2600.0,3894.8684188300895,0.0,0.0,0.0,0.0,0.0,0.0,0.0,0.0,0.0,nan,nan,nan,nan,nan,nan,nan,0.0,1260,9
coarse_100m,100.0,3000.0,2600.0,3969.8866482558415,0.0,0.0,0.0,0.0,0.0,0.0,0.0,0.0,0.0,nan,nan,nan,nan,nan,nan,nan,0.0,1260,9
coarse_100m,100.0,-1500.0,2700.0,3088.6890422961,0.0,0.0,0.0,0.0,0.0,0.0,0.0,0.0,0.0,nan,nan,nan,nan,nan,nan,nan,0.0,1260,9
coarse_100m,100.0,-1400.0,2700.0,3041.38126514911,0.0,0.0,0.0,0.0,0.0,0.0,0.0,0.0,0.0,nan,nan,nan,nan,nan,nan,nan,0.0,1260,9
coarse_100m,100.0,-1300.0,2700.0,2996.6648127543394,0.0,0.0,0.0,0.0,0.0,0.0,0.0,0.0,0.0,nan,nan,nan,nan,nan,nan,nan,0.0,1260,9
coarse_100m,100.0,-1200.0,2700.0,2954.6573405388312,0.0,0.0,0.0,0.0,0.0,0.0,0.0,0.0,0.0,nan,nan,nan,nan,nan,nan,nan,0.0,1260,9
coarse_100m,100.0,-1100.0,2700.0,2915.4759474226503,0.0,0.0,0.0,0.0,0.0,0.0,0.0,0.0,0.0,nan,nan,nan,nan,nan,nan,nan,0.0,1260,9
coarse_100m,100.0,-1000.0,2700.0,2879.2360097775936,0.0,0.0,0.0,0.0,0.0,0.0,0.0,0.0,0.0,nan,nan,nan,nan,nan,nan,nan,0.0,1260,9
coarse_100m,100.0,-900.0,2700.0,2846.0498941515416,0.0,0.0,0.0,0.0,0.0,0.0,0.0,0.0,0.0,nan,nan,nan,nan,nan,nan,nan,0.0,1260,9
coarse_100m,100.0,-800.0,2700.0,2816.0255680657447,0.0,0.0,0.0,0.0,0.0,0.0,0.0,0.0,0.0,nan,nan,nan,nan,nan,nan,nan,0.0,1260,9
coarse_100m,100.0,-700.0,2700.0,2789.2651361962708,0.0,0.0,0.0,0.0,0.0,0.0,0.0,0.0,0.0,nan,nan,nan,nan,nan,nan,nan,0.0,1260,9
coarse_100m,100.0,-600.0,2700.0,2765.8633371878664,0.0,0.0,0.0,0.0,0.0,0.0,0.0,0.0,0.0,nan,nan,nan,nan,nan,nan,nan,0.0,1260,9
coarse_100m,100.0,-500.0,2700.0,2745.906043549196,0.0,0.0,0.0,0.0,0.0,0.0,0.0,0.0,0.0,nan,nan,nan,nan,nan,nan,nan,0.0,1260,9
coarse_100m,100.0,-400.0,2700.0,2729.468812791236,0.0,0.0,0.0,0.0,0.0,0.0,0.0,0.0,0.0,nan,nan,nan,nan,nan,nan,nan,0.0,1260,9
coarse_100m,100.0,-300.0,2700.0,2716.615541441225,0.0,0.0,0.0,0.0,0.0,0.0,0.0,0.0,0.0,nan,nan,nan,nan,nan,nan,nan,0.0,1260,9
coarse_100m,100.0,-200.0,2700.0,2707.3972741361767,0.0,0.0,0.0,0.0,0.0,0.0,0.0,0.0,0.0,nan,nan,nan,nan,nan,nan,nan,0.0,1260,9
coarse_100m,100.0,-100.0,2700.0,2701.851217221259,0.0,0.0,0.0,0.0,0.0,0.0,0.0,0.0,0.0,nan,nan,nan,nan,nan,nan,nan,0.0,1260,9
coarse_100m,100.0,0.0,2700.0,2700.0,0.0,0.0,0.0,0.0,0.0,0.0,0.0,0.0,0.0,nan,nan,nan,nan,nan,nan,nan,0.0,1260,9
coarse_100m,100.0,100.0,2700.0,2701.851217221259,0.0,0.0,0.0,0.0,0.0,0.0,0.0,0.0,0.0,nan,nan,nan,nan,nan,nan,nan,0.0,1260,9
coarse_100m,100.0,200.0,2700.0,2707.3972741361767,0.0,0.0,0.0,0.0,0.0,0.0,0.0,0.0,0.0,nan,nan,nan,nan,nan,nan,nan,0.0,1260,9
coarse_100m,100.0,300.0,2700.0,2716.615541441225,0.0,0.0,0.0,0.0,0.0,0.0,0.0,0.0,0.0,nan,nan,nan,nan,nan,nan,nan,0.0,1260,9
coarse_100m,100.0,400.0,2700.0,2729.468812791236,0.0,0.0,0.0,0.0,0.0,0.0,0.0,0.0,0.0,nan,nan,nan,nan,nan,nan,nan,0.0,1260,9
coarse_100m,100.0,500.0,2700.0,2745.906043549196,0.0,0.0,0.0,0.0,0.0,0.0,0.0,0.0,0.0,nan,nan,nan,nan,nan,nan,nan,0.0,1260,9
coarse_100m,100.0,600.0,2700.0,2765.8633371878664,0.0,0.0,0.0,0.0,0.0,0.0,0.0,0.0,0.0,nan,nan,nan,nan,nan,nan,nan,0.0,1260,9
coarse_100m,100.0,700.0,2700.0,2789.2651361962708,0.0,0.0,0.0,0.0,0.0,0.0,0.0,0.0,0.0,nan,nan,nan,nan,nan,nan,nan,0.0,1260,9
coarse_100m,100.0,800.0,2700.0,2816.0255680657447,0.0,0.0,0.0,0.0,0.0,0.0,0.0,0.0,0.0,nan,nan,nan,nan,nan,nan,nan,0.0,1260,9
coarse_100m,100.0,900.0,2700.0,2846.0498941515416,0.0,0.0,0.0,0.0,0.0,0.0,0.0,0.0,0.0,nan,nan,nan,nan,nan,nan,nan,0.0,1260,9
coarse_100m,100.0,1000.0,2700.0,2879.2360097775936,0.0,0.0,0.0,0.0,0.0,0.0,0.0,0.0,0.0,nan,nan,nan,nan,nan,nan,nan,0.0,1260,9
coarse_100m,100.0,1100.0,2700.0,2915.4759474226503,0.0,0.0,0.0,0.0,0.0,0.0,0.0,0.0,0.0,nan,nan,nan,nan,nan,nan,nan,0.0,1260,9
coarse_100m,100.0,1200.0,2700.0,2954.6573405388312,0.0,0.0,0.0,0.0,0.0,0.0,0.0,0.0,0.0,nan,nan,nan,nan,nan,nan,nan,0.0,1260,9
coarse_100m,100.0,1300.0,2700.0,2996.6648127543394,0.0,0.0,0.0,0.0,0.0,0.0,0.0,0.0,0.0,nan,nan,nan,nan,nan,nan,nan,0.0,1260,9
coarse_100m,100.0,1400.0,2700.0,3041.38126514911,0.0,0.0,0.0,0.0,0.0,0.0,0.0,0.0,0.0,nan,nan,nan,nan,nan,nan,nan,0.0,1260,9
coarse_100m,100.0,1500.0,2700.0,3088.6890422961,0.0,0.0,0.0,0.0,0.0,0.0,0.0,0.0,0.0,nan,nan,nan,nan,nan,nan,nan,0.0,1260,9
coarse_100m,100.0,1600.0,2700.0,3138.4709652950432,0.0,0.0,0.0,0.0,0.0,0.0,0.0,0.0,0.0,nan,nan,nan,nan,nan,nan,nan,0.0,1260,9
coarse_100m,100.0,1700.0,2700.0,3190.6112267087633,0.0,0.0,0.0,0.0,0.0,0.0,0.0,0.0,0.0,nan,nan,nan,nan,nan,nan,nan,0.0,1260,9
coarse_100m,100.0,1800.0,2700.0,3244.9961479175904,0.0,0.0,0.0,0.0,0.0,0.0,0.0,0.0,0.0,nan,nan,nan,nan,nan,nan,nan,0.0,1260,9
coarse_100m,100.0,1900.0,2700.0,3301.5148038438356,0.0,0.0,0.0,0.0,0.0,0.0,0.0,0.0,0.0,nan,nan,nan,nan,nan,nan,nan,0.0,1260,9
coarse_100m,100.0,2000.0,2700.0,3360.0595232822884,0.0,0.0,0.0,0.0,0.0,0.0,0.0,0.0,0.0,nan,nan,nan,nan,nan,nan,nan,0.0,1260,9
coarse_100m,100.0,2100.0,2700.0,3420.526275297414,0.0,0.0,0.0,0.0,0.0,0.0,0.0,0.0,0.0,nan,nan,nan,nan,nan,nan,nan,0.0,1260,9
coarse_100m,100.0,2200.0,2700.0,3482.8149534535996,0.0,0.0,0.0,0.0,0.0,0.0,0.0,0.0,0.0,nan,nan,nan,nan,nan,nan,nan,0.0,1260,9
coarse_100m,100.0,2300.0,2700.0,3546.82957019364,0.0,0.0,0.0,0.0,0.0,0.0,0.0,0.0,0.0,nan,nan,nan,nan,nan,nan,nan,0.0,1260,9
coarse_100m,100.0,2400.0,2700.0,3612.4783736376885,0.0,0.0,0.0,0.0,0.0,0.0,0.0,0.0,0.0,nan,nan,nan,nan,nan,nan,nan,0.0,1260,9
coarse_100m,100.0,2500.0,2700.0,3679.6738985948195,0.0,0.0,0.0,0.0,0.0,0.0,0.0,0.0,0.0,nan,nan,nan,nan,nan,nan,nan,0.0,1260,9
coarse_100m,100.0,2600.0,2700.0,3748.3329627982625,0.0,0.0,0.0,0.0,0.0,0.0,0.0,0.0,0.0,nan,nan,nan,nan,nan,nan,nan,0.0,1260,9
coarse_100m,100.0,2700.0,2700.0,3818.3766184073565,0.0,0.0,0.0,0.0,0.0,0.0,0.0,0.0,0.0,nan,nan,nan,nan,nan,nan,nan,0.0,1260,9
coarse_100m,100.0,2800.0,2700.0,3889.730067755345,0.0,0.0,0.0,0.0,0.0,0.0,0.0,0.0,0.0,nan,nan,nan,nan,nan,nan,nan,0.0,1260,9
coarse_100m,100.0,2900.0,2700.0,3962.32255123179,0.0,0.0,0.0,0.0,0.0,0.0,0.0,0.0,0.0,nan,nan,nan,nan,nan,nan,nan,0.0,1260,9
coarse_100m,100.0,3000.0,2700.0,4036.087214122113,0.0,0.0,0.0,0.0,0.0,0.0,0.0,0.0,0.0,nan,nan,nan,nan,nan,nan,nan,0.0,1260,9
coarse_100m,100.0,-1500.0,2800.0,3176.4760348537184,0.0,0.0,0.0,0.0,0.0,0.0,0.0,0.0,0.0,nan,nan,nan,nan,nan,nan,nan,0.0,1260,9
coarse_100m,100.0,-1400.0,2800.0,3130.4951684997054,0.0,0.0,0.0,0.0,0.0,0.0,0.0,0.0,0.0,nan,nan,nan,nan,nan,nan,nan,0.0,1260,9
coarse_100m,100.0,-1300.0,2800.0,3087.0698080866264,0.0,0.0,0.0,0.0,0.0,0.0,0.0,0.0,0.0,nan,nan,nan,nan,nan,nan,nan,0.0,1260,9
coarse_100m,100.0,-1200.0,2800.0,3046.3092423455632,0.0,0.0,0.0,0.0,0.0,0.0,0.0,0.0,0.0,nan,nan,nan,nan,nan,nan,nan,0.0,1260,9
coarse_100m,100.0,-1100.0,2800.0,3008.3217912982645,0.0,0.0,0.0,0.0,0.0,0.0,0.0,0.0,0.0,nan,nan,nan,nan,nan,nan,nan,0.0,1260,9
coarse_100m,100.0,-1000.0,2800.0,2973.213749463701,0.0,0.0,0.0,0.0,0.0,0.0,0.0,0.0,0.0,nan,nan,nan,nan,nan,nan,nan,0.0,1260,9
coarse_100m,100.0,-900.0,2800.0,2941.0882339705486,0.0,0.0,0.0,0.0,0.0,0.0,0.0,0.0,0.0,nan,nan,nan,nan,nan,nan,nan,0.0,1260,9
coarse_100m,100.0,-800.0,2800.0,2912.043955712207,0.0,0.0,0.0,0.0,0.0,0.0,0.0,0.0,0.0,nan,nan,nan,nan,nan,nan,nan,0.0,1260,9
coarse_100m,100.0,-700.0,2800.0,2886.1739379323626,0.0,0.0,0.0,0.0,0.0,0.0,0.0,0.0,0.0,nan,nan,nan,nan,nan,nan,nan,0.0,1260,9
coarse_100m,100.0,-600.0,2800.0,2863.5642126552707,0.0,0.0,0.0,0.0,0.0,0.0,0.0,0.0,0.0,nan,nan,nan,nan,nan,nan,nan,0.0,1260,9
coarse_100m,100.0,-500.0,2800.0,2844.2925306655784,0.0,0.0,0.0,0.0,0.0,0.0,0.0,0.0,0.0,nan,nan,nan,nan,nan,nan,nan,0.0,1260,9
coarse_100m,100.0,-400.0,2800.0,2828.42712474619,0.0,0.0,0.0,0.0,0.0,0.0,0.0,0.0,0.0,nan,nan,nan,nan,nan,nan,nan,0.0,1260,9
coarse_100m,100.0,-300.0,2800.0,2816.0255680657447,0.0,0.0,0.0,0.0,0.0,0.0,0.0,0.0,0.0,nan,nan,nan,nan,nan,nan,nan,0.0,1260,9
coarse_100m,100.0,-200.0,2800.0,2807.13376952364,0.0,0.0,0.0,0.0,0.0,0.0,0.0,0.0,0.0,nan,nan,nan,nan,nan,nan,nan,0.0,1260,9
coarse_100m,100.0,-100.0,2800.0,2801.78514522438,0.0,0.0,0.0,0.0,0.0,0.0,0.0,0.0,0.0,nan,nan,nan,nan,nan,nan,nan,0.0,1260,9
coarse_100m,100.0,0.0,2800.0,2800.0,0.0,0.0,0.0,0.0,0.0,0.0,0.0,0.0,0.0,nan,nan,nan,nan,nan,nan,nan,0.0,1260,9
coarse_100m,100.0,100.0,2800.0,2801.78514522438,0.0,0.0,0.0,0.0,0.0,0.0,0.0,0.0,0.0,nan,nan,nan,nan,nan,nan,nan,0.0,1260,9
coarse_100m,100.0,200.0,2800.0,2807.13376952364,0.0,0.0,0.0,0.0,0.0,0.0,0.0,0.0,0.0,nan,nan,nan,nan,nan,nan,nan,0.0,1260,9
coarse_100m,100.0,300.0,2800.0,2816.0255680657447,0.0,0.0,0.0,0.0,0.0,0.0,0.0,0.0,0.0,nan,nan,nan,nan,nan,nan,nan,0.0,1260,9
coarse_100m,100.0,400.0,2800.0,2828.42712474619,0.0,0.0,0.0,0.0,0.0,0.0,0.0,0.0,0.0,nan,nan,nan,nan,nan,nan,nan,0.0,1260,9
coarse_100m,100.0,500.0,2800.0,2844.2925306655784,0.0,0.0,0.0,0.0,0.0,0.0,0.0,0.0,0.0,nan,nan,nan,nan,nan,nan,nan,0.0,1260,9
coarse_100m,100.0,600.0,2800.0,2863.5642126552707,0.0,0.0,0.0,0.0,0.0,0.0,0.0,0.0,0.0,nan,nan,nan,nan,nan,nan,nan,0.0,1260,9
coarse_100m,100.0,700.0,2800.0,2886.1739379323626,0.0,0.0,0.0,0.0,0.0,0.0,0.0,0.0,0.0,nan,nan,nan,nan,nan,nan,nan,0.0,1260,9
coarse_100m,100.0,800.0,2800.0,2912.043955712207,0.0,0.0,0.0,0.0,0.0,0.0,0.0,0.0,0.0,nan,nan,nan,nan,nan,nan,nan,0.0,1260,9
coarse_100m,100.0,900.0,2800.0,2941.0882339705486,0.0,0.0,0.0,0.0,0.0,0.0,0.0,0.0,0.0,nan,nan,nan,nan,nan,nan,nan,0.0,1260,9
coarse_100m,100.0,1000.0,2800.0,2973.213749463701,0.0,0.0,0.0,0.0,0.0,0.0,0.0,0.0,0.0,nan,nan,nan,nan,nan,nan,nan,0.0,1260,9
coarse_100m,100.0,1100.0,2800.0,3008.3217912982645,0.0,0.0,0.0,0.0,0.0,0.0,0.0,0.0,0.0,nan,nan,nan,nan,nan,nan,nan,0.0,1260,9
coarse_100m,100.0,1200.0,2800.0,3046.3092423455632,0.0,0.0,0.0,0.0,0.0,0.0,0.0,0.0,0.0,nan,nan,nan,nan,nan,nan,nan,0.0,1260,9
coarse_100m,100.0,1300.0,2800.0,3087.0698080866264,0.0,0.0,0.0,0.0,0.0,0.0,0.0,0.0,0.0,nan,nan,nan,nan,nan,nan,nan,0.0,1260,9
coarse_100m,100.0,1400.0,2800.0,3130.4951684997054,0.0,0.0,0.0,0.0,0.0,0.0,0.0,0.0,0.0,nan,nan,nan,nan,nan,nan,nan,0.0,1260,9
coarse_100m,100.0,1500.0,2800.0,3176.4760348537184,0.0,0.0,0.0,0.0,0.0,0.0,0.0,0.0,0.0,nan,nan,nan,nan,nan,nan,nan,0.0,1260,9
coarse_100m,100.0,1600.0,2800.0,3224.9030993194197,0.0,0.0,0.0,0.0,0.0,0.0,0.0,0.0,0.0,nan,nan,nan,nan,nan,nan,nan,0.0,1260,9
coarse_100m,100.0,1700.0,2800.0,3275.66787083184,0.0,0.0,0.0,0.0,0.0,0.0,0.0,0.0,0.0,nan,nan,nan,nan,nan,nan,nan,0.0,1260,9
coarse_100m,100.0,1800.0,2800.0,3328.6633954186477,0.0,0.0,0.0,0.0,0.0,0.0,0.0,0.0,0.0,nan,nan,nan,nan,nan,nan,nan,0.0,1260,9
coarse_100m,100.0,1900.0,2800.0,3383.784863137726,0.0,0.0,0.0,0.0,0.0,0.0,0.0,0.0,0.0,nan,nan,nan,nan,nan,nan,nan,0.0,1260,9
coarse_100m,100.0,2000.0,2800.0,3440.9301068170507,0.0,0.0,0.0,0.0,0.0,0.0,0.0,0.0,0.0,nan,nan,nan,nan,nan,nan,nan,0.0,1260,9
coarse_100m,100.0,2100.0,2800.0,3500.0,0.0,0.0,0.0,0.0,0.0,0.0,0.0,0.0,0.0,nan,nan,nan,nan,nan,nan,nan,0.0,1260,9
coarse_100m,100.0,2200.0,2800.0,3560.898762952971,0.0,0.0,0.0,0.0,0.0,0.0,0.0,0.0,0.0,nan,nan,nan,nan,nan,nan,nan,0.0,1260,9
coarse_100m,100.0,2300.0,2800.0,3623.534186398688,0.0,0.0,0.0,0.0,0.0,0.0,0.0,0.0,0.0,nan,nan,nan,nan,nan,nan,nan,0.0,1260,9
coarse_100m,100.0,2400.0,2800.0,3687.817782917155,0.0,0.0,0.0,0.0,0.0,0.0,0.0,0.0,0.0,nan,nan,nan,nan,nan,nan,nan,0.0,1260,9
coarse_100m,100.0,2500.0,2800.0,3753.664875824692,0.0,0.0,0.0,0.0,0.0,0.0,0.0,0.0,0.0,nan,nan,nan,nan,nan,nan,nan,0.0,1260,9
coarse_100m,100.0,2600.0,2800.0,3820.99463490856,0.0,0.0,0.0,0.0,0.0,0.0,0.0,0.0,0.0,nan,nan,nan,nan,nan,nan,nan,0.0,1260,9
coarse_100m,100.0,2700.0,2800.0,3889.730067755345,0.0,0.0,0.0,0.0,0.0,0.0,0.0,0.0,0.0,nan,nan,nan,nan,nan,nan,nan,0.0,1260,9
coarse_100m,100.0,2800.0,2800.0,3959.7979746446663,0.0,0.0,0.0,0.0,0.0,0.0,0.0,0.0,0.0,nan,nan,nan,nan,nan,nan,nan,0.0,1260,9
coarse_100m,100.0,2900.0,2800.0,4031.128874149275,0.0,0.0,0.0,0.0,0.0,0.0,0.0,0.0,0.0,nan,nan,nan,nan,nan,nan,nan,0.0,1260,9
coarse_100m,100.0,3000.0,2800.0,4103.656905736638,0.0,0.0,0.0,0.0,0.0,0.0,0.0,0.0,0.0,nan,nan,nan,nan,nan,nan,nan,0.0,1260,9
coarse_100m,100.0,-1500.0,2900.0,3264.9655434629017,0.0,0.0,0.0,0.0,0.0,0.0,0.0,0.0,0.0,nan,nan,nan,nan,nan,nan,nan,0.0,1260,9
coarse_100m,100.0,-1400.0,2900.0,3220.2484376209236,0.0,0.0,0.0,0.0,0.0,0.0,0.0,0.0,0.0,nan,nan,nan,nan,nan,nan,nan,0.0,1260,9
coarse_100m,100.0,-1300.0,2900.0,3178.0497164141407,0.0,0.0,0.0,0.0,0.0,0.0,0.0,0.0,0.0,nan,nan,nan,nan,nan,nan,nan,0.0,1260,9
coarse_100m,100.0,-1200.0,2900.0,3138.4709652950432,0.0,0.0,0.0,0.0,0.0,0.0,0.0,0.0,0.0,nan,nan,nan,nan,nan,nan,nan,0.0,1260,9
coarse_100m,100.0,-1100.0,2900.0,3101.6124838541646,0.0,0.0,0.0,0.0,0.0,0.0,0.0,0.0,0.0,nan,nan,nan,nan,nan,nan,nan,0.0,1260,9
coarse_100m,100.0,-1000.0,2900.0,3067.5723300355935,0.0,0.0,0.0,0.0,0.0,0.0,0.0,0.0,0.0,nan,nan,nan,nan,nan,nan,nan,0.0,1260,9
coarse_100m,100.0,-900.0,2900.0,3036.4452901377954,0.0,0.0,0.0,0.0,0.0,0.0,0.0,0.0,0.0,nan,nan,nan,nan,nan,nan,nan,0.0,1260,9
coarse_100m,100.0,-800.0,2900.0,3008.3217912982645,0.0,0.0,0.0,0.0,0.0,0.0,0.0,0.0,0.0,nan,nan,nan,nan,nan,nan,nan,0.0,1260,9
coarse_100m,100.0,-700.0,2900.0,2983.2867780352594,0.0,0.0,0.0,0.0,0.0,0.0,0.0,0.0,0.0,nan,nan,nan,nan,nan,nan,nan,0.0,1260,9
coarse_100m,100.0,-600.0,2900.0,2961.4185789921694,0.0,0.0,0.0,0.0,0.0,0.0,0.0,0.0,0.0,nan,nan,nan,nan,nan,nan,nan,0.0,1260,9
coarse_100m,100.0,-500.0,2900.0,2942.7877939124323,0.0,0.0,0.0,0.0,0.0,0.0,0.0,0.0,0.0,nan,nan,nan,nan,nan,nan,nan,0.0,1260,9
coarse_100m,100.0,-400.0,2900.0,2927.456233660889,0.0,0.0,0.0,0.0,0.0,0.0,0.0,0.0,0.0,nan,nan,nan,nan,nan,nan,nan,0.0,1260,9
coarse_100m,100.0,-300.0,2900.0,2915.4759474226503,0.0,0.0,0.0,0.0,0.0,0.0,0.0,0.0,0.0,nan,nan,nan,nan,nan,nan,nan,0.0,1260,9
coarse_100m,100.0,-200.0,2900.0,2906.8883707497266,0.0,0.0,0.0,0.0,0.0,0.0,0.0,0.0,0.0,nan,nan,nan,nan,nan,nan,nan,0.0,1260,9
coarse_100m,100.0,-100.0,2900.0,2901.723625709382,0.0,0.0,0.0,0.0,0.0,0.0,0.0,0.0,0.0,nan,nan,nan,nan,nan,nan,nan,0.0,1260,9
coarse_100m,100.0,0.0,2900.0,2900.0,0.0,0.0,0.0,0.0,0.0,0.0,0.0,0.0,0.0,nan,nan,nan,nan,nan,nan,nan,0.0,1260,9
coarse_100m,100.0,100.0,2900.0,2901.723625709382,0.0,0.0,0.0,0.0,0.0,0.0,0.0,0.0,0.0,nan,nan,nan,nan,nan,nan,nan,0.0,1260,9
coarse_100m,100.0,200.0,2900.0,2906.8883707497266,0.0,0.0,0.0,0.0,0.0,0.0,0.0,0.0,0.0,nan,nan,nan,nan,nan,nan,nan,0.0,1260,9
coarse_100m,100.0,300.0,2900.0,2915.4759474226503,0.0,0.0,0.0,0.0,0.0,0.0,0.0,0.0,0.0,nan,nan,nan,nan,nan,nan,nan,0.0,1260,9
coarse_100m,100.0,400.0,2900.0,2927.456233660889,0.0,0.0,0.0,0.0,0.0,0.0,0.0,0.0,0.0,nan,nan,nan,nan,nan,nan,nan,0.0,1260,9
coarse_100m,100.0,500.0,2900.0,2942.7877939124323,0.0,0.0,0.0,0.0,0.0,0.0,0.0,0.0,0.0,nan,nan,nan,nan,nan,nan,nan,0.0,1260,9
coarse_100m,100.0,600.0,2900.0,2961.4185789921694,0.0,0.0,0.0,0.0,0.0,0.0,0.0,0.0,0.0,nan,nan,nan,nan,nan,nan,nan,0.0,1260,9
coarse_100m,100.0,700.0,2900.0,2983.2867780352594,0.0,0.0,0.0,0.0,0.0,0.0,0.0,0.0,0.0,nan,nan,nan,nan,nan,nan,nan,0.0,1260,9
coarse_100m,100.0,800.0,2900.0,3008.3217912982645,0.0,0.0,0.0,0.0,0.0,0.0,0.0,0.0,0.0,nan,nan,nan,nan,nan,nan,nan,0.0,1260,9
coarse_100m,100.0,900.0,2900.0,3036.4452901377954,0.0,0.0,0.0,0.0,0.0,0.0,0.0,0.0,0.0,nan,nan,nan,nan,nan,nan,nan,0.0,1260,9
coarse_100m,100.0,1000.0,2900.0,3067.5723300355935,0.0,0.0,0.0,0.0,0.0,0.0,0.0,0.0,0.0,nan,nan,nan,nan,nan,nan,nan,0.0,1260,9
coarse_100m,100.0,1100.0,2900.0,3101.6124838541646,0.0,0.0,0.0,0.0,0.0,0.0,0.0,0.0,0.0,nan,nan,nan,nan,nan,nan,nan,0.0,1260,9
coarse_100m,100.0,1200.0,2900.0,3138.4709652950432,0.0,0.0,0.0,0.0,0.0,0.0,0.0,0.0,0.0,nan,nan,nan,nan,nan,nan,nan,0.0,1260,9
coarse_100m,100.0,1300.0,2900.0,3178.0497164141407,0.0,0.0,0.0,0.0,0.0,0.0,0.0,0.0,0.0,nan,nan,nan,nan,nan,nan,nan,0.0,1260,9
coarse_100m,100.0,1400.0,2900.0,3220.2484376209236,0.0,0.0,0.0,0.0,0.0,0.0,0.0,0.0,0.0,nan,nan,nan,nan,nan,nan,nan,0.0,1260,9
coarse_100m,100.0,1500.0,2900.0,3264.9655434629017,0.0,0.0,0.0,0.0,0.0,0.0,0.0,0.0,0.0,nan,nan,nan,nan,nan,nan,nan,0.0,1260,9
coarse_100m,100.0,1600.0,2900.0,3312.0990323358387,0.0,0.0,0.0,0.0,0.0,0.0,0.0,0.0,0.0,nan,nan,nan,nan,nan,nan,nan,0.0,1260,9
coarse_100m,100.0,1700.0,2900.0,3361.5472627943223,0.0,0.0,0.0,0.0,0.0,0.0,0.0,0.0,0.0,nan,nan,nan,nan,nan,nan,nan,0.0,1260,9
coarse_100m,100.0,1800.0,2900.0,3413.2096331752023,0.0,0.0,0.0,0.0,0.0,0.0,0.0,0.0,0.0,nan,nan,nan,nan,nan,nan,nan,0.0,1260,9
coarse_100m,100.0,1900.0,2900.0,3466.9871646719434,0.0,0.0,0.0,0.0,0.0,0.0,0.0,0.0,0.0,nan,nan,nan,nan,nan,nan,nan,0.0,1260,9
coarse_100m,100.0,2000.0,2900.0,3522.7829907617074,0.0,0.0,0.0,0.0,0.0,0.0,0.0,0.0,0.0,nan,nan,nan,nan,nan,nan,nan,0.0,1260,9
coarse_100m,100.0,2100.0,2900.0,3580.5027579936313,0.0,0.0,0.0,0.0,0.0,0.0,0.0,0.0,0.0,nan,nan,nan,nan,nan,nan,nan,0.0,1260,9
coarse_100m,100.0,2200.0,2900.0,3640.0549446402592,0.0,0.0,0.0,0.0,0.0,0.0,0.0,0.0,0.0,nan,nan,nan,nan,nan,nan,nan,0.0,1260,9
coarse_100m,100.0,2300.0,2900.0,3701.3511046643494,0.0,0.0,0.0,0.0,0.0,0.0,0.0,0.0,0.0,nan,nan,nan,nan,nan,nan,nan,0.0,1260,9
coarse_100m,100.0,2400.0,2900.0,3764.3060449437426,0.0,0.0,0.0,0.0,0.0,0.0,0.0,0.0,0.0,nan,nan,nan,nan,nan,nan,nan,0.0,1260,9
coarse_100m,100.0,2500.0,2900.0,3828.8379438153293,0.0,0.0,0.0,0.0,0.0,0.0,0.0,0.0,0.0,nan,nan,nan,nan,nan,nan,nan,0.0,1260,9
coarse_100m,100.0,2600.0,2900.0,3894.8684188300895,0.0,0.0,0.0,0.0,0.0,0.0,0.0,0.0,0.0,nan,nan,nan,nan,nan,nan,nan,0.0,1260,9
coarse_100m,100.0,2700.0,2900.0,3962.32255123179,0.0,0.0,0.0,0.0,0.0,0.0,0.0,0.0,0.0,nan,nan,nan,nan,nan,nan,nan,0.0,1260,9
coarse_100m,100.0,2800.0,2900.0,4031.128874149275,0.0,0.0,0.0,0.0,0.0,0.0,0.0,0.0,0.0,nan,nan,nan,nan,nan,nan,nan,0.0,1260,9
coarse_100m,100.0,2900.0,2900.0,4101.219330881976,0.0,0.0,0.0,0.0,0.0,0.0,0.0,0.0,0.0,nan,nan,nan,nan,nan,nan,nan,0.0,1260,9
coarse_100m,100.0,3000.0,2900.0,4172.529209005013,0.0,0.0,0.0,0.0,0.0,0.0,0.0,0.0,0.0,nan,nan,nan,nan,nan,nan,nan,0.0,1260,9
coarse_100m,100.0,-1500.0,3000.0,3354.1019662496847,0.0,0.0,0.0,0.0,0.0,0.0,0.0,0.0,0.0,nan,nan,nan,nan,nan,nan,nan,0.0,1260,9
coarse_100m,100.0,-1400.0,3000.0,3310.58907144937,0.0,0.0,0.0,0.0,0.0,0.0,0.0,0.0,0.0,nan,nan,nan,nan,nan,nan,nan,0.0,1260,9
coarse_100m,100.0,-1300.0,3000.0,3269.556544854363,0.0,0.0,0.0,0.0,0.0,0.0,0.0,0.0,0.0,nan,nan,nan,nan,nan,nan,nan,0.0,1260,9
coarse_100m,100.0,-1200.0,3000.0,3231.0988842807024,0.0,0.0,0.0,0.0,0.0,0.0,0.0,0.0,0.0,nan,nan,nan,nan,nan,nan,nan,0.0,1260,9
coarse_100m,100.0,-1100.0,3000.0,3195.3090617340913,0.0,0.0,0.0,0.0,0.0,0.0,0.0,0.0,0.0,nan,nan,nan,nan,nan,nan,nan,0.0,1260,9
coarse_100m,100.0,-1000.0,3000.0,3162.2776601683795,0.0,0.0,0.0,0.0,0.0,0.0,0.0,0.0,0.0,nan,nan,nan,nan,nan,nan,nan,0.0,1260,9
coarse_100m,100.0,-900.0,3000.0,3132.091952673165,0.0,0.0,0.0,0.0,0.0,0.0,0.0,0.0,0.0,nan,nan,nan,nan,nan,nan,nan,0.0,1260,9
coarse_100m,100.0,-800.0,3000.0,3104.834939252005,0.0,0.0,0.0,0.0,0.0,0.0,0.0,0.0,0.0,nan,nan,nan,nan,nan,nan,nan,0.0,1260,9
coarse_100m,100.0,-700.0,3000.0,3080.5843601498727,0.0,0.0,0.0,0.0,0.0,0.0,0.0,0.0,0.0,nan,nan,nan,nan,nan,nan,nan,0.0,1260,9
coarse_100m,100.0,-600.0,3000.0,3059.411708155671,0.0,0.0,0.0,0.0,0.0,0.0,0.0,0.0,0.0,nan,nan,nan,nan,nan,nan,nan,0.0,1260,9
coarse_100m,100.0,-500.0,3000.0,3041.38126514911,0.0,0.0,0.0,0.0,0.0,0.0,0.0,0.0,0.0,nan,nan,nan,nan,nan,nan,nan,0.0,1260,9
coarse_100m,100.0,-400.0,3000.0,3026.5491900843112,0.0,0.0,0.0,0.0,0.0,0.0,0.0,0.0,0.0,nan,nan,nan,nan,nan,nan,nan,0.0,1260,9
coarse_100m,100.0,-300.0,3000.0,3014.962686336267,0.0,0.0,0.0,0.0,0.0,0.0,0.0,0.0,0.0,nan,nan,nan,nan,nan,nan,nan,0.0,1260,9
coarse_100m,100.0,-200.0,3000.0,3006.6592756745817,0.0,0.0,0.0,0.0,0.0,0.0,0.0,0.0,0.0,nan,nan,nan,nan,nan,nan,nan,0.0,1260,9
coarse_100m,100.0,-100.0,3000.0,3001.6662039607268,0.0,0.0,0.0,0.0,0.0,0.0,0.0,0.0,0.0,nan,nan,nan,nan,nan,nan,nan,0.0,1260,9
coarse_100m,100.0,0.0,3000.0,3000.0,0.0,0.0,0.0,0.0,0.0,0.0,0.0,0.0,0.0,nan,nan,nan,nan,nan,nan,nan,0.0,1260,9
coarse_100m,100.0,100.0,3000.0,3001.6662039607268,0.0,0.0,0.0,0.0,0.0,0.0,0.0,0.0,0.0,nan,nan,nan,nan,nan,nan,nan,0.0,1260,9
coarse_100m,100.0,200.0,3000.0,3006.6592756745817,0.0,0.0,0.0,0.0,0.0,0.0,0.0,0.0,0.0,nan,nan,nan,nan,nan,nan,nan,0.0,1260,9
coarse_100m,100.0,300.0,3000.0,3014.962686336267,0.0,0.0,0.0,0.0,0.0,0.0,0.0,0.0,0.0,nan,nan,nan,nan,nan,nan,nan,0.0,1260,9
coarse_100m,100.0,400.0,3000.0,3026.5491900843112,0.0,0.0,0.0,0.0,0.0,0.0,0.0,0.0,0.0,nan,nan,nan,nan,nan,nan,nan,0.0,1260,9
coarse_100m,100.0,500.0,3000.0,3041.38126514911,0.0,0.0,0.0,0.0,0.0,0.0,0.0,0.0,0.0,nan,nan,nan,nan,nan,nan,nan,0.0,1260,9
coarse_100m,100.0,600.0,3000.0,3059.411708155671,0.0,0.0,0.0,0.0,0.0,0.0,0.0,0.0,0.0,nan,nan,nan,nan,nan,nan,nan,0.0,1260,9
coarse_100m,100.0,700.0,3000.0,3080.5843601498727,0.0,0.0,0.0,0.0,0.0,0.0,0.0,0.0,0.0,nan,nan,nan,nan,nan,nan,nan,0.0,1260,9
coarse_100m,100.0,800.0,3000.0,3104.834939252005,0.0,0.0,0.0,0.0,0.0,0.0,0.0,0.0,0.0,nan,nan,nan,nan,nan,nan,nan,0.0,1260,9
coarse_100m,100.0,900.0,3000.0,3132.091952673165,0.0,0.0,0.0,0.0,0.0,0.0,0.0,0.0,0.0,nan,nan,nan,nan,nan,nan,nan,0.0,1260,9
coarse_100m,100.0,1000.0,3000.0,3162.2776601683795,0.0,0.0,0.0,0.0,0.0,0.0,0.0,0.0,0.0,nan,nan,nan,nan,nan,nan,nan,0.0,1260,9
coarse_100m,100.0,1100.0,3000.0,3195.3090617340913,0.0,0.0,0.0,0.0,0.0,0.0,0.0,0.0,0.0,nan,nan,nan,nan,nan,nan,nan,0.0,1260,9
coarse_100m,100.0,1200.0,3000.0,3231.0988842807024,0.0,0.0,0.0,0.0,0.0,0.0,0.0,0.0,0.0,nan,nan,nan,nan,nan,nan,nan,0.0,1260,9
coarse_100m,100.0,1300.0,3000.0,3269.556544854363,0.0,0.0,0.0,0.0,0.0,0.0,0.0,0.0,0.0,nan,nan,nan,nan,nan,nan,nan,0.0,1260,9
coarse_100m,100.0,1400.0,3000.0,3310.58907144937,0.0,0.0,0.0,0.0,0.0,0.0,0.0,0.0,0.0,nan,nan,nan,nan,nan,nan,nan,0.0,1260,9
coarse_100m,100.0,1500.0,3000.0,3354.1019662496847,0.0,0.0,0.0,0.0,0.0,0.0,0.0,0.0,0.0,nan,nan,nan,nan,nan,nan,nan,0.0,1260,9
coarse_100m,100.0,1600.0,3000.0,3400.0,0.0,0.0,0.0,0.0,0.0,0.0,0.0,0.0,0.0,nan,nan,nan,nan,nan,nan,nan,0.0,1260,9
coarse_100m,100.0,1700.0,3000.0,3448.1879299133334,0.0,0.0,0.0,0.0,0.0,0.0,0.0,0.0,0.0,nan,nan,nan,nan,nan,nan,nan,0.0,1260,9
coarse_100m,100.0,1800.0,3000.0,3498.57113690718,0.0,0.0,0.0,0.0,0.0,0.0,0.0,0.0,0.0,nan,nan,nan,nan,nan,nan,nan,0.0,1260,9
coarse_100m,100.0,1900.0,3000.0,3551.056180912941,0.0,0.0,0.0,0.0,0.0,0.0,0.0,0.0,0.0,nan,nan,nan,nan,nan,nan,nan,0.0,1260,9
coarse_100m,100.0,2000.0,3000.0,3605.5512754639894,0.0,0.0,0.0,0.0,0.0,0.0,0.0,0.0,0.0,nan,nan,nan,nan,nan,nan,nan,0.0,1260,9
coarse_100m,100.0,2100.0,3000.0,3661.966684720111,0.0,0.0,0.0,0.0,0.0,0.0,0.0,0.0,0.0,nan,nan,nan,nan,nan,nan,nan,0.0,1260,9
coarse_100m,100.0,2200.0,3000.0,3720.2150475476546,0.0,0.0,0.0,0.0,0.0,0.0,0.0,0.0,0.0,nan,nan,nan,nan,nan,nan,nan,0.0,1260,9
coarse_100m,100.0,2300.0,3000.0,3780.21163428716,0.0,0.0,0.0,0.0,0.0,0.0,0.0,0.0,0.0,nan,nan,nan,nan,nan,nan,nan,0.0,1260,9
coarse_100m,100.0,2400.0,3000.0,3841.874542459709,0.0,0.0,0.0,0.0,0.0,0.0,0.0,0.0,0.0,nan,nan,nan,nan,nan,nan,nan,0.0,1260,9
coarse_100m,100.0,2500.0,3000.0,3905.124837953327,0.0,0.0,0.0,0.0,0.0,0.0,0.0,0.0,0.0,nan,nan,nan,nan,nan,nan,nan,0.0,1260,9
coarse_100m,100.0,2600.0,3000.0,3969.8866482558415,0.0,0.0,0.0,0.0,0.0,0.0,0.0,0.0,0.0,nan,nan,nan,nan,nan,nan,nan,0.0,1260,9
coarse_100m,100.0,2700.0,3000.0,4036.087214122113,0.0,0.0,0.0,0.0,0.0,0.0,0.0,0.0,0.0,nan,nan,nan,nan,nan,nan,nan,0.0,1260,9
coarse_100m,100.0,2800.0,3000.0,4103.656905736638,0.0,0.0,0.0,0.0,0.0,0.0,0.0,0.0,0.0,nan,nan,nan,nan,nan,nan,nan,0.0,1260,9
coarse_100m,100.0,2900.0,3000.0,4172.529209005013,0.0,0.0,0.0,0.0,0.0,0.0,0.0,0.0,0.0,nan,nan,nan,nan,nan,nan,nan,0.0,1260,9
coarse_100m,100.0,3000.0,3000.0,4242.640687119285,0.0,0.0,0.0,0.0,0.0,0.0,0.0,0.0,0.0,nan,nan,nan,nan,nan,nan,nan,0.0,1260,9
