stage,resolution_m,x,y,movement_distance,guaranteed_receive_coverage,possible_receive_coverage,near_area_coverage,direction_available_coverage,clear_ready_coverage,operational_good_coverage,uniform_guaranteed_receive_coverage,uniform_clear_ready_coverage,uniform_operational_good_coverage,worst_diameter_median,worst_diameter_mean,worst_diameter_p90,worst_diameter_p95,worst_diameter_max,unbounded_fraction_of_direction_area,mean_abs_orthogonality_error_deg,orthogonal_80_100_area_coverage,target_sample_count,epsilon_sample_count
final_refine_0p5m,0.5,630.0,469.5,785.703665512641,1.0,1.0,0.0,1.0,0.24839968774395005,0.24839968774395005,1.0,0.4126984126984127,0.4126984126984127,77.94647832802866,88.97753563749771,168.4480569448376,181.0173352333724,207.96995241265213,0.0,39.52440637626506,0.09104865990111892,1260,9
final_refine_0p5m,0.5,630.0,470.0,786.0025445251434,1.0,1.0,0.0,1.0,0.24855581576893052,0.24855581576893052,1.0,0.41349206349206347,0.41349206349206347,77.9102018729385,88.92782459182199,168.30925058178374,180.85842789062932,207.76639700632074,0.0,39.49982575913574,0.09104865990111892,1260,9
final_refine_0p5m,0.5,630.0,470.5,786.3016278757154,1.0,1.0,0.0,1.0,0.24855581576893052,0.24855581576893052,1.0,0.41349206349206347,0.41349206349206347,77.87405037068754,88.87826467679508,168.1708132328342,180.69994942519693,207.56340797145094,0.0,39.47527170983211,0.09104865990111892,1260,9
final_refine_0p5m,0.5,630.0,471.0,786.6009153312752,1.0,1.0,0.0,1.0,0.248711943793911,0.248711943793911,1.0,0.4142857142857143,0.4142857142857143,77.83802336192096,88.82885537039986,168.03274360294873,180.54189828991417,207.36098316048825,0.0,39.450744188257104,0.09162112932604737,1260,9
final_refine_0p5m,0.5,630.0,471.5,786.9004066589367,1.0,1.0,0.0,1.0,0.24886807181889148,0.24886807181889148,1.0,0.4150793650793651,0.4150793650793651,77.8021203894872,88.77959615300523,167.89504040307565,180.38427294497677,207.15912043663647,0.0,39.42624315439655,0.09162112932604737,1260,9
final_refine_0p5m,0.5,630.0,472.0,787.2001016260097,1.0,1.0,0.0,1.0,0.24886807181889148,0.24886807181889148,1.0,0.4150793650793651,0.4150793650793651,77.7663409984144,88.730486507352,167.75770235012004,180.22707185789352,206.95781767376977,0.0,39.401768568318865,0.09162112932604737,1260,9
final_refine_0p5m,0.5,630.0,472.5,787.5,1.0,1.0,0.0,1.0,0.24902419984387197,0.24902419984387197,1.0,0.4158730158730159,0.4158730158730159,77.73068473590793,88.68152591853993,167.62072816689079,180.07029350344305,206.75707275638842,0.0,39.37732039017489,0.09162112932604737,1260,9
final_refine_0p5m,0.5,630.0,473.0,787.8001015486099,1.0,1.0,0.0,1.0,0.24902419984387197,0.24902419984387197,1.0,0.4158730158730159,0.4158730158730159,77.69515115133075,88.63271387401421,167.4841165820853,179.91393636363165,206.55688357953923,0.0,39.352898580197596,0.09162112932604737,1260,9
final_refine_0p5m,0.5,630.0,473.5,788.100406039738,1.0,1.0,0.0,1.0,0.24918032786885247,0.24918032786885247,1.0,0.4166666666666667,0.4166666666666667,77.65973979619413,88.58404986355197,167.34786633025251,179.75799892765394,206.35724804874826,0.0,39.32850309870191,0.09162112932604737,1260,9
final_refine_0p5m,0.5,630.0,474.0,788.4009132414802,1.0,1.0,0.0,1.0,0.24918032786885247,0.24918032786885247,1.0,0.4166666666666667,0.4166666666666667,77.62445022414154,88.53553337924917,167.211976151746,179.60247969184218,206.15816407997,0.0,39.30413390608435,0.09162112932604737,1260,9
final_refine_0p5m,0.5,630.0,474.5,788.7016229221289,1.0,1.0,0.0,1.0,0.24918032786885247,0.24918032786885247,1.0,0.4166666666666667,0.4166666666666667,77.58928199094231,88.48716391550764,167.07644479270596,179.44737715963166,205.95962959950646,0.0,39.279791490432345,0.09162112932604737,1260,9
final_refine_0p5m,0.5,630.0,475.0,789.002534850174,1.0,1.0,0.0,1.0,0.24918032786885247,0.24918032786885247,1.0,0.4166666666666667,0.4166666666666667,77.55423465447303,88.43894096902184,166.94127100502487,179.29268984151665,205.7616425439442,0.0,39.25547556703745,0.09162112932604737,1260,9
final_refine_0p5m,0.5,630.0,475.5,789.3036487943027,1.0,1.0,0.0,1.0,0.24918032786885247,0.24918032786885247,1.0,0.4166666666666667,0.4166666666666667,77.51930777471149,88.39086403876601,166.80645354629914,179.13841625500933,205.56420086010826,0.0,39.23118581251799,0.09162112932604737,1260,9
final_refine_0p5m,0.5,630.0,476.0,789.6049645234001,1.0,1.0,0.0,1.0,0.24918032786885247,0.24918032786885247,1.0,0.4166666666666667,0.4166666666666667,77.48450091371683,88.3429326259813,166.67199117982025,178.98455492459206,205.36730250498115,0.0,39.20692218760004,0.09162112932604737,1260,9
final_refine_0p5m,0.5,630.0,476.5,789.9064818065491,1.0,1.0,0.0,1.0,0.24918032786885247,0.24918032786885247,1.0,0.4166666666666667,0.4166666666666667,77.44981363562704,88.29514623416298,166.5378826745176,178.83110438168404,205.17094544564043,0.0,39.18268465309017,0.09162112932604737,1260,9
final_refine_0p5m,0.5,630.0,477.0,790.2082004130303,1.0,1.0,0.0,1.0,0.24918032786885247,0.24918032786885247,1.0,0.4166666666666667,0.4166666666666667,77.41524550663621,88.24750436904783,166.40412680494697,178.678063164607,204.97512765920888,0.0,39.15847316987516,0.0921935987509758,1260,9
final_refine_0p5m,0.5,630.0,477.5,790.5101201123234,1.0,1.0,0.0,1.0,0.24918032786885247,0.24918032786885247,1.0,0.4166666666666667,0.4166666666666667,77.3807960949917,88.20000653860153,166.2707223512447,178.5254298185217,204.77984713278155,0.0,39.134287698921796,0.0921935987509758,1260,9
final_refine_0p5m,0.5,630.0,478.0,790.8122406741059,1.0,1.0,0.0,1.0,0.24918032786885247,0.24918032786885247,1.0,0.4166666666666667,0.4166666666666667,77.34646497097866,88.15265225300598,166.13766809910663,178.3733143824958,204.58510186337242,0.0,39.11012820127663,0.0921935987509758,1260,9
final_refine_0p5m,0.5,630.0,478.5,791.1145618682543,1.0,1.0,0.0,1.0,0.24918032786885247,0.24918032786885247,1.0,0.4166666666666667,0.4166666666666667,77.31225170690738,88.10544102464716,166.00496283974815,178.2381854586366,204.39088985784397,0.0,39.085994638065756,0.0921935987509758,1260,9
final_refine_0p5m,0.5,630.0,479.0,791.417083464844,1.0,1.0,0.0,1.0,0.24918032786885247,0.24918032786885247,1.0,0.4166666666666667,0.4166666666666667,77.27815587710316,88.05837236810261,165.8726053698755,178.103386873908,204.19720913286224,0.0,39.061886970494555,0.0921935987509758,1260,9
final_refine_0p5m,0.5,630.0,479.5,791.7198052341497,1.0,1.0,0.0,1.0,0.24918032786885247,0.24918032786885247,1.0,0.4166666666666667,0.4166666666666667,77.24417705789458,88.01144580012914,165.74059449165176,177.9689175641796,204.00405771480882,0.0,39.037805159847494,0.0921935987509758,1260,9
final_refine_0p5m,0.5,630.0,480.0,792.0227269466451,1.0,1.0,0.0,1.0,0.24918032786885247,0.24918032786885247,1.0,0.4166666666666667,0.4166666666666667,77.21031482760023,87.96466083965082,165.60892901267908,177.8347764698485,203.81143363976017,0.0,39.01374916748789,0.0921935987509758,1260,9
final_refine_0p5m,0.5,630.5,469.5,786.1046368009796,1.0,1.0,0.0,1.0,0.2479313036690086,0.2479313036690086,1.0,0.4103174603174603,0.4103174603174603,77.87494874505484,88.9170457942089,168.3246779580447,180.88509820109402,207.81950227456147,0.0,39.507253280300276,0.09104865990111892,1260,9
final_refine_0p5m,0.5,630.5,470.0,786.4033634210881,1.0,1.0,0.0,1.0,0.2479313036690086,0.2479313036690086,1.0,0.4103174603174603,0.4103174603174603,77.83876717856288,88.86741033682846,168.18603035101822,180.7263666570288,207.6161591124529,0.0,39.48267328507716,0.09104865990111892,1260,9
final_refine_0p5m,0.5,630.5,470.5,786.7022943909595,1.0,1.0,0.0,1.0,0.24808743169398906,0.24808743169398906,1.0,0.4111111111111111,0.4111111111111111,77.80271031828478,88.81792582562201,168.04775137086156,180.56806354707456,207.41338175357885,0.0,39.45811986920183,0.09104865990111892,1260,9
final_refine_0p5m,0.5,630.5,471.0,787.0014294777361,1.0,1.0,0.0,1.0,0.24808743169398906,0.24808743169398906,1.0,0.4111111111111111,0.4111111111111111,77.76677770575883,88.76859173922243,167.9098397239401,180.41018732571322,207.21116805265083,0.0,39.43359299254329,0.09104865990111892,1260,9
final_refine_0p5m,0.5,630.5,471.5,787.3007684487549,1.0,1.0,0.0,1.0,0.24824355971896955,0.24824355971896955,1.0,0.4119047619047619,0.4119047619047619,77.73096888471765,88.71940755864505,167.772294122581,180.25273645478475,207.0095158751023,0.0,39.40909261505351,0.09104865990111892,1260,9
final_refine_0p5m,0.5,630.5,472.0,787.6003110715485,1.0,1.0,0.0,1.0,0.24839968774395005,0.24839968774395005,1.0,0.4126984126984127,0.4126984126984127,77.69528340107257,88.67037276727467,167.63511328506706,180.09570940343568,206.80842309704826,0.0,39.38461869676718,0.09104865990111892,1260,9
final_refine_0p5m,0.5,630.5,472.5,787.9000571138448,1.0,1.0,0.0,1.0,0.24839968774395005,0.24839968774395005,1.0,0.4126984126984127,0.4126984126984127,77.65972080290716,88.62148685085174,167.4982959355856,179.93910464807166,206.60788760520248,0.0,39.36017119780148,0.09104865990111892,1260,9
final_refine_0p5m,0.5,630.5,473.0,788.2000063435676,1.0,1.0,0.0,1.0,0.24855581576893052,0.24855581576893052,1.0,0.41349206349206347,0.41349206349206347,77.62428064045523,88.57274929745914,167.36184080419702,179.7829206723199,206.407907296821,0.0,39.33575007835583,0.09104865990111892,1260,9
final_refine_0p5m,0.5,630.5,473.5,788.5001585288363,1.0,1.0,0.0,1.0,0.24855581576893052,0.24855581576893052,1.0,0.41349206349206347,0.41349206349206347,77.588962466099,88.5241595975088,167.22574662680609,179.62715596697944,206.20848007962252,0.0,39.311355298711625,0.09104865990111892,1260,9
final_refine_0p5m,0.5,630.5,474.0,788.8005134379667,1.0,1.0,0.0,1.0,0.248711943793911,0.248711943793911,1.0,0.4142857142857143,0.4142857142857143,77.55376583434985,88.47571724372858,167.09001214512324,179.47180902998673,206.00960387173888,0.0,39.286986819232055,0.09162112932604737,1260,9
final_refine_0p5m,0.5,630.5,474.5,789.1010708394712,1.0,1.0,0.0,1.0,0.24886807181889148,0.24886807181889148,1.0,0.4150793650793651,0.4150793650793651,77.51869030183514,88.42742173114914,166.95463610663558,179.31687836637886,205.81127660165075,0.0,39.26264460036181,0.09162112932604737,1260,9
final_refine_0p5m,0.5,630.5,475.0,789.401830502058,1.0,1.0,0.0,1.0,0.24886807181889148,0.24886807181889148,1.0,0.4150793650793651,0.4150793650793651,77.48373542729341,88.37927255709103,166.81961726457047,179.16236248822784,205.61349620810665,0.0,39.23832860262685,0.09162112932604737,1260,9
final_refine_0p5m,0.5,630.5,475.5,789.7027921946332,1.0,1.0,0.0,1.0,0.24902419984387197,0.24902419984387197,1.0,0.4158730158730159,0.4158730158730159,77.44890077155054,88.33126922115143,166.6849543778603,179.0082599146251,205.41626064007772,0.0,39.214038786634205,0.09162112932604737,1260,9
final_refine_0p5m,0.5,630.5,476.0,790.003955686299,1.0,1.0,0.0,1.0,0.24902419984387197,0.24902419984387197,1.0,0.4158730158730159,0.4158730158730159,77.41418589752142,88.28341122519178,166.55064621112285,178.85456917163145,205.21956785667902,0.0,39.189775113071676,0.09162112932604737,1260,9
final_refine_0p5m,0.5,630.5,476.5,790.3053207463556,1.0,1.0,0.0,1.0,0.24918032786885247,0.24918032786885247,1.0,0.4166666666666667,0.4166666666666667,77.37959037018423,88.2356980733248,166.41669153460782,178.701288792225,205.02341582711938,0.0,39.16553754270767,0.09162112932604737,1260,9
final_refine_0p5m,0.5,630.5,477.0,790.6068871443,1.0,1.0,0.0,1.0,0.24918032786885247,0.24918032786885247,1.0,0.4166666666666667,0.4166666666666667,77.34511375657874,88.18812927190173,166.28308912418808,178.5484173162823,204.82780253063916,0.0,39.14132603639092,0.09162112932604737,1260,9
final_refine_0p5m,0.5,630.5,477.5,790.9086546498274,1.0,1.0,0.0,1.0,0.24918032786885247,0.24918032786885247,1.0,0.4166666666666667,0.4166666666666667,77.31075562578913,88.14070432949981,166.14983776130384,178.39595329051323,204.6327259564398,0.0,39.11714055505026,0.09162112932604737,1260,9
final_refine_0p5m,0.5,630.5,478.0,791.2106230328307,1.0,1.0,0.0,1.0,0.24918032786885247,0.24918032786885247,1.0,0.4166666666666667,0.4166666666666667,77.27651554893549,88.09342275691002,166.01693623295563,178.25349705153602,204.4381841036209,0.0,39.092981059694424,0.09162112932604737,1260,9
final_refine_0p5m,0.5,630.5,478.5,791.5127920634005,1.0,1.0,0.0,1.0,0.24918032786885247,0.24918032786885247,1.0,0.4166666666666667,0.4166666666666667,77.24239309915625,88.04628406712423,165.88438333165377,178.11850800669464,204.24417498113107,0.0,39.06884751141174,0.09162112932604737,1260,9
final_refine_0p5m,0.5,630.5,479.0,791.8151615118265,1.0,1.0,0.0,1.0,0.24918032786885247,0.24918032786885247,1.0,0.4166666666666667,0.4166666666666667,77.20838785160713,87.99928777532337,165.75217785539004,177.98384899018765,204.05069660770698,0.0,39.04473987136998,0.09162112932604737,1260,9
final_refine_0p5m,0.5,630.5,479.5,792.1177311485964,1.0,1.0,0.0,1.0,0.24918032786885247,0.24918032786885247,1.0,0.4166666666666667,0.4166666666666667,77.17449938343577,87.95243339886476,165.62031860761766,177.84951893890386,203.85774701179443,0.0,39.0206581008161,0.09162112932604737,1260,9
final_refine_0p5m,0.5,630.5,480.0,792.4205007443965,1.0,1.0,0.0,1.0,0.24918032786885247,0.24918032786885247,1.0,0.4166666666666667,0.4166666666666667,77.14072727378165,87.9057204572702,165.48880439720813,177.7155167942635,203.66532423151625,0.0,38.99660216107599,0.0921935987509758,1260,9
final_refine_0p5m,0.5,631.0,469.5,786.505721530365,1.0,1.0,0.0,1.0,0.24730679156908666,0.24730679156908666,1.0,0.40714285714285714,0.40714285714285714,77.80348248431142,88.85660933348748,168.20135929496794,180.75292460229676,207.66912184361536,0.0,39.49010746934215,0.09047619047619047,1260,9
final_refine_0p5m,0.5,631.0,470.0,786.8042958703263,1.0,1.0,0.0,1.0,0.24746291959406713,0.24746291959406713,1.0,0.40793650793650793,0.40793650793650793,77.76739571955513,88.80704939256887,168.062870364063,180.59436876829483,207.46599081854532,0.0,39.46552714746226,0.09047619047619047,1260,9
final_refine_0p5m,0.5,631.0,470.5,787.1030745715583,1.0,1.0,0.0,1.0,0.24746291959406713,0.24746291959406713,1.0,0.40793650793650793,0.40793650793650793,77.73143341458305,88.7576402135285,167.9247496730246,180.4362409254529,207.26342502883205,0.0,39.44097341843667,0.09047619047619047,1260,9
final_refine_0p5m,0.5,631.0,471.0,787.4020574014269,1.0,1.0,0.0,1.0,0.24761904761904763,0.24761904761904763,1.0,0.4087301587301587,0.4087301587301587,77.69559511182315,88.70838127564835,167.7869959295993,180.27853952990444,207.06142233142467,0.0,39.41644624209423,0.09104865990111892,1260,9
final_refine_0p5m,0.5,631.0,471.5,787.7012441274928,1.0,1.0,0.0,1.0,0.24761904761904763,0.24761904761904763,1.0,0.4087301587301587,0.4087301587301587,77.6598803558924,88.65927206058987,167.64960784750537,180.12126304513106,206.85998059400688,0.0,39.391945578346885,0.09104865990111892,1260,9
final_refine_0p5m,0.5,631.0,472.0,788.000634517511,1.0,1.0,0.0,1.0,0.2477751756440281,0.2477751756440281,1.0,0.4095238095238095,0.4095238095238095,77.62428869358354,88.61031205238092,167.51258414640284,179.9644099419096,206.6590976949212,0.0,39.367471387189376,0.09104865990111892,1260,9
final_refine_0p5m,0.5,631.0,472.5,788.3002283394316,1.0,1.0,0.0,1.0,0.2479313036690086,0.2479313036690086,1.0,0.4103174603174603,0.4103174603174603,77.58881967385575,88.56150073740203,167.3759235518499,179.8079786982777,206.45877152309546,0.0,39.34302362869909,0.09104865990111892,1260,9
final_refine_0p5m,0.5,631.0,473.0,788.6000253613995,1.0,1.0,0.0,1.0,0.2479313036690086,0.2479313036690086,1.0,0.4103174603174603,0.4103174603174603,77.55347284781766,88.51283760437313,167.2396247952713,179.65196779947283,206.25899997798675,0.0,39.31860226303573,0.09104865990111892,1260,9
final_refine_0p5m,0.5,631.0,473.5,788.9000253517552,1.0,1.0,0.0,1.0,0.24808743169398906,0.24808743169398906,1.0,0.4111111111111111,0.4111111111111111,77.51824776872078,88.46432214434031,167.10368661392835,179.4963757379104,206.0597809695139,0.0,39.294207250441126,0.09104865990111892,1260,9
final_refine_0p5m,0.5,631.0,474.0,789.2002280790344,1.0,1.0,0.0,1.0,0.24808743169398906,0.24808743169398906,1.0,0.4111111111111111,0.4111111111111111,77.48314399194071,88.41595385066258,166.96810775088764,179.34120101312897,205.86111241799,0.0,39.26983855123898,0.09104865990111892,1260,9
final_refine_0p5m,0.5,631.0,474.5,789.500633311969,1.0,1.0,0.0,1.0,0.24824355971896955,0.24824355971896955,1.0,0.4119047619047619,0.4119047619047619,77.44816107496491,88.36773221899892,166.8328869549799,179.18644213175065,205.6629922540639,0.0,39.24549612583462,0.09104865990111892,1260,9
final_refine_0p5m,0.5,631.0,475.0,789.8012408194862,1.0,1.0,0.0,1.0,0.24839968774395005,0.24839968774395005,1.0,0.4126984126984127,0.4126984126984127,77.41329857739044,88.31965674729511,166.69802298076615,179.03209760744312,205.46541841863956,0.0,39.22117993471477,0.09104865990111892,1260,9
final_refine_0p5m,0.5,631.0,475.5,790.10205037071,1.0,1.0,0.0,1.0,0.24839968774395005,0.24839968774395005,1.0,0.4126984126984127,0.4126984126984127,77.37855606089556,88.27172693577097,166.56351458851975,178.8781659608726,205.2683888628409,0.0,39.1968899384473,0.09104865990111892,1260,9
final_refine_0p5m,0.5,631.0,476.0,790.4030617349606,1.0,1.0,0.0,1.0,0.24855581576893052,0.24855581576893052,1.0,0.41349206349206347,0.41349206349206347,77.34393308924346,88.22394228690752,166.42936054417848,178.7246457196615,205.07190154791425,0.0,39.17262609768102,0.09104865990111892,1260,9
final_refine_0p5m,0.5,631.0,476.5,790.7042746817548,1.0,1.0,0.0,1.0,0.24855581576893052,0.24855581576893052,1.0,0.41349206349206347,0.41349206349206347,77.30942922825922,88.17630230543398,166.29555961931572,178.57153541836482,204.87595444520426,0.0,39.14838837314539,0.09104865990111892,1260,9
final_refine_0p5m,0.5,631.0,477.0,791.0056889808062,1.0,1.0,0.0,1.0,0.248711943793911,0.248711943793911,1.0,0.4142857142857143,0.4142857142857143,77.27504404582399,88.12880649831564,166.1621105911094,178.41883359839963,204.68054553605128,0.0,39.12417672565035,0.09162112932604737,1260,9
final_refine_0p5m,0.5,631.0,477.5,791.3073044020256,1.0,1.0,0.0,1.0,0.24886807181889148,0.24886807181889148,1.0,0.4150793650793651,0.4150793650793651,77.24077711185684,88.08145437474083,166.02901224231886,178.26891285354105,204.485672811764,0.0,39.09999111608606,0.09162112932604737,1260,9
final_refine_0p5m,0.5,631.0,478.0,791.6091207155208,1.0,1.0,0.0,1.0,0.24886807181889148,0.24886807181889148,1.0,0.4150793650793651,0.4150793650793651,77.20662799831325,88.03424544610864,165.89626336123882,178.1337328402135,204.29133427353898,0.0,39.07583150542263,0.09162112932604737,1260,9
final_refine_0p5m,0.5,631.0,478.5,791.9111376915973,1.0,1.0,0.0,1.0,0.24902419984387197,0.24902419984387197,1.0,0.4158730158730159,0.4158730158730159,77.17259627916317,87.98717922601654,165.7638627416695,177.99888361119923,204.09752793240696,0.0,39.05169785470994,0.09162112932604737,1260,9
final_refine_0p5m,0.5,631.0,479.0,792.2133551007582,1.0,1.0,0.0,1.0,0.24902419984387197,0.24902419984387197,1.0,0.4158730158730159,0.4158730158730159,77.13868153038437,87.94025523024796,165.63180918290263,177.86436409987817,203.9042518091644,0.0,39.027590125077396,0.09162112932604737,1260,9
final_refine_0p5m,0.5,631.0,479.5,792.5157727137045,1.0,1.0,0.0,1.0,0.24918032786885247,0.24918032786885247,1.0,0.4166666666666667,0.4166666666666667,77.10488332994957,87.8934729767603,165.50010148966336,177.73017324416577,203.71150393432472,0.0,39.00350827773369,0.09162112932604737,1260,9
final_refine_0p5m,0.5,631.0,480.0,792.8183903013351,1.0,1.0,0.0,1.0,0.24918032786885247,0.24918032786885247,1.0,0.4166666666666667,0.4166666666666667,77.07120125781675,87.84683198567241,165.3687384721089,177.5963099864958,203.51928234805683,0.0,38.97945227396656,0.09162112932604737,1260,9
final_refine_0p5m,0.5,631.5,469.5,786.9069195273352,1.0,1.0,0.0,1.0,0.2466822794691647,0.2466822794691647,1.0,0.403968253968254,0.403968253968254,77.73207955406616,88.79622625568437,168.07810095407237,180.62081443414726,207.51881111434705,0.0,39.47297922707264,0.09047619047619047,1260,9
final_refine_0p5m,0.5,631.5,470.0,787.2053416993562,1.0,1.0,0.0,1.0,0.2468384074941452,0.2468384074941452,1.0,0.40476190476190477,0.40476190476190477,77.69608750415505,88.74674175939106,167.93977061941285,180.46243422161658,207.3158921191756,0.0,39.448399525828165,0.09047619047619047,1260,9
final_refine_0p5m,0.5,631.5,470.5,787.5039682439702,1.0,1.0,0.0,1.0,0.24699453551912567,0.24699453551912567,1.0,0.40555555555555556,0.40555555555555556,77.66021966779046,88.69740784085924,167.80180813782573,180.30448155754894,207.11353779181053,0.0,39.42384642896442,0.09047619047619047,1260,9
final_refine_0p5m,0.5,631.5,471.0,787.8027989287674,1.0,1.0,0.0,1.0,0.24699453551912567,0.24699453551912567,1.0,0.40555555555555556,0.40555555555555556,77.62447558828947,88.64822398001925,167.66421221845602,180.14695489972786,206.9117459914501,0.0,39.39931989627627,0.09047619047619047,1260,9
final_refine_0p5m,0.5,631.5,471.5,788.1018335215316,1.0,1.0,0.0,1.0,0.24715066354410617,0.24715066354410617,1.0,0.40634920634920635,0.40634920634920635,77.58885481115439,88.59918965917805,167.52698157640114,179.9898527132749,206.7105145880233,0.0,39.37481988764177,0.09047619047619047,1260,9
final_refine_0p5m,0.5,631.5,472.0,788.4010717902405,1.0,1.0,0.0,1.0,0.24715066354410617,0.24715066354410617,1.0,0.40634920634920635,0.40634920634920635,77.55335688405694,88.55030436300584,167.3901149326952,179.8331734706073,206.5098414620882,0.0,39.35034636302191,0.09047619047619047,1260,9
final_refine_0p5m,0.5,631.5,472.5,788.700513503066,1.0,1.0,0.0,1.0,0.24730679156908666,0.24730679156908666,1.0,0.40714285714285714,0.40714285714285714,77.51798135683431,88.50156757852261,167.2536110142721,179.67691565137451,206.30972450479987,0.0,39.32589928246035,0.09047619047619047,1260,9
final_refine_0p5m,0.5,631.5,473.0,789.0001584283744,1.0,1.0,0.0,1.0,0.24746291959406713,0.24746291959406713,1.0,0.40793650793650793,0.40793650793650793,77.48272778146799,88.45297879508468,167.11746855391618,179.52107774243697,206.11016161780927,0.0,39.30147860608317,0.09047619047619047,1260,9
final_refine_0p5m,0.5,631.5,473.5,789.300006334727,1.0,1.0,0.0,1.0,0.24746291959406713,0.24746291959406713,1.0,0.40793650793650793,0.40793650793650793,77.44759571207715,88.40453750437162,166.9816862902513,179.36565823781837,205.91115071323517,0.0,39.2770842940987,0.09047619047619047,1260,9
final_refine_0p5m,0.5,631.5,474.0,789.6000569908794,1.0,1.0,0.0,1.0,0.24761904761904763,0.24761904761904763,1.0,0.4087301587301587,0.4087301587301587,77.41258470489909,88.35624320037309,166.84626296769292,179.21065563866028,205.71268971356415,0.0,39.252716306797204,0.09104865990111892,1260,9
final_refine_0p5m,0.5,631.5,474.5,789.9003101657829,1.0,1.0,0.0,1.0,0.24761904761904763,0.24761904761904763,1.0,0.4087301587301587,0.4087301587301587,77.37769431828637,88.30809537937557,166.71119733641004,179.05606845317098,205.514776551615,0.0,39.22837460455064,0.09104865990111892,1260,9
final_refine_0p5m,0.5,631.5,475.0,790.2007656285838,1.0,1.0,0.0,1.0,0.2477751756440281,0.2477751756440281,1.0,0.4095238095238095,0.4095238095238095,77.34292411268741,88.26009353994966,166.57648815230874,178.90189519660976,205.31740917045332,0.0,39.20405914781247,0.09104865990111892,1260,9
final_refine_0p5m,0.5,631.5,475.5,790.5014231486241,1.0,1.0,0.0,1.0,0.2479313036690086,0.2479313036690086,1.0,0.4103174603174603,0.4103174603174603,77.30827365063777,88.21223718293687,166.44213417699183,178.74813439121235,205.12058552333923,0.0,39.17976989711742,0.09104865990111892,1260,9
final_refine_0p5m,0.5,631.5,476.0,790.8022824954414,1.0,1.0,0.0,1.0,0.2479313036690086,0.2479313036690086,1.0,0.4103174603174603,0.4103174603174603,77.27374249674615,88.16452581143716,166.30813417772103,178.59478456617657,204.92430357366916,0.0,39.155506813081175,0.09104865990111892,1260,9
final_refine_0p5m,0.5,631.5,476.5,791.1033434387697,1.0,1.0,0.0,1.0,0.24808743169398906,0.24808743169398906,1.0,0.4111111111111111,0.4111111111111111,77.23933021768295,88.11695893079602,166.1744869273913,178.44184425761455,204.7285612948932,0.0,39.13126985640021,0.09104865990111892,1260,9
final_refine_0p5m,0.5,631.5,477.0,791.4046057485388,1.0,1.0,0.0,1.0,0.24808743169398906,0.24808743169398906,1.0,0.4111111111111111,0.4111111111111111,77.205036382169,88.0695360485918,166.0411912044901,178.28931200850022,204.53335667048208,0.0,39.10705898785155,0.09104865990111892,1260,9
final_refine_0p5m,0.5,631.5,477.5,791.7060691948749,1.0,1.0,0.0,1.0,0.24824355971896955,0.24824355971896955,1.0,0.4119047619047619,0.4119047619047619,77.17086056096194,88.02225667462332,165.90824579308398,178.14906169621483,204.33868769383167,0.0,39.08287416829251,0.09104865990111892,1260,9
final_refine_0p5m,0.5,631.5,478.0,792.0077335481012,1.0,1.0,0.0,1.0,0.24839968774395005,0.24839968774395005,1.0,0.4126984126984127,0.4126984126984127,77.13680232685013,87.97512032089735,165.77564948276736,178.01402174704467,204.14455236823537,0.0,39.05871535866047,0.09104865990111892,1260,9
final_refine_0p5m,0.5,631.5,478.5,792.3095985787375,1.0,1.0,0.0,1.0,0.24839968774395005,0.24839968774395005,1.0,0.4126984126984127,0.4126984126984127,77.10286125463035,87.92812650161606,165.64340106863483,177.87931227068358,203.95094870680097,0.0,39.034582519972645,0.09104865990111892,1260,9
final_refine_0p5m,0.5,631.5,479.0,792.6116640575004,1.0,1.0,0.0,1.0,0.24855581576893052,0.24855581576893052,1.0,0.41349206349206347,0.41349206349206347,77.06903692110802,87.8812747331651,165.51149935126344,177.74493220153533,203.75787473240072,0.0,39.01047561332587,0.09104865990111892,1260,9
final_refine_0p5m,0.5,631.5,479.5,792.9139297553045,1.0,1.0,0.0,1.0,0.24855581576893052,0.24855581576893052,1.0,0.41349206349206347,0.41349206349206347,77.03532890507732,87.834564534101,165.3799431366681,177.61088047853866,203.56532847760005,0.0,38.986394599896336,0.09104865990111892,1260,9
final_refine_0p5m,0.5,631.5,480.0,793.2163954432611,1.0,1.0,0.0,1.0,0.248711943793911,0.248711943793911,1.0,0.4142857142857143,0.4142857142857143,77.0040967988485,87.78799542513931,165.24873123626836,177.47715604513968,203.3733079846129,0.0,38.96233944093938,0.09162112932604737,1260,9
final_refine_0p5m,0.5,632.0,469.5,787.308230618733,1.0,1.0,0.0,1.0,0.24621389539422325,0.24621389539422325,1.0,0.4015873015873016,0.4015873015873016,77.66073996260548,88.73589656113572,167.95490293383406,180.48876769382179,207.36857008130949,0.0,39.45588405907371,0.08990372105126203,1260,9
final_refine_0p5m,0.5,632.0,470.0,787.6065007349799,1.0,1.0,0.0,1.0,0.24621389539422325,0.24621389539422325,1.0,0.4015873015873016,0.4015873015873016,77.62484254061499,88.68648743762797,167.81673111556316,180.3305630141996,207.16586300892925,0.0,39.43130386944027,0.08990372105126203,1260,9
final_refine_0p5m,0.5,632.0,470.5,787.9049752349581,1.0,1.0,0.0,1.0,0.24637002341920375,0.24637002341920375,1.0,0.4023809523809524,0.4023809523809524,77.58906908612751,88.63722870794399,167.67892676379375,180.17278544059178,206.96372003713353,0.0,39.406750298028285,0.08990372105126203,1260,9
final_refine_0p5m,0.5,632.0,471.0,788.2036538864813,1.0,1.0,0.0,1.0,0.24652615144418424,0.24652615144418424,1.0,0.4031746031746032,0.4031746031746032,77.55341914334775,88.5881198526617,167.54148858905398,180.0154334324431,206.7621390273836,0.0,39.38222330459144,0.09047619047619047,1260,9
final_refine_0p5m,0.5,632.0,471.5,788.5025364575564,1.0,1.0,0.0,1.0,0.24652615144418424,0.24652615144418424,1.0,0.4031746031746032,0.4031746031746032,77.51789225866061,88.53916035473293,167.4044153078303,179.85850545650564,206.56111785183418,0.0,39.35772284896668,0.09047619047619047,1260,9
final_refine_0p5m,0.5,632.0,472.0,788.8016227163836,1.0,1.0,0.0,1.0,0.2466822794691647,0.2466822794691647,1.0,0.403968253968254,0.403968253968254,77.48248798062087,88.49034969946968,167.26770564253417,179.7019999868313,206.3606543932773,0.0,39.333248891074,0.09047619047619047,1260,9
final_refine_0p5m,0.5,632.0,472.5,789.100912431357,1.0,1.0,0.0,1.0,0.2466822794691647,0.2466822794691647,1.0,0.403968253968254,0.403968253968254,77.44720585993977,88.4416873745305,167.13135832146193,179.5459155046912,206.16074654507327,0.0,39.308801390916216,0.09047619047619047,1260,9
final_refine_0p5m,0.5,632.0,473.0,789.4004053710639,1.0,1.0,0.0,1.0,0.2468384074941452,0.2468384074941452,1.0,0.40476190476190477,0.40476190476190477,77.4120454494693,88.39317286990769,166.99537207876594,179.39025049856875,205.96139221108342,0.0,39.28438030857868,0.09047619047619047,1260,9
final_refine_0p5m,0.5,632.0,473.5,789.7001013042862,1.0,1.0,0.0,1.0,0.24699453551912567,0.24699453551912567,1.0,0.40555555555555556,0.40555555555555556,77.3770063041973,88.34480567791361,166.8597456544274,179.2350034640841,205.7625893056066,0.0,39.25998560422908,0.09047619047619047,1260,9
final_refine_0p5m,0.5,632.0,474.0,790.0,1.0,1.0,0.0,1.0,0.24699453551912567,0.24699453551912567,1.0,0.40555555555555556,0.40555555555555556,77.34208798122553,88.29658529316767,166.72447779420298,179.08017290398445,205.56433575331704,0.0,39.23561723811715,0.09047619047619047,1260,9
final_refine_0p5m,0.5,632.0,474.5,790.3001012273755,1.0,1.0,0.0,1.0,0.24715066354410617,0.24715066354410617,1.0,0.40634920634920635,0.40634920634920635,77.30729003976595,88.24851121258342,166.58956724961783,178.9257573280686,205.36662948919692,0.0,39.211275170574496,0.09047619047619047,1260,9
final_refine_0p5m,0.5,632.0,475.0,790.600404755778,1.0,1.0,0.0,1.0,0.24715066354410617,0.24715066354410617,1.0,0.40634920634920635,0.40634920634920635,77.27261204112305,88.20058293535554,166.45501277790967,178.7717552531767,205.1694684584681,0.0,39.186959362014285,0.09047619047619047,1260,9
final_refine_0p5m,0.5,632.0,475.5,790.9009103547675,1.0,1.0,0.0,1.0,0.24730679156908666,0.24730679156908666,1.0,0.40714285714285714,0.40714285714285714,77.23805354868287,88.15279996294673,166.3208131420105,178.61816520312686,204.97285061653346,0.0,39.16266977293108,0.09047619047619047,1260,9
final_refine_0p5m,0.5,632.0,476.0,791.2016177940993,1.0,1.0,0.0,1.0,0.24746291959406713,0.24746291959406713,1.0,0.40793650793650793,0.40793650793650793,77.20361412790162,88.10516179907525,166.18696711050347,178.46498570868062,204.77677392892318,0.0,39.13840636390053,0.09047619047619047,1260,9
final_refine_0p5m,0.5,632.0,476.5,791.502526843724,1.0,1.0,0.0,1.0,0.24746291959406713,0.24746291959406713,1.0,0.40793650793650793,0.40793650793650793,77.16929334629603,88.05766794970194,166.05347345760566,178.31221530750622,204.58123637121417,0.0,39.1141690955792,0.09047619047619047,1260,9
final_refine_0p5m,0.5,632.0,477.0,791.8036372737877,1.0,1.0,0.0,1.0,0.24761904761904763,0.24761904761904763,1.0,0.4087301587301587,0.4087301587301587,77.1350907734252,88.01031792301795,165.92033096311943,178.16449489779038,204.38623592898153,0.0,39.08995792870427,0.09104865990111892,1260,9
final_refine_0p5m,0.5,632.0,477.5,792.1049488546325,1.0,1.0,0.0,1.0,0.24761904761904763,0.24761904761904763,1.0,0.4087301587301587,0.4087301587301587,77.10100598088465,87.96311122943173,165.78753841241098,178.0292637188897,204.1917705977252,0.0,39.065772824093365,0.09104865990111892,1260,9
final_refine_0p5m,0.5,632.0,478.0,792.4064613567964,1.0,1.0,0.0,1.0,0.2477751756440281,0.2477751756440281,1.0,0.4095238095238095,0.4095238095238095,77.06703854229117,87.9160473815572,165.6550945963733,177.89436377057044,203.99783838282653,0.0,39.04161374264428,0.09104865990111892,1260,9
final_refine_0p5m,0.5,632.0,478.5,792.7081745510135,1.0,1.0,0.0,1.0,0.2479313036690086,0.2479313036690086,1.0,0.4103174603174603,0.4103174603174603,77.0331880332761,87.86912589420065,165.52299831139874,177.75979398370782,203.80443729947075,0.0,39.01748064533477,0.09104865990111892,1260,9
final_refine_0p5m,0.5,632.0,479.0,793.0100882082144,1.0,1.0,0.0,1.0,0.2479313036690086,0.2479313036690086,1.0,0.4103174603174603,0.4103174603174603,76.99945403146414,87.8223462843492,165.39124835934695,177.6255532937336,203.6115653725969,0.0,38.99337349322228,0.09104865990111892,1260,9
final_refine_0p5m,0.5,632.0,479.5,793.3122020995265,1.0,1.0,0.0,1.0,0.24808743169398906,0.24808743169398906,1.0,0.4111111111111111,0.4111111111111111,76.96868792719687,87.77570807115802,165.25984354751103,177.49164064061108,203.41922063682767,0.0,38.96929224744379,0.09104865990111892,1260,9
final_refine_0p5m,0.5,632.0,480.0,793.6145159962739,1.0,1.0,0.0,1.0,0.24808743169398906,0.24808743169398906,1.0,0.4111111111111111,0.4111111111111111,76.93991412339847,87.72921077593863,165.1287826885962,177.35805496879604,203.2274011364268,0.0,38.945236869215485,0.09104865990111892,1260,9
final_refine_0p5m,0.5,632.5,469.5,787.709654631705,1.0,1.0,0.0,1.0,0.2459016393442623,0.2459016393442623,1.0,0.4,0.4,77.58946371822874,88.67562025016261,167.83176523275628,180.3567843785213,207.2183987390687,0.0,39.43878780605067,0.08990372105126203,1260,9
final_refine_0p5m,0.5,632.5,470.0,788.0077728043043,1.0,1.0,0.0,1.0,0.2459016393442623,0.2459016393442623,1.0,0.4,0.4,77.55366083720257,88.62628642759769,167.6937518510389,180.19875514326264,207.01590348240168,0.0,39.414207008627756,0.08990372105126203,1260,9
final_refine_0p5m,0.5,632.5,470.5,788.3060953715885,1.0,1.0,0.0,1.0,0.2459016393442623,0.2459016393442623,1.0,0.4,0.4,77.51798167783092,88.57710281509765,167.55610554946702,180.04115257183471,206.8139717594406,0.0,39.38965284351079,0.08990372105126203,1260,9
final_refine_0p5m,0.5,632.5,471.0,788.6046221015954,1.0,1.0,0.0,1.0,0.2459016393442623,0.2459016393442623,1.0,0.4,0.4,77.48242578520204,88.52806889388755,167.41882503996038,179.88397512531947,206.61260143389342,0.0,39.36512527041147,0.08990372105126203,1260,9
final_refine_0p5m,0.5,632.5,471.5,788.9033527625548,1.0,1.0,0.0,1.0,0.24605776736924279,0.24605776736924279,1.0,0.4007936507936508,0.4007936507936508,77.44699270658602,88.47918414756329,167.28190904038095,179.72722127212117,206.41179038014917,0.0,39.34062424912488,0.08990372105126203,1260,9
final_refine_0p5m,0.5,632.5,472.0,789.2022871228896,1.0,1.0,0.0,1.0,0.24605776736924279,0.24605776736924279,1.0,0.4007936507936508,0.4007936507936508,77.41168199141653,88.43044806207791,167.14535627452148,179.57088948790545,206.21153648322488,0.0,39.316149739529315,0.08990372105126203,1260,9
final_refine_0p5m,0.5,632.5,472.5,789.5014249512157,1.0,1.0,0.0,1.0,0.24621389539422325,0.24621389539422325,1.0,0.4015873015873016,0.4015873015873016,77.37649319127868,88.38186012572814,167.00916547204193,179.41497825558176,206.01183763869236,0.0,39.29170170158594,0.08990372105126203,1260,9
final_refine_0p5m,0.5,632.5,473.0,789.8007660163416,1.0,1.0,0.0,1.0,0.24621389539422325,0.24621389539422325,1.0,0.4015873015873016,0.4015873015873016,77.34142585989771,88.33341982914135,166.87333536846367,179.2594860652396,205.81269175260974,0.0,39.267281267230835,0.08990372105126203,1260,9
final_refine_0p5m,0.5,632.5,473.5,790.1003100872699,1.0,1.0,0.0,1.0,0.24637002341920375,0.24637002341920375,1.0,0.4023809523809524,0.4023809523809524,77.30647955312779,88.28512666526207,166.73786470511794,179.10441141410735,205.61409674147154,0.0,39.242887262774126,0.08990372105126203,1260,9
final_refine_0p5m,0.5,632.5,474.0,790.4000569331963,1.0,1.0,0.0,1.0,0.24652615144418424,0.24652615144418424,1.0,0.4031746031746032,0.4031746031746032,77.27165382893422,88.23698012933899,166.6027522291131,178.94975280652488,205.41605053212405,0.0,39.21851960784803,0.09047619047619047,1260,9
final_refine_0p5m,0.5,632.5,474.5,790.7000063235108,1.0,1.0,0.0,1.0,0.24652615144418424,0.24652615144418424,1.0,0.4031746031746032,0.4031746031746032,77.23694824738652,88.18897971891202,166.46799669331423,178.795508753891,205.21855106171614,0.0,39.194178262750775,0.09047619047619047,1260,9
final_refine_0p5m,0.5,632.5,475.0,791.000158027797,1.0,1.0,0.0,1.0,0.2466822794691647,0.2466822794691647,1.0,0.403968253968254,0.403968253968254,77.20236237064454,88.14112493379912,166.33359685629424,178.6416777746239,205.0215962776226,0.0,39.16986318786223,0.09047619047619047,1260,9
final_refine_0p5m,0.5,632.5,475.5,791.3005118158335,1.0,1.0,0.0,1.0,0.2466822794691647,0.2466822794691647,1.0,0.403968253968254,0.403968253968254,77.16789576294724,88.09341527608372,166.19955148231764,178.48825839411342,204.8251841373925,0.0,39.145574343643716,0.09047619047619047,1260,9
final_refine_0p5m,0.5,632.5,476.0,791.6010674575925,1.0,1.0,0.0,1.0,0.2468384074941452,0.2468384074941452,1.0,0.40476190476190477,0.40476190476190477,77.1335479905972,88.04585025010155,166.06585934129492,178.3352491446901,204.62931260868575,0.0,39.12131169063779,0.09047619047619047,1260,9
final_refine_0p5m,0.5,632.5,476.5,791.9018247232418,1.0,1.0,0.0,1.0,0.24699453551912567,0.24699453551912567,1.0,0.40555555555555556,0.40555555555555556,77.0993186219533,87.99842936242845,165.93251920875193,178.18264856558443,204.4339796692003,0.0,39.09707518946796,0.09047619047619047,1260,9
final_refine_0p5m,0.5,632.5,477.0,792.2027833831436,1.0,1.0,0.0,1.0,0.24699453551912567,0.24699453551912567,1.0,0.40555555555555556,0.40555555555555556,77.06520722741442,87.95115212186744,165.79952986580543,178.04460984923202,204.23918330662173,0.0,39.07286480083847,0.09047619047619047,1260,9
final_refine_0p5m,0.5,632.5,477.5,792.5039432078556,1.0,1.0,0.0,1.0,0.24715066354410617,0.24715066354410617,1.0,0.40634920634920635,0.40634920634920635,77.03121337941299,87.90401803943621,165.66689009912233,177.90951892010366,204.04492151854743,0.0,39.04868048553406,0.09047619047619047,1260,9
final_refine_0p5m,0.5,632.5,478.0,792.8053039681306,1.0,1.0,0.0,1.0,0.24715066354410617,0.24715066354410617,1.0,0.40634920634920635,0.40634920634920635,76.99733665239818,87.85702662835499,165.5345987009009,177.77475890933357,203.85119231244403,0.0,39.02452220441975,0.09047619047619047,1260,9
final_refine_0p5m,0.5,632.5,478.5,793.1068654349173,1.0,1.0,0.0,1.0,0.24730679156908666,0.24730679156908666,1.0,0.40714285714285714,0.40714285714285714,76.96357662282696,87.8101774040338,165.40265446882356,177.64032874883148,203.65799370557863,0.0,39.00038991844059,0.09047619047619047,1260,9
final_refine_0p5m,0.5,632.5,479.0,793.4086273793599,1.0,1.0,0.0,1.0,0.24730679156908666,0.24730679156908666,1.0,0.40714285714285714,0.40714285714285714,76.93327779221087,87.7634698840604,165.27105620603334,177.50622737505216,203.46532372495065,0.0,38.97628358862144,0.09047619047619047,1260,9
final_refine_0p5m,0.5,632.5,479.5,793.7105895727989,1.0,1.0,0.0,1.0,0.24746291959406713,0.24746291959406713,1.0,0.40793650793650793,0.40793650793650793,76.90448359777942,87.71690358818815,165.13980272110572,177.37245372897846,203.27318040724433,0.0,38.95220317606673,0.09047619047619047,1260,9
final_refine_0p5m,0.5,632.5,480.0,794.0127517867708,1.0,1.0,0.0,1.0,0.24761904761904763,0.24761904761904763,1.0,0.4087301587301587,0.4087301587301587,76.87578478636671,87.67047803832388,165.00889282801324,177.23900675608516,203.08156179876204,0.0,38.928148641960234,0.09104865990111892,1260,9
final_refine_0p5m,0.5,633.0,475.5,791.7002273588154,1.0,1.0,0.0,1.0,0.24621389539422325,0.24621389539422325,1.0,0.4015873015873016,0.4015873015873016,77.09780030136258,88.03408312261631,166.07834919668412,178.35841396168303,204.67758608090563,0.0,39.12852230733825,0.08990372105126203,1260,9
final_refine_0p5m,0.5,633.0,476.0,792.0006313128797,1.0,1.0,0.0,1.0,0.24621389539422325,0.24621389539422325,1.0,0.4015873015873016,0.4015873015873016,77.06354409273058,87.98659116478147,165.94481086887347,178.20557487174875,204.4819196079772,0.0,39.10425917320797,0.08990372105126203,1260,9
final_refine_0p5m,0.5,633.0,476.5,792.3012369042472,1.0,1.0,0.0,1.0,0.24637002341920375,0.24637002341920375,1.0,0.4023809523809524,0.4023809523809524,77.02940605252148,87.9392431692376,165.81162417962761,178.06006046190993,204.2867911839046,0.0,39.08002220458408,0.08990372105126203,1260,9
final_refine_0p5m,0.5,633.0,477.0,792.6020439034963,1.0,1.0,0.0,1.0,0.24637002341920375,0.24637002341920375,1.0,0.4023809523809524,0.4023809523809524,76.99538575197425,87.89203864539917,165.67878791136758,177.92477804118764,204.09219879848246,0.0,39.05581136213004,0.09047619047619047,1260,9
final_refine_0p5m,0.5,633.0,477.5,792.9030520814005,1.0,1.0,0.0,1.0,0.24652615144418424,0.24652615144418424,1.0,0.4031746031746032,0.4031746031746032,76.9614827643551,87.84497710489241,165.54630085206517,177.78982729839237,203.8981404514111,0.0,39.0316266065899,0.09047619047619047,1260,9
final_refine_0p5m,0.5,633.0,478.0,793.2042612089272,1.0,1.0,0.0,1.0,0.2466822794691647,0.2466822794691647,1.0,0.403968253968254,0.403968253968254,76.92769666494364,87.79805806154314,165.41416179521528,177.65520716189485,203.7046141522352,0.0,39.007467898788114,0.09047619047619047,1260,9
final_refine_0p5m,0.5,633.0,478.5,793.5056710572395,1.0,1.0,0.0,1.0,0.2466822794691647,0.2466822794691647,1.0,0.403968253968254,0.403968253968254,76.89786638448297,87.75128103136461,165.2823695397902,177.52091656463458,203.51161792030024,0.0,38.98333519962929,0.09047619047619047,1260,9
final_refine_0p5m,0.5,633.0,479.0,793.8072813976954,1.0,1.0,0.0,1.0,0.2468384074941452,0.2468384074941452,1.0,0.40476190476190477,0.40476190476190477,76.86905176894132,87.70464553254455,165.15092289022215,177.3869544440877,203.3191497846698,0.0,38.95922847009795,0.09047619047619047,1260,9
final_refine_0p5m,0.5,633.0,479.5,794.1090920018484,1.0,1.0,0.0,1.0,0.2468384074941452,0.2468384074941452,1.0,0.40476190476190477,0.40476190476190477,76.84033267813173,87.65815108543397,165.019820656363,177.2533197422582,203.1272077840828,0.0,38.935147671258306,0.09047619047619047,1260,9
final_refine_0p5m,0.5,633.0,480.0,794.4111026414472,1.0,1.0,0.0,1.0,0.24699453551912567,0.24699453551912567,1.0,0.40555555555555556,0.40555555555555556,76.81170879552047,87.6117972125343,164.8890616534611,177.12001140563265,202.93578996688507,0.0,38.911092764254036,0.09047619047619047,1260,9
final_refine_0p5m,0.5,633.5,475.5,792.1000568110067,1.0,1.0,0.0,1.0,0.2459016393442623,0.2459016393442623,1.0,0.4,0.4,77.02776717187422,87.9749906909631,165.95720628388116,178.2286319033689,204.53005644206704,0.0,39.111467336462546,0.08990372105126203,1260,9
final_refine_0p5m,0.5,633.5,476.0,792.4003091872188,1.0,1.0,0.0,1.0,0.2459016393442623,0.2459016393442623,1.0,0.4,0.4,76.99360244221586,87.92756475652038,165.82382169204445,178.0759628874027,204.33459492182257,0.0,39.08720360589387,0.08990372105126203,1260,9
final_refine_0p5m,0.5,633.5,476.5,792.7007632139633,1.0,1.0,0.0,1.0,0.2459016393442623,0.2459016393442623,1.0,0.4,0.4,76.9595556458835,87.88028261385445,165.6907883690525,177.9401414570719,204.13967091039044,0.0,39.06296605473272,0.08990372105126203,1260,9
final_refine_0p5m,0.5,633.5,477.0,793.0014186620349,1.0,1.0,0.0,1.0,0.2459016393442623,0.2459016393442623,1.0,0.4,0.4,76.925626354953,87.8331437729885,165.55810509864688,177.80499947220065,203.94528239966579,0.0,39.03875464360104,0.08990372105126203,1260,9
final_refine_0p5m,0.5,633.5,477.5,793.3022753024221,1.0,1.0,0.0,1.0,0.2459016393442623,0.2459016393442623,1.0,0.4,0.4,76.89181414352458,87.78614774615461,165.4257706700963,177.67018885231718,203.75142739144513,0.0,39.0145693332015,0.08990372105126203,1260,9
final_refine_0p5m,0.5,633.5,478.0,793.6033329063077,1.0,1.0,0.0,1.0,0.24605776736924279,0.24605776736924279,1.0,0.4007936507936508,0.4007936507936508,76.86245369455584,87.73929404778178,165.2937838781951,177.5357085268306,203.55810389736305,0.0,38.99041008431729,0.08990372105126203,1260,9
final_refine_0p5m,0.5,633.5,478.5,793.9045912450689,1.0,1.0,0.0,1.0,0.24605776736924279,0.24605776736924279,1.0,0.4007936507936508,0.4007936507936508,76.83361862736204,87.69258219448328,165.16214352320088,177.40155742970757,203.3653099388355,0.0,38.966276857811884,0.08990372105126203,1260,9
final_refine_0p5m,0.5,633.5,479.0,794.2060500902772,1.0,1.0,0.0,1.0,0.24621389539422325,0.24621389539422325,1.0,0.4015873015873016,0.4015873015873016,76.80487922697574,87.64601170504463,165.0308484108338,177.26773449944906,203.17304354698672,0.0,38.94216961462875,0.08990372105126203,1260,9
final_refine_0p5m,0.5,633.5,479.5,794.5077092136992,1.0,1.0,0.0,1.0,0.24637002341920375,0.24637002341920375,1.0,0.4023809523809524,0.4023809523809524,76.77623517605481,87.59958210041137,164.89989735222505,177.13423867907062,202.98130276260795,0.0,38.91808831579123,0.09047619047619047,1260,9
final_refine_0p5m,0.5,633.5,480.0,794.8095683872962,1.0,1.0,0.0,1.0,0.24637002341920375,0.24637002341920375,1.0,0.4023809523809524,0.4023809523809524,76.74768615863154,87.55329290367709,164.76928916388988,177.00106891608425,202.7900856360912,0.0,38.89403292240219,0.09047619047619047,1260,9
final_refine_0p5m,0.5,683.5,427.5,806.1814311927558,1.0,1.0,0.0,1.0,0.25831381733021075,0.25831381733021075,1.0,0.3634920634920635,0.3634920634920635,73.34401148177383,86.9283056191346,167.30124226648053,180.56107336865253,209.53893594003492,0.0,39.87443682895758,0.09141295862607338,1260,9
final_refine_0p5m,0.5,683.5,428.0,806.4466814365348,1.0,1.0,0.0,1.0,0.25831381733021075,0.25831381733021075,1.0,0.3634920634920635,0.3634920634920635,73.31285261965212,86.87323861983656,167.15271315387147,180.38263912754167,209.3069018916915,0.0,39.84746833999417,0.09141295862607338,1260,9
final_refine_0p5m,0.5,683.5,428.5,806.7121543648639,1.0,1.0,0.0,1.0,0.25831381733021075,0.25831381733021075,1.0,0.3634920634920635,0.3634920634920635,73.28180613918784,86.81835030917937,166.9879442367331,180.2047312741879,209.07557734592166,0.0,39.820531595676385,0.09141295862607338,1260,9
final_refine_0p5m,0.5,683.5,429.0,806.977849757972,1.0,1.0,0.0,1.0,0.25831381733021075,0.25831381733021075,1.0,0.3634920634920635,0.3634920634920635,73.25087162261512,86.76364081958398,166.8236755053776,180.02734771437264,208.84495932178632,0.0,39.79362654359159,0.09141295862607338,1260,9
final_refine_0p5m,0.5,683.5,429.5,807.2437673961937,1.0,1.0,0.0,1.0,0.25831381733021075,0.25831381733021075,1.0,0.3634920634920635,0.3634920634920635,73.22004865418138,86.70910954102656,166.65990492786344,179.85048636487662,208.6150448548673,0.0,39.7667531314464,0.09141295862607338,1260,9
final_refine_0p5m,0.5,683.5,430.0,807.5099070599691,1.0,1.0,0.0,1.0,0.25831381733021075,0.25831381733021075,1.0,0.3634920634920635,0.3634920634920635,73.18933682014341,86.65475669993525,166.4966304831145,179.67414515338155,208.38583099718602,0.0,39.73991130706624,0.09203747072599532,1260,9
final_refine_0p5m,0.5,683.5,430.5,807.7762685298449,1.0,1.0,0.0,1.0,0.25831381733021075,0.25831381733021075,1.0,0.3634920634920635,0.3634920634920635,73.15873570875142,86.60058104622416,166.33385016083986,179.49832201842105,208.1573148170698,0.0,39.713101018394966,0.09203747072599532,1260,9
final_refine_0p5m,0.5,683.5,431.0,808.0428515864737,1.0,1.0,0.0,1.0,0.25831381733021075,0.25831381733021075,1.0,0.3634920634920635,0.3634920634920635,73.12824491023567,86.54658148365955,166.17156196145902,179.32301490930303,207.92949339903808,0.0,39.686322213494506,0.09203747072599532,1260,9
final_refine_0p5m,0.5,683.5,431.5,808.3096560106158,1.0,1.0,0.0,1.0,0.25831381733021075,0.25831381733021075,1.0,0.3634920634920635,0.3634920634920635,73.09786401679962,86.49275657376806,166.0097638960465,179.14822178602927,207.70236384371333,0.0,39.65957484054446,0.09203747072599532,1260,9
final_refine_0p5m,0.5,683.5,432.0,808.5766815831385,1.0,1.0,0.0,1.0,0.25831381733021075,0.25831381733021075,1.0,0.3634920634920635,0.3634920634920635,73.06759262260637,86.43910656096854,165.84845398623858,178.97394061924348,207.47592326767654,0.0,39.63285884784171,0.09203747072599532,1260,9
final_refine_0p5m,0.5,683.5,432.5,808.843928085017,1.0,1.0,0.0,1.0,0.25831381733021075,0.25831381733021075,1.0,0.3634920634920635,0.3634920634920635,73.03743032376639,86.3856307527009,165.68763026418688,178.80016939014993,207.25016880339024,0.0,39.60617418380008,0.09203747072599532,1260,9
final_refine_0p5m,0.5,684.0,427.5,806.6053867908396,1.0,1.0,0.0,1.0,0.25917252146760345,0.25917252146760345,1.0,0.36428571428571427,0.36428571428571427,73.27725209943677,86.86846317565765,167.1805889961107,180.4199647647855,209.37688981008884,0.0,39.85817593095512,0.09141295862607338,1260,9
final_refine_0p5m,0.5,684.0,428.0,806.8704976636585,1.0,1.0,0.0,1.0,0.25917252146760345,0.25917252146760345,1.0,0.36428571428571427,0.36428571428571427,73.24618171415332,86.81347899492276,167.01586990657526,180.24173836229568,209.14511029891744,0.0,39.83120742631207,0.09141295862607338,1260,9
final_refine_0p5m,0.5,684.0,428.5,807.1358311957164,1.0,1.0,0.0,1.0,0.25917252146760345,0.25917252146760345,1.0,0.36428571428571427,0.36428571428571427,73.21522347945789,86.75867502060352,166.8513077201728,180.06403776910847,208.91403953343396,0.0,39.80427068034477,0.09141295862607338,1260,9
final_refine_0p5m,0.5,684.0,429.0,807.401387167498,1.0,1.0,0.0,1.0,0.25917252146760345,0.25917252146760345,1.0,0.36428571428571427,0.36428571428571427,73.1843769784092,86.70404970824207,166.68724513190963,179.88686089339424,208.6836745360292,0.0,39.77736564059775,0.09141295862607338,1260,9
final_refine_0p5m,0.5,684.0,429.5,807.6671653595929,1.0,1.0,0.0,1.0,0.25917252146760345,0.25917252146760345,1.0,0.36428571428571427,0.36428571428571427,73.15364179608139,86.64960177302702,166.52368011230553,179.7102056542958,208.45401234561152,0.0,39.750492254734844,0.09141295862607338,1260,9
final_refine_0p5m,0.5,684.0,430.0,807.933165552696,1.0,1.0,0.0,1.0,0.25917252146760345,0.25917252146760345,1.0,0.36428571428571427,0.36428571428571427,73.12301751954844,86.5953308116343,166.36061064273215,179.53406998185747,208.2250500175007,0.0,39.723650470538836,0.09141295862607338,1260,9
final_refine_0p5m,0.5,684.0,430.5,808.1993875276075,1.0,1.0,0.0,1.0,0.25917252146760345,0.25917252146760345,1.0,0.36428571428571427,0.36428571428571427,73.09250373787785,86.5412364908076,166.1980347153243,179.35845181696124,207.99678462330232,0.0,39.69684023591107,0.09141295862607338,1260,9
final_refine_0p5m,0.5,684.0,431.0,808.4658310652343,1.0,1.0,0.0,1.0,0.25917252146760345,0.25917252146760345,1.0,0.36428571428571427,0.36428571428571427,73.06210004211353,86.4873186732703,166.035950332933,179.1833491112358,207.76921325080355,0.0,39.670061498871064,0.09141295862607338,1260,9
final_refine_0p5m,0.5,684.0,431.5,808.7324959465892,1.0,1.0,0.0,1.0,0.25917252146760345,0.25917252146760345,1.0,0.36428571428571427,0.36428571428571427,73.0318060252662,86.43357685243012,165.87435550902686,179.0087598270155,207.54233300386232,0.0,39.643314207556145,0.09141295862607338,1260,9
final_refine_0p5m,0.5,684.0,432.0,808.9993819527923,1.0,1.0,0.0,1.0,0.25831381733021075,0.25831381733021075,1.0,0.3634920634920635,0.3634920634920635,73.00162128230491,86.3800096720885,165.7132482676448,178.83468193723985,207.31614100228646,0.0,39.616598310221036,0.09141295862607338,1260,9
final_refine_0p5m,0.5,684.0,432.5,809.266488865071,1.0,1.0,0.0,1.0,0.25831381733021075,0.25831381733021075,1.0,0.3634920634920635,0.3634920634920635,72.97154541013991,86.32661570630582,165.552626643311,178.66111342540609,207.0906343817397,0.0,39.5899137552375,0.09203747072599532,1260,9
final_refine_0p5m,0.5,684.5,427.5,807.029429450996,1.0,1.0,0.0,1.0,0.2600312256049961,0.2600312256049961,1.0,0.36507936507936506,0.36507936507936506,73.21055470366615,86.80868302765522,167.04395716153724,180.27892759303597,209.21492290141492,0.0,39.84188322172171,0.09078844652615145,1260,9
final_refine_0p5m,0.5,684.5,428.0,807.294401070638,1.0,1.0,0.0,1.0,0.2600312256049961,0.2600312256049961,1.0,0.36507936507936506,0.36507936507936506,73.17957271321711,86.75378204977973,166.87910054090528,180.1009089184946,208.9833977908465,0.0,39.81491475397414,0.09078844652615145,1260,9
final_refine_0p5m,0.5,684.5,428.5,807.5595953240851,1.0,1.0,0.0,1.0,0.2600312256049961,0.2600312256049961,1.0,0.36507936507936506,0.36507936507936506,73.14870264245187,86.69906019578872,166.7147449690625,179.923415475153,208.752580669555,0.0,39.787978058812776,0.09078844652615145,1260,9
final_refine_0p5m,0.5,684.5,429.0,807.8250119920774,1.0,1.0,0.0,1.0,0.2600312256049961,0.2600312256049961,1.0,0.36507936507936506,0.36507936507936506,73.11794407525448,86.64451681741512,166.55088840808938,179.74644517356936,208.5224685632725,0.0,39.761073083739625,0.09078844652615145,1260,9
final_refine_0p5m,0.5,684.5,429.5,808.0906508554594,1.0,1.0,0.0,1.0,0.25917252146760345,0.25917252146760345,1.0,0.36428571428571427,0.36428571428571427,73.08729659752306,86.59015240647867,166.38752883096655,179.56999593525578,208.29305851422606,0.0,39.73419977637615,0.09078844652615145,1260,9
final_refine_0p5m,0.5,684.5,430.0,808.3565116951802,1.0,1.0,0.0,1.0,0.25917252146760345,0.25917252146760345,1.0,0.36428571428571427,0.36428571428571427,73.05675979715109,86.53596508136239,166.22466422150347,179.39406569260987,208.0643475810219,0.0,39.70735808446288,0.09141295862607338,1260,9
final_refine_0p5m,0.5,684.5,430.5,808.622594292294,1.0,1.0,0.0,1.0,0.25917252146760345,0.25917252146760345,1.0,0.36428571428571427,0.36428571428571427,73.02633326402167,86.48195384616274,166.0622925742781,179.21865238885712,207.83633283855323,0.0,39.68054795585904,0.09141295862607338,1260,9
final_refine_0p5m,0.5,684.5,431.0,808.8888984279608,1.0,1.0,0.0,1.0,0.25917252146760345,0.25917252146760345,1.0,0.36428571428571427,0.36428571428571427,72.99601658998974,86.4281177478497,165.90041189454945,179.04375397796224,207.6090113778622,0.0,39.65376933854212,0.09141295862607338,1260,9
final_refine_0p5m,0.5,684.5,431.5,809.1554238834465,1.0,1.0,0.0,1.0,0.25917252146760345,0.25917252146760345,1.0,0.36428571428571427,0.36428571428571427,72.96580936887499,86.37445673677605,165.73902019819727,178.86936842456433,207.38238030604597,0.0,39.62702218060753,0.09141295862607338,1260,9
final_refine_0p5m,0.5,684.5,432.0,809.4221704401233,1.0,1.0,0.0,1.0,0.25917252146760345,0.25917252146760345,1.0,0.36428571428571427,0.36428571428571427,72.93571119645031,86.32097030288796,165.5781155116489,178.69549370391536,207.15643674613915,0.0,39.600306430268226,0.09141295862607338,1260,9
final_refine_0p5m,0.5,684.5,432.5,809.6891378794704,1.0,1.0,0.0,1.0,0.25917252146760345,0.25917252146760345,1.0,0.36428571428571427,0.36428571428571427,72.90572167042824,86.26765870096682,165.41769587180258,178.52212780180844,206.93117783700134,0.0,39.5736220358543,0.09141295862607338,1260,9
final_refine_0p5m,0.5,684.5,433.0,809.9563259830742,1.0,1.0,0.0,1.0,0.25917252146760345,0.25917252146760345,1.0,0.36428571428571427,0.36428571428571427,72.87584039045075,86.21452020866208,165.2577593259732,178.34926871449474,206.7066007332179,0.0,39.54696894581264,0.09141295862607338,1260,9
final_refine_0p5m,0.5,684.5,433.5,810.223734532629,1.0,1.0,0.0,1.0,0.25917252146760345,0.25917252146760345,1.0,0.36428571428571427,0.36428571428571427,72.84606695807581,86.16155371044786,165.09830393181272,178.1769144486396,206.48270260498666,0.0,39.52034710870649,0.09141295862607338,1260,9
final_refine_0p5m,0.5,684.5,434.0,810.4913633099368,1.0,1.0,0.0,1.0,0.25917252146760345,0.25917252146760345,1.0,0.36428571428571427,0.36428571428571427,72.81640097677221,86.1087585683233,164.93932775723442,178.00506302123878,206.25948063800632,0.0,39.49375647321518,0.09141295862607338,1260,9
final_refine_0p5m,0.5,684.5,434.5,810.7592120969086,1.0,1.0,0.0,1.0,0.25917252146760345,0.25917252146760345,1.0,0.36428571428571427,0.36428571428571427,72.78684205190245,86.05613459640274,164.7823641161903,177.83371245954794,206.0369320333843,0.0,39.467196988133644,0.09141295862607338,1260,9
final_refine_0p5m,0.5,684.5,435.0,811.0272806755639,1.0,1.0,0.0,1.0,0.25917252146760345,0.25917252146760345,1.0,0.36428571428571427,0.36428571428571427,72.75738979071289,86.00368133815961,164.63422576762298,177.66286080103873,205.8150540075166,0.0,39.440668602372135,0.09203747072599532,1260,9
final_refine_0p5m,0.5,684.5,435.5,811.295568828032,1.0,1.0,0.0,1.0,0.25917252146760345,0.25917252146760345,1.0,0.36428571428571427,0.36428571428571427,72.72804380232473,85.95139897885761,164.48651107057975,177.49250609330622,205.59384379199022,0.0,39.414171264955804,0.09203747072599532,1260,9
final_refine_0p5m,0.5,684.5,436.0,811.5640763365515,1.0,1.0,0.0,1.0,0.25917252146760345,0.25917252146760345,1.0,0.36428571428571427,0.36428571428571427,72.69880369772216,85.89928587035877,164.33921841714618,177.32264639401896,205.3732986334822,0.0,39.38770492502436,0.09203747072599532,1260,9
final_refine_0p5m,0.5,684.5,436.5,811.8328029834714,1.0,1.0,0.0,1.0,0.25917252146760345,0.25917252146760345,1.0,0.36428571428571427,0.36428571428571427,72.66966908974179,85.84734080213252,164.19234620743333,177.15327977085713,205.15341579365065,0.0,39.36126953183167,0.09203747072599532,1260,9
final_refine_0p5m,0.5,684.5,437.0,812.1017485512514,1.0,1.0,0.0,1.0,0.25917252146760345,0.25917252146760345,1.0,0.36428571428571427,0.36428571428571427,72.64063959306202,85.79556311001954,164.0458928495431,176.98440430143052,204.93419254903714,0.0,39.33486503474545,0.09203747072599532,1260,9
final_refine_0p5m,0.5,684.5,437.5,812.370912822462,1.0,1.0,0.0,1.0,0.25917252146760345,0.25917252146760345,1.0,0.36428571428571427,0.36428571428571427,72.61171482418965,85.74395278747856,163.899856759502,176.81601807323898,204.71562619097213,0.0,39.30849138324687,0.09203747072599532,1260,9
final_refine_0p5m,0.5,684.5,438.0,812.6402955797848,1.0,1.0,0.0,1.0,0.25831381733021075,0.25831381733021075,1.0,0.3634920634920635,0.3634920634920635,72.58289440145614,85.6925093484038,163.75423636122477,176.64811918358555,204.49771402545977,0.0,39.28214852693017,0.09203747072599532,1260,9
final_refine_0p5m,0.5,684.5,438.5,812.9098966060137,1.0,1.0,0.0,1.0,0.25831381733021075,0.25831381733021075,1.0,0.3634920634920635,0.3634920634920635,72.5541779449977,85.64123307297916,163.60903008645835,176.48070573952754,204.28045337308734,0.0,39.25583641550236,0.09203747072599532,1260,9
final_refine_0p5m,0.5,684.5,439.0,813.1797156840547,1.0,1.0,0.0,1.0,0.25831381733021075,0.25831381733021075,1.0,0.3634920634920635,0.3634920634920635,72.52556507675413,85.59012230381369,163.4642363747357,176.3137758578182,204.06384156893665,0.0,39.22955499878282,0.09203747072599532,1260,9
final_refine_0p5m,0.5,684.5,439.5,813.4497525969259,1.0,1.0,0.0,1.0,0.25831381733021075,0.25831381733021075,1.0,0.3634920634920635,0.3634920634920635,72.49705542045277,85.53917584504066,163.31985367333033,176.14732766482783,203.8478759624665,0.0,39.203304226702926,0.09203747072599532,1260,9
final_refine_0p5m,0.5,684.5,440.0,813.7200071277589,1.0,1.0,0.0,1.0,0.25831381733021075,0.25831381733021075,1.0,0.3634920634920635,0.3634920634920635,72.46864860159803,85.48839307908304,163.17588043720178,175.98135929649882,203.63255391742362,0.0,39.177084049305776,0.09203747072599532,1260,9
final_refine_0p5m,0.5,684.5,440.5,813.9904790597983,1.0,1.0,0.0,1.0,0.25831381733021075,0.25831381733021075,1.0,0.3634920634920635,0.3634920634920635,72.44034424746506,85.4377739930526,163.03231512895476,175.81586889827344,203.41787281175976,0.0,39.15089441674574,0.09266198282591726,1260,9
final_refine_0p5m,0.5,684.5,441.0,814.2611681764027,1.0,1.0,0.0,1.0,0.25831381733021075,0.25831381733021075,1.0,0.3634920634920635,0.3634920634920635,72.41214198708728,85.38731798970181,162.88915621878246,175.65085462503993,203.20383003751598,0.0,39.12473527928818,0.09266198282591726,1260,9
final_refine_0p5m,0.5,684.5,441.5,814.5320742610447,1.0,1.0,0.0,1.0,0.25831381733021075,0.25831381733021075,1.0,0.3634920634920635,0.3634920634920635,72.3840414512447,85.33702560558127,162.74640218443523,175.4863146410734,202.9904230007411,0.0,39.09860658730908,0.09266198282591726,1260,9
final_refine_0p5m,0.5,684.5,442.0,814.8031970973113,1.0,1.0,0.0,1.0,0.25831381733021075,0.25831381733021075,1.0,0.3634920634920635,0.3634920634920635,72.35604227245732,85.28689509213386,162.60405151116197,175.32224711997338,202.77764912139205,0.0,39.07250829129467,0.09266198282591726,1260,9
final_refine_0p5m,0.5,684.5,442.5,815.0745364689047,1.0,1.0,0.0,1.0,0.25831381733021075,0.25831381733021075,1.0,0.3634920634920635,0.3634920634920635,72.32814408497156,85.23692539388104,162.4621026916621,175.1586502445985,202.56550583324554,0.0,39.046440341841105,0.09266198282591726,1260,9
final_refine_0p5m,0.5,684.5,443.0,815.3460921596424,1.0,1.0,0.0,1.0,0.25831381733021075,0.25831381733021075,1.0,0.3634920634920635,0.3634920634920635,72.30034652475643,85.18711564226406,162.3205542260545,174.99552220701878,202.35399058380256,0.0,39.02040268965414,0.09266198282591726,1260,9
final_refine_0p5m,0.5,684.5,443.5,815.6178639534571,1.0,1.0,0.0,1.0,0.25831381733021075,0.25831381733021075,1.0,0.3634920634920635,0.3634920634920635,72.27264922948378,85.13746603166199,162.17940462181562,174.8328612084571,202.1431008341924,0.0,38.99439528554875,0.09266198282591726,1260,9
final_refine_0p5m,0.5,684.5,444.0,815.889851634398,1.0,1.0,0.0,1.0,0.25831381733021075,0.25831381733021075,1.0,0.3634920634920635,0.3634920634920635,72.24505183852929,85.08797593132459,162.0386523937406,174.6706654592221,201.93283405909875,0.0,38.9684180804488,0.09266198282591726,1260,9
final_refine_0p5m,0.5,684.5,444.5,816.1620549866307,1.0,1.0,0.0,1.0,0.25831381733021075,0.25831381733021075,1.0,0.3634920634920635,0.3634920634920635,72.21755399295675,85.03864568832242,161.8982960639057,174.50893317865774,201.72318774664342,0.0,38.942471025386716,0.09266198282591726,1260,9
final_refine_0p5m,0.5,685.0,427.5,807.45355903606,1.0,1.0,0.0,1.0,0.2600312256049961,0.2600312256049961,1.0,0.36507936507936506,0.36507936507936506,73.14391930775439,86.74896114969216,166.90705458744918,180.1379618499911,209.0530352069153,0.0,39.82555868730431,0.09078844652615145,1260,9
final_refine_0p5m,0.5,685.0,428.0,807.7183915202129,1.0,1.0,0.0,1.0,0.2600312256049961,0.2600312256049961,1.0,0.36507936507936506,0.36507936507936506,73.11302563008847,86.69414462382666,166.74240505460128,179.96015079275367,208.82176436043312,0.0,39.79859030907,0.09078844652615145,1260,9
final_refine_0p5m,0.5,685.0,428.5,807.9834466126147,1.0,1.0,0.0,1.0,0.2600312256049961,0.2600312256049961,1.0,0.36507936507936506,0.36507936507936506,73.08224364136531,86.63950699299058,166.57825598117998,179.78286438897533,208.59120074730063,0.0,39.77165371721248,0.09078844652615145,1260,9
final_refine_0p5m,0.5,685.0,429.0,808.2487240942605,1.0,1.0,0.0,1.0,0.2600312256049961,0.2600312256049961,1.0,0.36507936507936506,0.36507936507936506,73.05157292629868,86.58504677686801,166.41460533172778,179.60610055159177,208.3613413965821,0.0,39.74474885919166,0.09078844652615145,1260,9
final_refine_0p5m,0.5,685.0,429.5,808.5142237462493,1.0,1.0,0.0,1.0,0.2600312256049961,0.2600312256049961,1.0,0.36507936507936506,0.36507936507936506,73.02101307160572,86.53076395585528,166.25145108169,179.42985720448365,208.1321833538153,0.0,39.71787568258703,0.09078844652615145,1260,9
final_refine_0p5m,0.5,685.0,430.0,808.7799453497843,1.0,1.0,0.0,1.0,0.2600312256049961,0.2600312256049961,1.0,0.36507936507936506,0.36507936507936506,72.99056366600212,86.47665800345868,166.0887912173189,179.25413228240217,207.90372368090786,0.0,39.69103413509723,0.09078844652615145,1260,9
final_refine_0p5m,0.5,685.0,430.5,809.0458886861734,1.0,1.0,0.0,1.0,0.2600312256049961,0.2600312256049961,1.0,0.36507936507936506,0.36507936507936506,72.96022430018365,86.42272914999444,165.92662373561734,179.07892373091423,207.67595945602753,0.0,39.664224164539746,0.09078844652615145,1260,9
final_refine_0p5m,0.5,685.0,431.0,809.3120535368295,1.0,1.0,0.0,1.0,0.2600312256049961,0.2600312256049961,1.0,0.36507936507936506,0.36507936507936506,72.92999456681672,86.36897615144139,165.76494664426502,178.90422950630756,207.4488877734715,0.0,39.63744571885042,0.09078844652615145,1260,9
final_refine_0p5m,0.5,685.0,431.5,809.5784396832712,1.0,1.0,0.0,1.0,0.2600312256049961,0.2600312256049961,1.0,0.36507936507936506,0.36507936507936506,72.89987406053102,86.31539799823446,165.6037579615437,178.7300475755471,207.2225057435705,0.0,39.61069874608316,0.09078844652615145,1260,9
final_refine_0p5m,0.5,685.0,432.0,809.8450469071229,1.0,1.0,0.0,1.0,0.2600312256049961,0.2600312256049961,1.0,0.36507936507936506,0.36507936507936506,72.8698623779016,86.26199311775736,165.44305571626663,178.55637591618444,206.99681049258402,0.0,39.5839831944095,0.09078844652615145,1260,9
final_refine_0p5m,0.5,685.0,432.5,810.1118749901152,1.0,1.0,0.0,1.0,0.2600312256049961,0.2600312256049961,1.0,0.36507936507936506,0.36507936507936506,72.83995911744114,86.208761806786,165.28283794771355,178.38321251629313,206.77179916256608,0.0,39.55729901211825,0.09141295862607338,1260,9
final_refine_0p5m,0.5,685.0,433.0,810.3789237140858,1.0,1.0,0.0,1.0,0.2600312256049961,0.2600312256049961,1.0,0.36507936507936506,0.36507936507936506,72.81016387958799,86.15570339322825,165.12310270555835,178.21055537441504,206.54746891129054,0.0,39.53064614761511,0.09141295862607338,1260,9
final_refine_0p5m,0.5,685.0,433.5,810.6461928609792,1.0,1.0,0.0,1.0,0.2600312256049961,0.2600312256049961,1.0,0.36507936507936506,0.36507936507936506,72.78047626669623,86.1028181957326,164.96384804980042,178.03840249947245,206.32381691211063,0.0,39.50402454942228,0.09141295862607338,1260,9
final_refine_0p5m,0.5,685.0,434.0,810.9136822128481,1.0,1.0,0.0,1.0,0.2600312256049961,0.2600312256049961,1.0,0.36507936507936506,0.36507936507936506,72.75089588302173,86.05010483201032,164.8050720506953,177.86675191071564,206.10084035387158,0.0,39.47743416617812,0.09141295862607338,1260,9
final_refine_0p5m,0.5,685.0,434.5,811.1813915518526,1.0,1.0,0.0,1.0,0.2600312256049961,0.2600312256049961,1.0,0.36507936507936506,0.36507936507936506,72.72142233471345,85.99756229031814,164.65405379330272,177.69560163764226,205.87853644080758,0.0,39.45087494663676,0.09141295862607338,1260,9
final_refine_0p5m,0.5,685.0,435.0,811.4493206602616,1.0,1.0,0.0,1.0,0.2600312256049961,0.2600312256049961,1.0,0.36507936507936506,0.36507936507936506,72.69205522979952,85.94518924992518,164.5060947329643,177.52494971994972,205.65690239241772,0.0,39.42434683966769,0.09141295862607338,1260,9
final_refine_0p5m,0.5,685.0,435.5,811.7174693204527,1.0,1.0,0.0,1.0,0.2600312256049961,0.2600312256049961,1.0,0.36507936507936506,0.36507936507936506,72.66279417818082,85.89298591234319,164.35855885149417,177.35479420745025,205.4359354433802,0.0,39.397849794255485,0.09141295862607338,1260,9
final_refine_0p5m,0.5,685.0,436.0,811.9858373149128,1.0,1.0,0.0,1.0,0.25917252146760345,0.25917252146760345,1.0,0.36428571428571427,0.36428571428571427,72.63363879161791,85.8409516182111,164.21144454280986,177.18513316002134,205.2156328434488,0.0,39.37138375949933,0.09141295862607338,1260,9
final_refine_0p5m,0.5,685.0,436.5,812.2544244262385,1.0,1.0,0.0,1.0,0.25917252146760345,0.25917252146760345,1.0,0.36428571428571427,0.36428571428571427,72.60458868371808,85.78908669077599,164.064750208858,177.0159646475249,204.99599185732748,0.0,39.34494868461273,0.09141295862607338,1260,9
final_refine_0p5m,0.5,685.0,437.0,812.5232304371365,1.0,1.0,0.0,1.0,0.25917252146760345,0.25917252146760345,1.0,0.36428571428571427,0.36428571428571427,72.57564346992768,85.73738977514486,163.91847425955092,176.8472867497583,204.77700976460537,0.0,39.318544518923126,0.09141295862607338,1260,9
final_refine_0p5m,0.5,685.0,437.5,812.7922551304239,1.0,1.0,0.0,1.0,0.25917252146760345,0.25917252146760345,1.0,0.36428571428571427,0.36428571428571427,72.54680276751995,85.68585985764798,163.77261511273312,176.67909755638595,204.55868385961966,0.0,39.292171211871505,0.09141295862607338,1260,9
final_refine_0p5m,0.5,685.0,438.0,813.0614982890286,1.0,1.0,0.0,1.0,0.25917252146760345,0.25917252146760345,1.0,0.36428571428571427,0.36428571428571427,72.51806619558664,85.63449545836058,163.6271711941117,176.51139516687076,204.3410114513812,0.0,39.26582871301208,0.09203747072599532,1260,9
final_refine_0p5m,0.5,685.0,438.5,813.3309596959899,1.0,1.0,0.0,1.0,0.25917252146760345,0.25917252146760345,1.0,0.36428571428571427,0.36428571428571427,72.48943337502298,85.58329696349439,163.48214093723055,176.34417769041752,204.12398986346795,0.0,39.2395169720119,0.09203747072599532,1260,9
final_refine_0p5m,0.5,685.0,439.0,813.6006391344589,1.0,1.0,0.0,1.0,0.25917252146760345,0.25917252146760345,1.0,0.36428571428571427,0.36428571428571427,72.46090392852311,85.53226377223967,163.33752278339804,176.17744324590657,203.90761643391855,0.0,39.213235938650506,0.09203747072599532,1260,9
final_refine_0p5m,0.5,685.0,439.5,813.8705363876985,1.0,1.0,0.0,1.0,0.25917252146760345,0.25917252146760345,1.0,0.36428571428571427,0.36428571428571427,72.43247748056456,85.48139613026235,163.1933151816598,176.01118996183226,203.69188851514508,0.0,39.1869855628196,0.09203747072599532,1260,9
final_refine_0p5m,0.5,685.0,440.0,814.1406512390841,1.0,1.0,0.0,1.0,0.25917252146760345,0.25917252146760345,1.0,0.36428571428571427,0.36428571428571427,72.40415365740192,85.4306928726943,163.0495165887401,175.8454159762441,203.47680347383286,0.0,39.16076579452262,0.09203747072599532,1260,9
final_refine_0p5m,0.5,685.0,440.5,814.4109834721042,1.0,1.0,0.0,1.0,0.25917252146760345,0.25917252146760345,1.0,0.36428571428571427,0.36428571428571427,72.37593208705492,85.38015298418149,162.90612546899476,175.68011943669308,203.26235869084348,0.0,39.13457658387446,0.09203747072599532,1260,9
final_refine_0p5m,0.5,685.0,441.0,814.6815328703603,1.0,1.0,0.0,1.0,0.25917252146760345,0.25917252146760345,1.0,0.36428571428571427,0.36428571428571427,72.34781239929518,85.32977487979305,162.76314029436494,175.51529850014882,203.04855156111853,0.0,39.10841788110109,0.09203747072599532,1260,9
final_refine_0p5m,0.5,685.0,441.5,814.9522992175677,1.0,1.0,0.0,1.0,0.25917252146760345,0.25917252146760345,1.0,0.36428571428571427,0.36428571428571427,72.31979422564447,85.27955906307133,162.62055954433345,175.3509513329625,202.83537949359646,0.0,39.08228963653918,0.09203747072599532,1260,9
final_refine_0p5m,0.5,685.0,442.0,815.2232822975556,1.0,1.0,0.0,1.0,0.25917252146760345,0.25917252146760345,1.0,0.36428571428571427,0.36428571428571427,72.29187719935543,85.22950491894035,162.47838170587588,175.1870761108015,202.6228399110966,0.0,39.05619180063581,0.09203747072599532,1260,9
final_refine_0p5m,0.5,685.0,442.5,815.4944818942677,1.0,1.0,0.0,1.0,0.25917252146760345,0.25917252146760345,1.0,0.36428571428571427,0.36428571428571427,72.26406095540743,85.17961253482511,162.33660527340913,175.0236710185782,202.4109302502464,0.0,39.030124323948066,0.09203747072599532,1260,9
final_refine_0p5m,0.5,685.0,443.0,815.7658977917623,1.0,1.0,0.0,1.0,0.25917252146760345,0.25917252146760345,1.0,0.36428571428571427,0.36428571428571427,72.23634513049561,85.12988109556515,162.19522874876156,174.86073425040942,202.19964796137987,0.0,39.00408715714273,0.09266198282591726,1260,9
final_refine_0p5m,0.5,685.0,443.5,816.0375297742132,1.0,1.0,0.0,1.0,0.25831381733021075,0.25831381733021075,1.0,0.3634920634920635,0.3634920634920635,72.20872936302023,85.0803095482115,162.05425064110588,174.69826400954605,201.98899050845063,0.0,38.97808025099592,0.09266198282591726,1260,9
final_refine_0p5m,0.5,685.0,444.0,816.3093776259096,1.0,1.0,0.0,1.0,0.25831381733021075,0.25831381733021075,1.0,0.3634920634920635,0.3634920634920635,72.18121329307522,85.0308961486209,161.91366946693486,174.53625850831844,201.77895536893573,0.0,38.95210355639278,0.09266198282591726,1260,9
final_refine_0p5m,0.5,685.0,444.5,816.5814411312567,1.0,1.0,0.0,1.0,0.25831381733021075,0.25831381733021075,1.0,0.3634920634920635,0.3634920634920635,72.15379656244404,84.98164148848646,161.7734837500039,174.37471596808726,201.56954003375444,0.0,38.92615702432706,0.09266198282591726,1260,9
final_refine_0p5m,0.5,685.5,427.5,807.8777754091271,1.0,1.0,0.0,1.0,0.2608899297423888,0.2608899297423888,1.0,0.36587301587301585,0.36587301587301585,73.07734592501232,86.6893015685064,166.7702260069781,179.9970675322525,208.891226719525,0.0,39.80920231387013,0.09016393442622951,1260,9
final_refine_0p5m,0.5,685.5,428.0,808.1424688753834,1.0,1.0,0.0,1.0,0.2608899297423888,0.2608899297423888,1.0,0.36587301587301585,0.36587301587301585,73.0465404780293,86.63456720400725,166.6057834454318,179.81946398171797,208.66021000065996,0.0,39.78223407780906,0.09016393442622951,1260,9
final_refine_0p5m,0.5,685.5,428.5,808.4073849242101,1.0,1.0,0.0,1.0,0.2608899297423888,0.2608899297423888,1.0,0.36587301587301585,0.36587301587301585,73.0158464894148,86.58001191432164,166.44184075432253,179.64238450725367,208.4298997596988,0.0,39.75529764179541,0.09016393442622951,1260,9
final_refine_0p5m,0.5,685.5,429.0,808.6725233368572,1.0,1.0,0.0,1.0,0.2608899297423888,0.2608899297423888,1.0,0.36587301587301585,0.36587301587301585,72.98526354470668,86.52563545932625,166.27839590066347,179.46582702417552,208.20029302902995,0.0,39.72839295324737,0.09016393442622951,1260,9
final_refine_0p5m,0.5,685.5,429.5,808.9378838946783,1.0,1.0,0.0,1.0,0.2608899297423888,0.2608899297423888,1.0,0.36587301587301585,0.36587301587301585,72.95479123144813,86.47143631948565,166.11544686235024,179.28978945872672,207.97138685750963,0.0,39.70151995970285,0.09016393442622951,1260,9
final_refine_0p5m,0.5,685.5,430.0,809.2034663791302,1.0,1.0,0.0,1.0,0.2608899297423888,0.2608899297423888,1.0,0.36587301587301585,0.36587301587301585,72.92442913916953,86.41741330038671,165.9529916280794,179.114269748017,207.7431783103374,0.0,39.674678608819015,0.09078844652615145,1260,9
final_refine_0p5m,0.5,685.5,430.5,809.4692705717741,1.0,1.0,0.0,1.0,0.2608899297423888,0.2608899297423888,1.0,0.36587301587301585,0.36587301587301585,72.89417685938298,86.36356583882583,165.79102819728607,178.9392658399467,207.5156644689472,0.0,39.64786884837195,0.09078844652615145,1260,9
final_refine_0p5m,0.5,685.5,431.0,809.7352962542759,1.0,1.0,0.0,1.0,0.2608899297423888,0.2608899297423888,1.0,0.36587301587301585,0.36587301587301585,72.86403398556749,86.30989368889878,165.62955458005612,178.7647756931367,207.2888424309006,0.0,39.62109062625627,0.09078844652615145,1260,9
final_refine_0p5m,0.5,685.5,431.5,810.0015432084065,1.0,1.0,0.0,1.0,0.2608899297423888,0.2608899297423888,1.0,0.36587301587301585,0.36587301587301585,72.83400011315723,86.25639671187842,165.4685687970776,178.59079727686006,207.06270930975916,0.0,39.59434389048474,0.09078844652615145,1260,9
final_refine_0p5m,0.5,685.5,432.0,810.268011216042,1.0,1.0,0.0,1.0,0.2608899297423888,0.2608899297423888,1.0,0.36587301587301585,0.36587301587301585,72.80407483953195,86.20307441771179,165.3080688795491,178.41732857096582,206.83726223499352,0.0,39.56762858918785,0.09078844652615145,1260,9
final_refine_0p5m,0.5,685.5,432.5,810.5347000591646,1.0,1.0,0.0,1.0,0.2608899297423888,0.2608899297423888,1.0,0.36587301587301585,0.36587301587301585,72.77425776400335,86.14992545270398,165.14805286912693,178.24436756582622,206.6124983518618,0.0,39.540944670613506,0.09078844652615145,1260,9
final_refine_0p5m,0.5,685.5,433.0,810.8016095198627,1.0,1.0,0.0,1.0,0.2608899297423888,0.2608899297423888,1.0,0.36587301587301585,0.36587301587301585,72.74454848780813,86.09694849687679,164.9885188178401,178.07191226225157,206.38841482131104,0.0,39.51429208312661,0.09078844652615145,1260,9
final_refine_0p5m,0.5,685.5,433.5,811.0687393803314,1.0,1.0,0.0,1.0,0.2600312256049961,0.2600312256049961,1.0,0.36507936507936506,0.36507936507936506,72.71494661409152,86.04414331419015,164.82946478803953,177.89996067143062,206.16500881985928,0.0,39.4876707752087,0.09078844652615145,1260,9
final_refine_0p5m,0.5,685.5,434.0,811.3360894228729,1.0,1.0,0.0,1.0,0.2600312256049961,0.2600312256049961,1.0,0.36507936507936506,0.36507936507936506,72.68545174789884,85.99150951652454,164.6740139247694,177.72851081486363,205.94227753948974,0.0,39.46108069545751,0.09078844652615145,1260,9
final_refine_0p5m,0.5,685.5,434.5,811.6036594298969,1.0,1.0,0.0,1.0,0.2600312256049961,0.2600312256049961,1.0,0.36507936507936506,0.36507936507936506,72.6560634961636,85.93904702514827,164.52580973927184,177.557560724288,205.7202181875606,0.0,39.434521792586736,0.09078844652615145,1260,9
final_refine_0p5m,0.5,685.5,435.0,811.871449183921,1.0,1.0,0.0,1.0,0.2600312256049961,0.2600312256049961,1.0,0.36507936507936506,0.36507936507936506,72.62678146769782,85.88675526772903,164.37802987256947,177.38710844162472,205.4988279866796,0.0,39.40799401542551,0.09141295862607338,1260,9
final_refine_0p5m,0.5,685.5,435.5,812.1394584675713,1.0,1.0,0.0,1.0,0.2600312256049961,0.2600312256049961,1.0,0.36507936507936506,0.36507936507936506,72.59760527318102,85.83463297128797,164.23067271235746,177.21715201890214,205.27810417460765,0.0,39.38149731291816,0.09141295862607338,1260,9
final_refine_0p5m,0.5,685.5,436.0,812.4076870635827,1.0,1.0,0.0,1.0,0.2600312256049961,0.2600312256049961,1.0,0.36507936507936506,0.36507936507936506,72.5685345251455,85.78267875478487,164.0837366543926,177.0476895181997,205.05804400416915,0.0,39.35503163412374,0.09141295862607338,1260,9
final_refine_0p5m,0.5,685.5,436.5,812.6761347547989,1.0,1.0,0.0,1.0,0.2600312256049961,0.2600312256049961,1.0,0.36507936507936506,0.36507936507936506,72.53956883797217,85.7308925778511,163.9372201024424,176.87871901157249,204.83864474312364,0.0,39.32859692821574,0.09141295862607338,1260,9
final_refine_0p5m,0.5,685.5,437.0,812.9448013241736,1.0,1.0,0.0,1.0,0.2600312256049961,0.2600312256049961,1.0,0.36507936507936506,0.36507936507936506,72.51070782787592,85.67927397496422,163.79112146824343,176.71023858099772,204.61990367408492,0.0,39.30219314448168,0.09141295862607338,1260,9
final_refine_0p5m,0.5,685.5,437.5,813.2136865547702,1.0,1.0,0.0,1.0,0.2600312256049961,0.2600312256049961,1.0,0.36507936507936506,0.36507936507936506,72.48195111289327,85.62782284421834,163.6454391714435,176.5422463182993,204.40181809441813,0.0,39.27582023232275,0.09141295862607338,1260,9
final_refine_0p5m,0.5,685.5,438.0,813.4827902297626,1.0,1.0,0.0,1.0,0.2600312256049961,0.2600312256049961,1.0,0.36507936507936506,0.36507936507936506,72.45329831287681,85.57653869556886,163.50017163954794,176.37474032510218,204.18438531612813,0.0,39.249478141253476,0.09141295862607338,1260,9
final_refine_0p5m,0.5,685.5,438.5,813.7521121324356,1.0,1.0,0.0,1.0,0.2600312256049961,0.2600312256049961,1.0,0.36507936507936506,0.36507936507936506,72.4247490494812,85.52542025322327,163.35531730789106,176.20771871274866,203.96760266577263,0.0,39.223166820901326,0.09141295862607338,1260,9
final_refine_0p5m,0.5,685.5,439.0,814.0216520461848,1.0,1.0,0.0,1.0,0.2600312256049961,0.2600312256049961,1.0,0.36507936507936506,0.36507936507936506,72.39630294615364,85.47446602625783,163.21087461956162,176.04117960225184,203.75146748435986,0.0,39.196886221006366,0.09141295862607338,1260,9
final_refine_0p5m,0.5,685.5,439.5,814.2914097545178,1.0,1.0,0.0,1.0,0.2600312256049961,0.2600312256049961,1.0,0.36507936507936506,0.36507936507936506,72.36795962812286,85.42367598006498,163.0668420253738,175.87512112423207,203.53597712724897,0.0,39.17063629142091,0.09141295862607338,1260,9
final_refine_0p5m,0.5,685.5,440.0,814.5613850410539,1.0,1.0,0.0,1.0,0.2600312256049961,0.2600312256049961,1.0,0.36507936507936506,0.36507936507936506,72.3397187223914,85.37304980953269,162.9232179838143,175.70954141884656,203.32112896405286,0.0,39.14441698210916,0.09141295862607338,1260,9
final_refine_0p5m,0.5,685.5,440.5,814.8315776895247,1.0,1.0,0.0,1.0,0.2600312256049961,0.2600312256049961,1.0,0.36507936507936506,0.36507936507936506,72.3115798577213,85.32258730795019,162.78000096099169,175.54443863573917,203.10692037855065,0.0,39.118228243146866,0.09203747072599532,1260,9
final_refine_0p5m,0.5,685.5,441.0,815.1019874837749,1.0,1.0,0.0,1.0,0.2600312256049961,0.2600312256049961,1.0,0.36507936507936506,0.36507936507936506,72.28354266462824,85.27228822912184,162.63718943058697,175.37981093396905,202.8933487685851,0.0,39.09207002472092,0.09203747072599532,1260,9
final_refine_0p5m,0.5,685.5,441.5,815.3726142077621,1.0,1.0,0.0,1.0,0.25917252146760345,0.25917252146760345,1.0,0.36428571428571427,0.36428571428571427,72.25560677536892,85.22215121246003,162.49478187382041,175.215656481962,202.68041154596554,0.0,39.06594227712909,0.09203747072599532,1260,9
final_refine_0p5m,0.5,685.5,442.0,815.6434576455573,1.0,1.0,0.0,1.0,0.25917252146760345,0.25917252146760345,1.0,0.36428571428571427,0.36428571428571427,72.22777182393153,85.17217485620968,162.35277677939183,175.0519734574483,202.4681061363859,0.0,39.0398449507796,0.09203747072599532,1260,9
final_refine_0p5m,0.5,685.5,442.5,815.9145175813456,1.0,1.0,0.0,1.0,0.25917252146760345,0.25917252146760345,1.0,0.36428571428571427,0.36428571428571427,72.20003744602651,85.122359021201,162.2111726434347,174.8887600473987,202.25642997932,0.0,39.01377799619083,0.09203747072599532,1260,9
final_refine_0p5m,0.5,685.5,443.0,816.1857937994265,1.0,1.0,0.0,1.0,0.25917252146760345,0.25917252146760345,1.0,0.36428571428571427,0.36428571428571427,72.17240327907597,85.07270347081867,162.0699679694843,174.72601444796777,202.04538052793245,0.0,38.98774136399095,0.09203747072599532,1260,9
final_refine_0p5m,0.5,685.5,443.5,816.4572860842139,1.0,1.0,0.0,1.0,0.25917252146760345,0.25917252146760345,1.0,0.36428571428571427,0.36428571428571427,72.14486896220554,85.02320781342183,161.9291612684104,174.56373486443758,201.83495524899226,0.0,38.96173500491756,0.09203747072599532,1260,9
final_refine_0p5m,0.5,685.5,444.0,816.728994220237,1.0,1.0,0.0,1.0,0.25917252146760345,0.25917252146760345,1.0,0.36428571428571427,0.36428571428571427,72.1174341362299,84.9738722053068,161.78875105839836,174.40191951116228,201.62515162278498,0.0,38.93575886981737,0.09203747072599532,1260,9
final_refine_0p5m,0.5,685.5,444.5,817.0009179921403,1.0,1.0,0.0,1.0,0.25917252146760345,0.25917252146760345,1.0,0.36428571428571427,0.36428571428571427,72.09009844365146,84.92469512062249,161.6487358648818,174.2405666115058,201.41596714300277,0.0,38.909812909645865,0.09203747072599532,1260,9
final_refine_0p5m,0.5,686.0,427.5,808.302078433552,1.0,1.0,0.0,1.0,0.261176164454853,0.261176164454853,1.0,0.36507936507936506,0.36507936507936506,73.01083456877585,86.62970215792373,166.63347141788,179.856244636447,208.72949743219525,0.0,39.79281408770674,0.09016393442622951,1260,9
final_refine_0p5m,0.5,686.0,428.0,808.5666329994084,1.0,1.0,0.0,1.0,0.2614623991673172,0.2614623991673172,1.0,0.36587301587301585,0.36587301587301585,72.98011727032511,86.57505201542087,166.4692357111884,179.67884848204739,208.49873470452857,0.0,39.76584604652071,0.09016393442622951,1260,9
final_refine_0p5m,0.5,686.0,428.5,808.8314101220352,1.0,1.0,0.0,1.0,0.2614623991673172,0.2614623991673172,1.0,0.36587301587301585,0.36587301587301585,72.9495111998327,86.52057941774031,166.30549928632,179.50197582668747,208.26867769979435,0.0,39.73890981893266,0.09016393442622951,1260,9
final_refine_0p5m,0.5,686.0,429.0,809.0964095829371,1.0,1.0,0.0,1.0,0.2614623991673172,0.2614623991673172,1.0,0.36587301587301585,0.36587301587301585,72.91901594366615,86.46628459270994,166.14226011275417,179.32562458805413,208.03932345371803,0.0,39.712005352319466,0.09016393442622951,1260,9
final_refine_0p5m,0.5,686.0,429.5,809.3616311637215,1.0,1.0,0.0,1.0,0.2617486338797814,0.2617486338797814,1.0,0.36666666666666664,0.36666666666666664,72.88863109018584,86.41216690748911,165.97951617084536,179.14979269476112,207.81066901845753,0.0,39.68513259417781,0.09016393442622951,1260,9
final_refine_0p5m,0.5,686.0,430.0,809.627074646099,1.0,1.0,0.0,1.0,0.2617486338797814,0.2617486338797814,1.0,0.36666666666666664,0.36666666666666664,72.85835622974169,86.35822683700529,165.81726545172353,178.97447808626484,207.58271146250297,0.0,39.65829149212378,0.09016393442622951,1260,9
final_refine_0p5m,0.5,686.0,430.5,809.892739811884,1.0,1.0,0.0,1.0,0.2617486338797814,0.2617486338797814,1.0,0.36666666666666664,0.36666666666666664,72.82819095466051,86.30446251908876,165.65550595724986,178.7996787128041,207.35544787056398,0.0,39.63148199389246,0.09016393442622951,1260,9
final_refine_0p5m,0.5,686.0,431.0,810.1586264429948,1.0,1.0,0.0,1.0,0.2608899297423888,0.2608899297423888,1.0,0.36587301587301585,0.36587301587301585,72.79813485923174,86.25087305200948,165.49423569992635,178.62539253532603,207.12887534344628,0.0,39.604704047337606,0.09016393442622951,1260,9
final_refine_0p5m,0.5,686.0,431.5,810.4247343214545,1.0,1.0,0.0,1.0,0.2608899297423888,0.2608899297423888,1.0,0.36587301587301585,0.36587301587301585,72.76818753969415,86.19745731505998,165.33345270283652,178.45161752540983,206.9029909979523,0.0,39.57795760043122,0.09016393442622951,1260,9
final_refine_0p5m,0.5,686.0,432.0,810.6910632293907,1.0,1.0,0.0,1.0,0.2608899297423888,0.2608899297423888,1.0,0.36587301587301585,0.36587301587301585,72.73834859423465,86.14421534974021,165.1731549995671,178.2783516652155,206.677791966758,0.0,39.55124260126315,0.09016393442622951,1260,9
final_refine_0p5m,0.5,686.0,432.5,810.957612949037,1.0,1.0,0.0,1.0,0.2608899297423888,0.2608899297423888,1.0,0.36587301587301585,0.36587301587301585,72.70861762296147,86.09114663924517,165.01334063414532,178.10559294739164,206.45327539832545,0.0,39.52455899804077,0.09078844652615145,1260,9
final_refine_0p5m,0.5,686.0,433.0,811.2243832627321,1.0,1.0,0.0,1.0,0.2608899297423888,0.2608899297423888,1.0,0.36587301587301585,0.36587301587301585,72.67899422790721,86.03825146529732,164.85400766095856,177.9333393750243,206.22943845676946,0.0,39.49790673908854,0.09078844652615145,1260,9
final_refine_0p5m,0.5,686.0,433.5,811.4913739529213,1.0,1.0,0.0,1.0,0.2608899297423888,0.2608899297423888,1.0,0.36587301587301585,0.36587301587301585,72.64947801301032,85.98552810272564,164.6951541447044,177.7615889615671,206.0062783217663,0.0,39.47128577284767,0.09078844652615145,1260,9
final_refine_0p5m,0.5,686.0,434.0,811.7585848021565,1.0,1.0,0.0,1.0,0.2608899297423888,0.2608899297423888,1.0,0.36587301587301585,0.36587301587301585,72.62006858410355,85.9329755456369,164.54565656543434,177.59033973076754,205.78379218844222,0.0,39.44469604787576,0.09078844652615145,1260,9
final_refine_0p5m,0.5,686.0,434.5,812.0260155930966,1.0,1.0,0.0,1.0,0.2608899297423888,0.2608899297423888,1.0,0.36587301587301585,0.36587301587301585,72.59076554890657,85.88059295676508,164.39763195295046,177.4195897166007,205.5619772672749,0.0,39.41813751284633,0.09078844652615145,1260,9
final_refine_0p5m,0.5,686.0,435.0,812.2936661085079,1.0,1.0,0.0,1.0,0.2608899297423888,0.2608899297423888,1.0,0.36587301587301585,0.36587301587301585,72.5615685170115,85.82838025690184,164.25003118531782,177.24933696321563,205.34083078397626,0.0,39.391610116548584,0.09078844652615145,1260,9
final_refine_0p5m,0.5,686.0,435.5,812.5615361312643,1.0,1.0,0.0,1.0,0.2608899297423888,0.2608899297423888,1.0,0.36587301587301585,0.36587301587301585,72.53247709987758,85.77633696109619,164.10285265207844,177.0795795248494,205.1203499793932,0.0,39.36511380788695,0.09078844652615145,1260,9
final_refine_0p5m,0.5,686.0,436.0,812.8296254443486,1.0,1.0,0.0,1.0,0.2608899297423888,0.2608899297423888,1.0,0.36587301587301585,0.36587301587301585,72.50349091081014,85.72446332440035,163.95609475082466,176.91031546578122,204.90053210940852,0.0,39.33864853588073,0.09078844652615145,1260,9
final_refine_0p5m,0.5,686.0,436.5,813.0979338308516,1.0,1.0,0.0,1.0,0.2608899297423888,0.2608899297423888,1.0,0.36587301587301585,0.36587301587301585,72.47460956496299,85.67275767409492,163.80975588715052,176.7415428602609,204.68137444484498,0.0,39.312214249663754,0.09078844652615145,1260,9
final_refine_0p5m,0.5,686.0,437.0,813.3664610739737,1.0,1.0,0.0,1.0,0.2608899297423888,0.2608899297423888,1.0,0.36587301587301585,0.36587301587301585,72.4458326793157,85.62121896420008,163.66383447460495,176.57325979243288,204.46287427133896,0.0,39.28581089848398,0.09078844652615145,1260,9
final_refine_0p5m,0.5,686.0,437.5,813.6352069570245,1.0,1.0,0.0,1.0,0.2608899297423888,0.2608899297423888,1.0,0.36587301587301585,0.36587301587301585,72.41715987267212,85.56984651029032,163.51832893464262,176.4054643562977,204.24502888927316,0.0,39.25943843170318,0.09078844652615145,1260,9
final_refine_0p5m,0.5,686.0,438.0,813.9041712634233,1.0,1.0,0.0,1.0,0.2608899297423888,0.2608899297423888,1.0,0.36587301587301585,0.36587301587301585,72.38859076564327,85.51864017683177,163.37323769657237,176.23815465562507,204.02783561364848,0.0,39.233096798796524,0.09141295862607338,1260,9
final_refine_0p5m,0.5,686.0,438.5,814.1733537767003,1.0,1.0,0.0,1.0,0.2608899297423888,0.2608899297423888,1.0,0.36587301587301585,0.36587301587301585,72.36012498064137,85.46759942811678,163.22855919750486,176.0713288039039,203.8112917739985,0.0,39.20678594935227,0.09141295862607338,1260,9
final_refine_0p5m,0.5,686.0,439.0,814.4427542804958,1.0,1.0,0.0,1.0,0.2608899297423888,0.2608899297423888,1.0,0.36587301587301585,0.36587301587301585,72.33176214186781,85.41672465600801,163.08429188231852,175.90498492428054,203.59539471430358,0.0,39.18050583307136,0.09141295862607338,1260,9
final_refine_0p5m,0.5,686.0,439.5,814.7123725585614,1.0,1.0,0.0,1.0,0.2600312256049961,0.2600312256049961,1.0,0.36507936507936506,0.36507936507936506,72.30350187530205,85.36601415726992,162.94043420358986,175.73912114948342,203.3801417928573,0.0,39.15425639976711,0.09141295862607338,1260,9
final_refine_0p5m,0.5,686.0,440.0,814.9822083947599,1.0,1.0,0.0,1.0,0.2600312256049961,0.2600312256049961,1.0,0.36507936507936506,0.36507936507936506,72.27534380869159,85.31546690830918,162.79698462156904,175.57373562178768,203.16553038221434,0.0,39.1280375993648,0.09141295862607338,1260,9
final_refine_0p5m,0.5,686.0,440.5,815.2522615730667,1.0,1.0,0.0,1.0,0.2600312256049961,0.2600312256049961,1.0,0.36507936507936506,0.36507936507936506,72.24728757154526,85.26508196662647,162.6539416041098,175.4088264929245,202.95155786905477,0.0,39.101849381901374,0.09141295862607338,1260,9
final_refine_0p5m,0.5,686.0,441.0,815.5225318775687,1.0,1.0,0.0,1.0,0.2600312256049961,0.2600312256049961,1.0,0.36507936507936506,0.36507936507936506,72.21933279511725,85.2148594879123,162.51130362664327,175.24439192404742,202.7382216541231,0.0,39.07569169752505,0.09141295862607338,1260,9
final_refine_0p5m,0.5,686.0,441.5,815.7930190924657,1.0,1.0,0.0,1.0,0.2600312256049961,0.2600312256049961,1.0,0.36507936507936506,0.36507936507936506,72.19147911240263,85.16479887297464,162.36906917211874,175.08043008565073,202.52551915210697,0.0,39.049564496495,0.09141295862607338,1260,9
final_refine_0p5m,0.5,686.0,442.0,816.0637230020704,1.0,1.0,0.0,1.0,0.2600312256049961,0.2600312256049961,1.0,0.36507936507936506,0.36507936507936506,72.16372615812242,85.11490060591254,162.22723673095743,174.91693915752668,202.31344779156103,0.0,39.02346772918098,0.09141295862607338,1260,9
final_refine_0p5m,0.5,686.0,442.5,816.3346433908094,1.0,1.0,0.0,1.0,0.2600312256049961,0.2600312256049961,1.0,0.36507936507936506,0.36507936507936506,72.13607356871934,85.06516307661686,162.08580480101136,174.75391732869892,202.10200501480801,0.0,38.99740134606297,0.09141295862607338,1260,9
final_refine_0p5m,0.5,686.0,443.0,816.6057800432226,1.0,1.0,0.0,1.0,0.2600312256049961,0.2600312256049961,1.0,0.36507936507936506,0.36507936507936506,72.10852098234037,85.01558532630617,161.94477188751637,174.59136279736308,201.89118827784014,0.0,38.97136529773087,0.09203747072599532,1260,9
final_refine_0p5m,0.5,686.0,443.5,816.8771327439641,1.0,1.0,0.0,1.0,0.2600312256049961,0.2600312256049961,1.0,0.36507936507936506,0.36507936507936506,72.08106803883693,84.96616620176239,161.8041365030511,174.42927377083123,201.68099505024892,0.0,38.94535953488411,0.09203747072599532,1260,9
final_refine_0p5m,0.5,686.0,444.0,817.148701277803,1.0,1.0,0.0,1.0,0.2600312256049961,0.2600312256049961,1.0,0.36507936507936506,0.36507936507936506,72.0537143797449,84.91690600592791,161.6638971674772,174.26764846547945,201.4714228151042,0.0,38.919384008331356,0.09203747072599532,1260,9
final_refine_0p5m,0.5,686.0,444.5,817.4204854296227,1.0,1.0,0.0,1.0,0.2600312256049961,0.2600312256049961,1.0,0.36507936507936506,0.36507936507936506,72.02645964828388,84.86780413957585,161.5240524079156,174.1064851066728,201.26246906889446,0.0,38.8934386689901,0.09203747072599532,1260,9
final_refine_0p5m,0.5,686.5,427.5,808.7264679729482,1.0,1.0,0.0,1.0,0.26060369502992453,0.26060369502992453,1.0,0.3634920634920635,0.3634920634920635,72.94438525239806,86.57016229006327,166.49679081793025,179.7154931592193,208.5678473378912,0.0,39.77639399522215,0.09016393442622951,1260,9
final_refine_0p5m,0.5,686.5,428.0,808.990883755806,1.0,1.0,0.0,1.0,0.2608899297423888,0.2608899297423888,1.0,0.36428571428571427,0.36428571428571427,72.91375602027944,86.51559494636095,166.33276184968489,179.5383042904255,208.3373384650586,0.0,39.7494262016544,0.09016393442622951,1260,9
final_refine_0p5m,0.5,686.5,428.5,809.255522069513,1.0,1.0,0.0,1.0,0.2608899297423888,0.2608899297423888,1.0,0.36428571428571427,0.36428571428571427,72.8832377858765,86.46120630180948,166.16923157502282,179.36163834399582,208.10753456066527,0.0,39.72249023511501,0.09016393442622951,1260,9
final_refine_0p5m,0.5,686.5,429.0,809.5203826958281,1.0,1.0,0.0,1.0,0.2608899297423888,0.2608899297423888,1.0,0.36428571428571427,0.36428571428571427,72.85283013638039,86.4069952026806,166.0061979658952,179.18549323998664,207.87843266376802,0.0,39.69558604293993,0.09016393442622951,1260,9
final_refine_0p5m,0.5,686.5,429.5,809.7854654166126,1.0,1.0,0.0,1.0,0.261176164454853,0.261176164454853,1.0,0.36507936507936506,0.36507936507936506,72.822532660975,86.35296025382836,165.8436590050961,179.0098669093795,207.6500298298272,0.0,39.66871357258499,0.09016393442622951,1260,9
final_refine_0p5m,0.5,686.5,430.0,810.0507700138306,1.0,1.0,0.0,1.0,0.261176164454853,0.261176164454853,1.0,0.36507936507936506,0.36507936507936506,72.79234495082613,86.29910128630455,165.68161268620568,178.83475729397352,207.42232313062883,0.0,39.64187277162558,0.09016393442622951,1260,9
final_refine_0p5m,0.5,686.5,430.5,810.3162962695493,1.0,1.0,0.0,1.0,0.2614623991673172,0.2614623991673172,1.0,0.36587301587301585,0.36587301587301585,72.76226659907383,86.24541785571975,165.52005701350467,178.66016234635086,207.1953096541454,0.0,39.61506358775621,0.09016393442622951,1260,9
final_refine_0p5m,0.5,686.5,431.0,810.5820439659393,1.0,1.0,0.0,1.0,0.2614623991673172,0.2614623991673172,1.0,0.36587301587301585,0.36587301587301585,72.7322972008179,86.19191019832245,165.35899000190363,178.48608002977198,206.96898650442785,0.0,39.58828596879013,0.09016393442622951,1260,9
final_refine_0p5m,0.5,686.5,431.5,810.8480128852756,1.0,1.0,0.0,1.0,0.2617486338797814,0.2617486338797814,1.0,0.36666666666666664,0.36666666666666664,72.70243635310466,86.13857707189683,165.19840967688566,178.31250831813793,206.74335080151545,0.0,39.561539862658954,0.09016393442622951,1260,9
final_refine_0p5m,0.5,686.5,432.0,811.1142028099372,1.0,1.0,0.0,1.0,0.2617486338797814,0.2617486338797814,1.0,0.36666666666666664,0.36666666666666664,72.6726836549211,86.08541749506144,165.03831407441902,178.13944519589782,206.51839968129445,0.0,39.53482521741228,0.09016393442622951,1260,9
final_refine_0p5m,0.5,686.5,432.5,811.3806135224085,1.0,1.0,0.0,1.0,0.2617486338797814,0.2617486338797814,1.0,0.36666666666666664,0.36666666666666664,72.64303870717711,86.03242994120347,164.87870124089912,177.9668886579916,206.29413029541294,0.0,39.508141981217314,0.09016393442622951,1260,9
final_refine_0p5m,0.5,686.5,433.0,811.6472448052787,1.0,1.0,0.0,1.0,0.2617486338797814,0.2617486338797814,1.0,0.36666666666666664,0.36666666666666664,72.61350111269907,85.97961458059177,164.71956923307843,177.79483670977157,206.07053981116357,0.0,39.481490102358485,0.09016393442622951,1260,9
final_refine_0p5m,0.5,686.5,433.5,811.914096441243,1.0,1.0,0.0,1.0,0.2617486338797814,0.2617486338797814,1.0,0.36666666666666664,0.36666666666666664,72.58407047621684,85.9269708206859,164.56563568969264,177.62328736695758,205.8476254113834,0.0,39.45486952923706,0.09016393442622951,1260,9
final_refine_0p5m,0.5,686.5,434.0,812.1811682131025,1.0,1.0,0.0,1.0,0.2617486338797814,0.2617486338797814,1.0,0.36666666666666664,0.36666666666666664,72.55474640435155,85.87449896413109,164.41736556749842,177.45223865553695,205.625384294329,0.0,39.428280210370765,0.09016393442622951,1260,9
final_refine_0p5m,0.5,686.5,434.5,812.4484599037652,1.0,1.0,0.0,1.0,0.2617486338797814,0.2617486338797814,1.0,0.36666666666666664,0.36666666666666664,72.52552850560828,85.8221976738054,164.2695204332063,177.2816886117287,205.40381367359927,0.0,39.40172209439346,0.09016393442622951,1260,9
final_refine_0p5m,0.5,686.5,435.0,812.7159712962457,1.0,1.0,0.0,1.0,0.2617486338797814,0.2617486338797814,1.0,0.36666666666666664,0.36666666666666664,72.49641639036119,85.77006602366183,164.1220986701088,177.11163528189988,205.18291077799992,0.0,39.375195130054706,0.09016393442622951,1260,9
final_refine_0p5m,0.5,686.5,435.5,812.983702173666,1.0,1.0,0.0,1.0,0.2617486338797814,0.2617486338797814,1.0,0.36666666666666664,0.36666666666666664,72.46740967084384,85.71810251565216,163.97509866958558,176.94207672250016,204.96267285147093,0.0,39.34869926621941,0.09078844652615145,1260,9
final_refine_0p5m,0.5,686.5,436.0,813.251652319256,1.0,1.0,0.0,1.0,0.2617486338797814,0.2617486338797814,1.0,0.36666666666666664,0.36666666666666664,72.43850796113797,85.66630743215666,163.82851883106537,176.7730110000104,204.74309715295982,0.0,39.32223445186751,0.09078844652615145,1260,9
final_refine_0p5m,0.5,686.5,436.5,813.5198215163537,1.0,1.0,0.0,1.0,0.2617486338797814,0.2617486338797814,1.0,0.36666666666666664,0.36666666666666664,72.40971087716746,85.61468012918922,163.68235756196236,176.60443619086064,204.5241809563245,0.0,39.29580063609351,0.09078844652615145,1260,9
final_refine_0p5m,0.5,686.5,437.0,813.7882095484058,1.0,1.0,0.0,1.0,0.2617486338797814,0.2617486338797814,1.0,0.36666666666666664,0.36666666666666664,72.38101803667794,85.56322089255576,163.5366132776458,176.43635038138035,204.3059215502425,0.0,39.269397768106224,0.09078844652615145,1260,9
final_refine_0p5m,0.5,686.5,437.5,814.0568161989678,1.0,1.0,0.0,1.0,0.2608899297423888,0.2608899297423888,1.0,0.36587301587301585,0.36587301587301585,72.35242905923741,85.51192845491859,163.3912844013719,176.26875166772373,204.08831623809942,0.0,39.2430257972283,0.09078844652615145,1260,9
final_refine_0p5m,0.5,686.5,438.0,814.3256412517046,1.0,1.0,0.0,1.0,0.2608899297423888,0.2608899297423888,1.0,0.36587301587301585,0.36587301587301585,72.32394356621859,85.46080188725853,163.24636936424437,176.10163815582186,203.87136233790156,0.0,39.216684672895965,0.09078844652615145,1260,9
final_refine_0p5m,0.5,686.5,438.5,814.5946844903912,1.0,1.0,0.0,1.0,0.2608899297423888,0.2608899297423888,1.0,0.36587301587301585,0.36587301587301585,72.2955611807884,85.4098397075894,163.10186660516527,175.9350079612963,203.65505718215508,0.0,39.190374344658586,0.09078844652615145,1260,9
final_refine_0p5m,0.5,686.5,439.0,814.8639456989124,1.0,1.0,0.0,1.0,0.2608899297423888,0.2608899297423888,1.0,0.36587301587301585,0.36587301587301585,72.2672815279017,85.35904225714472,162.95777457078367,175.76885920942513,203.43939811779637,0.0,39.16409476217838,0.09078844652615145,1260,9
final_refine_0p5m,0.5,686.5,439.5,815.1334246612637,1.0,1.0,0.0,1.0,0.2608899297423888,0.2608899297423888,1.0,0.36587301587301585,0.36587301587301585,72.23910423428886,85.30840887887177,162.8140917154506,175.6031900350567,203.2243825060741,0.0,39.137845875229964,0.09078844652615145,1260,9
final_refine_0p5m,0.5,686.5,440.0,815.4031211615516,1.0,1.0,0.0,1.0,0.2608899297423888,0.2608899297423888,1.0,0.36587301587301585,0.36587301587301585,72.21102892844499,85.2579397600477,162.67081650116873,175.4379985825663,203.01000772245527,0.0,39.111627633700095,0.09078844652615145,1260,9
final_refine_0p5m,0.5,686.5,440.5,815.6730349839941,1.0,1.0,0.0,1.0,0.2608899297423888,0.2608899297423888,1.0,0.36587301587301585,0.36587301587301585,72.18305524062028,85.20763386480166,162.52794739754535,175.27328300578904,202.79627115654074,0.0,39.085439987587264,0.09141295862607338,1260,9
final_refine_0p5m,0.5,686.5,441.0,815.9431659129207,1.0,1.0,0.0,1.0,0.2608899297423888,0.2608899297423888,1.0,0.36587301587301585,0.36587301587301585,72.15518280281019,85.157490223975,162.38548288175375,175.10904146794937,202.58317021196297,0.0,39.059282887001345,0.09141295862607338,1260,9
final_refine_0p5m,0.5,686.5,441.5,816.2135137327732,1.0,1.0,0.0,1.0,0.2608899297423888,0.2608899297423888,1.0,0.36587301587301585,0.36587301587301585,72.12741124874428,85.10750713049521,162.24342143846715,174.94527214162574,202.37070230629348,0.0,39.03315628216327,0.09141295862607338,1260,9
final_refine_0p5m,0.5,686.5,442.0,816.484078228106,1.0,1.0,0.0,1.0,0.2608899297423888,0.2608899297423888,1.0,0.36587301587301585,0.36587301587301585,72.09974021388113,85.05768504889677,162.1017615598376,174.7819732086636,202.15886487093692,0.0,39.00706012340465,0.09141295862607338,1260,9
final_refine_0p5m,0.5,686.5,442.5,816.7548591835864,1.0,1.0,0.0,1.0,0.2608899297423888,0.2608899297423888,1.0,0.36587301587301585,0.36587301587301585,72.072169335389,85.008023440033,161.96050174542913,174.6191428601395,201.94765535106833,0.0,38.98099436116746,0.09141295862607338,1260,9
final_refine_0p5m,0.5,686.5,443.0,817.0258563839948,1.0,1.0,0.0,1.0,0.2608899297423888,0.2608899297423888,1.0,0.36587301587301585,0.36587301587301585,72.04469825214652,84.95852231246167,161.81964050218178,174.4567792962906,201.73707120551052,0.0,38.954958946003636,0.09141295862607338,1260,9
final_refine_0p5m,0.5,686.5,443.5,817.2970696142254,1.0,1.0,0.0,1.0,0.2608899297423888,0.2608899297423888,1.0,0.36587301587301585,0.36587301587301585,72.01732660472481,84.90918102053114,161.67917634436586,174.2948807264527,201.52710990665776,0.0,38.92895382857482,0.09141295862607338,1260,9
final_refine_0p5m,0.5,686.5,444.0,817.5684986592867,1.0,1.0,0.0,1.0,0.2608899297423888,0.2608899297423888,1.0,0.36587301587301585,0.36587301587301585,71.99005403538284,84.85999843606314,161.5391077935387,174.13344536902068,201.3177689403829,0.0,38.90297895965191,0.09141295862607338,1260,9
final_refine_0p5m,0.5,686.5,444.5,817.8401433043013,1.0,1.0,0.0,1.0,0.2608899297423888,0.2608899297423888,1.0,0.36587301587301585,0.36587301587301585,71.96288018805593,84.81097301438217,161.39943337849607,173.9724714513733,201.10904580595724,0.0,38.877034290114814,0.09141295862607338,1260,9
final_refine_0p5m,0.5,687.0,427.5,809.1509438911877,1.0,1.0,0.0,1.0,0.2600312256049961,0.2600312256049961,1.0,0.3619047619047619,0.3619047619047619,72.87799798925205,86.51068511968786,166.360184204942,179.57481309724307,208.40627642961252,0.0,39.75994202294497,0.09016393442622951,1260,9
final_refine_0p5m,0.5,687.0,428.0,809.4152210083524,1.0,1.0,0.0,1.0,0.26031746031746034,0.26031746031746034,1.0,0.3626984126984127,0.3626984126984127,72.84745674121504,86.4562001407511,166.19636185876755,179.39783140356184,208.17602127529116,0.0,39.73297452977979,0.09016393442622951,1260,9
final_refine_0p5m,0.5,687.0,428.5,809.6797206303243,1.0,1.0,0.0,1.0,0.26031746031746034,0.26031746031746034,1.0,0.3626984126984127,0.3626984126984127,72.81702626081913,86.40189316605323,166.0330376183159,179.22137205591974,207.94647033540042,0.0,39.70603887695306,0.09016393442622951,1260,9
final_refine_0p5m,0.5,687.0,429.0,809.9444425391164,1.0,1.0,0.0,1.0,0.26031746031746034,0.26031746031746034,1.0,0.3626984126984127,0.3626984126984127,72.78670613607676,86.3477639349956,165.87020945799475,179.04543297675397,207.717620652317,0.0,39.679135011760145,0.09016393442622951,1260,9
final_refine_0p5m,0.5,687.0,429.5,810.2093865168436,1.0,1.0,0.0,1.0,0.26060369502992453,0.26060369502992453,1.0,0.3634920634920635,0.3634920634920635,72.75649595699132,86.29381217568975,165.70787536305875,178.87001209939402,207.4894692848138,0.0,39.652262881616494,0.09016393442622951,1260,9
final_refine_0p5m,0.5,687.0,430.0,810.4745523457229,1.0,1.0,0.0,1.0,0.26060369502992453,0.26060369502992453,1.0,0.3634920634920635,0.3634920634920635,72.72639531554843,86.24003639552673,165.5460333295153,178.6951073679966,207.2620133079525,0.0,39.62542243405715,0.09016393442622951,1260,9
final_refine_0p5m,0.5,687.0,430.5,810.7399398080744,1.0,1.0,0.0,1.0,0.2608899297423888,0.2608899297423888,1.0,0.36428571428571427,0.36428571428571427,72.6964038057004,86.18643548907349,165.38468136406922,178.52071673746966,207.0352498129753,0.0,39.59861361673641,0.09016393442622951,1260,9
final_refine_0p5m,0.5,687.0,431.0,811.0055486863206,1.0,1.0,0.0,1.0,0.2608899297423888,0.2608899297423888,1.0,0.36428571428571427,0.36428571428571427,72.66652102335487,86.13300873591339,165.22381748404266,178.34683817340428,206.80917590718207,0.0,39.57183637742741,0.09016393442622951,1260,9
final_refine_0p5m,0.5,687.0,431.5,811.2713787629883,1.0,1.0,0.0,1.0,0.261176164454853,0.261176164454853,1.0,0.36507936507936506,0.36507936507936506,72.63674656636634,86.07975597607643,165.06343971730783,178.17346965200238,206.58378871383078,0.0,39.545090664021785,0.09016393442622951,1260,9
final_refine_0p5m,0.5,687.0,432.0,811.5374298207076,1.0,1.0,0.0,1.0,0.261176164454853,0.261176164454853,1.0,0.36507936507936506,0.36507936507936506,72.60708003452244,86.02667707141971,164.90354610222224,178.0006091600116,206.35908537202846,0.0,39.51837642452925,0.09016393442622951,1260,9
final_refine_0p5m,0.5,687.0,432.5,811.8037016422135,1.0,1.0,0.0,1.0,0.2614623991673172,0.2614623991673172,1.0,0.36587301587301585,0.36587301587301585,72.57752102953123,85.97377154419127,164.7441346875484,177.82825469465266,206.13506303660407,0.0,39.49169360707722,0.09016393442622951,1260,9
final_refine_0p5m,0.5,687.0,433.0,812.0701940103454,1.0,1.0,0.0,1.0,0.2614623991673172,0.2614623991673172,1.0,0.36587301587301585,0.36587301587301585,72.54806915501604,85.92103804523703,164.5857475926179,177.65640426355705,205.91171887802895,0.0,39.46504215991044,0.09016393442622951,1260,9
final_refine_0p5m,0.5,687.0,433.5,812.3369067080481,1.0,1.0,0.0,1.0,0.2617486338797814,0.2617486338797814,1.0,0.36666666666666664,0.36666666666666664,72.51872401649462,85.86847535910066,164.43723119338696,177.4850558846956,205.6890500822851,0.0,39.43842203139064,0.09016393442622951,1260,9
final_refine_0p5m,0.5,687.0,434.0,812.603839518372,1.0,1.0,0.0,1.0,0.2617486338797814,0.2617486338797814,1.0,0.36666666666666664,0.36666666666666664,72.48948522138049,85.81608306077285,164.28914092982615,177.31420758630316,205.46705385077078,0.0,39.41183316999608,0.09016393442622951,1260,9
final_refine_0p5m,0.5,687.0,434.5,812.8709922244734,1.0,1.0,0.0,1.0,0.2617486338797814,0.2617486338797814,1.0,0.36666666666666664,0.36666666666666664,72.46035237895818,85.76386086368146,164.14147517893917,177.14385740683392,205.24572740019696,0.0,39.385275524321266,0.09016393442622951,1260,9
final_refine_0p5m,0.5,687.0,435.0,813.1383646096155,1.0,1.0,0.0,1.0,0.2617486338797814,0.2617486338797814,1.0,0.36666666666666664,0.36666666666666664,72.43132510038353,85.71180866789057,163.99423232586471,176.97400339487422,205.0250679624692,0.0,39.358749043076514,0.09016393442622951,1260,9
final_refine_0p5m,0.5,687.0,435.5,813.4059564571678,1.0,1.0,0.0,1.0,0.2617486338797814,0.2617486338797814,1.0,0.36666666666666664,0.36666666666666664,72.40240299866961,85.65992595644485,163.84741076382653,176.80464360908783,204.80507278460567,0.0,39.33225367508761,0.09016393442622951,1260,9
final_refine_0p5m,0.5,687.0,436.0,813.6737675506075,1.0,1.0,0.0,1.0,0.2617486338797814,0.2617486338797814,1.0,0.36666666666666664,0.36666666666666664,72.37358568867006,85.6082114390294,163.70100889408442,176.63577611814856,204.58573912861985,0.0,39.30578936929542,0.09016393442622951,1260,9
final_refine_0p5m,0.5,687.0,436.5,813.9417976735192,1.0,1.0,0.0,1.0,0.2617486338797814,0.2617486338797814,1.0,0.36666666666666664,0.36666666666666664,72.34487278707628,85.55666385431432,163.55502512588046,176.4673990006721,204.3670642714122,0.0,39.27935607475556,0.09016393442622951,1260,9
final_refine_0p5m,0.5,687.0,437.0,814.2100466095957,1.0,1.0,0.0,1.0,0.2617486338797814,0.2617486338797814,1.0,0.36666666666666664,0.36666666666666664,72.3162639124061,85.50528294193981,163.40945787639188,176.29951034516608,204.1490455046872,0.0,39.252953740638006,0.09016393442622951,1260,9
final_refine_0p5m,0.5,687.0,437.5,814.4785141426383,1.0,1.0,0.0,1.0,0.2617486338797814,0.2617486338797814,1.0,0.36666666666666664,0.36666666666666664,72.287758684986,85.45406835318818,163.26430557068093,176.1321082499427,203.9316801348464,0.0,39.22658231622669,0.09016393442622951,1260,9
final_refine_0p5m,0.5,687.0,438.0,814.7472000565574,1.0,1.0,0.0,1.0,0.2617486338797814,0.2617486338797814,1.0,0.36666666666666664,0.36666666666666664,72.25935672694894,85.40301994365494,163.11956664164651,175.9651908230822,203.71496548287604,0.0,39.20024175091923,0.09078844652615145,1260,9
final_refine_0p5m,0.5,687.0,438.5,815.0161041353723,1.0,1.0,0.0,1.0,0.2617486338797814,0.2617486338797814,1.0,0.36666666666666664,0.36666666666666664,72.23105766222118,85.35213732078245,162.97523952997528,175.79875618235178,203.4988988842735,0.0,39.17393199422649,0.09078844652615145,1260,9
final_refine_0p5m,0.5,687.0,439.0,815.2852261632122,1.0,1.0,0.0,1.0,0.2617486338797814,0.2617486338797814,1.0,0.36666666666666664,0.36666666666666664,72.2028611165077,85.30141917006199,162.83132268409125,175.63280245515082,203.2834776889194,0.0,39.14765299577227,0.09078844652615145,1260,9
final_refine_0p5m,0.5,687.0,439.5,815.5545659243163,1.0,1.0,0.0,1.0,0.2617486338797814,0.2617486338797814,1.0,0.36666666666666664,0.36666666666666664,72.17476671728939,85.25086424724114,162.68781456011453,175.46732777844383,203.06869926101092,0.0,39.121404705292896,0.09078844652615145,1260,9
final_refine_0p5m,0.5,687.0,440.0,815.8241232030344,1.0,1.0,0.0,1.0,0.2617486338797814,0.2617486338797814,1.0,0.36666666666666664,0.36666666666666664,72.14677409380705,85.20047232834999,162.54471362180158,175.30233029871482,202.85456097894064,0.0,39.09518707263692,0.09078844652615145,1260,9
final_refine_0p5m,0.5,687.0,440.5,816.0938977838273,1.0,1.0,0.0,1.0,0.2617486338797814,0.2617486338797814,1.0,0.36666666666666664,0.36666666666666664,72.11888287705379,85.15024306577605,162.4020183405106,175.1378081718831,202.64106023521444,0.0,39.06900004776474,0.09078844652615145,1260,9
final_refine_0p5m,0.5,687.0,441.0,816.3638894512667,1.0,1.0,0.0,1.0,0.2617486338797814,0.2617486338797814,1.0,0.36666666666666664,0.36666666666666664,72.09109269976545,85.10017618950117,162.25972719515326,174.97375956326553,202.42819443635884,0.0,39.04284358074825,0.09078844652615145,1260,9
final_refine_0p5m,0.5,687.0,441.5,816.6340979900361,1.0,1.0,0.0,1.0,0.2617486338797814,0.2617486338797814,1.0,0.36666666666666664,0.36666666666666664,72.06340319640942,85.05027159198828,162.11783867213475,174.8101826475039,202.215961002813,0.0,39.016717621770475,0.09078844652615145,1260,9
final_refine_0p5m,0.5,687.0,442.0,816.9045231849313,1.0,1.0,0.0,1.0,0.2617486338797814,0.2617486338797814,1.0,0.36666666666666664,0.36666666666666664,72.03581400317259,85.00052785304072,161.97635126532418,174.6470756085104,202.00435736884904,0.0,38.99062212112524,0.09078844652615145,1260,9
final_refine_0p5m,0.5,687.0,442.5,817.1751648208602,1.0,1.0,0.0,1.0,0.2617486338797814,0.2617486338797814,1.0,0.36666666666666664,0.36666666666666664,72.00832475795707,84.95094375590807,161.8352634760036,174.48443663940316,201.7933809824825,0.0,38.96455702921684,0.09078844652615145,1260,9
final_refine_0p5m,0.5,687.0,443.0,817.4460226828436,1.0,1.0,0.0,1.0,0.2608899297423888,0.2608899297423888,1.0,0.36587301587301585,0.36587301587301585,71.98093510036645,84.9015188104951,161.69457381281353,174.32226394245703,201.5830293053569,0.0,38.93852229655964,0.09141295862607338,1260,9
final_refine_0p5m,0.5,687.0,443.5,817.7170965560155,1.0,1.0,0.0,1.0,0.2608899297423888,0.2608899297423888,1.0,0.36587301587301585,0.36587301587301585,71.95364467169466,84.85225296155733,161.5542807917234,174.1605557290438,201.3732998126828,0.0,38.912517873777766,0.09141295862607338,1260,9
final_refine_0p5m,0.5,687.0,444.0,817.9883862256236,1.0,1.0,0.0,1.0,0.2608899297423888,0.2608899297423888,1.0,0.36587301587301585,0.36587301587301585,71.92645311492281,84.8031457338033,161.41438293597196,173.99931021956456,201.1641899931252,0.0,38.88654371160476,0.09141295862607338,1260,9
final_refine_0p5m,0.5,687.0,444.5,818.2598914770294,1.0,1.0,0.0,1.0,0.2608899297423888,0.2608899297423888,1.0,0.36587301587301585,0.36587301587301585,71.89936007470051,84.75419746243605,161.2748787760323,173.83852564340646,200.955697348733,0.0,38.86059976088325,0.09141295862607338,1260,9
final_refine_0p5m,0.5,687.5,427.5,809.5755060524003,1.0,1.0,0.0,1.0,0.25945875618006764,0.25945875618006764,1.0,0.3603174603174603,0.3603174603174603,72.81167279273072,86.45126636045055,166.2236515767463,179.4342044472122,208.2447847003631,0.0,39.74345815752448,0.09016393442622951,1260,9
final_refine_0p5m,0.5,687.5,428.0,809.8396446210818,1.0,1.0,0.0,1.0,0.2597449908925319,0.2597449908925319,1.0,0.3611111111111111,0.3611111111111111,72.78121944647896,86.3968653795859,166.06003573630485,179.25742981818627,208.0147831282885,0.0,39.716491017586826,0.09016393442622951,1260,9
final_refine_0p5m,0.5,687.5,428.5,810.104005668408,1.0,1.0,0.0,1.0,0.2597449908925319,0.2597449908925319,1.0,0.3611111111111111,0.3611111111111111,72.75087663795507,86.34264219933151,165.89691741409504,179.08117695923013,207.78548501711424,0.0,39.689555731177265,0.09016393442622951,1260,9
final_refine_0p5m,0.5,687.5,429.0,810.3685889766458,1.0,1.0,0.0,1.0,0.2600312256049961,0.2600312256049961,1.0,0.3619047619047619,0.3619047619047619,72.72064395599853,86.28859514963607,165.73429458699823,178.90544379515248,207.55688741253158,0.0,39.66265224555106,0.09016393442622951,1260,9
final_refine_0p5m,0.5,687.5,429.5,810.6333943281636,1.0,1.0,0.0,1.0,0.2600312256049961,0.2600312256049961,1.0,0.3619047619047619,0.3619047619047619,72.6905209914309,86.2347245321941,165.572165242703,178.73022826164444,207.32898737662597,0.0,39.63578050808358,0.09016393442622951,1260,9
final_refine_0p5m,0.5,687.5,430.0,810.8984215054312,1.0,1.0,0.0,1.0,0.2600312256049961,0.2600312256049961,1.0,0.3619047619047619,0.3619047619047619,72.6605073370555,86.18102973158489,165.41052737965765,178.55552830520256,207.10178198773562,0.0,39.608940466269935,0.09016393442622951,1260,9
final_refine_0p5m,0.5,687.5,430.5,811.1636702910208,1.0,1.0,0.0,1.0,0.26031746031746034,0.26031746031746034,1.0,0.3626984126984127,0.3626984126984127,72.63060258763585,86.1275112016846,165.24937900698566,178.3813418830711,206.8752683403648,0.0,39.582132067724594,0.09016393442622951,1260,9
final_refine_0p5m,0.5,687.5,431.0,811.4291404676073,1.0,1.0,0.0,1.0,0.26031746031746034,0.26031746031746034,1.0,0.3626984126984127,0.3626984126984127,72.6008063398907,86.07416710176582,165.08871814441787,178.20766696315937,206.6494435450619,0.0,39.555355260181,0.09016393442622951,1260,9
final_refine_0p5m,0.5,687.5,431.5,811.6948318179684,1.0,1.0,0.0,1.0,0.26060369502992453,0.26060369502992453,1.0,0.3634920634920635,0.3634920634920635,72.5711181924772,86.02099662286192,164.9285428222211,178.03450152397784,206.4243047283091,0.0,39.52860999149115,0.09016393442622951,1260,9
final_refine_0p5m,0.5,687.5,432.0,811.9607441249854,1.0,1.0,0.0,1.0,0.26060369502992453,0.26060369502992453,1.0,0.3634920634920635,0.3634920634920635,72.54153774598635,85.9679984792407,164.7688510811292,177.86184355456564,206.19984903241664,0.0,39.501896209625265,0.09016393442622951,1260,9
final_refine_0p5m,0.5,687.5,432.5,812.2268771716434,1.0,1.0,0.0,1.0,0.2608899297423888,0.2608899297423888,1.0,0.36428571428571427,0.36428571428571427,72.51206460292404,85.91517280213948,164.60964097227316,177.6896910544285,205.97607361540582,0.0,39.47521386267135,0.09016393442622951,1260,9
final_refine_0p5m,0.5,687.5,433.0,812.4932307410321,1.0,1.0,0.0,1.0,0.2608899297423888,0.2608899297423888,1.0,0.36428571428571427,0.36428571428571427,72.4826983677073,85.86251907002767,164.4572293101105,177.51804203346455,205.75297565090995,0.0,39.448562898834865,0.09016393442622951,1260,9
final_refine_0p5m,0.5,687.5,433.5,812.7598046163454,1.0,1.0,0.0,1.0,0.261176164454853,0.261176164454853,1.0,0.36507936507936506,0.36507936507936506,72.45343864664655,85.81003758735156,164.30889315127877,177.34689451190087,205.5305523280706,0.0,39.42194326643834,0.09016393442622951,1260,9
final_refine_0p5m,0.5,687.5,434.0,813.0265985808828,1.0,1.0,0.0,1.0,0.261176164454853,0.261176164454853,1.0,0.36507936507936506,0.36507936507936506,72.42428504793949,85.75772662814718,164.16098265130657,177.17624652021857,205.30880085141217,0.0,39.39535491392096,0.09016393442622951,1260,9
final_refine_0p5m,0.5,687.5,434.5,813.2936124180492,1.0,1.0,0.0,1.0,0.261176164454853,0.261176164454853,1.0,0.36507936507936506,0.36507936507936506,72.39523718165772,85.70558529472312,164.01349618905968,177.00609609910498,205.0877184407557,0.0,39.368797789838254,0.09016393442622951,1260,9
final_refine_0p5m,0.5,687.5,435.0,813.5608459113553,1.0,1.0,0.0,1.0,0.2614623991673172,0.2614623991673172,1.0,0.36587301587301585,0.36587301587301585,72.36629465973554,85.65361255324966,163.86643215152785,176.8364412993607,204.86730233111507,0.0,39.34227184286166,0.09016393442622951,1260,9
final_refine_0p5m,0.5,687.5,435.5,813.8282988444184,1.0,1.0,0.0,1.0,0.2614623991673172,0.2614623991673172,1.0,0.36587301587301585,0.36587301587301585,72.33745709596015,85.6018084297645,163.71978893377207,176.6672801818642,204.6475497725799,0.0,39.315777021778196,0.09016393442622951,1260,9
final_refine_0p5m,0.5,687.5,436.0,814.0959710009625,1.0,1.0,0.0,1.0,0.2617486338797814,0.2617486338797814,1.0,0.36666666666666664,0.36666666666666664,72.30872410596095,85.55017241294864,163.5735649388856,176.49861081748278,204.42845803021598,0.0,39.289313275490066,0.09016393442622951,1260,9
final_refine_0p5m,0.5,687.5,436.5,814.3638621648188,1.0,1.0,0.0,1.0,0.2617486338797814,0.2617486338797814,1.0,0.36666666666666664,0.36666666666666664,72.28009530720068,85.49870482337053,163.42775857793336,176.33043128701826,204.2100243839813,0.0,39.26288055301432,0.09016393442622951,1260,9
final_refine_0p5m,0.5,687.5,437.0,814.6319721199261,1.0,1.0,0.0,1.0,0.2617486338797814,0.2617486338797814,1.0,0.36666666666666664,0.36666666666666664,72.25157031895907,85.44740396578783,163.2823682699002,176.1627396811438,203.99224612859703,0.0,39.23647880348248,0.09016393442622951,1260,9
final_refine_0p5m,0.5,687.5,437.5,814.9003006503311,1.0,1.0,0.0,1.0,0.2617486338797814,0.2617486338797814,1.0,0.36666666666666664,0.36666666666666664,72.2231487623293,85.39626891750942,163.1373924416564,175.9955341003388,203.77512057346854,0.0,39.21010797614012,0.09016393442622951,1260,9
final_refine_0p5m,0.5,687.5,438.0,815.1688475401891,1.0,1.0,0.0,1.0,0.2617486338797814,0.2617486338797814,1.0,0.36666666666666664,0.36666666666666664,72.19483026020028,85.34529876673592,162.99282952788855,175.82881265482987,203.55864504258184,0.0,39.183768020346605,0.09016393442622951,1260,9
final_refine_0p5m,0.5,687.5,438.5,815.437612573764,1.0,1.0,0.0,1.0,0.2617486338797814,0.2617486338797814,1.0,0.36666666666666664,0.36666666666666664,72.16661443725603,85.2944934983354,162.8486779710728,175.66257346452065,203.3428168743995,0.0,39.157458885574655,0.09016393442622951,1260,9
final_refine_0p5m,0.5,687.5,439.0,815.7065955354291,1.0,1.0,0.0,1.0,0.2617486338797814,0.2617486338797814,1.0,0.36666666666666664,0.36666666666666664,72.13850091995269,85.24385252907948,162.70493622140475,175.49681465893673,203.12763342176757,0.0,39.13118052141001,0.09016393442622951,1260,9
final_refine_0p5m,0.5,687.5,439.5,815.975796209667,1.0,1.0,0.0,1.0,0.2617486338797814,0.2617486338797814,1.0,0.36666666666666664,0.36666666666666664,72.11048933652182,85.19337635818133,162.561602736767,175.3315343771598,202.91309205180912,0.0,39.104932877551065,0.09016393442622951,1260,9
final_refine_0p5m,0.5,687.5,440.0,816.2452143810707,1.0,1.0,0.0,1.0,0.2617486338797814,0.2617486338797814,1.0,0.36666666666666664,0.36666666666666664,72.08257931694952,85.14306323864457,162.41867598267666,175.1667307677734,202.69919014585233,0.0,39.078715903808536,0.09016393442622951,1260,9
final_refine_0p5m,0.5,687.5,440.5,816.5148498343432,1.0,1.0,0.0,1.0,0.2617486338797814,0.2617486338797814,1.0,0.36666666666666664,0.36666666666666664,72.05477049297268,85.09291228531768,162.27615443224244,175.00240198878754,202.48592509930228,0.0,39.052529550105056,0.09078844652615145,1260,9
final_refine_0p5m,0.5,687.5,441.0,816.7847023542985,1.0,1.0,0.0,1.0,0.2617486338797814,0.2617486338797814,1.0,0.36666666666666664,0.36666666666666664,72.0270624980625,85.04292258103229,162.1340365661044,174.83854620760562,202.27329432157293,0.0,39.02637376647489,0.09078844652615145,1260,9
final_refine_0p5m,0.5,687.5,441.5,817.0547717258618,1.0,1.0,0.0,1.0,0.2617486338797814,0.2617486338797814,1.0,0.36666666666666664,0.36666666666666664,71.99945496742463,84.99309413232224,161.99232087240335,174.6751616009289,202.06129523597838,0.0,39.00024850306353,0.09078844652615145,1260,9
final_refine_0p5m,0.5,687.5,442.0,817.3250577340694,1.0,1.0,0.0,1.0,0.2617486338797814,0.2617486338797814,1.0,0.36666666666666664,0.36666666666666664,71.97194753797967,84.94342634520197,161.85100584672944,174.51224635473483,201.84992527965488,0.0,38.97415371012736,0.09078844652615145,1260,9
final_refine_0p5m,0.5,687.5,442.5,817.5955601640703,1.0,1.0,0.0,1.0,0.2617486338797814,0.2617486338797814,1.0,0.36666666666666664,0.36666666666666664,71.94453984835633,84.89391963183007,161.7100899920714,174.3497986641867,201.6391819034423,0.0,38.94808933803331,0.09078844652615145,1260,9
final_refine_0p5m,0.5,687.5,443.0,817.8662788011253,1.0,1.0,0.0,1.0,0.2617486338797814,0.2617486338797814,1.0,0.36666666666666664,0.36666666666666664,71.91723153888648,84.84457253777659,161.56957181877812,174.18781673359842,201.42906257181932,0.0,38.92205533725854,0.09078844652615145,1260,9
final_refine_0p5m,0.5,687.5,443.5,818.1372134306079,1.0,1.0,0.0,1.0,0.2617486338797814,0.2617486338797814,1.0,0.36666666666666664,0.36666666666666664,71.89002225158647,84.79538418724071,161.42944984450534,174.02629877636187,201.21956476280593,0.0,38.896051658390014,0.09078844652615145,1260,9
final_refine_0p5m,0.5,687.5,444.0,818.4083638380048,1.0,1.0,0.0,1.0,0.2617486338797814,0.2617486338797814,1.0,0.36666666666666664,0.36666666666666664,71.862911630155,84.7463531662677,161.2897225941847,173.86524301489814,201.0106859678553,0.0,38.870078252124245,0.09078844652615145,1260,9
final_refine_0p5m,0.5,687.5,444.5,818.6797298089161,1.0,1.0,0.0,1.0,0.2617486338797814,0.2617486338797814,1.0,0.36666666666666664,0.36666666666666664,71.83589931996175,84.69747986426708,161.15038859996034,173.70464768059585,200.80242369179047,0.0,38.844135069266905,0.09078844652615145,1260,9
final_refine_0p5m,0.5,688.0,427.5,810.0001543209729,1.0,1.0,0.0,1.0,0.2588862867551392,0.2588862867551392,1.0,0.35873015873015873,0.35873015873015873,72.74540967624868,86.39190939334311,166.08719293119995,179.29366720583602,208.08337214318323,0.0,39.72694238573079,0.09016393442622951,1260,9
final_refine_0p5m,0.5,688.0,428.0,810.2641544582852,1.0,1.0,0.0,1.0,0.25917252146760345,0.25917252146760345,1.0,0.3595238095238095,0.3595238095238095,72.71504414943215,86.33759012206669,165.92378348018624,179.1170995310502,207.85362401713405,0.0,39.69997565188585,0.09016393442622951,1260,9
final_refine_0p5m,0.5,688.0,428.5,810.52837704796,1.0,1.0,0.0,1.0,0.25917252146760345,0.25917252146760345,1.0,0.3595238095238095,0.3595238095238095,72.68478893059917,86.28344920292066,165.7608709602989,178.94105305071562,207.62457859893524,0.0,39.673040784638154,0.09016393442622951,1260,9
final_refine_0p5m,0.5,688.0,429.0,810.7928218725176,1.0,1.0,0.0,1.0,0.25945875618006764,0.25945875618006764,1.0,0.3603174603174603,0.3603174603174603,72.65464360940854,86.22948560974423,165.59845335086425,178.76552569201436,207.39623293759382,0.0,39.6461377312032,0.09016393442622951,1260,9
final_refine_0p5m,0.5,688.0,429.5,811.0574887145793,1.0,1.0,0.0,1.0,0.25945875618006764,0.25945875618006764,1.0,0.3603174603174603,0.3603174603174603,72.62460777750766,86.17569823308368,165.43652864202846,178.59051539299193,207.16858409849365,0.0,39.619266438916696,0.09016393442622951,1260,9
final_refine_0p5m,0.5,688.0,430.0,811.322377356868,1.0,1.0,0.0,1.0,0.25945875618006764,0.25945875618006764,1.0,0.3603174603174603,0.3603174603174603,72.59468102851095,86.1220857319646,165.27509483466923,178.41602010249247,206.9416291632544,0.0,39.59242685523423,0.09016393442622951,1260,9
final_refine_0p5m,0.5,688.0,430.5,811.5874875822076,1.0,1.0,0.0,1.0,0.2597449908925319,0.2597449908925319,1.0,0.3611111111111111,0.3611111111111111,72.56486295799515,86.06864782030127,165.11414994032836,178.24203778009075,206.71536522963987,0.0,39.56561892773081,0.09016393442622951,1260,9
final_refine_0p5m,0.5,688.0,431.0,811.8528191735248,1.0,1.0,0.0,1.0,0.2597449908925319,0.2597449908925319,1.0,0.3611111111111111,0.3611111111111111,72.53515316348758,86.01538412455655,164.9536919811399,178.06856639600986,206.48978941144443,0.0,39.538842604100545,0.09016393442622951,1260,9
final_refine_0p5m,0.5,688.0,431.5,812.1183719138485,1.0,1.0,0.0,1.0,0.2600312256049961,0.2600312256049961,1.0,0.3619047619047619,0.3619047619047619,72.50555124445246,85.9622948888946,164.79371898976447,177.89560393106964,206.2648988383689,0.0,39.5120978321562,0.09016393442622951,1260,9
final_refine_0p5m,0.5,688.0,432.0,812.3841455863106,1.0,1.0,0.0,1.0,0.2600312256049961,0.2600312256049961,1.0,0.3619047619047619,0.3619047619047619,72.4760568022787,85.90937886876902,164.63422900931315,177.72314837660107,206.04069065593018,0.0,39.48538455982887,0.09016393442622951,1260,9
final_refine_0p5m,0.5,688.0,432.5,812.6501399741466,1.0,1.0,0.0,1.0,0.26031746031746034,0.26031746031746034,1.0,0.3626984126984127,0.3626984126984127,72.44666944027244,85.85663510701515,164.47736039950354,177.55119773438926,205.81716202533053,0.0,39.458702735167556,0.09016393442622951,1260,9
final_refine_0p5m,0.5,688.0,433.0,812.9163548606954,1.0,1.0,0.0,1.0,0.26031746031746034,0.26031746031746034,1.0,0.3626984126984127,0.3626984126984127,72.41738876364327,85.80406213947948,164.32877757599022,177.37975001660098,205.59431012337734,0.0,39.43205230633878,0.09016393442622951,1260,9
final_refine_0p5m,0.5,688.0,433.5,813.1827900294005,1.0,1.0,0.0,1.0,0.26060369502992453,0.26060369502992453,1.0,0.3634920634920635,0.3634920634920635,72.3882143794906,85.75165999470511,164.18062156225642,177.2088032457126,205.37213214234785,0.0,39.40543322162627,0.09016393442622951,1260,9
final_refine_0p5m,0.5,688.0,434.0,813.4494452638098,1.0,1.0,0.0,1.0,0.26060369502992453,0.26060369502992453,1.0,0.3634920634920635,0.3634920634920635,72.35914589680165,85.69942816425474,164.03289073085506,177.03835545445895,205.1506252899077,0.0,39.378845429430505,0.09016393442622951,1260,9
final_refine_0p5m,0.5,688.0,434.5,813.7163203475767,1.0,1.0,0.0,1.0,0.26060369502992453,0.26060369502992453,1.0,0.3634920634920635,0.3634920634920635,72.33018292642733,85.64736693678528,163.8855834625135,176.86840468574496,204.92978678899073,0.0,39.352288878268396,0.09016393442622951,1260,9
final_refine_0p5m,0.5,688.0,435.0,813.9834150644595,1.0,1.0,0.0,1.0,0.2608899297423888,0.2608899297423888,1.0,0.36428571428571427,0.36428571428571427,72.30132508108534,85.59547501614895,163.73869814606468,176.6989489926032,204.70961387769208,0.0,39.32576351677288,0.09016393442622951,1260,9
final_refine_0p5m,0.5,688.0,435.5,814.2507291983226,1.0,1.0,0.0,1.0,0.2608899297423888,0.2608899297423888,1.0,0.36428571428571427,0.36428571428571427,72.27257197533815,85.54375149802208,163.5922331784191,176.52998643810673,204.49010380918796,0.0,39.29926929369258,0.09016393442622951,1260,9
final_refine_0p5m,0.5,688.0,436.0,814.5182625331369,1.0,1.0,0.0,1.0,0.261176164454853,0.261176164454853,1.0,0.36507936507936506,0.36507936507936506,72.24392322558798,85.49219490358753,163.4461869644901,176.36151509532178,204.27125385159783,0.0,39.27280615789141,0.09016393442622951,1260,9
final_refine_0p5m,0.5,688.0,436.5,814.7860148529796,1.0,1.0,0.0,1.0,0.261176164454853,0.261176164454853,1.0,0.36507936507936506,0.36507936507936506,72.21537845006436,85.4408054008103,163.30055791716387,176.1935330472355,204.05306128791972,0.0,39.24637405834821,0.09016393442622951,1260,9
final_refine_0p5m,0.5,688.0,437.0,815.0539859420356,1.0,1.0,0.0,1.0,0.2614623991673172,0.2614623991673172,1.0,0.36587301587301585,0.36587301587301585,72.18693726881538,85.38958242564712,163.15534445724447,176.02603838668634,203.83552341590055,0.0,39.2199729441564,0.09016393442622951,1260,9
final_refine_0p5m,0.5,688.0,437.5,815.3221755845967,1.0,1.0,0.0,1.0,0.2614623991673172,0.2614623991673172,1.0,0.36587301587301585,0.36587301587301585,72.15859930369423,85.3385262285082,163.0105450133924,175.8590292163184,203.61863754795309,0.0,39.19360276452359,0.09016393442622951,1260,9
final_refine_0p5m,0.5,688.0,438.0,815.590583565063,1.0,1.0,0.0,1.0,0.2614623991673172,0.2614623991673172,1.0,0.36587301587301585,0.36587301587301585,72.13036417835242,85.28763562536412,162.8661580220972,175.69250364850305,203.40240101104436,0.0,39.16726346877124,0.09016393442622951,1260,9
final_refine_0p5m,0.5,688.0,438.5,815.8592096679427,1.0,1.0,0.0,1.0,0.2617486338797814,0.2617486338797814,1.0,0.36666666666666664,0.36666666666666664,72.10223151822431,85.23690969395325,162.72218192760545,175.526459805276,203.1868111466098,0.0,39.14095500633428,0.09016393442622951,1260,9
final_refine_0p5m,0.5,688.0,439.0,816.1280536778527,1.0,1.0,0.0,1.0,0.2617486338797814,0.2617486338797814,1.0,0.36666666666666664,0.36666666666666664,72.07420095052261,85.18634696685902,162.57861518189557,175.3608958182919,202.97186531045182,0.0,39.11467732676076,0.09016393442622951,1260,9
final_refine_0p5m,0.5,688.0,439.5,816.3971153795192,1.0,1.0,0.0,1.0,0.2617486338797814,0.2617486338797814,1.0,0.36666666666666664,0.36666666666666664,72.04627210422422,85.13594766001562,162.43545624461274,175.19580982874328,202.75756087263275,0.0,39.08843037971149,0.09016393442622951,1260,9
final_refine_0p5m,0.5,688.0,440.0,816.6663945577778,1.0,1.0,0.0,1.0,0.2617486338797814,0.2617486338797814,1.0,0.36666666666666664,0.36666666666666664,72.01844461006105,85.08571120477575,162.29270358302767,175.03119998730932,202.54389521739247,0.0,39.06221411495968,0.09016393442622951,1260,9
final_refine_0p5m,0.5,688.0,440.5,816.9358909975739,1.0,1.0,0.0,1.0,0.2617486338797814,0.2617486338797814,1.0,0.36666666666666664,0.36666666666666664,71.99071810051336,85.03563773209675,162.1503556719944,174.86706445410226,202.33086574304906,0.0,39.036028482390606,0.09016393442622951,1260,9
final_refine_0p5m,0.5,688.0,441.0,817.2056044839634,1.0,1.0,0.0,1.0,0.2617486338797814,0.2617486338797814,1.0,0.36666666666666664,0.36666666666666664,71.96309220979128,84.98572633080443,162.00841099389004,174.70340139859522,202.1184698618982,0.0,39.009873432001214,0.09016393442622951,1260,9
final_refine_0p5m,0.5,688.0,441.5,817.4755348021126,1.0,1.0,0.0,1.0,0.2617486338797814,0.2617486338797814,1.0,0.36666666666666664,0.36666666666666664,71.93556657383446,84.93597597914312,161.8668680385833,174.54020899956123,201.9067050001271,0.0,38.983748913899824,0.09016393442622951,1260,9
final_refine_0p5m,0.5,688.0,442.0,817.745681737299,1.0,1.0,0.0,1.0,0.2617486338797814,0.2617486338797814,1.0,0.36666666666666664,0.36666666666666664,71.9081408302956,84.88638528294949,161.72572530338525,174.3774854450326,201.69556859772436,0.0,38.95765487830571,0.09016393442622951,1260,9
final_refine_0p5m,0.5,688.0,442.5,818.0160450749117,1.0,1.0,0.0,1.0,0.2617486338797814,0.2617486338797814,1.0,0.36666666666666664,0.36666666666666664,71.88081461853477,84.83695438015134,161.5849812929923,174.21522893221822,201.48505810836926,0.0,38.93159127554884,0.09016393442622951,1260,9
final_refine_0p5m,0.5,688.0,443.0,818.2866246004513,1.0,1.0,0.0,1.0,0.2617486338797814,0.2617486338797814,1.0,0.36666666666666664,0.36666666666666664,71.85358757960543,84.78768275964278,161.44463451945472,174.05343766746782,201.2751709993631,0.0,38.90555805606944,0.09078844652615145,1260,9
final_refine_0p5m,0.5,688.0,443.5,818.557420099531,1.0,1.0,0.0,1.0,0.2617486338797814,0.2617486338797814,1.0,0.36666666666666664,0.36666666666666664,71.82645935624991,84.73857035321345,161.30468350212246,173.89210986619722,201.06590475152967,0.0,38.8795551704177,0.09078844652615145,1260,9
final_refine_0p5m,0.5,688.0,444.0,818.8284313578761,1.0,1.0,0.0,1.0,0.2617486338797814,0.2617486338797814,1.0,0.36666666666666664,0.36666666666666664,71.79942959288582,84.68961668037682,161.16512676761013,173.73124375283993,200.8572568591124,0.0,38.85358256925344,0.09078844652615145,1260,9
final_refine_0p5m,0.5,688.0,444.5,819.0996581613254,1.0,1.0,0.0,1.0,0.2617486338797814,0.2617486338797814,1.0,0.36666666666666664,0.36666666666666664,71.77249793559697,84.64082053982702,161.02596284973774,173.5708375607906,200.64922482971224,0.0,38.82764020334573,0.09078844652615145,1260,9
final_refine_0p5m,0.5,688.5,427.5,810.4248885615496,1.0,1.0,0.0,1.0,0.25831381733021075,0.25831381733021075,1.0,0.35714285714285715,0.35714285714285715,72.67920865323903,86.33261304583625,165.95080826618727,179.15320136985713,207.92203875112506,0.0,39.71039469445489,0.09016393442622951,1260,9
final_refine_0p5m,0.5,688.5,428.0,810.688750384511,1.0,1.0,0.0,1.0,0.258600052042675,0.258600052042675,1.0,0.35793650793650794,0.35793650793650794,72.64893086345829,86.27837750690108,165.78760508833864,178.97684053892428,207.6925439349372,0.0,39.683428419607736,0.09016393442622951,1260,9
final_refine_0p5m,0.5,688.5,428.5,810.9528346334329,1.0,1.0,0.0,1.0,0.258600052042675,0.258600052042675,1.0,0.35793650793650794,0.35793650793650794,72.6187631520822,86.22431843327702,165.62489825487552,178.80100032718036,207.4637510740179,0.0,39.656494024306355,0.09016393442622951,1260,9
final_refine_0p5m,0.5,688.5,429.0,811.2171410910892,1.0,1.0,0.0,1.0,0.258600052042675,0.258600052042675,1.0,0.35793650793650794,0.35793650793650794,72.58870510959238,86.17043602071287,165.46268574759125,178.62567866417726,207.23565722070512,0.0,39.62959145572685,0.09016393442622951,1260,9
final_refine_0p5m,0.5,688.5,429.5,811.4816695403538,1.0,1.0,0.0,1.0,0.2588862867551392,0.2588862867551392,1.0,0.35873015873015873,0.35873015873015873,72.55875632845279,86.11673003343081,165.3009655590659,178.45087349031704,207.00825944367014,0.0,39.602720661165705,0.09016393442622951,1260,9
final_refine_0p5m,0.5,688.5,430.0,811.746419764202,1.0,1.0,0.0,1.0,0.2588862867551392,0.2588862867551392,1.0,0.35873015873015873,0.35873015873015873,72.52891640309643,86.0632001637221,165.1397356926152,178.2765827567812,206.78155482781355,0.0,39.57588158803931,0.09016393442622951,1260,9
final_refine_0p5m,0.5,688.5,430.5,812.0113915457098,1.0,1.0,0.0,1.0,0.25917252146760345,0.25917252146760345,1.0,0.3595238095238095,0.3595238095238095,72.49918492991128,86.00984494784686,164.97899416219275,178.10280442547636,206.55554047415822,0.0,39.549074183883654,0.09016393442622951,1260,9
final_refine_0p5m,0.5,688.5,431.0,812.2765846680551,1.0,1.0,0.0,1.0,0.25917252146760345,0.25917252146760345,1.0,0.3595238095238095,0.3595238095238095,72.46956150723281,85.95666336798091,164.8187389923373,177.92953646894225,206.33021349973075,0.0,39.52229839635387,0.09016393442622951,1260,9
final_refine_0p5m,0.5,688.5,431.5,812.5419989145176,1.0,1.0,0.0,1.0,0.25945875618006764,0.25945875618006764,1.0,0.3603174603174603,0.3603174603174603,72.44004573532678,85.90365454906889,164.6589682181011,177.7567768703023,206.1055710374611,0.0,39.495554173223894,0.09016393442622951,1260,9
final_refine_0p5m,0.5,688.5,432.0,812.80763406848,1.0,1.0,0.0,1.0,0.25945875618006764,0.25945875618006764,1.0,0.3603174603174603,0.3603174603174603,72.41063721638481,85.85081841570373,164.49967988496618,177.58452362317638,205.88161023606378,0.0,39.46884146238607,0.09016393442622951,1260,9
final_refine_0p5m,0.5,688.5,432.5,813.0734899134272,1.0,1.0,0.0,1.0,0.2597449908925319,0.2597449908925319,1.0,0.3611111111111111,0.3611111111111111,72.38133555451083,85.79815483230148,164.34879468470743,177.4127747316284,205.65832825992467,0.0,39.442160211850734,0.09016393442622951,1260,9
final_refine_0p5m,0.5,688.5,433.0,813.339566232948,1.0,1.0,0.0,1.0,0.2597449908925319,0.2597449908925319,1.0,0.3611111111111111,0.3611111111111111,72.35214035570615,85.7456633292958,164.20039238913003,177.2415282100883,205.4357222890132,0.0,39.41551036974591,0.09016393442622951,1260,9
final_refine_0p5m,0.5,688.5,433.5,813.6058628107347,1.0,1.0,0.0,1.0,0.2600312256049961,0.2600312256049961,1.0,0.3619047619047619,0.3619047619047619,72.32305122786244,85.69334256404947,164.05241642522253,177.0707820832946,205.21378951875747,0.0,39.388891884316855,0.09016393442622951,1260,9
final_refine_0p5m,0.5,688.5,434.0,813.8723794305837,1.0,1.0,0.0,1.0,0.2600312256049961,0.2600312256049961,1.0,0.3619047619047619,0.3619047619047619,72.29406778075058,85.64119142423567,163.90486516740273,176.9005343862163,204.99252715994572,0.0,39.36230470392573,0.09016393442622951,1260,9
final_refine_0p5m,0.5,688.5,434.5,814.1391158763962,1.0,1.0,0.0,1.0,0.2600312256049961,0.2600312256049961,1.0,0.3619047619047619,0.3619047619047619,72.26518962600673,85.58920929849978,163.75773699825783,176.73078316399005,204.7719324386215,0.0,39.33574877705121,0.09016393442622951,1260,9
final_refine_0p5m,0.5,688.5,435.0,814.4060719321781,1.0,1.0,0.0,1.0,0.26031746031746034,0.26031746031746034,1.0,0.3626984126984127,0.3626984126984127,72.23641637712439,85.53739600042428,163.61103030846655,176.56152647186084,204.55200259597743,0.0,39.309224052288094,0.09016393442622951,1260,9
final_refine_0p5m,0.5,688.5,435.5,814.6732473820409,1.0,1.0,0.0,1.0,0.26031746031746034,0.26031746031746034,1.0,0.3626984126984127,0.3626984126984127,72.2077476494449,85.48575141087458,163.4647434967781,176.39276237511137,204.33273488824992,0.0,39.28273047834699,0.09016393442622951,1260,9
final_refine_0p5m,0.5,688.5,436.0,814.9406420102018,1.0,1.0,0.0,1.0,0.26060369502992453,0.26060369502992453,1.0,0.3634920634920635,0.3634920634920635,72.17918306014035,85.43427506410082,163.31887496993616,176.2244889489989,204.11412658663053,0.0,39.256268004053865,0.09016393442622951,1260,9
final_refine_0p5m,0.5,688.5,436.5,815.2082556009844,1.0,1.0,0.0,1.0,0.26060369502992453,0.26060369502992453,1.0,0.3634920634920635,0.3634920634920635,72.15072222821067,85.3829656544599,163.17342314264693,176.0567042786872,203.89617497714545,0.0,39.22983657834974,0.09016393442622951,1260,9
final_refine_0p5m,0.5,688.5,437.0,815.4760879388188,1.0,1.0,0.0,1.0,0.2608899297423888,0.2608899297423888,1.0,0.36428571428571427,0.36428571428571427,72.1223647744685,85.331822038919,163.0283864375196,175.88940645919283,203.67887736056264,0.0,39.2034361502903,0.09016393442622951,1260,9
final_refine_0p5m,0.5,688.5,437.5,815.7441388082418,1.0,1.0,0.0,1.0,0.2608899297423888,0.2608899297423888,1.0,0.36428571428571427,0.36428571428571427,72.0941103215285,85.28084373979847,162.88376328501852,175.72259359531284,203.46223105229768,0.0,39.17706666904553,0.09016393442622951,1260,9
final_refine_0p5m,0.5,688.5,438.0,816.0124079938981,1.0,1.0,0.0,1.0,0.2608899297423888,0.2608899297423888,1.0,0.36428571428571427,0.36428571428571427,72.06595849380011,85.2300305237722,162.73955212341735,175.55626380156036,203.24623338230526,0.0,39.15072808389935,0.09016393442622951,1260,9
final_refine_0p5m,0.5,688.5,438.5,816.2808952805401,1.0,1.0,0.0,1.0,0.261176164454853,0.261176164454853,1.0,0.36507936507936506,0.36507936507936506,72.03790891747286,85.17938220597199,162.59575139875463,175.3904152021089,203.03088169499367,0.0,39.12442034424927,0.09016393442622951,1260,9
final_refine_0p5m,0.5,688.5,439.0,816.5496004530282,1.0,1.0,0.0,1.0,0.261176164454853,0.261176164454853,1.0,0.36507936507936506,0.36507936507936506,72.00996122051271,85.1288984871028,162.4523595647728,175.22504593073563,202.8161733491064,0.0,39.098143399606,0.09016393442622951,1260,9
final_refine_0p5m,0.5,688.5,439.5,816.8185232963317,1.0,1.0,0.0,1.0,0.2614623991673172,0.2614623991673172,1.0,0.36587301587301585,0.36587301587301585,71.9821150326436,85.07857801597682,162.3093750828823,175.06015413074488,202.60210571765296,0.0,39.071897199593124,0.09016393442622951,1260,9
final_refine_0p5m,0.5,688.5,440.0,817.0876635955287,1.0,1.0,0.0,1.0,0.2614623991673172,0.2614623991673172,1.0,0.36587301587301585,0.36587301587301585,71.95436998534288,85.02841968146268,162.16679642210784,174.89573795491506,202.3886761877849,0.0,39.04568169394672,0.09016393442622951,1260,9
final_refine_0p5m,0.5,688.5,440.5,817.3570211358069,1.0,1.0,0.0,1.0,0.2617486338797814,0.2617486338797814,1.0,0.36666666666666664,0.36666666666666664,71.9267257118311,84.97842301200926,162.0246220590453,174.73179556544633,202.1758821607206,0.0,39.019496832515024,0.09016393442622951,1260,9
final_refine_0p5m,0.5,688.5,441.0,817.6265957024636,1.0,1.0,0.0,1.0,0.2617486338797814,0.2617486338797814,1.0,0.36666666666666664,0.36666666666666664,71.89918184705732,84.92858779028668,161.88285047781497,174.56832513388895,201.96372105164355,0.0,38.99334256525805,0.09016393442622951,1260,9
final_refine_0p5m,0.5,688.5,441.5,817.8963870809065,1.0,1.0,0.0,1.0,0.2617486338797814,0.2617486338797814,1.0,0.36666666666666664,0.36666666666666664,71.87173802769647,84.87891368502795,161.74148017000394,174.40532484108238,201.75219028960913,0.0,38.96721884224726,0.09016393442622951,1260,9
final_refine_0p5m,0.5,688.5,442.0,818.1663950566535,1.0,1.0,0.0,1.0,0.2617486338797814,0.2617486338797814,1.0,0.36666666666666664,0.36666666666666664,71.8443938921323,84.82940072307672,161.60050963464562,174.24279287711522,201.54128731745297,0.0,38.941125613665214,0.09016393442622951,1260,9
final_refine_0p5m,0.5,688.5,442.5,818.4366194153338,1.0,1.0,0.0,1.0,0.2617486338797814,0.2617486338797814,1.0,0.36666666666666664,0.36666666666666664,71.81714908045412,84.78004742668851,161.45993737814106,174.08072744124013,201.33100959169823,0.0,38.9150628298052,0.09016393442622951,1260,9
final_refine_0p5m,0.5,688.5,443.0,818.7070599426879,1.0,1.0,0.0,1.0,0.2617486338797814,0.2617486338797814,1.0,0.36666666666666664,0.36666666666666664,71.79000323444038,84.73085277808336,161.31976191424647,173.91912674184144,201.12135458246348,0.0,38.889030441070936,0.09016393442622951,1260,9
final_refine_0p5m,0.5,688.5,443.5,818.9777164245679,1.0,1.0,0.0,1.0,0.2617486338797814,0.2617486338797814,1.0,0.36666666666666664,0.36666666666666664,71.76295599755437,84.68181618670302,161.17998176400252,173.75798899635436,200.9123197733746,0.0,38.86302839797614,0.09016393442622951,1260,9
final_refine_0p5m,0.5,688.5,444.0,819.2485886469381,1.0,1.0,0.0,1.0,0.2617486338797814,0.2617486338797814,1.0,0.36666666666666664,0.36666666666666664,71.7360070149339,84.63293751295323,161.0405954557004,173.5973124312247,200.7039026614682,0.0,38.83705665114426,0.09016393442622951,1260,9
final_refine_0p5m,0.5,688.5,444.5,819.5196763958752,1.0,1.0,0.0,1.0,0.2617486338797814,0.2617486338797814,1.0,0.36666666666666664,0.36666666666666664,71.70915593337655,84.58421619998087,160.90160152484327,173.4370952818487,200.4961007571095,0.0,38.81111515130811,0.09016393442622951,1260,9
final_refine_0p5m,0.5,689.0,431.5,812.9657126841205,1.0,1.0,0.0,1.0,0.2588862867551392,0.2588862867551392,1.0,0.35873015873015873,0.35873015873015873,72.37460167815148,85.84507387765333,164.52429050542042,177.61802033871962,205.94632131905348,0.0,39.478979002019116,0.09016393442622951,1260,9
final_refine_0p5m,0.5,689.0,432.0,813.2312094355455,1.0,1.0,0.0,1.0,0.2588862867551392,0.2588862867551392,1.0,0.35873015873015873,0.35873015873015873,72.34527900130767,85.79231962420597,164.36894496053185,177.44596929136762,205.7226077663308,0.0,39.45226690466036,0.09016393442622951,1260,9
final_refine_0p5m,0.5,689.0,432.5,813.4969268534454,1.0,1.0,0.0,1.0,0.25917252146760345,0.25917252146760345,1.0,0.3595238095238095,0.3595238095238095,72.31606295859234,85.73973632297165,164.2202956116087,177.27442204325882,205.49957231274908,0.0,39.42558628012296,0.09016393442622951,1260,9
final_refine_0p5m,0.5,689.0,433.0,813.7628647216584,1.0,1.0,0.0,1.0,0.25917252146760345,0.25917252146760345,1.0,0.3595238095238095,0.3595238095238095,72.28695315680109,85.68732419356186,164.07207374843583,177.10337661108449,205.27721214143452,0.0,39.39893707649674,0.09016393442622951,1260,9
final_refine_0p5m,0.5,689.0,433.5,814.0290228241251,1.0,1.0,0.0,1.0,0.25945875618006764,0.25945875618006764,1.0,0.3603174603174603,0.3603174603174603,72.2579492046156,85.63508271168561,163.92427773910657,176.9328310218292,205.0555244509557,0.0,39.37231924198893,0.09016393442622951,1260,9
final_refine_0p5m,0.5,689.0,434.0,814.2954009448905,1.0,1.0,0.0,1.0,0.25945875618006764,0.25945875618006764,1.0,0.3603174603174603,0.3603174603174603,72.2290507125917,85.58301220041857,163.77690595990927,176.76278331270728,204.83450645522953,0.0,39.345732724923714,0.09016393442622951,1260,9
final_refine_0p5m,0.5,689.0,434.5,814.5619988681034,1.0,1.0,0.0,1.0,0.25945875618006764,0.25945875618006764,1.0,0.3603174603174603,0.3603174603174603,72.20025729314806,85.53111093497094,163.62995679527612,176.5932315310837,204.6141553834039,0.0,39.3191774737419,0.09016393442622951,1260,9
final_refine_0p5m,0.5,689.0,435.0,814.8288163780169,1.0,1.0,0.0,1.0,0.2597449908925319,0.2597449908925319,1.0,0.3611111111111111,0.3611111111111111,72.17156856055738,85.47937812446827,163.48342863774417,176.4241737344172,204.39446847975975,0.0,39.29265343700056,0.09016393442622951,1260,9
final_refine_0p5m,0.5,689.0,435.5,815.0958532589895,1.0,1.0,0.0,1.0,0.2597449908925319,0.2597449908925319,1.0,0.3611111111111111,0.3611111111111111,72.14298413093466,85.42781254112758,163.337319887894,176.2556079901957,204.17544300361328,0.0,39.266160563372594,0.09016393442622951,1260,9
final_refine_0p5m,0.5,689.0,436.0,815.3631092954844,1.0,1.0,0.0,1.0,0.2600312256049961,0.2600312256049961,1.0,0.3619047619047619,0.3619047619047619,72.1145036222252,85.37641431484799,163.19162895429452,176.08753237586112,203.95707622920185,0.0,39.23969880164643,0.09016393442622951,1260,9
final_refine_0p5m,0.5,689.0,436.5,815.630584272071,1.0,1.0,0.0,1.0,0.2600312256049961,0.2600312256049961,1.0,0.3619047619047619,0.3619047619047619,72.08612665419724,85.32518290993814,163.04635425347257,175.91994497876294,203.7393654455853,0.0,39.213268100725635,0.09016393442622951,1260,9
final_refine_0p5m,0.5,689.0,437.0,815.8982779734248,1.0,1.0,0.0,1.0,0.26031746031746034,0.26031746031746034,1.0,0.3626984126984127,0.3626984126984127,72.05785284842621,85.27411870833295,162.90149420984577,175.75284389608012,203.52230795655464,0.0,39.18686840962852,0.09016393442622951,1260,9
final_refine_0p5m,0.5,689.0,437.5,816.1661901843275,1.0,1.0,0.0,1.0,0.26031746031746034,0.26031746031746034,1.0,0.3626984126984127,0.3626984126984127,72.02968182828901,85.22321999426508,162.75704725567596,175.5862272347688,203.30590108052533,0.0,39.1604996774878,0.09016393442622951,1260,9
final_refine_0p5m,0.5,689.0,438.0,816.4343206896682,1.0,1.0,0.0,1.0,0.26031746031746034,0.26031746031746034,1.0,0.3626984126984127,0.3626984126984127,72.00161321895462,85.17248596692761,162.61301183102697,175.42009311148476,203.09014215043723,0.0,39.134161853550225,0.09016393442622951,1260,9
final_refine_0p5m,0.5,689.0,438.5,816.7026692744429,1.0,1.0,0.0,1.0,0.26060369502992453,0.26060369502992453,1.0,0.3634920634920635,0.3634920634920635,71.97364664736594,85.12191548980408,162.46938638371645,175.25443965253834,202.87502851366006,0.0,39.107854887176245,0.09016393442622951,1260,9
final_refine_0p5m,0.5,689.0,439.0,816.9712357237554,1.0,1.0,0.0,1.0,0.26060369502992453,0.26060369502992453,1.0,0.3634920634920635,0.3634920634920635,71.94578174223933,85.07150866675943,162.32616936926013,175.08926499381792,202.66055753189463,0.0,39.08157872783959,0.09016393442622951,1260,9
final_refine_0p5m,0.5,689.0,439.5,817.240019822818,1.0,1.0,0.0,1.0,0.2608899297423888,0.2608899297423888,1.0,0.36428571428571427,0.36428571428571427,71.9180181340479,85.0212648913917,162.1833592508243,174.92456728074552,202.4467265810715,0.0,39.05533332512698,0.09016393442622951,1260,9
final_refine_0p5m,0.5,689.0,440.0,817.5090213569512,1.0,1.0,0.0,1.0,0.2608899297423888,0.2608899297423888,1.0,0.36428571428571427,0.36428571428571427,71.89035545501233,84.97118469909556,162.04095449919242,174.76034466820082,202.2335330512706,0.0,39.0291186287377,0.09016393442622951,1260,9
final_refine_0p5m,0.5,689.0,440.5,817.7782401115843,1.0,1.0,0.0,1.0,0.261176164454853,0.261176164454853,1.0,0.36507936507936506,0.36507936507936506,71.86279333909428,84.92126636810808,161.8989535927006,174.5965953204626,202.02097434660112,0.0,39.00293458848329,0.09016393442622951,1260,9
final_refine_0p5m,0.5,689.0,441.0,818.0476758722563,1.0,1.0,0.0,1.0,0.261176164454853,0.261176164454853,1.0,0.36507936507936506,0.36507936507936506,71.8353314219811,84.871509127565,161.75735501720456,174.43331741115855,201.80904788513666,0.0,38.97678115428721,0.09016393442622951,1260,9
final_refine_0p5m,0.5,689.0,441.5,818.3173284246155,1.0,1.0,0.0,1.0,0.261176164454853,0.261176164454853,1.0,0.36507936507936506,0.36507936507936506,71.8079693410819,84.82191180552486,161.61615726601678,174.27050912319902,201.59775109879388,0.0,38.95065827618442,0.09016393442622951,1260,9
final_refine_0p5m,0.5,689.0,442.0,818.5871975544206,1.0,1.0,0.0,1.0,0.2614623991673172,0.2614623991673172,1.0,0.36587301587301585,0.36587301587301585,71.78070673551305,84.77247454231076,161.4753588398867,174.1081686487165,201.38708143325778,0.0,38.92456590432108,0.09016393442622951,1260,9
final_refine_0p5m,0.5,689.0,442.5,818.8572830475406,1.0,1.0,0.0,1.0,0.2614623991673172,0.2614623991673172,1.0,0.36587301587301585,0.36587301587301585,71.7535432460895,84.72319674909137,161.3349582469251,173.94629418901744,201.17703634789044,0.0,38.89850398895418,0.09016393442622951,1260,9
final_refine_0p5m,0.5,689.0,443.0,819.1275846899554,1.0,1.0,0.0,1.0,0.2617486338797814,0.2617486338797814,1.0,0.36666666666666664,0.36666666666666664,71.72647851531656,84.67407876813131,161.19495400258444,173.78488395450918,200.96761331562257,0.0,38.872472480451236,0.09016393442622951,1260,9
final_refine_0p5m,0.5,689.0,443.5,819.398102267756,1.0,1.0,0.0,1.0,0.2617486338797814,0.2617486338797814,1.0,0.36666666666666664,0.36666666666666664,71.6995121873787,84.6251192964291,161.05534462959577,173.62393616465644,200.75880982288098,0.0,38.84647132928986,0.09016393442622951,1260,9
final_refine_0p5m,0.5,689.0,444.0,819.6688355671454,1.0,1.0,0.0,1.0,0.2617486338797814,0.2617486338797814,1.0,0.36666666666666664,0.36666666666666664,71.67264390813108,84.5763175406607,160.91612865793277,173.4634490479081,200.55062336949467,0.0,38.8205004860575,0.09016393442622951,1260,9
final_refine_0p5m,0.5,689.0,444.5,819.9397843744381,1.0,1.0,0.0,1.0,0.2617486338797814,0.2617486338797814,1.0,0.36666666666666664,0.36666666666666664,71.64587332508789,84.52767200428607,160.77730462477223,173.30342084166236,200.34305146859785,0.0,38.794559901451045,0.09016393442622951,1260,9
final_refine_0p5m,0.5,689.5,431.5,813.3895130870573,1.0,1.0,0.0,1.0,0.25831381733021075,0.25831381733021075,1.0,0.35714285714285715,0.35714285714285715,72.30921908599638,85.78655186042415,164.38968584993836,177.47933433338906,205.78714967662845,0.0,39.46237230598477,0.09016393442622951,1260,9
final_refine_0p5m,0.5,689.5,432.0,813.6548715518146,1.0,1.0,0.0,1.0,0.25831381733021075,0.25831381733021075,1.0,0.35714285714285715,0.35714285714285715,72.2799821700648,85.73387828927255,164.24033171169998,177.3074853782832,205.56368324026846,0.0,39.435660874132935,0.09016393442622951,1260,9
final_refine_0p5m,0.5,689.5,432.5,813.9204506584166,1.0,1.0,0.0,1.0,0.258600052042675,0.258600052042675,1.0,0.35793650793650794,0.35793650793650794,72.25085166548695,85.68137662670205,164.09186317909794,177.13613966641688,205.34089417738778,0.0,39.40898092750355,0.09016393442622951,1260,9
final_refine_0p5m,0.5,689.5,433.0,814.1862501909499,1.0,1.0,0.0,1.0,0.258600052042675,0.258600052042675,1.0,0.35793650793650794,0.35793650793650794,72.22182717984879,85.62904594566317,163.943821652831,176.96529521675257,205.11877967426483,0.0,39.38233241414867,0.09016393442622951,1260,9
final_refine_0p5m,0.5,689.5,433.5,814.4522699336039,1.0,1.0,0.0,1.0,0.258600052042675,0.258600052042675,1.0,0.35793650793650794,0.35793650793650794,72.1929083226215,85.57688483118426,163.7962055028627,176.79495005852465,204.89733693261513,0.0,39.355715282237846,0.09016393442622951,1260,9
final_refine_0p5m,0.5,689.5,434.0,814.7185096706714,1.0,1.0,0.0,1.0,0.2588862867551392,0.2588862867551392,1.0,0.35873015873015873,0.35873015873015873,72.16409470514614,85.52489318455244,163.64901310734828,176.6251022311787,204.6765631694751,0.0,39.32912948005766,0.09016393442622951,1260,9
final_refine_0p5m,0.5,689.5,434.5,814.9849691865488,1.0,1.0,0.0,1.0,0.2588862867551392,0.2588862867551392,1.0,0.35873015873015873,0.35873015873015873,72.1353859406247,85.4730705761048,163.5022428525802,176.45574978430693,204.45645561710177,0.0,39.302574956011455,0.09016393442622951,1260,9
final_refine_0p5m,0.5,689.5,435.0,815.2516482657364,1.0,1.0,0.0,1.0,0.25917252146760345,0.25917252146760345,1.0,0.3595238095238095,0.3595238095238095,72.10678164410595,85.42141728246477,163.3558931329316,176.2868907775838,204.23701152286128,0.0,39.276051658618876,0.09016393442622951,1260,9
final_refine_0p5m,0.5,689.5,435.5,815.5185466928389,1.0,1.0,0.0,1.0,0.25917252146760345,0.25917252146760345,1.0,0.3595238095238095,0.3595238095238095,72.07828143248139,85.36993204438821,163.20996235082345,176.11852328069864,204.01822814913743,0.0,39.24955953651558,0.09016393442622951,1260,9
final_refine_0p5m,0.5,689.5,436.0,815.7856642525658,1.0,1.0,0.0,1.0,0.25945875618006764,0.25945875618006764,1.0,0.3603174603174603,0.3603174603174603,72.04988492446643,85.31861395533836,163.06444891665308,175.95064537328344,203.80010277321387,0.0,39.223098538452774,0.09016393442622951,1260,9
final_refine_0p5m,0.5,689.5,436.5,816.053000729732,1.0,1.0,0.0,1.0,0.25945875618006764,0.25945875618006764,1.0,0.3603174603174603,0.3603174603174603,72.0215917405967,85.26746163203384,162.91935124875803,175.78325514486448,203.5826326871918,0.0,39.196668613296914,0.09016393442622951,1260,9
final_refine_0p5m,0.5,689.5,437.0,816.320555909258,1.0,1.0,0.0,1.0,0.2597449908925319,0.2597449908925319,1.0,0.3611111111111111,0.3611111111111111,71.99340150321342,85.21647505293916,162.77466777336488,175.6163506947863,203.36581519787623,0.0,39.17026971002934,0.09016393442622951,1260,9
final_refine_0p5m,0.5,689.5,437.5,816.5883295761702,1.0,1.0,0.0,1.0,0.2597449908925319,0.2597449908925319,1.0,0.3611111111111111,0.3611111111111111,71.9653138364541,85.16565375847208,162.63039692453452,175.449930132157,203.149647626678,0.0,39.14390177774585,0.09016393442622951,1260,9
final_refine_0p5m,0.5,689.5,438.0,816.8563215156016,1.0,1.0,0.0,1.0,0.2597449908925319,0.2597449908925319,1.0,0.3611111111111111,0.3611111111111111,71.93732836624352,85.11499796563163,162.48653714411785,175.28399157578147,202.9341273095219,0.0,39.11756476565641,0.09016393442622951,1260,9
final_refine_0p5m,0.5,689.5,438.5,817.1245315127921,1.0,1.0,0.0,1.0,0.2600312256049961,0.2600312256049961,1.0,0.3619047619047619,0.3619047619047619,71.90944472028129,85.0645065695722,162.34308688171274,175.11853315409257,202.71925159674112,0.0,39.09125862308472,0.09016393442622951,1260,9
final_refine_0p5m,0.5,689.5,439.0,817.3929593530886,1.0,1.0,0.0,1.0,0.2600312256049961,0.2600312256049961,1.0,0.3619047619047619,0.3619047619047619,71.88166252803123,85.0141786184305,162.20004459460037,174.95355300510693,202.5050178529808,0.0,39.064983299467926,0.09016393442622951,1260,9
final_refine_0p5m,0.5,689.5,439.5,817.6616048219458,1.0,1.0,0.0,1.0,0.26031746031746034,0.26031746031746034,1.0,0.3626984126984127,0.3626984126984127,71.8539814207165,84.96401277300335,162.05740874771072,174.78904927634795,202.2914234571111,0.0,39.0387387443562,0.09016393442622951,1260,9
final_refine_0p5m,0.5,689.5,440.0,817.9304677049266,1.0,1.0,0.0,1.0,0.26031746031746034,0.26031746031746034,1.0,0.3626984126984127,0.3626984126984127,71.82640103130012,84.91400901152724,161.91517781357857,174.6250201247924,202.07846580211375,0.0,39.012524907412434,0.09016393442622951,1260,9
final_refine_0p5m,0.5,689.5,440.5,818.1995477877019,1.0,1.0,0.0,1.0,0.26060369502992453,0.26060369502992453,1.0,0.3634920634920635,0.3634920634920635,71.79892099448521,84.86416689071166,161.77335027228318,174.46146371681056,201.8661422950011,0.0,38.98634173841184,0.09016393442622951,1260,9
final_refine_0p5m,0.5,689.5,441.0,818.4688448560519,1.0,1.0,0.0,1.0,0.26060369502992453,0.26060369502992453,1.0,0.3634920634920635,0.3634920634920635,71.7715409466973,84.81448648720716,161.63192461140795,174.29837822809645,201.65445035672687,0.0,38.96018918724162,0.09016393442622951,1260,9
final_refine_0p5m,0.5,689.5,441.5,818.7383586958657,1.0,1.0,0.0,1.0,0.26060369502992453,0.26060369502992453,1.0,0.3634920634920635,0.3634920634920635,71.74426052607907,84.7649670103602,161.49089932599736,174.1357618436321,201.44338742207304,0.0,38.9340672039006,0.09016393442622951,1260,9
final_refine_0p5m,0.5,689.5,442.0,819.008089093142,1.0,1.0,0.0,1.0,0.2608899297423888,0.2608899297423888,1.0,0.36428571428571427,0.36428571428571427,71.71707937247633,84.71560738783396,161.35027291850793,173.97361275759587,201.23295093957515,0.0,38.9079757384989,0.09016393442622951,1260,9
final_refine_0p5m,0.5,689.5,442.5,819.2780358339896,1.0,1.0,0.0,1.0,0.2608899297423888,0.2608899297423888,1.0,0.36428571428571427,0.36428571428571427,71.68999712743214,84.66640636824451,161.21004389876288,173.81192917333902,201.02313837141872,0.0,38.88191474125758,0.09016393442622951,1260,9
final_refine_0p5m,0.5,689.5,443.0,819.5481987046278,1.0,1.0,0.0,1.0,0.261176164454853,0.261176164454853,1.0,0.36507936507936506,0.36507936507936506,71.66301343417827,84.61736382209783,161.07021078391253,173.65070930329452,200.81394719335617,0.0,38.85588416250827,0.09016393442622951,1260,9
final_refine_0p5m,0.5,689.5,443.5,819.8185774913862,1.0,1.0,0.0,1.0,0.261176164454853,0.261176164454853,1.0,0.36507936507936506,0.36507936507936506,71.63612793761729,84.56847937827638,160.9307720983719,173.4899513689499,200.605374894615,0.0,38.82988395269283,0.09016393442622951,1260,9
final_refine_0p5m,0.5,689.5,444.0,820.089171980706,1.0,1.0,0.0,1.0,0.2614623991673172,0.2614623991673172,1.0,0.36587301587301585,0.36587301587301585,71.60934028432308,84.51975289383815,160.79172637380213,173.32965360076616,200.39741897780283,0.0,38.803914062363035,0.09016393442622951,1260,9
final_refine_0p5m,0.5,689.5,444.5,820.3599819591396,1.0,1.0,0.0,1.0,0.2614623991673172,0.2614623991673172,1.0,0.36587301587301585,0.36587301587301585,71.58265012252637,84.47118404923326,160.6530721490451,173.17980710778116,200.19007695882735,0.0,38.777974442180195,0.09016393442622951,1260,9
final_refine_0p5m,0.5,690.0,436.5,816.4755048377141,1.0,1.0,0.0,1.0,0.2588862867551392,0.2588862867551392,1.0,0.35873015873015873,0.35873015873015873,71.95711750000021,85.2097978109737,162.79241412763707,175.6466347744195,203.42597669593806,0.0,39.18003810399901,0.09016393442622951,1260,9
final_refine_0p5m,0.5,690.0,437.0,816.7429216099764,1.0,1.0,0.0,1.0,0.25917252146760345,0.25917252146760345,1.0,0.3595238095238095,0.3595238095238095,71.92901075137088,85.15889085417788,162.64790712723908,175.4799268527732,203.20939907854128,0.0,39.1536400394651,0.09016393442622951,1260,9
final_refine_0p5m,0.5,690.0,437.5,817.0105568473397,1.0,1.0,0.0,1.0,0.25917252146760345,0.25917252146760345,1.0,0.3595238095238095,0.3595238095238095,71.90100635851324,85.1081485614842,162.50381229078423,175.31370228497624,202.99347068481677,0.0,39.127272957828836,0.09016393442622951,1260,9
final_refine_0p5m,0.5,690.0,438.0,817.2784103351808,1.0,1.0,0.0,1.0,0.25917252146760345,0.25917252146760345,1.0,0.3595238095238095,0.3595238095238095,71.87310394810899,85.05757024047355,162.36012806190809,175.14795919197473,202.77818885366625,0.0,39.10093680826373,0.09016393442622951,1260,9
final_refine_0p5m,0.5,690.0,438.5,817.5464818589827,1.0,1.0,0.0,1.0,0.25945875618006764,0.25945875618006764,1.0,0.3603174603174603,0.3603174603174603,71.84530314861021,85.00715577184418,162.21685289198285,174.98269570433655,202.56355093838542,0.0,39.07463154005714,0.09016393442622951,1260,9
final_refine_0p5m,0.5,690.0,439.0,817.8147712043358,1.0,1.0,0.0,1.0,0.25945875618006764,0.25945875618006764,1.0,0.3603174603174603,0.3603174603174603,71.81760359023296,84.95690493223954,162.07398524006123,174.81790996219303,202.34955430656845,0.0,39.04835710260996,0.09016393442622951,1260,9
final_refine_0p5m,0.5,690.0,439.5,818.0832781569368,1.0,1.0,0.0,1.0,0.2597449908925319,0.2597449908925319,1.0,0.3611111111111111,0.3611111111111111,71.790004904944,84.90681751152387,161.9315235728363,174.6536001151715,202.1361963400059,0.0,39.0221134454362,0.09016393442622951,1260,9
final_refine_0p5m,0.5,690.0,440.0,818.3520025025906,1.0,1.0,0.0,1.0,0.2597449908925319,0.2597449908925319,1.0,0.3611111111111111,0.3611111111111111,71.76250672645385,84.85689212380775,161.7894663645859,174.4897643223501,201.92347443459306,0.0,38.99590051816267,0.09016393442622951,1260,9
final_refine_0p5m,0.5,690.0,440.5,818.6209440272097,1.0,1.0,0.0,1.0,0.2600312256049961,0.2600312256049961,1.0,0.3619047619047619,0.3619047619047619,71.73510869020316,84.80712778969449,161.647812097133,174.32640075217608,201.71138600024474,0.0,38.96971827052861,0.09016393442622951,1260,9
final_refine_0p5m,0.5,690.0,441.0,818.8901025168151,1.0,1.0,0.0,1.0,0.2600312256049961,0.2600312256049961,1.0,0.3619047619047619,0.3619047619047619,71.70781043335533,84.7575237926773,161.50655925979294,174.1635075824223,201.49992846078737,0.0,38.94356665238536,0.09016393442622951,1260,9
final_refine_0p5m,0.5,690.0,441.5,819.1594777575366,1.0,1.0,0.0,1.0,0.2600312256049961,0.2600312256049961,1.0,0.3619047619047619,0.3619047619047619,71.68061159478573,84.70808004432212,161.365706349335,174.0010830001292,201.28909925386074,0.0,38.91744561369593,0.09016393442622951,1260,9
final_refine_0p5m,0.5,690.0,442.0,819.4290695356127,1.0,1.0,0.0,1.0,0.26031746031746034,0.26031746031746034,1.0,0.3626984126984127,0.3626984126984127,71.65351181507233,84.65879615411647,161.22525186992783,173.8391252015283,201.07889583085435,0.0,38.89135510453479,0.09016393442622951,1260,9
final_refine_0p5m,0.5,690.0,442.5,819.6988776373919,1.0,1.0,0.0,1.0,0.26031746031746034,0.26031746031746034,1.0,0.3626984126984127,0.3626984126984127,71.6265107364857,84.6096722791308,161.08519433310389,173.677632392007,200.86931565677992,0.0,38.865295075087346,0.09016393442622951,1260,9
final_refine_0p5m,0.5,690.5,436.5,816.8980964600174,1.0,1.0,0.0,1.0,0.25831381733021075,0.25831381733021075,1.0,0.35714285714285715,0.35714285714285715,71.89270394501312,85.15219313450909,162.66554288927216,175.51008386488064,203.26939746581863,0.0,39.16337656088183,0.09016393442622951,1260,9
final_refine_0p5m,0.5,690.5,437.0,817.1653749394917,1.0,1.0,0.0,1.0,0.25831381733021075,0.25831381733021075,1.0,0.35714285714285715,0.35714285714285715,71.86468060545606,85.10136369067166,162.52121227065737,175.34357236752078,203.0530595925913,0.0,39.13697938602225,0.09016393442622951,1260,9
final_refine_0p5m,0.5,690.5,437.5,817.4328718616594,1.0,1.0,0.0,1.0,0.258600052042675,0.258600052042675,1.0,0.35793650793650794,0.35793650793650794,71.8367594069747,85.05070023412496,162.37729335363716,175.17754369073577,202.83737024902902,0.0,39.11061320585964,0.09016393442622951,1260,9
final_refine_0p5m,0.5,690.5,438.0,817.700587012141,1.0,1.0,0.0,1.0,0.258600052042675,0.258600052042675,1.0,0.35793650793650794,0.35793650793650794,71.80893997700835,85.00020103051457,162.23378458363155,175.0119959576128,202.62232677700337,0.0,39.08427796953144,0.09016393442622951,1260,9
final_refine_0p5m,0.5,690.5,438.5,817.968520176663,1.0,1.0,0.0,1.0,0.2588862867551392,0.2588862867551392,1.0,0.35873015873015873,0.35873015873015873,71.78122194476195,84.94986539955895,162.09068441379324,174.84692730084464,202.40792653276858,0.0,39.05797362628903,0.09016393442622951,1260,9
final_refine_0p5m,0.5,690.5,439.0,818.2366711410581,1.0,1.0,0.0,1.0,0.2588862867551392,0.2588862867551392,1.0,0.35873015873015873,0.35873015873015873,71.75360494120191,84.89969198259072,161.9479913049376,174.68233586268266,202.19416688686655,0.0,39.03170012549737,0.09016393442622951,1260,9
final_refine_0p5m,0.5,690.5,439.5,818.5050396912654,1.0,1.0,0.0,1.0,0.25917252146760345,0.25917252146760345,1.0,0.3595238095238095,0.3595238095238095,71.72608859904216,84.84968100111304,161.80570372551765,174.51821979485996,201.98104522401255,0.0,39.005457416634705,0.09016393442622951,1260,9
final_refine_0p5m,0.5,690.5,440.0,818.7736256133315,1.0,1.0,0.0,1.0,0.25917252146760345,0.25917252146760345,1.0,0.3595238095238095,0.3595238095238095,71.69867255273431,84.79983185400525,161.66382015155702,174.35457725854198,201.76855894301545,0.0,38.97924544929211,0.09016393442622951,1260,9
final_refine_0p5m,0.5,690.5,440.5,819.0424286934102,1.0,1.0,0.0,1.0,0.25917252146760345,0.25917252146760345,1.0,0.3595238095238095,0.3595238095238095,71.6713564384599,84.75014502929311,161.52233906662073,174.1914064242634,201.55670545667974,0.0,38.95306417317321,0.09016393442622951,1260,9
final_refine_0p5m,0.5,690.5,441.0,819.3114487177633,1.0,1.0,0.0,1.0,0.25945875618006764,0.25945875618006764,1.0,0.3603174603174603,0.3603174603174603,71.64413989411871,84.7006189118837,161.38125896175802,174.02870547187038,201.3454821917002,0.0,38.926913538093814,0.09016393442622951,1260,9
final_refine_0p5m,0.5,690.5,441.5,819.5806854727605,1.0,1.0,0.0,1.0,0.25945875618006764,0.25945875618006764,1.0,0.3603174603174603,0.3603174603174603,71.61702255931955,84.6512528173326,161.2405783354541,173.86647259045893,201.13488658859038,0.0,38.900793493981524,0.09016393442622951,1260,9
final_refine_0p5m,0.5,690.5,442.0,819.8501387448806,1.0,1.0,0.0,1.0,0.2597449908925319,0.2597449908925319,1.0,0.3611111111111111,0.3611111111111111,71.59000407536895,84.60204532153593,161.10029569359375,173.70470597831326,200.9249161015701,0.0,38.8747039908754,0.09016393442622951,1260,9
final_refine_0p5m,0.5,690.5,442.5,820.1198083207112,1.0,1.0,0.0,1.0,0.2597449908925319,0.2597449908925319,1.0,0.3611111111111111,0.3611111111111111,71.56308408526677,84.55299669722764,160.96040954940943,173.54340384285476,200.71556819848942,0.0,38.84864497892566,0.09016393442622951,1260,9
