stage,resolution_m,x,y,movement_distance,guaranteed_receive_coverage,possible_receive_coverage,near_area_coverage,direction_available_coverage,clear_ready_coverage,operational_good_coverage,uniform_guaranteed_receive_coverage,uniform_clear_ready_coverage,uniform_operational_good_coverage,worst_diameter_median,worst_diameter_mean,worst_diameter_p90,worst_diameter_p95,worst_diameter_max,unbounded_fraction_of_direction_area,mean_abs_orthogonality_error_deg,orthogonal_80_100_area_coverage,target_sample_count,epsilon_sample_count
final_refine_1m,1.0,630.0,459.0,779.4748231982865,1.0,1.0,0.0,1.0,0.24621389539422325,0.24621389539422325,1.0,0.4015873015873016,0.4015873015873016,78.73798556448243,90.05732936371831,171.58135162607266,184.45628068982873,212.37936896918384,0.0,40.04680840949704,0.08990372105126203,1260,9
final_refine_1m,1.0,630.0,460.0,780.0640999302557,1.0,1.0,0.0,1.0,0.24652615144418424,0.24652615144418424,1.0,0.4031746031746032,0.4031746031746032,78.66009947652934,89.95147253317313,171.26888358843058,184.12017449369,211.9480529095423,0.0,39.996539932315414,0.09047619047619047,1260,9
final_refine_1m,1.0,630.0,461.0,780.6542128240902,1.0,1.0,0.0,1.0,0.2466822794691647,0.2466822794691647,1.0,0.403968253968254,0.403968253968254,78.58275187942058,89.84626408040353,170.95818061907232,183.78591404889033,211.51918361323033,0.0,39.94638100544717,0.09047619047619047,1260,9
final_refine_1m,1.0,630.0,462.0,781.2451599850075,1.0,1.0,0.0,1.0,0.2468384074941452,0.2468384074941452,1.0,0.40476190476190477,0.40476190476190477,78.50593873378367,89.74169943422018,170.64922943988927,183.4534857566582,211.09274210940416,0.0,39.89633129478417,0.09047619047619047,1260,9
final_refine_1m,1.0,630.0,463.0,781.836939521279,1.0,1.0,0.0,1.0,0.24715066354410617,0.24715066354410617,1.0,0.40634920634920635,0.40634920634920635,78.42965603960684,89.63777406603263,170.34201690409154,183.12287615022154,210.66870962122286,0.0,39.84639046762163,0.09047619047619047,1260,9
final_refine_1m,1.0,630.0,464.0,782.4295495442385,1.0,1.0,0.0,1.0,0.24730679156908666,0.24730679156908666,1.0,0.40714285714285714,0.40714285714285714,78.35389983577262,89.53448348935615,170.0365299945989,182.7940718932077,210.24706756339853,0.0,39.796558192649684,0.09047619047619047,1260,9
final_refine_1m,1.0,630.0,465.0,783.0229881682912,1.0,1.0,0.0,1.0,0.24746291959406713,0.24746291959406713,1.0,0.40793650793650793,0.40793650793650793,78.27866619959524,89.43182325932396,169.73275582243653,182.46705977806232,209.82779753974748,0.0,39.746834139945015,0.09047619047619047,1260,9
final_refine_1m,1.0,630.0,466.0,783.6172535109216,1.0,1.0,0.0,1.0,0.2477751756440281,0.2477751756440281,1.0,0.4095238095238095,0.4095238095238095,78.20395124636303,89.32978897220757,169.43068162517895,182.14182672452137,209.41088134079814,0.0,39.69721798096257,0.09104865990111892,1260,9
final_refine_1m,1.0,630.0,467.0,784.2123436927017,1.0,1.0,0.0,1.0,0.2479313036690086,0.2479313036690086,1.0,0.4103174603174603,0.4103174603174603,78.12975112889646,89.2283762649429,169.14766972113952,181.81835977806128,208.99630094142972,0.0,39.64770938852739,0.09104865990111892,1260,9
final_refine_1m,1.0,630.0,468.0,784.808256837299,1.0,1.0,0.0,1.0,0.24808743169398906,0.24808743169398906,1.0,0.4111111111111111,0.4111111111111111,78.05606203709807,89.12758081466326,168.86670315944232,181.4966461083918,208.58403849855026,0.0,39.59830803682638,0.09104865990111892,1260,9
final_refine_1m,1.0,630.0,469.0,785.4049910714854,1.0,1.0,0.0,1.0,0.24824355971896955,0.24824355971896955,1.0,0.4119047619047619,0.4119047619047619,77.98288019752003,89.02739833823875,168.58723362304374,181.1766730079948,208.17407634880422,0.0,39.54901360140031,0.09104865990111892,1260,9
final_refine_1m,1.0,630.0,470.0,786.0025445251434,1.0,1.0,0.0,1.0,0.24855581576893052,0.24855581576893052,1.0,0.41349206349206347,0.41349206349206347,77.9102018729385,88.92782459182199,168.30925058178374,180.85842789062932,207.76639700632074,0.0,39.49982575913574,0.09104865990111892,1260,9
final_refine_1m,1.0,630.0,471.0,786.6009153312752,1.0,1.0,0.0,1.0,0.248711943793911,0.248711943793911,1.0,0.4142857142857143,0.4142857142857143,77.83802336192096,88.82885537039986,168.03274360294873,180.54189828991417,207.36098316048825,0.0,39.450744188257104,0.09162112932604737,1260,9
final_refine_1m,1.0,630.0,472.0,787.2001016260097,1.0,1.0,0.0,1.0,0.24886807181889148,0.24886807181889148,1.0,0.4150793650793651,0.4150793650793651,77.7663409984144,88.730486507352,167.75770235012004,180.22707185789352,206.95781767376977,0.0,39.401768568318865,0.09162112932604737,1260,9
final_refine_1m,1.0,630.0,473.0,787.8001015486099,1.0,1.0,0.0,1.0,0.24902419984387197,0.24902419984387197,1.0,0.4158730158730159,0.4158730158730159,77.69515115133075,88.63271387401421,167.4841165820853,179.91393636363165,206.55688357953923,0.0,39.352898580197596,0.09162112932604737,1260,9
final_refine_1m,1.0,630.0,474.0,788.4009132414802,1.0,1.0,0.0,1.0,0.24918032786885247,0.24918032786885247,1.0,0.4166666666666667,0.4166666666666667,77.62445022414154,88.53553337924917,167.211976151746,179.60247969184218,206.15816407997,0.0,39.30413390608435,0.09162112932604737,1260,9
final_refine_1m,1.0,630.0,475.0,789.002534850174,1.0,1.0,0.0,1.0,0.24918032786885247,0.24918032786885247,1.0,0.4166666666666667,0.4166666666666667,77.55423465447303,88.43894096902184,166.94127100502487,179.29268984151665,205.7616425439442,0.0,39.25547556703745,0.09162112932604737,1260,9
final_refine_1m,1.0,630.0,476.0,789.6049645234001,1.0,1.0,0.0,1.0,0.24918032786885247,0.24918032786885247,1.0,0.4166666666666667,0.4166666666666667,77.48450091371683,88.3429326259813,166.67199117982025,178.98455492459206,205.36730250498115,0.0,39.20692218760004,0.09162112932604737,1260,9
final_refine_1m,1.0,630.0,477.0,790.2082004130303,1.0,1.0,0.0,1.0,0.24918032786885247,0.24918032786885247,1.0,0.4166666666666667,0.4166666666666667,77.41524550663621,88.24750436904783,166.40412680494697,178.678063164607,204.97512765920888,0.0,39.15847316987516,0.0921935987509758,1260,9
final_refine_1m,1.0,630.0,478.0,790.8122406741059,1.0,1.0,0.0,1.0,0.24918032786885247,0.24918032786885247,1.0,0.4166666666666667,0.4166666666666667,77.34646497097866,88.15265225300598,166.13766809910663,178.3733143824958,204.58510186337242,0.0,39.11012820127663,0.0921935987509758,1260,9
final_refine_1m,1.0,630.0,479.0,791.417083464844,1.0,1.0,0.0,1.0,0.24918032786885247,0.24918032786885247,1.0,0.4166666666666667,0.4166666666666667,77.27815587710316,88.05837236810261,165.8726053698755,178.103386873908,204.19720913286224,0.0,39.061886970494555,0.0921935987509758,1260,9
final_refine_1m,1.0,630.0,480.0,792.0227269466451,1.0,1.0,0.0,1.0,0.24918032786885247,0.24918032786885247,1.0,0.4166666666666667,0.4166666666666667,77.21031482760023,87.96466083965082,165.60892901267908,177.8347764698485,203.81143363976017,0.0,39.01374916748789,0.0921935987509758,1260,9
final_refine_1m,1.0,631.0,459.0,780.2832818919037,1.0,1.0,0.0,1.0,0.2459016393442623,0.2459016393442623,1.0,0.4,0.4,78.59088908602547,89.93314230704573,171.31689574127375,184.184277644328,212.06935571084838,0.0,40.01250921733123,0.0893312516263336,1260,9
final_refine_1m,1.0,631.0,460.0,780.8719485293348,1.0,1.0,0.0,1.0,0.2459016393442623,0.2459016393442623,1.0,0.4,0.4,78.51340340714366,89.82760339922899,171.00516615188633,183.8489123109753,211.6389370634515,0.0,39.96224027112093,0.08990372105126203,1260,9
final_refine_1m,1.0,631.0,461.0,781.4614513845197,1.0,1.0,0.0,1.0,0.2459016393442623,0.2459016393442623,1.0,0.4,0.4,78.43645409724537,89.72271128486136,170.6951977380348,183.51538890562713,211.21096025337937,0.0,39.91208098143991,0.08990372105126203,1260,9
final_refine_1m,1.0,631.0,462.0,782.0517885664606,1.0,1.0,0.0,1.0,0.2459016393442623,0.2459016393442623,1.0,0.4,0.4,78.36003713256991,89.61846140415129,170.38697725179762,183.18369385868436,210.78540634982065,0.0,39.86203101355457,0.08990372105126203,1260,9
final_refine_1m,1.0,631.0,463.0,782.6429581871928,1.0,1.0,0.0,1.0,0.24605776736924279,0.24605776736924279,1.0,0.4007936507936508,0.4007936507936508,78.28414852856739,89.5148492397977,170.08049157627303,182.85381373223308,210.36225661555406,0.0,39.81209003413815,0.08990372105126203,1260,9
final_refine_1m,1.0,631.0,464.0,783.2349583617932,1.0,1.0,0.0,1.0,0.24621389539422325,0.24621389539422325,1.0,0.4015873015873016,0.4015873015873016,78.20878433943517,89.41187031649731,169.77572772394342,182.52573521848032,209.9414925044637,0.0,39.76225771126224,0.08990372105126203,1260,9
final_refine_1m,1.0,631.0,465.0,783.8277872083893,1.0,1.0,0.0,1.0,0.24637002341920375,0.24637002341920375,1.0,0.4023809523809524,0.4023809523809524,78.1339406576603,89.30952020045918,169.47267283510953,182.19944513816145,209.52309565912148,0.0,39.7125337143884,0.08990372105126203,1260,9
final_refine_1m,1.0,631.0,466.0,784.421442848167,1.0,1.0,0.0,1.0,0.2466822794691647,0.2466822794691647,1.0,0.403968253968254,0.403968253968254,78.05961361355659,89.20779449892548,169.18120234664764,181.87493043900292,209.10704790840137,0.0,39.66291771435985,0.09047619047619047,1260,9
final_refine_1m,1.0,631.0,467.0,785.0159234053791,1.0,1.0,0.0,1.0,0.2468384074941452,0.2468384074941452,1.0,0.40476190476190477,0.40476190476190477,77.98579937483244,89.10668885969906,168.899373198613,181.552178194191,208.69333126511034,0.0,39.61340938339326,0.09047619047619047,1260,9
final_refine_1m,1.0,631.0,468.0,785.6112270073538,1.0,1.0,0.0,1.0,0.24699453551912567,0.24699453551912567,1.0,0.40555555555555556,0.40555555555555556,77.91249414613426,89.00619897067806,168.6190485396788,181.23117560087942,208.28192792367977,0.0,39.56400839507056,0.09047619047619047,1260,9
final_refine_1m,1.0,631.0,469.0,786.2073517845022,1.0,1.0,0.0,1.0,0.24715066354410617,0.24715066354410617,1.0,0.40634920634920635,0.40634920634920635,77.8396941686268,88.90632055939597,168.34021776399612,180.9119099786995,207.87282025787349,0.0,39.51471442433082,0.09047619047619047,1260,9
final_refine_1m,1.0,631.0,470.0,786.8042958703263,1.0,1.0,0.0,1.0,0.24746291959406713,0.24746291959406713,1.0,0.40793650793650793,0.40793650793650793,77.76739571955513,88.80704939256887,168.062870364063,180.59436876829483,207.46599081854532,0.0,39.46552714746226,0.09047619047619047,1260,9
final_refine_1m,1.0,631.0,471.0,787.4020574014269,1.0,1.0,0.0,1.0,0.24761904761904763,0.24761904761904763,1.0,0.4087301587301587,0.4087301587301587,77.69559511182315,88.70838127564835,167.7869959295993,180.27853952990444,207.06142233142467,0.0,39.41644624209423,0.09104865990111892,1260,9
final_refine_1m,1.0,631.0,472.0,788.000634517511,1.0,1.0,0.0,1.0,0.2477751756440281,0.2477751756440281,1.0,0.4095238095238095,0.4095238095238095,77.62428869358354,88.61031205238092,167.51258414640284,179.9644099419096,206.6590976949212,0.0,39.367471387189376,0.09104865990111892,1260,9
final_refine_1m,1.0,631.0,473.0,788.6000253613995,1.0,1.0,0.0,1.0,0.2479313036690086,0.2479313036690086,1.0,0.4103174603174603,0.4103174603174603,77.55347284781766,88.51283760437313,167.2396247952713,179.65196779947283,206.25899997798675,0.0,39.31860226303573,0.09104865990111892,1260,9
final_refine_1m,1.0,631.0,474.0,789.2002280790344,1.0,1.0,0.0,1.0,0.24808743169398906,0.24808743169398906,1.0,0.4111111111111111,0.4111111111111111,77.48314399194071,88.41595385066258,166.96810775088764,179.34120101312897,205.86111241799,0.0,39.26983855123898,0.09104865990111892,1260,9
final_refine_1m,1.0,631.0,475.0,789.8012408194862,1.0,1.0,0.0,1.0,0.24839968774395005,0.24839968774395005,1.0,0.4126984126984127,0.4126984126984127,77.41329857739044,88.31965674729511,166.69802298076615,179.03209760744312,205.46541841863956,0.0,39.22117993471477,0.09104865990111892,1260,9
final_refine_1m,1.0,631.0,476.0,790.4030617349606,1.0,1.0,0.0,1.0,0.24855581576893052,0.24855581576893052,1.0,0.41349206349206347,0.41349206349206347,77.34393308924346,88.22394228690752,166.42936054417848,178.7246457196615,205.07190154791425,0.0,39.17262609768102,0.09104865990111892,1260,9
final_refine_1m,1.0,631.0,477.0,791.0056889808062,1.0,1.0,0.0,1.0,0.248711943793911,0.248711943793911,1.0,0.4142857142857143,0.4142857142857143,77.27504404582399,88.12880649831564,166.1621105911094,178.41883359839963,204.68054553605128,0.0,39.12417672565035,0.09162112932604737,1260,9
final_refine_1m,1.0,631.0,478.0,791.6091207155208,1.0,1.0,0.0,1.0,0.24886807181889148,0.24886807181889148,1.0,0.4150793650793651,0.4150793650793651,77.20662799831325,88.03424544610864,165.89626336123882,178.1337328402135,204.29133427353898,0.0,39.07583150542263,0.09162112932604737,1260,9
final_refine_1m,1.0,631.0,479.0,792.2133551007582,1.0,1.0,0.0,1.0,0.24902419984387197,0.24902419984387197,1.0,0.4158730158730159,0.4158730158730159,77.13868153038437,87.94025523024796,165.63180918290263,177.86436409987817,203.9042518091644,0.0,39.027590125077396,0.09162112932604737,1260,9
final_refine_1m,1.0,631.0,480.0,792.8183903013351,1.0,1.0,0.0,1.0,0.24918032786885247,0.24918032786885247,1.0,0.4166666666666667,0.4166666666666667,77.07120125781675,87.84683198567241,165.3687384721089,177.5963099864958,203.51928234805683,0.0,38.97945227396656,0.09162112932604737,1260,9
final_refine_1m,1.0,632.0,459.0,781.0921840602426,1.0,1.0,0.0,1.0,0.2459016393442623,0.2459016393442623,1.0,0.4,0.4,78.44405341177973,89.80917498655889,171.05270980677716,183.91253600660104,211.75963058065392,0.0,39.978289025099286,0.08875878220140515,1260,9
final_refine_1m,1.0,632.0,460.0,781.680241531024,1.0,1.0,0.0,1.0,0.2459016393442623,0.2459016393442623,1.0,0.4,0.4,78.36696741394933,89.70395339620039,170.74171787580985,183.57791078347452,211.33010843046114,0.0,39.92801926946998,0.0893312516263336,1260,9
final_refine_1m,1.0,632.0,461.0,782.2691352725096,1.0,1.0,0.0,1.0,0.2459016393442623,0.2459016393442623,1.0,0.4,0.4,78.29041566655503,89.59937701805393,170.43248323233138,183.24512366947803,210.9030231974869,0.0,39.877859278032524,0.0893312516263336,1260,9
final_refine_1m,1.0,632.0,462.0,782.8588633974837,1.0,1.0,0.0,1.0,0.2459016393442623,0.2459016393442623,1.0,0.4,0.4,78.21439416142317,89.49544130370224,170.12499265858077,182.9141611241329,210.4783559909062,0.0,39.827808715418314,0.0893312516263336,1260,9
final_refine_1m,1.0,632.0,463.0,783.4494240217424,1.0,1.0,0.0,1.0,0.2459016393442623,0.2459016393442623,1.0,0.4,0.4,78.13889892944603,89.39214174711007,169.8192330674868,182.58500973836513,210.05608811304617,0.0,39.77786724766907,0.0893312516263336,1260,9
final_refine_1m,1.0,632.0,464.0,784.0408152641035,1.0,1.0,0.0,1.0,0.2459016393442623,0.2459016393442623,1.0,0.4,0.4,78.06392604011161,89.28947388413275,169.51519150106103,182.25765623290354,209.63620105691885,0.0,39.72803454222841,0.0893312516263336,1260,9
final_refine_1m,1.0,632.0,465.0,784.6330352464138,1.0,1.0,0.0,1.0,0.2459016393442623,0.2459016393442623,1.0,0.4,0.4,77.989471601052,89.18743329203191,169.21520104740677,181.9320874567363,209.21867650380054,0.0,39.6783102679334,0.0893312516263336,1260,9
final_refine_1m,1.0,632.0,466.0,785.2260820935586,1.0,1.0,0.0,1.0,0.2459016393442623,0.2459016393442623,1.0,0.4,0.4,77.91553175759299,89.0860155889976,168.93250430647888,181.60829038554337,208.8034963208423,0.0,39.62869409500627,0.08990372105126203,1260,9
final_refine_1m,1.0,632.0,467.0,785.8199539334694,1.0,1.0,0.0,1.0,0.2459016393442623,0.2459016393442623,1.0,0.4,0.4,77.84210269229948,88.98521643367764,168.65131957558725,181.28625212019145,208.3906425587357,0.0,39.579185695046114,0.08990372105126203,1260,9
final_refine_1m,1.0,632.0,468.0,786.4146488971323,1.0,1.0,0.0,1.0,0.2459016393442623,0.2459016393442623,1.0,0.4,0.4,77.76918062454955,88.88503152471216,168.37163617245142,180.96595988522708,207.980097449372,0.0,39.529784741020734,0.08990372105126203,1260,9
final_refine_1m,1.0,632.0,469.0,787.0101651185962,1.0,1.0,0.0,1.0,0.24605776736924279,0.24605776736924279,1.0,0.4007936507936508,0.4007936507936508,77.69676181008917,88.78545660027638,168.09344351407006,180.64740102739728,207.57184340359288,0.0,39.4804909072585,0.08990372105126203,1260,9
final_refine_1m,1.0,632.0,470.0,787.6065007349799,1.0,1.0,0.0,1.0,0.24621389539422325,0.24621389539422325,1.0,0.4015873015873016,0.4015873015873016,77.62484254061499,88.68648743762797,167.81673111556316,180.3305630141996,207.16586300892925,0.0,39.43130386944027,0.08990372105126203,1260,9
final_refine_1m,1.0,632.0,471.0,788.2036538864813,1.0,1.0,0.0,1.0,0.24652615144418424,0.24652615144418424,1.0,0.4031746031746032,0.4031746031746032,77.55341914334775,88.5881198526617,167.54148858905398,180.0154334324431,206.7621390273836,0.0,39.38222330459144,0.09047619047619047,1260,9
final_refine_1m,1.0,632.0,472.0,788.8016227163836,1.0,1.0,0.0,1.0,0.2466822794691647,0.2466822794691647,1.0,0.403968253968254,0.403968253968254,77.48248798062087,88.49034969946968,167.26770564253417,179.7019999868313,206.3606543932773,0.0,39.333248891074,0.09047619047619047,1260,9
final_refine_1m,1.0,632.0,473.0,789.4004053710639,1.0,1.0,0.0,1.0,0.2468384074941452,0.2468384074941452,1.0,0.40476190476190477,0.40476190476190477,77.4120454494693,88.39317286990769,166.99537207876594,179.39025049856875,205.96139221108342,0.0,39.28438030857868,0.09047619047619047,1260,9
final_refine_1m,1.0,632.0,474.0,790.0,1.0,1.0,0.0,1.0,0.24699453551912567,0.24699453551912567,1.0,0.40555555555555556,0.40555555555555556,77.34208798122553,88.29658529316767,166.72447779420298,179.08017290398445,205.56433575331704,0.0,39.23561723811715,0.09047619047619047,1260,9
final_refine_1m,1.0,632.0,475.0,790.600404755778,1.0,1.0,0.0,1.0,0.24715066354410617,0.24715066354410617,1.0,0.40634920634920635,0.40634920634920635,77.27261204112305,88.20058293535554,166.45501277790967,178.7717552531767,205.1694684584681,0.0,39.186959362014285,0.09047619047619047,1260,9
final_refine_1m,1.0,632.0,476.0,791.2016177940993,1.0,1.0,0.0,1.0,0.24746291959406713,0.24746291959406713,1.0,0.40793650793650793,0.40793650793650793,77.20361412790162,88.10516179907525,166.18696711050347,178.46498570868062,204.77677392892318,0.0,39.13840636390053,0.09047619047619047,1260,9
final_refine_1m,1.0,632.0,477.0,791.8036372737877,1.0,1.0,0.0,1.0,0.24761904761904763,0.24761904761904763,1.0,0.4087301587301587,0.4087301587301587,77.1350907734252,88.01031792301795,165.92033096311943,178.16449489779038,204.38623592898153,0.0,39.08995792870427,0.09104865990111892,1260,9
final_refine_1m,1.0,632.0,478.0,792.4064613567964,1.0,1.0,0.0,1.0,0.2477751756440281,0.2477751756440281,1.0,0.4095238095238095,0.4095238095238095,77.06703854229117,87.9160473815572,165.6550945963733,177.89436377057044,203.99783838282653,0.0,39.04161374264428,0.09104865990111892,1260,9
final_refine_1m,1.0,632.0,479.0,793.0100882082144,1.0,1.0,0.0,1.0,0.2479313036690086,0.2479313036690086,1.0,0.4103174603174603,0.4103174603174603,76.99945403146414,87.8223462843492,165.39124835934695,177.6255532937336,203.6115653725969,0.0,38.99337349322228,0.09104865990111892,1260,9
final_refine_1m,1.0,632.0,480.0,793.6145159962739,1.0,1.0,0.0,1.0,0.24808743169398906,0.24808743169398906,1.0,0.4111111111111111,0.4111111111111111,76.93991412339847,87.72921077593863,165.1287826885962,177.35805496879604,203.2274011364268,0.0,38.945236869215485,0.09104865990111892,1260,9
final_refine_1m,1.0,633.0,459.0,781.9015283269371,1.0,1.0,0.0,1.0,0.2459016393442623,0.2459016393442623,1.0,0.4,0.4,78.29747861347421,89.68547767760961,170.78879380172472,183.64105574952583,211.45019352887428,0.0,39.94414689407101,0.0881863127764767,1260,9
final_refine_1m,1.0,633.0,460.0,782.4889775581506,1.0,1.0,0.0,1.0,0.2459016393442623,0.2459016393442623,1.0,0.4,0.4,78.22079156815926,89.58056637499729,170.47853873979903,183.3071698845301,211.02156696146352,0.0,39.89387599347106,0.08875878220140515,1260,9
final_refine_1m,1.0,633.0,461.0,783.077263110097,1.0,1.0,0.0,1.0,0.2459016393442623,0.2459016393442623,1.0,0.4,0.4,78.14463665804888,89.47629921389193,170.17003708202546,182.97511831424126,210.59537239705577,0.0,39.84371496614047,0.08875878220140515,1260,9
final_refine_1m,1.0,633.0,462.0,783.666383099339,1.0,1.0,0.0,1.0,0.2459016393442623,0.2459016393442623,1.0,0.4,0.4,78.069009890532,89.37267163939488,169.86327564074148,182.64488752726317,210.17159098476466,0.0,39.793663476066214,0.08875878220140515,1260,9
final_refine_1m,1.0,633.0,463.0,784.2563356454317,1.0,1.0,0.0,1.0,0.2459016393442623,0.2459016393442623,1.0,0.4,0.4,77.99390731191436,89.26967928875091,169.55824135867257,182.31646414331337,209.75020406640917,0.0,39.74372118864929,0.08875878220140515,1260,9
final_refine_1m,1.0,633.0,464.0,784.8471188709302,1.0,1.0,0.0,1.0,0.2459016393442623,0.2459016393442623,1.0,0.4,0.4,77.91932500695626,89.1673174479925,169.25492130732616,181.9898349116207,209.33119317407105,0.0,39.693887770696136,0.08875878220140515,1260,9
final_refine_1m,1.0,633.0,465.0,785.4387309013988,1.0,1.0,0.0,1.0,0.2459016393442623,0.2459016393442623,1.0,0.4,0.4,77.84525909841683,89.06558172350901,168.9660995961974,181.66498670937003,208.9145400276676,0.0,39.64416289041026,0.08875878220140515,1260,9
final_refine_1m,1.0,633.0,466.0,786.0311698654195,1.0,1.0,0.0,1.0,0.2459016393442623,0.2459016393442623,1.0,0.4,0.4,77.77170574660191,88.96446795029676,168.68404980303947,181.34190654016584,208.500226532592,0.0,39.594546217383844,0.0893312516263336,1260,9
final_refine_1m,1.0,633.0,467.0,786.6244338946001,1.0,1.0,0.0,1.0,0.2459016393442623,0.2459016393442623,1.0,0.4,0.4,77.69866114891934,88.86397142613781,168.4035088391086,181.02058153250846,208.08823477734884,0.0,39.54503742258951,0.0893312516263336,1260,9
final_refine_1m,1.0,633.0,468.0,787.2185211235823,1.0,1.0,0.0,1.0,0.2459016393442623,0.2459016393442623,1.0,0.4,0.4,77.62612153944845,88.76408820779508,168.12446604515958,180.70099893830238,207.6785470312482,0.0,39.495636178372024,0.0893312516263336,1260,9
final_refine_1m,1.0,633.0,469.0,787.8134296900504,1.0,1.0,0.0,1.0,0.2459016393442623,0.2459016393442623,1.0,0.4,0.4,77.55408318850131,88.66481373819502,167.84691086100986,180.38314613137752,207.2711457421531,0.0,39.44634215844026,0.0893312516263336,1260,9
final_refine_1m,1.0,633.0,470.0,788.4091577347386,1.0,1.0,0.0,1.0,0.2459016393442623,0.2459016393442623,1.0,0.4,0.4,77.4825424022041,88.56614397569439,167.57083282437685,180.0670106060432,206.8660135342072,0.0,39.39715503785901,0.0893312516263336,1260,9
final_refine_1m,1.0,633.0,471.0,789.0057034014393,1.0,1.0,0.0,1.0,0.2459016393442623,0.2459016393442623,1.0,0.4,0.4,77.4114955220699,88.46807463645226,167.2962215697472,179.7525799756492,206.46313320566455,0.0,39.34807449304103,0.08990372105126203,1260,9
final_refine_1m,1.0,633.0,472.0,789.6030648370104,1.0,1.0,0.0,1.0,0.2459016393442623,0.2459016393442623,1.0,0.4,0.4,77.34093892459526,88.37060163288464,167.02306682727638,179.43984197117658,206.06248772668155,0.0,39.299100201739094,0.08990372105126203,1260,9
final_refine_1m,1.0,633.0,473.0,790.2012401913831,1.0,1.0,0.0,1.0,0.2459016393442623,0.2459016393442623,1.0,0.4,0.4,77.27086902084397,88.27372080624279,166.7513584216719,179.12878443983905,205.66406023721316,0.0,39.25023184303811,0.08990372105126203,1260,9
final_refine_1m,1.0,633.0,474.0,790.8002276175697,1.0,1.0,0.0,1.0,0.2459016393442623,0.2459016393442623,1.0,0.4,0.4,77.20128225604962,88.17742816781973,166.48108627111975,178.81939534372438,205.26783404486918,0.0,39.20146909734727,0.08990372105126203,1260,9
final_refine_1m,1.0,633.0,475.0,791.4000252716701,1.0,1.0,0.0,1.0,0.24605776736924279,0.24605776736924279,1.0,0.4007936507936508,0.4007936507936508,77.13217510921609,88.08171953555227,166.2122403862076,178.51166275843454,204.8737926228713,0.0,39.152811646392344,0.08990372105126203,1260,9
final_refine_1m,1.0,633.0,476.0,792.0006313128797,1.0,1.0,0.0,1.0,0.24621389539422325,0.24621389539422325,1.0,0.4015873015873016,0.4015873015873016,77.06354409273058,87.98659116478147,165.94481086887347,178.20557487174875,204.4819196079772,0.0,39.10425917320797,0.08990372105126203,1260,9
final_refine_1m,1.0,633.0,477.0,792.6020439034963,1.0,1.0,0.0,1.0,0.24637002341920375,0.24637002341920375,1.0,0.4023809523809524,0.4023809523809524,76.99538575197425,87.89203864539917,165.67878791136758,177.92477804118764,204.09219879848246,0.0,39.05581136213004,0.09047619047619047,1260,9
final_refine_1m,1.0,633.0,478.0,793.2042612089272,1.0,1.0,0.0,1.0,0.2466822794691647,0.2466822794691647,1.0,0.403968253968254,0.403968253968254,76.92769666494364,87.79805806154314,165.41416179521528,177.65520716189485,203.7046141522352,0.0,39.007467898788114,0.09047619047619047,1260,9
final_refine_1m,1.0,633.0,479.0,793.8072813976954,1.0,1.0,0.0,1.0,0.2468384074941452,0.2468384074941452,1.0,0.40476190476190477,0.40476190476190477,76.86905176894132,87.70464553254455,165.15092289022215,177.3869544440877,203.3191497846698,0.0,38.95922847009795,0.09047619047619047,1260,9
final_refine_1m,1.0,633.0,480.0,794.4111026414472,1.0,1.0,0.0,1.0,0.24699453551912567,0.24699453551912567,1.0,0.40555555555555556,0.40555555555555556,76.81170879552047,87.6117972125343,164.8890616534611,177.12001140563265,202.93578996688507,0.0,38.911092764254036,0.09047619047619047,1260,9
final_refine_1m,1.0,634.0,459.0,782.7113133205627,1.0,1.0,0.0,1.0,0.2459016393442623,0.2459016393442623,1.0,0.4,0.4,78.15116476313675,89.56272052583329,170.5251477055768,183.36983684625204,211.1410445060391,0.0,39.91008188618186,0.08761384335154827,1260,9
final_refine_1m,1.0,634.0,460.0,783.2981552384762,1.0,1.0,0.0,1.0,0.2459016393442623,0.2459016393442623,1.0,0.4,0.4,78.07487594128058,89.45811714883642,170.21562872376927,183.0366895877525,210.71331260760024,0.0,39.8598095098895,0.0881863127764767,1260,9
final_refine_1m,1.0,634.0,461.0,783.8858335242447,1.0,1.0,0.0,1.0,0.2459016393442623,0.2459016393442623,1.0,0.4,0.4,77.99911714271103,89.35415585256322,169.9078592674696,182.70537281397938,210.28800780385208,0.0,39.80964711732714,0.0881863127764767,1260,9
final_refine_1m,1.0,634.0,462.0,784.4743462982075,1.0,1.0,0.0,1.0,0.2459016393442623,0.2459016393442623,1.0,0.4,0.4,77.92388439035608,89.25083211126079,169.6018261790803,182.37587304259216,209.86511128376713,0.0,39.75959437182832,0.0881863127764767,1260,9
final_refine_1m,1.0,634.0,463.0,785.0636916836748,1.0,1.0,0.0,1.0,0.2459016393442623,0.2459016393442623,1.0,0.4,0.4,77.84917374591461,89.14814144134186,169.29751643107718,182.04817692204873,209.44460442860822,0.0,39.70965093814428,0.0881863127764767,1260,9
final_refine_1m,1.0,634.0,464.0,785.653867806937,1.0,1.0,0.0,1.0,0.2459016393442623,0.2459016393442623,1.0,0.4,0.4,77.77498130939578,89.04607940089609,169.0001622091611,181.72227123003555,209.02646880947225,0.0,39.659816482435424,0.0881863127764767,1260,9
final_refine_1m,1.0,634.0,465.0,786.244872797273,1.0,1.0,0.0,1.0,0.2459016393442623,0.2459016393442623,1.0,0.4,0.4,77.70130321865906,88.94464158920786,168.71724232210448,181.39814287190552,208.61068618487388,0.0,39.61009067226282,0.08875878220140515,1260,9
final_refine_1m,1.0,634.0,466.0,786.836704786959,1.0,1.0,0.0,1.0,0.2459016393442623,0.2459016393442623,1.0,0.4,0.4,77.6281356489695,88.84382364628172,168.43583882328636,181.07577887914445,208.19723849837143,0.0,39.56047317657988,0.08875878220140515,1260,9
final_refine_1m,1.0,634.0,467.0,787.4293619112765,1.0,1.0,0.0,1.0,0.2459016393442623,0.2459016393442623,1.0,0.4,0.4,77.55547481255849,88.74362125237305,168.15594097648676,180.7551664078462,207.78610787624666,0.0,39.51096366572402,0.08875878220140515,1260,9
final_refine_1m,1.0,634.0,468.0,788.0228423085209,1.0,1.0,0.0,1.0,0.2459016393442623,0.2459016393442623,1.0,0.4,0.4,77.48331695818341,88.64403012752646,167.8775381454695,180.43629273723826,207.37727662517185,0.0,39.46156181140841,0.08875878220140515,1260,9
final_refine_1m,1.0,634.0,469.0,788.6171441200096,1.0,1.0,0.0,1.0,0.2459016393442623,0.2459016393442623,1.0,0.4,0.4,77.41165837070164,88.54504603111975,167.60061979283032,180.11914526819373,206.97072722997385,0.0,39.41226728671381,0.08875878220140515,1260,9
final_refine_1m,1.0,634.0,470.0,789.2122654900899,1.0,1.0,0.0,1.0,0.2459016393442623,0.2459016393442623,1.0,0.4,0.4,77.34049537064205,88.44666476141428,167.32517547885405,179.8037115217971,206.56644235137202,0.0,39.36307976608051,0.08875878220140515,1260,9
final_refine_1m,1.0,634.0,471.0,789.8082045661465,1.0,1.0,0.0,1.0,0.2459016393442623,0.2459016393442623,1.0,0.4,0.4,77.26982431379659,88.34888215511185,167.05119486037012,179.48997913789992,206.1644048237935,0.0,39.313998925300204,0.0893312516263336,1260,9
final_refine_1m,1.0,634.0,472.0,790.4049594986104,1.0,1.0,0.0,1.0,0.2459016393442623,0.2459016393442623,1.0,0.4,0.4,77.19964159079862,88.25169408691718,166.77866768966246,179.17793587372566,205.76459765321147,0.0,39.26502444150812,0.0893312516263336,1260,9
final_refine_1m,1.0,634.0,473.0,791.0025284409652,1.0,1.0,0.0,1.0,0.2459016393442623,0.2459016393442623,1.0,0.4,0.4,77.12994362672124,88.15509646910677,166.50758381335203,178.8675696024652,205.36700401499223,0.0,39.21615599317504,0.0893312516263336,1260,9
final_refine_1m,1.0,634.0,474.0,791.6009095497553,1.0,1.0,0.0,1.0,0.2459016393442623,0.2459016393442623,1.0,0.4,0.4,77.06072688067911,88.05908525110307,166.2379331713256,178.55886831193322,204.97160725180004,0.0,39.16739326009951,0.0893312516263336,1260,9
final_refine_1m,1.0,634.0,475.0,792.2001009845934,1.0,1.0,0.0,1.0,0.2459016393442623,0.2459016393442623,1.0,0.4,0.4,76.99198784542645,87.96365641905525,165.96970579567326,178.2518201031857,204.57839087153602,0.0,39.11873592340003,0.0893312516263336,1260,9
final_refine_1m,1.0,634.0,476.0,792.8001009081671,1.0,1.0,0.0,1.0,0.2459016393442623,0.2459016393442623,1.0,0.4,0.4,76.92372304697626,87.86880599542485,165.7028918096172,177.9556094923485,204.1873385452778,0.0,39.07018366550737,0.0893312516263336,1260,9
final_refine_1m,1.0,634.0,477.0,793.4009074862469,1.0,1.0,0.0,1.0,0.2459016393442623,0.2459016393442623,1.0,0.4,0.4,76.85599139116006,87.7745300385774,165.4374814264976,177.68527414081788,203.7984341052874,0.0,39.0217361701569,0.08990372105126203,1260,9
final_refine_1m,1.0,634.0,478.0,794.0025188876922,1.0,1.0,0.0,1.0,0.2459016393442623,0.2459016393442623,1.0,0.4,0.4,76.79818416347139,87.68082464237958,165.1734649487305,177.41626300272662,203.4116615430059,0.0,38.973393122381054,0.08990372105126203,1260,9
final_refine_1m,1.0,634.0,479.0,794.6049332844593,1.0,1.0,0.0,1.0,0.2459016393442623,0.2459016393442623,1.0,0.4,0.4,76.74076017415615,87.58768593580167,164.91083276679996,177.14856753975147,203.0270050071351,0.0,38.925154208501716,0.08990372105126203,1260,9
final_refine_1m,1.0,634.0,480.0,795.2081488516072,1.0,1.0,0.0,1.0,0.2459016393442623,0.2459016393442623,1.0,0.4,0.4,76.68371688348532,87.49511008252554,164.64957535827682,176.88217928609367,202.64444880168193,0.0,38.87701911612286,0.08990372105126203,1260,9
final_refine_1m,1.0,635.0,459.0,783.5215376746194,1.0,1.0,0.0,1.0,0.2459016393442623,0.2459016393442623,1.0,0.4,0.4,78.00511193307992,89.44021362267263,170.2617714980955,183.09887927019201,210.83218346292605,0.0,39.87592353862684,0.08704137392661983,1260,9
final_refine_1m,1.0,635.0,460.0,784.1077732046788,1.0,1.0,0.0,1.0,0.2459016393442623,0.2459016393442623,1.0,0.4,0.4,77.92922060510115,89.33592513328098,169.95298780793593,182.76646986701513,210.40534532027712,0.0,39.825652751024776,0.08761384335154827,1260,9
final_refine_1m,1.0,635.0,461.0,784.6948451468252,1.0,1.0,0.0,1.0,0.2459016393442623,0.2459016393442623,1.0,0.4,0.4,77.85385719180289,89.23227715293264,169.64594976933222,182.43588714303417,209.98092936987496,0.0,39.77549204463612,0.08761384335154827,1260,9
final_refine_1m,1.0,635.0,462.0,785.282751625171,1.0,1.0,0.0,1.0,0.2459016393442623,0.2459016393442623,1.0,0.4,0.4,77.77901773163248,89.12926516718008,169.3406442547064,182.10711764490526,209.5589168405216,0.0,39.725441082222865,0.08761384335154827,1260,9
final_refine_1m,1.0,635.0,463.0,785.8714907667793,1.0,1.0,0.0,1.0,0.2459016393442623,0.2459016393442623,1.0,0.4,0.4,77.70469830166024,89.0268847036336,169.03705826624673,181.78014804980324,209.13928915285413,0.0,39.67549952796768,0.08761384335154827,1260,9
final_refine_1m,1.0,635.0,464.0,786.4610607016726,1.0,1.0,0.0,1.0,0.2459016393442623,0.2459016393442623,1.0,0.4,0.4,77.63089501711572,88.92513133147379,168.75090026096632,181.45496516382892,208.72202791692806,0.0,39.62566704746534,0.08761384335154827,1260,9
final_refine_1m,1.0,635.0,465.0,787.0514595628421,1.0,1.0,0.0,1.0,0.2459016393442623,0.2459016393442623,1.0,0.4,0.4,77.55760403094115,88.82400066097128,168.46862921199497,181.13155592045874,208.30711492980078,0.0,39.57594330771432,0.0881863127764767,1260,9
final_refine_1m,1.0,635.0,466.0,787.6426854862552,1.0,1.0,0.0,1.0,0.2459016393442623,0.2459016393442623,1.0,0.4,0.4,77.48482153333892,88.72348834301201,168.18787135444734,180.80990737902195,207.89453217315182,0.0,39.52632797710835,0.0881863127764767,1260,9
final_refine_1m,1.0,635.0,467.0,788.2347366108652,1.0,1.0,0.0,1.0,0.2459016393442623,0.2459016393442623,1.0,0.4,0.4,77.41254375133767,88.62359006863099,167.90861597530298,180.49000672317734,207.48426181097042,0.0,39.47682072542811,0.0881863127764767,1260,9
final_refine_1m,1.0,635.0,468.0,788.8276110786184,1.0,1.0,0.0,1.0,0.2459016393442623,0.2459016393442623,1.0,0.4,0.4,77.34076694835224,88.5243015685502,167.6308524613092,180.17184125942558,207.0762861872533,0.0,39.427421223832965,0.0881863127764767,1260,9
final_refine_1m,1.0,635.0,469.0,789.4213070344631,1.0,1.0,0.0,1.0,0.2459016393442623,0.2459016393442623,1.0,0.4,0.4,77.26948742376324,88.4256186127249,167.35457029781014,179.85539841565554,206.6705878237284,0.0,39.378129144852764,0.0881863127764767,1260,9
final_refine_1m,1.0,635.0,470.0,790.0158226263572,1.0,1.0,0.0,1.0,0.2459016393442623,0.2459016393442623,1.0,0.4,0.4,77.19870151248585,88.32753700989485,167.07975906761905,179.54066573968382,206.26714941764567,0.0,39.32894416237976,0.0881863127764767,1260,9
final_refine_1m,1.0,635.0,471.0,790.6111560052767,1.0,1.0,0.0,1.0,0.2459016393442623,0.2459016393442623,1.0,0.4,0.4,77.12840558456237,88.23005260714193,166.80640844988386,179.22763089782654,205.8659538395587,0.0,39.27986595166051,0.08875878220140515,1260,9
final_refine_1m,1.0,635.0,472.0,791.2073053252226,1.0,1.0,0.0,1.0,0.2459016393442623,0.2459016393442623,1.0,0.4,0.4,77.05859604474621,88.13316128945465,166.53450821898343,178.9162816735157,205.466984131192,0.0,39.23089418928792,0.08875878220140515,1260,9
final_refine_1m,1.0,635.0,473.0,791.8042687432293,1.0,1.0,0.0,1.0,0.2459016393442623,0.2459016393442623,1.0,0.4,0.4,76.98926933209975,88.03685897929714,166.26404824342293,178.60660596588792,205.070223503286,0.0,39.18202855319332,0.08875878220140515,1260,9
final_refine_1m,1.0,635.0,474.0,792.4020444193718,1.0,1.0,0.0,1.0,0.2459016393442623,0.2459016393442623,1.0,0.4,0.4,76.92042191959503,87.94114163618534,165.99501848477067,178.298591788436,204.67565533351024,0.0,39.133268722638576,0.08875878220140515,1260,9
final_refine_1m,1.0,635.0,475.0,793.0006305167733,1.0,1.0,0.0,1.0,0.2459016393442623,0.2459016393442623,1.0,0.4,0.4,76.85205031371973,87.84600525626821,165.72740899657703,177.99222726765618,204.28326316439205,0.0,39.084614378208364,0.08875878220140515,1260,9
final_refine_1m,1.0,635.0,476.0,793.6000252016125,1.0,1.0,0.0,1.0,0.2459016393442623,0.2459016393442623,1.0,0.4,0.4,76.7852008587553,87.75144587191478,165.46120992332712,177.71575680161064,203.8930307012844,0.0,39.036065201802366,0.08951340098881083,1260,9
final_refine_1m,1.0,635.0,477.0,794.2002266431306,1.0,1.0,0.0,1.0,0.2459016393442623,0.2459016393442623,1.0,0.4,0.4,76.72731123023654,87.65745955130683,165.19641149942083,177.44598318513928,203.50494181035654,0.0,38.98762087662767,0.09008587041373926,1260,9
final_refine_1m,1.0,635.0,478.0,794.8012330136385,1.0,1.0,0.0,1.0,0.2459016393442623,0.2459016393442623,1.0,0.4,0.4,76.66980598403278,87.56404239803703,164.9330040481301,177.17753128180985,203.11898051661774,0.0,38.93928108719117,0.09008587041373926,1260,9
final_refine_1m,1.0,635.0,479.0,795.4030424885235,1.0,1.0,0.0,1.0,0.2459016393442623,0.2459016393442623,1.0,0.4,0.4,76.61268256738647,87.47119055071265,164.67097798060811,176.91039256975014,202.7351310019752,0.0,38.89104551929194,0.09084048920114494,1260,9
final_refine_1m,1.0,635.0,480.0,796.0056532462568,1.0,1.0,0.0,1.0,0.2459016393442623,0.2459016393442623,1.0,0.4,0.4,76.55593844962897,87.378900182564,164.41032379487848,176.64455859947347,202.35337760330611,0.0,38.84291386001389,0.09084048920114494,1260,9
final_refine_1m,1.0,636.0,471.0,791.4145563483148,1.0,1.0,0.0,1.0,0.2459016393442623,0.2459016393442623,1.0,0.4,0.4,76.98723940062939,88.11143575594286,166.56186232751097,178.96553523432013,205.5677802109822,0.0,39.24562652989724,0.08894093156388239,1260,9
final_refine_1m,1.0,636.0,472.0,792.0101009456887,1.0,1.0,0.0,1.0,0.2459016393442623,0.2459016393442623,1.0,0.4,0.4,76.91780235217696,88.01484061860349,166.29058840479468,178.65487934984466,205.1696471191936,0.0,39.19665781101152,0.08894093156388239,1260,9
final_refine_1m,1.0,636.0,473.0,792.6064597263891,1.0,1.0,0.0,1.0,0.2459016393442623,0.2459016393442623,1.0,0.4,0.4,76.84884620219485,87.9188330487615,166.02075170177937,178.34589350979752,204.77371866120197,0.0,39.147795307892196,0.08894093156388239,1260,9
final_refine_1m,1.0,636.0,474.0,793.2036308540197,1.0,1.0,0.0,1.0,0.2459016393442623,0.2459016393442623,1.0,0.4,0.4,76.78036743749165,87.8234090160051,165.75234220166638,178.03856575332574,204.37997824963549,0.0,39.0990386992723,0.08969555035128805,1260,9
final_refine_1m,1.0,636.0,475.0,793.8016124952128,1.0,1.0,0.0,1.0,0.2459016393442623,0.2459016393442623,1.0,0.4,0.4,76.71440516899766,87.72856452646249,165.48534997945345,177.74665773688298,203.9884094615993,0.0,39.05038766521036,0.08969555035128805,1260,9
final_refine_1m,1.0,636.0,476.0,794.400402819636,1.0,1.0,0.0,1.0,0.2459016393442623,0.2459016393442623,1.0,0.4,0.4,76.65643289171956,87.63429562238963,165.21976520085443,177.47611755294616,203.59899603667708,0.0,39.001841887082676,0.08969555035128805,1260,9
final_refine_1m,1.0,636.0,477.0,795.0,1.0,1.0,0.0,1.0,0.2459016393442623,0.2459016393442623,1.0,0.4,0.4,76.59884614660776,87.54059838176428,164.9555781213011,177.2069051628299,203.2117218748962,0.0,38.953401047575646,0.09102263856362217,1260,9
final_refine_1m,1.0,636.0,478.0,795.6004022120652,1.0,1.0,0.0,1.0,0.2459016393442623,0.2459016393442623,1.0,0.4,0.4,76.54164236777974,87.44746891788508,164.69277908489852,176.93901198809135,202.82657103478536,0.0,38.90506483067812,0.09102263856362217,1260,9
final_refine_1m,1.0,636.0,479.0,796.2016076346492,1.0,1.0,0.0,1.0,0.2459016393442623,0.2459016393442623,1.0,0.4,0.4,76.48481901160461,87.35490337897618,164.43135852342462,176.67242952330284,202.44352773141438,0.0,38.8568329216739,0.09102263856362217,1260,9
final_refine_1m,1.0,636.0,480.0,796.8036144496334,1.0,1.0,0.0,1.0,0.2459016393442623,0.2459016393442623,1.0,0.4,0.4,76.42837355646792,87.26289794779689,164.1713069553477,176.40714933527133,202.06257633447566,0.0,38.808705007134186,0.09177725735102785,1260,9
final_refine_1m,1.0,637.0,471.0,792.2184042295407,1.0,1.0,0.0,1.0,0.2459016393442623,0.2459016393442623,1.0,0.4,0.4,76.84632582848263,87.99303161269984,166.31755648273804,178.70369212653304,205.2698838963304,0.0,39.211280569990784,0.08912308092635962,1260,9
final_refine_1m,1.0,637.0,472.0,792.8133449936372,1.0,1.0,0.0,1.0,0.2459016393442623,0.2459016393442623,1.0,0.4,0.4,76.77726057904798,87.896732085449,166.04690823692394,178.3937288822624,204.87258657602212,0.0,39.162315217190915,0.08987769971376529,1260,9
final_refine_1m,1.0,637.0,473.0,793.4091000234368,1.0,1.0,0.0,1.0,0.2459016393442623,0.2459016393442623,1.0,0.4,0.4,76.7086743024358,87.80101868848482,165.77769417856615,178.08543221414698,204.47748944808876,0.0,39.11345616831257,0.08987769971376529,1260,9
final_refine_1m,1.0,637.0,474.0,794.0056674860703,1.0,1.0,0.0,1.0,0.2459016393442623,0.2459016393442623,1.0,0.4,0.4,76.64360424467137,87.70588740144717,165.50990431249153,177.77879018694816,204.0845759600553,0.0,39.06470310156769,0.08987769971376529,1260,9
final_refine_1m,1.0,637.0,475.0,794.6030455516767,1.0,1.0,0.0,1.0,0.2459016393442623,0.2459016393442623,1.0,0.4,0.4,76.58554906963074,87.61133424042245,165.24352873509633,177.50666868918685,203.6938297235707,0.0,39.016055696496444,0.09063231850117096,1260,9
final_refine_1m,1.0,637.0,476.0,795.2012323934113,1.0,1.0,0.0,1.0,0.2459016393442623,0.2459016393442623,1.0,0.4,0.4,76.52788058256114,87.51735525753344,164.97855763331287,177.23669173496134,203.30523451238577,0.0,38.96751363395942,0.0912047879260994,1260,9
final_refine_1m,1.0,637.0,477.0,795.8002261874522,1.0,1.0,0.0,1.0,0.2459016393442623,0.2459016393442623,1.0,0.4,0.4,76.4705962043566,87.42394654053346,164.71498128356498,176.96804006277034,202.91877426035626,0.0,38.91907659612991,0.0912047879260994,1260,9
final_refine_1m,1.0,637.0,478.0,796.4000251130082,1.0,1.0,0.0,1.0,0.2459016393442623,0.2459016393442623,1.0,0.4,0.4,76.41369337833014,87.33110421240697,164.45279005076333,176.70070511074113,202.5344330594686,0.0,38.87074426648635,0.09195940671350507,1260,9
final_refine_1m,1.0,637.0,479.0,797.0006273523252,1.0,1.0,0.0,1.0,0.2459016393442623,0.2459016393442623,1.0,0.4,0.4,76.3571695699689,87.23882443097504,164.19197438729202,176.4346783898573,202.15219515790866,0.0,38.82251632980468,0.09195940671350507,1260,9
final_refine_1m,1.0,637.0,480.0,797.6020310906938,1.0,1.0,0.0,1.0,0.2459016393442623,0.2459016393442623,1.0,0.4,0.4,76.30102226669877,87.14710338850647,163.93252483203025,176.16995148319836,201.7720449581585,0.0,38.77439247215087,0.09195940671350507,1260,9
final_refine_1m,1.0,681.0,425.0,802.7365694921342,1.0,1.0,0.0,1.0,0.25573770491803277,0.25573770491803277,1.0,0.3611111111111111,0.3611111111111111,73.84017865299889,87.50984642507362,168.6042569399332,182.17307724835388,211.52770459295172,0.0,40.09100045856823,0.09266198282591726,1260,9
final_refine_1m,1.0,681.0,426.0,803.2664564140595,1.0,1.0,0.0,1.0,0.25573770491803277,0.25573770491803277,1.0,0.3611111111111111,0.3611111111111111,73.77423063901729,87.39724335290182,168.31942611474744,181.80931021913042,211.05459150628184,0.0,40.03678657087484,0.09266198282591726,1260,9
final_refine_1m,1.0,681.0,427.0,803.7972381141901,1.0,1.0,0.0,1.0,0.25573770491803277,0.25573770491803277,1.0,0.3611111111111111,0.3611111111111111,73.71045416626318,87.28537412159194,168.04302029514162,181.44769448933235,210.584380251633,0.0,39.98270017866873,0.0932864949258392,1260,9
final_refine_1m,1.0,681.0,428.0,804.328912821117,1.0,1.0,0.0,1.0,0.25573770491803277,0.25573770491803277,1.0,0.3611111111111111,0.3611111111111111,73.64713525347372,87.17423535626558,167.7680758094868,181.08821289535115,210.11704637394877,0.0,39.92874086130626,0.0932864949258392,1260,9
final_refine_1m,1.0,681.0,429.0,804.8614787651351,1.0,1.0,0.0,1.0,0.25573770491803277,0.25573770491803277,1.0,0.3611111111111111,0.3611111111111111,73.58427050068973,87.06381721758238,167.4945824794472,180.73084845395303,209.6525656900039,0.0,39.87490820005753,0.0932864949258392,1260,9
final_refine_1m,1.0,681.0,430.0,805.3949341782577,1.0,1.0,0.0,1.0,0.25487900078064013,0.25487900078064013,1.0,0.3603174603174603,0.3603174603174603,73.5218565407317,86.95411658083299,167.17783104828848,180.37558435993355,209.19091428465478,0.0,39.82120177809397,0.0932864949258392,1260,9
final_refine_1m,1.0,681.0,431.0,805.9292772942301,1.0,1.0,0.0,1.0,0.25487900078064013,0.25487900078064013,1.0,0.3603174603174603,0.3603174603174603,73.45989003881891,86.84512972426118,166.85071802971822,180.02240398377646,208.732068507143,0.0,39.76762118047608,0.0932864949258392,1260,9
final_refine_1m,1.0,681.0,432.0,806.4645063485435,1.0,1.0,0.0,1.0,0.25487900078064013,0.25487900078064013,1.0,0.3603174603174603,0.3603174603174603,73.39836769218815,86.73684698497587,166.52557708915563,179.67129086936558,208.27600496742642,0.0,39.71416599414116,0.09391100702576112,1260,9
final_refine_1m,1.0,681.0,433.0,807.0006195784487,1.0,1.0,0.0,1.0,0.25487900078064013,0.25487900078064013,1.0,0.3603174603174603,0.3603174603174603,73.33728622971903,86.62926599530167,166.20239234595627,179.322228731744,207.82270053263503,0.0,39.66083580789128,0.09391100702576112,1260,9
final_refine_1m,1.0,681.0,434.0,807.5376152229691,1.0,1.0,0.0,1.0,0.25487900078064013,0.25487900078064013,1.0,0.3603174603174603,0.3603174603174603,73.27664241157402,86.52238264136766,165.88114808748017,178.97520145487937,207.37213232351826,0.0,39.60763021238127,0.09391100702576112,1260,9
final_refine_1m,1.0,681.0,435.0,808.0754915229146,1.0,1.0,0.0,1.0,0.25487900078064013,0.25487900078064013,1.0,0.3603174603174603,0.3603174603174603,73.21643302882335,86.41618753232328,165.56182876689897,178.63019308949058,206.9242777110063,0.0,39.554548800106865,0.09391100702576112,1260,9
final_refine_1m,1.0,682.0,425.0,803.5850919473307,1.0,1.0,0.0,1.0,0.25659640905542547,0.25659640905542547,1.0,0.3619047619047619,0.3619047619047619,73.70349632676972,87.38786181714755,168.35394604531956,181.8881161225384,211.20032463058484,0.0,40.058442844244745,0.09203747072599532,1260,9
final_refine_1m,1.0,682.0,426.0,804.114419718985,1.0,1.0,0.0,1.0,0.25659640905542547,0.25659640905542547,1.0,0.3619047619047619,0.3619047619047619,73.63961845646865,87.27559879677504,168.07668543650584,181.52519300392322,210.72824598610126,0.0,40.00422295007211,0.09203747072599532,1260,9
final_refine_1m,1.0,682.0,427.0,804.6446420625691,1.0,1.0,0.0,1.0,0.25659640905542547,0.25659640905542547,1.0,0.3619047619047619,0.3619047619047619,73.5761996978889,87.16406983057018,167.80089347899343,181.1644164666402,210.25906299232443,0.0,39.95013069103921,0.09266198282591726,1260,9
final_refine_1m,1.0,682.0,428.0,805.1757572108093,1.0,1.0,0.0,1.0,0.25659640905542547,0.25659640905542547,1.0,0.3619047619047619,0.3619047619047619,73.51323663138933,87.05326694082981,167.526559921001,180.80576938609943,209.792751248935,0.0,39.89616564563265,0.09266198282591726,1260,9
final_refine_1m,1.0,682.0,429.0,805.7077633981195,1.0,1.0,0.0,1.0,0.25659640905542547,0.25659640905542547,1.0,0.3619047619047619,0.3619047619047619,73.45072587037656,86.94318408426496,167.23340854592126,180.44923481766634,209.32928662679774,0.0,39.84232739425829,0.09266198282591726,1260,9
final_refine_1m,1.0,682.0,430.0,806.2406588606159,1.0,1.0,0.0,1.0,0.25659640905542547,0.25659640905542547,1.0,0.3619047619047619,0.3619047619047619,73.38866406091739,86.83381887642322,166.90513054076862,180.09479599429486,208.86864526422102,0.0,39.788615519228834,0.09266198282591726,1260,9
final_refine_1m,1.0,682.0,431.0,806.7744418361306,1.0,1.0,0.0,1.0,0.25659640905542547,0.25659640905542547,1.0,0.3619047619047619,0.3619047619047619,73.32704788135197,86.72516267326942,166.57883600877108,179.74243632421195,208.4108035632676,0.0,39.73502960475138,0.09266198282591726,1260,9
final_refine_1m,1.0,682.0,432.0,807.309110564225,1.0,1.0,0.0,1.0,0.25659640905542547,0.25659640905542547,1.0,0.3619047619047619,0.3619047619047619,73.26587404192148,86.6172101282162,166.25450893775692,179.39213938863708,207.95573818610671,0.0,39.68156923691531,0.09266198282591726,1260,9
final_refine_1m,1.0,682.0,433.0,807.8446632862039,1.0,1.0,0.0,1.0,0.25659640905542547,0.25659640905542547,1.0,0.3619047619047619,0.3619047619047619,73.20513928439382,86.50995923990158,165.93213348538566,179.04388893952634,207.50342605145858,0.0,39.62823400368005,0.0932864949258392,1260,9
final_refine_1m,1.0,682.0,434.0,808.3810982451284,1.0,1.0,0.0,1.0,0.25573770491803277,0.25573770491803277,1.0,0.3611111111111111,0.3611111111111111,73.14484038169721,86.40340113577629,165.61169397690378,178.69766889736712,207.05384433107682,0.0,39.57502349486308,0.0932864949258392,1260,9
final_refine_1m,1.0,682.0,435.0,808.9184136858303,1.0,1.0,0.0,1.0,0.25573770491803277,0.25573770491803277,1.0,0.3611111111111111,0.3611111111111111,73.08497413755956,86.29753113408364,165.29317490294574,178.35346334899174,206.6069704462875,0.0,39.52193730212806,0.0932864949258392,1260,9
final_refine_1m,1.0,683.0,425.0,804.4339624854236,1.0,1.0,0.0,1.0,0.25831381733021075,0.25831381733021075,1.0,0.3634920634920635,0.3634920634920635,73.56877392927852,87.2666856556218,168.1108186406598,181.60344301894,210.87326443225757,0.0,40.02598583231049,0.09141295862607338,1260,9
final_refine_1m,1.0,683.0,426.0,804.9627320565841,1.0,1.0,0.0,1.0,0.25831381733021075,0.25831381733021075,1.0,0.3634920634920635,0.3634920634920635,73.50525499405069,87.1547472097419,167.8341742689748,181.24136291132925,210.4022191182056,0.0,39.97176210052014,0.09141295862607338,1260,9
final_refine_1m,1.0,683.0,427.0,805.4923959914208,1.0,1.0,0.0,1.0,0.25831381733021075,0.25831381733021075,1.0,0.3634920634920635,0.3634920634920635,73.44219329184293,87.04354029926667,167.55899559633178,180.88142467276518,209.93406328141802,0.0,39.917666133538496,0.09141295862607338,1260,9
final_refine_1m,1.0,683.0,428.0,806.0229525267875,1.0,1.0,0.0,1.0,0.2574551131928181,0.2574551131928181,1.0,0.3626984126984127,0.3626984126984127,73.37958541648958,86.93305636926307,167.2852723918754,180.52361121763704,209.46877257622592,0.0,39.8636975090506,0.09203747072599532,1260,9
final_refine_1m,1.0,683.0,429.0,806.5543999012094,1.0,1.0,0.0,1.0,0.2574551131928181,0.2574551131928181,1.0,0.3626984126984127,0.3626984126984127,73.31742799474647,86.8232929029562,166.96017953070307,180.1679056398411,209.00632292750842,0.0,39.80985580666564,0.09203747072599532,1260,9
final_refine_1m,1.0,683.0,430.0,807.0867363548977,1.0,1.0,0.0,1.0,0.2574551131928181,0.2574551131928181,1.0,0.3626984126984127,0.3626984126984127,73.25571768590792,86.71424396343566,166.6327237448001,179.81429121043658,208.54669052694499,0.0,39.756140607904435,0.09203747072599532,1260,9
final_refine_1m,1.0,683.0,431.0,807.6199601297631,1.0,1.0,0.0,1.0,0.2574551131928181,0.2574551131928181,1.0,0.3626984126984127,0.3626984126984127,73.19445118142204,86.60590188701775,166.30724678220534,179.46275137534323,208.08985182933546,0.0,39.702551496187084,0.09203747072599532,1260,9
final_refine_1m,1.0,683.0,432.0,808.1540694694298,1.0,1.0,0.0,1.0,0.2574551131928181,0.2574551131928181,1.0,0.3626984126984127,0.3626984126984127,73.13362520451956,86.49826418419148,165.98373266943156,179.11326975305138,207.6357835489825,0.0,39.649088056820695,0.09203747072599532,1260,9
final_refine_1m,1.0,683.0,433.0,808.6890626192493,1.0,1.0,0.0,1.0,0.2574551131928181,0.2574551131928181,1.0,0.3626984126984127,0.3626984126984127,73.07323650983862,86.39132459579564,165.66216560238604,178.765830132381,207.1844626561218,0.0,39.59574987698716,0.09266198282591726,1260,9
final_refine_1m,1.0,683.0,434.0,809.224937826313,1.0,1.0,0.0,1.0,0.2574551131928181,0.2574551131928181,1.0,0.3626984126984127,0.3626984126984127,73.01328188305938,86.28507563185794,165.34252994414464,178.42041647027773,206.7358663734274,0.0,39.542536545731174,0.09266198282591726,1260,9
final_refine_1m,1.0,683.0,435.0,809.7616933394664,1.0,1.0,0.0,1.0,0.2574551131928181,0.2574551131928181,1.0,0.3626984126984127,0.3626984126984127,72.95375814055076,86.17951535246857,165.0248102227478,178.07701288964708,206.2899721725587,0.0,39.489447653948204,0.09266198282591726,1260,9
final_refine_1m,1.0,683.0,436.0,810.2993274093222,1.0,1.0,0.0,1.0,0.2574551131928181,0.2574551131928181,1.0,0.3626984126984127,0.3626984126984127,72.89466212900244,86.07463743542357,164.72293596668365,177.7356036771979,205.84675777076635,0.0,39.436482794372736,0.09266198282591726,1260,9
final_refine_1m,1.0,683.0,437.0,810.8378382882732,1.0,1.0,0.0,1.0,0.25659640905542547,0.25659640905542547,1.0,0.3619047619047619,0.3619047619047619,72.83599072508748,85.97043488037609,164.42854342208656,177.39617328134915,205.40620112756932,0.0,39.38364156156646,0.09266198282591726,1260,9
final_refine_1m,1.0,683.0,438.0,811.3772242305055,1.0,1.0,0.0,1.0,0.25659640905542547,0.25659640905542547,1.0,0.3619047619047619,0.3619047619047619,72.77774083510646,85.86690570086398,164.13582554777952,177.058706310154,204.96828044146926,0.0,39.33092355190669,0.0932864949258392,1260,9
final_refine_1m,1.0,683.0,439.0,811.917483492011,1.0,1.0,0.0,1.0,0.25659640905542547,0.25659640905542547,1.0,0.3619047619047619,0.3619047619047619,72.7199093946505,85.76404375636393,163.8447697231699,176.72318752925437,204.53297414672164,0.0,39.27832836357483,0.0932864949258392,1260,9
final_refine_1m,1.0,683.0,440.0,812.4586143306009,1.0,1.0,0.0,1.0,0.25659640905542547,0.25659640905542547,1.0,0.3619047619047619,0.3619047619047619,72.66249336826725,85.66184227719233,163.55536345268845,176.38960185987858,204.1002609101584,0.0,39.2258555965449,0.0932864949258392,1260,9
final_refine_1m,1.0,683.0,441.0,813.0006150059174,1.0,1.0,0.0,1.0,0.25659640905542547,0.25659640905542547,1.0,0.3619047619047619,0.3619047619047619,72.60548974912034,85.56029922924853,163.2675943642395,176.05793437685074,203.6701196280787,0.0,39.17350485257229,0.0932864949258392,1260,9
final_refine_1m,1.0,683.0,442.0,813.5434837794475,1.0,1.0,0.0,1.0,0.25659640905542547,0.25659640905542547,1.0,0.3619047619047619,0.3619047619047619,72.54889555867359,85.45940893271079,162.98145020769812,175.72817030664842,203.24252942315042,0.0,39.121275735182486,0.0932864949258392,1260,9
final_refine_1m,1.0,683.0,443.0,814.0872189145338,1.0,1.0,0.0,1.0,0.25659640905542547,0.25659640905542547,1.0,0.3619047619047619,0.3619047619047619,72.49270784635989,85.35916447853059,162.6969188533916,175.40029502548248,202.81746964140638,0.0,39.06916784965994,0.09391100702576112,1260,9
final_refine_1m,1.0,683.0,444.0,814.6318186763883,1.0,1.0,0.0,1.0,0.25573770491803277,0.25573770491803277,1.0,0.3611111111111111,0.3611111111111111,72.43692368926212,85.25956390001791,162.41398829064045,175.07429405740183,202.39491984926738,0.0,39.01718080303707,0.09391100702576112,1260,9
final_refine_1m,1.0,683.0,445.0,815.1772813321038,1.0,1.0,0.0,1.0,0.25573770491803277,0.25573770491803277,1.0,0.3611111111111111,0.3611111111111111,72.38154019180395,85.16060220849523,162.1326466262951,174.75015307243729,201.97485983059542,0.0,38.96531420408332,0.09391100702576112,1260,9
final_refine_1m,1.0,683.0,446.0,815.7236051506662,1.0,1.0,0.0,1.0,0.25573770491803277,0.25573770491803277,1.0,0.3611111111111111,0.3611111111111111,72.32655448543807,85.06227200724949,161.85288208331033,174.42785788476166,201.557269583839,0.0,38.9135676632943,0.09391100702576112,1260,9
final_refine_1m,1.0,683.0,447.0,816.2707884029662,1.0,1.0,0.0,1.0,0.25573770491803277,0.25573770491803277,1.0,0.3611111111111111,0.3611111111111111,72.27196372833558,84.96457149524431,161.5746829993266,174.10739445089388,201.142129319167,0.0,38.861940792881065,0.09391100702576112,1260,9
final_refine_1m,1.0,683.0,448.0,816.8188293618114,1.0,1.0,0.0,1.0,0.25573770491803277,0.25573770491803277,1.0,0.3611111111111111,0.3611111111111111,72.21776510508957,84.86749653489831,161.29803782528043,173.79175332365438,200.72941945570847,0.0,38.8104332067595,0.09391100702576112,1260,9
final_refine_1m,1.0,683.0,449.0,817.3677263019381,1.0,1.0,0.0,1.0,0.25573770491803277,0.25573770491803277,1.0,0.3611111111111111,0.3611111111111111,72.16395582641682,84.77103911412301,161.02293512403742,173.51118129054862,200.3191206187807,0.0,38.759044520539675,0.09453551912568306,1260,9
final_refine_1m,1.0,683.0,450.0,817.9174775000226,1.0,1.0,0.0,1.0,0.25573770491803277,0.25573770491803277,1.0,0.3611111111111111,0.3611111111111111,72.11053312885947,84.67519747997108,160.7493635690434,173.23206078864334,199.9112136371956,0.0,38.70777435151547,0.09453551912568306,1260,9
final_refine_1m,1.0,683.0,451.0,818.4680812346929,1.0,1.0,0.0,1.0,0.25487900078064013,0.25487900078064013,1.0,0.3603174603174603,0.3603174603174603,72.05749427450006,84.57996846707773,160.47731194297864,172.95438190478075,199.50567954060335,0.0,38.65662231865416,0.09453551912568306,1260,9
final_refine_1m,1.0,683.0,452.0,819.0195357865404,1.0,1.0,0.0,1.0,0.25487900078064013,0.25487900078064013,1.0,0.3603174603174603,0.3603174603174603,72.00483655067107,84.4853436450574,160.2067691364692,172.6781348149437,199.10249955685683,0.0,38.605588042586135,0.09453551912568306,1260,9
final_refine_1m,1.0,683.0,453.0,819.57183943813,1.0,1.0,0.0,1.0,0.25487900078064013,0.25487900078064013,1.0,0.3603174603174603,0.3603174603174603,71.95255726967716,84.39132198313081,159.9377241467712,172.40330978324937,198.70165510944915,0.0,38.55467287135346,0.09453551912568306,1260,9
final_refine_1m,1.0,683.0,454.0,820.1249904740131,1.0,1.0,0.0,1.0,0.25487900078064013,0.25487900078064013,1.0,0.3603174603174603,0.3603174603174603,71.9006537685096,84.29790254227781,159.67812097189884,172.12989716095862,198.30312781496562,0.0,38.50387598982115,0.095160031225605,1260,9
final_refine_1m,1.0,683.0,455.0,820.6789871807368,1.0,1.0,0.0,1.0,0.25487900078064013,0.25487900078064013,1.0,0.3603174603174603,0.3603174603174603,71.84912340858149,84.2050760801852,159.42871839252436,171.85788738551372,197.90689948059168,0.0,38.45319572394691,0.095160031225605,1260,9
final_refine_1m,1.0,683.0,456.0,821.2338278468563,1.0,1.0,0.0,1.0,0.2540202966432475,0.2540202966432475,1.0,0.3595238095238095,0.3595238095238095,71.79796357544467,84.11283942853116,159.18062862916722,171.58727097956105,197.51295210164332,0.0,38.40263170099525,0.095160031225605,1260,9
final_refine_1m,1.0,683.0,457.0,821.7895107629447,1.0,1.0,0.0,1.0,0.25428051001821494,0.25428051001821494,1.0,0.3603174603174603,0.3603174603174603,71.74717167853264,84.02119019585436,158.93384267210064,171.3180385500177,197.12126785915012,0.0,38.35218354984286,0.095160031225605,1260,9
final_refine_1m,1.0,684.0,425.0,805.2831800056425,1.0,1.0,0.0,1.0,0.25917252146760345,0.25917252146760345,1.0,0.36428571428571427,0.36428571428571427,73.43430102008988,87.14609783003463,167.86792132068905,181.31905790809193,210.54652393862244,0.0,39.99349667865158,0.09078844652615145,1260,9
final_refine_1m,1.0,684.0,426.0,805.8113923245315,1.0,1.0,0.0,1.0,0.25917252146760345,0.25917252146760345,1.0,0.36428571428571427,0.36428571428571427,73.37114035868444,87.03449925362884,167.5918926061463,180.9578199124763,210.0765108440644,0.0,39.93927252329199,0.09078844652615145,1260,9
final_refine_1m,1.0,684.0,427.0,806.3404987968793,1.0,1.0,0.0,1.0,0.25917252146760345,0.25917252146760345,1.0,0.36428571428571427,0.36428571428571427,73.30843505427576,86.92362777534574,167.31732664150928,180.59871907944844,209.609381061196,0.0,39.88517624684917,0.09078844652615145,1260,9
final_refine_1m,1.0,684.0,428.0,806.8704976636585,1.0,1.0,0.0,1.0,0.25917252146760345,0.25917252146760345,1.0,0.36428571428571427,0.36428571428571427,73.24618171415332,86.81347899492276,167.01586990657526,180.24173836229568,209.14511029891744,0.0,39.83120742631207,0.09141295862607338,1260,9
final_refine_1m,1.0,684.0,429.0,807.401387167498,1.0,1.0,0.0,1.0,0.25917252146760345,0.25917252146760345,1.0,0.36428571428571427,0.36428571428571427,73.1843769784092,86.70404970824207,166.68724513190963,179.88686089339424,208.6836745360292,0.0,39.77736564059775,0.09141295862607338,1260,9
final_refine_1m,1.0,684.0,430.0,807.933165552696,1.0,1.0,0.0,1.0,0.25917252146760345,0.25917252146760345,1.0,0.36428571428571427,0.36428571428571427,73.12301751954844,86.5953308116343,166.36061064273215,179.53406998185747,208.2250500175007,0.0,39.723650470538836,0.09141295862607338,1260,9
final_refine_1m,1.0,684.0,431.0,808.4658310652343,1.0,1.0,0.0,1.0,0.25917252146760345,0.25917252146760345,1.0,0.36428571428571427,0.36428571428571427,73.06210004211353,86.4873186732703,166.035950332933,179.1833491112358,207.76921325080355,0.0,39.670061498871064,0.09141295862607338,1260,9
final_refine_1m,1.0,684.0,432.0,808.9993819527923,1.0,1.0,0.0,1.0,0.25831381733021075,0.25831381733021075,1.0,0.3634920634920635,0.3634920634920635,73.00162128230491,86.3800096720885,165.7132482676448,178.83468193723985,207.31614100228646,0.0,39.616598310221036,0.09141295862607338,1260,9
final_refine_1m,1.0,684.0,433.0,809.5338164647602,1.0,1.0,0.0,1.0,0.25831381733021075,0.25831381733021075,1.0,0.3634920634920635,0.3634920634920635,72.9415780076157,86.27339491072709,165.39248868097437,178.48805228549506,206.86581029362546,0.0,39.56326049109397,0.09203747072599532,1260,9
final_refine_1m,1.0,684.0,434.0,810.0691328522523,1.0,1.0,0.0,1.0,0.25831381733021075,0.25831381733021075,1.0,0.3634920634920635,0.3634920634920635,72.88196701646883,86.16747130140125,165.07365597375843,178.1434441493639,206.41819839833386,0.0,39.51004762986166,0.09203747072599532,1260,9
final_refine_1m,1.0,684.0,435.0,810.605329368121,1.0,1.0,0.0,1.0,0.25831381733021075,0.25831381733021075,1.0,0.3634920634920635,0.3634920634920635,72.8227851378517,86.06223503703558,164.76242297769244,177.80084168775383,205.9732828383255,0.0,39.4569593167505,0.09203747072599532,1260,9
final_refine_1m,1.0,684.0,436.0,811.1424042669696,1.0,1.0,0.0,1.0,0.25831381733021075,0.25831381733021075,1.0,0.3634920634920635,0.3634920634920635,72.76402923096643,85.95767696593775,164.4670582784916,177.46022922299713,205.53104138052726,0.0,39.40399514382959,0.09203747072599532,1260,9
final_refine_1m,1.0,684.0,437.0,811.6803558051655,1.0,1.0,0.0,1.0,0.25831381733021075,0.25831381733021075,1.0,0.3634920634920635,0.3634920634920635,72.70569618488234,85.85379461525012,164.1733772392545,177.12159123874554,205.09145203354993,0.0,39.351154704999,0.09203747072599532,1260,9
final_refine_1m,1.0,684.0,438.0,812.219182240853,1.0,1.0,0.0,1.0,0.25831381733021075,0.25831381733021075,1.0,0.3634920634920635,0.3634920634920635,72.64778291818482,85.75058436719746,163.8813671418666,176.78491237790686,204.65449304443226,0.0,39.298437595978115,0.09266198282591726,1260,9
final_refine_1m,1.0,684.0,439.0,812.7588818339668,1.0,1.0,0.0,1.0,0.25831381733021075,0.25831381733021075,1.0,0.3634920634920635,0.3634920634920635,72.5902863786434,85.64803723008885,163.59101539450776,176.45017744059618,204.22014289540567,0.0,39.245843414294065,0.09266198282591726,1260,9
final_refine_1m,1.0,684.0,440.0,813.2994528462441,1.0,1.0,0.0,1.0,0.2574551131928181,0.2574551131928181,1.0,0.3626984126984127,0.3626984126984127,72.53320354286785,85.54615083943666,163.30230953007705,176.11737138214593,203.78838030072876,0.0,39.1933717592703,0.09266198282591726,1260,9
final_refine_1m,1.0,684.0,441.0,813.8408935412376,1.0,1.0,0.0,1.0,0.2574551131928181,0.2574551131928181,1.0,0.3626984126984127,0.3626984126984127,72.47653141598714,85.44492183576853,163.01523720466437,175.78647931111993,203.3591842035874,0.0,39.14102223201522,0.09266198282591726,1260,9
final_refine_1m,1.0,684.0,442.0,814.383202184328,1.0,1.0,0.0,1.0,0.2574551131928181,0.2574551131928181,1.0,0.3626984126984127,0.3626984126984127,72.4202670313128,85.3443413826266,162.72978619602424,175.45748648737788,202.93253377300204,0.0,39.08879443541093,0.09266198282591726,1260,9
final_refine_1m,1.0,684.0,443.0,814.9263770427362,1.0,1.0,0.0,1.0,0.2574551131928181,0.2574551131928181,1.0,0.3626984126984127,0.3626984126984127,72.36440745002702,85.24440697224523,162.44594440208854,175.13037832015084,202.50840840083987,0.0,39.03668797410213,0.0932864949258392,1260,9
final_refine_1m,1.0,684.0,444.0,815.4704163855363,1.0,1.0,0.0,1.0,0.2574551131928181,0.2574551131928181,1.0,0.3626984126984127,0.3626984126984127,72.30894976085717,85.14511574230858,162.16369983949264,174.80514036615895,202.0867876988194,0.0,38.984702454484996,0.0932864949258392,1260,9
final_refine_1m,1.0,684.0,445.0,816.0153184836666,1.0,1.0,0.0,1.0,0.2574551131928181,0.2574551131928181,1.0,0.3626984126984127,0.3626984126984127,72.25389107976835,85.04645900702303,161.88304064212068,174.48175832775962,201.66765149561311,0.0,38.93283748469629,0.0932864949258392,1260,9
final_refine_1m,1.0,684.0,446.0,816.561081609943,1.0,1.0,0.0,1.0,0.2574551131928181,0.2574551131928181,1.0,0.3626984126984127,0.3626984126984127,72.1992285496488,84.94843386846199,161.60395505969015,174.1602180511085,201.25097983395554,0.0,38.88109267460246,0.0932864949258392,1260,9
final_refine_1m,1.0,684.0,447.0,817.1077040390697,1.0,1.0,0.0,1.0,0.25659640905542547,0.25659640905542547,1.0,0.3619047619047619,0.3619047619047619,72.14495934001076,84.85103819608685,161.32643145632824,173.84050552436716,200.8367529678219,0.0,38.8294676357889,0.0932864949258392,1260,9
final_refine_1m,1.0,684.0,448.0,817.6551840476523,1.0,1.0,0.0,1.0,0.25659640905542547,0.25659640905542547,1.0,0.3619047619047619,0.3619047619047619,72.09108064668548,84.75426345038935,161.0504583091886,173.5462769653967,200.42495135964506,0.0,38.777961981549254,0.0932864949258392,1260,9
final_refine_1m,1.0,684.0,449.0,818.2035199142082,1.0,1.0,0.0,1.0,0.25659640905542547,0.25659640905542547,1.0,0.3619047619047619,0.3619047619047619,72.03758969152902,84.65810641194358,160.77602420709604,173.26631556755189,200.01555567756358,0.0,38.726575326874865,0.09391100702576112,1260,9
final_refine_1m,1.0,684.0,450.0,818.7527099191794,1.0,1.0,0.0,1.0,0.25659640905542547,0.25659640905542547,1.0,0.3619047619047619,0.3619047619047619,71.98448372212735,84.56256497974553,160.50311784917764,172.98780282582305,199.60854679274595,0.0,38.67530728844429,0.09391100702576112,1260,9
final_refine_1m,1.0,684.0,451.0,819.3027523449437,1.0,1.0,0.0,1.0,0.25659640905542547,0.25659640905542547,1.0,0.3619047619047619,0.3619047619047619,71.93176001150717,84.46763168911095,160.23172804355607,172.7107288470662,199.2039057767125,0.0,38.624157484612866,0.09391100702576112,1260,9
final_refine_1m,1.0,684.0,452.0,819.8536454758251,1.0,1.0,0.0,1.0,0.25659640905542547,0.25659640905542547,1.0,0.3619047619047619,0.3619047619047619,71.87941585785345,84.37330255308657,159.96184370602344,172.4350838270984,198.80161389874195,0.0,38.57312553540245,0.09391100702576112,1260,9
final_refine_1m,1.0,684.0,453.0,820.4053875981069,1.0,1.0,0.0,1.0,0.25573770491803277,0.25573770491803277,1.0,0.3611111111111111,0.3611111111111111,71.82744858422761,84.27957541878294,159.6947723432341,172.16085804966954,198.40165262328202,0.0,38.52221106249116,0.09391100702576112,1260,9
final_refine_1m,1.0,684.0,454.0,820.9579770000411,1.0,1.0,0.0,1.0,0.25573770491803277,0.25573770491803277,1.0,0.3611111111111111,0.3611111111111111,71.7758555382863,84.18644426073372,159.44463580019703,171.88804188550716,198.0040036074307,0.0,38.471413689203274,0.09453551912568306,1260,9
final_refine_1m,1.0,684.0,455.0,821.5114119718605,1.0,1.0,0.0,1.0,0.25573770491803277,0.25573770491803277,1.0,0.3611111111111111,0.3611111111111111,71.72463409201093,84.0939038812565,159.1958183774252,171.6166257913202,197.60864869843311,0.0,38.420733040499194,0.09453551912568306,1260,9
final_refine_1m,1.0,684.0,456.0,822.0656908057896,1.0,1.0,0.0,1.0,0.25573770491803277,0.25573770491803277,1.0,0.3611111111111111,0.3611111111111111,71.67378164143588,84.00195225656842,158.94831100247097,171.34660030885718,197.2155699312306,0.0,38.37016874296544,0.09453551912568306,1260,9
final_refine_1m,1.0,684.0,457.0,822.6208117960547,1.0,1.0,0.0,1.0,0.25573770491803277,0.25573770491803277,1.0,0.3611111111111111,0.3611111111111111,71.62329560638116,83.91058503892299,158.70210468483876,171.07795606395172,196.82474952605378,0.0,38.3197204248048,0.09453551912568306,1260,9
final_refine_1m,1.0,685.0,425.0,806.1327434114062,1.0,1.0,0.0,1.0,0.2608899297423888,0.2608899297423888,1.0,0.36587301587301585,0.36587301587301585,73.30007770724167,87.02575544117822,167.62525407933668,181.03496076086955,210.22010309065593,0.0,39.96087922144974,0.09016393442622951,1260,9
final_refine_1m,1.0,685.0,426.0,806.6603994246898,1.0,1.0,0.0,1.0,0.2608899297423888,0.2608899297423888,1.0,0.36587301587301585,0.36587301587301585,73.23727465763116,86.91449396881957,167.34984044230913,180.6745639788602,209.75112110548534,0.0,39.906655067470545,0.09016393442622951,1260,9
final_refine_1m,1.0,685.0,427.0,807.1889493792639,1.0,1.0,0.0,1.0,0.2600312256049961,0.2600312256049961,1.0,0.36507936507936506,0.36507936507936506,73.17492509166848,86.80395775676557,167.0722066261383,180.31629965877426,209.28501627428474,0.0,39.85255890457545,0.09016393442622951,1260,9
final_refine_1m,1.0,685.0,428.0,807.7183915202129,1.0,1.0,0.0,1.0,0.2600312256049961,0.2600312256049961,1.0,0.36507936507936506,0.36507936507936506,73.11302563008847,86.69414462382666,166.74240505460128,179.96015079275367,208.82176436043312,0.0,39.79859030907,0.09078844652615145,1260,9
final_refine_1m,1.0,685.0,429.0,808.2487240942605,1.0,1.0,0.0,1.0,0.2600312256049961,0.2600312256049961,1.0,0.36507936507936506,0.36507936507936506,73.05157292629868,86.58504677686801,166.41460533172778,179.60610055159177,208.3613413965821,0.0,39.74474885919166,0.09078844652615145,1260,9
final_refine_1m,1.0,685.0,430.0,808.7799453497843,1.0,1.0,0.0,1.0,0.2600312256049961,0.2600312256049961,1.0,0.36507936507936506,0.36507936507936506,72.99056366600212,86.47665800345868,166.0887912173189,179.25413228240217,207.90372368090786,0.0,39.69103413509723,0.09078844652615145,1260,9
final_refine_1m,1.0,685.0,431.0,809.3120535368295,1.0,1.0,0.0,1.0,0.2600312256049961,0.2600312256049961,1.0,0.36507936507936506,0.36507936507936506,72.92999456681672,86.36897615144139,165.76494664426502,178.90422950630756,207.4488877734715,0.0,39.63744571885042,0.09078844652615145,1260,9
final_refine_1m,1.0,685.0,432.0,809.8450469071229,1.0,1.0,0.0,1.0,0.2600312256049961,0.2600312256049961,1.0,0.36507936507936506,0.36507936507936506,72.8698623779016,86.26199311775736,165.44305571626663,178.55637591618444,206.99681049258402,0.0,39.5839831944095,0.09078844652615145,1260,9
final_refine_1m,1.0,685.0,433.0,810.3789237140858,1.0,1.0,0.0,1.0,0.2600312256049961,0.2600312256049961,1.0,0.36507936507936506,0.36507936507936506,72.81016387958799,86.15570339322825,165.12310270555835,178.21055537441504,206.54746891129054,0.0,39.53064614761511,0.09141295862607338,1260,9
final_refine_1m,1.0,685.0,434.0,810.9136822128481,1.0,1.0,0.0,1.0,0.2600312256049961,0.2600312256049961,1.0,0.36507936507936506,0.36507936507936506,72.75089588302173,86.05010483201032,164.8050720506953,177.86675191071564,206.10084035387158,0.0,39.47743416617812,0.09141295862607338,1260,9
final_refine_1m,1.0,685.0,435.0,811.4493206602616,1.0,1.0,0.0,1.0,0.2600312256049961,0.2600312256049961,1.0,0.36507936507936506,0.36507936507936506,72.69205522979952,85.94518924992518,164.5060947329643,177.52494971994972,205.65690239241772,0.0,39.42434683966769,0.09141295862607338,1260,9
final_refine_1m,1.0,685.0,436.0,811.9858373149128,1.0,1.0,0.0,1.0,0.25917252146760345,0.25917252146760345,1.0,0.36428571428571427,0.36428571428571427,72.63363879161791,85.8409516182111,164.21144454280986,177.18513316002134,205.2156328434488,0.0,39.37138375949933,0.09141295862607338,1260,9
final_refine_1m,1.0,685.0,437.0,812.5232304371365,1.0,1.0,0.0,1.0,0.25917252146760345,0.25917252146760345,1.0,0.36428571428571427,0.36428571428571427,72.57564346992768,85.73738977514486,163.91847425955092,176.8472867497583,204.77700976460537,0.0,39.318544518923126,0.09141295862607338,1260,9
final_refine_1m,1.0,685.0,438.0,813.0614982890286,1.0,1.0,0.0,1.0,0.25917252146760345,0.25917252146760345,1.0,0.36428571428571427,0.36428571428571427,72.51806619558664,85.63449545836058,163.6271711941117,176.51139516687076,204.3410114513812,0.0,39.26582871301208,0.09203747072599532,1260,9
final_refine_1m,1.0,685.0,439.0,813.6006391344589,1.0,1.0,0.0,1.0,0.25917252146760345,0.25917252146760345,1.0,0.36428571428571427,0.36428571428571427,72.46090392852311,85.53226377223967,163.33752278339804,176.17744324590657,203.90761643391855,0.0,39.213235938650506,0.09203747072599532,1260,9
final_refine_1m,1.0,685.0,440.0,814.1406512390841,1.0,1.0,0.0,1.0,0.25917252146760345,0.25917252146760345,1.0,0.36428571428571427,0.36428571428571427,72.40415365740192,85.4306928726943,163.0495165887401,175.8454159762441,203.47680347383286,0.0,39.16076579452262,0.09203747072599532,1260,9
final_refine_1m,1.0,685.0,441.0,814.6815328703603,1.0,1.0,0.0,1.0,0.25917252146760345,0.25917252146760345,1.0,0.36428571428571427,0.36428571428571427,72.34781239929518,85.32977487979305,162.76314029436494,175.51529850014882,203.04855156111853,0.0,39.10841788110109,0.09203747072599532,1260,9
final_refine_1m,1.0,685.0,442.0,815.2232822975556,1.0,1.0,0.0,1.0,0.25917252146760345,0.25917252146760345,1.0,0.36428571428571427,0.36428571428571427,72.29187719935543,85.22950491894035,162.47838170587588,175.1870761108015,202.6228399110966,0.0,39.05619180063581,0.09203747072599532,1260,9
final_refine_1m,1.0,685.0,443.0,815.7658977917623,1.0,1.0,0.0,1.0,0.25917252146760345,0.25917252146760345,1.0,0.36428571428571427,0.36428571428571427,72.23634513049561,85.12988109556515,162.19522874876156,174.86073425040942,202.19964796137987,0.0,39.00408715714273,0.09266198282591726,1260,9
final_refine_1m,1.0,685.0,444.0,816.3093776259096,1.0,1.0,0.0,1.0,0.25831381733021075,0.25831381733021075,1.0,0.3634920634920635,0.3634920634920635,72.18121329307522,85.0308961486209,161.91366946693486,174.53625850831844,201.77895536893573,0.0,38.95210355639278,0.09266198282591726,1260,9
final_refine_1m,1.0,685.0,445.0,816.8537200747757,1.0,1.0,0.0,1.0,0.25831381733021075,0.25831381733021075,1.0,0.3634920634920635,0.3634920634920635,72.1264788145837,84.93254497482218,161.63369202128402,174.21363461916508,201.36074200717107,0.0,38.90024060590087,0.09266198282591726,1260,9
final_refine_1m,1.0,685.0,446.0,817.3989234149993,1.0,1.0,0.0,1.0,0.25831381733021075,0.25831381733021075,1.0,0.3634920634920635,0.3634920634920635,72.07213884933712,84.83482562826062,161.3552846882455,173.89284846104212,200.94498796304435,0.0,38.84849791491507,0.09266198282591726,1260,9
final_refine_1m,1.0,685.0,447.0,817.9449859250926,1.0,1.0,0.0,1.0,0.25831381733021075,0.25831381733021075,1.0,0.3634920634920635,0.3634920634920635,72.01819057817079,84.73773169905124,161.07843585839447,173.58183577342103,200.5316735342661,0.0,38.796875094405756,0.09266198282591726,1260,9
final_refine_1m,1.0,685.0,448.0,818.4919058854522,1.0,1.0,0.0,1.0,0.25831381733021075,0.25831381733021075,1.0,0.3634920634920635,0.3634920634920635,71.9646312081423,84.64125761021535,160.8031340350718,173.30102869216228,200.12077922651568,0.0,38.74537175705495,0.09266198282591726,1260,9
final_refine_1m,1.0,685.0,449.0,819.0396815783714,1.0,1.0,0.0,1.0,0.25831381733021075,0.25831381733021075,1.0,0.3634920634920635,0.3634920634920635,71.91145797223349,84.54540136374652,160.52936783301226,173.02167735787125,199.7122857506939,0.0,38.69398751724572,0.0932864949258392,1260,9
final_refine_1m,1.0,685.0,450.0,819.5883112880515,1.0,1.0,0.0,1.0,0.2574551131928181,0.2574551131928181,1.0,0.3626984126984127,0.3626984126984127,71.85866812906046,84.45015770892849,160.2571259770028,172.74377180763398,199.30617402025553,0.0,38.6427219910517,0.0932864949258392,1260,9
final_refine_1m,1.0,685.0,451.0,820.1377933006136,1.0,1.0,0.0,1.0,0.2574551131928181,0.2574551131928181,1.0,0.3626984126984127,0.3626984126984127,71.80625896258341,84.35552011526848,159.9863973005598,172.46730216830315,198.9024251485433,0.0,38.59157479622661,0.0932864949258392,1260,9
final_refine_1m,1.0,685.0,452.0,820.6881259041098,1.0,1.0,0.0,1.0,0.2574551131928181,0.2574551131928181,1.0,0.3626984126984127,0.3626984126984127,71.75422778182678,84.2614867713843,159.7171707446194,172.19225865549257,198.50102044618296,0.0,38.540545552193976,0.0932864949258392,1260,9
final_refine_1m,1.0,685.0,453.0,821.2393073885346,1.0,1.0,0.0,1.0,0.2574551131928181,0.2574551131928181,1.0,0.3626984126984127,0.3626984126984127,71.70257192059333,84.16805371115807,159.46093029992304,171.91863157257507,198.10194141853,0.0,38.489633880036905,0.0932864949258392,1260,9
final_refine_1m,1.0,685.0,454.0,821.7913360458359,1.0,1.0,0.0,1.0,0.2574551131928181,0.2574551131928181,1.0,0.3626984126984127,0.3626984126984127,71.65128873719345,84.07521327165206,159.2113811237891,171.64641130970386,197.70516976312797,0.0,38.43883940248787,0.09391100702576112,1260,9
final_refine_1m,1.0,685.0,455.0,822.3442101699263,1.0,1.0,0.0,1.0,0.2574551131928181,0.2574551131928181,1.0,0.3626984126984127,0.3626984126984127,71.60037561416371,83.98296377047424,158.96314828329054,171.3755883428428,197.31068736722995,0.0,38.388161743918715,0.09391100702576112,1260,9
final_refine_1m,1.0,685.0,456.0,822.897928056694,1.0,1.0,0.0,1.0,0.25659640905542547,0.25659640905542547,1.0,0.3619047619047619,0.3619047619047619,71.54982995800977,83.89130243050683,158.71622272538247,171.10615323281112,196.9184763053504,0.0,38.33760053033063,0.09391100702576112,1260,9
final_refine_1m,1.0,685.0,457.0,823.4524880040135,1.0,1.0,0.0,1.0,0.25659640905542547,0.25659640905542547,1.0,0.3619047619047619,0.3619047619047619,71.49964919892834,83.80022122968509,158.47059547877743,170.83809662434084,196.52851883684852,0.0,38.287155389344285,0.09391100702576112,1260,9
final_refine_1m,1.0,685.0,458.0,824.0078883117563,1.0,1.0,0.0,1.0,0.25659640905542547,0.25659640905542547,1.0,0.3619047619047619,0.3619047619047619,71.44983079055113,83.70971791054076,158.2262576530338,170.57140924513908,196.14079740356323,0.0,38.23682595019,0.09391100702576112,1260,9
final_refine_1m,1.0,685.0,459.0,824.5641272818021,1.0,1.0,0.0,1.0,0.25659640905542547,0.25659640905542547,1.0,0.3619047619047619,0.3619047619047619,71.40037220968455,83.61979029374719,157.9832004376438,170.30608190497884,195.75529462747213,0.0,38.186611843698024,0.09391100702576112,1260,9
final_refine_1m,1.0,686.0,425.0,806.9826516103057,1.0,1.0,0.0,1.0,0.26060369502992453,0.26060369502992453,1.0,0.3634920634920635,0.3634920634920635,73.16610409912121,86.90565708695408,167.38281691083097,180.75115154851756,209.89400182966637,0.0,39.92813334785103,0.09016393442622951,1260,9
final_refine_1m,1.0,686.0,426.0,807.5097522630919,1.0,1.0,0.0,1.0,0.2608899297423888,0.2608899297423888,1.0,0.36428571428571427,0.36428571428571427,73.10365799848745,86.79473136036958,167.10801777205262,180.3915950823265,209.42604984460195,0.0,39.87390962088911,0.09016393442622951,1260,9
final_refine_1m,1.0,686.0,427.0,808.0377466430637,1.0,1.0,0.0,1.0,0.261176164454853,0.261176164454853,1.0,0.36507936507936506,0.36507936507936506,73.0416635108359,86.68453138256174,166.79820844784211,180.0341663831904,208.9609688636282,0.0,39.81981399523406,0.09016393442622951,1260,9
final_refine_1m,1.0,686.0,428.0,808.5666329994084,1.0,1.0,0.0,1.0,0.2614623991673172,0.2614623991673172,1.0,0.36587301587301585,0.36587301587301585,72.98011727032511,86.57505201542087,166.4692357111884,179.67884848204739,208.49873470452857,0.0,39.76584604652071,0.09016393442622951,1260,9
final_refine_1m,1.0,686.0,429.0,809.0964095829371,1.0,1.0,0.0,1.0,0.2614623991673172,0.2614623991673172,1.0,0.36587301587301585,0.36587301587301585,72.91901594366615,86.46628459270994,166.14226011275417,179.32562458805413,208.03932345371803,0.0,39.712005352319466,0.09016393442622951,1260,9
final_refine_1m,1.0,686.0,430.0,809.627074646099,1.0,1.0,0.0,1.0,0.2617486338797814,0.2617486338797814,1.0,0.36666666666666664,0.36666666666666664,72.85835622974169,86.35822683700529,165.81726545172353,178.97447808626484,207.58271146250297,0.0,39.65829149212378,0.09016393442622951,1260,9
final_refine_1m,1.0,686.0,431.0,810.1586264429948,1.0,1.0,0.0,1.0,0.2608899297423888,0.2608899297423888,1.0,0.36587301587301585,0.36587301587301585,72.79813485923174,86.25087305200948,165.49423569992635,178.62539253532603,207.12887534344628,0.0,39.604704047337606,0.09016393442622951,1260,9
final_refine_1m,1.0,686.0,432.0,810.6910632293907,1.0,1.0,0.0,1.0,0.2608899297423888,0.2608899297423888,1.0,0.36587301587301585,0.36587301587301585,72.73834859423465,86.14421534974021,165.1731549995671,178.2783516652155,206.677791966758,0.0,39.55124260126315,0.09016393442622951,1260,9
final_refine_1m,1.0,686.0,433.0,811.2243832627321,1.0,1.0,0.0,1.0,0.2608899297423888,0.2608899297423888,1.0,0.36587301587301585,0.36587301587301585,72.67899422790721,86.03825146529732,164.85400766095856,177.9333393750243,206.22943845676946,0.0,39.49790673908854,0.09078844652615145,1260,9
final_refine_1m,1.0,686.0,434.0,811.7585848021565,1.0,1.0,0.0,1.0,0.2608899297423888,0.2608899297423888,1.0,0.36587301587301585,0.36587301587301585,72.62006858410355,85.9329755456369,164.54565656543434,177.59033973076754,205.78379218844222,0.0,39.44469604787576,0.09078844652615145,1260,9
final_refine_1m,1.0,686.0,435.0,812.2936661085079,1.0,1.0,0.0,1.0,0.2608899297423888,0.2608899297423888,1.0,0.36587301587301585,0.36587301587301585,72.5615685170115,85.82838025690184,164.25003118531782,177.24933696321563,205.34083078397626,0.0,39.391610116548584,0.09078844652615145,1260,9
final_refine_1m,1.0,686.0,436.0,812.8296254443486,1.0,1.0,0.0,1.0,0.2608899297423888,0.2608899297423888,1.0,0.36587301587301585,0.36587301587301585,72.50349091081014,85.72446332440035,163.95609475082466,176.91031546578122,204.90053210940852,0.0,39.33864853588073,0.09078844652615145,1260,9
final_refine_1m,1.0,686.0,437.0,813.3664610739737,1.0,1.0,0.0,1.0,0.2608899297423888,0.2608899297423888,1.0,0.36587301587301585,0.36587301587301585,72.4458326793157,85.62121896420008,163.66383447460495,176.57325979243288,204.46287427133896,0.0,39.28581089848398,0.09078844652615145,1260,9
final_refine_1m,1.0,686.0,438.0,813.9041712634233,1.0,1.0,0.0,1.0,0.2608899297423888,0.2608899297423888,1.0,0.36587301587301585,0.36587301587301585,72.38859076564327,85.51864017683177,163.37323769657237,176.23815465562507,204.02783561364848,0.0,39.233096798796524,0.09141295862607338,1260,9
final_refine_1m,1.0,686.0,439.0,814.4427542804958,1.0,1.0,0.0,1.0,0.2608899297423888,0.2608899297423888,1.0,0.36587301587301585,0.36587301587301585,72.33176214186781,85.41672465600801,163.08429188231852,175.90498492428054,203.59539471430358,0.0,39.18050583307136,0.09141295862607338,1260,9
final_refine_1m,1.0,686.0,440.0,814.9822083947599,1.0,1.0,0.0,1.0,0.2600312256049961,0.2600312256049961,1.0,0.36507936507936506,0.36507936507936506,72.27534380869159,85.31546690830918,162.79698462156904,175.57373562178768,203.16553038221434,0.0,39.1280375993648,0.09141295862607338,1260,9
final_refine_1m,1.0,686.0,441.0,815.5225318775687,1.0,1.0,0.0,1.0,0.2600312256049961,0.2600312256049961,1.0,0.36507936507936506,0.36507936507936506,72.21933279511725,85.2148594879123,162.51130362664327,175.24439192404742,202.7382216541231,0.0,39.07569169752505,0.09141295862607338,1260,9
final_refine_1m,1.0,686.0,442.0,816.0637230020704,1.0,1.0,0.0,1.0,0.2600312256049961,0.2600312256049961,1.0,0.36507936507936506,0.36507936507936506,72.16372615812242,85.11490060591254,162.22723673095743,174.91693915752668,202.31344779156103,0.0,39.02346772918098,0.09141295862607338,1260,9
final_refine_1m,1.0,686.0,443.0,816.6057800432226,1.0,1.0,0.0,1.0,0.2600312256049961,0.2600312256049961,1.0,0.36507936507936506,0.36507936507936506,72.10852098234037,85.01558532630617,161.94477188751637,174.59136279736308,201.89118827784014,0.0,38.97136529773087,0.09203747072599532,1260,9
final_refine_1m,1.0,686.0,444.0,817.148701277803,1.0,1.0,0.0,1.0,0.2600312256049961,0.2600312256049961,1.0,0.36507936507936506,0.36507936507936506,72.0537143797449,84.91690600592791,161.6638971674772,174.26764846547945,201.4714228151042,0.0,38.919384008331356,0.09203747072599532,1260,9
final_refine_1m,1.0,686.0,445.0,817.6924849844224,1.0,1.0,0.0,1.0,0.2600312256049961,0.2600312256049961,1.0,0.36507936507936506,0.36507936507936506,71.99930348933975,84.8188608555768,161.38460075868522,173.94578192873394,201.0541313214173,0.0,38.86752346788641,0.09203747072599532,1260,9
final_refine_1m,1.0,686.0,446.0,818.2371294435372,1.0,1.0,0.0,1.0,0.2600312256049961,0.2600312256049961,1.0,0.36507936507936506,0.36507936507936506,71.94528547685228,84.72144572638243,161.1068709642606,173.62574909712083,200.63929392791235,0.0,38.81578328503647,0.09203747072599532,1260,9
final_refine_1m,1.0,686.0,447.0,818.7826329374604,1.0,1.0,0.0,1.0,0.25917252146760345,0.25917252146760345,1.0,0.36428571428571427,0.36428571428571427,71.89165753442984,84.62465249078414,160.83069620119153,173.33620319543186,200.2268909759652,0.0,38.7641630701476,0.09203747072599532,1260,9
final_refine_1m,1.0,686.0,448.0,819.3289937503738,1.0,1.0,0.0,1.0,0.25917252146760345,0.25917252146760345,1.0,0.36428571428571427,0.36428571428571427,71.83841688034002,84.52847939921665,160.55606499896743,173.05600849553656,199.8169030144354,0.0,38.71266243530081,0.09203747072599532,1260,9
final_refine_1m,1.0,686.0,449.0,819.87621016834,1.0,1.0,0.0,1.0,0.25917252146760345,0.25917252146760345,1.0,0.36428571428571427,0.36428571428571427,71.78556075867971,84.43292310692276,160.28296599820052,172.77726665342314,199.4093107969246,0.0,38.6612809942814,0.09266198282591726,1260,9
final_refine_1m,1.0,686.0,450.0,820.4242804793139,1.0,1.0,0.0,1.0,0.25917252146760345,0.25917252146760345,1.0,0.36428571428571427,0.36428571428571427,71.73308643908146,84.3379753566738,160.01138794929918,172.4999677263256,199.0040952791142,0.0,38.610018362568475,0.09266198282591726,1260,9
final_refine_1m,1.0,686.0,451.0,820.9732029731543,1.0,1.0,0.0,1.0,0.25917252146760345,0.25917252146760345,1.0,0.36428571428571427,0.36428571428571427,71.68099121642608,84.24363384139679,159.7413197111387,172.22410186106592,198.60123761609663,0.0,38.558874157324475,0.09266198282591726,1260,9
final_refine_1m,1.0,686.0,452.0,821.5229759416349,1.0,1.0,0.0,1.0,0.25917252146760345,0.25917252146760345,1.0,0.36428571428571427,0.36428571428571427,71.62927241056332,84.14989627673455,159.47760438682567,171.94965929303166,198.20071915980463,0.0,38.50784799738487,0.09266198282591726,1260,9
final_refine_1m,1.0,686.0,453.0,822.073597678456,1.0,1.0,0.0,1.0,0.25831381733021075,0.25831381733021075,1.0,0.3634920634920635,0.3634920634920635,71.57792736602636,84.05675454226143,159.22731933035402,171.67663034518284,197.80252145642783,0.0,38.45693950324783,0.09266198282591726,1260,9
final_refine_1m,1.0,686.0,454.0,822.6250664792558,1.0,1.0,0.0,1.0,0.25831381733021075,0.25831381733021075,1.0,0.3634920634920635,0.3634920634920635,71.52695345176376,83.96420564002855,158.97835694408823,171.40500542708708,197.40662624389753,0.0,38.40614829706414,0.0932864949258392,1260,9
final_refine_1m,1.0,686.0,455.0,823.1773806416209,1.0,1.0,0.0,1.0,0.25831381733021075,0.25831381733021075,1.0,0.3634920634920635,0.3634920634920635,71.4763480608601,83.87224754627556,158.73070811183044,171.13477503392943,197.0130154494242,0.0,38.35547400262707,0.0932864949258392,1260,9
final_refine_1m,1.0,686.0,456.0,823.7305384650978,1.0,1.0,0.0,1.0,0.25831381733021075,0.25831381733021075,1.0,0.3634920634920635,0.3634920634920635,71.4261086102739,83.78087338636736,158.48436379989857,170.86592974558016,196.621671187023,0.0,38.304916245362364,0.0932864949258392,1260,9
final_refine_1m,1.0,686.0,457.0,824.2845382512037,1.0,1.0,0.0,1.0,0.25831381733021075,0.25831381733021075,1.0,0.3634920634920635,0.3634920634920635,71.37623254056845,83.69007904911481,158.23931505619086,170.59846022563963,196.23257575514458,0.0,38.254474652318365,0.0932864949258392,1260,9
final_refine_1m,1.0,686.0,458.0,824.8393783034368,1.0,1.0,0.0,1.0,0.25831381733021075,0.25831381733021075,1.0,0.3634920634920635,0.3634920634920635,71.32671731565148,83.59986245600533,157.99555300927355,170.33235722050912,195.84571163427373,0.0,38.204148852156166,0.0932864949258392,1260,9
final_refine_1m,1.0,686.0,459.0,825.3950569272874,1.0,1.0,0.0,1.0,0.2574551131928181,0.2574551131928181,1.0,0.3626984126984127,0.3626984126984127,71.27756042251816,83.51021864085453,157.75306886746523,170.06761155848986,195.46106148463028,0.0,38.15393847513987,0.09391100702576112,1260,9
final_refine_1m,1.0,687.0,425.0,807.8329035140869,1.0,1.0,0.0,1.0,0.25945875618006764,0.25945875618006764,1.0,0.3603174603174603,0.3603174603174603,73.0323803044544,86.7858017278623,167.14060980970513,180.4676302426363,209.568220097306,0.0,39.89525894695884,0.09016393442622951,1260,9
final_refine_1m,1.0,687.0,426.0,808.359449749924,1.0,1.0,0.0,1.0,0.2597449908925319,0.2597449908925319,1.0,0.3611111111111111,0.3611111111111111,72.97029048918688,86.6752122654461,166.85466029772218,180.10891319507428,209.10129700388487,0.0,39.841036073325505,0.09016393442622951,1260,9
final_refine_1m,1.0,687.0,427.0,808.8868894969185,1.0,1.0,0.0,1.0,0.2600312256049961,0.2600312256049961,1.0,0.3619047619047619,0.3619047619047619,72.90865041891863,86.5653480705358,166.52450669333365,179.75231922549085,208.6372387725109,0.0,39.78694140927357,0.09016393442622951,1260,9
final_refine_1m,1.0,687.0,428.0,809.4152210083524,1.0,1.0,0.0,1.0,0.26031746031746034,0.26031746031746034,1.0,0.3626984126984127,0.3626984126984127,72.84745674121504,86.4562001407511,166.19636185876755,179.39783140356184,208.17602127529116,0.0,39.73297452977979,0.09016393442622951,1260,9
final_refine_1m,1.0,687.0,429.0,809.9444425391164,1.0,1.0,0.0,1.0,0.26031746031746034,0.26031746031746034,1.0,0.3626984126984127,0.3626984126984127,72.78670613607676,86.3477639349956,165.87020945799475,179.04543297675397,207.717620652317,0.0,39.679135011760145,0.09016393442622951,1260,9
final_refine_1m,1.0,687.0,430.0,810.4745523457229,1.0,1.0,0.0,1.0,0.26060369502992453,0.26060369502992453,1.0,0.3634920634920635,0.3634920634920635,72.72639531554843,86.24003639552673,165.5460333295153,178.6951073679966,207.2620133079525,0.0,39.62542243405715,0.09016393442622951,1260,9
final_refine_1m,1.0,687.0,431.0,811.0055486863206,1.0,1.0,0.0,1.0,0.2608899297423888,0.2608899297423888,1.0,0.36428571428571427,0.36428571428571427,72.66652102335487,86.13300873591339,165.22381748404266,178.34683817340428,206.80917590718207,0.0,39.57183637742741,0.09016393442622951,1260,9
final_refine_1m,1.0,687.0,432.0,811.5374298207076,1.0,1.0,0.0,1.0,0.261176164454853,0.261176164454853,1.0,0.36507936507936506,0.36507936507936506,72.60708003452244,86.02667707141971,164.90354610222224,178.0006091600116,206.35908537202846,0.0,39.51837642452925,0.09016393442622951,1260,9
final_refine_1m,1.0,687.0,433.0,812.0701940103454,1.0,1.0,0.0,1.0,0.2614623991673172,0.2614623991673172,1.0,0.36587301587301585,0.36587301587301585,72.54806915501604,85.92103804523703,164.5857475926179,177.65640426355705,205.91171887802895,0.0,39.46504215991044,0.09016393442622951,1260,9
final_refine_1m,1.0,687.0,434.0,812.603839518372,1.0,1.0,0.0,1.0,0.2617486338797814,0.2617486338797814,1.0,0.36666666666666664,0.36666666666666664,72.48948522138049,85.81608306077285,164.28914092982615,177.31420758630316,205.46705385077078,0.0,39.41183316999608,0.09016393442622951,1260,9
final_refine_1m,1.0,687.0,435.0,813.1383646096155,1.0,1.0,0.0,1.0,0.2617486338797814,0.2617486338797814,1.0,0.36666666666666664,0.36666666666666664,72.43132510038353,85.71180866789057,163.99423232586471,176.97400339487422,205.0250679624692,0.0,39.358749043076514,0.09016393442622951,1260,9
final_refine_1m,1.0,687.0,436.0,813.6737675506075,1.0,1.0,0.0,1.0,0.2617486338797814,0.2617486338797814,1.0,0.36666666666666664,0.36666666666666664,72.37358568867006,85.6082114390294,163.70100889408442,176.63577611814856,204.58573912861985,0.0,39.30578936929542,0.09016393442622951,1260,9
final_refine_1m,1.0,687.0,437.0,814.2100466095957,1.0,1.0,0.0,1.0,0.2617486338797814,0.2617486338797814,1.0,0.36666666666666664,0.36666666666666664,72.3162639124061,85.50528294193981,163.40945787639188,176.29951034516608,204.1490455046872,0.0,39.252953740638006,0.09016393442622951,1260,9
final_refine_1m,1.0,687.0,438.0,814.7472000565574,1.0,1.0,0.0,1.0,0.2617486338797814,0.2617486338797814,1.0,0.36666666666666664,0.36666666666666664,72.25935672694894,85.40301994365494,163.11956664164651,175.9651908230822,203.71496548287604,0.0,39.20024175091923,0.09078844652615145,1260,9
final_refine_1m,1.0,687.0,439.0,815.2852261632122,1.0,1.0,0.0,1.0,0.2617486338797814,0.2617486338797814,1.0,0.36666666666666664,0.36666666666666664,72.2028611165077,85.30141917006199,162.83132268409125,175.63280245515082,203.2834776889194,0.0,39.14765299577227,0.09078844652615145,1260,9
final_refine_1m,1.0,687.0,440.0,815.8241232030344,1.0,1.0,0.0,1.0,0.2617486338797814,0.2617486338797814,1.0,0.36666666666666664,0.36666666666666664,72.14677409380705,85.20047232834999,162.54471362180158,175.30233029871482,202.85456097894064,0.0,39.09518707263692,0.09078844652615145,1260,9
final_refine_1m,1.0,687.0,441.0,816.3638894512667,1.0,1.0,0.0,1.0,0.2617486338797814,0.2617486338797814,1.0,0.36666666666666664,0.36666666666666664,72.09109269976545,85.10017618950117,162.25972719515326,174.97375956326553,202.42819443635884,0.0,39.04284358074825,0.09078844652615145,1260,9
final_refine_1m,1.0,687.0,442.0,816.9045231849313,1.0,1.0,0.0,1.0,0.2617486338797814,0.2617486338797814,1.0,0.36666666666666664,0.36666666666666664,72.03581400317259,85.00052785304072,161.97635126532418,174.6470756085104,202.00435736884904,0.0,38.99062212112524,0.09078844652615145,1260,9
final_refine_1m,1.0,687.0,443.0,817.4460226828436,1.0,1.0,0.0,1.0,0.2608899297423888,0.2608899297423888,1.0,0.36587301587301585,0.36587301587301585,71.98093510036645,84.9015188104951,161.69457381281353,174.32226394245703,201.5830293053569,0.0,38.93852229655964,0.09141295862607338,1260,9
final_refine_1m,1.0,687.0,444.0,817.9883862256236,1.0,1.0,0.0,1.0,0.2608899297423888,0.2608899297423888,1.0,0.36587301587301585,0.36587301587301585,71.92645311492281,84.8031457338033,161.41438293597196,173.99931021956456,201.1641899931252,0.0,38.88654371160476,0.09141295862607338,1260,9
final_refine_1m,1.0,687.0,445.0,818.5316120957089,1.0,1.0,0.0,1.0,0.2608899297423888,0.2608899297423888,1.0,0.36587301587301585,0.36587301587301585,71.87236519734495,84.7054065415705,161.1357668495636,173.67820023887882,200.7478193948274,0.0,38.83468597256455,0.09141295862607338,1260,9
final_refine_1m,1.0,687.0,446.0,819.0756985773659,1.0,1.0,0.0,1.0,0.2608899297423888,0.2608899297423888,1.0,0.36587301587301585,0.36587301587301585,71.81866852475854,84.60829287052233,160.85871388336133,173.3718421372752,200.33389768568915,0.0,38.782948687482616,0.09141295862607338,1260,9
final_refine_1m,1.0,687.0,447.0,819.6206439567027,1.0,1.0,0.0,1.0,0.2608899297423888,0.2608899297423888,1.0,0.36587301587301585,0.36587301587301585,71.7653603006082,84.51180107619278,160.58321248072932,173.0907992599909,199.92240525069914,0.0,38.73133146613143,0.09141295862607338,1260,9
final_refine_1m,1.0,687.0,448.0,820.1664465216801,1.0,1.0,0.0,1.0,0.2608899297423888,0.2608899297423888,1.0,0.36587301587301585,0.36587301587301585,71.7124377543615,84.41592934713555,160.30925119726044,172.8112163673757,199.51332268182162,0.0,38.67983392000158,0.09203747072599532,1260,9
final_refine_1m,1.0,687.0,449.0,820.713104562124,1.0,1.0,0.0,1.0,0.2608899297423888,0.2608899297423888,1.0,0.36587301587301585,0.36587301587301585,71.6598981412145,84.32067003775938,160.0368186994153,172.53308344639723,199.1066307753102,0.0,38.628455662291145,0.09203747072599532,1260,9
final_refine_1m,1.0,687.0,450.0,821.2606163697368,1.0,1.0,0.0,1.0,0.2600312256049961,0.2600312256049961,1.0,0.36507936507936506,0.36507936507936506,71.6077387418033,84.22601893960048,159.76590376318384,172.25639057441592,198.70231052899936,0.0,38.57719630789515,0.09203747072599532,1260,9
final_refine_1m,1.0,687.0,451.0,821.8089802381086,1.0,1.0,0.0,1.0,0.2600312256049961,0.2600312256049961,1.0,0.36507936507936506,0.36507936507936506,71.55595686191674,84.13197418661652,159.49649527276438,171.98112791819418,198.30034313968724,0.0,38.52605547339509,0.09203747072599532,1260,9
final_refine_1m,1.0,687.0,452.0,822.3581944627292,1.0,1.0,0.0,1.0,0.2600312256049961,0.2600312256049961,1.0,0.36507936507936506,0.36507936507936506,71.50454983221509,84.03852939936066,159.24363548112146,171.70728573287096,197.90071000053175,0.0,38.475032777048604,0.09203747072599532,1260,9
final_refine_1m,1.0,687.0,453.0,822.9082573409991,1.0,1.0,0.0,1.0,0.2600312256049961,0.2600312256049961,1.0,0.36507936507936506,0.36507936507936506,71.45351500795395,83.94567946096647,158.99393943595166,171.43485436097166,197.5033926985029,0.0,38.42412783877916,0.09203747072599532,1260,9
final_refine_1m,1.0,687.0,454.0,823.4591671722405,1.0,1.0,0.0,1.0,0.2600312256049961,0.2600312256049961,1.0,0.36507936507936506,0.36507936507936506,71.40284976870306,83.85342245022836,158.74556326281348,171.16382423144645,197.10837301187502,0.0,38.373340280165884,0.09266198282591726,1260,9
final_refine_1m,1.0,687.0,455.0,824.0109222577089,1.0,1.0,0.0,1.0,0.2600312256049961,0.2600312256049961,1.0,0.36507936507936506,0.36507936507936506,71.35255151808488,83.76175358151022,158.49849786504464,170.89418585868253,196.71563290773798,0.0,38.32266972443348,0.09266198282591726,1260,9
final_refine_1m,1.0,687.0,456.0,824.5635209006035,1.0,1.0,0.0,1.0,0.25917252146760345,0.25917252146760345,1.0,0.36428571428571427,0.36428571428571427,71.30261768349754,83.67066627650861,158.2527342282973,170.62592984157268,196.32515453956998,0.0,38.27211579644218,0.09266198282591726,1260,9
final_refine_1m,1.0,687.0,457.0,825.1169614060785,1.0,1.0,0.0,1.0,0.25917252146760345,0.25917252146760345,1.0,0.36428571428571427,0.36428571428571427,71.25304571585794,83.58015887930777,158.00826341964094,170.35904686256467,195.93692024484088,0.0,38.22167812267781,0.09266198282591726,1260,9
final_refine_1m,1.0,687.0,458.0,825.6712420812536,1.0,1.0,0.0,1.0,0.25917252146760345,0.25917252146760345,1.0,0.36428571428571427,0.36428571428571427,71.2038330893389,83.49022813727295,157.76507658661134,170.09352768673108,195.55091254263596,0.0,38.17135633124198,0.09266198282591726,1260,9
final_refine_1m,1.0,687.0,459.0,826.2263612352247,1.0,1.0,0.0,1.0,0.25917252146760345,0.25917252146760345,1.0,0.36428571428571427,0.36428571428571427,71.15497730110988,83.4008662949909,157.523164956342,169.82936316087373,195.16711413135803,0.0,38.121150051842314,0.0932864949258392,1260,9
final_refine_1m,1.0,688.0,425.0,808.6834980386332,1.0,1.0,0.0,1.0,0.25831381733021075,0.25831381733021075,1.0,0.35714285714285715,0.35714285714285715,72.898906432304,86.66618931323056,166.8986327707906,180.18439681518402,209.24275783555777,0.0,39.862255909837614,0.09016393442622951,1260,9
final_refine_1m,1.0,688.0,426.0,809.2094907995086,1.0,1.0,0.0,1.0,0.258600052042675,0.258600052042675,1.0,0.35793650793650794,0.35793650793650794,72.83717223799313,86.55593756437497,166.58042324126234,179.82651828966834,208.7768625261355,0.0,39.808034316505825,0.09016393442622951,1260,9
final_refine_1m,1.0,688.0,427.0,809.7363768536029,1.0,1.0,0.0,1.0,0.2588862867551392,0.2588862867551392,1.0,0.35873015873015873,0.35873015873015873,72.77588592338259,86.44640690139411,166.25110134487736,179.47075815883863,208.31382594454604,0.0,39.75394103907809,0.09016393442622951,1260,9
final_refine_1m,1.0,688.0,428.0,810.2641544582852,1.0,1.0,0.0,1.0,0.25917252146760345,0.25917252146760345,1.0,0.3595238095238095,0.3595238095238095,72.71504414943215,86.33759012206669,165.92378348018624,179.1170995310502,207.85362401713405,0.0,39.69997565188585,0.09016393442622951,1260,9
final_refine_1m,1.0,688.0,429.0,810.7928218725176,1.0,1.0,0.0,1.0,0.25945875618006764,0.25945875618006764,1.0,0.3603174603174603,0.3603174603174603,72.65464360940854,86.22948560974423,165.59845335086425,178.76552569201436,207.39623293759382,0.0,39.6461377312032,0.09016393442622951,1260,9
final_refine_1m,1.0,688.0,430.0,811.322377356868,1.0,1.0,0.0,1.0,0.25945875618006764,0.25945875618006764,1.0,0.3603174603174603,0.3603174603174603,72.59468102851095,86.1220857319646,165.27509483466923,178.41602010249247,206.9416291632544,0.0,39.59242685523423,0.09016393442622951,1260,9
final_refine_1m,1.0,688.0,431.0,811.8528191735248,1.0,1.0,0.0,1.0,0.2597449908925319,0.2597449908925319,1.0,0.3611111111111111,0.3611111111111111,72.53515316348758,86.01538412455655,164.9536919811399,178.06856639600986,206.48978941144443,0.0,39.538842604100545,0.09016393442622951,1260,9
final_refine_1m,1.0,688.0,432.0,812.3841455863106,1.0,1.0,0.0,1.0,0.2600312256049961,0.2600312256049961,1.0,0.3619047619047619,0.3619047619047619,72.4760568022787,85.90937886876902,164.63422900931315,177.72314837660107,206.04069065593018,0.0,39.48538455982887,0.09016393442622951,1260,9
final_refine_1m,1.0,688.0,433.0,812.9163548606954,1.0,1.0,0.0,1.0,0.26031746031746034,0.26031746031746034,1.0,0.3626984126984127,0.3626984126984127,72.41738876364327,85.80406213947948,164.32877757599022,177.37975001660098,205.59431012337734,0.0,39.43205230633878,0.09016393442622951,1260,9
final_refine_1m,1.0,688.0,434.0,813.4494452638098,1.0,1.0,0.0,1.0,0.26060369502992453,0.26060369502992453,1.0,0.3634920634920635,0.3634920634920635,72.35914589680165,85.69942816425474,164.03289073085506,177.03835545445895,205.1506252899077,0.0,39.378845429430505,0.09016393442622951,1260,9
final_refine_1m,1.0,688.0,435.0,813.9834150644595,1.0,1.0,0.0,1.0,0.2608899297423888,0.2608899297423888,1.0,0.36428571428571427,0.36428571428571427,72.30132508108534,85.59547501614895,163.73869814606468,176.6989489926032,204.70961387769208,0.0,39.32576351677288,0.09016393442622951,1260,9
final_refine_1m,1.0,688.0,436.0,814.5182625331369,1.0,1.0,0.0,1.0,0.261176164454853,0.261176164454853,1.0,0.36507936507936506,0.36507936507936506,72.24392322558798,85.49219490358753,163.4461869644901,176.36151509532178,204.27125385159783,0.0,39.27280615789141,0.09016393442622951,1260,9
final_refine_1m,1.0,688.0,437.0,815.0539859420356,1.0,1.0,0.0,1.0,0.2614623991673172,0.2614623991673172,1.0,0.36587301587301585,0.36587301587301585,72.18693726881538,85.38958242564712,163.15534445724447,176.02603838668634,203.83552341590055,0.0,39.2199729441564,0.09016393442622951,1260,9
final_refine_1m,1.0,688.0,438.0,815.590583565063,1.0,1.0,0.0,1.0,0.2614623991673172,0.2614623991673172,1.0,0.36587301587301585,0.36587301587301585,72.13036417835242,85.28763562536412,162.8661580220972,175.69250364850305,203.40240101104436,0.0,39.16726346877124,0.09016393442622951,1260,9
final_refine_1m,1.0,688.0,439.0,816.1280536778527,1.0,1.0,0.0,1.0,0.2617486338797814,0.2617486338797814,1.0,0.36666666666666664,0.36666666666666664,72.07420095052261,85.18634696685902,162.57861518189557,175.3608958182919,202.97186531045182,0.0,39.11467732676076,0.09016393442622951,1260,9
final_refine_1m,1.0,688.0,440.0,816.6663945577778,1.0,1.0,0.0,1.0,0.2617486338797814,0.2617486338797814,1.0,0.36666666666666664,0.36666666666666664,72.01844461006105,85.08571120477575,162.29270358302767,175.03119998730932,202.54389521739247,0.0,39.06221411495968,0.09016393442622951,1260,9
final_refine_1m,1.0,688.0,441.0,817.2056044839634,1.0,1.0,0.0,1.0,0.2617486338797814,0.2617486338797814,1.0,0.36666666666666664,0.36666666666666664,71.96309220979128,84.98572633080443,162.00841099389004,174.70340139859522,202.1184698618982,0.0,39.009873432001214,0.09016393442622951,1260,9
final_refine_1m,1.0,688.0,442.0,817.745681737299,1.0,1.0,0.0,1.0,0.2617486338797814,0.2617486338797814,1.0,0.36666666666666664,0.36666666666666664,71.9081408302956,84.88638528294949,161.72572530338525,174.3774854450326,201.69556859772436,0.0,38.95765487830571,0.09016393442622951,1260,9
final_refine_1m,1.0,688.0,443.0,818.2866246004513,1.0,1.0,0.0,1.0,0.2617486338797814,0.2617486338797814,1.0,0.36666666666666664,0.36666666666666664,71.85358757960543,84.78768275964278,161.44463451945472,174.05343766746782,201.2751709993631,0.0,38.90555805606944,0.09078844652615145,1260,9
final_refine_1m,1.0,688.0,444.0,818.8284313578761,1.0,1.0,0.0,1.0,0.2617486338797814,0.2617486338797814,1.0,0.36666666666666664,0.36666666666666664,71.79942959288582,84.68961668037682,161.16512676761013,173.73124375283993,200.8572568591124,0.0,38.85358256925344,0.09078844652615145,1260,9
final_refine_1m,1.0,688.0,445.0,819.3711002958305,1.0,1.0,0.0,1.0,0.2617486338797814,0.2617486338797814,1.0,0.36666666666666664,0.36666666666666664,71.74566403212404,84.59218058440138,160.88719028950325,173.4108895323391,200.441806184174,0.0,38.80172802357255,0.09078844652615145,1260,9
final_refine_1m,1.0,688.0,446.0,819.9146297023856,1.0,1.0,0.0,1.0,0.2617486338797814,0.2617486338797814,1.0,0.36666666666666664,0.36666666666666664,71.69228808583208,84.49536853075247,160.61081344151418,173.12605269924296,200.02879919380922,0.0,38.74999402648437,0.09078844652615145,1260,9
final_refine_1m,1.0,688.0,447.0,820.4590178674374,1.0,1.0,0.0,1.0,0.2617486338797814,0.2617486338797814,1.0,0.36666666666666664,0.36666666666666664,71.63929896873606,84.39917881323622,160.33598469334842,172.8456239588839,199.61821631654664,0.0,38.6983801871785,0.09078844652615145,1260,9
final_refine_1m,1.0,688.0,448.0,821.00426308272,1.0,1.0,0.0,1.0,0.2617486338797814,0.2617486338797814,1.0,0.36666666666666664,0.36666666666666664,71.58669392149095,84.30360593641684,160.062692626668,172.56665229980024,199.2100381874082,0.0,38.64688611656575,0.09141295862607338,1260,9
final_refine_1m,1.0,688.0,449.0,821.5503636418159,1.0,1.0,0.0,1.0,0.2617486338797814,0.2617486338797814,1.0,0.36666666666666664,0.36666666666666664,71.53447021037994,84.20864336786863,159.7909259337427,172.28912772924303,198.8042456452168,0.0,38.59551142726754,0.09141295862607338,1260,9
final_refine_1m,1.0,688.0,450.0,822.0973178401691,1.0,1.0,0.0,1.0,0.2617486338797814,0.2617486338797814,1.0,0.36666666666666664,0.36666666666666664,71.48262512702911,84.11428934588065,159.52067341610692,172.0130403446849,198.40081972990927,0.0,38.544255733605226,0.09141295862607338,1260,9
final_refine_1m,1.0,688.0,451.0,822.6451239750953,1.0,1.0,0.0,1.0,0.2617486338797814,0.2617486338797814,1.0,0.36666666666666664,0.36666666666666664,71.43115598812238,84.02053961293265,159.2603320822342,171.73838033279554,197.99974167992056,0.0,38.49311865158977,0.09141295862607338,1260,9
final_refine_1m,1.0,688.0,452.0,823.1937803457944,1.0,1.0,0.0,1.0,0.2617486338797814,0.2617486338797814,1.0,0.36666666666666664,0.36666666666666664,71.38006013511892,83.92738666669513,159.00989823176675,171.46513796843672,197.60099292958697,0.0,38.44209979891123,0.09141295862607338,1260,9
final_refine_1m,1.0,688.0,453.0,823.7432852533609,1.0,1.0,0.0,1.0,0.2608899297423888,0.2608899297423888,1.0,0.36587301587301585,0.36587301587301585,71.3293349339796,83.83482883009378,158.76079061843078,171.19330361368347,197.20455510659625,0.0,38.39119879492856,0.09141295862607338,1260,9
final_refine_1m,1.0,688.0,454.0,824.293637000796,1.0,1.0,0.0,1.0,0.2608899297423888,0.2608899297423888,1.0,0.36587301587301585,0.36587301587301585,71.27897777488849,83.74286297233986,158.51300008197103,170.92286771683698,196.81041002949576,0.0,38.340415260659356,0.09203747072599532,1260,9
final_refine_1m,1.0,688.0,455.0,824.8448338930177,1.0,1.0,0.0,1.0,0.2608899297423888,0.2608899297423888,1.0,0.36587301587301585,0.36587301587301585,71.22898607198772,83.65148124605248,158.26651754522123,170.65382081146709,196.41853970520972,0.0,38.28974881876974,0.09203747072599532,1260,9
final_refine_1m,1.0,688.0,456.0,825.3968742368728,1.0,1.0,0.0,1.0,0.2608899297423888,0.2608899297423888,1.0,0.36587301587301585,0.36587301587301585,71.17935726310803,83.56068125432199,158.02133401315905,170.3861535154607,196.02892632661406,0.0,38.239199093564345,0.09203747072599532,1260,9
final_refine_1m,1.0,688.0,457.0,825.9497563411469,1.0,1.0,0.0,1.0,0.2608899297423888,0.2608899297423888,1.0,0.36587301587301585,0.36587301587301585,71.13008880950547,83.47046110047356,157.77744057197648,170.11985653008824,195.6415522701383,0.0,38.18876571097638,0.09203747072599532,1260,9
final_refine_1m,1.0,688.0,458.0,826.5034785165759,1.0,1.0,0.0,1.0,0.2608899297423888,0.2608899297423888,1.0,0.36587301587301585,0.36587301587301585,71.08117819560493,83.38081322772565,157.5348283881784,169.85492063907657,195.25640009342735,0.0,38.1384482985577,0.09203747072599532,1260,9
final_refine_1m,1.0,688.0,459.0,827.058039075856,1.0,1.0,0.0,1.0,0.2600312256049961,0.2600312256049961,1.0,0.36507936507936506,0.36507936507936506,71.03262292873937,83.29173431778894,157.29348870767055,169.59133670769305,194.87345253299299,0.0,38.08824648546913,0.09266198282591726,1260,9
final_refine_1m,1.0,689.0,425.0,809.5344341039485,1.0,1.0,0.0,1.0,0.2571688784803539,0.2571688784803539,1.0,0.353968253968254,0.353968253968254,72.76568259207353,86.54682097494018,166.63699036962134,179.90145123848237,208.91761498673813,0.0,39.82912412951645,0.09016393442622951,1260,9
final_refine_1m,1.0,689.0,426.0,810.0598743302868,1.0,1.0,0.0,1.0,0.2574551131928181,0.2574551131928181,1.0,0.3547619047619048,0.3547619047619048,72.70430335350142,86.43690523699834,166.30648351124321,179.54441033902933,208.45274635449732,0.0,39.774904244107994,0.09016393442622951,1260,9
final_refine_1m,1.0,689.0,427.0,810.586207630009,1.0,1.0,0.0,1.0,0.25774134790528236,0.25774134790528236,1.0,0.35555555555555557,0.35555555555555557,72.64337013201934,86.32770654168661,165.97799238516174,179.18948315674626,207.99073032368457,0.0,39.72081277897089,0.09016393442622951,1260,9
final_refine_1m,1.0,689.0,428.0,811.1134322645631,1.0,1.0,0.0,1.0,0.25802758261774655,0.25802758261774655,1.0,0.35634920634920636,0.35634920634920636,72.58287960196085,86.21922267909609,165.651500558705,178.83665283860574,207.53154287481493,0.0,39.666849307804,0.09016393442622951,1260,9
final_refine_1m,1.0,689.0,429.0,811.6415464969742,1.0,1.0,0.0,1.0,0.25802758261774655,0.25802758261774655,1.0,0.35634920634920636,0.35634920634920636,72.52282846985055,86.11144854049839,165.32699177519106,178.4859027085181,207.07516025509014,0.0,39.61301340625214,0.09016393442622951,1260,9
final_refine_1m,1.0,689.0,430.0,812.1705485918583,1.0,1.0,0.0,1.0,0.25831381733021075,0.25831381733021075,1.0,0.35714285714285715,0.35714285714285715,72.46321347401661,86.00437501050088,165.00444995157613,178.13721626501163,206.62155897473124,0.0,39.55930465189353,0.09016393442622951,1260,9
final_refine_1m,1.0,689.0,431.0,812.7004368154358,1.0,1.0,0.0,1.0,0.258600052042675,0.258600052042675,1.0,0.35793650793650794,0.35793650793650794,72.40403138422442,85.89800053150988,164.68385917616547,177.79057717896978,206.17071580334016,0.0,39.50572262422713,0.09016393442622951,1260,9
final_refine_1m,1.0,689.0,432.0,813.2312094355455,1.0,1.0,0.0,1.0,0.2588862867551392,0.2588862867551392,1.0,0.35873015873015873,0.35873015873015873,72.34527900130767,85.79231962420597,164.36894496053185,177.44596929136762,205.7226077663308,0.0,39.45226690466036,0.09016393442622951,1260,9
final_refine_1m,1.0,689.0,433.0,813.7628647216584,1.0,1.0,0.0,1.0,0.25917252146760345,0.25917252146760345,1.0,0.3595238095238095,0.3595238095238095,72.28695315680109,85.68732419356186,164.07207374843583,177.10337661108449,205.27721214143452,0.0,39.39893707649674,0.09016393442622951,1260,9
final_refine_1m,1.0,689.0,434.0,814.2954009448905,1.0,1.0,0.0,1.0,0.25945875618006764,0.25945875618006764,1.0,0.3603174603174603,0.3603174603174603,72.2290507125917,85.58301220041857,163.77690595990927,176.76278331270728,204.83450645522953,0.0,39.345732724923714,0.09016393442622951,1260,9
final_refine_1m,1.0,689.0,435.0,814.8288163780169,1.0,1.0,0.0,1.0,0.2597449908925319,0.2597449908925319,1.0,0.3611111111111111,0.3611111111111111,72.17156856055738,85.47937812446827,163.48342863774417,176.4241737344172,204.39446847975975,0.0,39.29265343700056,0.09016393442622951,1260,9
final_refine_1m,1.0,689.0,436.0,815.3631092954844,1.0,1.0,0.0,1.0,0.2600312256049961,0.2600312256049961,1.0,0.3619047619047619,0.3619047619047619,72.1145036222252,85.37641431484799,163.19162895429452,176.08753237586112,203.95707622920185,0.0,39.23969880164643,0.09016393442622951,1260,9
final_refine_1m,1.0,689.0,437.0,815.8982779734248,1.0,1.0,0.0,1.0,0.26031746031746034,0.26031746031746034,1.0,0.3626984126984127,0.3626984126984127,72.05785284842621,85.27411870833295,162.90149420984577,175.75284389608012,203.52230795655464,0.0,39.18686840962852,0.09016393442622951,1260,9
final_refine_1m,1.0,689.0,438.0,816.4343206896682,1.0,1.0,0.0,1.0,0.26031746031746034,0.26031746031746034,1.0,0.3626984126984127,0.3626984126984127,72.00161321895462,85.17248596692761,162.61301183102697,175.42009311148476,203.09014215043723,0.0,39.134161853550225,0.09016393442622951,1260,9
final_refine_1m,1.0,689.0,439.0,816.9712357237554,1.0,1.0,0.0,1.0,0.26060369502992453,0.26060369502992453,1.0,0.3634920634920635,0.3634920634920635,71.94578174223933,85.07150866675943,162.32616936926013,175.08926499381792,202.66055753189463,0.0,39.08157872783959,0.09016393442622951,1260,9
final_refine_1m,1.0,689.0,440.0,817.5090213569512,1.0,1.0,0.0,1.0,0.2608899297423888,0.2608899297423888,1.0,0.36428571428571427,0.36428571428571427,71.89035545501233,84.97118469909556,162.04095449919242,174.76034466820082,202.2335330512706,0.0,39.0291186287377,0.09016393442622951,1260,9
final_refine_1m,1.0,689.0,441.0,818.0476758722563,1.0,1.0,0.0,1.0,0.261176164454853,0.261176164454853,1.0,0.36507936507936506,0.36507936507936506,71.8353314219811,84.871509127565,161.75735501720456,174.43331741115855,201.80904788513666,0.0,38.97678115428721,0.09016393442622951,1260,9
final_refine_1m,1.0,689.0,442.0,818.5871975544206,1.0,1.0,0.0,1.0,0.2614623991673172,0.2614623991673172,1.0,0.36587301587301585,0.36587301587301585,71.78070673551305,84.77247454231076,161.4753588398867,174.1081686487165,201.38708143325778,0.0,38.92456590432108,0.09016393442622951,1260,9
final_refine_1m,1.0,689.0,443.0,819.1275846899554,1.0,1.0,0.0,1.0,0.2617486338797814,0.2617486338797814,1.0,0.36666666666666664,0.36666666666666664,71.72647851531656,84.67407876813131,161.19495400258444,173.78488395450918,200.96761331562257,0.0,38.872472480451236,0.09016393442622951,1260,9
final_refine_1m,1.0,689.0,444.0,819.6688355671454,1.0,1.0,0.0,1.0,0.2617486338797814,0.2617486338797814,1.0,0.36666666666666664,0.36666666666666664,71.67264390813108,84.5763175406607,160.91612865793277,173.4634490479081,200.55062336949467,0.0,38.8205004860575,0.09016393442622951,1260,9
final_refine_1m,1.0,689.0,445.0,820.2109484760613,1.0,1.0,0.0,1.0,0.2617486338797814,0.2617486338797814,1.0,0.36666666666666664,0.36666666666666664,71.61920008741616,84.47918309029373,160.63887107443406,173.1617718884556,200.13609164654895,0.0,38.76864952627649,0.09016393442622951,1260,9
final_refine_1m,1.0,689.0,446.0,820.7539217085715,1.0,1.0,0.0,1.0,0.2617486338797814,0.2617486338797814,1.0,0.36666666666666664,0.36666666666666664,71.56614425305314,84.3826733197321,160.36316963503035,172.88049246408153,199.72399841001996,0.0,38.71691920799067,0.09016393442622951,1260,9
final_refine_1m,1.0,689.0,447.0,821.2977535583548,1.0,1.0,0.0,1.0,0.2617486338797814,0.2617486338797814,1.0,0.36666666666666664,0.36666666666666664,71.5134736310427,84.28678458172216,160.08901283573815,172.60067728417062,199.3143241319041,0.0,38.66530913981752,0.09016393442622951,1260,9
final_refine_1m,1.0,689.0,448.0,821.842442320911,1.0,1.0,0.0,1.0,0.2617486338797814,0.2617486338797814,1.0,0.36666666666666664,0.36666666666666664,71.46118547320924,84.19150879804005,159.81638928425076,172.3223162851944,198.9070494902234,0.0,38.613818932098745,0.09078844652615145,1260,9
final_refine_1m,1.0,689.0,449.0,822.3879862935742,1.0,1.0,0.0,1.0,0.2617486338797814,0.2617486338797814,1.0,0.36666666666666664,0.36666666666666664,71.4092770569101,84.09684351282397,159.54528769860843,172.04539949468094,198.50215536630628,0.0,38.5624481968896,0.09078844652615145,1260,9
final_refine_1m,1.0,689.0,450.0,822.9343837755231,1.0,1.0,0.0,1.0,0.2617486338797814,0.2617486338797814,1.0,0.36666666666666664,0.36666666666666664,71.35774568474874,84.00278622077212,159.27741166223026,171.769917030175,198.09962284213944,0.0,38.51119654794832,0.09078844652615145,1260,9
final_refine_1m,1.0,689.0,451.0,823.4816330677935,1.0,1.0,0.0,1.0,0.2617486338797814,0.2617486338797814,1.0,0.36666666666666664,0.36666666666666664,71.30658868429047,83.9093289792883,159.02623582647612,171.49585909823364,197.6994331977192,0.0,38.46006360072567,0.09078844652615145,1260,9
final_refine_1m,1.0,689.0,452.0,824.0297324732888,1.0,1.0,0.0,1.0,0.2617486338797814,0.2617486338797814,1.0,0.36666666666666664,0.36666666666666664,71.25580340778203,83.81646855437187,158.77639264048466,171.2232159934226,197.30156790850384,0.0,38.409048972354434,0.09078844652615145,1260,9
final_refine_1m,1.0,689.0,453.0,824.5786802967925,1.0,1.0,0.0,1.0,0.2617486338797814,0.2617486338797814,1.0,0.36666666666666664,0.36666666666666664,71.20538723187587,83.72420320978523,158.52787287981238,170.95197809732466,196.90600864284582,0.0,38.35815228163926,0.09078844652615145,1260,9
final_refine_1m,1.0,689.0,454.0,825.1284748449783,1.0,1.0,0.0,1.0,0.2617486338797814,0.2617486338797814,1.0,0.36666666666666664,0.36666666666666664,71.1553375573597,83.63252562725977,158.2806674038706,170.6821358775812,196.51273725949903,0.0,38.30737314904631,0.09141295862607338,1260,9
final_refine_1m,1.0,689.0,455.0,825.6791144264217,1.0,1.0,0.0,1.0,0.2617486338797814,0.2617486338797814,1.0,0.36666666666666664,0.36666666666666664,71.10565180888047,83.54143174823905,158.03476715495904,170.4136798869087,196.1217358051713,0.0,38.25671119669319,0.09141295862607338,1260,9
final_refine_1m,1.0,689.0,456.0,826.230597351611,1.0,1.0,0.0,1.0,0.2617486338797814,0.2617486338797814,1.0,0.36666666666666664,0.36666666666666664,71.05632743469046,83.45091977902577,157.7901631573524,170.14660076217504,195.7329865120682,0.0,38.20616604833888,0.09221962008847255,1260,9
final_refine_1m,1.0,689.0,457.0,826.7829219329582,1.0,1.0,0.0,1.0,0.2617486338797814,0.2617486338797814,1.0,0.36666666666666664,0.36666666666666664,71.00736190637163,83.3609840882658,157.54684651635276,169.88088922344832,195.34647179554227,0.0,38.15573732937378,0.09221962008847255,1260,9
final_refine_1m,1.0,689.0,458.0,827.3360864848094,1.0,1.0,0.0,1.0,0.2617486338797814,0.2617486338797814,1.0,0.36666666666666664,0.36666666666666664,70.95875271858799,83.2716192311986,157.30480841739643,169.61653607307386,194.9621742517194,0.0,38.10542466680985,0.09221962008847255,1260,9
final_refine_1m,1.0,689.0,459.0,827.890089323456,1.0,1.0,0.0,1.0,0.2617486338797814,0.2617486338797814,1.0,0.36666666666666664,0.36666666666666664,70.91049738882452,83.18282341428498,157.0640401251425,169.3535321947741,194.58007665518542,0.0,38.05522768927076,0.09365079365079365,1260,9
final_refine_1m,1.0,690.0,425.0,810.38571063414,1.0,1.0,0.0,1.0,0.256023939630497,0.256023939630497,1.0,0.35079365079365077,0.35079365079365077,72.63270889349208,86.42769642898354,166.3625133493234,179.6187934852141,208.5927914935055,0.0,39.795863500992645,0.09016393442622951,1260,9
final_refine_1m,1.0,690.0,426.0,810.9105992648018,1.0,1.0,0.0,1.0,0.2563101743429612,0.2563101743429612,1.0,0.3515873015873016,0.3515873015873016,72.57168394463048,86.31811395292752,166.0328410901835,179.26258931644094,208.12894843243984,0.0,39.74164575176525,0.09016393442622951,1260,9
final_refine_1m,1.0,690.0,427.0,811.4363807471292,1.0,1.0,0.0,1.0,0.25659640905542547,0.25659640905542547,1.0,0.3523809523809524,0.3523809523809524,72.51110315293496,86.20924816123492,165.7051797972876,178.90849419309035,207.66795185421552,0.0,39.6875565252178,0.09016393442622951,1260,9
final_refine_1m,1.0,690.0,428.0,811.9630533466409,1.0,1.0,0.0,1.0,0.25659640905542547,0.25659640905542547,1.0,0.3523809523809524,0.3523809523809524,72.45096320610185,86.10109662998498,165.37951307799588,178.55649130069494,207.20977779341496,0.0,39.633595394429314,0.09016393442622951,1260,9
final_refine_1m,1.0,690.0,429.0,812.4906153304172,1.0,1.0,0.0,1.0,0.25688264376788966,0.25688264376788966,1.0,0.3531746031746032,0.3531746031746032,72.39126082389431,85.99365016244616,165.05582471521163,178.20656400130574,206.7544025506836,0.0,39.57976193442801,0.09016393442622951,1260,9
final_refine_1m,1.0,690.0,430.0,813.0190649671138,1.0,1.0,0.0,1.0,0.2571688784803539,0.2571688784803539,1.0,0.353968253968254,0.353968253968254,72.33199275775641,85.88690455864769,164.7340986650335,177.8586958311651,206.30180268904692,0.0,39.52605572217867,0.09016393442622951,1260,9
final_refine_1m,1.0,690.0,431.0,813.5484005269755,1.0,1.0,0.0,1.0,0.2574551131928181,0.2574551131928181,1.0,0.3547619047619048,0.3547619047619048,72.27315579045411,85.78085695302835,164.41431905446726,177.5128704984547,205.8519550302993,0.0,39.4724763365701,0.09016393442622951,1260,9
final_refine_1m,1.0,690.0,432.0,814.0786202818497,1.0,1.0,0.0,1.0,0.25774134790528236,0.25774134790528236,1.0,0.35555555555555557,0.35555555555555557,72.21474673569642,85.67549834803697,164.11178519813527,177.16907188104193,205.4048366514337,0.0,39.41902335840268,0.09016393442622951,1260,9
final_refine_1m,1.0,690.0,433.0,814.6097225052007,1.0,1.0,0.0,1.0,0.25802758261774655,0.25802758261774655,1.0,0.35634920634920636,0.35634920634920636,72.15676243778582,85.57082509826293,163.81563610125954,176.82728402429342,204.96042488115373,0.0,39.365696370376085,0.09016393442622951,1260,9
final_refine_1m,1.0,690.0,434.0,815.1417054721222,1.0,1.0,0.0,1.0,0.25831381733021075,0.25831381733021075,1.0,0.35714285714285715,0.35714285714285715,72.0991997712527,85.46683414659734,163.5211866087265,176.48749113888516,204.51869729643295,0.0,39.31249495707702,0.09016393442622951,1260,9
final_refine_1m,1.0,690.0,435.0,815.6745674593514,1.0,1.0,0.0,1.0,0.258600052042675,0.258600052042675,1.0,0.35793650793650794,0.35793650793650794,72.04205564050886,85.3635171982546,163.22842379308506,176.14967759868935,204.0796317191166,0.0,39.2594187049672,0.09016393442622951,1260,9
final_refine_1m,1.0,690.0,436.0,816.2083067452818,1.0,1.0,0.0,1.0,0.2588862867551392,0.2588862867551392,1.0,0.35873015873015873,0.35873015873015873,71.98532697950195,85.26087045797414,162.93733485611918,175.8138279386624,203.64320621259694,0.0,39.20646720237129,0.09016393442622951,1260,9
final_refine_1m,1.0,690.0,437.0,816.7429216099764,1.0,1.0,0.0,1.0,0.25917252146760345,0.25917252146760345,1.0,0.3595238095238095,0.3595238095238095,71.92901075137088,85.15889085417788,162.64790712723908,175.4799268527732,203.20939907854128,0.0,39.1536400394651,0.09016393442622951,1260,9
final_refine_1m,1.0,690.0,438.0,817.2784103351808,1.0,1.0,0.0,1.0,0.25917252146760345,0.25917252146760345,1.0,0.3595238095238095,0.3595238095238095,71.87310394810899,85.05757024047355,162.36012806190809,175.14795919197473,202.77818885366625,0.0,39.10093680826373,0.09016393442622951,1260,9
final_refine_1m,1.0,690.0,439.0,817.8147712043358,1.0,1.0,0.0,1.0,0.25945875618006764,0.25945875618006764,1.0,0.3603174603174603,0.3603174603174603,71.81760359023296,84.95690493223954,162.07398524006123,174.81790996219303,202.34955430656845,0.0,39.04835710260996,0.09016393442622951,1260,9
final_refine_1m,1.0,690.0,440.0,818.3520025025906,1.0,1.0,0.0,1.0,0.2597449908925319,0.2597449908925319,1.0,0.3611111111111111,0.3611111111111111,71.76250672645385,84.85689212380775,161.7894663645859,174.4897643223501,201.92347443459306,0.0,38.99590051816267,0.09016393442622951,1260,9
final_refine_1m,1.0,690.0,441.0,818.8901025168151,1.0,1.0,0.0,1.0,0.2600312256049961,0.2600312256049961,1.0,0.3619047619047619,0.3619047619047619,71.70781043335533,84.7575237926773,161.50655925979294,174.1635075824223,201.49992846078737,0.0,38.94356665238536,0.09016393442622951,1260,9
final_refine_1m,1.0,690.0,442.0,819.4290695356127,1.0,1.0,0.0,1.0,0.26031746031746034,0.26031746031746034,1.0,0.3626984126984127,0.3626984126984127,71.65351181507233,84.65879615411647,161.22525186992783,173.8391252015283,201.07889583085435,0.0,38.89135510453479,0.09016393442622951,1260,9
final_refine_1m,1.0,690.0,443.0,819.9689018493324,1.0,1.0,0.0,1.0,0.26060369502992453,0.26060369502992453,1.0,0.3634920634920635,0.3634920634920635,71.59960800297755,84.56070688607865,160.94553225770053,173.51660278603384,200.66035621020356,0.0,38.83926547564974,0.09016393442622951,1260,9
final_refine_1m,1.0,690.0,444.0,820.5095977500812,1.0,1.0,0.0,1.0,0.26060369502992453,0.26060369502992453,1.0,0.3634920634920635,0.3634920634920635,71.54609615536981,84.46324806601096,160.66738860282868,173.19795993023854,200.24428948101183,0.0,38.78729736853981,0.09016393442622951,1260,9
final_refine_1m,1.0,690.0,445.0,821.0511555317366,1.0,1.0,0.0,1.0,0.2608899297423888,0.2608899297423888,1.0,0.36428571428571427,0.36428571428571427,71.49297345716928,84.36641566552952,160.39080920062244,172.91582494613337,199.83067573935597,0.0,38.7354503877744,0.09016393442622951,1260,9
final_refine_1m,1.0,690.0,446.0,821.5935734899585,1.0,1.0,0.0,1.0,0.261176164454853,0.261176164454853,1.0,0.36507936507936506,0.36507936507936506,71.44023711961218,84.27020787052294,160.11578246056118,172.6351614237761,199.41949529237502,0.0,38.68372413967169,0.09016393442622951,1260,9
final_refine_1m,1.0,690.0,447.0,822.1368499222012,1.0,1.0,0.0,1.0,0.2614623991673172,0.2614623991673172,1.0,0.36587301587301585,0.36587301587301585,71.38788437995883,84.17461702452846,159.8422969049243,172.355959228169,199.0107286554779,0.0,38.63211823228778,0.09016393442622951,1260,9
final_refine_1m,1.0,690.0,448.0,822.6809831277249,1.0,1.0,0.0,1.0,0.2617486338797814,0.2617486338797814,1.0,0.36666666666666664,0.36666666666666664,71.33591250118951,84.07963886589783,159.57034116740357,172.07820831622067,198.60435654961495,0.0,38.58063227540593,0.09016393442622951,1260,9
final_refine_1m,1.0,690.0,449.0,823.2259714076081,1.0,1.0,0.0,1.0,0.2617486338797814,0.2617486338797814,1.0,0.36666666666666664,0.36666666666666664,71.2843187717253,83.98527146941407,159.29990399177345,171.8018987357004,198.2003598985658,0.0,38.52926588052587,0.09016393442622951,1260,9
final_refine_1m,1.0,690.0,450.0,823.7718130647588,1.0,1.0,0.0,1.0,0.2617486338797814,0.2617486338797814,1.0,0.36666666666666664,0.36666666666666664,71.23310050513281,83.89150813780168,159.04295473730903,171.52702062420414,197.79871982629012,0.0,38.47801866085316,0.09016393442622951,1260,9
final_refine_1m,1.0,690.0,451.0,824.3185064039263,1.0,1.0,0.0,1.0,0.2617486338797814,0.2617486338797814,1.0,0.36666666666666664,0.36666666666666664,71.18225503984678,83.79834366922123,158.79237181272677,171.25356420815035,197.39941765430837,0.0,38.42689023128875,0.09097059588862867,1260,9
final_refine_1m,1.0,690.0,452.0,824.8660497317125,1.0,1.0,0.0,1.0,0.2617486338797814,0.2617486338797814,1.0,0.36666666666666664,0.36666666666666664,71.13177973888678,83.70577643220874,158.5431187093051,170.98151980177778,197.00243489912137,0.0,38.37588020841852,0.09097059588862867,1260,9
final_refine_1m,1.0,690.0,453.0,825.414441356583,1.0,1.0,0.0,1.0,0.2617486338797814,0.2617486338797814,1.0,0.36666666666666664,0.36666666666666664,71.0816719895861,83.61380110902377,158.295186222417,170.71087780616372,196.60775326969025,0.0,38.32498821050297,0.09097059588862867,1260,9
final_refine_1m,1.0,690.0,454.0,825.9636795888788,1.0,1.0,0.0,1.0,0.2617486338797814,0.2617486338797814,1.0,0.36666666666666664,0.36666666666666664,71.03192920332005,83.52241146673579,158.04856523111292,170.44162870825338,196.21535466492912,0.0,38.274213857467,0.09240176945094977,1260,9
final_refine_1m,1.0,690.0,455.0,826.5137627408269,1.0,1.0,0.0,1.0,0.2617486338797814,0.2617486338797814,1.0,0.36666666666666664,0.36666666666666664,70.98254881523326,83.4316058245165,157.8032466971425,170.17376307989935,195.82522117125038,0.0,38.22355677088973,0.09240176945094977,1260,9
final_refine_1m,1.0,690.0,456.0,827.0646891265519,1.0,1.0,0.0,1.0,0.2617486338797814,0.2617486338797814,1.0,0.36666666666666664,0.36666666666666664,70.93352828397994,83.34138048763295,157.55922166404585,169.90727157691222,195.43733506015823,0.0,38.173016573994445,0.09240176945094977,1260,9
final_refine_1m,1.0,690.0,457.0,827.6164570620862,1.0,1.0,0.0,1.0,0.2617486338797814,0.2617486338797814,1.0,0.36666666666666664,0.36666666666666664,70.88486509146202,83.25172787790693,157.31648125621157,169.64214493813245,195.05167878585038,0.0,38.12259289163866,0.09320843091334895,1260,9
final_refine_1m,1.0,690.0,458.0,828.1690648653812,1.0,1.0,0.0,1.0,0.2617486338797814,0.2617486338797814,1.0,0.36666666666666664,0.36666666666666664,70.83655674256941,83.16264634941305,157.07501667797948,169.3783739845135,194.66823498288417,0.0,38.072285350304156,0.09320843091334895,1260,9
final_refine_1m,1.0,690.0,459.0,828.722510856318,1.0,1.0,0.0,1.0,0.2617486338797814,0.2617486338797814,1.0,0.36666666666666664,0.36666666666666664,70.78860076492809,83.07413345216683,156.83481921274355,169.11594961820433,194.28698646386965,0.0,38.02209357808722,0.09383294301327089,1260,9
final_refine_1m,1.0,691.0,425.0,811.2373265574015,1.0,1.0,0.0,1.0,0.25573770491803277,0.25573770491803277,1.0,0.35,0.35,72.49998544662563,86.30881463357244,166.0883345635708,179.3364235284272,208.2682872988592,0.0,39.762473921235056,0.08951340098881083,1260,9
final_refine_1m,1.0,691.0,426.0,811.761664529682,1.0,1.0,0.0,1.0,0.25573770491803277,0.25573770491803277,1.0,0.35,0.35,72.43931412062109,86.1995648636742,165.75949596102637,178.9810551955478,207.80546870378666,0.0,39.708258737069556,0.08951340098881083,1260,9
final_refine_1m,1.0,691.0,427.0,812.2868951300396,1.0,1.0,0.0,1.0,0.25573770491803277,0.25573770491803277,1.0,0.35,0.35,72.37908509455404,86.09103279217715,165.43266356477537,178.62779124210505,207.34549048075968,0.0,39.65417217603061,0.08951340098881083,1260,9
final_refine_1m,1.0,691.0,428.0,812.8130166280557,1.0,1.0,0.0,1.0,0.25573770491803277,0.25573770491803277,1.0,0.35,0.35,72.31929506946399,85.98321088531618,165.10782102215157,178.27661489213588,206.8883287183599,0.0,39.60021381059019,0.08951340098881083,1260,9
final_refine_1m,1.0,691.0,429.0,813.3400272948578,1.0,1.0,0.0,1.0,0.25573770491803277,0.25573770491803277,1.0,0.35,0.35,72.25994077833525,85.87609202986836,164.78495215558442,177.92750954577045,206.43395977058321,0.0,39.546383215172554,0.09016393442622951,1260,9
final_refine_1m,1.0,691.0,430.0,813.8679254031332,1.0,1.0,0.0,1.0,0.256023939630497,0.256023939630497,1.0,0.35079365079365077,0.35079365079365077,72.2010189857168,85.7696748010605,164.46404096025188,177.58045877691586,205.98236025319315,0.0,39.492679966141644,0.09016393442622951,1260,9
final_refine_1m,1.0,691.0,431.0,814.3967092271432,1.0,1.0,0.0,1.0,0.2563101743429612,0.2563101743429612,1.0,0.3515873015873016,0.3515873015873016,72.1425264873529,85.66395135545518,164.1520289368183,177.23544633099638,205.5335070400855,0.0,39.439103641788456,0.09016393442622951,1260,9
final_refine_1m,1.0,691.0,432.0,814.9263770427362,1.0,1.0,0.0,1.0,0.25659640905542547,0.25659640905542547,1.0,0.3523809523809524,0.3523809523809524,72.08446010982001,85.5589153049318,163.8548923724824,176.892456122714,205.0873772597604,0.0,39.3856538223187,0.09016393442622951,1260,9
final_refine_1m,1.0,691.0,433.0,815.4569271273622,1.0,1.0,0.0,1.0,0.25688264376788966,0.25688264376788966,1.0,0.3531746031746032,0.3531746031746032,72.02681671016595,85.45456520764128,163.55946462611962,176.55147223386624,204.643948291825,0.0,39.332330089840376,0.09016393442622951,1260,9
final_refine_1m,1.0,691.0,434.0,815.9883577600847,1.0,1.0,0.0,1.0,0.2571688784803539,0.2571688784803539,1.0,0.353968253968254,0.353968253968254,71.96959317555333,85.35089315798439,163.26573266941733,176.21247891116886,204.20319776355265,0.0,39.27913202835159,0.09016393442622951,1260,9
final_refine_1m,1.0,691.0,435.0,816.5206672215958,1.0,1.0,0.0,1.0,0.2574551131928181,0.2574551131928181,1.0,0.3547619047619048,0.3547619047619048,71.91278642291412,85.2478932312394,162.97368360463105,175.87546056413433,203.76510354652342,0.0,39.226059223728434,0.09016393442622951,1260,9
final_refine_1m,1.0,691.0,436.0,817.0538537942282,1.0,1.0,0.0,1.0,0.25774134790528236,0.25774134790528236,1.0,0.35555555555555557,0.35555555555555557,71.85639339859917,85.14556396647231,162.68330466293233,175.54040176297207,203.32964375328285,0.0,39.173111263713,0.09016393442622951,1260,9
final_refine_1m,1.0,691.0,437.0,817.5879157619687,1.0,1.0,0.0,1.0,0.25774134790528236,0.25774134790528236,1.0,0.35555555555555557,0.35555555555555557,71.8004110780392,85.04389794166669,162.3945832028289,175.20728723653423,202.8967967340865,0.0,39.120287737901464,0.09016393442622951,1260,9
final_refine_1m,1.0,691.0,438.0,818.1228514104712,1.0,1.0,0.0,1.0,0.25802758261774655,0.25802758261774655,1.0,0.35634920634920636,0.35634920634920636,71.74483646541402,84.94288940069843,162.1075067085546,174.87610187026377,202.46654107367294,0.0,39.06758823773231,0.09016393442622951,1260,9
final_refine_1m,1.0,691.0,439.0,818.6586590270697,1.0,1.0,0.0,1.0,0.25831381733021075,0.25831381733021075,1.0,0.35714285714285715,0.35714285714285715,71.68966659331414,84.84253659255825,161.8220627885411,174.54683070421274,202.03885558811422,0.0,39.01501235647462,0.09016393442622951,1260,9
final_refine_1m,1.0,691.0,440.0,819.1953369007907,1.0,1.0,0.0,1.0,0.258600052042675,0.258600052042675,1.0,0.35793650793650794,0.35793650793650794,71.63489852241617,84.74283246281097,161.53823917385748,174.21945893106732,201.61371932170138,0.0,38.96255968921654,0.09016393442622951,1260,9
final_refine_1m,1.0,691.0,441.0,819.7328833223662,1.0,1.0,0.0,1.0,0.2588862867551392,0.2588862867551392,1.0,0.35873015873015873,0.35873015873015873,71.58052934116328,84.64377130488587,161.25602371671147,173.8939718941976,201.19111154387568,0.0,38.91022983285375,0.09016393442622951,1260,9
final_refine_1m,1.0,691.0,442.0,820.271296584246,1.0,1.0,0.0,1.0,0.25917252146760345,0.25917252146760345,1.0,0.3595238095238095,0.3595238095238095,71.52655616544597,84.54535130272761,160.9754043889623,173.5703550857688,200.77101174622007,0.0,38.85802238607811,0.09016393442622951,1260,9
final_refine_1m,1.0,691.0,443.0,820.8105749806102,1.0,1.0,0.0,1.0,0.25945875618006764,0.25945875618006764,1.0,0.3603174603174603,0.3603174603174603,71.47297613828545,84.44756598521067,160.69636928064554,173.24859414482913,200.35339963949613,0.0,38.8059369493664,0.09016393442622951,1260,9
final_refine_1m,1.0,691.0,444.0,821.3507168073819,1.0,1.0,0.0,1.0,0.25945875618006764,0.25945875618006764,1.0,0.3603174603174603,0.3603174603174603,71.41978642952733,84.35040948599223,160.41890659852854,172.95162449556062,199.9382551507213,0.0,38.75397312496908,0.09016393442622951,1260,9
final_refine_1m,1.0,691.0,445.0,821.8917203622385,1.0,1.0,0.0,1.0,0.2597449908925319,0.2597449908925319,1.0,0.3611111111111111,0.3611111111111111,71.36698423553727,84.2538799034618,160.14300466468833,172.67010776981667,199.5255584203128,0.0,38.70213051689927,0.09016393442622951,1260,9
final_refine_1m,1.0,691.0,446.0,822.4335839446247,1.0,1.0,0.0,1.0,0.2600312256049961,0.2600312256049961,1.0,0.3619047619047619,0.3619047619047619,71.31456677889643,84.15797156172981,159.8686519151025,172.39005957058544,199.11528979924591,0.0,38.65040873092175,0.09097059588862867,1260,9
final_refine_1m,1.0,691.0,447.0,822.9763058557639,1.0,1.0,0.0,1.0,0.26031746031746034,0.26031746031746034,1.0,0.3626984126984127,0.3626984126984127,71.26253130810693,84.06267822933907,159.59583689827704,172.11146978347645,198.70742984628387,0.0,38.59880737454204,0.09097059588862867,1260,9
final_refine_1m,1.0,691.0,448.0,823.5198843986707,1.0,1.0,0.0,1.0,0.26060369502992453,0.26060369502992453,1.0,0.3634920634920635,0.3634920634920635,71.21087509729779,83.96799789906373,159.32454827386675,171.83432838580578,198.30195932523898,0.0,38.54732605699565,0.09177725735102785,1260,9
final_refine_1m,1.0,691.0,449.0,824.0643178781618,1.0,1.0,0.0,1.0,0.26060369502992453,0.26060369502992453,1.0,0.3634920634920635,0.3634920634920635,71.15959544593447,83.87392591508139,159.06005750403023,171.5586254455577,197.89885920228096,0.0,38.49596438923734,0.09177725735102785,1260,9
final_refine_1m,1.0,691.0,450.0,824.6096046008681,1.0,1.0,0.0,1.0,0.2608899297423888,0.2608899297423888,1.0,0.36428571428571427,0.36428571428571427,71.10868967853605,83.78045542951513,158.80873064109772,171.2843511203508,197.49811064328,0.0,38.44472198393052,0.09177725735102785,1260,9
final_refine_1m,1.0,691.0,451.0,825.1557428752466,1.0,1.0,0.0,1.0,0.261176164454853,0.261176164454853,1.0,0.36507936507936506,0.36507936507936506,71.05815514439244,83.68758435973068,158.55874004302305,171.0114956564456,197.09969501121236,0.0,38.39359845543675,0.09258391881342701,1260,9
final_refine_1m,1.0,691.0,452.0,825.7027310115911,1.0,1.0,0.0,1.0,0.2614623991673172,0.2614623991673172,1.0,0.36587301587301585,0.36587301587301585,71.00798921728521,83.59530913713158,158.3100764405528,170.74004938772535,196.70359386357893,0.0,38.34259341980531,0.09258391881342701,1260,9
final_refine_1m,1.0,691.0,453.0,826.2505673220443,1.0,1.0,0.0,1.0,0.2617486338797814,0.2617486338797814,1.0,0.36666666666666664,0.36666666666666664,70.95818929521572,83.50362209479137,158.06273064886275,170.4700027347357,196.30978894987828,0.0,38.291706494762806,0.09258391881342701,1260,9
final_refine_1m,1.0,691.0,454.0,826.7992501206081,1.0,1.0,0.0,1.0,0.2617486338797814,0.2617486338797814,1.0,0.36666666666666664,0.36666666666666664,70.90875280013287,83.4125209046917,157.8166935666048,170.20134620370308,195.91826220912597,0.0,38.24093729970301,0.09339058027582618,1260,9
final_refine_1m,1.0,691.0,455.0,827.3487777231559,1.0,1.0,0.0,1.0,0.2617486338797814,0.2617486338797814,1.0,0.36666666666666664,0.36666666666666664,70.85967717766638,83.32200335045927,157.57195617495847,169.9340703855852,195.528995767392,0.0,38.19028545567662,0.09339058027582618,1260,9
final_refine_1m,1.0,691.0,456.0,827.8991484474423,1.0,1.0,0.0,1.0,0.2617486338797814,0.2617486338797814,1.0,0.36666666666666664,0.36666666666666664,70.81095989686392,83.23206189189402,157.32850953670305,169.6681659551191,195.1419719354032,0.0,38.13975058538124,0.09339058027582618,1260,9
final_refine_1m,1.0,691.0,457.0,828.4503606131149,1.0,1.0,0.0,1.0,0.2617486338797814,0.2617486338797814,1.0,0.36666666666666664,0.36666666666666664,70.7625984499305,83.14269321147508,157.0863447952873,169.403623669899,194.75717320616167,0.0,38.089332313151324,0.09419724173822534,1260,9
final_refine_1m,1.0,691.0,458.0,829.0024125417248,1.0,1.0,0.0,1.0,0.2617486338797814,0.2617486338797814,1.0,0.36666666666666664,0.36666666666666664,70.71459035197212,83.05389564102586,156.84545317393784,169.14043436944695,194.37458225259644,0.0,38.039030264948344,0.09419724173822534,1260,9
final_refine_1m,1.0,691.0,459.0,829.5553025567373,1.0,1.0,0.0,1.0,0.2617486338797814,0.2617486338797814,1.0,0.36666666666666664,0.36666666666666664,70.66693314073918,82.96566287837797,156.60582597475135,168.87858897432682,193.99418192528498,0.0,37.988844068350915,0.09482175383814728,1260,9
final_refine_1m,1.0,692.0,435.0,817.3671145819362,1.0,1.0,0.0,1.0,0.256023939630497,0.256023939630497,1.0,0.35079365079365077,0.35079365079365077,71.78376101000869,85.1325071055429,162.71920806528144,175.6015226098183,203.45088391308468,0.0,39.19257489819096,0.09016393442622951,1260,9
final_refine_1m,1.0,692.0,436.0,817.8997493580738,1.0,1.0,0.0,1.0,0.2563101743429612,0.2563101743429612,1.0,0.3515873015873016,0.3515873015873016,71.72770298094981,85.03049380647809,162.42953836807382,175.2672538283934,203.01638880308892,0.0,39.13963089115786,0.09016393442622951,1260,9
final_refine_1m,1.0,692.0,437.0,818.4332593437292,1.0,1.0,0.0,1.0,0.25659640905542547,0.25659640905542547,1.0,0.3523809523809524,0.3523809523809524,71.67205392906926,84.92914013345248,162.14152243036946,174.9349250274843,202.58450087573183,0.0,39.08681141100055,0.09016393442622951,1260,9
final_refine_1m,1.0,692.0,438.0,818.9676428284575,1.0,1.0,0.0,1.0,0.25688264376788966,0.25688264376788966,1.0,0.3531746031746032,0.3531746031746032,71.6168108707143,84.82844467770653,161.8551477651506,174.6045211269871,202.15519876370635,0.0,39.03411604859258,0.09016393442622951,1260,9
final_refine_1m,1.0,692.0,439.0,819.5028981034783,1.0,1.0,0.0,1.0,0.2571688784803539,0.2571688784803539,1.0,0.353968253968254,0.353968253968254,71.56197085053479,84.72840252440744,161.57040200928557,174.2760272010273,201.72846133049995,0.0,38.981544396640935,0.09016393442622951,1260,9
final_refine_1m,1.0,692.0,440.0,820.0390234616887,1.0,1.0,0.0,1.0,0.25672651574290917,0.25672651574290917,1.0,0.353968253968254,0.353968253968254,71.50753094116067,84.62900584208597,161.2872729219998,173.94942847600328,201.30426766725884,0.0,38.92909604967448,0.09097059588862867,1260,9
final_refine_1m,1.0,692.0,441.0,820.5760171976756,1.0,1.0,0.0,1.0,0.2570127504553734,0.2570127504553734,1.0,0.3547619047619048,0.3547619047619048,71.45348824288043,84.53025272077993,161.00574838335828,173.6247103286342,200.88259708976068,0.0,38.87677060403247,0.09097059588862867,1260,9
final_refine_1m,1.0,692.0,442.0,821.1138776077287,1.0,1.0,0.0,1.0,0.2572989851678376,0.2572989851678376,1.0,0.35555555555555557,0.35555555555555557,71.39983988332413,84.43213867259769,160.72581639278997,173.3018582840753,200.46342913539078,0.0,38.824567657853144,0.09097059588862867,1260,9
final_refine_1m,1.0,692.0,443.0,821.6526029898524,1.0,1.0,0.0,1.0,0.2565703877179287,0.2565703877179287,1.0,0.3547619047619048,0.3547619047619048,71.34658301714929,84.3346560309645,160.44746506761788,172.9878942305137,200.04674356020465,0.0,38.77248681106243,0.09177725735102785,1260,9
final_refine_1m,1.0,692.0,444.0,822.1921916437786,1.0,1.0,0.0,1.0,0.2568566224303929,0.2568566224303929,1.0,0.35555555555555557,0.35555555555555557,71.2937148257363,84.23780255052995,160.17068264161426,172.70551940073236,199.63252033599682,0.0,38.72052766536276,0.09177725735102785,1260,9
final_refine_1m,1.0,692.0,445.0,822.7326418709787,1.0,1.0,0.0,1.0,0.25641425969294823,0.25641425969294823,1.0,0.35555555555555557,0.35555555555555557,71.24123251688059,84.14157440586946,159.89545746359602,172.42462035169484,199.220739647451,0.0,38.66868982422198,0.09177725735102785,1260,9
final_refine_1m,1.0,692.0,446.0,823.2739519746754,1.0,1.0,0.0,1.0,0.2567004944054124,0.2567004944054124,1.0,0.35634920634920636,0.35634920634920636,71.18913332449364,84.04596407667849,159.62177799599442,172.14518689704195,198.81138188932314,0.0,38.61697289286231,0.09258391881342701,1260,9
final_refine_1m,1.0,692.0,447.0,823.8161202598551,1.0,1.0,0.0,1.0,0.25625813166796774,0.25625813166796774,1.0,0.35634920634920636,0.35634920634920636,71.13741450830797,83.95096877419904,159.34963281351008,171.86720894295928,198.40442766365436,0.0,38.56537647824953,0.09258391881342701,1260,9
final_refine_1m,1.0,692.0,448.0,824.3591450332798,1.0,1.0,0.0,1.0,0.25625813166796774,0.25625813166796774,1.0,0.35634920634920636,0.35634920634920636,71.08607335358384,83.85658557009738,159.07901060172068,171.59067648714608,197.99985777706476,0.0,38.51390018908206,0.09258391881342701,1260,9
final_refine_1m,1.0,692.0,449.0,824.9030246034985,1.0,1.0,0.0,1.0,0.25581576893052305,0.25581576893052305,1.0,0.35634920634920636,0.35634920634920636,71.03510717082428,83.76280699954465,158.82547165397534,171.3155796177767,197.59765323804734,0.0,38.46254363578033,0.09339058027582618,1260,9
final_refine_1m,1.0,692.0,450.0,825.447757280859,1.0,1.0,0.0,1.0,0.25610200364298724,0.25610200364298724,1.0,0.35714285714285715,0.35714285714285715,70.98451329548544,83.669629598867,158.57473937564467,171.04190851246943,197.19779525432963,0.0,38.41130643047612,0.09339058027582618,1260,9
final_refine_1m,1.0,692.0,451.0,825.9933413775199,1.0,1.0,0.0,1.0,0.25565964090554255,0.25565964090554255,1.0,0.35714285714285715,0.35714285714285715,70.93428908769776,83.57705152091486,158.32534051970333,170.7696534372872,196.80026523027925,0.0,38.36018818700201,0.09339058027582618,1260,9
final_refine_1m,1.0,692.0,452.0,826.5397752074609,1.0,1.0,0.0,1.0,0.25594587561800675,0.25594587561800675,1.0,0.35793650793650794,0.35793650793650794,70.88443193199433,83.48506533393031,158.07726583686156,170.4988047457488,196.40504476432977,0.0,38.309188520881,0.09419724173822534,1260,9
final_refine_1m,1.0,692.0,453.0,827.0870570864956,1.0,1.0,0.0,1.0,0.25521727816809786,0.25521727816809786,1.0,0.35714285714285715,0.35714285714285715,70.83493923703018,83.39366712854506,157.83050616206432,170.22935287783744,196.01211564646465,0.0,38.2583070493161,0.09419724173822534,1260,9
final_refine_1m,1.0,692.0,454.0,827.6351853322815,1.0,1.0,0.0,1.0,0.25550351288056206,0.25550351288056206,1.0,0.35793650793650794,0.35793650793650794,70.78580843531681,83.30285506722792,157.585052413547,169.96128835903934,195.62145985574094,0.0,38.20754339118009,0.09419724173822534,1260,9
final_refine_1m,1.0,692.0,455.0,828.1841582643319,1.0,1.0,0.0,1.0,0.25506115014311737,0.25506115014311737,1.0,0.35793650793650794,0.35793650793650794,70.73703698295519,83.2126229230931,157.34089559189138,169.69460179938622,195.2330595578285,0.0,38.15689716700534,0.09500390320062452,1260,9
final_refine_1m,1.0,692.0,456.0,828.7339742040265,1.0,1.0,0.0,1.0,0.2546187874056727,0.2546187874056727,1.0,0.35793650793650794,0.35793650793650794,70.688622359374,83.12296549407554,157.0980267790849,169.42928389251867,194.84689710262597,0.0,38.10636799897372,0.09500390320062452,1260,9
final_refine_1m,1.0,692.0,457.0,829.2846314746222,1.0,1.0,0.0,1.0,0.2546187874056727,0.2546187874056727,1.0,0.35793650793650794,0.35793650793650794,70.64056206706995,83.03388121623811,156.8564371376181,169.16532541475894,194.46295502187408,0.0,38.055955510906585,0.09500390320062452,1260,9
final_refine_1m,1.0,692.0,458.0,829.8361284012645,1.0,1.0,0.0,1.0,0.25417642466822793,0.25417642466822793,1.0,0.35793650793650794,0.35793650793650794,70.59285363135054,82.9453656506686,156.616117909574,168.90271722418836,194.08121602682732,0.0,38.00565932825489,0.09581056466302368,1260,9
final_refine_1m,1.0,692.0,459.0,830.3884633109976,1.0,1.0,0.0,1.0,0.25373406193078324,0.25373406193078324,1.0,0.35793650793650794,0.35793650793650794,70.54549460008575,82.85741211645488,156.37706041573085,168.64145025974,193.7016630059626,0.0,37.95547907808932,0.09581056466302368,1260,9
final_refine_1m,1.0,693.0,435.0,818.2139084615953,1.0,1.0,0.0,1.0,0.24043715846994534,0.24043715846994534,1.0,0.3333333333333333,0.3333333333333333,71.65497950428832,85.01735733183658,162.46499716830863,175.32786371516366,203.1369727702171,0.0,39.15906164678409,0.09032006245120999,1260,9
final_refine_1m,1.0,693.0,436.0,818.7459923566039,1.0,1.0,0.0,1.0,0.24043715846994534,0.24043715846994534,1.0,0.3333333333333333,0.3333333333333333,71.59925582824384,84.915657560801,162.17603596523477,174.99438411486918,202.70344131416405,0.0,39.10612521511515,0.09032006245120999,1260,9
final_refine_1m,1.0,693.0,437.0,819.2789512736184,1.0,1.0,0.0,1.0,0.24043715846994534,0.24043715846994534,1.0,0.3333333333333333,0.3333333333333333,71.54393940534531,84.81461774605437,161.88872480397944,174.66284020609464,202.2725114563476,0.0,39.05331338603253,0.09032006245120999,1260,9
final_refine_1m,1.0,693.0,438.0,819.8127835060881,1.0,1.0,0.0,1.0,0.24043715846994534,0.24043715846994534,1.0,0.3333333333333333,0.3333333333333333,71.48902726409116,84.71423518692218,161.60305122622677,174.3332169431321,201.84416187735675,0.0,39.00062574996296,0.09112672391360915,1260,9
final_refine_1m,1.0,693.0,439.0,820.3474873491111,1.0,1.0,0.0,1.0,0.24072339318240957,0.24072339318240957,1.0,0.3341269841269841,0.3341269841269841,71.43451646117911,84.61450153642716,161.3190028972481,174.0054994341327,201.41837148800454,0.0,38.9480618991684,0.09112672391360915,1260,9
final_refine_1m,1.0,693.0,440.0,820.8830610994479,1.0,1.0,0.0,1.0,0.2410096278948738,0.2410096278948738,1.0,0.3349206349206349,0.3349206349206349,71.38040408117679,84.51541308977123,161.03656760437585,173.67967293915433,200.99511942624068,0.0,38.895621427734454,0.09112672391360915,1260,9
final_refine_1m,1.0,693.0,441.0,821.4195030555337,1.0,1.0,0.0,1.0,0.2410096278948738,0.2410096278948738,1.0,0.3349206349206349,0.3349206349206349,71.326687236204,84.4169675643522,160.7557332554939,173.3557228682245,200.57438505410227,0.0,38.84330393155882,0.09258391881342701,1260,9
final_refine_1m,1.0,693.0,442.0,821.9568115174909,1.0,1.0,0.0,1.0,0.241295862607338,0.241295862607338,1.0,0.3357142857142857,0.3357142857142857,71.27336306561563,84.31915720911667,160.4764878775628,173.033634779439,200.15614795472,0.0,38.79110900833996,0.09258391881342701,1260,9
final_refine_1m,1.0,693.0,443.0,822.4949847871414,1.0,1.0,0.0,1.0,0.24158209731980224,0.24158209731980224,1.0,0.33650793650793653,0.33650793650793653,71.2204287356943,84.22197770036641,160.19881961515418,172.74139942248772,199.74038792935795,0.0,38.73903625756576,0.09258391881342701,1260,9
final_refine_1m,1.0,693.0,444.0,823.0340211680195,1.0,1.0,0.0,1.0,0.24186833203226646,0.24186833203226646,1.0,0.3373015873015873,0.3373015873015873,71.16788143933717,84.12542727182705,159.92271672901836,172.45964463787547,199.32708499453088,0.0,38.68708528050235,0.09339058027582618,1260,9
final_refine_1m,1.0,693.0,445.0,823.5739189653834,1.0,1.0,0.0,1.0,0.24215456674473068,0.24215456674473068,1.0,0.3380952380952381,0.3380952380952381,71.11571839575649,84.02949825732297,159.6481675946528,172.17936268423637,198.91621937912146,0.0,38.63525568018303,0.09339058027582618,1260,9
final_refine_1m,1.0,693.0,446.0,824.1146764862278,1.0,1.0,0.0,1.0,0.2424408014571949,0.2424408014571949,1.0,0.3388888888888889,0.3388888888888889,71.06393685018371,83.93418615125637,159.37516070092568,171.90054339594838,198.5077715215997,0.0,38.58354706139722,0.09339058027582618,1260,9
final_refine_1m,1.0,693.0,447.0,824.6562920392956,1.0,1.0,0.0,1.0,0.2424408014571949,0.2424408014571949,1.0,0.3388888888888889,0.3388888888888889,71.01253407356636,83.83948931338468,159.10368464868122,171.62317669975403,198.10172206723175,0.0,38.53195903067958,0.09419724173822534,1260,9
final_refine_1m,1.0,693.0,448.0,825.1987639350898,1.0,1.0,0.0,1.0,0.24272703616965913,0.24272703616965913,1.0,0.3396825396825397,0.3396825396825397,70.9615073622848,83.74540081816514,158.84259740243095,171.34725261371153,197.69805186537226,0.0,38.48049119629923,0.09419724173822534,1260,9
final_refine_1m,1.0,693.0,449.0,825.7420904858853,1.0,1.0,0.0,1.0,0.24301327088212335,0.24301327088212335,1.0,0.3404761904761905,0.3404761904761905,70.910854037864,83.65191570392926,158.59111922417148,171.07276124615137,197.29674196677772,0.0,38.429143168248984,0.09419724173822534,1260,9
final_refine_1m,1.0,693.0,450.0,826.2862700057408,1.0,1.0,0.0,1.0,0.24329950559458757,0.24329950559458757,1.0,0.3412698412698413,0.3412698412698413,70.86057144668244,83.55903220649574,158.34098094329474,170.7996927946706,196.8977736209757,0.0,38.377914558234714,0.09500390320062452,1260,9
final_refine_1m,1.0,693.0,451.0,826.8313008105099,1.0,1.0,0.0,1.0,0.2435857403070518,0.2435857403070518,1.0,0.34206349206349207,0.34206349206349207,70.81065695970514,83.46674457615768,158.09217324541183,170.52803754511905,196.50112827365373,0.0,38.32680497966491,0.09500390320062452,1260,9
final_refine_1m,1.0,693.0,452.0,827.377181217853,1.0,1.0,0.0,1.0,0.2435857403070518,0.2435857403070518,1.0,0.34206349206349207,0.34206349206349207,70.76110797219606,83.37504712031539,157.84468690116736,170.25778587060861,196.10678756412713,0.0,38.27581673825614,0.09500390320062452,1260,9
final_refine_1m,1.0,693.0,453.0,827.9239095472482,1.0,1.0,0.0,1.0,0.243871975019516,0.243871975019516,1.0,0.34285714285714286,0.34285714285714286,70.7119219034548,83.28393793163372,157.59851276524842,169.9889282305386,195.71473332280814,0.0,38.22494703009415,0.09581056466302368,1260,9
final_refine_1m,1.0,693.0,454.0,828.4714841200027,1.0,1.0,0.0,1.0,0.2441582097319802,0.2441582097319802,1.0,0.34365079365079365,0.34365079365079365,70.66309619654342,83.19341267326901,157.3536417754484,169.72145516963286,195.32494756873024,0.0,38.17419519035085,0.09581056466302368,1260,9
final_refine_1m,1.0,693.0,455.0,829.0199032592643,1.0,1.0,0.0,1.0,0.24444444444444444,0.24444444444444444,1.0,0.34444444444444444,0.34444444444444444,70.61462831802083,83.1034646201975,157.11006495172103,169.4553573169759,194.93741250710863,0.0,38.12356083923161,0.09581056466302368,1260,9
final_refine_1m,1.0,693.0,456.0,829.5691652900317,1.0,1.0,0.0,1.0,0.24473067915690866,0.24473067915690866,1.0,0.34523809523809523,0.34523809523809523,70.56651575768447,83.01409181020617,156.8677733952499,169.19062538509215,194.55211052695452,0.0,38.07304359859219,0.09661722612542285,1260,9
final_refine_1m,1.0,693.0,457.0,830.119268539166,1.0,1.0,0.0,1.0,0.24473067915690866,0.24473067915690866,1.0,0.34523809523809523,0.34523809523809523,70.51875602831069,82.92529115684731,156.62675828753416,168.92725016899595,194.16902419869598,0.0,38.0226430919288,0.09661722612542285,1260,9
final_refine_1m,1.0,693.0,458.0,830.6702113354012,1.0,1.0,0.0,1.0,0.24501691386937288,0.24501691386937288,1.0,0.346031746031746,0.346031746031746,70.47134666539854,82.83705538678144,156.38701088948872,168.6652225453067,193.7881362718481,0.0,37.972358944368096,0.09661722612542285,1260,9
final_refine_1m,1.0,693.0,459.0,831.2219920093548,1.0,1.0,0.0,1.0,0.2453031485818371,0.2453031485818371,1.0,0.3468253968253968,0.3468253968253968,70.42428522691931,82.74938168316768,156.14852254055012,168.4045334713134,193.40942967274722,0.0,37.92219078265743,0.09742388758782201,1260,9
final_refine_1m,1.0,694.0,443.0,823.3377192865635,1.0,1.0,0.0,1.0,0.24043715846994534,0.24043715846994534,1.0,0.3333333333333333,0.3333333333333333,71.09451339024844,84.10953242845042,159.95043292015586,172.4951355229273,199.4343327042978,0.0,38.705727712217886,0.09354670830080666,1260,9
final_refine_1m,1.0,694.0,444.0,823.8762042928537,1.0,1.0,0.0,1.0,0.24072339318240957,0.24072339318240957,1.0,0.3341269841269841,0.3341269841269841,71.04228636586818,84.0132826390814,159.67500885801655,172.21400019939207,199.02194908432557,0.0,38.65378702999553,0.09435336976320582,1260,9
final_refine_1m,1.0,694.0,445.0,824.4155505568779,1.0,1.0,0.0,1.0,0.2410096278948738,0.2410096278948738,1.0,0.3349206349206349,0.3349206349206349,70.99044196692059,83.917652114608,159.40113505552432,171.93433476017805,198.61199757398748,0.0,38.60196778705673,0.09435336976320582,1260,9
final_refine_1m,1.0,694.0,446.0,824.9557563893957,1.0,1.0,0.0,1.0,0.2410096278948738,0.2410096278948738,1.0,0.3349206349206349,0.3349206349206349,70.93897744993915,83.82263913358258,159.12880002793034,171.65612906038194,198.2044586553947,0.0,38.55026958782288,0.09435336976320582,1260,9
final_refine_1m,1.0,694.0,447.0,825.4968201029002,1.0,1.0,0.0,1.0,0.241295862607338,0.241295862607338,1.0,0.3357142857142857,0.3357142857142857,70.88789009707556,83.72823869560676,158.86011046047352,171.37937304727623,197.79931301697417,0.0,38.49869203846176,0.095160031225605,1260,9
final_refine_1m,1.0,694.0,448.0,826.0387400116292,1.0,1.0,0.0,1.0,0.24158209731980224,0.24158209731980224,1.0,0.33650793650793653,0.33650793650793653,70.83717721581725,83.63444392007847,158.6078821282034,171.10405675924324,197.3965415507569,0.0,38.44723474687676,0.09581056466302368,1260,9
final_refine_1m,1.0,694.0,449.0,826.5815144315774,1.0,1.0,0.0,1.0,0.24186833203226646,0.24186833203226646,1.0,0.3373015873015873,0.3373015873015873,70.78683613869362,83.54125296698058,158.35700021697798,170.8301703247556,196.99612534969506,0.0,38.395897322696115,0.09581056466302368,1260,9
final_refine_1m,1.0,694.0,450.0,827.1251416805078,1.0,1.0,0.0,1.0,0.24215456674473068,0.24215456674473068,1.0,0.3380952380952381,0.3380952380952381,70.73686422299976,83.44866179430791,158.10745534670315,170.55770396135324,196.59804570505418,0.0,38.34467937726232,0.09661722612542285,1260,9
final_refine_1m,1.0,694.0,451.0,827.6696200779633,1.0,1.0,0.0,1.0,0.24215456674473068,0.24215456674473068,1.0,0.3380952380952381,0.3380952380952381,70.68725885051607,83.3566633049107,157.85923822309778,170.28664797464393,196.2022841037911,0.0,38.2935805236216,0.09661722612542285,1260,9
final_refine_1m,1.0,694.0,452.0,828.2149479452783,1.0,1.0,0.0,1.0,0.2424408014571949,0.2424408014571949,1.0,0.3388888888888889,0.3388888888888889,70.63801742722879,83.26525507231906,157.61233963670458,170.01699275732187,195.80882222604004,0.0,38.24260037651347,0.09661722612542285,1260,9
final_refine_1m,1.0,694.0,453.0,828.76112360559,1.0,1.0,0.0,1.0,0.24272703616965913,0.24272703616965913,1.0,0.3396825396825397,0.3396825396825397,70.58913738306852,83.1744342231568,157.36675046193463,169.74872878816996,195.4176419425767,0.0,38.19173855236038,0.09742388758782201,1260,9
final_refine_1m,1.0,694.0,454.0,829.3081453838495,1.0,1.0,0.0,1.0,0.24301327088212335,0.24301327088212335,1.0,0.3404761904761905,0.3404761904761905,70.5406161716321,83.0841936731154,157.12246165611083,169.48184663112661,195.02872531235468,0.0,38.14099466925743,0.09742388758782201,1260,9
final_refine_1m,1.0,694.0,455.0,829.8560116068329,1.0,1.0,0.0,1.0,0.24301327088212335,0.24301327088212335,1.0,0.3404761904761905,0.3404761904761905,70.49245126992864,82.99453003533677,156.87946425853548,169.2163369343038,194.64205458008104,0.0,38.09036834696223,0.09742388758782201,1260,9
final_refine_1m,1.0,694.0,456.0,830.4047206031527,1.0,1.0,0.0,1.0,0.24329950559458757,0.24329950559458757,1.0,0.3412698412698413,0.3412698412698413,70.44464017810947,82.90544167932154,156.6377493895596,168.95219042907968,194.2576121738192,0.0,38.0398592068848,0.09742388758782201,1260,9
final_refine_1m,1.0,694.0,457.0,830.954270703268,1.0,1.0,0.0,1.0,0.2435857403070518,0.2435857403070518,1.0,0.34206349206349207,0.34206349206349207,70.3971804192184,82.81692172156136,156.39730824966594,168.68939792915043,193.87538070262525,0.0,37.98946687207753,0.09823054905022117,1260,9
final_refine_1m,1.0,694.0,458.0,831.5046602394962,1.0,1.0,0.0,1.0,0.243871975019516,0.243871975019516,1.0,0.34285714285714286,0.34285714285714286,70.35006953893232,82.72896609730954,156.15813211857804,168.42795032963548,193.49534295423547,0.0,37.93919096722533,0.09823054905022117,1260,9
final_refine_1m,1.0,694.0,459.0,832.055887546023,1.0,1.0,0.0,1.0,0.2441582097319802,0.2441582097319802,1.0,0.34365079365079365,0.34365079365079365,70.3033051053163,82.64157299182953,155.92021235436886,168.16783860616778,193.1174818927701,0.0,37.889031118635735,0.09823054905022117,1260,9
final_refine_1m,1.0,695.0,443.0,824.1808054061925,1.0,1.0,0.0,1.0,0.24043715846994534,0.24043715846994534,1.0,0.3333333333333333,0.3333333333333333,70.96883707734814,83.99731877639003,159.70230497986998,172.24910252416697,199.12857784269028,0.0,38.67256114693638,0.09450949778818632,1260,9
final_refine_1m,1.0,695.0,444.0,824.7187399350157,1.0,1.0,0.0,1.0,0.24043715846994534,0.24043715846994534,1.0,0.3333333333333333,0.3333333333333333,70.91692970107222,83.90136807482017,159.42755902624094,171.96858607795923,198.71711256371682,0.0,38.62062717953004,0.09450949778818632,1260,9
final_refine_1m,1.0,695.0,445.0,825.2575355608697,1.0,1.0,0.0,1.0,0.24043715846994534,0.24043715846994534,1.0,0.3333333333333333,0.3333333333333333,70.86540332532243,83.80603687800543,159.15435984421853,171.68953657253843,198.30807419103385,0.0,38.56881473052873,0.09531615925058548,1260,9
final_refine_1m,1.0,695.0,446.0,825.7971905982728,1.0,1.0,0.0,1.0,0.24043715846994534,0.24043715846994534,1.0,0.3333333333333333,0.3333333333333333,70.81425521792022,83.71132194430024,158.88269597539238,171.41194388370005,197.90144325034342,0.0,38.51712340387016,0.09531615925058548,1260,9
final_refine_1m,1.0,695.0,447.0,826.3377033634614,1.0,1.0,0.0,1.0,0.24043715846994534,0.24043715846994534,1.0,0.3333333333333333,0.3333333333333333,70.76348267221057,83.61721600389764,158.62503065017154,171.13579797920914,197.49720047315773,0.0,38.46555280524065,0.09531615925058548,1260,9
final_refine_1m,1.0,695.0,448.0,826.879072174402,1.0,1.0,0.0,1.0,0.24043715846994534,0.24043715846994534,1.0,0.3333333333333333,0.3333333333333333,70.71308300677101,83.52371559297606,158.37340086889355,170.86108891775697,197.0953267941204,0.0,38.41410254206435,0.09677335415040333,1260,9
final_refine_1m,1.0,695.0,449.0,827.4212953508026,1.0,1.0,0.0,1.0,0.24043715846994534,0.24043715846994534,1.0,0.3333333333333333,0.3333333333333333,70.6630535651288,83.43081848007641,158.12311463506055,170.5878068479216,196.69580334833458,0.0,38.36277222349245,0.09677335415040333,1260,9
final_refine_1m,1.0,695.0,450.0,827.9643712141242,1.0,1.0,0.0,1.0,0.24072339318240957,0.24072339318240957,1.0,0.3341269841269841,0.3341269841269841,70.61339171547542,83.3385174363886,157.87416258883778,170.31594200716782,196.29861146872383,0.0,38.31156146039263,0.09677335415040333,1260,9
final_refine_1m,1.0,695.0,451.0,828.5082980875931,1.0,1.0,0.0,1.0,0.2410096278948738,0.2410096278948738,1.0,0.3349206349206349,0.3349206349206349,70.56409485039612,83.2468083875413,157.62653545601714,170.04548472084096,195.90373268346428,0.0,38.26046986533847,0.0975800156128025,1260,9
final_refine_1m,1.0,695.0,452.0,829.0530742962118,1.0,1.0,0.0,1.0,0.241295862607338,0.241295862607338,1.0,0.3357142857142857,0.3357142857142857,70.51516038658865,83.1556898006841,157.38022404702198,169.77642540117964,195.51114871344245,0.0,38.209497052599005,0.0975800156128025,1260,9
final_refine_1m,1.0,695.0,453.0,829.5986981667703,1.0,1.0,0.0,1.0,0.24158209731980224,0.24158209731980224,1.0,0.33650793650793653,0.33650793650793653,70.46658576459824,83.06515495231498,157.13521925595342,169.50875454633422,195.12084146974323,0.0,38.158642638128384,0.0975800156128025,1260,9
final_refine_1m,1.0,695.0,454.0,830.1451680278576,1.0,1.0,0.0,1.0,0.24158209731980224,0.24158209731980224,1.0,0.33650793650793653,0.33650793650793653,70.41836844854986,82.97519915535827,156.8915120596463,169.24246273942506,194.73279305118322,0.0,38.107906239555604,0.09903721051262035,1260,9
final_refine_1m,1.0,695.0,455.0,830.6924822098729,1.0,1.0,0.0,1.0,0.24186833203226646,0.24186833203226646,1.0,0.3373015873015873,0.3373015873015873,70.37050592588395,82.88582071620537,156.64909351671918,168.9775406475773,194.34698574189966,0.0,38.05728747617431,0.09903721051262035,1260,9
final_refine_1m,1.0,695.0,456.0,831.2406390450361,1.0,1.0,0.0,1.0,0.24215456674473068,0.24215456674473068,1.0,0.3380952380952381,0.3380952380952381,70.32299570709753,82.79701445533237,156.40795476666787,168.71397902099176,193.96340200895466,0.0,38.0067859689327,0.09903721051262035,1260,9
final_refine_1m,1.0,695.0,457.0,831.7896368673993,1.0,1.0,0.0,1.0,0.2424408014571949,0.2424408014571949,1.0,0.3388888888888889,0.3388888888888889,70.27583532548785,82.70877460160435,156.16808702893798,168.45176869202567,193.5820244999787,0.0,37.9564013404235,0.09903721051262035,1260,9
final_refine_1m,1.0,695.0,458.0,832.3394740128573,1.0,1.0,0.0,1.0,0.2424408014571949,0.2424408014571949,1.0,0.3388888888888889,0.3388888888888889,70.22902233689919,82.62109928223296,155.92948160203613,168.19090057427823,193.20283604086214,0.0,37.90613321487409,0.09984387197501951,1260,9
final_refine_1m,1.0,695.0,459.0,832.8901488191585,1.0,1.0,0.0,1.0,0.24272703616965913,0.24272703616965913,1.0,0.3396825396825397,0.3396825396825397,70.18255431947658,82.5339849310037,155.69212986264367,167.93136566169244,192.82581963346541,0.0,37.85598121813659,0.09984387197501951,1260,9
