stage,d1,d2,beta_deg,sensor_x,sensor_y,worst_diameter,mean_diameter,worst_epsilon,bounded_all,diameter_pass_all,circle_pass_all,clear_ready_all,epsilon_count
coarse,200.0,200.0,88.0,193.02010065949978,-199.87816540381914,10.23934458745585,10.055388486980132,-1.0,True,True,True,True,101
coarse,200.0,200.0,88.05,193.19452989956648,-199.88418040633456,10.234553289621314,10.050841316219431,-1.0,True,True,True,True,101
coarse,200.0,200.0,88.1,193.3689643222947,-199.89004318835143,10.229768429114271,10.046300175991137,-1.0,True,True,True,True,101
coarse,200.0,200.0,88.15,193.54340379484515,-199.89575374540496,10.224989995090883,10.0417650563843,-1.0,True,True,True,True,101
coarse,200.0,200.0,88.2,193.71784818437436,-199.90131207314633,10.220217976732917,10.037235947510876,-1.0,True,True,True,True,101
coarse,200.0,200.0,88.25,193.89229735803548,-199.90671816734258,10.215452363247739,10.032712839505688,-1.0,True,True,True,True,101
coarse,200.0,200.0,88.3,194.06675118297784,-199.9119720238768,10.210693143867932,10.028195722526329,-1.0,True,True,True,True,101
coarse,200.0,200.0,88.35,194.2412095263473,-199.91707363874792,10.205940307851812,10.023684586753122,-1.0,True,True,True,True,101
coarse,200.0,200.0,88.4,194.41567225528624,-199.92202300807088,10.201193844482736,10.019179422389055,-1.0,True,True,True,True,101
coarse,200.0,200.0,88.45,194.59013923693365,-199.92682012807646,10.19645374306951,10.014680219659711,-1.0,True,True,True,True,101
coarse,200.0,200.0,88.5,194.76461033842537,-199.93146499511144,10.191719992945997,10.010186968813192,-1.0,True,True,True,True,101
coarse,200.0,200.0,88.55,194.93908542689405,-199.93595760563863,10.186992583471193,10.00569966012008,-1.0,True,True,True,True,101
coarse,200.0,200.0,88.6,195.11356436946934,-199.94029795623663,10.182271504029146,10.001218283873351,-1.0,True,True,True,True,101
coarse,200.0,200.0,88.65,195.288047033278,-199.9444860436001,10.177556744028779,9.996742830388335,-1.0,True,True,True,True,101
coarse,200.0,200.0,88.7,195.46253328544373,-199.94852186453966,10.172848292904044,9.992273290002636,-1.0,True,True,True,True,101
coarse,200.0,200.0,88.75,195.63702299308778,-199.95240541598181,10.168146140113613,9.98780965307608,-1.0,True,True,True,True,101
coarse,200.0,200.0,88.8,195.81151602332858,-199.9561366949691,10.163450275140933,9.983351909990624,-1.0,True,True,True,True,101
coarse,200.0,200.0,88.85,195.98601224328218,-199.95971569865995,10.158760687494128,9.97890005115035,-1.0,True,True,True,True,101
coarse,200.0,200.0,88.9,196.16051152006207,-199.96314242432885,10.154077366705858,9.974454066981343,-1.0,True,True,True,True,101
coarse,200.0,200.0,88.95,196.33501372077944,-199.96641686936616,10.149400302333376,9.970013947931674,-1.0,True,True,True,True,101
coarse,200.0,200.0,89.0,196.50951871254327,-199.96953903127826,10.144729483958464,9.965579684471308,-1.0,True,True,True,True,101
coarse,200.0,200.0,89.05,196.68402636246046,-199.97250890768748,10.140064901187175,9.961176821896858,-1.0,True,True,False,False,101
coarse,200.0,200.0,89.1,196.8585365376358,-199.97532649633212,10.135406543649955,9.956966312652655,-1.0,True,True,False,False,101
coarse,200.0,200.0,89.15,197.03304910517232,-199.9779917950665,10.130754401001571,9.952973103473171,-1.0,True,True,False,False,101
coarse,200.0,200.0,89.2,197.20756393217093,-199.98050480186086,10.126108462920755,9.94919763537104,-1.0,True,True,False,False,101
coarse,200.0,200.0,89.25,197.38208088573109,-199.9828655148014,10.121468719110531,9.94563964734163,-1.0,True,True,False,False,101
coarse,200.0,200.0,89.3,197.55659983295058,-199.9850739320904,10.116835159298038,9.942299584031959,-1.0,True,True,False,False,101
coarse,200.0,200.0,89.35,197.73112064092552,-199.987130052046,10.11220777323416,9.939177181409919,-1.0,True,True,False,False,101
coarse,200.0,200.0,89.4,197.90564317675086,-199.98903387310241,10.10758655069391,9.936272887398893,-1.0,True,True,False,False,101
coarse,200.0,200.0,89.45,198.08016730752,-199.9907853938098,10.102971481476029,9.933586435295705,-1.0,True,True,False,False,101
coarse,200.0,200.0,89.5,198.2546929003252,-199.99238461283426,10.098362555403046,9.93111827594116,-1.0,True,True,False,False,101
coarse,200.0,200.0,89.55,198.42921982225772,-199.99383152895794,10.093759762321268,9.928868140318418,-1.0,True,True,False,False,101
coarse,200.0,200.0,89.6,198.6037479404077,-199.99512614107894,10.089163092100579,9.926836481825756,-1.0,True,True,False,False,101
coarse,200.0,200.0,89.65,198.77827712186433,-199.99626844821142,10.08457253463446,9.925023029491063,-1.0,True,True,False,False,101
coarse,200.0,200.0,89.7,198.9528072337161,-199.99725844948534,10.079988079839836,9.92342823890919,-1.0,True,True,False,False,101
coarse,200.0,200.0,89.75,199.12733814305068,-199.9980961441469,10.075409717657218,9.922051837512072,-1.0,True,True,False,False,101
coarse,200.0,200.0,89.8,199.30186971695525,-199.99878153155808,10.070837438050342,9.92089428272929,-1.0,True,True,False,False,101
coarse,200.0,200.0,89.85,199.47640182251638,-199.99931461119695,10.066271231006342,9.919955300757138,-1.0,True,True,False,False,101
coarse,200.0,200.0,89.9,199.65093432682033,-199.99969538265753,10.061711086535556,9.919235350497082,-1.0,True,True,False,False,101
coarse,200.0,200.0,89.95,199.82546709695296,-199.99992384564987,10.057156994671514,9.918734157271073,-1.0,True,True,False,False,101
coarse,200.0,200.0,90.0,200.0,-200.0,10.052608945470892,9.918452181088675,-1.0,True,True,False,False,101
coarse,200.0,200.0,90.05,200.174532903047,-199.99992384564987,10.048066929013325,9.918389146759711,-1.0,True,True,False,False,101
coarse,200.0,200.0,90.1,200.34906567317964,-199.99969538265753,10.043530935401545,9.918545515037112,-1.0,True,True,False,False,101
coarse,200.0,200.0,90.15,200.5235981774836,-199.99931461119695,10.039000954761045,9.918921010581792,-1.0,True,True,False,False,101
coarse,200.0,200.0,90.2,200.69813028304475,-199.99878153155808,10.03447697724036,9.919516094524331,-1.0,True,True,False,False,101
coarse,200.0,200.0,90.25,200.8726618569493,-199.9980961441469,10.029958993010661,9.920330491740884,-1.0,True,True,False,False,101
coarse,200.0,200.0,90.3,201.04719276628387,-199.99725844948534,10.025446992265964,9.921364663373051,-1.0,True,True,False,False,101
coarse,200.0,200.0,90.35,201.22172287813564,-199.99626844821142,10.020940965222831,9.922618334877331,-1.0,True,True,False,False,101
coarse,200.0,200.0,90.4,201.39625205959234,-199.99512614107894,10.016440902120515,9.924091967038732,-1.0,True,True,False,False,101
coarse,200.0,200.0,90.45,201.57078017774228,-199.99383152895794,10.011946793220758,9.925785286260174,-1.0,True,True,False,False,101
coarse,200.0,200.0,90.5,201.7453070996748,-199.99238461283426,10.007458628807754,9.92769875260153,-1.0,True,True,False,False,101
coarse,200.0,200.0,90.55,201.91983269248004,-199.9907853938098,10.002976399188142,9.929832093779142,-1.0,True,True,False,False,101
coarse,200.0,200.0,90.6,202.09435682324914,-199.98903387310241,9.998500094690923,9.932185768758272,-1.0,True,True,False,False,101
coarse,200.0,200.0,90.65,202.26887935907448,-199.987130052046,9.994029705667261,9.934759506936633,-1.0,True,True,False,False,101
coarse,200.0,200.0,90.7,202.44340016704945,-199.9850739320904,9.98956522249072,9.937553765814446,-1.0,True,True,False,False,101
coarse,200.0,200.0,90.75,202.6179191142689,-199.9828655148014,9.985106635556901,9.940568276839683,-1.0,True,True,False,False,101
coarse,200.0,200.0,90.8,202.79243606782904,-199.98050480186086,9.980653935283595,9.943803495676198,-1.0,True,True,False,False,101
coarse,200.0,200.0,90.85,202.96695089482768,-199.9779917950665,9.97620711211049,9.947259156192034,-1.0,True,True,False,False,101
coarse,200.0,200.0,90.9,203.14146346236416,-199.97532649633212,9.971766156499369,9.950935711842364,-1.0,True,True,False,False,101
coarse,200.0,200.0,90.95,203.3159736375395,-199.97250890768748,9.96733105893383,9.954832899286101,-1.0,True,True,False,False,101
coarse,200.0,200.0,91.0,203.4904812874567,-199.96953903127826,9.962901809919511,9.958951169396508,1.0,True,True,False,False,101
coarse,200.0,200.0,91.05,203.66498627922053,-199.96641686936616,9.967480325517046,9.963290261995065,1.0,True,True,False,False,101
coarse,200.0,200.0,91.1,203.8394884799379,-199.96314242432885,9.972064820340545,9.967720926565022,1.0,True,True,False,False,101
coarse,200.0,200.0,91.15,204.01398775671782,-199.95971569865995,9.976655304378742,9.972157434459993,1.0,True,True,False,False,101
coarse,200.0,200.0,91.2,204.1884839766714,-199.9561366949691,9.981251787642954,9.976599795176407,1.0,True,True,False,False,101
coarse,200.0,200.0,91.25,204.36297700691222,-199.95240541598181,9.985854280167485,9.98104801823245,1.0,True,True,False,False,101
coarse,200.0,200.0,91.3,204.53746671455625,-199.94852186453966,9.990462792009518,9.985502113168147,1.0,True,True,False,False,101
coarse,200.0,200.0,91.35,204.71195296672198,-199.9444860436001,9.9950773332492,9.989962089545383,1.0,True,True,False,False,101
coarse,200.0,200.0,91.4,204.88643563053063,-199.94029795623663,9.999697913989634,9.994427956947998,1.0,True,True,False,False,101
coarse,200.0,200.0,91.45,205.06091457310592,-199.93595760563863,10.004324544357232,9.998899724981829,1.0,True,True,False,False,101
coarse,200.0,200.0,91.5,205.2353896615746,-199.93146499511144,10.008957234501427,10.00337740327478,1.0,True,True,False,False,101
coarse,200.0,200.0,91.55,205.40986076306638,-199.92682012807646,10.013595994594867,10.007861001476888,1.0,True,True,False,False,101
coarse,200.0,200.0,91.6,205.58432774471376,-199.92202300807088,10.01824083483367,10.012350529260383,1.0,True,True,False,False,101
coarse,200.0,200.0,91.65,205.7587904736527,-199.91707363874792,10.022891765437128,10.016845996319727,1.0,True,True,False,False,101
coarse,200.0,200.0,91.7,205.93324881702216,-199.9119720238768,10.027548796648183,10.021347412371727,1.0,True,True,False,False,101
coarse,200.0,200.0,91.75,206.10770264196455,-199.90671816734258,10.03221193873301,10.025854787155541,1.0,True,True,False,False,101
coarse,200.0,200.0,91.8,206.28215181562567,-199.90131207314633,10.036881201981798,10.030368130432796,1.0,True,True,False,False,101
coarse,200.0,200.0,91.85,206.45659620515488,-199.89575374540496,10.041556596707865,10.034887451987595,1.0,True,True,False,False,101
coarse,200.0,200.0,91.9,206.63103567770528,-199.89004318835143,10.046238133248522,10.03941276162664,1.0,True,True,False,False,101
coarse,200.0,200.0,91.95,206.8054701004335,-199.88418040633456,10.050925821964963,10.043944069179227,1.0,True,True,False,False,101
coarse,200.0,200.0,92.0,206.9798993405002,-199.87816540381914,10.055619673241983,10.048481384497393,1.0,True,True,False,False,101
coarse,200.0,200.0,92.05,207.1543232650699,-199.87199818538585,10.060319697488486,10.0530247174559,1.0,True,True,False,False,101
coarse,200.0,200.0,92.1,207.32874174131123,-199.86567875573124,10.065025905137281,10.057574077952358,1.0,True,True,False,False,101
coarse,200.0,200.0,92.15,207.50315463639697,-199.85920711966793,10.06973830664528,10.06212947590725,1.0,True,True,False,False,101
coarse,200.0,200.0,92.2,207.677561817504,-199.85258328212424,10.074456912493488,10.066690921264023,1.0,True,True,False,False,101
coarse,200.0,200.0,92.25,207.85196315181372,-199.84580724814458,10.079181733187115,10.071258423989134,1.0,True,True,False,False,101
coarse,200.0,200.0,92.3,208.0263585065119,-199.8388790228892,10.083912779255638,10.075831994072141,1.0,True,True,False,False,101
coarse,200.0,200.0,92.35,208.20074774878898,-199.8317986116342,10.088650061252954,10.080411641525737,1.0,True,True,False,False,101
coarse,200.0,200.0,92.4,208.37513074583993,-199.82456601977168,10.093393589757202,10.084997376385852,1.0,True,True,False,False,101
coarse,200.0,200.0,92.45,208.54950736486444,-199.81718125280952,10.098143375371178,10.089589208711667,1.0,True,True,False,False,101
coarse,200.0,200.0,92.5,208.72387747306718,-199.80964431637156,10.102899428722152,10.094187148585743,1.0,True,True,False,False,101
coarse,200.0,200.0,92.55,208.89824093765773,-199.8019552161975,10.107661760462051,10.09879120611403,1.0,True,True,False,False,101
coarse,200.0,200.0,92.6,209.0725976258507,-199.79411395814296,10.112430381267478,10.10340139142598,1.0,True,True,False,False,101
coarse,200.0,200.0,92.65,209.24694740486603,-199.78612054817933,10.11720530183973,10.108017714674585,1.0,True,True,False,False,101
coarse,200.0,200.0,92.7,209.42129014192855,-199.777974992394,10.121986532905074,10.112640186036455,1.0,True,True,False,False,101
coarse,200.0,200.0,92.75,209.5956257042688,-199.76967729699012,10.12677408521467,10.117268815711869,1.0,True,True,False,False,101
coarse,200.0,200.0,92.8,209.76995395912266,-199.76122746828682,10.13156796954461,10.12190361392489,1.0,True,True,False,False,101
coarse,200.0,200.0,92.85,209.94427477373156,-199.75262551271894,10.136368196696122,10.126544590923361,1.0,True,True,False,False,101
coarse,200.0,200.0,92.9,210.11858801534268,-199.74387143683722,10.141174777495467,10.131191756979044,1.0,True,True,False,False,101
coarse,200.0,200.0,92.95,210.29289355120883,-199.7349652473084,10.145987722794112,10.135845122387632,1.0,True,True,False,False,101
coarse,200.0,200.0,93.0,210.46719124858876,-199.72590695091478,10.15080704346894,10.140504697468856,1.0,True,True,True,True,101
refined,200.0,200.0,90.9,203.14146346236416,-199.97532649633212,9.971766156499369,9.950874576634423,-1.0,True,True,False,False,201
refined,200.0,200.0,90.91,203.1763656930408,-199.974775161729,9.970878668646733,9.95164009119189,-1.0,True,True,False,False,201
refined,200.0,200.0,90.92,203.2112678269599,-199.97421773554592,9.969991415039868,9.952414481689335,-1.0,True,True,False,False,201
refined,200.0,200.0,90.93,203.24616986305816,-199.97365421779983,9.969104395602725,9.953197748886616,-1.0,True,True,False,False,201
refined,200.0,200.0,90.94,203.2810718002724,-199.9730846085079,9.968217610259332,9.95398989354375,-1.0,True,True,False,False,201
refined,200.0,200.0,90.95,203.3159736375395,-199.97250890768748,9.96733105893383,9.954790916420924,-1.0,True,True,False,False,201
refined,200.0,200.0,90.96,203.35087537379624,-199.97192711535607,9.966444741550346,9.955600818278473,-1.0,True,True,False,False,201
refined,200.0,200.0,90.97,203.38577700797953,-199.9713392315315,9.965558658032922,9.956419599876895,-1.0,True,True,False,False,201
refined,200.0,200.0,90.98,203.42067853902614,-199.97074525623154,9.964672808305853,9.957247261976837,-1.0,True,True,False,False,201
refined,200.0,200.0,90.99,203.45557996587291,-199.97014518947435,9.963787192293244,9.958083805339122,-1.0,True,True,False,False,201
refined,200.0,200.0,91.0,203.4904812874567,-199.96953903127826,9.962901809919511,9.958929230724712,1.0,True,True,False,False,201
refined,200.0,200.0,91.01,203.52538250271434,-199.96892678166165,9.963817035179591,9.95978353889473,1.0,True,True,False,False,201
refined,200.0,200.0,91.02,203.5602836105827,-199.9683084406432,9.964732499289724,9.96064673061047,1.0,True,True,False,False,201
refined,200.0,200.0,91.03,203.59518460999863,-199.96768400824178,9.96564820232949,9.961518806633366,1.0,True,True,False,False,201
refined,200.0,200.0,91.04,203.630085499899,-199.96705348447634,9.966564144378683,9.96239976772502,1.0,True,True,False,False,201
refined,200.0,200.0,91.05,203.66498627922053,-199.96641686936616,9.967480325517046,9.963285199759838,1.0,True,True,False,False,201
refined,200.0,200.0,91.06,203.6998869469003,-199.9657741629306,9.968396745824316,9.96417086514785,1.0,True,True,False,False,201
refined,200.0,200.0,91.07,203.73478750187502,-199.9651253651892,9.969313405380463,9.965056763964787,1.0,True,True,False,False,201
refined,200.0,200.0,91.08,203.7696879430816,-199.9644704761618,9.97023030426526,9.965942896286409,1.0,True,True,False,False,201
refined,200.0,200.0,91.09,203.80458826945699,-199.9638094958683,9.971147442558634,9.966829262188512,1.0,True,True,False,False,201
refined,200.0,200.0,91.1,203.8394884799379,-199.96314242432885,9.972064820340545,9.967715861746932,1.0,True,True,False,False,201
coarse,200.0,400.0,88.0,186.04020131899958,-399.7563308076383,16.092217191609038,15.846399219848331,-1.0,True,True,True,True,101
coarse,200.0,400.0,88.05,186.38905979913295,-399.76836081266913,16.08579474228344,15.840536189271441,-1.0,True,True,True,True,101
coarse,200.0,400.0,88.1,186.7379286445894,-399.78008637670285,16.079383187464693,15.834683621797607,-1.0,True,True,True,True,101
coarse,200.0,400.0,88.15,187.08680758969027,-399.7915074908099,16.072982512901,15.828841505523052,-1.0,True,True,True,True,101
coarse,200.0,400.0,88.2,187.43569636874872,-399.80262414629266,16.066592704385236,15.823009828585882,-1.0,True,True,True,True,101
coarse,200.0,400.0,88.25,187.78459471607096,-399.81343633468515,16.060213747754364,15.817188579165984,-1.0,True,True,True,True,101
coarse,200.0,400.0,88.3,188.1335023659557,-399.8239440477536,16.053845628889672,15.811377745484961,-1.0,True,True,True,True,101
coarse,200.0,400.0,88.35,188.48241905269458,-399.83414727749584,16.04748833371668,15.805577315806092,-1.0,True,True,True,True,101
coarse,200.0,400.0,88.4,188.8313445105725,-399.84404601614176,16.041141848204795,15.799787278434195,-1.0,True,True,True,True,101
coarse,200.0,400.0,88.45,189.1802784738673,-399.8536402561529,16.034806158367548,15.794007621715611,-1.0,True,True,True,True,101
coarse,200.0,400.0,88.5,189.52922067685074,-399.8629299902229,16.02848125026218,15.788238334038104,-1.0,True,True,True,True,101
coarse,200.0,400.0,88.55,189.8781708537881,-399.87191521127727,16.022167109989628,15.78247940383081,-1.0,True,True,True,True,101
coarse,200.0,400.0,88.6,190.2271287389387,-399.88059591247327,16.015863723694693,15.776730819564117,-1.0,True,True,True,True,101
coarse,200.0,400.0,88.65,190.57609406655598,-399.8889720872002,16.00957107756559,15.77099256974965,-1.0,True,True,True,True,101
coarse,200.0,400.0,88.7,190.92506657088745,-399.8970437290793,16.003289157834022,15.76526464294018,-1.0,True,True,True,True,101
coarse,200.0,400.0,88.75,191.27404598617554,-399.90481083196363,15.997017950775065,15.759547027729553,-1.0,True,True,True,True,101
coarse,200.0,400.0,88.8,191.6230320466572,-399.9122733899382,15.990757442707165,15.7538397127526,-1.0,True,True,True,True,101
coarse,200.0,400.0,88.85,191.97202448656432,-399.9194313973199,15.98450761999185,15.748142686685089,-1.0,True,True,True,True,101
coarse,200.0,400.0,88.9,192.32102304012415,-399.9262848486577,15.978268469033702,15.74245593824367,-1.0,True,True,True,True,101
coarse,200.0,400.0,88.95,192.67002744155886,-399.9328337387323,15.972039976280483,15.736779456185772,-1.0,True,True,True,True,101
coarse,200.0,400.0,89.0,193.01903742508657,-399.9390780625565,15.96582212822283,15.731113229309553,-1.0,True,True,True,True,101
coarse,200.0,400.0,89.05,193.36805272492094,-399.94501781537497,15.959614911393913,15.725468643606602,-1.0,True,True,False,False,101
coarse,200.0,400.0,89.1,193.71707307527166,-399.95065299266423,15.953418312370154,15.720034769977062,-1.0,True,True,False,False,101
coarse,200.0,400.0,89.15,194.06609821034462,-399.955983590133,15.947232317770203,15.714875155444107,-1.0,True,True,False,False,101
coarse,200.0,400.0,89.2,194.41512786434186,-399.9610096037217,15.941056914255334,15.70998802632767,-1.0,True,True,False,False,101
coarse,200.0,400.0,89.25,194.76416177146217,-399.9657310296028,15.93489208852943,15.705376118018886,-1.0,True,True,False,False,101
coarse,200.0,400.0,89.3,195.11319966590113,-399.9701478641808,15.928737827338823,15.701037235529949,-1.0,True,True,False,False,101
coarse,200.0,400.0,89.35,195.46224128185108,-399.974260104092,15.922594117471625,15.696974535107433,-1.0,True,True,False,False,101
coarse,200.0,400.0,89.4,195.81128635350174,-399.97806774620483,15.916460945758677,15.693185401584795,-1.0,True,True,False,False,101
coarse,200.0,400.0,89.45,196.16033461503997,-399.9815707876196,15.910338299072691,15.68967341093512,-1.0,True,True,False,False,101
coarse,200.0,400.0,89.5,196.50938580065045,-399.9847692256685,15.904226164328518,15.68643552894663,-1.0,True,True,False,False,101
coarse,200.0,400.0,89.55,196.85843964451547,-399.9876630579159,15.898124528482809,15.68347575018543,-1.0,True,True,False,False,101
coarse,200.0,400.0,89.6,197.20749588081534,-399.9902522821579,15.89203337853424,15.680790622532554,-1.0,True,True,False,False,101
coarse,200.0,400.0,89.65,197.5565542437287,-399.99253689642285,15.885952701523097,15.678384558009137,-1.0,True,True,False,False,101
coarse,200.0,400.0,89.7,197.90561446743217,-399.9945168989707,15.87988248453134,15.676253687731528,-1.0,True,True,False,False,101
coarse,200.0,400.0,89.75,198.25467628610136,-399.9961922882938,15.873822714682696,15.674402840033435,-1.0,True,True,False,False,101
coarse,200.0,400.0,89.8,198.60373943391048,-399.99756306311616,15.867773379142156,15.672827730413513,-1.0,True,True,False,False,101
coarse,200.0,400.0,89.85,198.95280364503276,-399.9986292223939,15.861734465116358,15.671533602371055,-1.0,True,True,False,False,101
coarse,200.0,400.0,89.9,199.3018686536407,-399.99939076531507,15.855705959853186,15.6705157569385,-1.0,True,True,False,False,101
coarse,200.0,400.0,89.95,199.65093419390593,-399.99984769129975,15.849687850641686,15.669779851629286,-1.0,True,True,False,False,101
coarse,200.0,400.0,90.0,199.99999999999997,-400.0,15.84368012481229,15.66932077416556,-1.0,True,True,False,False,101
coarse,200.0,400.0,90.05,200.34906580609402,-399.99984769129975,15.837682769736334,15.669144594919008,-1.0,True,True,False,False,101
coarse,200.0,400.0,90.1,200.69813134635925,-399.99939076531507,15.831695772826292,15.669245789461833,-1.0,True,True,False,False,101
coarse,200.0,400.0,90.15,201.04719635496718,-399.9986292223939,15.82571912153537,15.669630839863625,-1.0,True,True,False,False,101
coarse,200.0,400.0,90.2,201.39626056608947,-399.99756306311616,15.81975280335789,15.670293810711453,-1.0,True,True,False,False,101
coarse,200.0,400.0,90.25,201.74532371389859,-399.9961922882938,15.813796805828762,15.671241594608022,-1.0,True,True,False,False,101
coarse,200.0,400.0,90.3,202.09438553256777,-399.9945168989707,15.807851116523654,15.672467846324466,-1.0,True,True,False,False,101
coarse,200.0,400.0,90.35,202.44344575627125,-399.99253689642285,15.801915723058704,15.67397986782741,-1.0,True,True,False,False,101
coarse,200.0,400.0,90.4,202.79250411918468,-399.9902522821579,15.795990613090883,15.675770905245672,-1.0,True,True,False,False,101
coarse,200.0,400.0,90.45,203.1415603554846,-399.9876630579159,15.790075774317136,15.677848668736164,-1.0,True,True,False,False,101
coarse,200.0,400.0,90.5,203.4906141993496,-399.9847692256685,15.784171194475174,15.680205996963446,-1.0,True,True,False,False,101
coarse,200.0,400.0,90.55,203.83966538496006,-399.9815707876196,15.778276861342746,15.682851007096653,-1.0,True,True,False,False,101
coarse,200.0,400.0,90.6,204.1887136464983,-399.97806774620483,15.772392762738058,15.685776131518493,-1.0,True,True,False,False,101
coarse,200.0,400.0,90.65,204.53775871814898,-399.974260104092,15.76651888651915,15.688989893227951,-1.0,True,True,False,False,101
coarse,200.0,400.0,90.7,204.8868003340989,-399.9701478641808,15.760655220584363,15.69248431951262,-1.0,True,True,False,False,101
coarse,200.0,400.0,90.75,205.23583822853777,-399.9657310296028,15.754801752871868,15.696268338014562,-1.0,True,True,False,False,101
coarse,200.0,400.0,90.8,205.5848721356581,-399.9610096037217,15.748958471359858,15.70033357211739,-1.0,True,True,False,False,101
coarse,200.0,400.0,90.85,205.93390178965532,-399.955983590133,15.743125364066149,15.704689352915098,-1.0,True,True,False,False,101
coarse,200.0,400.0,90.9,206.2829269247283,-399.95065299266423,15.737302419048463,15.709326901082779,-1.0,True,True,False,False,101
coarse,200.0,400.0,90.95,206.63194727507903,-399.94501781537497,15.731489624404206,15.71425594997089,-1.0,True,True,False,False,101
coarse,200.0,400.0,91.0,206.98096257491338,-399.9390780625565,15.725686968270306,15.719467318745806,1.0,True,True,False,False,101
coarse,200.0,400.0,91.05,207.32997255844109,-399.9328337387323,15.731584281272891,15.724971141814606,1.0,True,True,False,False,101
coarse,200.0,400.0,91.1,207.6789769598758,-399.9262848486577,15.737491995536908,15.730636645641605,1.0,True,True,False,False,101
coarse,200.0,400.0,91.15,208.02797551343562,-399.9194313973199,15.743410123057961,15.736312372494199,1.0,True,True,False,False,101
coarse,200.0,400.0,91.2,208.37696795334278,-399.9122733899382,15.74933867587306,15.74199833355606,1.0,True,True,False,False,101
coarse,200.0,400.0,91.25,208.7259540138244,-399.90481083196363,15.755277666061076,15.747694540051219,1.0,True,True,False,False,101
coarse,200.0,400.0,91.3,209.0749334291125,-399.8970437290793,15.761227105742595,15.753401003244148,1.0,True,True,False,False,101
coarse,200.0,400.0,91.35,209.423905933444,-399.8889720872002,15.767187007080311,15.759117734439835,1.0,True,True,False,False,101
coarse,200.0,400.0,91.4,209.77287126106125,-399.88059591247327,15.773157382278553,15.764844744983847,1.0,True,True,False,False,101
coarse,200.0,400.0,91.45,210.12182914621184,-399.87191521127727,15.779138243584004,15.770582046262385,1.0,True,True,False,False,101
coarse,200.0,400.0,91.5,210.4707793231492,-399.8629299902229,15.785129603285283,15.77632964970237,1.0,True,True,False,False,101
coarse,200.0,400.0,91.55,210.81972152613272,-399.8536402561529,15.791131473713156,15.782087566771505,1.0,True,True,False,False,101
coarse,200.0,400.0,91.6,211.16865548942755,-399.84404601614176,15.797143867240957,15.787855808978371,1.0,True,True,False,False,101
coarse,200.0,400.0,91.65,211.51758094730545,-399.83414727749584,15.803166796284138,15.793634387872448,1.0,True,True,False,False,101
coarse,200.0,400.0,91.7,211.86649763404435,-399.8239440477536,15.809200273300481,15.799423315044233,1.0,True,True,False,False,101
coarse,200.0,400.0,91.75,212.21540528392907,-399.81343633468515,15.815244310790519,15.805222602125266,1.0,True,True,False,False,101
coarse,200.0,400.0,91.8,212.5643036312513,-399.80262414629266,15.821298921297517,15.811032260788284,1.0,True,True,False,False,101
coarse,200.0,400.0,91.85,212.91319241030976,-399.7915074908099,15.827364117406859,15.816852302747177,1.0,True,True,False,False,101
coarse,200.0,400.0,91.9,213.26207135541054,-399.78008637670285,15.83343991174705,15.822682739757163,1.0,True,True,False,False,101
coarse,200.0,400.0,91.95,213.610940200867,-399.76836081266913,15.83952631698956,15.828523583614798,1.0,True,True,False,False,101
coarse,200.0,400.0,92.0,213.9597986810004,-399.7563308076383,15.845623345848463,15.834374846158099,1.0,True,True,False,False,101
coarse,200.0,400.0,92.05,214.3086465301398,-399.7439963707717,15.851731011081098,15.840236539266543,1.0,True,True,False,False,101
coarse,200.0,400.0,92.1,214.65748348262247,-399.7313575114625,15.857849325487718,15.846108674861249,1.0,True,True,False,False,101
coarse,200.0,400.0,92.15,215.0063092727939,-399.71841423933586,15.863978301911871,15.851991264904958,1.0,True,True,False,False,101
coarse,200.0,400.0,92.2,215.35512363500797,-399.7051665642485,15.87011795324016,15.857884321402151,1.0,True,True,False,False,101
coarse,200.0,400.0,92.25,215.7039263036274,-399.69161449628916,15.876268292402827,15.863787856399105,1.0,True,True,False,False,101
coarse,200.0,400.0,92.3,216.05271701302385,-399.6777580457784,15.882429332373242,15.869701881984016,1.0,True,True,False,False,101
coarse,200.0,400.0,92.35,216.40149549757797,-399.6635972232684,15.888601086168414,15.875626410287015,1.0,True,True,False,False,101
coarse,200.0,400.0,92.4,216.75026149167985,-399.64913203954336,15.894783566849004,15.881561453480272,1.0,True,True,False,False,101
coarse,200.0,400.0,92.45,217.09901472972888,-399.63436250561904,15.900976787519138,15.88750702377808,1.0,True,True,False,False,101
coarse,200.0,400.0,92.5,217.44775494613435,-399.6192886327431,15.907180761326943,15.893463133436926,1.0,True,True,False,False,101
coarse,200.0,400.0,92.55,217.79648187531544,-399.603910432395,15.913395501464265,15.89942979475556,1.0,True,True,False,False,101
coarse,200.0,400.0,92.6,218.1451952517014,-399.5882279162859,15.919621021166924,15.905407020075101,1.0,True,True,False,False,101
coarse,200.0,400.0,92.65,218.49389480973207,-399.57224109635865,15.925857333714646,15.911394821779071,1.0,True,True,False,False,101
coarse,200.0,400.0,92.7,218.8425802838571,-399.555949984788,15.932104452431552,15.917393212293529,1.0,True,True,False,False,101
coarse,200.0,400.0,92.75,219.1912514085376,-399.53935459398025,15.938362390685691,15.923402204087083,1.0,True,True,False,False,101
coarse,200.0,400.0,92.8,219.53990791824532,-399.52245493657364,15.944631161889516,15.929421809671064,1.0,True,True,False,False,101
coarse,200.0,400.0,92.85,219.88854954746313,-399.5052510254379,15.950910779499846,15.935452041599504,1.0,True,True,False,False,101
coarse,200.0,400.0,92.9,220.23717603068536,-399.48774287367445,15.95720125701798,15.941492912469297,1.0,True,True,False,False,101
coarse,200.0,400.0,92.95,220.58578710241764,-399.4699304946168,15.963502607989653,15.947544434920228,1.0,True,True,False,False,101
coarse,200.0,400.0,93.0,220.93438249717752,-399.45181390182955,15.969814846005491,15.953606621635098,1.0,True,True,True,True,101
refined,200.0,400.0,90.9,206.2829269247283,-399.95065299266423,15.737302419048463,15.709244148707228,-1.0,True,True,False,False,201
refined,200.0,400.0,90.91,206.3527313860816,-399.949550323458,15.736139048469914,15.710211287842661,-1.0,True,True,False,False,201
refined,200.0,400.0,90.92,206.4225356539198,-399.94843547109184,15.734976083811189,15.711189955918153,-1.0,True,True,False,False,201
refined,200.0,400.0,90.93,206.4923397261163,-399.94730843559967,15.733813524977228,15.712180155961406,-1.0,True,True,False,False,201
refined,200.0,400.0,90.94,206.56214360054483,-399.9461692170158,15.732651371873182,15.713181891000193,-1.0,True,True,False,False,201
refined,200.0,400.0,90.95,206.63194727507903,-399.94501781537497,15.731489624404206,15.714195164062344,-1.0,True,True,False,False,201
refined,200.0,400.0,90.96,206.70175074759246,-399.94385423071213,15.730328282475508,15.715219978175746,-1.0,True,True,False,False,201
refined,200.0,400.0,90.97,206.77155401595908,-399.942678463063,15.729167345992382,15.716256336368359,-1.0,True,True,False,False,201
refined,200.0,400.0,90.98,206.84135707805228,-399.9414905124631,15.7280068148602,15.717304241668185,-1.0,True,True,False,False,201
refined,200.0,400.0,90.99,206.91115993174583,-399.9402903789487,15.726846688984338,15.718363697103287,-1.0,True,True,False,False,201
refined,200.0,400.0,91.0,206.98096257491338,-399.9390780625565,15.725686968270306,15.71943470570181,1.0,True,True,False,False,201
refined,200.0,400.0,91.01,207.05076500542867,-399.9378535633233,15.726865599344249,15.720517270491937,1.0,True,True,False,False,201
refined,200.0,400.0,91.02,207.1205672211654,-399.9366168812864,15.728044646085895,15.72161139450192,1.0,True,True,False,False,201
refined,200.0,400.0,91.03,207.19036921999722,-399.93536801648355,15.729224108590795,15.722717080760066,1.0,True,True,False,False,201
refined,200.0,400.0,91.04,207.26017099979796,-399.9341069689527,15.73040398695453,15.723834332294759,1.0,True,True,False,False,201
refined,200.0,400.0,91.05,207.32997255844109,-399.9328337387323,15.731584281272891,15.72496315213442,1.0,True,True,False,False,201
refined,200.0,400.0,91.06,207.39977389380064,-399.9315483258612,15.732764991641437,15.726095434915218,1.0,True,True,False,False,201
refined,200.0,400.0,91.07,207.46957500375,-399.9302507303784,15.733946118156306,15.727228126258996,1.0,True,True,False,False,201
refined,200.0,400.0,91.08,207.5393758861632,-399.9289409523236,15.735127660913118,15.72836122625484,1.0,True,True,False,False,201
refined,200.0,400.0,91.09,207.609176538914,-399.9276189917366,15.736309620007988,15.729494734991897,1.0,True,True,False,False,201
refined,200.0,400.0,91.1,207.6789769598758,-399.9262848486577,15.737491995536908,15.73062865255937,1.0,True,True,False,False,201
coarse,200.0,600.0,88.0,179.06030197849935,-599.6344962114574,22.61102688126048,22.334650086030365,-1.0,True,True,True,True,101
coarse,200.0,600.0,88.05,179.58358969869943,-599.6525412190038,22.603725224231546,22.3282458038739,-1.0,True,True,True,True,101
coarse,200.0,600.0,88.1,180.10689296688412,-599.6701295650543,22.596439816170726,22.321857325356014,-1.0,True,True,True,True,101
coarse,200.0,600.0,88.15,180.63021138453541,-599.6872612362149,22.58917064095169,22.315484638047295,-1.0,True,True,True,True,101
coarse,200.0,600.0,88.2,181.15354455312308,-599.703936219439,22.581917682513826,22.309127729581704,-1.0,True,True,True,True,101
coarse,200.0,600.0,88.25,181.67689207410643,-599.7201545020278,22.574680924863177,22.302786587656524,-1.0,True,True,True,True,101
coarse,200.0,600.0,88.3,182.20025354893355,-599.7359160716304,22.567460352071492,22.296461200032265,-1.0,True,True,True,True,101
coarse,200.0,600.0,88.35,182.7236285790419,-599.7512209162438,22.56025594827652,22.2901515545326,-1.0,True,True,True,True,101
coarse,200.0,600.0,88.4,183.24701676585875,-599.7660690242126,22.55306769768178,22.28385763904427,-1.0,True,True,True,True,101
coarse,200.0,600.0,88.45,183.77041771080098,-599.7804603842294,22.54589558455653,22.277579441517013,-1.0,True,True,True,True,101
coarse,200.0,600.0,88.5,184.2938310152761,-599.7943949853344,22.538739593235526,22.271316949963502,-1.0,True,True,True,True,101
coarse,200.0,600.0,88.55,184.8172562806822,-599.8078728169158,22.53159970811901,22.26507015245924,-1.0,True,True,True,True,101
coarse,200.0,600.0,88.6,185.34069310840806,-599.8208938687098,22.524475913672514,22.258839037142526,-1.0,True,True,True,True,101
coarse,200.0,600.0,88.65,185.86414109983394,-599.8334581308003,22.51736819442691,22.25262359221434,-1.0,True,True,True,True,101
coarse,200.0,600.0,88.7,186.3875998563312,-599.845565593619,22.510276534978065,22.24642380593829,-1.0,True,True,True,True,101
coarse,200.0,600.0,88.75,186.9110689792633,-599.8572162479455,22.50320091998697,22.240239666640544,-1.0,True,True,True,True,101
coarse,200.0,600.0,88.8,187.43454806998577,-599.8684100849073,22.496141334179434,22.234071162709718,-1.0,True,True,True,True,101
coarse,200.0,600.0,88.85,187.9580367298465,-599.8791470959799,22.489097762346212,22.22791828259689,-1.0,True,True,True,True,101
coarse,200.0,600.0,88.9,188.48153456018622,-599.8894272729865,22.482070189342473,22.221781014815402,-1.0,True,True,True,True,101
coarse,200.0,600.0,88.95,189.0050411623383,-599.8992506080984,22.47505860008832,22.21565934794092,-1.0,True,True,True,True,101
coarse,200.0,600.0,89.0,189.52855613762983,-599.9086170938348,22.468062979568124,22.209553270611266,-1.0,True,True,True,True,101
coarse,200.0,600.0,89.05,190.0520790873814,-599.9175267230625,22.461083312830517,22.20346277152641,-1.0,True,True,False,False,101
coarse,200.0,600.0,89.1,190.57560961290747,-599.9259794889964,22.45411958498886,22.197515701585655,-1.0,True,True,False,False,101
coarse,200.0,600.0,89.15,191.09914731551694,-599.9339753851995,22.447171781220334,22.191867726244844,-1.0,True,True,False,False,101
coarse,200.0,600.0,89.2,191.62269179651278,-599.9415144055826,22.440239886766115,22.186500131205708,-1.0,True,True,False,False,101
coarse,200.0,600.0,89.25,192.14624265719326,-599.9485965444042,22.433323886931483,22.181433620456417,-1.0,True,True,False,False,101
coarse,200.0,600.0,89.3,192.66979949885172,-599.9552217962712,22.426423767085836,22.176648196177688,-1.0,True,True,False,False,101
coarse,200.0,600.0,89.35,193.1933619227766,-599.961390156138,22.41953951266173,22.172165844630417,-1.0,True,True,False,False,101
coarse,200.0,600.0,89.4,193.7169295302526,-599.9671016193073,22.412671109155895,22.167965677312836,-1.0,True,True,False,False,101
coarse,200.0,600.0,89.45,194.24050192256,-599.9723561814294,22.405818542128287,22.16406978846398,-1.0,True,True,False,False,101
coarse,200.0,600.0,89.5,194.76407870097566,-599.9771538385028,22.3989817972027,22.16045776671079,-1.0,True,True,False,False,101
coarse,200.0,600.0,89.55,195.2876594667732,-599.9814945868739,22.392160860065985,22.157150840903387,-1.0,True,True,False,False,101
coarse,200.0,600.0,89.6,195.81124382122303,-599.9853784232369,22.385355716468425,22.154129658461237,-1.0,True,True,False,False,101
coarse,200.0,600.0,89.65,196.33483136559303,-599.9888053446342,22.37856635222335,22.15141439016541,-1.0,True,True,False,False,101
coarse,200.0,600.0,89.7,196.85842170114827,-599.991775348456,22.37179275320721,22.148986740421222,-1.0,True,True,False,False,101
coarse,200.0,600.0,89.75,197.38201442915204,-599.9942884324407,22.365034905359497,22.146865823758503,-1.0,True,True,False,False,101
coarse,200.0,600.0,89.8,197.90560915086573,-599.9963445946743,22.358292794682463,22.145034399750127,-1.0,True,True,False,False,101
coarse,200.0,600.0,89.85,198.42920546754914,-599.9979438335909,22.351566407241254,22.143510528504017,-1.0,True,True,False,False,101
coarse,200.0,600.0,89.9,198.95280298046103,-599.9990861479727,22.34485572916358,22.14227802293076,-1.0,True,True,False,False,101
coarse,200.0,600.0,89.95,199.47640129085892,-599.9997715369497,22.33816074663998,22.14135389055732,-1.0,True,True,False,False,101
coarse,200.0,600.0,90.0,199.99999999999997,-600.0,22.33148144592319,22.14072299579054,-1.0,True,True,False,False,101
coarse,200.0,600.0,90.05,200.52359870914103,-599.9997715369497,22.324817813328643,22.14040129542888,-1.0,True,True,False,False,101
coarse,200.0,600.0,90.1,201.04719701953888,-599.9990861479727,22.318169835233896,22.140374703522525,-1.0,True,True,False,False,101
coarse,200.0,600.0,90.15,201.5707945324508,-599.9979438335909,22.311537498078742,22.14065812800532,-1.0,True,True,False,False,101
coarse,200.0,600.0,90.2,202.09439084913421,-599.9963445946743,22.304920788365298,22.141238530706396,-1.0,True,True,False,False,101
coarse,200.0,600.0,90.25,202.61798557084788,-599.9942884324407,22.29831969265764,22.142129772570414,-1.0,True,True,False,False,101
coarse,200.0,600.0,90.3,203.14157829885164,-599.991775348456,22.291734197581697,22.143319861329505,-1.0,True,True,False,False,101
coarse,200.0,600.0,90.35,203.66516863440688,-599.9888053446342,22.2851642898253,22.144821612826004,-1.0,True,True,False,False,101
coarse,200.0,600.0,90.4,204.18875617877703,-599.9853784232369,22.27860995613831,22.146624078807726,-1.0,True,True,False,False,101
coarse,200.0,600.0,90.45,204.71234053322686,-599.9814945868739,22.272071183331803,22.14873903191291,-1.0,True,True,False,False,101
coarse,200.0,600.0,90.5,205.2359212990244,-599.9771538385028,22.265547958278805,22.151156566006343,-1.0,True,True,False,False,101
coarse,200.0,600.0,90.55,205.7594980774401,-599.9723561814294,22.259040267913857,22.153887412431786,-1.0,True,True,False,False,101
coarse,200.0,600.0,90.6,206.28307046974746,-599.9671016193073,22.252548099232857,22.156922705260882,-1.0,True,True,False,False,101
coarse,200.0,600.0,90.65,206.80663807722345,-599.961390156138,22.246071439293022,22.160272136463913,-1.0,True,True,False,False,101
coarse,200.0,600.0,90.7,207.33020050114834,-599.9552217962712,22.239610275212936,22.163927878397907,-1.0,True,True,False,False,101
coarse,200.0,600.0,90.75,207.85375734280666,-599.9485965444042,22.233164594172226,22.16789858559197,-1.0,True,True,False,False,101
coarse,200.0,600.0,90.8,208.37730820348713,-599.9415144055826,22.226734383411802,22.172177466755727,-1.0,True,True,False,False,101
coarse,200.0,600.0,90.85,208.90085268448297,-599.9339753851995,22.220319630233394,22.17677214092072,-1.0,True,True,False,False,101
coarse,200.0,600.0,90.9,209.42439038709244,-599.9259794889964,22.213920321999723,22.181676851205097,-1.0,True,True,False,False,101
coarse,200.0,600.0,90.95,209.94792091261854,-599.9175267230625,22.207536446134466,22.186898183097714,-1.0,True,True,False,False,101
coarse,200.0,600.0,91.0,210.47144386237008,-599.9086170938348,22.201167990121984,22.19243141216989,1.0,True,True,False,False,101
coarse,200.0,600.0,91.05,210.9949588376616,-599.8992506080984,22.207603558180605,22.19828209233389,1.0,True,True,False,False,101
coarse,200.0,600.0,91.1,211.51846543981372,-599.8894272729865,22.214054860222696,22.204378279055657,1.0,True,True,False,False,101
coarse,200.0,600.0,91.15,212.04196327015345,-599.8791470959799,22.220521908795746,22.21050402063352,1.0,True,True,False,False,101
coarse,200.0,600.0,91.2,212.56545193001415,-599.8684100849073,22.22700471651036,22.216645308622937,1.0,True,True,False,False,101
coarse,200.0,600.0,91.25,213.08893102073662,-599.8572162479455,22.233503296040233,22.22280215444771,1.0,True,True,False,False,101
coarse,200.0,600.0,91.3,213.61240014366874,-599.845565593619,22.240017660122298,22.228974569593333,1.0,True,True,False,False,101
coarse,200.0,600.0,91.35,214.13585890016597,-599.8334581308003,22.24654782155674,22.23516256560709,1.0,True,True,False,False,101
coarse,200.0,600.0,91.4,214.65930689159188,-599.8208938687098,22.253093793207057,22.241366154098102,1.0,True,True,False,False,101
coarse,200.0,600.0,91.45,215.18274371931776,-599.8078728169158,22.259655588000417,22.247585346737413,1.0,True,True,False,False,101
coarse,200.0,600.0,91.5,215.7061689847238,-599.7943949853344,22.266233218927294,22.25382015525805,1.0,True,True,False,False,101
coarse,200.0,600.0,91.55,216.22958228919907,-599.7804603842294,22.27282669904177,22.26007059145512,1.0,True,True,False,False,101
coarse,200.0,600.0,91.6,216.7529832341413,-599.7660690242126,22.27943604146195,22.26633666718585,1.0,True,True,False,False,101
coarse,200.0,600.0,91.65,217.27637142095816,-599.7512209162438,22.286061259369475,22.2726183943697,1.0,True,True,False,False,101
coarse,200.0,600.0,91.7,217.7997464510665,-599.7359160716304,22.292702366009827,22.278915784988403,1.0,True,True,False,False,101
coarse,200.0,600.0,91.75,218.32310792589362,-599.7201545020278,22.299359374692546,22.28522885108604,1.0,True,True,False,False,101
coarse,200.0,600.0,91.8,218.84645544687697,-599.703936219439,22.306032298791376,22.29155760476917,1.0,True,True,False,False,101
coarse,200.0,600.0,91.85,219.36978861546464,-599.6872612362149,22.312721151743798,22.29790205820683,1.0,True,True,False,False,101
coarse,200.0,600.0,91.9,219.89310703311583,-599.6701295650544,22.319425947051894,22.304262223630676,1.0,True,True,False,False,101
coarse,200.0,600.0,91.95,220.4164103013005,-599.6525412190038,22.326146698281967,22.31063811333501,1.0,True,True,False,False,101
coarse,200.0,600.0,92.0,220.93969802150056,-599.6344962114574,22.33288341906466,22.3170297396769,1.0,True,True,False,False,101
coarse,200.0,600.0,92.05,221.46296979520972,-599.6159945561575,22.339636123095236,22.323437115076228,1.0,True,True,False,False,101
coarse,200.0,600.0,92.1,221.9862252239337,-599.5970362671937,22.34640482413356,22.32986025201581,1.0,True,True,False,False,101
coarse,200.0,600.0,92.15,222.50946390919086,-599.5776213590037,22.353189536004034,22.336299163041424,1.0,True,True,False,False,101
coarse,200.0,600.0,92.2,223.03268545251197,-599.5577498463726,22.359990272595965,22.342753860761906,1.0,True,True,False,False,101
coarse,200.0,600.0,92.25,223.55588945544113,-599.5374217444337,22.366807047863492,22.34922435784926,1.0,True,True,False,False,101
coarse,200.0,600.0,92.3,224.07907551953576,-599.5166370686676,22.37363987582579,22.35571066703874,1.0,True,True,False,False,101
coarse,200.0,600.0,92.35,224.60224324636692,-599.4953958349026,22.380488770567005,22.362212801128866,1.0,True,True,False,False,101
coarse,200.0,600.0,92.4,225.12539223751978,-599.473698059315,22.387353746236542,22.368730772981603,1.0,True,True,False,False,101
coarse,200.0,600.0,92.45,225.64852209459332,-599.4515437584286,22.394234817048872,22.375264595522363,1.0,True,True,False,False,101
coarse,200.0,600.0,92.5,226.17163241920153,-599.4289329491147,22.40113199728409,22.381814281740148,1.0,True,True,False,False,101
coarse,200.0,600.0,92.55,226.69472281297317,-599.4058656485925,22.408045301287594,22.388379844687584,1.0,True,True,False,False,101
coarse,200.0,600.0,92.6,227.21779287755214,-599.3823418744289,22.414974743470346,22.394961297481068,1.0,True,True,False,False,101
coarse,200.0,600.0,92.65,227.74084221459808,-599.3583616445379,22.421920338308755,22.40155865330079,1.0,True,True,False,False,101
coarse,200.0,600.0,92.7,228.26387042578565,-599.333924977182,22.428882100345483,22.408171925390857,1.0,True,True,False,False,101
coarse,200.0,600.0,92.75,228.7868771128064,-599.3090318909703,22.435860044188594,22.414801127059373,1.0,True,True,False,False,101
coarse,200.0,600.0,92.8,229.30986187736795,-599.2836824048604,22.442854184512267,22.421446271678544,1.0,True,True,False,False,101
coarse,200.0,600.0,92.85,229.8328243211947,-599.2578765381568,22.44986453605662,22.428107372684725,1.0,True,True,False,False,101
coarse,200.0,600.0,92.9,230.35576404602807,-599.2316143105116,22.45689111362824,22.43478444357856,1.0,True,True,False,False,101
coarse,200.0,600.0,92.95,230.87868065362647,-599.2048957419252,22.463933932099405,22.441477497925025,1.0,True,True,False,False,101
coarse,200.0,600.0,93.0,231.4015737457663,-599.1777208527443,22.47099300640921,22.448186549353533,1.0,True,True,True,True,101
refined,200.0,600.0,90.9,209.42439038709244,-599.9259794889964,22.213920321999723,22.181577574469966,-1.0,True,True,False,False,201
refined,200.0,600.0,90.91,209.52909707912238,-599.9243254851871,22.212642312638504,22.182601512407032,-1.0,True,True,False,False,201
refined,200.0,600.0,90.92,209.6338034808797,-599.9226532066378,22.211364920471684,22.18363806686794,-1.0,True,True,False,False,201
refined,200.0,600.0,90.93,209.73850958917444,-599.9209626533994,22.210088145398757,22.18468724325959,-1.0,True,True,False,False,201
refined,200.0,600.0,90.94,209.84321540081723,-599.9192538255237,22.208811987319688,22.185749046988857,-1.0,True,True,False,False,201
refined,200.0,600.0,90.95,209.94792091261854,-599.9175267230625,22.207536446134466,22.18682348346258,-1.0,True,True,False,False,201
refined,200.0,600.0,90.96,210.0526261213887,-599.9157813460682,22.20626152174308,22.187910558087523,-1.0,True,True,False,False,201
refined,200.0,600.0,90.97,210.1573310239386,-599.9140176945945,22.20498721404597,22.18901027627046,-1.0,True,True,False,False,201
refined,200.0,600.0,90.98,210.2620356170784,-599.9122357686946,22.20371352294314,22.19012264341806,-1.0,True,True,False,False,201
refined,200.0,600.0,90.99,210.36673989761871,-599.910435568423,22.202440448334997,22.191247664936995,-1.0,True,True,False,False,201
refined,200.0,600.0,91.0,210.47144386237008,-599.9086170938348,22.201167990121984,22.192385346233902,1.0,True,True,False,False,201
refined,200.0,600.0,91.01,210.57614750814304,-599.9067803449849,22.20245384561519,22.193535692715326,1.0,True,True,False,False,201
refined,200.0,600.0,91.02,210.6808508317481,-599.9049253219296,22.20374033006783,22.19469870978783,1.0,True,True,False,False,201
refined,200.0,600.0,91.03,210.78555382999582,-599.9030520247253,22.20502744357969,22.195874402857886,1.0,True,True,False,False,201
refined,200.0,600.0,91.04,210.89025649969696,-599.901160453429,22.206315186250638,22.19706277733196,1.0,True,True,False,False,201
refined,200.0,600.0,91.05,210.9949588376616,-599.8992506080984,22.207603558180605,22.198263838616455,1.0,True,True,False,False,201
refined,200.0,600.0,91.06,211.09966084070095,-599.8973224887917,22.208892559469657,22.199477592117756,1.0,True,True,False,False,201
refined,200.0,600.0,91.07,211.20436250562503,-599.8953760955677,22.210182190218216,22.200699011435802,1.0,True,True,False,False,201
refined,200.0,600.0,91.08,211.30906382924482,-599.8934114284854,22.211472450526223,22.2019210518824,1.0,True,True,False,False,201
refined,200.0,600.0,91.09,211.41376480837098,-599.8914284876049,22.212763340494302,22.203143713547977,1.0,True,True,False,False,201
refined,200.0,600.0,91.1,211.51846543981372,-599.8894272729865,22.214054860222696,22.20436699652301,1.0,True,True,False,False,201
coarse,200.0,800.0,88.0,172.08040263799913,-799.5126616152766,29.35543263231125,29.0567183891551,-1.0,True,True,True,True,101
coarse,200.0,800.0,88.05,172.7781195982659,-799.5367216253383,29.347451092099263,29.049968924727672,-1.0,True,True,True,True,101
coarse,200.0,800.0,88.1,173.4758572891788,-799.5601727534057,29.33949127273374,29.043240700554353,-1.0,True,True,True,True,101
coarse,200.0,800.0,88.15,174.17361517938053,-799.5830149816198,29.331553156246965,29.0365337036411,-1.0,True,True,True,True,101
coarse,200.0,800.0,88.2,174.87139273749747,-799.6052482925853,29.32363672475871,29.029847921078304,-1.0,True,True,True,True,101
coarse,200.0,800.0,88.25,175.5691894321419,-799.6268726693703,29.315741960476775,29.023183340040625,-1.0,True,True,True,True,101
coarse,200.0,800.0,88.3,176.2670047319114,-799.6478880955073,29.307868845696174,29.01653994778703,-1.0,True,True,True,True,101
coarse,200.0,800.0,88.35,176.9648381053892,-799.6682945549917,29.30001736279957,29.00991773166061,-1.0,True,True,True,True,101
coarse,200.0,800.0,88.4,177.66268902114498,-799.6880920322835,29.292187494256602,29.003316679088556,-1.0,True,True,True,True,101
coarse,200.0,800.0,88.45,178.36055694773464,-799.7072805123058,29.284379222624295,28.996736777581997,-1.0,True,True,True,True,101
coarse,200.0,800.0,88.5,179.05844135370148,-799.7258599804458,29.276592530546434,28.990178014736024,-1.0,True,True,True,True,101
coarse,200.0,800.0,88.55,179.75634170757624,-799.7438304225545,29.268827400753906,28.98364037822954,-1.0,True,True,True,True,101
coarse,200.0,800.0,88.6,180.4542574778774,-799.7611918249465,29.26108381606408,28.97712385582518,-1.0,True,True,True,True,101
coarse,200.0,800.0,88.65,181.15218813311193,-799.7779441744004,29.253361759381058,28.97062843536927,-1.0,True,True,True,True,101
coarse,200.0,800.0,88.7,181.85013314177493,-799.7940874581586,29.24566121369546,28.96415410479171,-1.0,True,True,True,True,101
coarse,200.0,800.0,88.75,182.54809197235107,-799.8096216639273,29.237982162084165,28.957700852105933,-1.0,True,True,True,True,101
coarse,200.0,800.0,88.8,183.24606409331437,-799.8245467798764,29.23032458771042,28.95126866540878,-1.0,True,True,True,True,101
coarse,200.0,800.0,88.85,183.94404897312864,-799.8388627946398,29.222688473823553,28.944857532880448,-1.0,True,True,True,True,101
coarse,200.0,800.0,88.9,184.6420460802483,-799.8525696973154,29.215073803758663,28.938467442784443,-1.0,True,True,True,True,101
coarse,200.0,800.0,88.95,185.34005488311774,-799.8656674774646,29.207480560936936,28.93209838346744,-1.0,True,True,True,True,101
coarse,200.0,800.0,89.0,186.03807485017313,-799.878156125113,29.19990872886538,28.925750343359294,-1.0,True,True,True,True,101
coarse,200.0,800.0,89.05,186.73610544984186,-799.8900356307499,29.192358291136248,28.919423310972874,-1.0,True,True,False,False,101
coarse,200.0,800.0,89.1,187.4341461505433,-799.9013059853285,29.18482923142785,28.913165327545542,-1.0,True,True,False,False,101
coarse,200.0,800.0,89.15,188.13219642068927,-799.911967180266,29.177321533503623,28.90719220721532,-1.0,True,True,False,False,101
coarse,200.0,800.0,89.2,188.8302557286837,-799.9220192074434,29.169835181212033,28.9015082528821,-1.0,True,True,False,False,101
coarse,200.0,800.0,89.25,189.52832354292434,-799.9314620592056,29.162370158486947,28.896130033301045,-1.0,True,True,False,False,101
coarse,200.0,800.0,89.3,190.2263993318023,-799.9402957283615,29.154926449347556,28.89104399719557,-1.0,True,True,False,False,101
coarse,200.0,800.0,89.35,190.92448256370213,-799.948520208184,29.147504037897157,28.886264523074523,-1.0,True,True,False,False,101
coarse,200.0,800.0,89.4,191.62257270700348,-799.9561354924097,29.140102908324693,28.881780248265137,-1.0,True,True,False,False,101
coarse,200.0,800.0,89.45,192.32066923007997,-799.9631415752392,29.132723044903287,28.87760336368761,-1.0,True,True,False,False,101
coarse,200.0,800.0,89.5,193.01877160130087,-799.969538451337,29.125364431990977,28.87372469261015,-1.0,True,True,False,False,101
coarse,200.0,800.0,89.55,193.7168792890309,-799.9753261158318,29.11802705403007,28.870154241046812,-1.0,True,True,False,False,101
coarse,200.0,800.0,89.6,194.4149917616307,-799.9805045643158,29.110710895547403,28.866885015519127,-1.0,True,True,False,False,101
coarse,200.0,800.0,89.65,195.1131084874574,-799.9850737928457,29.103415941153877,28.863924839842255,-1.0,True,True,False,False,101
coarse,200.0,800.0,89.7,195.81122893486437,-799.9890337979414,29.096142175544564,28.861268901078702,-1.0,True,True,False,False,101
coarse,200.0,800.0,89.75,196.50935257220274,-799.9923845765876,29.088889583498734,28.858922843576696,-1.0,True,True,False,False,101
coarse,200.0,800.0,89.8,197.20747886782095,-799.9951261262323,29.081658149879363,28.856884032202625,-1.0,True,True,False,False,101
coarse,200.0,800.0,89.85,197.90560729006552,-799.9972584447878,29.07444785963354,28.855155934594396,-1.0,True,True,False,False,101
coarse,200.0,800.0,89.9,198.6037373072814,-799.9987815306301,29.0672586977917,28.85373809066057,-1.0,True,True,False,False,101
coarse,200.0,800.0,89.95,199.30186838781188,-799.9996953825995,29.06009064946825,28.852631794110017,-1.0,True,True,False,False,101
coarse,200.0,800.0,90.0,199.99999999999994,-800.0,29.052943699860787,28.851838757107103,-1.0,True,True,False,False,101
coarse,200.0,800.0,90.05,200.69813161218804,-799.9996953825995,29.045817834250524,28.851358102237466,-1.0,True,True,False,False,101
coarse,200.0,800.0,90.1,201.39626269271852,-799.9987815306301,29.038713038001955,28.85119371111041,-1.0,True,True,False,False,101
coarse,200.0,800.0,90.15,202.0943927099344,-799.9972584447878,29.031629296562436,28.85134253801874,-1.0,True,True,False,False,101
coarse,200.0,800.0,90.2,202.79252113217893,-799.9951261262323,29.02456659546306,28.851810631181234,-1.0,True,True,False,False,101
coarse,200.0,800.0,90.25,203.49064742779717,-799.9923845765876,29.017524920317413,28.852592779452685,-1.0,True,True,False,False,101
coarse,200.0,800.0,90.3,204.18877106513554,-799.9890337979414,29.010504256822188,28.853697194801533,-1.0,True,True,False,False,101
coarse,200.0,800.0,90.35,204.88689151254252,-799.9850737928457,29.00350459075661,28.855116503523785,-1.0,True,True,False,False,101
coarse,200.0,800.0,90.4,205.58500823836937,-799.9805045643158,28.99652590798319,28.856861078453253,-1.0,True,True,False,False,101
coarse,200.0,800.0,90.45,206.28312071096917,-799.9753261158318,28.989568194446125,28.85892138623082,-1.0,True,True,False,False,101
coarse,200.0,800.0,90.5,206.9812283986992,-799.969538451337,28.982631436172944,28.86130995764708,-1.0,True,True,False,False,101
coarse,200.0,800.0,90.55,207.6793307699201,-799.9631415752392,28.975715619273196,28.864015102615667,-1.0,True,True,False,False,101
coarse,200.0,800.0,90.6,208.3774272929966,-799.9561354924097,28.968820729938866,28.867051506951036,-1.0,True,True,False,False,101
coarse,200.0,800.0,90.65,209.07551743629796,-799.948520208184,28.961946754444018,28.87040532679187,-1.0,True,True,False,False,101
coarse,200.0,800.0,90.7,209.7736006681978,-799.9402957283615,28.955093679145037,28.87409340001925,-1.0,True,True,False,False,101
coarse,200.0,800.0,90.75,210.47167645707557,-799.9314620592056,28.948261490480206,28.87809973197333,-1.0,True,True,False,False,101
coarse,200.0,800.0,90.8,211.16974427131618,-799.9220192074434,28.941450174969862,28.882443309620477,-1.0,True,True,False,False,101
coarse,200.0,800.0,90.85,211.86780357931065,-799.911967180266,28.93465971921601,28.88710599050289,-1.0,True,True,False,False,101
coarse,200.0,800.0,90.9,212.5658538494566,-799.9013059853285,28.92789010990253,28.892108907666703,-1.0,True,True,False,False,101
coarse,200.0,800.0,90.95,213.26389455015803,-799.8900356307499,28.921141333795067,28.89743177388095,-1.0,True,True,False,False,101
coarse,200.0,800.0,91.0,213.96192514982678,-799.878156125113,28.91441337774071,28.903097865241797,1.0,True,True,False,False,101
coarse,200.0,800.0,91.05,214.65994511688217,-799.8656674774646,28.921192911689314,28.909084836825492,1.0,True,True,False,False,101
coarse,200.0,800.0,91.1,215.35795391975162,-799.8525696973154,28.927993602240395,28.915392387385495,1.0,True,True,False,False,101
coarse,200.0,800.0,91.15,216.05595102687124,-799.8388627946398,28.934815462549505,28.92177050588789,1.0,True,True,False,False,101
coarse,200.0,800.0,91.2,216.75393590668554,-799.8245467798764,28.941658505856157,28.928169578795366,1.0,True,True,False,False,101
coarse,200.0,800.0,91.25,217.4519080276488,-799.8096216639273,28.94852274548372,28.934589617776894,1.0,True,True,False,False,101
coarse,200.0,800.0,91.3,218.14986685822498,-799.7940874581586,28.955408194839737,28.941030634583935,1.0,True,True,False,False,101
coarse,200.0,800.0,91.35,218.84781186688798,-799.7779441744004,28.962314867415852,28.94749264105045,1.0,True,True,False,False,101
coarse,200.0,800.0,91.4,219.5457425221225,-799.7611918249465,28.96924277678787,28.953975649093017,1.0,True,True,False,False,101
coarse,200.0,800.0,91.45,220.24365829242367,-799.7438304225545,28.97619193661615,28.960479670710864,1.0,True,True,False,False,101
coarse,200.0,800.0,91.5,220.9415586462984,-799.7258599804458,28.983162360645284,28.967004717985997,1.0,True,True,False,False,101
coarse,200.0,800.0,91.55,221.63944305226545,-799.7072805123058,28.99015406270418,28.973550803083253,1.0,True,True,False,False,101
coarse,200.0,800.0,91.6,222.3373109788551,-799.6880920322835,28.9971670567072,28.980117938250356,1.0,True,True,False,False,101
coarse,200.0,800.0,91.65,223.0351618946109,-799.6682945549917,29.00420135665253,28.986706135818054,1.0,True,True,False,False,101
coarse,200.0,800.0,91.7,223.73299526808867,-799.6478880955073,29.011256976623475,28.99331540820014,1.0,True,True,False,False,101
coarse,200.0,800.0,91.75,224.43081056785815,-799.6268726693703,29.01833393078828,28.99994576789356,1.0,True,True,False,False,101
coarse,200.0,800.0,91.8,225.1286072625026,-799.6052482925853,29.025432233400426,29.006597227478526,1.0,True,True,False,False,101
coarse,200.0,800.0,91.85,225.82638482061952,-799.5830149816198,29.0325518987977,29.0132697996185,1.0,True,True,False,False,101
coarse,200.0,800.0,91.9,226.5241427108211,-799.5601727534057,29.039692941403874,29.019963497060417,1.0,True,True,False,False,101
coarse,200.0,800.0,91.95,227.22188040173398,-799.5367216253383,29.046855375727823,29.026678332634624,1.0,True,True,False,False,101
coarse,200.0,800.0,92.0,227.91959736200076,-799.5126616152766,29.054039216363666,29.033414319255115,1.0,True,True,False,False,101
coarse,200.0,800.0,92.05,228.61729306027962,-799.4879927415434,29.061244477991213,29.04017146991945,1.0,True,True,False,False,101
coarse,200.0,800.0,92.1,229.31496696524493,-799.462715022925,29.068471175375684,29.046949797709004,1.0,True,True,False,False,101
coarse,200.0,800.0,92.15,230.01261854558783,-799.4368284786717,29.075719323368237,29.053749315788945,1.0,True,True,False,False,101
coarse,200.0,800.0,92.2,230.71024727001594,-799.410333128497,29.082988936905632,29.060570037408354,1.0,True,True,False,False,101
coarse,200.0,800.0,92.25,231.40785260725482,-799.3832289925783,29.090280031010668,29.067411975900317,1.0,True,True,False,False,101
coarse,200.0,800.0,92.3,232.1054340260477,-799.3555160915568,29.097592620792067,29.074275144682026,1.0,True,True,False,False,101
coarse,200.0,800.0,92.35,232.8029909951559,-799.3271944465369,29.104926721444766,29.081159557254853,1.0,True,True,False,False,101
coarse,200.0,800.0,92.4,233.5005229833597,-799.2982640790867,29.11228234825,29.088065227204453,1.0,True,True,False,False,101
coarse,200.0,800.0,92.45,234.19802945945776,-799.2687250112381,29.119659516575073,29.094992168200825,1.0,True,True,False,False,101
coarse,200.0,800.0,92.5,234.8955098922687,-799.2385772654862,29.12705824187403,29.101940393998454,1.0,True,True,False,False,101
coarse,200.0,800.0,92.55,235.5929637506309,-799.20782086479,29.134478539687535,29.108909918436375,1.0,True,True,False,False,101
coarse,200.0,800.0,92.6,236.29039050340285,-799.1764558325718,29.141920425642542,29.115900755438265,1.0,True,True,False,False,101
coarse,200.0,800.0,92.65,236.9877896194641,-799.1444821927173,29.149383915452976,29.122912919012546,1.0,True,True,False,False,101
coarse,200.0,800.0,92.7,237.6851605677142,-799.111899969576,29.15686902491998,29.12994642325249,1.0,True,True,False,False,101
coarse,200.0,800.0,92.75,238.3825028170752,-799.0787091879605,29.164375769931343,29.137001282336286,1.0,True,True,False,False,101
coarse,200.0,800.0,92.8,239.0798158364906,-799.0449098731473,29.17190416646205,29.14407751052719,1.0,True,True,False,False,101
coarse,200.0,800.0,92.85,239.77709909492626,-799.0105020508757,29.17945423057435,29.15117512217357,1.0,True,True,False,False,101
coarse,200.0,800.0,92.9,240.47435206137075,-798.9754857473489,29.187025978417992,29.158294131709038,1.0,True,True,False,False,101
coarse,200.0,800.0,92.95,241.17157420483528,-798.9398609892336,29.19461942622976,29.16543455365253,1.0,True,True,False,False,101
coarse,200.0,800.0,93.0,241.86876499435508,-798.9036278036591,29.202234590334474,29.172596402608413,1.0,True,True,True,True,101
refined,200.0,800.0,90.9,212.5658538494566,-799.9013059853285,28.92789010990253,28.8919918770332,-1.0,True,True,False,False,201
refined,200.0,800.0,90.91,212.7054627721632,-799.899100646916,28.926538688446463,28.89303625435507,-1.0,True,True,False,False,201
refined,200.0,800.0,90.92,212.84507130783962,-799.8968709421837,28.92518810021326,28.894093934649824,-1.0,True,True,False,False,201
refined,200.0,800.0,90.93,212.9846794522326,-799.8946168711993,28.923838345096943,28.895164925626197,-1.0,True,True,False,False,201
refined,200.0,800.0,90.94,213.12428720108966,-799.8923384340316,28.922489422992665,28.89624923499283,-1.0,True,True,False,False,201
refined,200.0,800.0,90.95,213.26389455015803,-799.8900356307499,28.921141333795067,28.897346870458293,-1.0,True,True,False,False,201
refined,200.0,800.0,90.96,213.4035014951849,-799.8877084614243,28.9197940773993,28.898457839731066,-1.0,True,True,False,False,201
refined,200.0,800.0,90.97,213.54310803191817,-799.885356926126,28.918447653700763,28.89958215051958,-1.0,True,True,False,False,201
refined,200.0,800.0,90.98,213.68271415610454,-799.8829810249262,28.917102062594477,28.90071981053214,-1.0,True,True,False,False,201
refined,200.0,800.0,90.99,213.82231986349163,-799.8805807578974,28.915757303975923,28.901870827477,-1.0,True,True,False,False,201
refined,200.0,800.0,91.0,213.96192514982678,-799.878156125113,28.91441337774071,28.90303520906234,1.0,True,True,False,False,201
refined,200.0,800.0,91.01,214.10153001085737,-799.8757071266466,28.915767592630836,28.904212962996247,1.0,True,True,False,False,201
refined,200.0,800.0,91.02,214.24113444233078,-799.8732337625728,28.91712265336628,28.90540409698674,1.0,True,True,False,False,201
refined,200.0,800.0,91.03,214.38073843999445,-799.8707360329671,28.918478560051447,28.90660861874175,1.0,True,True,False,False,201
refined,200.0,800.0,91.04,214.52034199959593,-799.8682139379054,28.91983531279089,28.90782653596914,1.0,True,True,False,False,201
refined,200.0,800.0,91.05,214.65994511688217,-799.8656674774646,28.921192911689314,28.909057898601482,1.0,True,True,False,False,201
refined,200.0,800.0,91.06,214.79954778760128,-799.8630966517223,28.922551356851365,28.91030267978194,1.0,True,True,False,False,201
refined,200.0,800.0,91.07,214.93915000750005,-799.8605014607568,28.923910648382616,28.911560879550652,1.0,True,True,False,False,201
refined,200.0,800.0,91.08,215.07875177232646,-799.8578819046472,28.92527078638757,28.91283231375696,1.0,True,True,False,False,201
refined,200.0,800.0,91.09,215.21835307782797,-799.8552379834732,28.92663177097173,28.914104585489046,1.0,True,True,False,False,201
refined,200.0,800.0,91.1,215.35795391975162,-799.8525696973154,28.927993602240395,28.91537769483907,1.0,True,True,False,False,201
coarse,200.0,1000.0,88.0,165.1005032974989,-999.3908270190958,36.19955965695106,35.8814223254687,-1.0,True,True,True,True,101
coarse,200.0,1000.0,88.05,165.97264949783238,-999.4209020316729,36.1909694159008,35.87439505829401,-1.0,True,True,True,True,101
coarse,200.0,1000.0,88.1,166.8448216114735,-999.450215941757,36.182406374097035,35.86739446310191,-1.0,True,True,True,True,101
coarse,200.0,1000.0,88.15,167.71701897422568,-999.4787687270248,36.17387051167104,35.860420526247985,-1.0,True,True,True,True,101
coarse,200.0,1000.0,88.2,168.58924092187183,-999.5065603657316,36.16536180886295,35.85347323419302,-1.0,True,True,True,True,101
coarse,200.0,1000.0,88.25,169.4614867901774,-999.5335908367128,36.15688024602213,35.84655257350285,-1.0,True,True,True,True,101
coarse,200.0,1000.0,88.3,170.33375591488925,-999.559860119384,36.148425803606536,35.83965853084836,-1.0,True,True,True,True,101
coarse,200.0,1000.0,88.35,171.20604763173648,-999.5853681937397,36.139998462183115,35.83279109300531,-1.0,True,True,True,True,101
coarse,200.0,1000.0,88.4,172.07836127643125,-999.6101150403543,36.13159820242695,35.825950246854276,-1.0,True,True,True,True,101
coarse,200.0,1000.0,88.45,172.9506961846683,-999.6341006403823,36.12322500512171,35.819135979380576,-1.0,True,True,True,True,101
coarse,200.0,1000.0,88.5,173.82305169212685,-999.6573249755572,36.11487885115917,35.81234827767415,-1.0,True,True,True,True,101
coarse,200.0,1000.0,88.55,174.6954271344703,-999.6797880281931,36.10655972153917,35.80558712892951,-1.0,True,True,True,True,101
coarse,200.0,1000.0,88.6,175.56782184734675,-999.7014897811831,36.09826759736952,35.79885252044561,-1.0,True,True,True,True,101
coarse,200.0,1000.0,88.65,176.44023516638993,-999.7224302180006,36.0900024598657,35.792144439625766,-1.0,True,True,True,True,101
coarse,200.0,1000.0,88.7,177.31266642721866,-999.7426093226983,36.08176429035099,35.78546287397766,-1.0,True,True,True,True,101
coarse,200.0,1000.0,88.75,178.18511496543886,-999.7620270799091,36.07355307025594,35.77880781111315,-1.0,True,True,True,True,101
coarse,200.0,1000.0,88.8,179.05758011664295,-999.7806834748455,36.065368781118714,35.77217923874818,-1.0,True,True,True,True,101
coarse,200.0,1000.0,88.85,179.93006121641082,-999.7985784932998,36.05721140458451,35.7655771447028,-1.0,True,True,True,True,101
coarse,200.0,1000.0,88.9,180.80255760031037,-999.8157121216442,36.049080922405544,35.759001516901,-1.0,True,True,True,True,101
coarse,200.0,1000.0,88.95,181.67506860389716,-999.8320843468308,36.0409773164411,35.75245234337069,-1.0,True,True,True,True,101
coarse,200.0,1000.0,89.0,182.5475935627164,-999.8476951563913,36.0329005686572,35.74592961224354,-1.0,True,True,True,True,101
coarse,200.0,1000.0,89.05,183.42013181230234,-999.8625445384374,36.02485066112634,35.73943331175499,-1.0,True,True,False,False,101
coarse,200.0,1000.0,89.1,184.29268268817913,-999.8766324816606,36.016827576028184,35.7329661514376,-1.0,True,True,False,False,101
coarse,200.0,1000.0,89.15,185.16524552586156,-999.8899589753325,36.0088312956482,35.726724592262286,-1.0,True,True,False,False,101
coarse,200.0,1000.0,89.2,186.03781966085464,-999.9025240093042,36.00086180237803,35.720776981937064,-1.0,True,True,False,False,101
coarse,200.0,1000.0,89.25,186.91040442865543,-999.914327574007,35.99291907871595,35.71513785482932,-1.0,True,True,False,False,101
coarse,200.0,1000.0,89.3,187.78299916475285,-999.925369660452,35.9850031072661,35.70979698931967,-1.0,True,True,False,False,101
coarse,200.0,1000.0,89.35,188.65560320462768,-999.93565026023,35.97711387073781,35.704765256398595,-1.0,True,True,False,False,101
coarse,200.0,1000.0,89.4,189.52821588375434,-999.9451693655121,35.969251351947136,35.70003609574361,-1.0,True,True,False,False,101
coarse,200.0,1000.0,89.45,190.40083653759996,-999.9539269690489,35.961415533815085,35.69561671843489,-1.0,True,True,False,False,101
coarse,200.0,1000.0,89.5,191.2734645016261,-999.9619230641713,35.95360639936849,35.69150422196776,-1.0,True,True,False,False,101
coarse,200.0,1000.0,89.55,192.14609911128866,-999.9691576447897,35.94582393173955,35.687702161021285,-1.0,True,True,False,False,101
coarse,200.0,1000.0,89.6,193.01873970203837,-999.9756307053948,35.93806811416548,35.68421128738707,-1.0,True,True,False,False,101
coarse,200.0,1000.0,89.65,193.89138560932173,-999.9813422410571,35.93033892998875,35.68103150289459,-1.0,True,True,False,False,101
coarse,200.0,1000.0,89.7,194.76403616858047,-999.9862922474267,35.92263636265674,35.6781672100679,-1.0,True,True,False,False,101
coarse,200.0,1000.0,89.75,195.63669071525342,-999.9904807207345,35.9149603957219,35.67561466148073,-1.0,True,True,False,False,101
coarse,200.0,1000.0,89.8,196.5093485847762,-999.9939076577904,35.90731101284118,35.673381906783405,-1.0,True,True,False,False,101
coarse,200.0,1000.0,89.85,197.3820091125819,-999.9965730559848,35.89968819777635,35.671461552930076,-1.0,True,True,False,False,101
coarse,200.0,1000.0,89.9,198.25467163410173,-999.9984769132877,35.892091934393676,35.6698652930489,-1.0,True,True,False,False,101
coarse,200.0,1000.0,89.95,199.12733548476484,-999.9996192282495,35.88452220666368,35.668582092152796,-1.0,True,True,False,False,101
coarse,200.0,1000.0,90.0,199.99999999999994,-1000.0,35.87697899866128,35.66762728315714,-1.0,True,True,False,False,101
coarse,200.0,1000.0,90.05,200.87266451523504,-999.9996192282495,35.869462294565565,35.666986192854125,-1.0,True,True,False,False,101
coarse,200.0,1000.0,90.1,201.74532836589813,-999.9984769132877,35.861972078659655,35.66667779021363,-1.0,True,True,False,False,101
coarse,200.0,1000.0,90.15,202.617990887418,-999.9965730559848,35.854508335330394,35.66668376756974,-1.0,True,True,False,False,101
coarse,200.0,1000.0,90.2,203.49065141522368,-999.9939076577904,35.84707104906911,35.66702672617202,-1.0,True,True,False,False,101
coarse,200.0,1000.0,90.25,204.36330928474646,-999.9904807207345,35.83966020447016,35.66768576537705,-1.0,True,True,False,False,101
coarse,200.0,1000.0,90.3,205.2359638314194,-999.9862922474267,35.8322757862318,35.668684001869266,-1.0,True,True,False,False,101
coarse,200.0,1000.0,90.35,206.10861439067816,-999.9813422410571,35.824917779155605,35.670001733869775,-1.0,True,True,False,False,101
coarse,200.0,1000.0,90.4,206.9812602979617,-999.9756307053948,35.8175861681471,35.671659527060946,-1.0,True,True,False,False,101
coarse,200.0,1000.0,90.45,207.85390088871145,-999.9691576447897,35.81028093821408,35.67364090546488,-1.0,True,True,False,False,101
coarse,200.0,1000.0,90.5,208.726535498374,-999.9619230641713,35.80300207446825,35.67596321045656,-1.0,True,True,False,False,101
coarse,200.0,1000.0,90.55,209.59916346240016,-999.9539269690489,35.79574956212443,35.678613188352664,-1.0,True,True,False,False,101
coarse,200.0,1000.0,90.6,210.47178411624574,-999.9451693655121,35.788523386500046,35.681604959754694,-1.0,True,True,False,False,101
coarse,200.0,1000.0,90.65,211.34439679537243,-999.93565026023,35.78132353301549,35.684928489730254,-1.0,True,True,False,False,101
coarse,200.0,1000.0,90.7,212.21700083524723,-999.925369660452,35.77414998719411,35.68859468167834,-1.0,True,True,False,False,101
coarse,200.0,1000.0,90.75,213.08959557134446,-999.914327574007,35.76700273466165,35.69259671583669,-1.0,True,True,False,False,101
coarse,200.0,1000.0,90.8,213.96218033914522,-999.9025240093042,35.75988176114656,35.696942282010085,-1.0,True,True,False,False,101
coarse,200.0,1000.0,90.85,214.83475447413832,-999.8899589753325,35.752787052479746,35.70162777198832,-1.0,True,True,False,False,101
coarse,200.0,1000.0,90.9,215.70731731182076,-999.8766324816606,35.745718594594265,35.706657665627304,-1.0,True,True,False,False,101
coarse,200.0,1000.0,90.95,216.57986818769754,-999.8625445384374,35.738676373525855,35.712031562613866,-1.0,True,True,False,False,101
coarse,200.0,1000.0,91.0,217.45240643728349,-999.8476951563913,35.731660375412,35.71775073653746,1.0,True,True,False,False,101
coarse,200.0,1000.0,91.05,218.3249313961027,-999.8320843468308,35.73871814870092,35.723817991289756,1.0,True,True,False,False,101
coarse,200.0,1000.0,91.1,219.19744239968952,-999.8157121216442,35.745802492942,35.73023139791315,1.0,True,True,False,False,101
coarse,200.0,1000.0,91.15,220.06993878358907,-999.7985784932998,35.752913421990826,35.736794597707295,1.0,True,True,False,False,101
coarse,200.0,1000.0,91.2,220.94241988335693,-999.7806834748455,35.76005094980737,35.74338415378199,1.0,True,True,False,False,101
coarse,200.0,1000.0,91.25,221.81488503456103,-999.7620270799091,35.76721509045615,35.75000007814083,1.0,True,True,False,False,101
coarse,200.0,1000.0,91.3,222.68733357278123,-999.7426093226983,35.774405858106405,35.75664238289035,1.0,True,True,False,False,101
coarse,200.0,1000.0,91.35,223.55976483360996,-999.7224302180006,35.781623267032195,35.763311080240065,1.0,True,True,False,False,101
coarse,200.0,1000.0,91.4,224.43217815265314,-999.7014897811831,35.78886733161223,35.77000618250264,1.0,True,True,False,False,101
coarse,200.0,1000.0,91.45,225.30457286552956,-999.6797880281931,35.796138066330485,35.776727702093844,1.0,True,True,False,False,101
coarse,200.0,1000.0,91.5,226.17694830787303,-999.6573249755572,35.803435485775644,35.783475651532775,1.0,True,True,False,False,101
coarse,200.0,1000.0,91.55,227.04930381533183,-999.6341006403823,35.810759604641554,35.79025004344181,1.0,True,True,False,False,101
coarse,200.0,1000.0,91.6,227.92163872356886,-999.6101150403543,35.818110437728045,35.79705089054679,1.0,True,True,False,False,101
coarse,200.0,1000.0,91.65,228.7939523682636,-999.5853681937397,35.82548799993945,35.80387820567706,1.0,True,True,False,False,101
coarse,200.0,1000.0,91.7,229.66624408511086,-999.559860119384,35.832892306285856,35.81073200176554,1.0,True,True,False,False,101
coarse,200.0,1000.0,91.75,230.5385132098227,-999.5335908367128,35.84032337188304,35.81761229184885,1.0,True,True,False,False,101
coarse,200.0,1000.0,91.8,231.41075907812828,-999.5065603657316,35.847781211952686,35.824519089067415,1.0,True,True,False,False,101
coarse,200.0,1000.0,91.85,232.2829810257744,-999.4787687270248,35.85526584182157,35.83145240666544,1.0,True,True,False,False,101
coarse,200.0,1000.0,91.9,233.1551783885264,-999.4502159417572,35.862777276922806,35.83841225799116,1.0,True,True,False,False,101
coarse,200.0,1000.0,91.95,234.02735050216748,-999.4209020316729,35.87031553279577,35.8453986564968,1.0,True,True,False,False,101
coarse,200.0,1000.0,92.0,234.89949670250095,-999.3908270190958,35.87788062508558,35.85241161573874,1.0,True,True,False,False,101
coarse,200.0,1000.0,92.05,235.77161632534953,-999.3599909269292,35.88547256954387,35.85945114937758,1.0,True,True,False,False,101
coarse,200.0,1000.0,92.1,236.64370870655614,-999.3283937786563,35.893091382028395,35.86651727117826,1.0,True,True,False,False,101
coarse,200.0,1000.0,92.15,237.5157731819848,-999.2960355983396,35.90073707850358,35.8736099950101,1.0,True,True,False,False,101
coarse,200.0,1000.0,92.2,238.38780908751994,-999.2629164106212,35.90840967504029,35.88072933484697,1.0,True,True,False,False,101
coarse,200.0,1000.0,92.25,239.25981575906854,-999.2290362407228,35.91610918781621,35.8878753047673,1.0,True,True,False,False,101
coarse,200.0,1000.0,92.3,240.13179253255961,-999.1943951144459,35.92383563311583,35.89504791895427,1.0,True,True,False,False,101
coarse,200.0,1000.0,92.35,241.0037387439449,-999.1589930581711,35.93158902733044,35.90224719169586,1.0,True,True,False,False,101
coarse,200.0,1000.0,92.4,241.87565372919963,-999.1228300988583,35.93936938695867,35.90947313738493,1.0,True,True,False,False,101
coarse,200.0,1000.0,92.45,242.7475368243222,-999.0859062640476,35.94717672860594,35.91672577051936,1.0,True,True,False,False,101
coarse,200.0,1000.0,92.5,243.61938736533588,-999.0482215818578,35.955011068985414,35.92400510570214,1.0,True,True,False,False,101
coarse,200.0,1000.0,92.55,244.49120468828863,-999.0097760809875,35.96287242491743,35.93131115764148,1.0,True,True,False,False,101
coarse,200.0,1000.0,92.6,245.36298812925355,-998.9705697907148,35.97076081332987,35.93864394115088,1.0,True,True,False,False,101
coarse,200.0,1000.0,92.65,246.23473702433014,-998.9306027408966,35.978676251258115,35.94600347114927,1.0,True,True,False,False,101
coarse,200.0,1000.0,92.7,247.1064507096428,-998.88987496197,35.986618755846074,35.95338976266111,1.0,True,True,False,False,101
coarse,200.0,1000.0,92.75,247.978128521344,-998.8483864849507,35.994588344344855,35.960802830816476,1.0,True,True,False,False,101
coarse,200.0,1000.0,92.8,248.84976979561327,-998.8061373414341,36.002585034113864,35.96824269085121,1.0,True,True,False,False,101
coarse,200.0,1000.0,92.85,249.72137386865782,-998.7631275635946,36.01060884262067,35.97570935810698,1.0,True,True,False,False,101
coarse,200.0,1000.0,92.9,250.59294007671343,-998.7193571841862,36.018659787441415,35.98320284803144,1.0,True,True,False,False,101
coarse,200.0,1000.0,92.95,251.46446775604412,-998.6748262365419,36.02673788626008,35.990723176178285,1.0,True,True,False,False,101
coarse,200.0,1000.0,93.0,252.33595624294384,-998.6295347545738,36.03484315686974,35.99827035820738,1.0,True,True,True,True,101
refined,200.0,1000.0,90.9,215.70731731182076,-999.8766324816606,35.745718594594265,35.70652959440169,-1.0,True,True,False,False,201
refined,200.0,1000.0,90.91,215.881828465204,-999.873875808645,35.74430805188014,35.7075820237543,-1.0,True,True,False,False,201
refined,200.0,1000.0,90.92,216.05633913479952,-999.8710886777296,35.74289855852751,35.70864830321963,-1.0,True,True,False,False,201
refined,200.0,1000.0,90.93,216.23084931529075,-999.8682710889991,35.741490114424685,35.70972844275041,-1.0,True,True,False,False,201
refined,200.0,1000.0,90.94,216.40535900136206,-999.8654230425394,35.740082719461036,35.71082245229929,-1.0,True,True,False,False,201
refined,200.0,1000.0,90.95,216.57986818769754,-999.8625445384374,35.738676373525855,35.71193034181883,-1.0,True,True,False,False,201
refined,200.0,1000.0,90.96,216.75437686898115,-999.8596355767804,35.73727107650836,35.7130521212615,-1.0,True,True,False,False,201
refined,200.0,1000.0,90.97,216.9288850398977,-999.8566961576573,35.73586682829856,35.71418780057971,-1.0,True,True,False,False,201
refined,200.0,1000.0,90.98,217.10339269513068,-999.8537262811576,35.73446362878593,35.71533738972577,-1.0,True,True,False,False,201
refined,200.0,1000.0,90.99,217.27789982936454,-999.8507259473718,35.73306147786037,35.71650089865191,-1.0,True,True,False,False,201
refined,200.0,1000.0,91.0,217.45240643728349,-999.8476951563913,35.731660375412,35.71767833731028,1.0,True,True,False,False,201
refined,200.0,1000.0,91.01,217.6269125135717,-999.8446339083082,35.73306980505516,35.71886971565295,1.0,True,True,False,False,201
refined,200.0,1000.0,91.02,217.80141805291348,-999.841542203216,35.73448029709568,35.72007504363191,1.0,True,True,False,False,201
refined,200.0,1000.0,91.03,217.97592304999307,-999.8384200412088,35.73589185164346,35.72129433119905,1.0,True,True,False,False,201
refined,200.0,1000.0,91.04,218.15042749949492,-999.8352674223817,35.73730446880849,35.72252758830622,1.0,True,True,False,False,201
refined,200.0,1000.0,91.05,218.3249313961027,-999.8320843468308,35.73871814870092,35.72377482490515,1.0,True,True,False,False,201
refined,200.0,1000.0,91.06,218.4994347345016,-999.8288708146529,35.74013289143088,35.725036050947494,1.0,True,True,False,False,201
refined,200.0,1000.0,91.07,218.67393750937504,-999.8256268259461,35.74154869710953,35.72631127638487,1.0,True,True,False,False,201
refined,200.0,1000.0,91.08,218.84843971540806,-999.822352380809,35.74296556584688,35.72760051116876,1.0,True,True,False,False,201
refined,200.0,1000.0,91.09,219.02294134728498,-999.8190474793415,35.74438349775408,35.72890376525061,1.0,True,True,False,False,201
refined,200.0,1000.0,91.1,219.19744239968952,-999.8157121216442,35.745802492942,35.730213242597245,1.0,True,True,False,False,201
coarse,400.0,200.0,88.0,393.0201006594998,-199.87816540381914,16.075505157941567,15.844529530961324,-1.0,True,True,True,True,101
coarse,400.0,200.0,88.05,393.1945298995665,-199.88418040633456,16.06935706088482,15.838664884536044,-1.0,True,True,True,True,101
coarse,400.0,200.0,88.1,393.3689643222947,-199.89004318835143,16.063219974584896,15.832810690867694,-1.0,True,True,True,True,101
coarse,400.0,200.0,88.15,393.5434037948451,-199.89575374540496,16.057093886091373,15.826966938038744,-1.0,True,True,True,True,101
coarse,400.0,200.0,88.2,393.71784818437436,-199.90131207314633,16.05097878249922,15.821133614173421,-1.0,True,True,True,True,101
coarse,400.0,200.0,88.25,393.8922973580355,-199.90671816734258,16.04487465094885,15.815310707437623,-1.0,True,True,True,True,101
coarse,400.0,200.0,88.3,394.06675118297784,-199.9119720238768,16.03878147862612,15.809498206038867,-1.0,True,True,True,True,101
coarse,400.0,200.0,88.35,394.2412095263473,-199.91707363874792,16.032699252761965,15.80369609822624,-1.0,True,True,True,True,101
coarse,400.0,200.0,88.4,394.41567225528627,-199.92202300807088,16.02662796063271,15.79790437229026,-1.0,True,True,True,True,101
coarse,400.0,200.0,88.45,394.5901392369337,-199.92682012807646,16.02056758955973,15.79212301656285,-1.0,True,True,True,True,101
coarse,400.0,200.0,88.5,394.76461033842537,-199.93146499511144,16.01451812690951,15.786352019417267,-1.0,True,True,True,True,101
coarse,400.0,200.0,88.55,394.93908542689405,-199.93595760563863,16.008479560093214,15.780591369268013,-1.0,True,True,True,True,101
coarse,400.0,200.0,88.6,395.1135643694694,-199.94029795623663,16.002451876567143,15.77484105457075,-1.0,True,True,True,True,101
coarse,400.0,200.0,88.65,395.28804703327796,-199.9444860436001,15.9964350638323,15.769101063822264,-1.0,True,True,True,True,101
coarse,400.0,200.0,88.7,395.4625332854437,-199.94852186453966,15.990429109434311,15.763371385560376,-1.0,True,True,True,True,101
coarse,400.0,200.0,88.75,395.6370229930878,-199.95240541598181,15.984434000963544,15.757652008363864,-1.0,True,True,True,True,101
coarse,400.0,200.0,88.8,395.8115160233286,-199.9561366949691,15.978449726054816,15.751942920852395,-1.0,True,True,True,True,101
coarse,400.0,200.0,88.85,395.9860122432822,-199.95971569865995,15.97247627238753,15.746244111686472,-1.0,True,True,True,True,101
coarse,400.0,200.0,88.9,396.1605115200621,-199.96314242432885,15.966513627685254,15.74055556956735,-1.0,True,True,True,True,101
coarse,400.0,200.0,88.95,396.33501372077944,-199.96641686936616,15.960561779715986,15.734877283236967,-1.0,True,True,True,True,101
coarse,400.0,200.0,89.0,396.5095187125433,-199.96953903127826,15.954620716292142,15.729209241477879,-1.0,True,True,True,True,101
coarse,400.0,200.0,89.05,396.6840263624605,-199.97250890768748,15.94869042526999,15.723565678444132,-1.0,True,True,False,False,101
coarse,400.0,200.0,89.1,396.8585365376358,-199.97532649633212,15.94277089454995,15.718140565630964,-1.0,True,True,False,False,101
coarse,400.0,200.0,89.15,397.0330491051723,-199.9779917950665,15.93686211207664,15.71299853364816,-1.0,True,True,False,False,101
coarse,400.0,200.0,89.2,397.20756393217096,-199.98050480186086,15.930964065838287,15.708132744532122,-1.0,True,True,False,False,101
coarse,400.0,200.0,89.25,397.38208088573106,-199.9828655148014,15.925076743867121,15.703550033859363,-1.0,True,True,False,False,101
coarse,400.0,200.0,89.3,397.55659983295055,-199.9850739320904,15.919200134239262,15.699243657570987,-1.0,True,True,False,False,101
coarse,400.0,200.0,89.35,397.73112064092555,-199.987130052046,15.91333422507432,15.695220357259771,-1.0,True,True,False,False,101
coarse,400.0,200.0,89.4,397.90564317675086,-199.98903387310241,15.90747900453559,15.691473483219953,-1.0,True,True,False,False,101
coarse,400.0,200.0,89.45,398.08016730752,-199.9907853938098,15.901634460829978,15.688009682609946,-1.0,True,True,False,False,101
coarse,400.0,200.0,89.5,398.2546929003252,-199.99238461283426,15.895800582207773,15.684822400526011,-1.0,True,True,False,False,101
coarse,400.0,200.0,89.55,398.4292198222577,-199.99383152895794,15.88997735696278,15.681918189241104,-1.0,True,True,False,False,101
coarse,400.0,200.0,89.6,398.6037479404077,-199.99512614107894,15.884164773432111,15.679290589102886,-1.0,True,True,False,False,101
coarse,400.0,200.0,89.65,398.77827712186433,-199.99626844821142,15.87836281999593,15.676946057047243,-1.0,True,True,False,False,101
coarse,400.0,200.0,89.7,398.9528072337161,-199.99725844948534,15.87257148507788,15.674878229123065,-1.0,True,True,False,False,101
coarse,400.0,200.0,89.75,399.1273381430507,-199.9980961441469,15.866790757144537,15.673093466477193,-1.0,True,True,False,False,101
coarse,400.0,200.0,89.8,399.30186971695525,-199.99878153155808,15.861020624705555,15.671585501309984,-1.0,True,True,False,False,101
coarse,400.0,200.0,89.85,399.4764018225164,-199.99931461119695,15.855261076313635,15.67036059852672,-1.0,True,True,False,False,101
coarse,400.0,200.0,89.9,399.65093432682033,-199.99969538265753,15.849512100564242,15.669412586930006,-1.0,True,True,False,False,101
coarse,400.0,200.0,89.95,399.825467096953,-199.99992384564987,15.843773686095837,15.668747634730607,-1.0,True,True,False,False,101
coarse,400.0,200.0,90.0,400.0,-200.0,15.838045821589477,15.66835966778456,-1.0,True,True,False,False,101
coarse,400.0,200.0,90.05,400.174532903047,-199.99992384564987,15.832328495769097,15.668254757154719,-1.0,True,True,False,False,101
coarse,400.0,200.0,90.1,400.3490656731796,-199.99969538265753,15.82662169740106,15.668426926202189,-1.0,True,True,False,False,101
coarse,400.0,200.0,90.15,400.5235981774836,-199.99931461119695,15.820925415294434,15.668882148388052,-1.0,True,True,False,False,101
coarse,400.0,200.0,90.2,400.69813028304475,-199.99878153155808,15.815239638300664,15.669614545030603,-1.0,True,True,False,False,101
coarse,400.0,200.0,90.25,400.87266185694926,-199.9980961441469,15.809564355313828,15.670629991534833,-1.0,True,True,False,False,101
coarse,400.0,200.0,90.3,401.0471927662839,-199.99725844948534,15.803899555270123,15.67192270762876,-1.0,True,True,False,False,101
coarse,400.0,200.0,90.35,401.2217228781356,-199.99626844821142,15.79824522714819,15.673498470206512,-1.0,True,True,False,False,101
coarse,400.0,200.0,90.4,401.39625205959237,-199.99512614107894,15.792601359968819,15.675351597858874,-1.0,True,True,False,False,101
coarse,400.0,200.0,90.45,401.5707801777423,-199.99383152895794,15.786967942794966,15.677487768513881,-1.0,True,True,False,False,101
coarse,400.0,200.0,90.5,401.7453070996748,-199.99238461283426,15.781344964731721,15.6799014000785,-1.0,True,True,False,False,101
coarse,400.0,200.0,90.55,401.91983269248004,-199.9907853938098,15.775732414926239,15.682598071059028,-1.0,True,True,False,False,101
coarse,400.0,200.0,90.6,402.09435682324914,-199.98903387310241,15.770130282567536,15.685572299132529,-1.0,True,True,False,False,101
coarse,400.0,200.0,90.65,402.2688793590745,-199.987130052046,15.764538556886562,15.688829562927443,-1.0,True,True,False,False,101
coarse,400.0,200.0,90.7,402.44340016704945,-199.9850739320904,15.758957227156175,15.692364480345264,-1.0,True,True,False,False,101
coarse,400.0,200.0,90.75,402.6179191142689,-199.9828655148014,15.753386282691032,15.69618242968,-1.0,True,True,False,False,101
coarse,400.0,200.0,90.8,402.79243606782904,-199.98050480186086,15.747825712847275,15.700278129512384,-1.0,True,True,False,False,101
coarse,400.0,200.0,90.85,402.9669508948277,-199.9779917950665,15.74227550702305,15.704656857344993,-1.0,True,True,False,False,101
coarse,400.0,200.0,90.9,403.14146346236413,-199.97532649633212,15.736735654657812,15.709313432893023,-1.0,True,True,False,False,101
coarse,400.0,200.0,90.95,403.3159736375395,-199.97250890768748,15.73120614523274,15.714253032410141,-1.0,True,True,False,False,101
coarse,400.0,200.0,91.0,403.4904812874567,-199.96953903127826,15.725686968270262,15.71947057720172,-1.0,True,True,False,False,101
coarse,400.0,200.0,91.05,403.66498627922056,-199.96641686936616,15.731584281272829,15.724971141814601,1.0,True,True,False,False,101
coarse,400.0,200.0,91.1,403.8394884799379,-199.96314242432885,15.73749199553689,15.730636645641608,1.0,True,True,False,False,101
coarse,400.0,200.0,91.15,404.0139877567178,-199.95971569865995,15.743410123057904,15.736312372494199,1.0,True,True,False,False,101
coarse,400.0,200.0,91.2,404.18848397667136,-199.9561366949691,15.749338675873057,15.741998333556063,1.0,True,True,False,False,101
coarse,400.0,200.0,91.25,404.3629770069122,-199.95240541598181,15.755277666061021,15.747694540051217,1.0,True,True,False,False,101
coarse,400.0,200.0,91.3,404.5374667145562,-199.94852186453966,15.761227105742634,15.753401003244146,1.0,True,True,False,False,101
coarse,400.0,200.0,91.35,404.711952966722,-199.9444860436001,15.767187007080315,15.759117734439837,1.0,True,True,False,False,101
coarse,400.0,200.0,91.4,404.8864356305306,-199.94029795623663,15.773157382278544,15.76484474498385,1.0,True,True,False,False,101
coarse,400.0,200.0,91.45,405.0609145731059,-199.93595760563863,15.779138243584018,15.77058204626238,1.0,True,True,False,False,101
coarse,400.0,200.0,91.5,405.23538966157463,-199.93146499511144,15.785129603285284,15.776329649702367,1.0,True,True,False,False,101
coarse,400.0,200.0,91.55,405.4098607630664,-199.92682012807646,15.791131473713202,15.782087566771505,1.0,True,True,False,False,101
coarse,400.0,200.0,91.6,405.5843277447138,-199.92202300807088,15.797143867240983,15.787855808978371,1.0,True,True,False,False,101
coarse,400.0,200.0,91.65,405.7587904736527,-199.91707363874792,15.803166796284158,15.793634387872448,1.0,True,True,False,False,101
coarse,400.0,200.0,91.7,405.93324881702216,-199.9119720238768,15.809200273300513,15.799423315044232,1.0,True,True,False,False,101
coarse,400.0,200.0,91.75,406.1077026419645,-199.90671816734258,15.815244310790604,15.805222602125266,1.0,True,True,False,False,101
coarse,400.0,200.0,91.8,406.28215181562564,-199.90131207314633,15.821298921297522,15.811032260788286,1.0,True,True,False,False,101
coarse,400.0,200.0,91.85,406.4565962051549,-199.89575374540496,15.827364117406802,15.816852302747177,1.0,True,True,False,False,101
coarse,400.0,200.0,91.9,406.63103567770526,-199.89004318835143,15.833439911747027,15.822682739757163,1.0,True,True,False,False,101
coarse,400.0,200.0,91.95,406.8054701004335,-199.88418040633456,15.839526316989545,15.828523583614798,1.0,True,True,False,False,101
coarse,400.0,200.0,92.0,406.9798993405002,-199.87816540381914,15.845623345848422,15.834374846158092,1.0,True,True,False,False,101
coarse,400.0,200.0,92.05,407.1543232650699,-199.87199818538585,15.851731011081089,15.840236539266543,1.0,True,True,False,False,101
coarse,400.0,200.0,92.1,407.3287417413112,-199.86567875573124,15.857849325487669,15.846108674861252,1.0,True,True,False,False,101
coarse,400.0,200.0,92.15,407.50315463639697,-199.85920711966793,15.863978301911846,15.85199126490496,1.0,True,True,False,False,101
coarse,400.0,200.0,92.2,407.677561817504,-199.85258328212424,15.870117953240108,15.857884321402144,1.0,True,True,False,False,101
coarse,400.0,200.0,92.25,407.8519631518137,-199.84580724814458,15.876268292402825,15.863787856399103,1.0,True,True,False,False,101
coarse,400.0,200.0,92.3,408.02635850651194,-199.8388790228892,15.882429332373249,15.869701881984021,1.0,True,True,False,False,101
coarse,400.0,200.0,92.35,408.20074774878896,-199.8317986116342,15.888601086168409,15.875626410287008,1.0,True,True,False,False,101
coarse,400.0,200.0,92.4,408.3751307458399,-199.82456601977168,15.894783566848954,15.881561453480272,1.0,True,True,False,False,101
coarse,400.0,200.0,92.45,408.54950736486444,-199.81718125280952,15.900976787519129,15.88750702377808,1.0,True,True,False,False,101
coarse,400.0,200.0,92.5,408.7238774730672,-199.80964431637156,15.907180761326904,15.893463133436923,1.0,True,True,False,False,101
coarse,400.0,200.0,92.55,408.8982409376577,-199.8019552161975,15.91339550146425,15.899429794755564,1.0,True,True,False,False,101
coarse,400.0,200.0,92.6,409.07259762585073,-199.79411395814296,15.91962102116694,15.905407020075105,1.0,True,True,False,False,101
coarse,400.0,200.0,92.65,409.24694740486603,-199.78612054817933,15.925857333714701,15.911394821779071,1.0,True,True,False,False,101
coarse,400.0,200.0,92.7,409.4212901419286,-199.777974992394,15.932104452431544,15.917393212293526,1.0,True,True,False,False,101
coarse,400.0,200.0,92.75,409.5956257042688,-199.76967729699012,15.938362390685732,15.923402204087086,1.0,True,True,False,False,101
coarse,400.0,200.0,92.8,409.76995395912263,-199.76122746828682,15.944631161889541,15.929421809671055,1.0,True,True,False,False,101
coarse,400.0,200.0,92.85,409.94427477373154,-199.75262551271894,15.95091077949989,15.935452041599506,1.0,True,True,False,False,101
coarse,400.0,200.0,92.9,410.1185880153427,-199.74387143683722,15.957201257017955,15.941492912469295,1.0,True,True,False,False,101
coarse,400.0,200.0,92.95,410.2928935512088,-199.7349652473084,15.963502607989673,15.94754443492023,1.0,True,True,False,False,101
coarse,400.0,200.0,93.0,410.4671912485888,-199.72590695091478,15.969814846005443,15.953606621635094,1.0,True,True,True,True,101
refined,400.0,200.0,90.9,403.14146346236413,-199.97532649633212,15.736735654657812,15.709231556909145,-1.0,True,True,False,False,201
refined,400.0,200.0,90.91,403.1763656930408,-199.974775161729,15.73562892567348,15.710201417782214,-1.0,True,True,False,False,201
refined,400.0,200.0,90.92,403.2112678269599,-199.97421773554592,15.73452261032263,15.71118255100356,-1.0,True,True,False,False,201
refined,400.0,200.0,90.93,403.2461698630581,-199.97365421779983,15.733416708521437,15.712174956761103,-1.0,True,True,False,False,201
refined,400.0,200.0,90.94,403.2810718002724,-199.9730846085079,15.73231122018604,15.713178635242791,-1.0,True,True,False,False,201
refined,400.0,200.0,90.95,403.3159736375395,-199.97250890768748,15.73120614523274,15.71419358663663,-1.0,True,True,False,False,201
refined,400.0,200.0,90.96,403.3508753737962,-199.97192711535607,15.730101483577762,15.715219811130652,-1.0,True,True,False,False,201
refined,400.0,200.0,90.97,403.3857770079795,-199.9713392315315,15.72899723513753,15.71625730891296,-1.0,True,True,False,False,201
refined,400.0,200.0,90.98,403.42067853902614,-199.97074525623154,15.727893399828528,15.717306080171669,-1.0,True,True,False,False,201
refined,400.0,200.0,90.99,403.4555799658729,-199.97014518947435,15.726789977567226,15.718366125094969,-1.0,True,True,False,False,201
refined,400.0,200.0,91.0,403.4904812874567,-199.96953903127826,15.725686968270262,15.719437443871069,-1.0,True,True,False,False,201
refined,400.0,200.0,91.01,403.52538250271436,-199.96892678166165,15.72686559934416,15.720520036688239,1.0,True,True,False,False,201
refined,400.0,200.0,91.02,403.5602836105827,-199.9683084406432,15.728044646085875,15.721613903734786,1.0,True,True,False,False,201
refined,400.0,200.0,91.03,403.5951846099986,-199.96768400824178,15.729224108590744,15.722719045199064,1.0,True,True,False,False,201
refined,400.0,200.0,91.04,403.630085499899,-199.96705348447634,15.730403986954476,15.723835461269463,1.0,True,True,False,False,201
refined,400.0,200.0,91.05,403.66498627922056,-199.96641686936616,15.731584281272829,15.724963152134414,1.0,True,True,False,False,201
refined,400.0,200.0,91.06,403.69988694690034,-199.9657741629306,15.732764991641476,15.72609543491522,1.0,True,True,False,False,201
refined,400.0,200.0,91.07,403.734787501875,-199.9651253651892,15.733946118156274,15.727228126258996,1.0,True,True,False,False,201
refined,400.0,200.0,91.08,403.76968794308164,-199.9644704761618,15.735127660913143,15.72836122625484,1.0,True,True,False,False,201
refined,400.0,200.0,91.09,403.804588269457,-199.9638094958683,15.736309620008006,15.729494734991897,1.0,True,True,False,False,201
refined,400.0,200.0,91.1,403.8394884799379,-199.96314242432885,15.73749199553689,15.730628652559371,1.0,True,True,False,False,201
coarse,400.0,400.0,88.0,386.04020131899955,-399.7563308076383,20.4786891749117,20.110776973960263,-1.0,True,True,True,True,101
coarse,400.0,400.0,88.05,386.38905979913295,-399.76836081266913,20.469106579242627,20.101682632438862,-1.0,True,True,True,True,101
coarse,400.0,400.0,88.1,386.7379286445894,-399.78008637670285,20.459536858228542,20.092600351982274,-1.0,True,True,True,True,101
coarse,400.0,400.0,88.15,387.0868075896903,-399.7915074908099,20.449979990181767,20.0835301127686,-1.0,True,True,True,True,101
coarse,400.0,400.0,88.2,387.4356963687487,-399.80262414629266,20.440435953465833,20.074471895021752,-1.0,True,True,True,True,101
coarse,400.0,400.0,88.25,387.78459471607096,-399.81343633468515,20.430904726495477,20.065425679011376,-1.0,True,True,True,True,101
coarse,400.0,400.0,88.3,388.1335023659557,-399.8239440477536,20.421386287735864,20.056391445052657,-1.0,True,True,True,True,101
coarse,400.0,400.0,88.35,388.4824190526946,-399.83414727749584,20.411880615703623,20.047369173506244,-1.0,True,True,True,True,101
coarse,400.0,400.0,88.4,388.8313445105725,-399.84404601614176,20.402387688965472,20.03835884477811,-1.0,True,True,True,True,101
coarse,400.0,400.0,88.45,389.1802784738673,-399.8536402561529,20.39290748613902,20.029360439319422,-1.0,True,True,True,True,101
coarse,400.0,400.0,88.5,389.52922067685074,-399.8629299902229,20.383439985891993,20.020373937626385,-1.0,True,True,True,True,101
coarse,400.0,400.0,88.55,389.8781708537881,-399.87191521127727,20.373985166942386,20.01139932024016,-1.0,True,True,True,True,101
coarse,400.0,400.0,88.6,390.2271287389387,-399.88059591247327,20.36454300805829,20.002436567746702,-1.0,True,True,True,True,101
coarse,400.0,400.0,88.65,390.576094066556,-399.8889720872002,20.355113488057558,19.99348566077667,-1.0,True,True,True,True,101
coarse,400.0,400.0,88.7,390.92506657088745,-399.8970437290793,20.34569658580809,19.984546580005272,-1.0,True,True,True,True,101
coarse,400.0,400.0,88.75,391.27404598617557,-399.90481083196363,20.336292280227227,19.97561930615216,-1.0,True,True,True,True,101
coarse,400.0,400.0,88.8,391.62303204665716,-399.9122733899382,20.326900550281866,19.966703819981248,-1.0,True,True,True,True,101
coarse,400.0,400.0,88.85,391.97202448656435,-399.9194313973199,20.317521374988257,19.9578001023007,-1.0,True,True,True,True,101
coarse,400.0,400.0,88.9,392.32102304012415,-399.9262848486577,20.308154733411715,19.948908133962686,-1.0,True,True,True,True,101
coarse,400.0,400.0,88.95,392.6700274415589,-399.9328337387323,20.298800604666752,19.94002789586335,-1.0,True,True,True,True,101
coarse,400.0,400.0,89.0,393.01903742508654,-399.9390780625565,20.28945896791693,19.931159368942616,-1.0,True,True,True,True,101
coarse,400.0,400.0,89.05,393.3680527249209,-399.94501781537497,20.28012980237435,19.922353643793716,-1.0,True,True,False,False,101
coarse,400.0,400.0,89.1,393.7170730752716,-399.95065299266423,20.27081308729991,19.91393262530531,-1.0,True,True,False,False,101
coarse,400.0,400.0,89.15,394.06609821034465,-399.955983590133,20.261508802003142,19.905946206946343,-1.0,True,True,False,False,101
coarse,400.0,400.0,89.2,394.41512786434186,-399.9610096037217,20.25221692584151,19.89839527074208,-1.0,True,True,False,False,101
coarse,400.0,400.0,89.25,394.76416177146217,-399.9657310296028,20.242937438221063,19.89127929468326,-1.0,True,True,False,False,101
coarse,400.0,400.0,89.3,395.11319966590116,-399.9701478641808,20.233670318596076,19.884599168063918,-1.0,True,True,False,False,101
coarse,400.0,400.0,89.35,395.46224128185105,-399.974260104092,20.22441554646832,19.878354362819838,-1.0,True,True,False,False,101
coarse,400.0,400.0,89.4,395.8112863535017,-399.97806774620483,20.21517310138782,19.872545774797786,-1.0,True,True,False,False,101
coarse,400.0,400.0,89.45,396.16033461504,-399.9815707876196,20.205942962952058,19.86717287059141,-1.0,True,True,False,False,101
coarse,400.0,400.0,89.5,396.5093858006504,-399.9847692256685,20.196725110806092,19.86223655188232,-1.0,True,True,False,False,101
coarse,400.0,400.0,89.55,396.85843964451544,-399.9876630579159,20.187519524642536,19.857736280636836,-1.0,True,True,False,False,101
coarse,400.0,400.0,89.6,397.2074958808154,-399.9902522821579,20.178326184201158,19.853672963651512,-1.0,True,True,False,False,101
coarse,400.0,400.0,89.65,397.55655424372867,-399.99253689642285,20.16914506926892,19.850046058982127,-1.0,True,True,False,False,101
coarse,400.0,400.0,89.7,397.9056144674322,-399.9945168989707,20.159976159679672,19.84685647781838,-1.0,True,True,False,False,101
coarse,400.0,400.0,89.75,398.25467628610136,-399.9961922882938,20.150819435314435,19.844103675024144,-1.0,True,True,False,False,101
coarse,400.0,400.0,89.8,398.6037394339105,-399.99756306311616,20.141674876100684,19.84178856545858,-1.0,True,True,False,False,101
coarse,400.0,400.0,89.85,398.95280364503276,-399.9986292223939,20.132542462012683,19.839910601514276,-1.0,True,True,False,False,101
coarse,400.0,400.0,89.9,399.30186865364067,-399.99939076531507,20.123422173071113,19.838470700994165,-1.0,True,True,False,False,101
coarse,400.0,400.0,89.95,399.6509341939059,-399.99984769129975,20.114313989343028,19.837468314542146,-1.0,True,True,False,False,101
coarse,400.0,400.0,90.0,400.0,-400.0,20.105217890941784,19.83690436217735,-1.0,True,True,False,False,101
coarse,400.0,400.0,90.05,400.349065806094,-399.99984769129975,20.09613385802665,19.836778293519423,-1.0,True,True,False,False,101
coarse,400.0,400.0,90.1,400.6981313463593,-399.99939076531507,20.08706187080309,19.837091030074223,-1.0,True,True,False,False,101
coarse,400.0,400.0,90.15,401.0471963549672,-399.9986292223939,20.07800190952209,19.837842021163585,-1.0,True,True,False,False,101
coarse,400.0,400.0,90.2,401.3962605660895,-399.99756306311616,20.06895395448072,19.839032189048663,-1.0,True,True,False,False,101
coarse,400.0,400.0,90.25,401.7453237138986,-399.9961922882938,20.059917986021322,19.84066098348177,-1.0,True,True,False,False,101
coarse,400.0,400.0,90.3,402.09438553256774,-399.9945168989707,20.05089398453193,19.842729326746102,-1.0,True,True,False,False,101
coarse,400.0,400.0,90.35,402.4434457562713,-399.99253689642285,20.041881930445662,19.845236669754662,-1.0,True,True,False,False,101
coarse,400.0,400.0,90.4,402.7925041191847,-399.9902522821579,20.03288180424103,19.848183934077465,-1.0,True,True,False,False,101
coarse,400.0,400.0,90.45,403.14156035548456,-399.9876630579159,20.023893586441517,19.851570572520348,-1.0,True,True,False,False,101
coarse,400.0,400.0,90.5,403.4906141993496,-399.9847692256685,20.014917257615508,19.85539750520306,-1.0,True,True,False,False,101
coarse,400.0,400.0,90.55,403.8396653849601,-399.9815707876196,20.005952798376285,19.859664187558284,-1.0,True,True,False,False,101
coarse,400.0,400.0,90.6,404.1887136464983,-399.97806774620483,19.997000189381847,19.864371537516543,-1.0,True,True,False,False,101
coarse,400.0,400.0,90.65,404.53775871814895,-399.974260104092,19.988059411334522,19.869519013873266,-1.0,True,True,False,False,101
coarse,400.0,400.0,90.7,404.8868003340989,-399.9701478641808,19.97913044498144,19.875107531628892,-1.0,True,True,False,False,101
coarse,400.0,400.0,90.75,405.2358382285378,-399.9657310296028,19.970213271113803,19.881136553679365,-1.0,True,True,False,False,101
coarse,400.0,400.0,90.8,405.5848721356581,-399.9610096037217,19.96130787056719,19.887606991352396,-1.0,True,True,False,False,101
coarse,400.0,400.0,90.85,405.93390178965535,-399.955983590133,19.95241422422098,19.89451831238407,-1.0,True,True,False,False,101
coarse,400.0,400.0,90.9,406.2829269247283,-399.95065299266423,19.943532312998737,19.901871423684728,-1.0,True,True,False,False,101
coarse,400.0,400.0,90.95,406.631947275079,-399.94501781537497,19.93466211786766,19.909665798572203,-1.0,True,True,False,False,101
coarse,400.0,400.0,91.0,406.9809625749134,-399.9390780625565,19.925803619839023,19.917902338793017,1.0,True,True,False,False,101
coarse,400.0,400.0,91.05,407.32997255844106,-399.9328337387323,19.934960651034093,19.92658052399013,1.0,True,True,False,False,101
coarse,400.0,400.0,91.1,407.6789769598758,-399.9262848486577,19.94412964068109,19.935441853130044,1.0,True,True,False,False,101
coarse,400.0,400.0,91.15,408.02797551343565,-399.9194313973199,19.953310608757484,19.944314868919985,1.0,True,True,False,False,101
coarse,400.0,400.0,91.2,408.3769679533428,-399.9122733899382,19.962503575285908,19.953199590352813,1.0,True,True,False,False,101
coarse,400.0,400.0,91.25,408.72595401382443,-399.90481083196363,19.97170856033497,19.9620960364649,1.0,True,True,False,False,101
coarse,400.0,400.0,91.3,409.0749334291125,-399.8970437290793,19.980925584019037,19.971004226336294,1.0,True,True,False,False,101
coarse,400.0,400.0,91.35,409.42390593344396,-399.8889720872002,19.9901546664984,19.979924179090766,1.0,True,True,False,False,101
coarse,400.0,400.0,91.4,409.77287126106125,-399.88059591247327,19.999395827979267,19.988855913895996,1.0,True,True,False,False,101
coarse,400.0,400.0,91.45,410.12182914621184,-399.87191521127727,20.008649088714463,19.997799449963658,1.0,True,True,False,False,101
coarse,400.0,400.0,91.5,410.4707793231492,-399.8629299902229,20.017914469002854,20.00675480654956,1.0,True,True,False,False,101
coarse,400.0,400.0,91.55,410.81972152613275,-399.8536402561529,20.027191989189735,20.015722002953776,1.0,True,True,False,False,101
coarse,400.0,400.0,91.6,411.1686554894275,-399.84404601614176,20.03648166966734,20.024701058520765,1.0,True,True,False,False,101
coarse,400.0,400.0,91.65,411.5175809473054,-399.83414727749584,20.045783530874257,20.033691992639454,1.0,True,True,False,False,101
coarse,400.0,400.0,91.7,411.8664976340443,-399.8239440477536,20.055097593296367,20.042694824743453,1.0,True,True,False,False,101
coarse,400.0,400.0,91.75,412.2154052839291,-399.81343633468515,20.06442387746602,20.051709574311083,1.0,True,True,False,False,101
coarse,400.0,400.0,91.8,412.56430363125133,-399.80262414629266,20.073762403963595,20.060736260865593,1.0,True,True,False,False,101
coarse,400.0,400.0,91.85,412.91319241030976,-399.7915074908099,20.08311319341573,20.06977490397519,1.0,True,True,False,False,101
coarse,400.0,400.0,91.9,413.26207135541057,-399.78008637670285,20.092476266497044,20.07882552325328,1.0,True,True,False,False,101
coarse,400.0,400.0,91.95,413.610940200867,-399.76836081266913,20.101851643929926,20.087888138358455,1.0,True,True,False,False,101
coarse,400.0,400.0,92.0,413.9597986810004,-399.7563308076383,20.111239346483966,20.096962768994786,1.0,True,True,False,False,101
coarse,400.0,400.0,92.05,414.3086465301398,-399.7439963707717,20.120639394976973,20.1060494349118,1.0,True,True,False,False,101
coarse,400.0,400.0,92.1,414.65748348262247,-399.7313575114625,20.130051810274562,20.115148155904716,1.0,True,True,False,False,101
coarse,400.0,400.0,92.15,415.00630927279394,-399.71841423933586,20.13947661329056,20.1242589518145,1.0,True,True,False,False,101
coarse,400.0,400.0,92.2,415.355123635008,-399.7051665642485,20.148913824986977,20.133381842528046,1.0,True,True,False,False,101
coarse,400.0,400.0,92.25,415.70392630362744,-399.69161449628916,20.15836346637423,20.142516847978268,1.0,True,True,False,False,101
coarse,400.0,400.0,92.3,416.0527170130238,-399.6777580457784,20.167825558511275,20.151663988144282,1.0,True,True,False,False,101
coarse,400.0,400.0,92.35,416.40149549757797,-399.6635972232684,20.17730012250591,20.160823283051474,1.0,True,True,False,False,101
coarse,400.0,400.0,92.4,416.75026149167985,-399.64913203954336,20.186787179514404,20.169994752771704,1.0,True,True,False,False,101
coarse,400.0,400.0,92.45,417.0990147297289,-399.63436250561904,20.196286750742356,20.179178417423334,1.0,True,True,False,False,101
coarse,400.0,400.0,92.5,417.44775494613435,-399.6192886327431,20.205798857444304,20.188374297171485,1.0,True,True,False,False,101
coarse,400.0,400.0,92.55,417.79648187531546,-399.603910432395,20.215323520924102,20.19758241222806,1.0,True,True,False,False,101
coarse,400.0,400.0,92.6,418.1451952517014,-399.5882279162859,20.224860762534956,20.20680278285196,1.0,True,True,False,False,101
coarse,400.0,400.0,92.65,418.49389480973207,-399.57224109635865,20.23441060367946,20.21603542934917,1.0,True,True,False,False,101
coarse,400.0,400.0,92.7,418.8425802838571,-399.555949984788,20.24397306581015,20.22528037207291,1.0,True,True,False,False,101
coarse,400.0,400.0,92.75,419.1912514085376,-399.53935459398025,20.25354817042934,20.234537631423738,1.0,True,True,False,False,101
coarse,400.0,400.0,92.8,419.5399079182453,-399.52245493657364,20.26313593908922,20.24380722784978,1.0,True,True,False,False,101
coarse,400.0,400.0,92.85,419.8885495474631,-399.5052510254379,20.272736393392243,20.253089181846722,1.0,True,True,False,False,101
coarse,400.0,400.0,92.9,420.23717603068536,-399.48774287367445,20.282349554990933,20.26238351395809,1.0,True,True,False,False,101
coarse,400.0,400.0,92.95,420.58578710241767,-399.4699304946168,20.291975445588225,20.271690244775264,1.0,True,True,False,False,101
coarse,400.0,400.0,93.0,420.9343824971775,-399.45181390182955,20.30161408693788,20.281009394937712,1.0,True,True,True,True,101
refined,400.0,400.0,90.9,406.2829269247283,-399.95065299266423,19.943532312998737,19.901749153268845,-1.0,True,True,False,False,201
refined,400.0,400.0,90.91,406.3527313860816,-399.949550323458,19.941757337293467,19.90328018238378,-1.0,True,True,False,False,201
refined,400.0,400.0,90.92,406.4225356539198,-399.94843547109184,19.939982830079735,19.90482896337867,-1.0,True,True,False,False,201
refined,400.0,400.0,90.93,406.4923397261163,-399.94730843559967,19.93820879120545,19.906395497773232,-1.0,True,True,False,False,201
refined,400.0,400.0,90.94,406.5621436005448,-399.9461692170158,19.936435220518664,19.9079797870875,-1.0,True,True,False,False,201
refined,400.0,400.0,90.95,406.631947275079,-399.94501781537497,19.93466211786766,19.909581832841848,-1.0,True,True,False,False,201
refined,400.0,400.0,90.96,406.7017507475925,-399.94385423071213,19.93288948310069,19.911201636556946,-1.0,True,True,False,False,201
refined,400.0,400.0,90.97,406.77155401595905,-399.942678463063,19.931117316065844,19.91283919975379,-1.0,True,True,False,False,201
refined,400.0,400.0,90.98,406.8413570780523,-399.9414905124631,19.929345616611705,19.914494523953675,-1.0,True,True,False,False,201
refined,400.0,400.0,90.99,406.91115993174583,-399.9402903789487,19.92757438458649,19.916167610678244,-1.0,True,True,False,False,201
refined,400.0,400.0,91.0,406.9809625749134,-399.9390780625565,19.925803619839023,19.917858461449423,1.0,True,True,False,False,201
refined,400.0,400.0,91.01,407.0507650054287,-399.9378535633233,19.927634070359183,19.91956707778946,1.0,True,True,False,False,201
refined,400.0,400.0,91.02,407.1205672211654,-399.9366168812864,19.929464998579448,19.92129346122094,1.0,True,True,False,False,201
refined,400.0,400.0,91.03,407.19036921999725,-399.93536801648355,19.93129640465898,19.923037613266732,1.0,True,True,False,False,201
refined,400.0,400.0,91.04,407.260170999798,-399.9341069689527,19.933128288757366,19.92479953545004,1.0,True,True,False,False,201
refined,400.0,400.0,91.05,407.32997255844106,-399.9328337387323,19.934960651034093,19.926570399519676,1.0,True,True,False,False,201
refined,400.0,400.0,91.06,407.3997738938006,-399.9315483258612,19.936793491648633,19.9283417302957,1.0,True,True,False,False,201
refined,400.0,400.0,91.07,407.46957500375004,-399.9302507303784,19.938626810760926,19.930113527929574,1.0,True,True,False,False,201
refined,400.0,400.0,91.08,407.5393758861632,-399.9289409523236,19.94046060853052,19.931885792572817,1.0,True,True,False,False,201
refined,400.0,400.0,91.09,407.60917653891397,-399.9276189917366,19.942294885117267,19.933658524377023,1.0,True,True,False,False,201
refined,400.0,400.0,91.1,407.6789769598758,-399.9262848486577,19.94412964068109,19.935431723493863,1.0,True,True,False,False,201
coarse,400.0,600.0,88.0,379.06030197849935,-599.6344962114574,26.048327402814145,25.60413703307885,-1.0,True,True,True,True,101
coarse,400.0,600.0,88.05,379.5835896986994,-599.6525412190038,26.036768271494164,25.59336558255753,-1.0,True,True,True,True,101
coarse,400.0,600.0,88.1,380.1068929668841,-599.6701295650543,26.02522599431184,25.582610124908836,-1.0,True,True,True,True,101
coarse,400.0,600.0,88.15,380.6302113845354,-599.6872612362149,26.013700545224545,25.57187063734367,-1.0,True,True,True,True,101
coarse,400.0,600.0,88.2,381.1535445531231,-599.703936219439,26.002191898257333,25.56114709713552,-1.0,True,True,True,True,101
coarse,400.0,600.0,88.25,381.67689207410643,-599.7201545020278,25.990700027503273,25.550439481620252,-1.0,True,True,True,True,101
coarse,400.0,600.0,88.3,382.2002535489336,-599.7359160716304,25.97922490712234,25.539747768196055,-1.0,True,True,True,True,101
coarse,400.0,600.0,88.35,382.7236285790419,-599.7512209162438,25.967766511342365,25.529071934323227,-1.0,True,True,True,True,101
coarse,400.0,600.0,88.4,383.24701676585875,-599.7660690242126,25.956324814457822,25.518411957524055,-1.0,True,True,True,True,101
coarse,400.0,600.0,88.45,383.770417710801,-599.7804603842294,25.9448997908305,25.50776781538272,-1.0,True,True,True,True,101
coarse,400.0,600.0,88.5,384.2938310152761,-599.7943949853344,25.933491414888483,25.49713948554502,-1.0,True,True,True,True,101
coarse,400.0,600.0,88.55,384.81725628068216,-599.8078728169158,25.922099661126765,25.48652694571839,-1.0,True,True,True,True,101
coarse,400.0,600.0,88.6,385.34069310840806,-599.8208938687098,25.91072450410677,25.475930173671674,-1.0,True,True,True,True,101
coarse,400.0,600.0,88.65,385.86414109983394,-599.8334581308003,25.899365918455718,25.465349147234953,-1.0,True,True,True,True,101
coarse,400.0,600.0,88.7,386.3875998563312,-599.845565593619,25.88802387886747,25.454783844299513,-1.0,True,True,True,True,101
coarse,400.0,600.0,88.75,386.9110689792633,-599.8572162479455,25.876698360101354,25.444234242817615,-1.0,True,True,True,True,101
coarse,400.0,600.0,88.8,387.4345480699858,-599.8684100849073,25.865389336982485,25.433700320802384,-1.0,True,True,True,True,101
coarse,400.0,600.0,88.85,387.95803672984647,-599.8791470959799,25.854096784401776,25.423182056327676,-1.0,True,True,True,True,101
coarse,400.0,600.0,88.9,388.4815345601862,-599.8894272729865,25.842820677315064,25.41267942752792,-1.0,True,True,True,True,101
coarse,400.0,600.0,88.95,389.00504116233833,-599.8992506080984,25.83156099074367,25.40219241259803,-1.0,True,True,True,True,101
coarse,400.0,600.0,89.0,389.52855613762983,-599.9086170938348,25.820317699774158,25.39172098979322,-1.0,True,True,True,True,101
coarse,400.0,600.0,89.05,390.0520790873814,-599.9175267230625,25.809090779557415,25.381311690154813,-1.0,True,True,False,False,101
coarse,400.0,600.0,89.1,390.5756096129075,-599.9259794889964,25.797880205309568,25.371326908064564,-1.0,True,True,False,False,101
coarse,400.0,600.0,89.15,391.0991473155169,-599.9339753851995,25.78668595231094,25.36186397412688,-1.0,True,True,False,False,101
coarse,400.0,600.0,89.2,391.6226917965128,-599.9415144055826,25.77550799590637,25.35289837415603,-1.0,True,True,False,False,101
coarse,400.0,600.0,89.25,392.1462426571933,-599.9485965444042,25.76434631150484,25.344455385951665,-1.0,True,True,False,False,101
coarse,400.0,600.0,89.3,392.6697994988517,-599.9552217962712,25.753200874579445,25.336510771900166,-1.0,True,True,False,False,101
coarse,400.0,600.0,89.35,393.1933619227766,-599.961390156138,25.742071660666937,25.329089534528375,-1.0,True,True,False,False,101
coarse,400.0,600.0,89.4,393.7169295302526,-599.9671016193073,25.73095864536807,25.32216771152657,-1.0,True,True,False,False,101
coarse,400.0,600.0,89.45,394.24050192256,-599.9723561814294,25.719861804346984,25.31577003141895,-1.0,True,True,False,False,101
coarse,400.0,600.0,89.5,394.7640787009757,-599.9771538385028,25.708781113331163,25.309872805927437,-1.0,True,True,False,False,101
coarse,400.0,600.0,89.55,395.28765946677316,-599.9814945868739,25.697716548111654,25.304500490847833,-1.0,True,True,False,False,101
coarse,400.0,600.0,89.6,395.811243821223,-599.9853784232369,25.686668084542113,25.29962967065752,-1.0,True,True,False,False,101
coarse,400.0,600.0,89.65,396.33483136559306,-599.9888053446342,25.67563569853937,25.295284529701934,-1.0,True,True,False,False,101
coarse,400.0,600.0,89.7,396.8584217011483,-599.991775348456,25.66461936608293,25.291441923933895,-1.0,True,True,False,False,101
coarse,400.0,600.0,89.75,397.38201442915204,-599.9942884324407,25.65361906321495,25.28812576753038,-1.0,True,True,False,False,101
coarse,400.0,600.0,89.8,397.9056091508657,-599.9963445946743,25.64263476603993,25.28531318663575,-1.0,True,True,False,False,101
coarse,400.0,600.0,89.85,398.42920546754914,-599.9979438335909,25.631666450724595,25.283027826544334,-1.0,True,True,False,False,101
coarse,400.0,600.0,89.9,398.95280298046106,-599.9990861479727,25.620714093498105,25.281247082304162,-1.0,True,True,False,False,101
coarse,400.0,600.0,89.95,399.4764012908589,-599.9997715369497,25.6097776706511,25.27999433161669,-1.0,True,True,False,False,101
coarse,400.0,600.0,90.0,399.99999999999994,-600.0,25.59885715853641,25.27924723714187,-1.0,True,True,False,False,101
coarse,400.0,600.0,90.05,400.523598709141,-599.9997715369497,25.587952533568462,25.279028910281873,-1.0,True,True,False,False,101
coarse,400.0,600.0,90.1,401.0471970195389,-599.9990861479727,25.577063772222854,25.27931728001293,-1.0,True,True,False,False,101
coarse,400.0,600.0,90.15,401.5707945324508,-599.9979438335909,25.56619085103689,25.28013519273542,-1.0,True,True,False,False,101
coarse,400.0,600.0,90.2,402.0943908491342,-599.9963445946743,25.555333746609058,25.281460842442424,-1.0,True,True,False,False,101
coarse,400.0,600.0,90.25,402.61798557084785,-599.9942884324407,25.544492435598535,25.283316811833778,-1.0,True,True,False,False,101
coarse,400.0,600.0,90.3,403.14157829885164,-599.991775348456,25.53366689472595,25.28568155861612,-1.0,True,True,False,False,101
coarse,400.0,600.0,90.35,403.6651686344069,-599.9888053446342,25.52285710077195,25.28857740309387,-1.0,True,True,False,False,101
coarse,400.0,600.0,90.4,404.18875617877706,-599.9853784232369,25.512063030578346,25.291983065380055,-1.0,True,True,False,False,101
coarse,400.0,600.0,90.45,404.7123405332269,-599.9814945868739,25.50128466104713,25.29592060469268,-1.0,True,True,False,False,101
coarse,400.0,600.0,90.5,405.2359212990244,-599.9771538385028,25.49052196914059,25.300369002240142,-1.0,True,True,False,False,101
coarse,400.0,600.0,90.55,405.75949807744007,-599.9723561814294,25.47977493188124,25.305350057466843,-1.0,True,True,False,False,101
coarse,400.0,600.0,90.6,406.28307046974743,-599.9671016193073,25.46904352635137,25.310843011361747,-1.0,True,True,False,False,101
coarse,400.0,600.0,90.65,406.80663807722345,-599.961390156138,25.458327729693323,25.31686940491223,-1.0,True,True,False,False,101
coarse,400.0,600.0,90.7,407.33020050114834,-599.9552217962712,25.447627519109112,25.323408737569213,-1.0,True,True,False,False,101
coarse,400.0,600.0,90.75,407.85375734280666,-599.9485965444042,25.436942871860143,25.330482293183433,-1.0,True,True,False,False,101
coarse,400.0,600.0,90.8,408.37730820348713,-599.9415144055826,25.426273765267283,25.338069828345375,-1.0,True,True,False,False,101
coarse,400.0,600.0,90.85,408.90085268448297,-599.9339753851995,25.415620176710732,25.346192371093288,-1.0,True,True,False,False,101
coarse,400.0,600.0,90.9,409.42439038709244,-599.9259794889964,25.404982083629722,25.354829933831,-1.0,True,True,False,False,101
coarse,400.0,600.0,90.95,409.94792091261854,-599.9175267230625,25.39435946352256,25.364003290112276,-1.0,True,True,False,False,101
coarse,400.0,600.0,91.0,410.4714438623701,-599.9086170938348,25.383752293946152,25.3736927068243,1.0,True,True,False,False,101
coarse,400.0,600.0,91.05,410.9949588376616,-599.8992506080984,25.394593915970937,25.38391870436802,1.0,True,True,False,False,101
coarse,400.0,600.0,91.1,411.5184654398137,-599.8894272729865,25.405451411732145,25.39438463827646,1.0,True,True,False,False,101
coarse,400.0,600.0,91.15,412.0419632701534,-599.8791470959799,25.416324804195366,25.404866121972315,1.0,True,True,False,False,101
coarse,400.0,600.0,91.2,412.56545193001415,-599.8684100849073,25.42721411638825,25.4153631771442,1.0,True,True,False,False,101
coarse,400.0,600.0,91.25,413.0889310207366,-599.8572162479455,25.438119371400877,25.425875825540544,1.0,True,True,False,False,101
coarse,400.0,600.0,91.3,413.6124001436687,-599.845565593619,25.44904059238577,25.436404088969727,1.0,True,True,False,False,101
coarse,400.0,600.0,91.35,414.135858900166,-599.8334581308003,25.45997780255844,25.446947989300256,1.0,True,True,False,False,101
coarse,400.0,600.0,91.4,414.6593068915919,-599.8208938687098,25.470931025196556,25.457507548460818,1.0,True,True,False,False,101
coarse,400.0,600.0,91.45,415.1827437193177,-599.8078728169158,25.48190028364161,25.46808278844051,1.0,True,True,False,False,101
coarse,400.0,600.0,91.5,415.70616898472383,-599.7943949853344,25.49288560129722,25.47867373128892,1.0,True,True,False,False,101
coarse,400.0,600.0,91.55,416.2295822891991,-599.7804603842294,25.503887001630876,25.48928039911625,1.0,True,True,False,False,101
coarse,400.0,600.0,91.6,416.7529832341413,-599.7660690242126,25.51490450817375,25.499902814093517,1.0,True,True,False,False,101
coarse,400.0,600.0,91.65,417.2763714209582,-599.7512209162438,25.525938144519756,25.510540998452647,1.0,True,True,False,False,101
coarse,400.0,600.0,91.7,417.7997464510665,-599.7359160716304,25.53698793432701,25.521194974486615,1.0,True,True,False,False,101
coarse,400.0,600.0,91.75,418.3231079258936,-599.7201545020278,25.548053901317502,25.531864764549614,1.0,True,True,False,False,101
coarse,400.0,600.0,91.8,418.846455446877,-599.703936219439,25.5591360692773,25.542550391057183,1.0,True,True,False,False,101
coarse,400.0,600.0,91.85,419.36978861546464,-599.6872612362149,25.570234462056163,25.5532518764863,1.0,True,True,False,False,101
coarse,400.0,600.0,91.9,419.8931070331158,-599.6701295650544,25.58134910356861,25.563969243375652,1.0,True,True,False,False,101
coarse,400.0,600.0,91.95,420.4164103013005,-599.6525412190038,25.592480017793772,25.574702514325605,1.0,True,True,False,False,101
coarse,400.0,600.0,92.0,420.9396980215006,-599.6344962114574,25.603627228774798,25.585451711998495,1.0,True,True,False,False,101
coarse,400.0,600.0,92.05,421.4629697952097,-599.6159945561575,25.614790760620565,25.596216859118694,1.0,True,True,False,False,101
coarse,400.0,600.0,92.1,421.9862252239337,-599.5970362671937,25.625970637503837,25.606997978472798,1.0,True,True,False,False,101
coarse,400.0,600.0,92.15,422.50946390919086,-599.5776213590037,25.63716688366341,25.617795092909716,1.0,True,True,False,False,101
coarse,400.0,600.0,92.2,423.03268545251194,-599.5577498463726,25.6483795234028,25.628608225340873,1.0,True,True,False,False,101
coarse,400.0,600.0,92.25,423.5558894554411,-599.5374217444337,25.659608581091177,25.63943739874032,1.0,True,True,False,False,101
coarse,400.0,600.0,92.3,424.07907551953576,-599.5166370686676,25.670854081163178,25.650282636144937,1.0,True,True,False,False,101
coarse,400.0,600.0,92.35,424.6022432463669,-599.4953958349026,25.682116048119305,25.661143960654467,1.0,True,True,False,False,101
coarse,400.0,600.0,92.4,425.12539223751975,-599.473698059315,25.693394506525955,25.672021395431806,1.0,True,True,False,False,101
coarse,400.0,600.0,92.45,425.6485220945933,-599.4515437584286,25.70468948101562,25.682914963703045,1.0,True,True,False,False,101
coarse,400.0,600.0,92.5,426.17163241920156,-599.4289329491147,25.716000996286834,25.693824688757662,1.0,True,True,False,False,101
coarse,400.0,600.0,92.55,426.69472281297317,-599.4058656485925,25.72732907710496,25.704750593948678,1.0,True,True,False,False,101
coarse,400.0,600.0,92.6,427.21779287755214,-599.3823418744289,25.738673748301537,25.715692702692806,1.0,True,True,False,False,101
coarse,400.0,600.0,92.65,427.7408422145981,-599.3583616445379,25.75003503477478,25.726651038470564,1.0,True,True,False,False,101
coarse,400.0,600.0,92.7,428.2638704257857,-599.333924977182,25.761412961490162,25.737625624826503,1.0,True,True,False,False,101
coarse,400.0,600.0,92.75,428.7868771128064,-599.3090318909703,25.772807553480195,25.748616485369247,1.0,True,True,False,False,101
coarse,400.0,600.0,92.8,429.30986187736795,-599.2836824048604,25.784218835844264,25.7596236437718,1.0,True,True,False,False,101
coarse,400.0,600.0,92.85,429.83282432119466,-599.2578765381568,25.795646833749597,25.77064712377155,1.0,True,True,False,False,101
coarse,400.0,600.0,92.9,430.35576404602807,-599.2316143105116,25.807091572430497,25.781686949170513,1.0,True,True,False,False,101
coarse,400.0,600.0,92.95,430.8786806536265,-599.2048957419252,25.818553077189456,25.79274314383547,1.0,True,True,False,False,101
coarse,400.0,600.0,93.0,431.4015737457663,-599.1777208527443,25.83003137339655,25.8038157316981,1.0,True,True,True,True,101
refined,400.0,600.0,90.9,409.42439038709244,-599.9259794889964,25.404982083629722,25.354684255029408,-1.0,True,True,False,False,201
refined,400.0,600.0,90.91,409.5290970791224,-599.9243254851871,25.40285632248943,25.356484676143168,-1.0,True,True,False,False,201
refined,400.0,600.0,90.92,409.6338034808797,-599.9226532066378,25.400731180088144,25.358306229101423,-1.0,True,True,False,False,201
refined,400.0,600.0,90.93,409.73850958917444,-599.9209626533994,25.398606656246237,25.360148917576872,-1.0,True,True,False,False,201
refined,400.0,600.0,90.94,409.84321540081726,-599.9192538255237,25.396482750784195,25.36201274524248,-1.0,True,True,False,False,201
refined,400.0,600.0,90.95,409.94792091261854,-599.9175267230625,25.39435946352256,25.363897715771486,-1.0,True,True,False,False,201
refined,400.0,600.0,90.96,410.0526261213887,-599.9157813460682,25.39223679428185,25.365803832837383,-1.0,True,True,False,False,201
refined,400.0,600.0,90.97,410.15733102393864,-599.9140176945945,25.39011474288306,25.367731100113946,-1.0,True,True,False,False,201
refined,400.0,600.0,90.98,410.2620356170784,-599.9122357686946,25.38799330914686,25.369679521275213,-1.0,True,True,False,False,201
refined,400.0,600.0,90.99,410.36673989761874,-599.910435568423,25.385872492894187,25.37164909999546,-1.0,True,True,False,False,201
refined,400.0,600.0,91.0,410.4714438623701,-599.9086170938348,25.383752293946152,25.373639839949288,1.0,True,True,False,False,201
refined,400.0,600.0,91.01,410.57614750814304,-599.9067803449849,25.38591934955246,25.3756517448115,1.0,True,True,False,False,201
refined,400.0,600.0,91.02,410.6808508317481,-599.9049253219296,25.388087039374874,25.377684818257226,1.0,True,True,False,False,201
refined,400.0,600.0,91.03,410.7855538299958,-599.9030520247253,25.39025536359661,25.379739063961804,1.0,True,True,False,False,201
refined,400.0,600.0,91.04,410.89025649969693,-599.901160453429,25.392424322400824,25.381814485600888,1.0,True,True,False,False,201
refined,400.0,600.0,91.05,410.9949588376616,-599.8992506080984,25.394593915970937,25.383905807085696,1.0,True,True,False,False,201
refined,400.0,600.0,91.06,411.09966084070095,-599.8973224887917,25.396764144490177,25.385997749694738,1.0,True,True,False,False,201
refined,400.0,600.0,91.07,411.204362505625,-599.8953760955677,25.398935008142416,25.388090313600856,1.0,True,True,False,False,201
refined,400.0,600.0,91.08,411.30906382924485,-599.8934114284854,25.401106507110903,25.390183498976974,1.0,True,True,False,False,201
refined,400.0,600.0,91.09,411.41376480837096,-599.8914284876049,25.40327864157953,25.392277305996142,1.0,True,True,False,False,201
refined,400.0,600.0,91.1,411.5184654398137,-599.8894272729865,25.405451411732145,25.394371734831463,1.0,True,True,False,False,201
coarse,400.0,800.0,88.0,372.08040263799916,-799.5126616152766,32.184434383218075,31.692798439696663,-1.0,True,True,True,True,101
coarse,400.0,800.0,88.05,372.7781195982659,-799.5367216253383,32.17158948456688,31.681072378542883,-1.0,True,True,True,True,101
coarse,400.0,800.0,88.1,373.4758572891788,-799.5601727534057,32.158766374929385,31.669367243595214,-1.0,True,True,True,True,101
coarse,400.0,800.0,88.15,374.17361517938053,-799.5830149816198,32.145965025802,31.657683011046103,-1.0,True,True,True,True,101
coarse,400.0,800.0,88.2,374.87139273749744,-799.6052482925853,32.13318540877047,31.646019657171763,-1.0,True,True,True,True,101
coarse,400.0,800.0,88.25,375.5691894321419,-799.6268726693703,32.12042749550873,31.63437715833197,-1.0,True,True,True,True,101
coarse,400.0,800.0,88.3,376.2670047319114,-799.6478880955073,32.107691257779344,31.622755490969922,-1.0,True,True,True,True,101
coarse,400.0,800.0,88.35,376.96483810538916,-799.6682945549917,32.09497666743336,31.611154631612184,-1.0,True,True,True,True,101
coarse,400.0,800.0,88.4,377.662689021145,-799.6880920322835,32.08228369640959,31.59957455686839,-1.0,True,True,True,True,101
coarse,400.0,800.0,88.45,378.3605569477346,-799.7072805123058,32.069612316735096,31.588015243431222,-1.0,True,True,True,True,101
coarse,400.0,800.0,88.5,379.0584413537015,-799.7258599804458,32.05696250052436,31.576476668076207,-1.0,True,True,True,True,101
coarse,400.0,800.0,88.55,379.7563417075762,-799.7438304225545,32.044334219979255,31.56495880766162,-1.0,True,True,True,True,101
coarse,400.0,800.0,88.6,380.4542574778774,-799.7611918249465,32.031727447389386,31.553461639128233,-1.0,True,True,True,True,101
coarse,400.0,800.0,88.65,381.15218813311196,-799.7779441744004,32.01914215513118,31.5419851394993,-1.0,True,True,True,True,101
coarse,400.0,800.0,88.7,381.8501331417749,-799.7940874581586,32.006578315668044,31.53052928588036,-1.0,True,True,True,True,101
coarse,400.0,800.0,88.75,382.5480919723511,-799.8096216639273,31.99403590155013,31.519094055459107,-1.0,True,True,True,True,101
coarse,400.0,800.0,88.8,383.2460640933144,-799.8245467798764,31.98151488541433,31.5076794255052,-1.0,True,True,True,True,101
coarse,400.0,800.0,88.85,383.94404897312864,-799.8388627946398,31.9690152399837,31.496285373370178,-1.0,True,True,True,True,101
coarse,400.0,800.0,88.9,384.6420460802483,-799.8525696973154,31.956536938067405,31.48491187648734,-1.0,True,True,True,True,101
coarse,400.0,800.0,88.95,385.3400548831177,-799.8656674774646,31.944079952560966,31.473558912371544,-1.0,True,True,True,True,101
coarse,400.0,800.0,89.0,386.03807485017313,-799.878156125113,31.93164425644566,31.462226458619106,-1.0,True,True,True,True,101
coarse,400.0,800.0,89.05,386.7361054498419,-799.8900356307499,31.919229822787827,31.450937287213204,-1.0,True,True,False,False,101
coarse,400.0,800.0,89.1,387.4341461505433,-799.9013059853285,31.906836624740308,31.440069539954123,-1.0,True,True,False,False,101
coarse,400.0,800.0,89.15,388.13219642068924,-799.911967180266,31.894464635540405,31.429750310888213,-1.0,True,True,False,False,101
coarse,400.0,800.0,89.2,388.8302557286837,-799.9220192074434,31.88211382851067,31.41997605265534,-1.0,True,True,False,False,101
coarse,400.0,800.0,89.25,389.52832354292434,-799.9314620592056,31.86978417705886,31.410752236037773,-1.0,True,True,False,False,101
coarse,400.0,800.0,89.3,390.22639933180227,-799.9402957283615,31.857475654677646,31.402074471059898,-1.0,True,True,False,False,101
coarse,400.0,800.0,89.35,390.92448256370216,-799.948520208184,31.84518823494325,31.393949070214866,-1.0,True,True,False,False,101
coarse,400.0,800.0,89.4,391.6225727070035,-799.9561354924097,31.832921891517355,31.38637080316959,-1.0,True,True,False,False,101
coarse,400.0,800.0,89.45,392.32066923007994,-799.9631415752392,31.820676598145383,31.37934682187024,-1.0,True,True,False,False,101
coarse,400.0,800.0,89.5,393.0187716013009,-799.969538451337,31.808452328657037,31.37287105789326,-1.0,True,True,False,False,101
coarse,400.0,800.0,89.55,393.71687928903094,-799.9753261158318,31.796249056965618,31.36695150037086,-1.0,True,True,False,False,101
coarse,400.0,800.0,89.6,394.4149917616307,-799.9805045643158,31.78406675706848,31.361581245065107,-1.0,True,True,False,False,101
coarse,400.0,800.0,89.65,395.1131084874574,-799.9850737928457,31.771905403046194,31.356769116018274,-1.0,True,True,False,False,101
coarse,400.0,800.0,89.7,395.81122893486435,-799.9890337979414,31.75976496906268,31.352507375463055,-1.0,True,True,False,False,101
coarse,400.0,800.0,89.75,396.5093525722027,-799.9923845765876,31.74764542936539,31.34880568006687,-1.0,True,True,False,False,101
coarse,400.0,800.0,89.8,397.20747886782095,-799.9951261262323,31.73554675828431,31.345655460827025,-1.0,True,True,False,False,101
coarse,400.0,800.0,89.85,397.9056072900655,-799.9972584447878,31.723468930232716,31.34306720474211,-1.0,True,True,False,False,101
coarse,400.0,800.0,89.9,398.6037373072814,-799.9987815306301,31.71141191970637,31.341031513877,-1.0,True,True,False,False,101
coarse,400.0,800.0,89.95,399.30186838781185,-799.9996953825995,31.699375701283373,31.339559703258573,-1.0,True,True,False,False,101
coarse,400.0,800.0,90.0,399.99999999999994,-800.0,31.68736024962458,31.33864154833112,-1.0,True,True,False,False,101
coarse,400.0,800.0,90.05,400.69813161218804,-799.9996953825995,31.67536553947267,31.338289189838015,-1.0,True,True,False,False,101
coarse,400.0,800.0,90.1,401.3962626927185,-799.9987815306301,31.663391545652583,31.338491578923666,-1.0,True,True,False,False,101
coarse,400.0,800.0,90.15,402.09439270993437,-799.9972584447878,31.65143824307074,31.33926167972725,-1.0,True,True,False,False,101
coarse,400.0,800.0,90.2,402.79252113217893,-799.9951261262323,31.63950560671578,31.340587621422905,-1.0,True,True,False,False,101
coarse,400.0,800.0,90.25,403.49064742779717,-799.9923845765876,31.627593611657524,31.342483189216043,-1.0,True,True,False,False,101
coarse,400.0,800.0,90.3,404.18877106513554,-799.9890337979414,31.61570223304731,31.34493569264893,-1.0,True,True,False,False,101
coarse,400.0,800.0,90.35,404.8868915125425,-799.9850737928457,31.603831446117407,31.34795973565482,-1.0,True,True,False,False,101
coarse,400.0,800.0,90.4,405.58500823836937,-799.9805045643158,31.591981226181765,31.351541810491344,-1.0,True,True,False,False,101
coarse,400.0,800.0,90.45,406.2831207109692,-799.9753261158318,31.580151548634273,31.35569733747233,-1.0,True,True,False,False,101
coarse,400.0,800.0,90.5,406.9812283986992,-799.969538451337,31.56834238895035,31.360411993926892,-1.0,True,True,False,False,101
coarse,400.0,800.0,90.55,407.6793307699201,-799.9631415752392,31.556553722685493,31.365702014193307,-1.0,True,True,False,False,101
coarse,400.0,800.0,90.6,408.3774272929966,-799.9561354924097,31.544785525476115,31.371552263036985,-1.0,True,True,False,False,101
coarse,400.0,800.0,90.65,409.07551743629796,-799.948520208184,31.5330377730383,31.377979786455903,-1.0,True,True,False,False,101
coarse,400.0,800.0,90.7,409.7736006681978,-799.9402957283615,31.521310441168726,31.38496863902524,-1.0,True,True,False,False,101
coarse,400.0,800.0,90.75,410.47167645707555,-799.9314620592056,31.509603505743737,31.392536676029124,-1.0,True,True,False,False,101
coarse,400.0,800.0,90.8,411.1697442713162,-799.9220192074434,31.497916942719716,31.40066714423478,-1.0,True,True,False,False,101
coarse,400.0,800.0,90.85,411.86780357931065,-799.911967180266,31.486250728132298,31.409378705830196,-1.0,True,True,False,False,101
coarse,400.0,800.0,90.9,412.5658538494566,-799.9013059853285,31.474604838096926,31.418653802165558,-1.0,True,True,False,False,101
coarse,400.0,800.0,90.95,413.26389455015806,-799.8900356307499,31.462979248808413,31.42851189994178,-1.0,True,True,False,False,101
coarse,400.0,800.0,91.0,413.96192514982675,-799.878156125113,31.451373936540612,31.438934637491613,1.0,True,True,False,False,101
coarse,400.0,800.0,91.05,414.65994511688217,-799.8656674774646,31.463168562545782,31.449942283629213,1.0,True,True,False,False,101
coarse,400.0,800.0,91.1,415.3579539197516,-799.8525696973154,31.474983991073817,31.46127329128321,1.0,True,True,False,False,101
coarse,400.0,800.0,91.15,416.05595102687124,-799.8388627946398,31.486820246115922,31.472624744988398,1.0,True,True,False,False,101
coarse,400.0,800.0,91.2,416.75393590668557,-799.8245467798764,31.49867735174612,31.48399666711212,1.0,True,True,False,False,101
coarse,400.0,800.0,91.25,417.4519080276488,-799.8096216639273,31.510555332122152,31.495389080102438,1.0,True,True,False,False,101
coarse,400.0,800.0,91.3,418.149866858225,-799.7940874581586,31.52245421148519,31.506802006488297,1.0,True,True,False,False,101
coarse,400.0,800.0,91.35,418.847811866888,-799.7779441744004,31.534374014160623,31.51823546887967,1.0,True,True,False,False,101
coarse,400.0,800.0,91.4,419.5457425221225,-799.7611918249465,31.546314764557106,31.529689489967694,1.0,True,True,False,False,101
coarse,400.0,800.0,91.45,420.2436582924237,-799.7438304225545,31.55827648716801,31.54116409252477,1.0,True,True,False,False,101
coarse,400.0,800.0,91.5,420.9415586462984,-799.7258599804458,31.570259206570565,31.55265929940474,1.0,True,True,False,False,101
coarse,400.0,800.0,91.55,421.63944305226545,-799.7072805123058,31.58226294742631,31.56417513354301,1.0,True,True,False,False,101
coarse,400.0,800.0,91.6,422.3373109788551,-799.6880920322835,31.594287734481913,31.575711617956742,1.0,True,True,False,False,101
coarse,400.0,800.0,91.65,423.0351618946109,-799.6682945549917,31.606333592568276,31.587268775744896,1.0,True,True,False,False,101
coarse,400.0,800.0,91.7,423.7329952680887,-799.6478880955073,31.618400546600963,31.598846630088467,1.0,True,True,False,False,101
coarse,400.0,800.0,91.75,424.43081056785815,-799.6268726693703,31.630488621581037,31.61044520425053,1.0,True,True,False,False,101
coarse,400.0,800.0,91.8,425.1286072625026,-799.6052482925853,31.642597842595034,31.62206452157657,1.0,True,True,False,False,101
coarse,400.0,800.0,91.85,425.8263848206195,-799.5830149816198,31.654728234813717,31.633704605494355,1.0,True,True,False,False,101
coarse,400.0,800.0,91.9,426.5241427108211,-799.5601727534057,31.6668798234941,31.645365479514325,1.0,True,True,False,False,101
coarse,400.0,800.0,91.95,427.221880401734,-799.5367216253383,31.67905263397912,31.657047167229596,1.0,True,True,False,False,101
coarse,400.0,800.0,92.0,427.9195973620008,-799.5126616152766,31.691246691696925,31.668749692316197,1.0,True,True,False,False,101
coarse,400.0,800.0,92.05,428.6172930602796,-799.4879927415434,31.703462022162196,31.680473078533087,1.0,True,True,False,False,101
coarse,400.0,800.0,92.1,429.31496696524493,-799.462715022925,31.715698650975437,31.692217349722497,1.0,True,True,False,False,101
coarse,400.0,800.0,92.15,430.0126185455878,-799.4368284786717,31.727956603823742,31.703982529809917,1.0,True,True,False,False,101
coarse,400.0,800.0,92.2,430.71024727001594,-799.410333128497,31.74023590648032,31.715768642804303,1.0,True,True,False,False,101
coarse,400.0,800.0,92.25,431.4078526072548,-799.3832289925783,31.752536584805654,31.72757571279821,1.0,True,True,False,False,101
coarse,400.0,800.0,92.3,432.1054340260477,-799.3555160915568,31.764858664746484,31.73940376396803,1.0,True,True,False,False,101
coarse,400.0,800.0,92.35,432.80299099515594,-799.3271944465369,31.77720217233683,31.75125282057403,1.0,True,True,False,False,101
coarse,400.0,800.0,92.4,433.5005229833597,-799.2982640790867,31.789567133698007,31.763122906960543,1.0,True,True,False,False,101
coarse,400.0,800.0,92.45,434.19802945945776,-799.2687250112381,31.801953575038276,31.77501404755616,1.0,True,True,False,False,101
coarse,400.0,800.0,92.5,434.8955098922687,-799.2385772654862,31.814361522653886,31.786926266873852,1.0,True,True,False,False,101
coarse,400.0,800.0,92.55,435.5929637506309,-799.20782086479,31.82679100292853,31.79885958951112,1.0,True,True,False,False,101
coarse,400.0,800.0,92.6,436.2903905034028,-799.1764558325718,31.839242042333847,31.810814040150202,1.0,True,True,False,False,101
coarse,400.0,800.0,92.65,436.98778961946414,-799.1444821927173,31.85171466742929,31.822789643558142,1.0,True,True,False,False,101
coarse,400.0,800.0,92.7,437.6851605677142,-799.111899969576,31.864208904863105,31.834786424587058,1.0,True,True,False,False,101
coarse,400.0,800.0,92.75,438.3825028170752,-799.0787091879605,31.876724781371383,31.846804408174165,1.0,True,True,False,False,101
coarse,400.0,800.0,92.8,439.07981583649064,-799.0449098731473,31.889262323779032,31.858843619342128,1.0,True,True,False,False,101
coarse,400.0,800.0,92.85,439.77709909492626,-799.0105020508757,31.901821558999693,31.870904083199008,1.0,True,True,False,False,101
coarse,400.0,800.0,92.9,440.4743520613707,-798.9754857473489,31.91440251403596,31.882985824938594,1.0,True,True,False,False,101
coarse,400.0,800.0,92.95,441.1715742048353,-798.9398609892336,31.927005215979307,31.895088869840457,1.0,True,True,False,False,101
coarse,400.0,800.0,93.0,441.86876499435505,-798.9036278036591,31.939629692010982,31.907213243270196,1.0,True,True,True,True,101
refined,400.0,800.0,90.9,412.5658538494566,-799.9013059853285,31.474604838096926,31.418488297414456,-1.0,True,True,False,False,201
refined,400.0,800.0,90.91,412.7054627721632,-799.899100646916,31.472278096939828,31.420422575685322,-1.0,True,True,False,False,201
refined,400.0,800.0,90.92,412.8450713078396,-799.8968709421837,31.469952167622377,31.422379911836305,-1.0,True,True,False,False,201
refined,400.0,800.0,90.93,412.9846794522326,-799.8946168711993,31.467627049954455,31.42436031192281,-1.0,True,True,False,False,201
refined,400.0,800.0,90.94,413.12428720108966,-799.8923384340316,31.465302743746363,31.426363782000386,-1.0,True,True,False,False,201
refined,400.0,800.0,90.95,413.26389455015806,-799.8900356307499,31.462979248808413,31.42839032812469,-1.0,True,True,False,False,201
refined,400.0,800.0,90.96,413.4035014951849,-799.8877084614243,31.460656564951016,31.430439956351492,-1.0,True,True,False,False,201
refined,400.0,800.0,90.97,413.54310803191817,-799.885356926126,31.458334691984764,31.432512672736717,-1.0,True,True,False,False,201
refined,400.0,800.0,90.98,413.68271415610457,-799.8829810249262,31.4560136297204,31.43460848333637,-1.0,True,True,False,False,201
refined,400.0,800.0,90.99,413.82231986349166,-799.8805807578974,31.453693377968676,31.436727394206574,-1.0,True,True,False,False,201
refined,400.0,800.0,91.0,413.96192514982675,-799.878156125113,31.451373936540612,31.43886941140362,1.0,True,True,False,False,201
refined,400.0,800.0,91.01,414.10153001085735,-799.8757071266466,31.453731198688498,31.441034540983875,1.0,True,True,False,False,201
refined,400.0,800.0,91.02,414.2411344423308,-799.8732337625728,31.45608929217179,31.44322278900384,1.0,True,True,False,False,201
refined,400.0,800.0,91.03,414.38073843999445,-799.8707360329671,31.45844821718159,31.445434161520133,1.0,True,True,False,False,201
refined,400.0,800.0,91.04,414.5203419995959,-799.8682139379054,31.46080797390906,31.447668664589518,1.0,True,True,False,False,201
refined,400.0,800.0,91.05,414.65994511688217,-799.8656674774646,31.463168562545782,31.44992630426884,1.0,True,True,False,False,201
refined,400.0,800.0,91.06,414.7995477876013,-799.8630966517223,31.465529983282874,31.452190869830435,1.0,True,True,False,False,201
refined,400.0,800.0,91.07,414.9391500075,-799.8605014607568,31.46789223631261,31.454456252517993,1.0,True,True,False,False,201
refined,400.0,800.0,91.08,415.0787517723264,-799.8578819046472,31.470255321826237,31.45672245250968,1.0,True,True,False,False,201
refined,400.0,800.0,91.09,415.218353077828,-799.8552379834732,31.472619240015977,31.458989469983795,1.0,True,True,False,False,201
refined,400.0,800.0,91.1,415.3579539197516,-799.8525696973154,31.474983991073817,31.46125730511874,1.0,True,True,False,False,201
coarse,400.0,1000.0,88.0,365.1005032974989,-999.3908270190958,38.617924317252594,38.09232893883585,-1.0,True,True,True,True,101
coarse,400.0,1000.0,88.05,365.9726494978324,-999.4209020316729,38.60411801832043,38.079979577211496,-1.0,True,True,True,True,101
coarse,400.0,1000.0,88.1,366.8448216114735,-999.450215941757,38.59033879820255,38.06765642420129,-1.0,True,True,True,True,101
coarse,400.0,1000.0,88.15,367.71701897422565,-999.4787687270248,38.57658662646638,38.05535945544558,-1.0,True,True,True,True,101
coarse,400.0,1000.0,88.2,368.5892409218718,-999.5065603657316,38.56286147279001,38.0430886466901,-1.0,True,True,True,True,101
coarse,400.0,1000.0,88.25,369.4614867901774,-999.5335908367128,38.54916330696233,38.03084397378582,-1.0,True,True,True,True,101
coarse,400.0,1000.0,88.3,370.33375591488925,-999.559860119384,38.5354920988823,38.018625412688806,-1.0,True,True,True,True,101
coarse,400.0,1000.0,88.35,371.2060476317365,-999.5853681937397,38.521847818558996,38.00643293946003,-1.0,True,True,True,True,101
coarse,400.0,1000.0,88.4,372.0783612764312,-999.6101150403543,38.508230436111276,37.9942665302653,-1.0,True,True,True,True,101
coarse,400.0,1000.0,88.45,372.9506961846683,-999.6341006403823,38.49463992176799,37.98212616137503,-1.0,True,True,True,True,101
coarse,400.0,1000.0,88.5,373.82305169212685,-999.6573249755572,38.481076245867065,37.970011809164085,-1.0,True,True,True,True,101
coarse,400.0,1000.0,88.55,374.6954271344703,-999.6797880281931,38.46753937885571,37.95792345011175,-1.0,True,True,True,True,101
coarse,400.0,1000.0,88.6,375.56782184734675,-999.7014897811831,38.45402929129033,37.945861060801434,-1.0,True,True,True,True,101
coarse,400.0,1000.0,88.65,376.4402351663899,-999.7224302180006,38.44054595383622,37.933824617920614,-1.0,True,True,True,True,101
coarse,400.0,1000.0,88.7,377.3126664272187,-999.7426093226983,38.427089337267084,37.921814098260704,-1.0,True,True,True,True,101
coarse,400.0,1000.0,88.75,378.18511496543886,-999.7620270799091,38.413659412465,37.90982947871686,-1.0,True,True,True,True,101
coarse,400.0,1000.0,88.8,379.05758011664295,-999.7806834748455,38.400256150420624,37.89787073628783,-1.0,True,True,True,True,101
coarse,400.0,1000.0,88.85,379.9300612164108,-999.7985784932998,38.386879522232555,37.88593784807587,-1.0,True,True,True,True,101
coarse,400.0,1000.0,88.9,380.80255760031037,-999.8157121216442,38.37352949910665,37.874030791286565,-1.0,True,True,True,True,101
coarse,400.0,1000.0,88.95,381.67506860389716,-999.8320843468308,38.3602060523573,37.86214954322873,-1.0,True,True,True,True,101
coarse,400.0,1000.0,89.0,382.54759356271643,-999.8476951563913,38.34690915340578,37.8502940813142,-1.0,True,True,True,True,101
coarse,400.0,1000.0,89.05,383.4201318123023,-999.8625445384374,38.333638773780514,37.838464383057755,-1.0,True,True,False,False,101
coarse,400.0,1000.0,89.1,384.2926826881791,-999.8766324816606,38.320394885117516,37.827019807595285,-1.0,True,True,False,False,101
coarse,400.0,1000.0,89.15,385.16524552586156,-999.8899589753325,38.30717745915925,37.816129973794,-1.0,True,True,False,False,101
coarse,400.0,1000.0,89.2,386.03781966085467,-999.9025240093042,38.29398646775472,37.80582058806,-1.0,True,True,False,False,101
coarse,400.0,1000.0,89.25,386.9104044286554,-999.914327574007,38.28082188285972,37.796067241731585,-1.0,True,True,False,False,101
coarse,400.0,1000.0,89.3,387.7829991647529,-999.925369660452,38.26768367653637,37.78689725302718,-1.0,True,True,False,False,101
coarse,400.0,1000.0,89.35,388.65560320462765,-999.93565026023,38.2545718209523,37.77828460295577,-1.0,True,True,False,False,101
coarse,400.0,1000.0,89.4,389.52821588375434,-999.9451693655121,38.241486288381665,37.770258218296476,-1.0,True,True,False,False,101
coarse,400.0,1000.0,89.45,390.40083653759996,-999.9539269690489,38.22842705120399,37.762790472997295,-1.0,True,True,False,False,101
coarse,400.0,1000.0,89.5,391.2734645016261,-999.9619230641713,38.215394081904755,37.755911899129295,-1.0,True,True,False,False,101
coarse,400.0,1000.0,89.55,392.14609911128866,-999.9691576447897,38.202387353074116,37.74959326686481,-1.0,True,True,False,False,101
coarse,400.0,1000.0,89.6,393.0187397020384,-999.9756307053948,38.189406837408164,37.74386671028106,-1.0,True,True,False,False,101
coarse,400.0,1000.0,89.65,393.89138560932173,-999.9813422410571,38.17645250770728,37.738701399077,-1.0,True,True,False,False,101
coarse,400.0,1000.0,89.7,394.76403616858045,-999.9862922474267,38.163524336877074,37.734131066033385,-1.0,True,True,False,False,101
coarse,400.0,1000.0,89.75,395.6366907152534,-999.9904807207345,38.15062229792742,37.730123283694944,-1.0,True,True,False,False,101
coarse,400.0,1000.0,89.8,396.5093485847762,-999.9939076577904,38.13774636397305,37.72671338022628,-1.0,True,True,False,False,101
coarse,400.0,1000.0,89.85,397.3820091125819,-999.9965730559848,38.124896508232794,37.723867334354026,-1.0,True,True,False,False,101
coarse,400.0,1000.0,89.9,398.2546716341017,-999.9984769132877,38.11207270402931,37.72162206629008,-1.0,True,True,False,False,101
coarse,400.0,1000.0,89.95,399.12733548476484,-999.9996192282495,38.099274924789476,37.71994196429588,-1.0,True,True,False,False,101
coarse,400.0,1000.0,90.0,399.99999999999994,-1000.0,38.086503144043704,37.71886553727731,-1.0,True,True,False,False,101
coarse,400.0,1000.0,90.05,400.87266451523504,-999.9996192282495,38.07375733542622,37.71835558640029,-1.0,True,True,False,False,101
coarse,400.0,1000.0,90.1,401.74532836589816,-999.9984769132877,38.06103747267426,37.71845220589452,-1.0,True,True,False,False,101
coarse,400.0,1000.0,90.15,402.617990887418,-999.9965730559848,38.048343529628234,37.71911661321688,-1.0,True,True,False,False,101
coarse,400.0,1000.0,90.2,403.4906514152237,-999.9939076577904,38.03567548023229,37.720390484533986,-1.0,True,True,False,False,101
coarse,400.0,1000.0,90.25,404.36330928474644,-999.9904807207345,38.02303329853266,37.72223345699681,-1.0,True,True,False,False,101
coarse,400.0,1000.0,90.3,405.23596383141944,-999.9862922474267,38.0104169586788,37.72468878530528,-1.0,True,True,False,False,101
coarse,400.0,1000.0,90.35,406.10861439067816,-999.9813422410571,37.997826434922096,37.72771452972422,-1.0,True,True,False,False,101
coarse,400.0,1000.0,90.4,406.98126029796174,-999.9756307053948,37.985261701617205,37.73135552006667,-1.0,True,True,False,False,101
coarse,400.0,1000.0,90.45,407.85390088871145,-999.9691576447897,37.972722733219804,37.73556839521281,-1.0,True,True,False,False,101
coarse,400.0,1000.0,90.5,408.726535498374,-999.9619230641713,37.960209504288386,37.74039910045662,-1.0,True,True,False,False,101
coarse,400.0,1000.0,90.55,409.59916346240016,-999.9539269690489,37.94772198948323,37.745803860877146,-1.0,True,True,False,False,101
coarse,400.0,1000.0,90.6,410.4717841162458,-999.9451693655121,37.93526016356625,37.75182793792504,-1.0,True,True,False,False,101
coarse,400.0,1000.0,90.65,411.3443967953724,-999.93565026023,37.92282400140075,37.758428788579906,-1.0,True,True,False,False,101
coarse,400.0,1000.0,90.7,412.21700083524723,-999.925369660452,37.910413477951316,37.76565044376445,-1.0,True,True,False,False,101
coarse,400.0,1000.0,90.75,413.08959557134443,-999.914327574007,37.898028568284424,37.77345158954321,-1.0,True,True,False,False,101
coarse,400.0,1000.0,90.8,413.9621803391452,-999.9025240093042,37.88566924756662,37.781875029141055,-1.0,True,True,False,False,101
coarse,400.0,1000.0,90.85,414.8347544741383,-999.8899589753325,37.87333549106606,37.790880674878466,-1.0,True,True,False,False,101
coarse,400.0,1000.0,90.9,415.70731731182076,-999.8766324816606,37.86102727415144,37.80051010512582,-1.0,True,True,False,False,101
coarse,400.0,1000.0,90.95,416.57986818769757,-999.8625445384374,37.848744572292055,37.81072445561721,-1.0,True,True,False,False,101
coarse,400.0,1000.0,91.0,417.45240643728346,-999.8476951563913,37.83648736105742,37.82156408272526,1.0,True,True,False,False,101
coarse,400.0,1000.0,91.05,418.3249313961027,-999.8320843468308,37.84890201409495,37.83299134274205,1.0,True,True,False,False,101
coarse,400.0,1000.0,91.1,419.1974423996895,-999.8157121216442,37.861342746100554,37.844850108512325,1.0,True,True,False,False,101
coarse,400.0,1000.0,91.15,420.06993878358907,-999.7985784932998,37.873809581637396,37.8567345736684,1.0,True,True,False,False,101
coarse,400.0,1000.0,91.2,420.94241988335693,-999.7806834748455,37.88630254537316,37.86864476078099,1.0,True,True,False,False,101
coarse,400.0,1000.0,91.25,421.81488503456103,-999.7620270799091,37.89882166208109,37.88058069252284,1.0,True,True,False,False,101
coarse,400.0,1000.0,91.3,422.6873335727812,-999.7426093226983,37.911366956639164,37.892542391669096,1.0,True,True,False,False,101
coarse,400.0,1000.0,91.35,423.55976483360996,-999.7224302180006,37.923938454030996,37.90452988109725,1.0,True,True,False,False,101
coarse,400.0,1000.0,91.4,424.43217815265314,-999.7014897811831,37.93653617934519,37.91654318378739,1.0,True,True,False,False,101
coarse,400.0,1000.0,91.45,425.30457286552956,-999.6797880281931,37.94916015777673,37.928582322822294,1.0,True,True,False,False,101
coarse,400.0,1000.0,91.5,426.17694830787303,-999.6573249755572,37.961810414625816,37.94064732138757,1.0,True,True,False,False,101
coarse,400.0,1000.0,91.55,427.0493038153318,-999.6341006403823,37.974486975298554,37.952738202771855,1.0,True,True,False,False,101
coarse,400.0,1000.0,91.6,427.92163872356883,-999.6101150403543,37.98718986530794,37.96485499036686,1.0,True,True,False,False,101
coarse,400.0,1000.0,91.65,428.7939523682636,-999.5853681937397,37.99991911027253,37.976997707667614,1.0,True,True,False,False,101
coarse,400.0,1000.0,91.7,429.66624408511086,-999.559860119384,38.01267473591716,37.989166378272536,1.0,True,True,False,False,101
coarse,400.0,1000.0,91.75,430.53851320982267,-999.5335908367128,38.02545676807426,38.001361025883604,1.0,True,True,False,False,101
coarse,400.0,1000.0,91.8,431.4107590781283,-999.5065603657316,38.03826523268235,38.013581674306565,1.0,True,True,False,False,101
coarse,400.0,1000.0,91.85,432.2829810257744,-999.4787687270248,38.05110015578658,38.02582834745095,1.0,True,True,False,False,101
coarse,400.0,1000.0,91.9,433.1551783885264,-999.4502159417572,38.063961563539955,38.038101069330345,1.0,True,True,False,False,101
coarse,400.0,1000.0,91.95,434.0273505021675,-999.4209020316729,38.076849482202455,38.050399864062456,1.0,True,True,False,False,101
coarse,400.0,1000.0,92.0,434.899496702501,-999.3908270190958,38.089763938141516,38.06272475586939,1.0,True,True,False,False,101
coarse,400.0,1000.0,92.05,435.77161632534956,-999.3599909269292,38.10270495783236,38.075075769077586,1.0,True,True,False,False,101
coarse,400.0,1000.0,92.1,436.64370870655614,-999.3283937786563,38.11567256785797,38.087452928118246,1.0,True,True,False,False,101
coarse,400.0,1000.0,92.15,437.5157731819848,-999.2960355983396,38.12866679490915,38.099856257527215,1.0,True,True,False,False,101
coarse,400.0,1000.0,92.2,438.38780908751994,-999.2629164106212,38.14168766578512,38.112285781945346,1.0,True,True,False,False,101
coarse,400.0,1000.0,92.25,439.25981575906854,-999.2290362407228,38.154735207393244,38.12474152611852,1.0,True,True,False,False,101
coarse,400.0,1000.0,92.3,440.13179253255964,-999.1943951144459,38.167809446749615,38.137223514897904,1.0,True,True,False,False,101
coarse,400.0,1000.0,92.35,441.0037387439449,-999.1589930581711,38.18091041097872,38.14973177324005,1.0,True,True,False,False,101
coarse,400.0,1000.0,92.4,441.8756537291996,-999.1228300988583,38.19403812731435,38.16226632620706,1.0,True,True,False,False,101
coarse,400.0,1000.0,92.45,442.7475368243222,-999.0859062640476,38.20719262309882,38.17482719896676,1.0,True,True,False,False,101
coarse,400.0,1000.0,92.5,443.6193873653359,-999.0482215818578,38.220373925784216,38.187414416792876,1.0,True,True,False,False,101
coarse,400.0,1000.0,92.55,444.49120468828863,-999.0097760809875,38.23358206293202,38.200028005065136,1.0,True,True,False,False,101
coarse,400.0,1000.0,92.6,445.36298812925355,-998.9705697907148,38.24681706221281,38.21266798926949,1.0,True,True,False,False,101
coarse,400.0,1000.0,92.65,446.2347370243301,-998.9306027408966,38.26007895140718,38.225334394998285,1.0,True,True,False,False,101
coarse,400.0,1000.0,92.7,447.1064507096428,-998.88987496197,38.273367758406145,38.23802724795039,1.0,True,True,False,False,101
coarse,400.0,1000.0,92.75,447.978128521344,-998.8483864849507,38.2866835112106,38.25074657393136,1.0,True,True,False,False,101
coarse,400.0,1000.0,92.8,448.84976979561327,-998.8061373414341,38.30002623793178,38.26349239885365,1.0,True,True,False,False,101
coarse,400.0,1000.0,92.85,449.7213738686578,-998.7631275635946,38.31339596679121,38.27626474873673,1.0,True,True,False,False,101
coarse,400.0,1000.0,92.9,450.59294007671343,-998.7193571841862,38.326792726121795,38.28906364970732,1.0,True,True,False,False,101
coarse,400.0,1000.0,92.95,451.4644677560441,-998.6748262365419,38.34021654436657,38.30188912799947,1.0,True,True,False,False,101
coarse,400.0,1000.0,93.0,452.33595624294384,-998.6295347545738,38.353667450080465,38.3147412099548,1.0,True,True,True,True,101
refined,400.0,1000.0,90.9,415.70731731182076,-999.8766324816606,37.86102727415144,37.800320511879704,-1.0,True,True,False,False,201
refined,400.0,1000.0,90.91,415.88182846520397,-999.873875808645,37.858568693358265,37.80232684059503,-1.0,True,True,False,False,201
refined,400.0,1000.0,90.92,416.0563391347995,-999.8710886777296,37.85611113297144,37.80435748199211,-1.0,True,True,False,False,201
refined,400.0,1000.0,90.93,416.23084931529075,-999.8682710889991,37.853654592795,37.806412444523794,-1.0,True,True,False,False,201
refined,400.0,1000.0,90.94,416.40535900136206,-999.8654230425394,37.851199072633605,37.80849173664287,-1.0,True,True,False,False,201
refined,400.0,1000.0,90.95,416.57986818769757,-999.8625445384374,37.848744572292055,37.8105953668022,-1.0,True,True,False,False,201
refined,400.0,1000.0,90.96,416.7543768689811,-999.8596355767804,37.84629109157502,37.81272334345455,-1.0,True,True,False,False,201
refined,400.0,1000.0,90.97,416.9288850398977,-999.8566961576573,37.843838630287806,37.81487567505279,-1.0,True,True,False,False,201
refined,400.0,1000.0,90.98,417.10339269513065,-999.8537262811576,37.84138718823561,37.81705237004967,-1.0,True,True,False,False,201
refined,400.0,1000.0,90.99,417.2778998293645,-999.8507259473718,37.8389367652236,37.81925343689805,-1.0,True,True,False,False,201
refined,400.0,1000.0,91.0,417.45240643728346,-999.8476951563913,37.83648736105742,37.82147888405071,1.0,True,True,False,False,201
refined,400.0,1000.0,91.01,417.6269125135717,-999.8446339083082,37.83896820652294,37.82372871996048,1.0,True,True,False,False,201
refined,400.0,1000.0,91.02,417.8014180529135,-999.841542203216,37.84145009436396,37.826002953080135,1.0,True,True,False,False,201
refined,400.0,1000.0,91.03,417.97592304999307,-999.8384200412088,37.843933024775794,37.82830159186249,1.0,True,True,False,False,201
refined,400.0,1000.0,91.04,418.1504274994949,-999.8352674223817,37.84641699795422,37.83062464476037,1.0,True,True,False,False,201
refined,400.0,1000.0,91.05,418.3249313961027,-999.8320843468308,37.84890201409495,37.83297212022655,1.0,True,True,False,False,201
refined,400.0,1000.0,91.06,418.4994347345016,-999.8288708146529,37.851388073393956,37.83534181705856,1.0,True,True,False,False,201
refined,400.0,1000.0,91.07,418.67393750937504,-999.8256268259461,37.8538751760479,37.837712541143475,1.0,True,True,False,False,201
refined,400.0,1000.0,91.08,418.84843971540806,-999.822352380809,37.85636332225256,37.84008429266084,1.0,True,True,False,False,201
refined,400.0,1000.0,91.09,419.022941347285,-999.8190474793415,37.858852512204514,37.842457071790434,1.0,True,True,False,False,201
refined,400.0,1000.0,91.1,419.1974423996895,-999.8157121216442,37.861342746100554,37.844830878712166,1.0,True,True,False,False,201
coarse,600.0,200.0,88.0,593.0201006594998,-199.87816540381914,22.579303985463998,22.33108864337288,-1.0,True,True,True,True,101
coarse,600.0,200.0,88.05,593.1945298995665,-199.88418040633456,22.572525578029257,22.32468216911276,-1.0,True,True,True,True,101
coarse,600.0,200.0,88.1,593.3689643222947,-199.89004318835143,22.56576356044801,22.318291481413326,-1.0,True,True,True,True,101
coarse,600.0,200.0,88.15,593.5434037948452,-199.89575374540496,22.559017918871863,22.31191656783129,-1.0,True,True,True,True,101
coarse,600.0,200.0,88.2,593.7178481843744,-199.90131207314633,22.552288639519325,22.30555741598664,-1.0,True,True,True,True,101
coarse,600.0,200.0,88.25,593.8922973580355,-199.90671816734258,22.545575708676413,22.299214013562448,-1.0,True,True,True,True,101
coarse,600.0,200.0,88.3,594.0667511829779,-199.9119720238768,22.538879112695867,22.292886348304915,-1.0,True,True,True,True,101
coarse,600.0,200.0,88.35,594.2412095263473,-199.91707363874792,22.532198837997516,22.28657440802322,-1.0,True,True,True,True,101
coarse,600.0,200.0,88.4,594.4156722552863,-199.92202300807088,22.525534871067983,22.280278180589452,-1.0,True,True,True,True,101
coarse,600.0,200.0,88.45,594.5901392369336,-199.92682012807646,22.518887198460963,22.273997653938558,-1.0,True,True,True,True,101
coarse,600.0,200.0,88.5,594.7646103384254,-199.93146499511144,22.51225580679634,22.267732816068218,-1.0,True,True,True,True,101
coarse,600.0,200.0,88.55,594.939085426894,-199.93595760563863,22.505640682760898,22.261483655038838,-1.0,True,True,True,True,101
coarse,600.0,200.0,88.6,595.1135643694694,-199.94029795623663,22.499041813107972,22.255250158973404,-1.0,True,True,True,True,101
coarse,600.0,200.0,88.65,595.288047033278,-199.9444860436001,22.492459184657083,22.249032316057473,-1.0,True,True,True,True,101
coarse,600.0,200.0,88.7,595.4625332854438,-199.94852186453966,22.485892784294155,22.24283011453901,-1.0,True,True,True,True,101
coarse,600.0,200.0,88.75,595.6370229930877,-199.95240541598181,22.479342598971602,22.23664354272845,-1.0,True,True,True,True,101
coarse,600.0,200.0,88.8,595.8115160233286,-199.9561366949691,22.472808615707574,22.230472588998463,-1.0,True,True,True,True,101
coarse,600.0,200.0,88.85,595.9860122432822,-199.95971569865995,22.466290821586703,22.22431724178404,-1.0,True,True,True,True,101
coarse,600.0,200.0,88.9,596.1605115200621,-199.96314242432885,22.459789203759208,22.21817748958227,-1.0,True,True,True,True,101
coarse,600.0,200.0,88.95,596.3350137207794,-199.96641686936616,22.45330374944147,22.212053320952407,-1.0,True,True,True,True,101
coarse,600.0,200.0,89.0,596.5095187125432,-199.96953903127826,22.44683444591564,22.205944724515714,-1.0,True,True,True,True,101
coarse,600.0,200.0,89.05,596.6840263624605,-199.97250890768748,22.44038128052966,22.199851688955395,-1.0,True,True,False,False,101
coarse,600.0,200.0,89.1,596.8585365376358,-199.97532649633212,22.433944240696913,22.19392600192934,-1.0,True,True,False,False,101
coarse,600.0,200.0,89.15,597.0330491051723,-199.9779917950665,22.427523313896504,22.18830856731795,-1.0,True,True,False,False,101
coarse,600.0,200.0,89.2,597.207563932171,-199.98050480186086,22.42111848767315,22.182986079642504,-1.0,True,True,False,False,101
coarse,600.0,200.0,89.25,597.382080885731,-199.9828655148014,22.4147297496367,22.17797191970247,-1.0,True,True,False,False,101
coarse,600.0,200.0,89.3,597.5565998329506,-199.9850739320904,22.408357087462477,22.173252662412253,-1.0,True,True,False,False,101
coarse,600.0,200.0,89.35,597.7311206409255,-199.987130052046,22.402000488891098,22.16884180835344,-1.0,True,True,False,False,101
coarse,600.0,200.0,89.4,597.9056431767509,-199.98903387310241,22.395659941728265,22.164725812192597,-1.0,True,True,False,False,101
coarse,600.0,200.0,89.45,598.08016730752,-199.9907853938098,22.389335433844895,22.16091829493342,-1.0,True,True,False,False,101
coarse,600.0,200.0,89.5,598.2546929003253,-199.99238461283426,22.383026953176724,22.157405590353555,-1.0,True,True,False,False,101
coarse,600.0,200.0,89.55,598.4292198222578,-199.99383152895794,22.376734487724477,22.15420144051894,-1.0,True,True,False,False,101
coarse,600.0,200.0,89.6,598.6037479404076,-199.99512614107894,22.37045802555407,22.15129205767714,-1.0,True,True,False,False,101
coarse,600.0,200.0,89.65,598.7782771218643,-199.99626844821142,22.364197554795727,22.14869130559649,-1.0,True,True,False,False,101
coarse,600.0,200.0,89.7,598.952807233716,-199.99725844948534,22.357953063644718,22.1463852743533,-1.0,True,True,False,False,101
coarse,600.0,200.0,89.75,599.1273381430507,-199.9980961441469,22.351724540360753,22.144387950058512,-1.0,True,True,False,False,101
coarse,600.0,200.0,89.8,599.3018697169553,-199.99878153155808,22.345511973268227,22.142685299975945,-1.0,True,True,False,False,101
coarse,600.0,200.0,89.85,599.4764018225163,-199.99931461119695,22.339315350756134,22.141291433199378,-1.0,True,True,False,False,101
coarse,600.0,200.0,89.9,599.6509343268203,-199.99969538265753,22.333134661277644,22.140192193538855,-1.0,True,True,False,False,101
coarse,600.0,200.0,89.95,599.8254670969529,-199.99992384564987,22.32696989335046,22.13940181371134,-1.0,True,True,False,False,101
coarse,600.0,200.0,90.0,600.0,-200.0,22.320821035556328,22.138906013431743,-1.0,True,True,False,False,101
coarse,600.0,200.0,90.05,600.174532903047,-199.99992384564987,22.314688076541568,22.13871914968055,-1.0,True,True,False,False,101
coarse,600.0,200.0,90.1,600.3490656731797,-199.99969538265753,22.308571005016493,22.138826817436183,-1.0,True,True,False,False,101
coarse,600.0,200.0,90.15,600.5235981774836,-199.99931461119695,22.302469809755387,22.13924349858304,-1.0,True,True,False,False,101
coarse,600.0,200.0,90.2,600.6981302830447,-199.99878153155808,22.296384479596476,22.139954662721607,-1.0,True,True,False,False,101
coarse,600.0,200.0,90.25,600.8726618569493,-199.9980961441469,22.290315003442192,22.140974917280683,-1.0,True,True,False,False,101
coarse,600.0,200.0,90.3,601.0471927662838,-199.99725844948534,22.284261370258733,22.142289605841324,-1.0,True,True,False,False,101
coarse,600.0,200.0,90.35,601.2217228781357,-199.99626844821142,22.278223569075852,22.143913462017228,-1.0,True,True,False,False,101
coarse,600.0,200.0,90.4,601.3962520595924,-199.99512614107894,22.272201588987528,22.14583170272849,-1.0,True,True,False,False,101
coarse,600.0,200.0,90.45,601.5707801777423,-199.99383152895794,22.266195419151035,22.148059188414262,-1.0,True,True,False,False,101
coarse,600.0,200.0,90.5,601.7453070996748,-199.99238461283426,22.26020504878719,22.150581008692097,-1.0,True,True,False,False,101
coarse,600.0,200.0,90.55,601.91983269248,-199.9907853938098,22.25423046718076,22.15341215146723,-1.0,True,True,False,False,101
coarse,600.0,200.0,90.6,602.0943568232492,-199.98903387310241,22.248271663679567,22.156537578413023,-1.0,True,True,False,False,101
coarse,600.0,200.0,90.65,602.2688793590745,-199.987130052046,22.242328627695226,22.159972405541435,-1.0,True,True,False,False,101
coarse,600.0,200.0,90.7,602.4434001670495,-199.9850739320904,22.236401348702287,22.163701465939983,-1.0,True,True,False,False,101
coarse,600.0,200.0,90.75,602.617919114269,-199.9828655148014,22.230489816239,22.167740004368046,-1.0,True,True,False,False,101
coarse,600.0,200.0,90.8,602.792436067829,-199.98050480186086,22.224594019906583,22.17207272468557,-1.0,True,True,False,False,101
coarse,600.0,200.0,90.85,602.9669508948276,-199.9779917950665,22.218713949369548,22.176715001040083,-1.0,True,True,False,False,101
coarse,600.0,200.0,90.9,603.1414634623642,-199.97532649633212,22.212849594355504,22.181651407422237,-1.0,True,True,False,False,101
coarse,600.0,200.0,90.95,603.3159736375395,-199.97250890768748,22.207000944655082,22.186897448008494,-1.0,True,True,False,False,101
coarse,600.0,200.0,91.0,603.4904812874566,-199.96953903127826,22.201167990121967,22.192437566278368,1.0,True,True,False,False,101
coarse,600.0,200.0,91.05,603.6649862792206,-199.96641686936616,22.207603558180644,22.1982873970781,1.0,True,True,False,False,101
coarse,600.0,200.0,91.1,603.8394884799379,-199.96314242432885,22.2140548602227,22.204378279055668,1.0,True,True,False,False,101
coarse,600.0,200.0,91.15,604.0139877567178,-199.95971569865995,22.220521908795686,22.21050402063352,1.0,True,True,False,False,101
coarse,600.0,200.0,91.2,604.1884839766714,-199.9561366949691,22.227004716510358,22.216645308622937,1.0,True,True,False,False,101
coarse,600.0,200.0,91.25,604.3629770069122,-199.95240541598181,22.23350329604021,22.22280215444771,1.0,True,True,False,False,101
coarse,600.0,200.0,91.3,604.5374667145562,-199.94852186453966,22.24001766012221,22.228974569593333,1.0,True,True,False,False,101
coarse,600.0,200.0,91.35,604.711952966722,-199.9444860436001,22.246547821556664,22.23516256560709,1.0,True,True,False,False,101
coarse,600.0,200.0,91.4,604.8864356305306,-199.94029795623663,22.25309379320704,22.24136615409811,1.0,True,True,False,False,101
coarse,600.0,200.0,91.45,605.060914573106,-199.93595760563863,22.259655588000392,22.247585346737413,1.0,True,True,False,False,101
coarse,600.0,200.0,91.5,605.2353896615746,-199.93146499511144,22.266233218927297,22.25382015525805,1.0,True,True,False,False,101
coarse,600.0,200.0,91.55,605.4098607630664,-199.92682012807646,22.27282669904179,22.26007059145512,1.0,True,True,False,False,101
coarse,600.0,200.0,91.6,605.5843277447137,-199.92202300807088,22.279436041462045,22.26633666718585,1.0,True,True,False,False,101
coarse,600.0,200.0,91.65,605.7587904736528,-199.91707363874792,22.28606125936961,22.272618394369704,1.0,True,True,False,False,101
coarse,600.0,200.0,91.7,605.9332488170222,-199.9119720238768,22.29270236600992,22.2789157849884,1.0,True,True,False,False,101
coarse,600.0,200.0,91.75,606.1077026419646,-199.90671816734258,22.29935937469265,22.285228851086046,1.0,True,True,False,False,101
coarse,600.0,200.0,91.8,606.2821518156256,-199.90131207314633,22.30603229879134,22.291557604769167,1.0,True,True,False,False,101
coarse,600.0,200.0,91.85,606.4565962051549,-199.89575374540496,22.312721151743762,22.297902058206827,1.0,True,True,False,False,101
coarse,600.0,200.0,91.9,606.6310356777053,-199.89004318835143,22.31942594705184,22.30426222363067,1.0,True,True,False,False,101
coarse,600.0,200.0,91.95,606.8054701004335,-199.88418040633456,22.326146698281885,22.310638113335006,1.0,True,True,False,False,101
coarse,600.0,200.0,92.0,606.9798993405002,-199.87816540381914,22.332883419064608,22.3170297396769,1.0,True,True,False,False,101
coarse,600.0,200.0,92.05,607.1543232650699,-199.87199818538585,22.339636123095264,22.323437115076235,1.0,True,True,False,False,101
coarse,600.0,200.0,92.1,607.3287417413112,-199.86567875573124,22.34640482413354,22.32986025201581,1.0,True,True,False,False,101
coarse,600.0,200.0,92.15,607.503154636397,-199.85920711966793,22.35318953600398,22.336299163041414,1.0,True,True,False,False,101
coarse,600.0,200.0,92.2,607.6775618175039,-199.85258328212424,22.359990272595976,22.342753860761896,1.0,True,True,False,False,101
coarse,600.0,200.0,92.25,607.8519631518137,-199.84580724814458,22.366807047863432,22.349224357849256,1.0,True,True,False,False,101
coarse,600.0,200.0,92.3,608.0263585065119,-199.8388790228892,22.373639875825802,22.355710667038732,1.0,True,True,False,False,101
coarse,600.0,200.0,92.35,608.200747748789,-199.8317986116342,22.380488770567048,22.36221280112886,1.0,True,True,False,False,101
coarse,600.0,200.0,92.4,608.3751307458399,-199.82456601977168,22.38735374623652,22.368730772981603,1.0,True,True,False,False,101
coarse,600.0,200.0,92.45,608.5495073648644,-199.81718125280952,22.39423481704893,22.375264595522356,1.0,True,True,False,False,101
coarse,600.0,200.0,92.5,608.7238774730672,-199.80964431637156,22.40113199728412,22.38181428174015,1.0,True,True,False,False,101
coarse,600.0,200.0,92.55,608.8982409376578,-199.8019552161975,22.40804530128753,22.388379844687588,1.0,True,True,False,False,101
coarse,600.0,200.0,92.6,609.0725976258507,-199.79411395814296,22.41497474347033,22.394961297481064,1.0,True,True,False,False,101
coarse,600.0,200.0,92.65,609.246947404866,-199.78612054817933,22.421920338308837,22.401558653300782,1.0,True,True,False,False,101
coarse,600.0,200.0,92.7,609.4212901419286,-199.777974992394,22.42888210034554,22.408171925390857,1.0,True,True,False,False,101
coarse,600.0,200.0,92.75,609.5956257042689,-199.76967729699012,22.43586004418869,22.414801127059377,1.0,True,True,False,False,101
coarse,600.0,200.0,92.8,609.7699539591226,-199.76122746828682,22.442854184512324,22.421446271678544,1.0,True,True,False,False,101
coarse,600.0,200.0,92.85,609.9442747737315,-199.75262551271894,22.449864536056744,22.42810737268473,1.0,True,True,False,False,101
coarse,600.0,200.0,92.9,610.1185880153427,-199.74387143683722,22.456891113628192,22.43478444357856,1.0,True,True,False,False,101
coarse,600.0,200.0,92.95,610.2928935512089,-199.7349652473084,22.46393393209933,22.441477497925025,1.0,True,True,False,False,101
coarse,600.0,200.0,93.0,610.4671912485887,-199.72590695091478,22.470993006409156,22.448186549353526,1.0,True,True,True,True,101
refined,600.0,200.0,90.9,603.1414634623642,-199.97532649633212,22.212849594355504,22.18155605453783,-1.0,True,True,False,False,201
refined,600.0,200.0,90.91,603.1763656930408,-199.974775161729,22.211678608315957,22.182585160604287,-1.0,True,True,False,False,201
refined,600.0,200.0,90.92,603.2112678269599,-199.97421773554592,22.21050825040735,22.183626398433752,-1.0,True,True,False,False,201
refined,600.0,200.0,90.93,603.2461698630582,-199.97365421779983,22.209338520548325,22.18467976807813,-1.0,True,True,False,False,201
refined,600.0,200.0,90.94,603.2810718002725,-199.9730846085079,22.208169418658045,22.185745269589297,-1.0,True,True,False,False,201
refined,600.0,200.0,90.95,603.3159736375395,-199.97250890768748,22.207000944655082,22.186822903019028,-1.0,True,True,False,False,201
refined,600.0,200.0,90.96,603.3508753737963,-199.97192711535607,22.205833098458644,22.187912668419052,-1.0,True,True,False,False,201
refined,600.0,200.0,90.97,603.3857770079795,-199.9713392315315,22.20466587998783,22.189014565841035,-1.0,True,True,False,False,201
refined,600.0,200.0,90.98,603.4206785390261,-199.97074525623154,22.20349928916189,22.19012859533656,-1.0,True,True,False,False,201
refined,600.0,200.0,90.99,603.4555799658729,-199.97014518947435,22.20233332590011,22.19125475695715,-1.0,True,True,False,False,201
refined,600.0,200.0,91.0,603.4904812874566,-199.96953903127826,22.201167990121967,22.192393050754283,1.0,True,True,False,False,201
refined,600.0,200.0,91.01,603.5253825027144,-199.96892678166165,22.202453845615153,22.19354347677934,1.0,True,True,False,False,201
refined,600.0,200.0,91.02,603.5602836105827,-199.9683084406432,22.203740330067816,22.194706035083655,1.0,True,True,False,False,201
refined,600.0,200.0,91.03,603.5951846099986,-199.96768400824178,22.205027443579645,22.19588072571849,1.0,True,True,False,False,201
refined,600.0,200.0,91.04,603.630085499899,-199.96705348447634,22.206315186250567,22.197067548735046,1.0,True,True,False,False,201
refined,600.0,200.0,91.05,603.6649862792206,-199.96641686936616,22.207603558180644,22.198266504184442,1.0,True,True,False,False,201
refined,600.0,200.0,91.06,603.6998869469003,-199.9657741629306,22.20889255946972,22.199477592117756,1.0,True,True,False,False,201
refined,600.0,200.0,91.07,603.734787501875,-199.9651253651892,22.210182190218138,22.200699011435802,1.0,True,True,False,False,201
refined,600.0,200.0,91.08,603.7696879430816,-199.9644704761618,22.211472450526223,22.2019210518824,1.0,True,True,False,False,201
refined,600.0,200.0,91.09,603.804588269457,-199.9638094958683,22.21276334049427,22.203143713547966,1.0,True,True,False,False,201
refined,600.0,200.0,91.1,603.8394884799379,-199.96314242432885,22.2140548602227,22.204366996523014,1.0,True,True,False,False,201
coarse,600.0,400.0,88.0,586.0402013189996,-399.7563308076383,26.03112330242431,25.602216415933054,-1.0,True,True,True,True,101
coarse,600.0,400.0,88.05,586.389059799133,-399.76836081266913,26.019845793593362,25.59144301460805,-1.0,True,True,True,True,101
coarse,600.0,400.0,88.1,586.7379286445894,-399.78008637670285,26.00858528433716,25.58068559446784,-1.0,True,True,True,True,101
coarse,600.0,400.0,88.15,587.0868075896902,-399.7915074908099,25.99734175002953,25.569944132703757,-1.0,True,True,True,True,101
coarse,600.0,400.0,88.2,587.4356963687487,-399.80262414629266,25.98611516611365,25.559218606569583,-1.0,True,True,True,True,101
coarse,600.0,400.0,88.25,587.784594716071,-399.81343633468515,25.974905508102047,25.548508993381365,-1.0,True,True,True,True,101
coarse,600.0,400.0,88.3,588.1335023659557,-399.8239440477536,25.963712751576004,25.537815270517328,-1.0,True,True,True,True,101
coarse,600.0,400.0,88.35,588.4824190526946,-399.83414727749584,25.952536872185718,25.52713741541769,-1.0,True,True,True,True,101
coarse,600.0,400.0,88.4,588.8313445105725,-399.84404601614176,25.941377845650674,25.516475405584487,-1.0,True,True,True,True,101
coarse,600.0,400.0,88.45,589.1802784738674,-399.8536402561529,25.930235647758487,25.505829218581532,-1.0,True,True,True,True,101
coarse,600.0,400.0,88.5,589.5292206768507,-399.8629299902229,25.91911025436527,25.49519883203414,-1.0,True,True,True,True,101
coarse,600.0,400.0,88.55,589.8781708537881,-399.87191521127727,25.908001641395256,25.48458422362912,-1.0,True,True,True,True,101
coarse,600.0,400.0,88.6,590.2271287389387,-399.88059591247327,25.89690978484108,25.473985371114516,-1.0,True,True,True,True,101
coarse,600.0,400.0,88.65,590.5760940665559,-399.8889720872002,25.88583466076326,25.46340225229955,-1.0,True,True,True,True,101
coarse,600.0,400.0,88.7,590.9250665708875,-399.8970437290793,25.874776245289635,25.452834845054436,-1.0,True,True,True,True,101
coarse,600.0,400.0,88.75,591.2740459861756,-399.90481083196363,25.86373451461657,25.442283127310244,-1.0,True,True,True,True,101
coarse,600.0,400.0,88.8,591.6230320466572,-399.9122733899382,25.852709445007186,25.431747077058795,-1.0,True,True,True,True,101
coarse,600.0,400.0,88.85,591.9720244865644,-399.9194313973199,25.84170101279244,25.421226672352496,-1.0,True,True,True,True,101
coarse,600.0,400.0,88.9,592.3210230401241,-399.9262848486577,25.830709194369792,25.41072189130421,-1.0,True,True,True,True,101
coarse,600.0,400.0,88.95,592.6700274415589,-399.9328337387323,25.81973396620421,25.40023271208709,-1.0,True,True,True,True,101
coarse,600.0,400.0,89.0,593.0190374250866,-399.9390780625565,25.808775304827797,25.389759112934474,-1.0,True,True,True,True,101
coarse,600.0,400.0,89.05,593.368052724921,-399.94501781537497,25.797833186838737,25.37935057218273,-1.0,True,True,False,False,101
coarse,600.0,400.0,89.1,593.7170730752716,-399.95065299266423,25.786907588902018,25.3693767708119,-1.0,True,True,False,False,101
coarse,600.0,400.0,89.15,594.0660982103446,-399.955983590133,25.775998487749312,25.359929515400548,-1.0,True,True,False,False,101
coarse,600.0,400.0,89.2,594.4151278643419,-399.9610096037217,25.765105860178537,25.35098767553899,-1.0,True,True,False,False,101
coarse,600.0,400.0,89.25,594.7641617714621,-399.9657310296028,25.754229683053005,25.342572622626466,-1.0,True,True,False,False,101
coarse,600.0,400.0,89.3,595.1131996659011,-399.9701478641808,25.743369933303,25.334663087958745,-1.0,True,True,False,False,101
coarse,600.0,400.0,89.35,595.4622412818511,-399.974260104092,25.732526587923875,25.32728058225178,-1.0,True,True,False,False,101
coarse,600.0,400.0,89.4,595.8112863535017,-399.97806774620483,25.721699623977106,25.32040369787445,-1.0,True,True,False,False,101
coarse,600.0,400.0,89.45,596.16033461504,-399.9815707876196,25.71088901858961,25.314054085487207,-1.0,True,True,False,False,101
coarse,600.0,400.0,89.5,596.5093858006504,-399.9847692256685,25.700094748953482,25.308210197898497,-1.0,True,True,False,False,101
coarse,600.0,400.0,89.55,596.8584396445154,-399.9876630579159,25.689316792326192,25.302893826342288,-1.0,True,True,False,False,101
coarse,600.0,400.0,89.6,597.2074958808154,-399.9902522821579,25.67855512603058,25.298083283431758,-1.0,True,True,False,False,101
coarse,600.0,400.0,89.65,597.5565542437287,-399.99253689642285,25.66780972745382,25.29380050160473,-1.0,True,True,False,False,101
coarse,600.0,400.0,89.7,597.9056144674322,-399.9945168989707,25.657080574048603,25.290023652642873,-1.0,True,True,False,False,101
coarse,600.0,400.0,89.75,598.2546762861014,-399.9961922882938,25.646367643331647,25.286774810819598,-1.0,True,True,False,False,101
coarse,600.0,400.0,89.8,598.6037394339105,-399.99756306311616,25.635670912884645,25.284032006447696,-1.0,True,True,False,False,101
coarse,600.0,400.0,89.85,598.9528036450328,-399.9986292223939,25.624990360353515,25.281817456268904,-1.0,True,True,False,False,101
coarse,600.0,400.0,89.9,599.3018686536407,-399.99939076531507,25.61432596344836,25.28010904848849,-1.0,True,True,False,False,101
coarse,600.0,400.0,89.95,599.650934193906,-399.99984769129975,25.603677699943542,25.27892914295077,-1.0,True,True,False,False,101
coarse,600.0,400.0,90.0,600.0,-400.0,25.593045547677193,25.27825548511352,-1.0,True,True,False,False,101
coarse,600.0,400.0,90.05,600.349065806094,-399.99984769129975,25.58242948455143,25.278110578558987,-1.0,True,True,False,False,101
coarse,600.0,400.0,90.1,600.6981313463592,-399.99939076531507,25.571829488531943,25.27847202535627,-1.0,True,True,False,False,101
coarse,600.0,400.0,90.15,601.0471963549672,-399.9986292223939,25.56124553764827,25.279362473462253,-1.0,True,True,False,False,101
coarse,600.0,400.0,90.2,601.3962605660895,-399.99756306311616,25.55067760999279,25.28075938091494,-1.0,True,True,False,False,101
coarse,600.0,400.0,90.25,601.7453237138985,-399.9961922882938,25.540125683721755,25.282685540683758,-1.0,True,True,False,False,101
coarse,600.0,400.0,90.3,602.0943855325678,-399.9945168989707,25.529589737054273,25.285118266131892,-1.0,True,True,False,False,101
coarse,600.0,400.0,90.35,602.4434457562712,-399.99253689642285,25.519069748272287,25.28808049588048,-1.0,True,True,False,False,101
coarse,600.0,400.0,90.4,602.7925041191847,-399.9902522821579,25.508565695721153,25.291549397973,-1.0,True,True,False,False,101
coarse,600.0,400.0,90.45,603.1415603554846,-399.9876630579159,25.498077557808667,25.295548057322705,-1.0,True,True,False,False,101
coarse,600.0,400.0,90.5,603.4906141993496,-399.9847692256685,25.487605313004842,25.300053496007187,-1.0,True,True,False,False,101
coarse,600.0,400.0,90.55,603.8396653849601,-399.9815707876196,25.477148939842856,25.305088945873457,-1.0,True,True,False,False,101
coarse,600.0,400.0,90.6,604.1887136464983,-399.97806774620483,25.46670841691779,25.310631282385827,-1.0,True,True,False,False,101
coarse,600.0,400.0,90.65,604.537758718149,-399.974260104092,25.456283722887274,25.316703884968003,-1.0,True,True,False,False,101
coarse,600.0,400.0,90.7,604.8868003340989,-399.9701478641808,25.445874836470598,25.32328348182231,-1.0,True,True,False,False,101
coarse,600.0,400.0,90.75,605.2358382285378,-399.9657310296028,25.4354817364493,25.330393600593283,-1.0,True,True,False,False,101
coarse,600.0,400.0,90.8,605.5848721356581,-399.9610096037217,25.4251044016666,25.3380108215714,-1.0,True,True,False,False,101
coarse,600.0,400.0,90.85,605.9339017896554,-399.955983590133,25.414742811027654,25.34615882126743,-1.0,True,True,False,False,101
coarse,600.0,400.0,90.9,606.2829269247283,-399.95065299266423,25.404396943499002,25.354814031408896,-1.0,True,True,False,False,101
coarse,600.0,400.0,90.95,606.631947275079,-399.94501781537497,25.39406677810883,25.364000278019326,-1.0,True,True,False,False,101
coarse,600.0,400.0,91.0,606.9809625749134,-399.9390780625565,25.383752293946188,25.373693843610987,1.0,True,True,False,False,101
coarse,600.0,400.0,91.05,607.3299725584411,-399.9328337387323,25.394593915970923,25.383918704368014,1.0,True,True,False,False,101
coarse,600.0,400.0,91.1,607.6789769598759,-399.9262848486577,25.405451411732113,25.39438463827646,1.0,True,True,False,False,101
coarse,600.0,400.0,91.15,608.0279755134356,-399.9194313973199,25.41632480419523,25.404866121972326,1.0,True,True,False,False,101
coarse,600.0,400.0,91.2,608.3769679533427,-399.9122733899382,25.4272141163883,25.4153631771442,1.0,True,True,False,False,101
coarse,600.0,400.0,91.25,608.7259540138244,-399.90481083196363,25.43811937140077,25.425875825540533,1.0,True,True,False,False,101
coarse,600.0,400.0,91.3,609.0749334291124,-399.8970437290793,25.449040592385828,25.43640408896971,1.0,True,True,False,False,101
coarse,600.0,400.0,91.35,609.423905933444,-399.8889720872002,25.4599778025584,25.446947989300256,1.0,True,True,False,False,101
coarse,600.0,400.0,91.4,609.7728712610613,-399.88059591247327,25.470931025196595,25.45750754846082,1.0,True,True,False,False,101
coarse,600.0,400.0,91.45,610.1218291462118,-399.87191521127727,25.48190028364154,25.468082788440515,1.0,True,True,False,False,101
coarse,600.0,400.0,91.5,610.4707793231493,-399.8629299902229,25.492885601297257,25.478673731288925,1.0,True,True,False,False,101
coarse,600.0,400.0,91.55,610.8197215261328,-399.8536402561529,25.50388700163095,25.48928039911625,1.0,True,True,False,False,101
coarse,600.0,400.0,91.6,611.1686554894276,-399.84404601614176,25.51490450817375,25.499902814093517,1.0,True,True,False,False,101
coarse,600.0,400.0,91.65,611.5175809473054,-399.83414727749584,25.52593814451981,25.510540998452647,1.0,True,True,False,False,101
coarse,600.0,400.0,91.7,611.8664976340443,-399.8239440477536,25.5369879343271,25.521194974486615,1.0,True,True,False,False,101
coarse,600.0,400.0,91.75,612.215405283929,-399.81343633468515,25.548053901317573,25.531864764549614,1.0,True,True,False,False,101
coarse,600.0,400.0,91.8,612.5643036312513,-399.80262414629266,25.559136069277223,25.54255039105719,1.0,True,True,False,False,101
coarse,600.0,400.0,91.85,612.9131924103098,-399.7915074908099,25.570234462056078,25.55325187648631,1.0,True,True,False,False,101
coarse,600.0,400.0,91.9,613.2620713554105,-399.78008637670285,25.581349103568694,25.563969243375674,1.0,True,True,False,False,101
coarse,600.0,400.0,91.95,613.610940200867,-399.76836081266913,25.59248001779371,25.574702514325608,1.0,True,True,False,False,101
coarse,600.0,400.0,92.0,613.9597986810004,-399.7563308076383,25.60362722877489,25.585451711998495,1.0,True,True,False,False,101
coarse,600.0,400.0,92.05,614.3086465301398,-399.7439963707717,25.614790760620533,25.596216859118694,1.0,True,True,False,False,101
coarse,600.0,400.0,92.1,614.6574834826224,-399.7313575114625,25.625970637503862,25.606997978472798,1.0,True,True,False,False,101
coarse,600.0,400.0,92.15,615.0063092727939,-399.71841423933586,25.637166883663458,25.617795092909727,1.0,True,True,False,False,101
coarse,600.0,400.0,92.2,615.355123635008,-399.7051665642485,25.64837952340273,25.628608225340884,1.0,True,True,False,False,101
coarse,600.0,400.0,92.25,615.7039263036274,-399.69161449628916,25.659608581091106,25.639437398740327,1.0,True,True,False,False,101
coarse,600.0,400.0,92.3,616.0527170130239,-399.6777580457784,25.67085408116319,25.650282636144937,1.0,True,True,False,False,101
coarse,600.0,400.0,92.35,616.4014954975779,-399.6635972232684,25.68211604811928,25.661143960654464,1.0,True,True,False,False,101
coarse,600.0,400.0,92.4,616.7502614916798,-399.64913203954336,25.69339450652596,25.672021395431806,1.0,True,True,False,False,101
coarse,600.0,400.0,92.45,617.0990147297289,-399.63436250561904,25.704689481015574,25.68291496370304,1.0,True,True,False,False,101
coarse,600.0,400.0,92.5,617.4477549461344,-399.6192886327431,25.716000996286855,25.693824688757662,1.0,True,True,False,False,101
coarse,600.0,400.0,92.55,617.7964818753154,-399.603910432395,25.727329077104947,25.704750593948695,1.0,True,True,False,False,101
coarse,600.0,400.0,92.6,618.1451952517015,-399.5882279162859,25.738673748301565,25.715692702692817,1.0,True,True,False,False,101
coarse,600.0,400.0,92.65,618.4938948097321,-399.57224109635865,25.750035034774786,25.726651038470568,1.0,True,True,False,False,101
coarse,600.0,400.0,92.7,618.8425802838572,-399.555949984788,25.761412961490215,25.73762562482649,1.0,True,True,False,False,101
coarse,600.0,400.0,92.75,619.1912514085376,-399.53935459398025,25.772807553480206,25.748616485369237,1.0,True,True,False,False,101
coarse,600.0,400.0,92.8,619.5399079182453,-399.52245493657364,25.78421883584432,25.759623643771786,1.0,True,True,False,False,101
coarse,600.0,400.0,92.85,619.8885495474631,-399.5052510254379,25.795646833749604,25.770647123771543,1.0,True,True,False,False,101
coarse,600.0,400.0,92.9,620.2371760306854,-399.48774287367445,25.80709157243044,25.781686949170513,1.0,True,True,False,False,101
coarse,600.0,400.0,92.95,620.5857871024176,-399.4699304946168,25.818553077189403,25.792743143835477,1.0,True,True,False,False,101
coarse,600.0,400.0,93.0,620.9343824971776,-399.45181390182955,25.830031373396583,25.803815731698105,1.0,True,True,True,True,101
refined,600.0,400.0,90.9,606.2829269247283,-399.95065299266423,25.404396943499002,25.35467025100286,-1.0,True,True,False,False,201
refined,600.0,400.0,90.91,606.3527313860816,-399.949550323458,25.402329654920017,25.356473470616017,-1.0,True,True,False,False,201
refined,600.0,400.0,90.92,606.4225356539198,-399.94843547109184,25.40026299425869,25.35829755716669,-1.0,True,True,False,False,201
refined,600.0,400.0,90.93,606.4923397261163,-399.94730843559967,25.398196961347892,25.36014251139236,-1.0,True,True,False,False,201
refined,600.0,400.0,90.94,606.5621436005448,-399.9461692170158,25.396131556020435,25.36200833403079,-1.0,True,True,False,False,201
refined,600.0,400.0,90.95,606.631947275079,-399.94501781537497,25.39406677810883,25.36389502582001,-1.0,True,True,False,False,201
refined,600.0,400.0,90.96,606.7017507475924,-399.94385423071213,25.392002627446068,25.365802587498234,-1.0,True,True,False,False,201
refined,600.0,400.0,90.97,606.771554015959,-399.942678463063,25.38993910386528,25.36773101980401,-1.0,True,True,False,False,201
refined,600.0,400.0,90.98,606.8413570780523,-399.9414905124631,25.387876207199458,25.369680323476036,-1.0,True,True,False,False,201
refined,600.0,400.0,90.99,606.9111599317458,-399.9402903789487,25.385813937281977,25.37165049925333,-1.0,True,True,False,False,201
refined,600.0,400.0,91.0,606.9809625749134,-399.9390780625565,25.383752293946188,25.373641547875135,1.0,True,True,False,False,201
refined,600.0,400.0,91.01,607.0507650054287,-399.9378535633233,25.385919349552267,25.37565347008093,1.0,True,True,False,False,201
refined,600.0,400.0,91.02,607.1205672211654,-399.9366168812864,25.38808703937483,25.377686266610468,1.0,True,True,False,False,201
refined,600.0,400.0,91.03,607.1903692199973,-399.93536801648355,25.39025536359646,25.379739938203706,1.0,True,True,False,False,201
refined,600.0,400.0,91.04,607.260170999798,-399.9341069689527,25.392424322400903,25.381814485600888,1.0,True,True,False,False,201
refined,600.0,400.0,91.05,607.3299725584411,-399.9328337387323,25.394593915970923,25.383905807085686,1.0,True,True,False,False,201
refined,600.0,400.0,91.06,607.3997738938007,-399.9315483258612,25.396764144490263,25.385997749694738,1.0,True,True,False,False,201
refined,600.0,400.0,91.07,607.46957500375,-399.9302507303784,25.39893500814245,25.38809031360086,1.0,True,True,False,False,201
refined,600.0,400.0,91.08,607.5393758861633,-399.9289409523236,25.401106507110864,25.39018349897697,1.0,True,True,False,False,201
refined,600.0,400.0,91.09,607.609176538914,-399.9276189917366,25.40327864157954,25.392277305996142,1.0,True,True,False,False,201
refined,600.0,400.0,91.1,607.6789769598759,-399.9262848486577,25.405451411732113,25.394371734831463,1.0,True,True,False,False,201
coarse,600.0,600.0,88.0,579.0603019784994,-599.6344962114574,30.718033762367657,30.166165460940398,-1.0,True,True,True,True,101
coarse,600.0,600.0,88.05,579.5835896986995,-599.6525412190038,30.703659868863966,30.152523948658285,-1.0,True,True,True,True,101
coarse,600.0,600.0,88.1,580.1068929668841,-599.6701295650543,30.689305287342755,30.13890052797341,-1.0,True,True,True,True,101
coarse,600.0,600.0,88.15,580.6302113845354,-599.6872612362149,30.674969985272593,30.125295169152892,-1.0,True,True,True,True,101
coarse,600.0,600.0,88.2,581.1535445531231,-599.703936219439,30.660653930198794,30.11170784253264,-1.0,True,True,True,True,101
coarse,600.0,600.0,88.25,581.6768920741065,-599.7201545020278,30.646357089743194,30.098138518517082,-1.0,True,True,True,True,101
coarse,600.0,600.0,88.3,582.2002535489336,-599.7359160716304,30.63207943160377,30.084587167578977,-1.0,True,True,True,True,101
coarse,600.0,600.0,88.35,582.7236285790419,-599.7512209162438,30.617820923555417,30.071053760259375,-1.0,True,True,True,True,101
coarse,600.0,600.0,88.4,583.2470167658587,-599.7660690242126,30.60358153344815,30.05753826716717,-1.0,True,True,True,True,101
coarse,600.0,600.0,88.45,583.770417710801,-599.7804603842294,30.58936122920855,30.044040658979135,-1.0,True,True,True,True,101
coarse,600.0,600.0,88.5,584.2938310152762,-599.7943949853344,30.57515997883797,30.03056090643957,-1.0,True,True,True,True,101
coarse,600.0,600.0,88.55,584.8172562806822,-599.8078728169158,30.560977750413564,30.017098980360224,-1.0,True,True,True,True,101
coarse,600.0,600.0,88.6,585.340693108408,-599.8208938687098,30.54681451208731,30.003654851620063,-1.0,True,True,True,True,101
coarse,600.0,600.0,88.65,585.864141099834,-599.8334581308003,30.5326702320864,29.99022849116501,-1.0,True,True,True,True,101
coarse,600.0,600.0,88.7,586.3875998563312,-599.845565593619,30.518544878712014,29.97681987000791,-1.0,True,True,True,True,101
coarse,600.0,600.0,88.75,586.9110689792633,-599.8572162479455,30.5044384203409,29.96342895922823,-1.0,True,True,True,True,101
coarse,600.0,600.0,88.8,587.4345480699858,-599.8684100849073,30.49035082542266,29.95005572997188,-1.0,True,True,True,True,101
coarse,600.0,600.0,88.85,587.9580367298465,-599.8791470959799,30.476282062482507,29.936700153451046,-1.0,True,True,True,True,101
coarse,600.0,600.0,88.9,588.4815345601862,-599.8894272729865,30.462232100117593,29.92336220094402,-1.0,True,True,True,True,101
coarse,600.0,600.0,88.95,589.0050411623383,-599.8992506080984,30.44820090700017,29.91004184379502,-1.0,True,True,True,True,101
coarse,600.0,600.0,89.0,589.5285561376298,-599.9086170938348,30.43418845187553,29.89673905341393,-1.0,True,True,True,True,101
coarse,600.0,600.0,89.05,590.0520790873813,-599.9175267230625,30.420194703561545,29.883530465690576,-1.0,True,True,False,False,101
coarse,600.0,600.0,89.1,590.5756096129074,-599.9259794889964,30.406219630949906,29.870898937957975,-1.0,True,True,False,False,101
coarse,600.0,600.0,89.15,591.0991473155169,-599.9339753851995,30.392263203004532,29.858919310419505,-1.0,True,True,False,False,101
coarse,600.0,600.0,89.2,591.6226917965128,-599.9415144055826,30.378325388762246,29.847592906113107,-1.0,True,True,False,False,101
coarse,600.0,600.0,89.25,592.1462426571933,-599.9485965444042,30.364406157331675,29.836918942024898,-1.0,True,True,False,False,101
coarse,600.0,600.0,89.3,592.6697994988517,-599.9552217962712,30.35050547789417,29.826898752095882,-1.0,True,True,False,False,101
coarse,600.0,600.0,89.35,593.1933619227766,-599.961390156138,30.336623319702458,29.81753154422977,-1.0,True,True,False,False,101
coarse,600.0,600.0,89.4,593.7169295302526,-599.9671016193073,30.322759652081732,29.80881866219667,-1.0,True,True,False,False,101
coarse,600.0,600.0,89.45,594.2405019225599,-599.9723561814294,30.30891444442803,29.800759305887112,-1.0,True,True,False,False,101
coarse,600.0,600.0,89.5,594.7640787009757,-599.9771538385028,30.295087666209277,29.793354827823467,-1.0,True,True,False,False,101
coarse,600.0,600.0,89.55,595.2876594667732,-599.9814945868739,30.28127928696377,29.786604420955243,-1.0,True,True,False,False,101
coarse,600.0,600.0,89.6,595.811243821223,-599.9853784232369,30.267489276301717,29.78050944547727,-1.0,True,True,False,False,101
coarse,600.0,600.0,89.65,596.334831365593,-599.9888053446342,30.253717603903283,29.775069088473188,-1.0,True,True,False,False,101
coarse,600.0,600.0,89.7,596.8584217011482,-599.991775348456,30.23996423951957,29.77028471672757,-1.0,True,True,False,False,101
coarse,600.0,600.0,89.75,597.382014429152,-599.9942884324407,30.226229152971676,29.766155512536223,-1.0,True,True,False,False,101
coarse,600.0,600.0,89.8,597.9056091508658,-599.9963445946743,30.212512314150988,29.762682848187872,-1.0,True,True,False,False,101
coarse,600.0,600.0,89.85,598.4292054675491,-599.9979438335909,30.198813693019023,29.759865902271407,-1.0,True,True,False,False,101
coarse,600.0,600.0,89.9,598.952802980461,-599.9990861479727,30.18513325960669,29.757706051491255,-1.0,True,True,False,False,101
coarse,600.0,600.0,89.95,599.4764012908589,-599.9997715369497,30.1714709840146,29.756202471813225,-1.0,True,True,False,False,101
coarse,600.0,600.0,90.0,600.0,-600.0,30.157826836412656,29.755356543266014,-1.0,True,True,False,False,101
coarse,600.0,600.0,90.05,600.523598709141,-599.9997715369497,30.144200787039896,29.75516744027915,-1.0,True,True,False,False,101
coarse,600.0,600.0,90.1,601.0471970195389,-599.9990861479727,30.130592806204536,29.75563654511134,-1.0,True,True,False,False,101
coarse,600.0,600.0,90.15,601.5707945324508,-599.9979438335909,30.117002864283194,29.75676303174539,-1.0,True,True,False,False,101
coarse,600.0,600.0,90.2,602.0943908491342,-599.9963445946743,30.103430931720997,29.758548283573,-1.0,True,True,False,False,101
coarse,600.0,600.0,90.25,602.6179855708478,-599.9942884324407,30.08987697903196,29.76099147522267,-1.0,True,True,False,False,101
coarse,600.0,600.0,90.3,603.1415782988516,-599.991775348456,30.076340976797855,29.76409399011915,-1.0,True,True,False,False,101
coarse,600.0,600.0,90.35,603.6651686344069,-599.9888053446342,30.062822895668347,29.767855004631993,-1.0,True,True,False,False,101
coarse,600.0,600.0,90.4,604.188756178777,-599.9853784232369,30.0493227063616,29.772275901116192,-1.0,True,True,False,False,101
coarse,600.0,600.0,90.45,604.7123405332269,-599.9814945868739,30.035840379662194,29.77735585878052,-1.0,True,True,False,False,101
coarse,600.0,600.0,90.5,605.2359212990244,-599.9771538385028,30.02237588642326,29.783096257804594,-1.0,True,True,False,False,101
coarse,600.0,600.0,90.55,605.7594980774401,-599.9723561814294,30.008929197564346,29.789496281337424,-1.0,True,True,False,False,101
coarse,600.0,600.0,90.6,606.2830704697475,-599.9671016193073,29.99550028407265,29.79655730627483,-1.0,True,True,False,False,101
coarse,600.0,600.0,90.65,606.8066380772235,-599.961390156138,29.982089117001863,29.804278520809902,-1.0,True,True,False,False,101
coarse,600.0,600.0,90.7,607.3302005011484,-599.9552217962712,29.968695667472264,29.81266129744334,-1.0,True,True,False,False,101
coarse,600.0,600.0,90.75,607.8537573428067,-599.9485965444042,29.955319906670844,29.821704830519053,-1.0,True,True,False,False,101
coarse,600.0,600.0,90.8,608.3773082034871,-599.9415144055826,29.941961805850706,29.831410487028588,-1.0,True,True,False,False,101
coarse,600.0,600.0,90.85,608.900852684483,-599.9339753851995,29.928621336331474,29.841777468576105,-1.0,True,True,False,False,101
coarse,600.0,600.0,90.9,609.4243903870924,-599.9259794889964,29.915298469498087,29.852807135527083,-1.0,True,True,False,False,101
coarse,600.0,600.0,90.95,609.9479209126185,-599.9175267230625,29.901993176801593,29.8644986978583,-1.0,True,True,False,False,101
coarse,600.0,600.0,91.0,610.47144386237,-599.9086170938348,29.8887054297586,29.876853508189523,1.0,True,True,False,False,101
coarse,600.0,600.0,91.05,610.9949588376617,-599.8992506080984,29.90244097655114,29.889870785985188,1.0,True,True,False,False,101
coarse,600.0,600.0,91.1,611.5184654398137,-599.8894272729865,29.916194461021693,29.903162779695073,1.0,True,True,False,False,101
coarse,600.0,600.0,91.15,612.0419632701535,-599.8791470959799,29.929965913136225,29.91647230337997,1.0,True,True,False,False,101
coarse,600.0,600.0,91.2,612.5654519300142,-599.8684100849073,29.94375536292884,29.929799385529204,1.0,True,True,False,False,101
coarse,600.0,600.0,91.25,613.0889310207366,-599.8572162479455,29.95756284050252,29.943144054697353,1.0,True,True,False,False,101
coarse,600.0,600.0,91.3,613.6124001436688,-599.845565593619,29.97138837602847,29.95650633950444,1.0,True,True,False,False,101
coarse,600.0,600.0,91.35,614.135858900166,-599.8334581308003,29.985231999747473,29.969886268636152,1.0,True,True,False,False,101
coarse,600.0,600.0,91.4,614.6593068915919,-599.8208938687098,29.9990937419689,29.983283870843987,1.0,True,True,False,False,101
coarse,600.0,600.0,91.45,615.1827437193177,-599.8078728169158,30.0129736330717,29.996699174945487,1.0,True,True,False,False,101
coarse,600.0,600.0,91.5,615.7061689847238,-599.7943949853344,30.02687170350428,30.01013220982434,1.0,True,True,False,False,101
coarse,600.0,600.0,91.55,616.2295822891991,-599.7804603842294,30.040787983784497,30.023583004430666,1.0,True,True,False,False,101
coarse,600.0,600.0,91.6,616.7529832341413,-599.7660690242126,30.054722504500923,30.037051587781136,1.0,True,True,False,False,101
coarse,600.0,600.0,91.65,617.2763714209582,-599.7512209162438,30.06867529631145,30.050537988959185,1.0,True,True,False,False,101
coarse,600.0,600.0,91.7,617.7997464510665,-599.7359160716304,30.08264638994445,30.06404223711519,1.0,True,True,False,False,101
coarse,600.0,600.0,91.75,618.3231079258936,-599.7201545020278,30.096635816199136,30.077564361466628,1.0,True,True,False,False,101
coarse,600.0,600.0,91.8,618.8464554468769,-599.703936219439,30.11064360594533,30.091104391298398,1.0,True,True,False,False,101
coarse,600.0,600.0,91.85,619.3697886154647,-599.6872612362149,30.124669790123477,30.104662355962777,1.0,True,True,False,False,101
coarse,600.0,600.0,91.9,619.8931070331158,-599.6701295650544,30.138714399745627,30.118238284879915,1.0,True,True,False,False,101
coarse,600.0,600.0,91.95,620.4164103013005,-599.6525412190038,30.15277746589491,30.131832207537695,1.0,True,True,False,False,101
coarse,600.0,600.0,92.0,620.9396980215006,-599.6344962114574,30.16685901972595,30.14544415349219,1.0,True,True,False,False,101
coarse,600.0,600.0,92.05,621.4629697952097,-599.6159945561575,30.180959092465525,30.159074152367708,1.0,True,True,False,False,101
coarse,600.0,600.0,92.1,621.9862252239337,-599.5970362671937,30.19507771541203,30.172722233857076,1.0,True,True,False,False,101
coarse,600.0,600.0,92.15,622.5094639091909,-599.5776213590037,30.20921491993597,30.186388427721756,1.0,True,True,False,False,101
coarse,600.0,600.0,92.2,623.0326854525119,-599.5577498463726,30.223370737480487,30.200072763792058,1.0,True,True,False,False,101
coarse,600.0,600.0,92.25,623.5558894554412,-599.5374217444337,30.2375451995612,30.213775271967393,1.0,True,True,False,False,101
coarse,600.0,600.0,92.3,624.0790755195358,-599.5166370686676,30.25173833776698,30.22749598221641,1.0,True,True,False,False,101
coarse,600.0,600.0,92.35,624.6022432463669,-599.4953958349026,30.265950183758868,30.24123492457722,1.0,True,True,False,False,101
coarse,600.0,600.0,92.4,625.1253922375198,-599.473698059315,30.28018076927169,30.254992129157554,1.0,True,True,False,False,101
coarse,600.0,600.0,92.45,625.6485220945933,-599.4515437584286,30.294430126113635,30.268767626135016,1.0,True,True,False,False,101
coarse,600.0,600.0,92.5,626.1716324192015,-599.4289329491147,30.308698286166475,30.28256144575722,1.0,True,True,False,False,101
coarse,600.0,600.0,92.55,626.6947228129732,-599.4058656485925,30.32298528138619,30.296373618342084,1.0,True,True,False,False,101
coarse,600.0,600.0,92.6,627.2177928775521,-599.3823418744289,30.33729114380256,30.310204174277946,1.0,True,True,False,False,101
coarse,600.0,600.0,92.65,627.740842214598,-599.3583616445379,30.351615905519086,30.324053144023743,1.0,True,True,False,False,101
coarse,600.0,600.0,92.7,628.2638704257856,-599.333924977182,30.3659595987152,30.33792055810936,1.0,True,True,False,False,101
coarse,600.0,600.0,92.75,628.7868771128065,-599.3090318909703,30.38032225564393,30.351806447135612,1.0,True,True,False,False,101
coarse,600.0,600.0,92.8,629.309861877368,-599.2836824048604,30.394703908633996,30.36571084177467,1.0,True,True,False,False,101
coarse,600.0,600.0,92.85,629.8328243211947,-599.2578765381568,30.40910459008843,30.379633772770084,1.0,True,True,False,False,101
coarse,600.0,600.0,92.9,630.3557640460281,-599.2316143105116,30.4235243324864,30.39357527093713,1.0,True,True,False,False,101
coarse,600.0,600.0,92.95,630.8786806536265,-599.2048957419252,30.43796316838219,30.407535367162886,1.0,True,True,False,False,101
coarse,600.0,600.0,93.0,631.4015737457663,-599.1777208527443,30.452421130406908,30.421514092406568,1.0,True,True,True,True,101
refined,600.0,600.0,90.9,609.4243903870924,-599.9259794889964,29.915298469498087,29.852623729903264,-1.0,True,True,False,False,201
refined,600.0,600.0,90.91,609.5290970791224,-599.9243254851871,29.912636005940158,29.854920273575683,-1.0,True,True,False,False,201
refined,600.0,600.0,90.92,609.6338034808797,-599.9226532066378,29.90997424511962,29.857243445068008,-1.0,True,True,False,False,201
refined,600.0,600.0,90.93,609.7385095891744,-599.9209626533994,29.907313186808157,29.859593246659827,-1.0,True,True,False,False,201
refined,600.0,600.0,90.94,609.8432154008173,-599.9192538255237,29.90465283077812,29.861969680631248,-1.0,True,True,False,False,201
refined,600.0,600.0,90.95,609.9479209126185,-599.9175267230625,29.901993176801593,29.864372749262767,-1.0,True,True,False,False,201
refined,600.0,600.0,90.96,610.0526261213887,-599.9157813460682,29.899334224650996,29.866802454835415,-1.0,True,True,False,False,201
refined,600.0,600.0,90.97,610.1573310239386,-599.9140176945945,29.896675974098724,29.869258799630686,-1.0,True,True,False,False,201
refined,600.0,600.0,90.98,610.2620356170784,-599.9122357686946,29.894018424917437,29.871741785930517,-1.0,True,True,False,False,201
refined,600.0,600.0,90.99,610.3667398976187,-599.910435568423,29.89136157687983,29.874251416017355,-1.0,True,True,False,False,201
refined,600.0,600.0,91.0,610.47144386237,-599.9086170938348,29.8887054297586,29.876787692174133,1.0,True,True,False,False,201
refined,600.0,600.0,91.01,610.576147508143,-599.9067803449849,29.89145110553871,29.879350616684192,1.0,True,True,False,False,201
refined,600.0,600.0,91.02,610.6808508317481,-599.9049253219296,29.89419749786911,29.881940191831404,1.0,True,True,False,False,201
refined,600.0,600.0,91.03,610.7855538299958,-599.9030520247253,29.896944606988384,29.884556419900097,1.0,True,True,False,False,201
refined,600.0,600.0,91.04,610.890256499697,-599.901160453429,29.89969243313615,29.887199303175063,1.0,True,True,False,False,201
refined,600.0,600.0,91.05,610.9949588376617,-599.8992506080984,29.90244097655114,29.889855599279514,1.0,True,True,False,False,201
refined,600.0,600.0,91.06,611.099660840701,-599.8973224887917,29.905190237473033,29.892512595443552,1.0,True,True,False,False,201
refined,600.0,600.0,91.07,611.204362505625,-599.8953760955677,29.907940216141533,29.895170291894367,1.0,True,True,False,False,201
refined,600.0,600.0,91.08,611.3090638292448,-599.8934114284854,29.9106909127958,29.897828688859228,1.0,True,True,False,False,201
refined,600.0,600.0,91.09,611.413764808371,-599.8914284876049,29.913442327676005,29.900487786565545,1.0,True,True,False,False,201
refined,600.0,600.0,91.1,611.5184654398137,-599.8894272729865,29.916194461021693,29.9031475852408,1.0,True,True,False,False,201
coarse,600.0,800.0,88.0,572.0804026379991,-799.5126616152766,36.16295925374197,35.528250912770474,-1.0,True,True,True,True,101
coarse,600.0,800.0,88.05,572.7781195982659,-799.5367216253383,36.14645174332198,35.51276667518316,-1.0,True,True,True,True,101
coarse,600.0,800.0,88.1,573.4758572891787,-799.5601727534057,36.129967293747946,35.49730421477036,-1.0,True,True,True,True,101
coarse,600.0,800.0,88.15,574.1736151793806,-799.5830149816198,36.11350586764768,35.48186349831417,-1.0,True,True,True,True,101
coarse,600.0,800.0,88.2,574.8713927374974,-799.6052482925853,36.097067427740576,35.46644449268085,-1.0,True,True,True,True,101
coarse,600.0,800.0,88.25,575.5691894321419,-799.6268726693703,36.08065193683897,35.45104716482066,-1.0,True,True,True,True,101
coarse,600.0,800.0,88.3,576.2670047319114,-799.6478880955073,36.06425935784522,35.43567148176752,-1.0,True,True,True,True,101
coarse,600.0,800.0,88.35,576.9648381053892,-799.6682945549917,36.04788965375473,35.42031741063895,-1.0,True,True,True,True,101
coarse,600.0,800.0,88.4,577.662689021145,-799.6880920322835,36.03154278765314,35.40498491863581,-1.0,True,True,True,True,101
coarse,600.0,800.0,88.45,578.3605569477346,-799.7072805123058,36.015218722717094,35.38967397304207,-1.0,True,True,True,True,101
coarse,600.0,800.0,88.5,579.0584413537015,-799.7258599804458,35.99891742221462,35.374384541224565,-1.0,True,True,True,True,101
coarse,600.0,800.0,88.55,579.7563417075762,-799.7438304225545,35.98263884950267,35.35911659063285,-1.0,True,True,True,True,101
coarse,600.0,800.0,88.6,580.4542574778774,-799.7611918249465,35.9663829680301,35.343870088799,-1.0,True,True,True,True,101
coarse,600.0,800.0,88.65,581.152188133112,-799.7779441744004,35.950149741334386,35.32864500333735,-1.0,True,True,True,True,101
coarse,600.0,800.0,88.7,581.8501331417749,-799.7940874581586,35.933939133043175,35.31344130194424,-1.0,True,True,True,True,101
coarse,600.0,800.0,88.75,582.5480919723511,-799.8096216639273,35.91775110687382,35.29825895239803,-1.0,True,True,True,True,101
coarse,600.0,800.0,88.8,583.2460640933143,-799.8245467798764,35.90158562663215,35.283097922558625,-1.0,True,True,True,True,101
coarse,600.0,800.0,88.85,583.9440489731287,-799.8388627946398,35.88544265621372,35.26795818036742,-1.0,True,True,True,True,101
coarse,600.0,800.0,88.9,584.6420460802483,-799.8525696973154,35.869322159601836,35.25283969384707,-1.0,True,True,True,True,101
coarse,600.0,800.0,88.95,585.3400548831178,-799.8656674774646,35.85322410086907,35.23774243110132,-1.0,True,True,True,True,101
coarse,600.0,800.0,89.0,586.0380748501731,-799.878156125113,35.837148444175725,35.222666360314676,-1.0,True,True,True,True,101
coarse,600.0,800.0,89.05,586.7361054498418,-799.8900356307499,35.82109515377034,35.20768795771037,-1.0,True,True,False,False,101
coarse,600.0,800.0,89.1,587.4341461505433,-799.9013059853285,35.80506419398882,35.1933406328377,-1.0,True,True,False,False,101
coarse,600.0,800.0,89.15,588.1321964206893,-799.911967180266,35.78905552925512,35.179737713002034,-1.0,True,True,False,False,101
coarse,600.0,800.0,89.2,588.8302557286837,-799.9220192074434,35.773069124079996,35.166861775996,-1.0,True,True,False,False,101
coarse,600.0,800.0,89.25,589.5283235429243,-799.9314620592056,35.7571049430612,35.15473117626754,-1.0,True,True,False,False,101
coarse,600.0,800.0,89.3,590.2263993318023,-799.9402957283615,35.741162950883506,35.143328757746325,-1.0,True,True,False,False,101
coarse,600.0,800.0,89.35,590.9244825637021,-799.948520208184,35.725243112317585,35.13267261074368,-1.0,True,True,False,False,101
coarse,600.0,800.0,89.4,591.6225727070034,-799.9561354924097,35.70934539222134,35.122745843693586,-1.0,True,True,False,False,101
coarse,600.0,800.0,89.45,592.32066923008,-799.9631415752392,35.693469755538025,35.113566284403134,-1.0,True,True,False,False,101
coarse,600.0,800.0,89.5,593.0187716013008,-799.969538451337,35.67761616729706,35.10511730417339,-1.0,True,True,False,False,101
coarse,600.0,800.0,89.55,593.7168792890309,-799.9753261158318,35.66178459261328,35.09741646994439,-1.0,True,True,False,False,101
coarse,600.0,800.0,89.6,594.4149917616307,-799.9805045643158,35.645974996686824,35.090447414242206,-1.0,True,True,False,False,101
coarse,600.0,800.0,89.65,595.1131084874573,-799.9850737928457,35.63018734480346,35.08422744478169,-1.0,True,True,False,False,101
coarse,600.0,800.0,89.7,595.8112289348644,-799.9890337979414,35.61442160233314,35.07874045366714,-1.0,True,True,False,False,101
coarse,600.0,800.0,89.75,596.5093525722027,-799.9923845765876,35.59867773473096,35.07400349103491,-1.0,True,True,False,False,101
coarse,600.0,800.0,89.8,597.207478867821,-799.9951261262323,35.58295570753632,35.070000706915955,-1.0,True,True,False,False,101
coarse,600.0,800.0,89.85,597.9056072900655,-799.9972584447878,35.56725548637273,35.06674889551952,-1.0,True,True,False,False,101
coarse,600.0,800.0,89.9,598.6037373072813,-799.9987815306301,35.551577036947975,35.06423246314692,-1.0,True,True,False,False,101
coarse,600.0,800.0,89.95,599.3018683878119,-799.9996953825995,35.535920325053,35.062467949736394,-1.0,True,True,False,False,101
coarse,600.0,800.0,90.0,600.0,-800.0,35.520285316563246,35.06144001619875,-1.0,True,True,False,False,101
coarse,600.0,800.0,90.05,600.698131612188,-799.9996953825995,35.504671977436374,35.061164949861855,-1.0,True,True,False,False,101
coarse,600.0,800.0,90.1,601.3962626927186,-799.9987815306301,35.48908027371414,35.061627664580456,-1.0,True,True,False,False,101
coarse,600.0,800.0,90.15,602.0943927099344,-799.9972584447878,35.47351017152019,35.062844196737466,-1.0,True,True,False,False,101
coarse,600.0,800.0,90.2,602.792521132179,-799.9951261262323,35.457961637061636,35.06479971146128,-1.0,True,True,False,False,101
coarse,600.0,800.0,90.25,603.4906474277972,-799.9923845765876,35.442434636627574,35.067509995859936,-1.0,True,True,False,False,101
coarse,600.0,800.0,90.3,604.1887710651355,-799.9890337979414,35.42692913658936,35.070960464660615,-1.0,True,True,False,False,101
coarse,600.0,800.0,90.35,604.8868915125425,-799.9850737928457,35.41144510340052,35.07516665737107,-1.0,True,True,False,False,101
coarse,600.0,800.0,90.4,605.5850082383694,-799.9805045643158,35.395982503596365,35.0801142366378,-1.0,True,True,False,False,101
coarse,600.0,800.0,90.45,606.2831207109691,-799.9753261158318,35.38054130379304,35.08581849604759,-1.0,True,True,False,False,101
coarse,600.0,800.0,90.5,606.9812283986992,-799.969538451337,35.36512147068879,35.09226534448208,-1.0,True,True,False,False,101
coarse,600.0,800.0,90.55,607.6793307699202,-799.9631415752392,35.34972297106289,35.09946983129101,-1.0,True,True,False,False,101
coarse,600.0,800.0,90.6,608.3774272929966,-799.9561354924097,35.33434577177489,35.107418109902454,-1.0,True,True,False,False,101
coarse,600.0,800.0,90.65,609.0755174362979,-799.948520208184,35.31898983976609,35.116124987117615,-1.0,True,True,False,False,101
coarse,600.0,800.0,90.7,609.7736006681978,-799.9402957283615,35.30365514205708,35.125576859217574,-1.0,True,True,False,False,101
coarse,600.0,800.0,90.75,610.4716764570755,-799.9314620592056,35.288341645749625,35.13578829214811,-1.0,True,True,False,False,101
coarse,600.0,800.0,90.8,611.1697442713162,-799.9220192074434,35.27304931802469,35.14674592334556,-1.0,True,True,False,False,101
coarse,600.0,800.0,90.85,611.8678035793107,-799.911967180266,35.25777812614385,35.1584640795978,-1.0,True,True,False,False,101
coarse,600.0,800.0,90.9,612.5658538494566,-799.9013059853285,35.242528037448096,35.1709296377939,-1.0,True,True,False,False,101
coarse,600.0,800.0,90.95,613.263894550158,-799.8900356307499,35.22729901935764,35.18415668726614,-1.0,True,True,False,False,101
coarse,600.0,800.0,91.0,613.9619251498268,-799.878156125113,35.212091039371785,35.198132342649245,1.0,True,True,False,False,101
coarse,600.0,800.0,91.05,614.6599451168821,-799.8656674774646,35.22767923656748,35.212870457526726,1.0,True,True,False,False,101
coarse,600.0,800.0,91.1,615.3579539197516,-799.8525696973154,35.2432890366425,35.227936839616746,1.0,True,True,False,False,101
coarse,600.0,800.0,91.15,616.0559510268713,-799.8388627946398,35.2589204730759,35.243024360308105,1.0,True,True,False,False,101
coarse,600.0,800.0,91.2,616.7539359066856,-799.8245467798764,35.27457357942993,35.258133051323355,1.0,True,True,False,False,101
coarse,600.0,800.0,91.25,617.4519080276489,-799.8096216639273,35.29024838935074,35.273262944465145,1.0,True,True,False,False,101
coarse,600.0,800.0,91.3,618.149866858225,-799.7940874581586,35.305944936569304,35.2884140716166,1.0,True,True,False,False,101
coarse,600.0,800.0,91.35,618.8478118668879,-799.7779441744004,35.321663254900045,35.30358646474144,1.0,True,True,False,False,101
coarse,600.0,800.0,91.4,619.5457425221225,-799.7611918249465,35.337403378242364,35.318780155884234,1.0,True,True,False,False,101
coarse,600.0,800.0,91.45,620.2436582924237,-799.7438304225545,35.35316534058053,35.33399517717053,1.0,True,True,False,False,101
coarse,600.0,800.0,91.5,620.9415586462984,-799.7258599804458,35.36894917598346,35.34923156080712,1.0,True,True,False,False,101
coarse,600.0,800.0,91.55,621.6394430522655,-799.7072805123058,35.38475491860524,35.364489339082276,1.0,True,True,False,False,101
coarse,600.0,800.0,91.6,622.337310978855,-799.6880920322835,35.40058260268599,35.37976854436585,1.0,True,True,False,False,101
coarse,600.0,800.0,91.65,623.0351618946108,-799.6682945549917,35.416432262550934,35.3950692091095,1.0,True,True,False,False,101
coarse,600.0,800.0,91.7,623.7329952680886,-799.6478880955073,35.43230393261111,35.41039136584709,1.0,True,True,False,False,101
coarse,600.0,800.0,91.75,624.4308105678582,-799.6268726693703,35.44819764736382,35.42573504719455,1.0,True,True,False,False,101
coarse,600.0,800.0,91.8,625.1286072625027,-799.6052482925853,35.46411344139312,35.44110028585041,1.0,True,True,False,False,101
coarse,600.0,800.0,91.85,625.8263848206195,-799.5830149816198,35.480051349368765,35.456487114595824,1.0,True,True,False,False,101
coarse,600.0,800.0,91.9,626.5241427108211,-799.5601727534057,35.496011406047856,35.47189556629485,1.0,True,True,False,False,101
coarse,600.0,800.0,91.95,627.221880401734,-799.5367216253383,35.51199364627428,35.487325673894546,1.0,True,True,False,False,101
coarse,600.0,800.0,92.0,627.9195973620008,-799.5126616152766,35.527998104979325,35.50277747042548,1.0,True,True,False,False,101
coarse,600.0,800.0,92.05,628.6172930602796,-799.4879927415434,35.54402481718169,35.51825098900152,1.0,True,True,False,False,101
coarse,600.0,800.0,92.1,629.3149669652449,-799.462715022925,35.56007381798752,35.53374626282045,1.0,True,True,False,False,101
coarse,600.0,800.0,92.15,630.0126185455879,-799.4368284786717,35.57614514259138,35.54926332516383,1.0,True,True,False,False,101
coarse,600.0,800.0,92.2,630.710247270016,-799.410333128497,35.59223882627565,35.56480220939752,1.0,True,True,False,False,101
coarse,600.0,800.0,92.25,631.4078526072549,-799.3832289925783,35.6083549044109,35.58036294897168,1.0,True,True,False,False,101
coarse,600.0,800.0,92.3,632.1054340260476,-799.3555160915568,35.62449341245682,35.5959455774211,1.0,True,True,False,False,101
coarse,600.0,800.0,92.35,632.8029909951559,-799.3271944465369,35.640654385961945,35.61155012836536,1.0,True,True,False,False,101
coarse,600.0,800.0,92.4,633.5005229833597,-799.2982640790867,35.65683786056309,35.627176635509116,1.0,True,True,False,False,101
coarse,600.0,800.0,92.45,634.1980294594578,-799.2687250112381,35.67304387198763,35.64282513264215,1.0,True,True,False,False,101
coarse,600.0,800.0,92.5,634.8955098922687,-799.2385772654862,35.68927245605159,35.658495653639875,1.0,True,True,False,False,101
coarse,600.0,800.0,92.55,635.5929637506309,-799.20782086479,35.705523648661114,35.67418823246327,1.0,True,True,False,False,101
coarse,600.0,800.0,92.6,636.2903905034028,-799.1764558325718,35.72179748581249,35.689902903159286,1.0,True,True,False,False,101
coarse,600.0,800.0,92.65,636.9877896194641,-799.1444821927173,35.73809400359184,35.705639699860996,1.0,True,True,False,False,101
coarse,600.0,800.0,92.7,637.6851605677142,-799.111899969576,35.75441323817669,35.721398656787805,1.0,True,True,False,False,101
coarse,600.0,800.0,92.75,638.3825028170752,-799.0787091879605,35.77075522583467,35.7371798082457,1.0,True,True,False,False,101
coarse,600.0,800.0,92.8,639.0798158364906,-799.0449098731473,35.78712000292456,35.75298318862752,1.0,True,True,False,False,101
coarse,600.0,800.0,92.85,639.7770990949263,-799.0105020508757,35.80350760589656,35.76880883241305,1.0,True,True,False,False,101
coarse,600.0,800.0,92.9,640.4743520613707,-798.9754857473489,35.81991807129203,35.78465677416942,1.0,True,True,False,False,101
coarse,600.0,800.0,92.95,641.1715742048353,-798.9398609892336,35.83635143574442,35.80052704855122,1.0,True,True,False,False,101
coarse,600.0,800.0,93.0,641.868764994355,-798.9036278036591,35.85280773597918,35.816419690300684,1.0,True,True,True,True,101
refined,600.0,800.0,90.9,612.5658538494566,-799.9013059853285,35.242528037448096,35.1707205614979,-1.0,True,True,False,False,201
refined,600.0,800.0,90.91,612.7054627721632,-799.899100646916,35.239480549222606,35.17331761249785,-1.0,True,True,False,False,201
refined,600.0,800.0,90.92,612.8450713078396,-799.8968709421837,35.23643390356111,35.175945003725936,-1.0,True,True,False,False,201
refined,600.0,800.0,90.93,612.9846794522326,-799.8946168711993,35.23338810020294,35.17860273954685,-1.0,True,True,False,False,201
refined,600.0,800.0,90.94,613.1242872010896,-799.8923384340316,35.23034313888847,35.18129082432566,-1.0,True,True,False,False,201
refined,600.0,800.0,90.95,613.263894550158,-799.8900356307499,35.22729901935764,35.18400926242794,-1.0,True,True,False,False,201
refined,600.0,800.0,90.96,613.403501495185,-799.8877084614243,35.224255741350674,35.18675805821973,-1.0,True,True,False,False,201
refined,600.0,800.0,90.97,613.5431080319181,-799.885356926126,35.22121330460801,35.18953721606753,-1.0,True,True,False,False,201
refined,600.0,800.0,90.98,613.6827141561046,-799.8829810249262,35.218171708870194,35.19234674033824,-1.0,True,True,False,False,201
refined,600.0,800.0,90.99,613.8223198634917,-799.8805807578974,35.2151309538777,35.19518663539931,-1.0,True,True,False,False,201
refined,600.0,800.0,91.0,613.9619251498268,-799.878156125113,35.212091039371785,35.19805690561857,1.0,True,True,False,False,201
refined,600.0,800.0,91.01,614.1015300108573,-799.8757071266466,35.21520695218453,35.20095755536434,1.0,True,True,False,False,201
refined,600.0,800.0,91.02,614.2411344423308,-799.8732337625728,35.21832372804363,35.203888589005416,1.0,True,True,False,False,201
refined,600.0,800.0,91.03,614.3807384399945,-799.8707360329671,35.221441367215625,35.206850010911,1.0,True,True,False,False,201
refined,600.0,800.0,91.04,614.520341999596,-799.8682139379054,35.2245598699679,35.2098418254508,1.0,True,True,False,False,201
refined,600.0,800.0,91.05,614.6599451168821,-799.8656674774646,35.22767923656748,35.21285256626505,1.0,True,True,False,False,201
refined,600.0,800.0,91.06,614.7995477876012,-799.8630966517223,35.23079946728189,35.21586415135477,1.0,True,True,False,False,201
refined,600.0,800.0,91.07,614.9391500075001,-799.8605014607568,35.23392056237913,35.21887658097283,1.0,True,True,False,False,201
refined,600.0,800.0,91.08,615.0787517723264,-799.8578819046472,35.23704252212602,35.221889855372204,1.0,True,True,False,False,201
refined,600.0,800.0,91.09,615.2183530778279,-799.8552379834732,35.2401653467914,35.22490397480609,1.0,True,True,False,False,201
refined,600.0,800.0,91.1,615.3579539197516,-799.8525696973154,35.2432890366425,35.22791893952773,1.0,True,True,False,False,201
coarse,600.0,1000.0,88.0,565.1005032974989,-999.3908270190958,42.0726211647381,41.37934172151449,-1.0,True,False,True,False,101
coarse,600.0,1000.0,88.05,565.9726494978324,-999.4209020316729,42.05456108427033,41.36262616982767,-1.0,True,False,True,False,101
coarse,600.0,1000.0,88.1,566.8448216114735,-999.450215941757,42.03652865515112,41.34593697545635,-1.0,True,False,True,False,101
coarse,600.0,1000.0,88.15,567.7170189742257,-999.4787687270248,42.01852383691702,41.32927410354593,-1.0,True,False,True,False,101
coarse,600.0,1000.0,88.2,568.5892409218718,-999.5065603657316,42.000546589215595,41.3126375193461,-1.0,True,False,True,False,101
coarse,600.0,1000.0,88.25,569.4614867901774,-999.5335908367128,41.98259687180668,41.296027188210346,-1.0,True,False,True,False,101
coarse,600.0,1000.0,88.3,570.3337559148893,-999.559860119384,41.96467464456142,41.27944307559595,-1.0,True,False,True,False,101
coarse,600.0,1000.0,88.35,571.2060476317365,-999.5853681937397,41.94677986746165,41.262885147063706,-1.0,True,False,True,False,101
coarse,600.0,1000.0,88.4,572.0783612764312,-999.6101150403543,41.92891250060056,41.24635336827766,-1.0,True,False,True,False,101
coarse,600.0,1000.0,88.45,572.9506961846682,-999.6341006403823,41.911072504181455,41.22984770500497,-1.0,True,False,True,False,101
coarse,600.0,1000.0,88.5,573.8230516921269,-999.6573249755572,41.89325983851803,41.213368123115615,-1.0,True,False,True,False,101
coarse,600.0,1000.0,88.55,574.6954271344703,-999.6797880281931,41.87547446403391,41.19691458858224,-1.0,True,False,True,False,101
coarse,600.0,1000.0,88.6,575.5678218473467,-999.7014897811831,41.857716341262446,41.180487067479916,-1.0,True,False,True,False,101
coarse,600.0,1000.0,88.65,576.4402351663899,-999.7224302180006,41.839985430846525,41.16408552598591,-1.0,True,False,True,False,101
coarse,600.0,1000.0,88.7,577.3126664272187,-999.7426093226983,41.822281693538386,41.14770993037957,-1.0,True,False,True,False,101
coarse,600.0,1000.0,88.75,578.1851149654389,-999.7620270799091,41.80460509019892,41.13136024704191,-1.0,True,False,True,False,101
coarse,600.0,1000.0,88.8,579.057580116643,-999.7806834748455,41.786955581797415,41.11503644245567,-1.0,True,False,True,False,101
coarse,600.0,1000.0,88.85,579.9300612164108,-999.7985784932998,41.769333129412196,41.09873848320491,-1.0,True,False,True,False,101
coarse,600.0,1000.0,88.9,580.8025576003104,-999.8157121216442,41.75173769422915,41.082466335974836,-1.0,True,False,True,False,101
coarse,600.0,1000.0,88.95,581.6750686038972,-999.8320843468308,41.73416923754229,41.06621996755166,-1.0,True,False,True,False,101
coarse,600.0,1000.0,89.0,582.5475935627164,-999.8476951563913,41.71662772075352,41.04999934482235,-1.0,True,False,True,False,101
coarse,600.0,1000.0,89.05,583.4201318123023,-999.8625445384374,41.69911310537143,41.03386454156595,-1.0,True,False,False,False,101
coarse,600.0,1000.0,89.1,584.2926826881792,-999.8766324816606,41.681625353012265,41.018362859103,-1.0,True,False,False,False,101
coarse,600.0,1000.0,89.15,585.1652455258616,-999.8899589753325,41.664164425398816,41.003677840841064,-1.0,True,False,False,False,101
coarse,600.0,1000.0,89.2,586.0378196608547,-999.9025240093042,41.64673028436066,40.989750181746054,-1.0,True,False,False,False,101
coarse,600.0,1000.0,89.25,586.9104044286554,-999.914327574007,41.62932289183341,40.97664125786984,-1.0,True,False,False,False,101
coarse,600.0,1000.0,89.3,587.7829991647528,-999.925369660452,41.61194220985932,40.96429118069834,-1.0,True,False,False,False,101
coarse,600.0,1000.0,89.35,588.6556032046277,-999.93565026023,41.594588200585044,40.95276139128779,-1.0,True,False,False,False,101
coarse,600.0,1000.0,89.4,589.5282158837543,-999.9451693655121,41.577260826264606,40.94199228950513,-1.0,True,False,False,False,101
coarse,600.0,1000.0,89.45,590.4008365376,-999.9539269690489,41.55996004925628,40.93204484285016,-1.0,True,False,False,False,101
coarse,600.0,1000.0,89.5,591.2734645016261,-999.9619230641713,41.5426858320235,40.92286001796572,-1.0,True,False,False,False,101
coarse,600.0,1000.0,89.55,592.1460991112887,-999.9691576447897,41.52543813713483,40.914498217441505,-1.0,True,False,False,False,101
coarse,600.0,1000.0,89.6,593.0187397020384,-999.9756307053948,41.50821692726331,40.90690097253125,-1.0,True,False,False,False,101
coarse,600.0,1000.0,89.65,593.8913856093218,-999.9813422410571,41.49102216518616,40.90012812308544,-1.0,True,False,False,False,101
coarse,600.0,1000.0,89.7,594.7640361685804,-999.9862922474267,41.473853813784494,40.89412176279663,-1.0,True,False,False,False,101
coarse,600.0,1000.0,89.75,595.6366907152534,-999.9904807207345,41.45671183604383,40.88894117095422,-1.0,True,False,False,False,101
coarse,600.0,1000.0,89.8,596.5093485847761,-999.9939076577904,41.43959619505271,40.88452900151022,-1.0,True,False,False,False,101
coarse,600.0,1000.0,89.85,597.3820091125818,-999.9965730559848,41.4225068540031,40.880943975378166,-1.0,True,False,False,False,101
coarse,600.0,1000.0,89.9,598.2546716341018,-999.9984769132877,41.40544377619044,40.87812930458307,-1.0,True,False,False,False,101
coarse,600.0,1000.0,89.95,599.1273354847649,-999.9996192282495,41.38840692501278,40.87614315385514,-1.0,True,False,False,False,101
coarse,600.0,1000.0,90.0,599.9999999999999,-1000.0,41.371396263970695,40.87492929109864,-1.0,True,False,False,False,101
coarse,600.0,1000.0,90.05,600.872664515235,-999.9996192282495,41.35441175666723,40.87454532705983,-1.0,True,False,False,False,101
coarse,600.0,1000.0,90.1,601.7453283658981,-999.9984769132877,41.337453366807544,40.874935583321594,-1.0,True,False,False,False,101
coarse,600.0,1000.0,90.15,602.617990887418,-999.9965730559848,41.32052105819887,40.87615711885297,-1.0,True,False,False,False,101
coarse,600.0,1000.0,90.2,603.4906514152236,-999.9939076577904,41.30361479474984,40.878154806707514,-1.0,True,False,False,False,101
coarse,600.0,1000.0,90.25,604.3633092847465,-999.9904807207345,41.28673454047097,40.88098515629066,-1.0,True,False,False,False,101
coarse,600.0,1000.0,90.3,605.2359638314194,-999.9862922474267,41.26988025947318,40.884593589911674,-1.0,True,False,False,False,101
coarse,600.0,1000.0,90.35,606.1086143906781,-999.9813422410571,41.253051915969436,40.88903606963323,-1.0,True,False,False,False,101
coarse,600.0,1000.0,90.4,606.9812602979617,-999.9756307053948,41.23624947427252,40.894258564798236,-1.0,True,False,False,False,101
coarse,600.0,1000.0,90.45,607.8539008887115,-999.9691576447897,41.219472898796,40.90031649235444,-1.0,True,False,False,False,101
coarse,600.0,1000.0,90.5,608.726535498374,-999.9619230641713,41.20272215405406,40.907156366449215,-1.0,True,False,False,False,101
coarse,600.0,1000.0,90.55,609.5991634624002,-999.9539269690489,41.18599720466044,40.91483306115026,-1.0,True,False,False,False,101
coarse,600.0,1000.0,90.6,610.4717841162458,-999.9451693655121,41.16929801532881,40.92329363317333,-1.0,True,False,False,False,101
coarse,600.0,1000.0,90.65,611.3443967953724,-999.93565026023,41.15262455087311,40.93259241594789,-1.0,True,False,False,False,101
coarse,600.0,1000.0,90.7,612.2170008352473,-999.925369660452,41.135976776205275,40.94267700651492,-1.0,True,False,False,False,101
coarse,600.0,1000.0,90.75,613.0895955713445,-999.914327574007,41.119354656337904,40.95360119991442,-1.0,True,False,False,False,101
coarse,600.0,1000.0,90.8,613.9621803391452,-999.9025240093042,41.102758156381256,40.96531313126251,-1.0,True,False,False,False,101
coarse,600.0,1000.0,90.85,614.8347544741383,-999.8899589753325,41.086187241545446,40.97786605946556,-1.0,True,False,False,False,101
coarse,600.0,1000.0,90.9,615.7073173118207,-999.8766324816606,41.0696418771381,40.99120865545767,-1.0,True,False,False,False,101
coarse,600.0,1000.0,90.95,616.5798681876976,-999.8625445384374,41.053122028565475,41.005393644274285,-1.0,True,False,False,False,101
coarse,600.0,1000.0,91.0,617.4524064372835,-999.8476951563913,41.036627661331806,41.02037023040349,-1.0,True,False,False,False,101
coarse,600.0,1000.0,91.05,618.3249313961027,-999.8320843468308,41.053448384662495,41.03619060727943,1.0,True,False,False,False,101
coarse,600.0,1000.0,91.1,619.1974423996895,-999.8157121216442,41.07029528388958,41.05240480651513,1.0,True,False,False,False,101
coarse,600.0,1000.0,91.15,620.069938783589,-999.7985784932998,41.08716839413419,41.06864467720412,1.0,True,False,False,False,101
coarse,600.0,1000.0,91.2,620.9424198833569,-999.7806834748455,41.1040677506215,41.08491025238491,1.0,True,False,False,False,101
coarse,600.0,1000.0,91.25,621.814885034561,-999.7620270799091,41.12099338868051,41.10120156519601,1.0,True,False,False,False,101
coarse,600.0,1000.0,91.3,622.6873335727812,-999.7426093226983,41.137945343743965,41.11751864887588,1.0,True,False,False,False,101
coarse,600.0,1000.0,91.35,623.55976483361,-999.7224302180006,41.15492365134922,41.13386153676338,1.0,True,False,False,False,101
coarse,600.0,1000.0,91.4,624.4321781526531,-999.7014897811831,41.17192834713796,41.15023026229798,1.0,True,False,False,False,101
coarse,600.0,1000.0,91.45,625.3045728655296,-999.6797880281931,41.188959466856325,41.16662485901978,1.0,True,False,False,False,101
coarse,600.0,1000.0,91.5,626.176948307873,-999.6573249755572,41.20601704635626,41.18304536056982,1.0,True,False,False,False,101
coarse,600.0,1000.0,91.55,627.0493038153318,-999.6341006403823,41.22310112159358,41.19949180069033,1.0,True,False,False,False,101
coarse,600.0,1000.0,91.6,627.9216387235689,-999.6101150403543,41.24021172863134,41.215964213224865,1.0,True,False,False,False,101
coarse,600.0,1000.0,91.65,628.7939523682636,-999.5853681937397,41.25734890363636,41.23246263211857,1.0,True,False,False,False,101
coarse,600.0,1000.0,91.7,629.6662440851109,-999.559860119384,41.27451268288238,41.248987091418385,1.0,True,False,False,False,101
coarse,600.0,1000.0,91.75,630.5385132098227,-999.5335908367128,41.29170310274915,41.26553762527314,1.0,True,False,False,False,101
coarse,600.0,1000.0,91.8,631.4107590781283,-999.5065603657316,41.30892019972285,41.28211426793407,1.0,True,False,False,False,101
coarse,600.0,1000.0,91.85,632.2829810257745,-999.4787687270248,41.32616401039554,41.29871705375461,1.0,True,False,False,False,101
coarse,600.0,1000.0,91.9,633.1551783885263,-999.4502159417572,41.343434571467164,41.31534601719099,1.0,True,False,False,False,101
coarse,600.0,1000.0,91.95,634.0273505021675,-999.4209020316729,41.36073191974364,41.332001192802224,1.0,True,False,False,False,101
coarse,600.0,1000.0,92.0,634.899496702501,-999.3908270190958,41.37805609213946,41.348682615250425,1.0,True,False,False,False,101
coarse,600.0,1000.0,92.05,635.7716163253496,-999.3599909269292,41.39540712567543,41.36539031930093,1.0,True,False,False,False,101
coarse,600.0,1000.0,92.1,636.6437087065561,-999.3283937786563,41.41278505748055,41.3821243398227,1.0,True,False,False,False,101
coarse,600.0,1000.0,92.15,637.5157731819847,-999.2960355983396,41.43018992479229,41.39888471178834,1.0,True,False,False,False,101
coarse,600.0,1000.0,92.2,638.3878090875199,-999.2629164106212,41.44762176495596,41.415671470274454,1.0,True,False,False,False,101
coarse,600.0,1000.0,92.25,639.2598157590685,-999.2290362407228,41.46508061542519,41.43248465046172,1.0,True,False,False,False,101
coarse,600.0,1000.0,92.3,640.1317925325596,-999.1943951144459,41.482566513763075,41.44932428763543,1.0,True,False,False,False,101
coarse,600.0,1000.0,92.35,641.0037387439448,-999.1589930581711,41.50007949764079,41.466190417185224,1.0,True,False,False,False,101
coarse,600.0,1000.0,92.4,641.8756537291996,-999.1228300988583,41.51761960483943,41.48308307460582,1.0,True,False,False,False,101
coarse,600.0,1000.0,92.45,642.7475368243222,-999.0859062640476,41.5351868732497,41.500002295496884,1.0,True,False,False,False,101
coarse,600.0,1000.0,92.5,643.6193873653359,-999.0482215818578,41.55278134087118,41.51694811556348,1.0,True,False,False,False,101
coarse,600.0,1000.0,92.55,644.4912046882886,-999.0097760809875,41.570403045814274,41.53392057061609,1.0,True,False,False,False,101
coarse,600.0,1000.0,92.6,645.3629881292536,-998.9705697907148,41.58805202629944,41.550919696571064,1.0,True,False,False,False,101
coarse,600.0,1000.0,92.65,646.2347370243301,-998.9306027408966,41.605728320657335,41.567945529450675,1.0,True,False,False,False,101
coarse,600.0,1000.0,92.7,647.1064507096428,-998.88987496197,41.62343196732985,41.584998105383484,1.0,True,False,False,False,101
coarse,600.0,1000.0,92.75,647.978128521344,-998.8483864849507,41.64116300486965,41.602077460604455,1.0,True,False,False,False,101
coarse,600.0,1000.0,92.8,648.8497697956133,-998.8061373414341,41.658921471940495,41.61918363145529,1.0,True,False,False,False,101
coarse,600.0,1000.0,92.85,649.7213738686578,-998.7631275635946,41.67670740731794,41.636316654384615,1.0,True,False,False,False,101
coarse,600.0,1000.0,92.9,650.5929400767135,-998.7193571841862,41.69452084988952,41.6534765659482,1.0,True,False,False,False,101
coarse,600.0,1000.0,92.95,651.4644677560441,-998.6748262365419,41.7123618386539,41.67066340280924,1.0,True,False,False,False,101
coarse,600.0,1000.0,93.0,652.3359562429439,-998.6295347545738,41.73023041272312,41.687877201738544,1.0,True,False,True,False,101
refined,600.0,1000.0,90.9,615.7073173118207,-999.8766324816606,41.0696418771381,40.990982260648174,-1.0,True,False,False,False,201
refined,600.0,1000.0,90.91,615.881828465204,-999.873875808645,41.06633586726184,40.99376499408147,-1.0,True,False,False,False,201
refined,600.0,1000.0,90.92,616.0563391347995,-999.8710886777296,41.06303087774286,40.99658055206483,-1.0,True,False,False,False,201
refined,600.0,1000.0,90.93,616.2308493152907,-999.8682710889991,41.059726908304135,40.999428941284755,-1.0,True,False,False,False,201
refined,600.0,1000.0,90.94,616.4053590013621,-999.8654230425394,41.05642395867031,41.00231016842814,-1.0,True,False,False,False,201
refined,600.0,1000.0,90.95,616.5798681876976,-999.8625445384374,41.053122028565475,41.00522424018214,-1.0,True,False,False,False,201
refined,600.0,1000.0,90.96,616.7543768689811,-999.8596355767804,41.04982111771364,41.00817116323425,-1.0,True,False,False,False,201
refined,600.0,1000.0,90.97,616.9288850398976,-999.8566961576573,41.0465212258396,41.01115094427233,-1.0,True,False,False,False,201
refined,600.0,1000.0,90.98,617.1033926951307,-999.8537262811576,41.04322235266817,41.01416358998454,-1.0,True,False,False,False,201
refined,600.0,1000.0,90.99,617.2778998293645,-999.8507259473718,41.0399244979238,41.01720910705936,-1.0,True,False,False,False,201
refined,600.0,1000.0,91.0,617.4524064372835,-999.8476951563913,41.036627661331806,41.020287502185624,-1.0,True,False,False,False,201
refined,600.0,1000.0,91.01,617.6269125135717,-999.8446339083082,41.039989713608435,41.02339878205248,1.0,True,False,False,False,201
refined,600.0,1000.0,91.02,617.8014180529135,-999.841542203216,41.04335281180002,41.02654295334939,1.0,True,False,False,False,201
refined,600.0,1000.0,91.03,617.9759230499931,-999.8384200412088,41.046716956185904,41.02972002276619,1.0,True,False,False,False,201
refined,600.0,1000.0,91.04,618.1504274994949,-999.8352674223817,41.050082147046695,41.03292999699301,1.0,True,False,False,False,201
refined,600.0,1000.0,91.05,618.3249313961027,-999.8320843468308,41.053448384662495,41.036169757254584,1.0,True,False,False,False,201
refined,600.0,1000.0,91.06,618.4994347345016,-999.8288708146529,41.056815669313764,41.03941054305329,1.0,True,False,False,False,201
refined,600.0,1000.0,91.07,618.673937509375,-999.8256268259461,41.06018400128141,41.04265235465236,1.0,True,False,False,False,201
refined,600.0,1000.0,91.08,618.8484397154081,-999.822352380809,41.063553380845406,41.04589519231513,1.0,True,False,False,False,201
refined,600.0,1000.0,91.09,619.0229413472849,-999.8190474793415,41.0669238082881,41.04913905630508,1.0,True,False,False,False,201
refined,600.0,1000.0,91.1,619.1974423996895,-999.8157121216442,41.07029528388958,41.05238394688592,1.0,True,False,False,False,201
coarse,800.0,200.0,88.0,793.0201006594998,-199.87816540381914,29.309614203117928,29.05156287201702,-1.0,True,True,True,True,101
coarse,800.0,200.0,88.05,793.1945298995665,-199.88418040633456,29.30239077105873,29.044811072942256,-1.0,True,True,True,True,101
coarse,800.0,200.0,88.1,793.3689643222947,-199.89004318835143,29.295189186208187,29.03808049130853,-1.0,True,True,True,True,101
coarse,800.0,200.0,88.15,793.5434037948452,-199.89575374540496,29.288009433749398,29.03137111411022,-1.0,True,True,True,True,101
coarse,800.0,200.0,88.2,793.7178481843744,-199.90131207314633,29.280851498954057,29.024682928425925,-1.0,True,True,True,True,101
coarse,800.0,200.0,88.25,793.8922973580355,-199.90671816734258,29.273715367181897,29.01801592141832,-1.0,True,True,True,True,101
coarse,800.0,200.0,88.3,794.0667511829779,-199.9119720238768,29.26660102388092,29.011370080334167,-1.0,True,True,True,True,101
coarse,800.0,200.0,88.35,794.2412095263473,-199.91707363874792,29.25950845458728,29.004745392504148,-1.0,True,True,True,True,101
coarse,800.0,200.0,88.4,794.4156722552863,-199.92202300807088,29.252437644924896,28.99814184534282,-1.0,True,True,True,True,101
coarse,800.0,200.0,88.45,794.5901392369336,-199.92682012807646,29.245388580605763,28.99155942634852,-1.0,True,True,True,True,101
coarse,800.0,200.0,88.5,794.7646103384254,-199.93146499511144,29.238361247429495,28.984998123103292,-1.0,True,True,True,True,101
coarse,800.0,200.0,88.55,794.939085426894,-199.93595760563863,29.231355631283442,28.978457923272796,-1.0,True,True,True,True,101
coarse,800.0,200.0,88.6,795.1135643694694,-199.94029795623663,29.22437171814242,28.97193881460623,-1.0,True,True,True,True,101
coarse,800.0,200.0,88.65,795.288047033278,-199.9444860436001,29.217409494068896,28.965440784936252,-1.0,True,True,True,True,101
coarse,800.0,200.0,88.7,795.4625332854438,-199.94852186453966,29.21046894521264,28.95896382217891,-1.0,True,True,True,True,101
coarse,800.0,200.0,88.75,795.6370229930877,-199.95240541598181,29.203550057810556,28.95250791433355,-1.0,True,True,True,True,101
coarse,800.0,200.0,88.8,795.8115160233286,-199.9561366949691,29.196652818186983,28.94607304948273,-1.0,True,True,True,True,101
coarse,800.0,200.0,88.85,795.9860122432822,-199.95971569865995,29.189777212753125,28.939659215792176,-1.0,True,True,True,True,101
coarse,800.0,200.0,88.9,796.1605115200621,-199.96314242432885,29.182923228007283,28.93326640151066,-1.0,True,True,True,True,101
coarse,800.0,200.0,88.95,796.3350137207794,-199.96641686936616,29.176090850534678,28.92689459497,-1.0,True,True,True,True,101
coarse,800.0,200.0,89.0,796.5095187125432,-199.96953903127826,29.169280067007467,28.92054378458489,-1.0,True,True,True,True,101
coarse,800.0,200.0,89.05,796.6840263624605,-199.97250890768748,29.162490864184182,28.914213958852876,-1.0,True,True,False,False,101
coarse,800.0,200.0,89.1,796.8585365376358,-199.97532649633212,29.155723228910357,28.90798063520586,-1.0,True,True,False,False,101
coarse,800.0,200.0,89.15,797.0330491051723,-199.9779917950665,29.148977148117915,28.90204922203924,-1.0,True,True,False,False,101
coarse,800.0,200.0,89.2,797.207563932171,-199.98050480186086,29.14225260882522,28.896434002168405,-1.0,True,True,False,False,101
coarse,800.0,200.0,89.25,797.382080885731,-199.9828655148014,29.135549598136997,28.891129810690273,-1.0,True,True,False,False,101
coarse,800.0,200.0,89.3,797.5565998329506,-199.9850739320904,29.12886810324442,28.88614175602493,-1.0,True,True,False,False,101
coarse,800.0,200.0,89.35,797.7311206409255,-199.987130052046,29.122208111424634,28.88146479931751,-1.0,True,True,False,False,101
coarse,800.0,200.0,89.4,797.9056431767509,-199.98903387310241,29.115569610041096,28.87710392219959,-1.0,True,True,False,False,101
coarse,800.0,200.0,89.45,798.08016730752,-199.9907853938098,29.108952586543143,28.87305421282518,-1.0,True,True,False,False,101
coarse,800.0,200.0,89.5,798.2546929003253,-199.99238461283426,29.10235702846616,28.869320525076105,-1.0,True,True,False,False,101
coarse,800.0,200.0,89.55,798.4292198222578,-199.99383152895794,29.095782923431408,28.865898075075787,-1.0,True,True,False,False,101
coarse,800.0,200.0,89.6,798.6037479404076,-199.99512614107894,29.089230259145975,28.86279158799521,-1.0,True,True,False,False,101
coarse,800.0,200.0,89.65,798.7782771218643,-199.99626844821142,29.082699023402373,28.85999640888764,-1.0,True,True,False,False,101
coarse,800.0,200.0,89.7,798.952807233716,-199.99725844948534,29.076189204079174,28.85751713325224,-1.0,True,True,False,False,101
coarse,800.0,200.0,89.75,799.1273381430507,-199.9980961441469,29.06970078914018,28.855349236032435,-1.0,True,True,False,False,101
coarse,800.0,200.0,89.8,799.3018697169553,-199.99878153155808,29.063233766634756,28.853497182094664,-1.0,True,True,False,False,101
coarse,800.0,200.0,89.85,799.4764018225163,-199.99931461119695,29.05678812469775,28.85195657723275,-1.0,True,True,False,False,101
coarse,800.0,200.0,89.9,799.6509343268203,-199.99969538265753,29.05036385154923,28.850731754719675,-1.0,True,True,False,False,101
coarse,800.0,200.0,89.95,799.8254670969529,-199.99992384564987,29.043960935494525,28.84981845215974,-1.0,True,True,False,False,101
coarse,800.0,200.0,90.0,800.0,-200.0,29.037579364924,28.84922087027181,-1.0,True,True,False,False,101
coarse,800.0,200.0,90.05,800.174532903047,-199.99992384564987,29.03121912831348,28.84893487943068,-1.0,True,True,False,False,101
coarse,800.0,200.0,90.1,800.3490656731797,-199.99969538265753,29.024880214223476,28.848964546840588,-1.0,True,True,False,False,101
coarse,800.0,200.0,90.15,800.5235981774836,-199.99931461119695,29.018562611299593,28.849305876606664,-1.0,True,True,False,False,101
coarse,800.0,200.0,90.2,800.6981302830447,-199.99878153155808,29.01226630827218,28.849962801458133,-1.0,True,True,False,False,101
coarse,800.0,200.0,90.25,800.8726618569493,-199.9980961441469,29.00599129395662,28.850931460190257,-1.0,True,True,False,False,101
coarse,800.0,200.0,90.3,801.0471927662838,-199.99725844948534,28.999737557252924,28.85221565009696,-1.0,True,True,False,False,101
coarse,800.0,200.0,90.35,801.2217228781357,-199.99626844821142,28.993505087145586,28.85381164562322,-1.0,True,True,False,False,101
coarse,800.0,200.0,90.4,801.3962520595924,-199.99512614107894,28.987293872704086,28.855723107667558,-1.0,True,True,False,False,101
coarse,800.0,200.0,90.45,801.5707801777423,-199.99383152895794,28.98110390308205,28.857946447284217,-1.0,True,True,False,False,101
coarse,800.0,200.0,90.5,801.7453070996748,-199.99238461283426,28.974935167517863,28.86048518801625,-1.0,True,True,False,False,101
coarse,800.0,200.0,90.55,801.91983269248,-199.9907853938098,28.96878765533415,28.863335878486566,-1.0,True,True,False,False,101
coarse,800.0,200.0,90.6,802.0943568232492,-199.98903387310241,28.962661355937946,28.866501903922888,-1.0,True,True,False,False,101
coarse,800.0,200.0,90.65,802.2688793590745,-199.987130052046,28.956556258820537,28.86997995147606,-1.0,True,True,False,False,101
coarse,800.0,200.0,90.7,802.4434001670495,-199.9850739320904,28.950472353557334,28.873773267098684,-1.0,True,True,False,False,101
coarse,800.0,200.0,90.75,802.617919114269,-199.9828655148014,28.944409629808096,28.87787867742871,-1.0,True,True,False,False,101
coarse,800.0,200.0,90.8,802.792436067829,-199.98050480186086,28.938368077316504,28.88229928818401,-1.0,True,True,False,False,101
coarse,800.0,200.0,90.85,802.9669508948276,-199.9779917950665,28.932347685910294,28.887032066448644,-1.0,True,True,False,False,101
coarse,800.0,200.0,90.9,803.1414634623642,-199.97532649633212,28.926348445501166,28.892079976746253,-1.0,True,True,False,False,101
coarse,800.0,200.0,90.95,803.3159736375395,-199.97250890768748,28.920370346084837,28.89744012756591,-1.0,True,True,False,False,101
coarse,800.0,200.0,91.0,803.4904812874566,-199.96953903127826,28.914413377740686,28.903115341277672,-1.0,True,True,False,False,101
coarse,800.0,200.0,91.05,803.6649862792206,-199.96641686936616,28.921192911689264,28.909102868734394,1.0,True,True,False,False,101
coarse,800.0,200.0,91.1,803.8394884799379,-199.96314242432885,28.927993602240342,28.915392387385495,1.0,True,True,False,False,101
coarse,800.0,200.0,91.15,804.0139877567178,-199.95971569865995,28.934815462549462,28.921770505887892,1.0,True,True,False,False,101
coarse,800.0,200.0,91.2,804.1884839766714,-199.9561366949691,28.94165850585612,28.928169578795355,1.0,True,True,False,False,101
coarse,800.0,200.0,91.25,804.3629770069122,-199.95240541598181,28.9485227454837,28.934589617776894,1.0,True,True,False,False,101
coarse,800.0,200.0,91.3,804.5374667145562,-199.94852186453966,28.955408194839716,28.941030634583935,1.0,True,True,False,False,101
coarse,800.0,200.0,91.35,804.711952966722,-199.9444860436001,28.962314867415806,28.947492641050456,1.0,True,True,False,False,101
coarse,800.0,200.0,91.4,804.8864356305306,-199.94029795623663,28.96924277678779,28.953975649093017,1.0,True,True,False,False,101
coarse,800.0,200.0,91.45,805.060914573106,-199.93595760563863,28.9761919366161,28.960479670710864,1.0,True,True,False,False,101
coarse,800.0,200.0,91.5,805.2353896615746,-199.93146499511144,28.983162360645217,28.967004717985997,1.0,True,True,False,False,101
coarse,800.0,200.0,91.55,805.4098607630664,-199.92682012807646,28.990154062704306,28.973550803083246,1.0,True,True,False,False,101
coarse,800.0,200.0,91.6,805.5843277447137,-199.92202300807088,28.997167056707347,28.980117938250356,1.0,True,True,False,False,101
coarse,800.0,200.0,91.65,805.7587904736528,-199.91707363874792,29.004201356652683,28.98670613581806,1.0,True,True,False,False,101
coarse,800.0,200.0,91.7,805.9332488170222,-199.9119720238768,29.011256976623642,28.99331540820014,1.0,True,True,False,False,101
coarse,800.0,200.0,91.75,806.1077026419646,-199.90671816734258,29.018333930788405,28.99994576789357,1.0,True,True,False,False,101
coarse,800.0,200.0,91.8,806.2821518156256,-199.90131207314633,29.02543223340034,29.006597227478515,1.0,True,True,False,False,101
coarse,800.0,200.0,91.85,806.4565962051549,-199.89575374540496,29.03255189879765,29.0132697996185,1.0,True,True,False,False,101
coarse,800.0,200.0,91.9,806.6310356777053,-199.89004318835143,29.039692941403874,29.019963497060413,1.0,True,True,False,False,101
coarse,800.0,200.0,91.95,806.8054701004335,-199.88418040633456,29.046855375727755,29.026678332634624,1.0,True,True,False,False,101
coarse,800.0,200.0,92.0,806.9798993405002,-199.87816540381914,29.054039216363623,29.033414319255108,1.0,True,True,False,False,101
coarse,800.0,200.0,92.05,807.1543232650699,-199.87199818538585,29.061244477991163,29.040171469919454,1.0,True,True,False,False,101
coarse,800.0,200.0,92.1,807.3287417413112,-199.86567875573124,29.068471175375663,29.04694979770901,1.0,True,True,False,False,101
coarse,800.0,200.0,92.15,807.503154636397,-199.85920711966793,29.07571932336824,29.05374931578894,1.0,True,True,False,False,101
coarse,800.0,200.0,92.2,807.6775618175039,-199.85258328212424,29.082988936905608,29.060570037408343,1.0,True,True,False,False,101
coarse,800.0,200.0,92.25,807.8519631518137,-199.84580724814458,29.090280031010582,29.067411975900303,1.0,True,True,False,False,101
coarse,800.0,200.0,92.3,808.0263585065119,-199.8388790228892,29.09759262079199,29.07427514468202,1.0,True,True,False,False,101
coarse,800.0,200.0,92.35,808.200747748789,-199.8317986116342,29.10492672144476,29.081159557254843,1.0,True,True,False,False,101
coarse,800.0,200.0,92.4,808.3751307458399,-199.82456601977168,29.112282348249924,29.088065227204442,1.0,True,True,False,False,101
coarse,800.0,200.0,92.45,808.5495073648644,-199.81718125280952,29.119659516575055,29.09499216820082,1.0,True,True,False,False,101
coarse,800.0,200.0,92.5,808.7238774730672,-199.80964431637156,29.12705824187401,29.101940393998458,1.0,True,True,False,False,101
coarse,800.0,200.0,92.55,808.8982409376578,-199.8019552161975,29.13447853968745,29.108909918436375,1.0,True,True,False,False,101
coarse,800.0,200.0,92.6,809.0725976258507,-199.79411395814296,29.141920425642507,29.11590075543826,1.0,True,True,False,False,101
coarse,800.0,200.0,92.65,809.246947404866,-199.78612054817933,29.149383915453082,29.122912919012542,1.0,True,True,False,False,101
coarse,800.0,200.0,92.7,809.4212901419286,-199.777974992394,29.156869024920095,29.129946423252495,1.0,True,True,False,False,101
coarse,800.0,200.0,92.75,809.5956257042689,-199.76967729699012,29.164375769931507,29.137001282336286,1.0,True,True,False,False,101
coarse,800.0,200.0,92.8,809.7699539591226,-199.76122746828682,29.171904166462127,29.14407751052719,1.0,True,True,False,False,101
coarse,800.0,200.0,92.85,809.9442747737315,-199.75262551271894,29.179454230574418,29.15117512217357,1.0,True,True,False,False,101
coarse,800.0,200.0,92.9,810.1185880153427,-199.74387143683722,29.187025978417932,29.158294131709038,1.0,True,True,False,False,101
coarse,800.0,200.0,92.95,810.2928935512089,-199.7349652473084,29.19461942622967,29.165434553652528,1.0,True,True,False,False,101
coarse,800.0,200.0,93.0,810.4671912485887,-199.72590695091478,29.202234590334438,29.172596402608402,1.0,True,True,True,True,101
refined,800.0,200.0,90.9,803.1414634623642,-199.97532649633212,28.926348445501166,28.89196922531656,-1.0,True,True,False,False,201
refined,800.0,200.0,90.91,803.1763656930408,-199.974775161729,28.925151134657167,28.893021143069568,-1.0,True,True,False,False,201
refined,800.0,200.0,90.92,803.2112678269599,-199.97421773554592,28.923954669372943,28.89408566580871,-1.0,True,True,False,False,201
refined,800.0,200.0,90.93,803.2461698630582,-199.97365421779983,28.922759049568967,28.895162793541743,-1.0,True,True,False,False,201
refined,800.0,200.0,90.94,803.2810718002725,-199.9730846085079,28.92156427516607,28.896252526276342,-1.0,True,True,False,False,201
refined,800.0,200.0,90.95,803.3159736375395,-199.97250890768748,28.920370346084837,28.89735486402006,-1.0,True,True,False,False,201
refined,800.0,200.0,90.96,803.3508753737963,-199.97192711535607,28.919177262246183,28.898469806780337,-1.0,True,True,False,False,201
refined,800.0,200.0,90.97,803.3857770079795,-199.9713392315315,28.91798502357117,28.899597354564516,-1.0,True,True,False,False,201
refined,800.0,200.0,90.98,803.4206785390261,-199.97074525623154,28.916793629981143,28.900737507379823,-1.0,True,True,False,False,201
refined,800.0,200.0,90.99,803.4555799658729,-199.97014518947435,28.915603081397084,28.901890265233373,-1.0,True,True,False,False,201
refined,800.0,200.0,91.0,803.4904812874566,-199.96953903127826,28.914413377740686,28.90305562813218,-1.0,True,True,False,False,201
refined,800.0,200.0,91.01,803.5253825027144,-199.96892678166165,28.915767592630825,28.90423359608315,1.0,True,True,False,False,201
refined,800.0,200.0,91.02,803.5602836105827,-199.9683084406432,28.91712265336627,28.905424169093056,1.0,True,True,False,False,201
refined,800.0,200.0,91.03,803.5951846099986,-199.96768400824178,28.91847856005141,28.906627347168595,1.0,True,True,False,False,201
refined,800.0,200.0,91.04,803.630085499899,-199.96705348447634,28.91983531279083,28.907843130316344,1.0,True,True,False,False,201
refined,800.0,200.0,91.05,803.6649862792206,-199.96641686936616,28.921192911689264,28.909071518542746,1.0,True,True,False,False,201
refined,800.0,200.0,91.06,803.6998869469003,-199.9657741629306,28.922551356851486,28.910312511854173,1.0,True,True,False,False,201
refined,800.0,200.0,91.07,803.734787501875,-199.9651253651892,28.923910648382513,28.911566110256864,1.0,True,True,False,False,201
refined,800.0,200.0,91.08,803.7696879430816,-199.9644704761618,28.925270786387568,28.91283231375696,1.0,True,True,False,False,201
refined,800.0,200.0,91.09,803.804588269457,-199.9638094958683,28.926631770971714,28.914104585489042,1.0,True,True,False,False,201
refined,800.0,200.0,91.1,803.8394884799379,-199.96314242432885,28.927993602240342,28.915377694839073,1.0,True,True,False,False,201
coarse,800.0,400.0,88.0,786.0402013189996,-399.7563308076383,32.151010315883134,31.68905906192265,-1.0,True,True,True,True,101
coarse,800.0,400.0,88.05,786.389059799133,-399.76836081266913,32.13871412176964,31.677329769072088,-1.0,True,True,True,True,101
coarse,800.0,400.0,88.1,786.7379286445894,-399.78008637670285,32.12643994916979,31.665621381735388,-1.0,True,True,True,True,101
coarse,800.0,400.0,88.15,787.0868075896902,-399.7915074908099,32.114187772182746,31.653933876077488,-1.0,True,True,True,True,101
coarse,800.0,400.0,88.2,787.4356963687487,-399.80262414629266,32.10195756499844,31.642267228346842,-1.0,True,True,True,True,101
coarse,800.0,400.0,88.25,787.784594716071,-399.81343633468515,32.0897493018977,31.630621414875247,-1.0,True,True,True,True,101
coarse,800.0,400.0,88.3,788.1335023659557,-399.8239440477536,32.07756295725224,31.618996412077735,-1.0,True,True,True,True,101
coarse,800.0,400.0,88.35,788.4824190526946,-399.83414727749584,32.06539850552393,31.60739219645248,-1.0,True,True,True,True,101
coarse,800.0,400.0,88.4,788.8313445105725,-399.84404601614176,32.05325592126542,31.59580874458052,-1.0,True,True,True,True,101
coarse,800.0,400.0,88.45,789.1802784738674,-399.8536402561529,32.04113517911946,31.5842460331257,-1.0,True,True,True,True,101
coarse,800.0,400.0,88.5,789.5292206768507,-399.8629299902229,32.02903625381902,31.572704038834534,-1.0,True,True,True,True,101
coarse,800.0,400.0,88.55,789.8781708537881,-399.87191521127727,32.01695912018643,31.561182738536026,-1.0,True,True,True,True,101
coarse,800.0,400.0,88.6,790.2271287389387,-399.88059591247327,32.004903753134286,31.5496821091415,-1.0,True,True,True,True,101
coarse,800.0,400.0,88.65,790.5760940665559,-399.8889720872002,31.9928701276646,31.538202127644528,-1.0,True,True,True,True,101
coarse,800.0,400.0,88.7,790.9250665708875,-399.8970437290793,31.980858218868622,31.52674277112075,-1.0,True,True,True,True,101
coarse,800.0,400.0,88.75,791.2740459861756,-399.90481083196363,31.96886800192709,31.51530401672773,-1.0,True,True,True,True,101
coarse,800.0,400.0,88.8,791.6230320466572,-399.9122733899382,31.95689945210963,31.50388584170479,-1.0,True,True,True,True,101
coarse,800.0,400.0,88.85,791.9720244865644,-399.9194313973199,31.94495254477506,31.492488223372945,-1.0,True,True,True,True,101
coarse,800.0,400.0,88.9,792.3210230401241,-399.9262848486577,31.933027255370508,31.4811111391347,-1.0,True,True,True,True,101
coarse,800.0,400.0,88.95,792.6700274415589,-399.9328337387323,31.921123559431972,31.469754566473934,-1.0,True,True,True,True,101
coarse,800.0,400.0,89.0,793.0190374250866,-399.9390780625565,31.909241432584285,31.458418482955757,-1.0,True,True,True,True,101
coarse,800.0,400.0,89.05,793.368052724921,-399.94501781537497,31.89738085053998,31.447131356888264,-1.0,True,True,False,False,101
coarse,800.0,400.0,89.1,793.7170730752716,-399.95065299266423,31.8855417890999,31.43628113126193,-1.0,True,True,False,False,101
coarse,800.0,400.0,89.15,794.0660982103446,-399.955983590133,31.87372422415328,31.42599706729632,-1.0,True,True,False,False,101
coarse,800.0,400.0,89.2,794.4151278643419,-399.9610096037217,31.861928131676574,31.416265489064244,-1.0,True,True,False,False,101
coarse,800.0,400.0,89.25,794.7641617714621,-399.9657310296028,31.850153487734243,31.407100067718726,-1.0,True,True,False,False,101
coarse,800.0,400.0,89.3,795.1131996659011,-399.9701478641808,31.838400268478523,31.398487315141974,-1.0,True,True,False,False,101
coarse,800.0,400.0,89.35,795.4622412818511,-399.974260104092,31.82666845014864,31.390440714519542,-1.0,True,True,False,False,101
coarse,800.0,400.0,89.4,795.8112863535017,-399.97806774620483,31.81495800907118,31.382946966439906,-1.0,True,True,False,False,101
coarse,800.0,400.0,89.45,796.16033461504,-399.9815707876196,31.803268921659956,31.376019365219893,-1.0,True,True,False,False,101
coarse,800.0,400.0,89.5,796.5093858006504,-399.9847692256685,31.791601164415546,31.369644801052022,-1.0,True,True,False,False,101
coarse,800.0,400.0,89.55,796.8584396445154,-399.9876630579159,31.77995471392556,31.36383637848221,-1.0,True,True,False,False,101
coarse,800.0,400.0,89.6,797.2074958808154,-399.9902522821579,31.768329546864223,31.35858117820577,-1.0,True,True,False,False,101
coarse,800.0,400.0,89.65,797.5565542437287,-399.99253689642285,31.75672563999186,31.353892114094485,-1.0,True,True,False,False,101
coarse,800.0,400.0,89.7,797.9056144674322,-399.9945168989707,31.74514297015576,31.34975645824613,-1.0,True,True,False,False,101
coarse,800.0,400.0,89.75,798.2546762861014,-399.9961922882938,31.733581514289074,31.346186932954385,-1.0,True,True,False,False,101
coarse,800.0,400.0,89.8,798.6037394339105,-399.99756306311616,31.72204124941111,31.343171002619968,-1.0,True,True,False,False,101
coarse,800.0,400.0,89.85,798.9528036450328,-399.9986292223939,31.71052215262727,31.34072119705344,-1.0,True,True,False,False,101
coarse,800.0,400.0,89.9,799.3018686536407,-399.99939076531507,31.699024201128484,31.338825173860013,-1.0,True,True,False,False,101
coarse,800.0,400.0,89.95,799.650934193906,-399.99984769129975,31.687547372191673,31.337495269461215,-1.0,True,True,False,False,101
coarse,800.0,400.0,90.0,800.0,-400.0,31.676091643178953,31.33671933556912,-1.0,True,True,False,False,101
coarse,800.0,400.0,90.05,800.349065806094,-399.99984769129975,31.664656991538195,31.336509514309437,-1.0,True,True,False,False,101
coarse,800.0,400.0,90.1,800.6981313463592,-399.99939076531507,31.65324339480212,31.336853852404378,-1.0,True,True,False,False,101
coarse,800.0,400.0,90.15,801.0471963549672,-399.9986292223939,31.64185083058887,31.337764296776104,-1.0,True,True,False,False,101
coarse,800.0,400.0,90.2,801.3962605660895,-399.99756306311616,31.630479276601328,31.339229090061206,-1.0,True,True,False,False,101
coarse,800.0,400.0,90.25,801.7453237138985,-399.9961922882938,31.619128710627656,31.341259983069666,-1.0,True,True,False,False,101
coarse,800.0,400.0,90.3,802.0943855325678,-399.9945168989707,31.607799110540245,31.34384541525752,-1.0,True,True,False,False,101
coarse,800.0,400.0,90.35,802.4434457562712,-399.99253689642285,31.59649045429638,31.346996940413025,-1.0,True,True,False,False,101
coarse,800.0,400.0,90.4,802.7925041191847,-399.9902522821579,31.585202719937637,31.35070319571775,-1.0,True,True,False,False,101
coarse,800.0,400.0,90.45,803.1415603554846,-399.9876630579159,31.573935885589933,31.354975537027762,-1.0,True,True,False,False,101
coarse,800.0,400.0,90.5,803.4906141993496,-399.9847692256685,31.562689929463442,31.359802800157,-1.0,True,True,False,False,101
coarse,800.0,400.0,90.55,803.8396653849601,-399.9815707876196,31.551464829852478,31.365196142118055,-1.0,True,True,False,False,101
coarse,800.0,400.0,90.6,804.1887136464983,-399.97806774620483,31.54026056513507,31.371144598265058,-1.0,True,True,False,False,101
coarse,800.0,400.0,90.65,804.537758718149,-399.974260104092,31.529077113773123,31.377659125854887,-1.0,True,True,False,False,101
coarse,800.0,400.0,90.7,804.8868003340989,-399.9701478641808,31.51791445431235,31.384728960690527,-1.0,True,True,False,False,101
coarse,800.0,400.0,90.75,805.2358382285378,-399.9657310296028,31.506772565382064,31.39236485936,-1.0,True,True,False,False,101
coarse,800.0,400.0,90.8,805.5848721356581,-399.9610096037217,31.49565142569455,31.400556259024768,-1.0,True,True,False,False,101
coarse,800.0,400.0,90.85,805.9339017896554,-399.955983590133,31.4845510140461,31.409313714689986,-1.0,True,True,False,False,101
coarse,800.0,400.0,90.9,806.2829269247283,-399.95065299266423,31.473471309315624,31.418626865786045,-1.0,True,True,False,False,101
coarse,800.0,400.0,90.95,806.631947275079,-399.94501781537497,31.46241229046548,31.428506064820283,-1.0,True,True,False,False,101
coarse,800.0,400.0,91.0,806.9809625749134,-399.9390780625565,31.451373936540524,31.43894115440344,-1.0,True,True,False,False,101
coarse,800.0,400.0,91.05,807.3299725584411,-399.9328337387323,31.463168562545658,31.449942283629202,1.0,True,True,False,False,101
coarse,800.0,400.0,91.1,807.6789769598759,-399.9262848486577,31.47498399107378,31.461273291283216,1.0,True,True,False,False,101
coarse,800.0,400.0,91.15,808.0279755134356,-399.9194313973199,31.48682024611581,31.472624744988398,1.0,True,True,False,False,101
coarse,800.0,400.0,91.2,808.3769679533427,-399.9122733899382,31.498677351746114,31.483996667112127,1.0,True,True,False,False,101
coarse,800.0,400.0,91.25,808.7259540138244,-399.90481083196363,31.510555332122042,31.495389080102434,1.0,True,True,False,False,101
coarse,800.0,400.0,91.3,809.0749334291124,-399.8970437290793,31.522454211485268,31.506802006488293,1.0,True,True,False,False,101
coarse,800.0,400.0,91.35,809.423905933444,-399.8889720872002,31.53437401416063,31.518235468879674,1.0,True,True,False,False,101
coarse,800.0,400.0,91.4,809.7728712610613,-399.88059591247327,31.54631476455709,31.5296894899677,1.0,True,True,False,False,101
coarse,800.0,400.0,91.45,810.1218291462118,-399.87191521127727,31.558276487168037,31.54116409252476,1.0,True,True,False,False,101
coarse,800.0,400.0,91.5,810.4707793231493,-399.8629299902229,31.57025920657057,31.552659299404734,1.0,True,True,False,False,101
coarse,800.0,400.0,91.55,810.8197215261328,-399.8536402561529,31.582262947426404,31.56417513354301,1.0,True,True,False,False,101
coarse,800.0,400.0,91.6,811.1686554894276,-399.84404601614176,31.594287734481966,31.575711617956742,1.0,True,True,False,False,101
coarse,800.0,400.0,91.65,811.5175809473054,-399.83414727749584,31.606333592568316,31.587268775744896,1.0,True,True,False,False,101
coarse,800.0,400.0,91.7,811.8664976340443,-399.8239440477536,31.618400546601027,31.598846630088463,1.0,True,True,False,False,101
coarse,800.0,400.0,91.75,812.215405283929,-399.81343633468515,31.630488621581208,31.61044520425053,1.0,True,True,False,False,101
coarse,800.0,400.0,91.8,812.5643036312513,-399.80262414629266,31.642597842595045,31.622064521576572,1.0,True,True,False,False,101
coarse,800.0,400.0,91.85,812.9131924103098,-399.7915074908099,31.654728234813604,31.633704605494355,1.0,True,True,False,False,101
coarse,800.0,400.0,91.9,813.2620713554105,-399.78008637670285,31.666879823494053,31.645365479514325,1.0,True,True,False,False,101
coarse,800.0,400.0,91.95,813.610940200867,-399.76836081266913,31.67905263397909,31.657047167229596,1.0,True,True,False,False,101
coarse,800.0,400.0,92.0,813.9597986810004,-399.7563308076383,31.691246691696843,31.668749692316183,1.0,True,True,False,False,101
coarse,800.0,400.0,92.05,814.3086465301398,-399.7439963707717,31.703462022162178,31.680473078533087,1.0,True,True,False,False,101
coarse,800.0,400.0,92.1,814.6574834826224,-399.7313575114625,31.715698650975337,31.692217349722505,1.0,True,True,False,False,101
coarse,800.0,400.0,92.15,815.0063092727939,-399.71841423933586,31.727956603823692,31.70398252980992,1.0,True,True,False,False,101
coarse,800.0,400.0,92.2,815.355123635008,-399.7051665642485,31.740235906480216,31.71576864280429,1.0,True,True,False,False,101
coarse,800.0,400.0,92.25,815.7039263036274,-399.69161449628916,31.75253658480565,31.727575712798206,1.0,True,True,False,False,101
coarse,800.0,400.0,92.3,816.0527170130239,-399.6777580457784,31.764858664746498,31.739403763968042,1.0,True,True,False,False,101
coarse,800.0,400.0,92.35,816.4014954975779,-399.6635972232684,31.777202172336818,31.751252820574017,1.0,True,True,False,False,101
coarse,800.0,400.0,92.4,816.7502614916798,-399.64913203954336,31.789567133697908,31.763122906960543,1.0,True,True,False,False,101
coarse,800.0,400.0,92.45,817.0990147297289,-399.63436250561904,31.801953575038258,31.77501404755616,1.0,True,True,False,False,101
coarse,800.0,400.0,92.5,817.4477549461344,-399.6192886327431,31.814361522653808,31.786926266873845,1.0,True,True,False,False,101
coarse,800.0,400.0,92.55,817.7964818753154,-399.603910432395,31.8267910029285,31.798859589511128,1.0,True,True,False,False,101
coarse,800.0,400.0,92.6,818.1451952517015,-399.5882279162859,31.83924204233388,31.81081404015021,1.0,True,True,False,False,101
coarse,800.0,400.0,92.65,818.4938948097321,-399.57224109635865,31.851714667429402,31.822789643558142,1.0,True,True,False,False,101
coarse,800.0,400.0,92.7,818.8425802838572,-399.555949984788,31.864208904863087,31.83478642458705,1.0,True,True,False,False,101
coarse,800.0,400.0,92.75,819.1912514085376,-399.53935459398025,31.876724781371465,31.846804408174172,1.0,True,True,False,False,101
coarse,800.0,400.0,92.8,819.5399079182453,-399.52245493657364,31.889262323779082,31.85884361934211,1.0,True,True,False,False,101
coarse,800.0,400.0,92.85,819.8885495474631,-399.5052510254379,31.90182155899978,31.87090408319901,1.0,True,True,False,False,101
coarse,800.0,400.0,92.9,820.2371760306854,-399.48774287367445,31.91440251403591,31.88298582493859,1.0,True,True,False,False,101
coarse,800.0,400.0,92.95,820.5857871024176,-399.4699304946168,31.927005215979346,31.89508886984046,1.0,True,True,False,False,101
coarse,800.0,400.0,93.0,820.9343824971776,-399.45181390182955,31.939629692010886,31.90721324327019,1.0,True,True,True,True,101
refined,800.0,400.0,90.9,806.2829269247283,-399.95065299266423,31.473471309315624,31.41846311381829,-1.0,True,True,False,False,201
refined,800.0,400.0,90.91,806.3527313860816,-399.949550323458,31.47125785134696,31.420402835564428,-1.0,True,True,False,False,201
refined,800.0,400.0,90.92,806.4225356539198,-399.94843547109184,31.46904522064526,31.42236510200712,-1.0,True,True,False,False,201
refined,800.0,400.0,90.93,806.4923397261163,-399.94730843559967,31.466833417042874,31.424349913522207,-1.0,True,True,False,False,201
refined,800.0,400.0,90.94,806.5621436005448,-399.9461692170158,31.46462244037208,31.426357270485582,-1.0,True,True,False,False,201
refined,800.0,400.0,90.95,806.631947275079,-399.94501781537497,31.46241229046548,31.42838717327326,-1.0,True,True,False,False,201
refined,800.0,400.0,90.96,806.7017507475924,-399.94385423071213,31.460202967155524,31.430439622261304,-1.0,True,True,False,False,201
refined,800.0,400.0,90.97,806.771554015959,-399.942678463063,31.45799447027506,31.43251461782592,-1.0,True,True,False,False,201
refined,800.0,400.0,90.98,806.8413570780523,-399.9414905124631,31.455786799657055,31.434612160343338,-1.0,True,True,False,False,201
refined,800.0,400.0,90.99,806.9111599317458,-399.9402903789487,31.45357995513445,31.436732250189937,-1.0,True,True,False,False,201
refined,800.0,400.0,91.0,806.9809625749134,-399.9390780625565,31.451373936540524,31.438874887742138,-1.0,True,True,False,False,201
refined,800.0,400.0,91.01,807.0507650054287,-399.9378535633233,31.45373119868832,31.441040073376477,1.0,True,True,False,False,201
refined,800.0,400.0,91.02,807.1205672211654,-399.9366168812864,31.45608929217175,31.443227807469572,1.0,True,True,False,False,201
refined,800.0,400.0,91.03,807.1903692199973,-399.93536801648355,31.458448217181488,31.445438090398127,1.0,True,True,False,False,201
refined,800.0,400.0,91.04,807.260170999798,-399.9341069689527,31.460807973908953,31.447670922538926,1.0,True,True,False,False,201
refined,800.0,400.0,91.05,807.3299725584411,-399.9328337387323,31.463168562545658,31.44992630426883,1.0,True,True,False,False,201
refined,800.0,400.0,91.06,807.3997738938007,-399.9315483258612,31.465529983282952,31.45219086983044,1.0,True,True,False,False,201
refined,800.0,400.0,91.07,807.46957500375,-399.9302507303784,31.467892236312547,31.454456252517993,1.0,True,True,False,False,201
refined,800.0,400.0,91.08,807.5393758861633,-399.9289409523236,31.470255321826286,31.45672245250968,1.0,True,True,False,False,201
refined,800.0,400.0,91.09,807.609176538914,-399.9276189917366,31.472619240016012,31.458989469983795,1.0,True,True,False,False,201
refined,800.0,400.0,91.1,807.6789769598759,-399.9262848486577,31.47498399107378,31.461257305118743,1.0,True,True,False,False,201
coarse,800.0,600.0,88.0,779.0603019784994,-599.6344962114574,36.14561176478204,35.52631553350306,-1.0,True,True,True,True,101
coarse,800.0,600.0,88.05,779.5835896986995,-599.6525412190038,36.12938798223331,35.510829242610896,-1.0,True,True,True,True,101
coarse,800.0,600.0,88.1,780.1068929668841,-599.6701295650543,36.1131874148487,35.49536471676778,-1.0,True,True,True,True,101
coarse,800.0,600.0,88.15,780.6302113845354,-599.6872612362149,36.09701002670903,35.4799219227342,-1.0,True,True,True,True,101
coarse,800.0,600.0,88.2,781.1535445531231,-599.703936219439,36.08085578198883,35.46450082735474,-1.0,True,True,True,True,101
coarse,800.0,600.0,88.25,781.6768920741065,-599.7201545020278,36.06472464495699,35.44910139755775,-1.0,True,True,True,True,101
coarse,800.0,600.0,88.3,782.2002535489336,-599.7359160716304,36.04861657997493,35.433723600355165,-1.0,True,True,True,True,101
coarse,800.0,600.0,88.35,782.7236285790419,-599.7512209162438,36.03253155149785,35.41836740284241,-1.0,True,True,True,True,101
coarse,800.0,600.0,88.4,783.2470167658587,-599.7660690242126,36.01646952407361,35.40303277219797,-1.0,True,True,True,True,101
coarse,800.0,600.0,88.45,783.770417710801,-599.7804603842294,36.00043046234357,35.387719675683414,-1.0,True,True,True,True,101
coarse,800.0,600.0,88.5,784.2938310152762,-599.7943949853344,35.98441433104067,35.37242808064303,-1.0,True,True,True,True,101
coarse,800.0,600.0,88.55,784.8172562806822,-599.8078728169158,35.968421094990354,35.35715795450362,-1.0,True,True,True,True,101
coarse,800.0,600.0,88.6,785.340693108408,-599.8208938687098,35.952450719110566,35.341909264774394,-1.0,True,True,True,True,101
coarse,800.0,600.0,88.65,785.864141099834,-599.8334581308003,35.93650316841054,35.326681979046626,-1.0,True,True,True,True,101
coarse,800.0,600.0,88.7,786.3875998563312,-599.845565593619,35.92057840799129,35.31147606499359,-1.0,True,True,True,True,101
coarse,800.0,600.0,88.75,786.9110689792633,-599.8572162479455,35.90467640304531,35.29629149037026,-1.0,True,True,True,True,101
coarse,800.0,600.0,88.8,787.4345480699858,-599.8684100849073,35.88879711885578,35.28112822301307,-1.0,True,True,True,True,101
coarse,800.0,600.0,88.85,787.9580367298465,-599.8791470959799,35.87294052079767,35.26598623083986,-1.0,True,True,True,True,101
coarse,800.0,600.0,88.9,788.4815345601862,-599.8894272729865,35.85710657433525,35.25086548184951,-1.0,True,True,True,True,101
coarse,800.0,600.0,88.95,789.0050411623383,-599.8992506080984,35.84129524502428,35.23576594412184,-1.0,True,True,True,True,101
coarse,800.0,600.0,89.0,789.5285561376298,-599.9086170938348,35.82550649851069,35.22068758581735,-1.0,True,True,True,True,101
coarse,800.0,600.0,89.05,790.0520790873813,-599.9175267230625,35.80974030052977,35.20570985963625,-1.0,True,True,False,False,101
coarse,800.0,600.0,89.1,790.5756096129074,-599.9259794889964,35.793996616907265,35.191373533904446,-1.0,True,True,False,False,101
coarse,800.0,600.0,89.15,791.0991473155169,-599.9339753851995,35.77827541355798,35.1777863574086,-1.0,True,True,False,False,101
coarse,800.0,600.0,89.2,791.6226917965128,-599.9415144055826,35.762576656486154,35.16493432522164,-1.0,True,True,False,False,101
coarse,800.0,600.0,89.25,792.1462426571933,-599.9485965444042,35.746900311785154,35.152831847024,-1.0,True,True,False,False,101
coarse,800.0,600.0,89.3,792.6697994988517,-599.9552217962712,35.73124634563751,35.14146476495508,-1.0,True,True,False,False,101
coarse,800.0,600.0,89.35,793.1933619227766,-599.961390156138,35.715614724313774,35.13084764333717,-1.0,True,True,False,False,101
coarse,800.0,600.0,89.4,793.7169295302526,-599.9671016193073,35.70000541417342,35.12096617041377,-1.0,True,True,False,False,101
coarse,800.0,600.0,89.45,794.2405019225599,-599.9723561814294,35.68441838166398,35.11183506610458,-1.0,True,True,False,False,101
coarse,800.0,600.0,89.5,794.7640787009757,-599.9771538385028,35.66885359332121,35.10343986379256,-1.0,True,True,False,False,101
coarse,800.0,600.0,89.55,795.2876594667732,-599.9814945868739,35.653311015768374,35.09579543995266,-1.0,True,True,False,False,101
coarse,800.0,600.0,89.6,795.811243821223,-599.9853784232369,35.637790615716504,35.08888717214034,-1.0,True,True,False,False,101
coarse,800.0,600.0,89.65,796.334831365593,-599.9888053446342,35.622292359963765,35.082730094346005,-1.0,True,True,False,False,101
coarse,800.0,600.0,89.7,796.8584217011482,-599.991775348456,35.60681621539561,35.077309427328395,-1.0,True,True,False,False,101
coarse,800.0,600.0,89.75,797.382014429152,-599.9942884324407,35.59136214898465,35.07264036355581,-1.0,True,True,False,False,101
coarse,800.0,600.0,89.8,797.9056091508658,-599.9963445946743,35.57593012778971,35.06870796601877,-1.0,True,True,False,False,101
coarse,800.0,600.0,89.85,798.4292054675491,-599.9979438335909,35.56052011895675,35.065527586628065,-1.0,True,True,False,False,101
coarse,800.0,600.0,89.9,798.952802980461,-599.9990861479727,35.54513208971745,35.06308412963247,-1.0,True,True,False,False,101
coarse,800.0,600.0,89.95,799.4764012908589,-599.9997715369497,35.529766007390144,35.06139310735213,-1.0,True,True,False,False,101
coarse,800.0,600.0,90.0,800.0,-600.0,35.51442183937829,35.06043926431806,-1.0,True,True,False,False,101
coarse,800.0,600.0,90.05,800.523598709141,-599.9997715369497,35.49909955317202,35.060238274229,-1.0,True,True,False,False,101
coarse,800.0,600.0,90.1,801.0471970195389,-599.9990861479727,35.48379911634608,35.06077472092005,-1.0,True,True,False,False,101
coarse,800.0,600.0,90.15,801.5707945324508,-599.9979438335909,35.468520496560814,35.062064440439904,-1.0,True,True,False,False,101
coarse,800.0,600.0,90.2,802.0943908491342,-599.9963445946743,35.4532636615619,35.0640918549474,-1.0,True,True,False,False,101
coarse,800.0,600.0,90.25,802.6179855708478,-599.9942884324407,35.43802857917951,35.06687296381479,-1.0,True,True,False,False,101
coarse,800.0,600.0,90.3,803.1415782988516,-599.991775348456,35.42281521732859,35.07039202654208,-1.0,True,True,False,False,101
coarse,800.0,600.0,90.35,803.6651686344069,-599.9888053446342,35.407623544008544,35.0746652068009,-1.0,True,True,False,False,101
coarse,800.0,600.0,90.4,804.188756178777,-599.9853784232369,35.39245352730308,35.07967660044765,-1.0,True,True,False,False,101
coarse,800.0,600.0,90.45,804.7123405332269,-599.9814945868739,35.37730513537989,35.085442536431344,-1.0,True,True,False,False,101
coarse,800.0,600.0,90.5,805.2359212990244,-599.9771538385028,35.36217833649059,35.09194694597783,-1.0,True,True,False,False,101
coarse,800.0,600.0,90.55,805.7594980774401,-599.9723561814294,35.34707309897028,35.09920632429375,-1.0,True,True,False,False,101
coarse,800.0,600.0,90.6,806.2830704697475,-599.9671016193073,35.331989391237975,35.10720443698523,-1.0,True,True,False,False,101
coarse,800.0,600.0,90.65,806.8066380772235,-599.961390156138,35.31692718179516,35.11595794649901,-1.0,True,True,False,False,101
coarse,800.0,600.0,90.7,807.3302005011484,-599.9552217962712,35.30188643922732,35.12545045183004,-1.0,True,True,False,False,101
coarse,800.0,600.0,90.75,807.8537573428067,-599.9485965444042,35.28686713220223,35.13569878364986,-1.0,True,True,False,False,101
coarse,800.0,600.0,90.8,808.3773082034871,-599.9415144055826,35.2718692294705,35.14668637334873,-1.0,True,True,False,False,101
coarse,800.0,600.0,90.85,808.900852684483,-599.9339753851995,35.256892699865155,35.15843022080976,-1.0,True,True,False,False,101
coarse,800.0,600.0,90.9,809.4243903870924,-599.9259794889964,35.24193751230145,35.170913588822835,-1.0,True,True,False,False,101
coarse,800.0,600.0,90.95,809.9479209126185,-599.9175267230625,35.227003635777194,35.18415364747163,-1.0,True,True,False,False,101
coarse,800.0,600.0,91.0,810.47144386237,-599.9086170938348,35.21209103937162,35.19813348994777,1.0,True,True,False,False,101
coarse,800.0,600.0,91.05,810.9949588376617,-599.8992506080984,35.227679236567425,35.21287045752672,1.0,True,True,False,False,101
coarse,800.0,600.0,91.1,811.5184654398137,-599.8894272729865,35.24328903664261,35.227936839616724,1.0,True,True,False,False,101
coarse,800.0,600.0,91.15,812.0419632701535,-599.8791470959799,35.25892047307584,35.24302436030811,1.0,True,True,False,False,101
coarse,800.0,600.0,91.2,812.5654519300142,-599.8684100849073,35.27457357942989,35.258133051323355,1.0,True,True,False,False,101
coarse,800.0,600.0,91.25,813.0889310207366,-599.8572162479455,35.29024838935092,35.27326294446515,1.0,True,True,False,False,101
coarse,800.0,600.0,91.3,813.6124001436688,-599.845565593619,35.30594493656927,35.2884140716166,1.0,True,True,False,False,101
coarse,800.0,600.0,91.35,814.135858900166,-599.8334581308003,35.32166325490008,35.30358646474145,1.0,True,True,False,False,101
coarse,800.0,600.0,91.4,814.6593068915919,-599.8208938687098,35.337403378242286,35.31878015588424,1.0,True,True,False,False,101
coarse,800.0,600.0,91.45,815.1827437193177,-599.8078728169158,35.353165340580574,35.33399517717053,1.0,True,True,False,False,101
coarse,800.0,600.0,91.5,815.7061689847238,-599.7943949853344,35.36894917598331,35.34923156080715,1.0,True,True,False,False,101
coarse,800.0,600.0,91.55,816.2295822891991,-599.7804603842294,35.38475491860519,35.36448933908227,1.0,True,True,False,False,101
coarse,800.0,600.0,91.6,816.7529832341413,-599.7660690242126,35.400582602685965,35.37976854436583,1.0,True,True,False,False,101
coarse,800.0,600.0,91.65,817.2763714209582,-599.7512209162438,35.41643226255087,35.39506920910952,1.0,True,True,False,False,101
coarse,800.0,600.0,91.7,817.7997464510665,-599.7359160716304,35.43230393261108,35.41039136584709,1.0,True,True,False,False,101
coarse,800.0,600.0,91.75,818.3231079258936,-599.7201545020278,35.44819764736379,35.42573504719454,1.0,True,True,False,False,101
coarse,800.0,600.0,91.8,818.8464554468769,-599.703936219439,35.46411344139308,35.44110028585041,1.0,True,True,False,False,101
coarse,800.0,600.0,91.85,819.3697886154647,-599.6872612362149,35.48005134936882,35.45648711459583,1.0,True,True,False,False,101
coarse,800.0,600.0,91.9,819.8931070331158,-599.6701295650544,35.49601140604771,35.47189556629484,1.0,True,True,False,False,101
coarse,800.0,600.0,91.95,820.4164103013005,-599.6525412190038,35.51199364627429,35.48732567389456,1.0,True,True,False,False,101
coarse,800.0,600.0,92.0,820.9396980215006,-599.6344962114574,35.5279981049792,35.502777470425485,1.0,True,True,False,False,101
coarse,800.0,600.0,92.05,821.4629697952097,-599.6159945561575,35.544024817181544,35.51825098900153,1.0,True,True,False,False,101
coarse,800.0,600.0,92.1,821.9862252239337,-599.5970362671937,35.56007381798753,35.533746262820436,1.0,True,True,False,False,101
coarse,800.0,600.0,92.15,822.5094639091909,-599.5776213590037,35.57614514259142,35.549263325163814,1.0,True,True,False,False,101
coarse,800.0,600.0,92.2,823.0326854525119,-599.5577498463726,35.592238826275434,35.56480220939753,1.0,True,True,False,False,101
coarse,800.0,600.0,92.25,823.5558894554412,-599.5374217444337,35.60835490441083,35.580362948971676,1.0,True,True,False,False,101
coarse,800.0,600.0,92.3,824.0790755195358,-599.5166370686676,35.62449341245699,35.5959455774211,1.0,True,True,False,False,101
coarse,800.0,600.0,92.35,824.6022432463669,-599.4953958349026,35.64065438596182,35.61155012836536,1.0,True,True,False,False,101
coarse,800.0,600.0,92.4,825.1253922375198,-599.473698059315,35.65683786056313,35.6271766355091,1.0,True,True,False,False,101
coarse,800.0,600.0,92.45,825.6485220945933,-599.4515437584286,35.673043871987616,35.642825132642166,1.0,True,True,False,False,101
coarse,800.0,600.0,92.5,826.1716324192015,-599.4289329491147,35.68927245605151,35.65849565363987,1.0,True,True,False,False,101
coarse,800.0,600.0,92.55,826.6947228129732,-599.4058656485925,35.70552364866112,35.67418823246328,1.0,True,True,False,False,101
coarse,800.0,600.0,92.6,827.2177928775521,-599.3823418744289,35.72179748581243,35.6899029031593,1.0,True,True,False,False,101
coarse,800.0,600.0,92.65,827.740842214598,-599.3583616445379,35.73809400359193,35.705639699860996,1.0,True,True,False,False,101
coarse,800.0,600.0,92.7,828.2638704257856,-599.333924977182,35.7544132381768,35.7213986567878,1.0,True,True,False,False,101
coarse,800.0,600.0,92.75,828.7868771128065,-599.3090318909703,35.770755225834755,35.7371798082457,1.0,True,True,False,False,101
coarse,800.0,600.0,92.8,829.309861877368,-599.2836824048604,35.787120002924645,35.7529831886275,1.0,True,True,False,False,101
coarse,800.0,600.0,92.85,829.8328243211947,-599.2578765381568,35.80350760589664,35.76880883241304,1.0,True,True,False,False,101
coarse,800.0,600.0,92.9,830.3557640460281,-599.2316143105116,35.81991807129217,35.78465677416943,1.0,True,True,False,False,101
coarse,800.0,600.0,92.95,830.8786806536265,-599.2048957419252,35.83635143574437,35.8005270485512,1.0,True,True,False,False,101
coarse,800.0,600.0,93.0,831.4015737457663,-599.1777208527443,35.85280773597904,35.81641969030068,1.0,True,True,True,True,101
refined,800.0,600.0,90.9,809.4243903870924,-599.9259794889964,35.24193751230145,35.1707064284251,-1.0,True,True,False,False,201
refined,800.0,600.0,90.91,809.5290970791224,-599.9243254851871,35.23894903310408,35.17330630371245,-1.0,True,True,False,False,201
refined,800.0,600.0,90.92,809.6338034808797,-599.9226532066378,35.23596140610055,35.17593625188374,-1.0,True,True,False,False,201
refined,800.0,600.0,90.93,809.7385095891744,-599.9209626533994,35.232974631042936,35.1785962743404,-1.0,True,True,False,False,201
refined,800.0,600.0,90.94,809.8432154008173,-599.9192538255237,35.22998870768434,35.18128637248432,-1.0,True,True,False,False,201
refined,800.0,600.0,90.95,809.9479209126185,-599.9175267230625,35.227003635777194,35.184006547717836,-1.0,True,True,False,False,201
refined,800.0,600.0,90.96,810.0526261213887,-599.9157813460682,35.224019415074665,35.18675680144369,-1.0,True,True,False,False,201
refined,800.0,600.0,90.97,810.1573310239386,-599.9140176945945,35.22103604532948,35.18953713506509,-1.0,True,True,False,False,201
refined,800.0,600.0,90.98,810.2620356170784,-599.9122357686946,35.21805352629513,35.19234754998567,-1.0,True,True,False,False,201
refined,800.0,600.0,90.99,810.3667398976187,-599.910435568423,35.21507185772469,35.19518804760951,-1.0,True,True,False,False,201
refined,800.0,600.0,91.0,810.47144386237,-599.9086170938348,35.21209103937162,35.19805862934111,1.0,True,True,False,False,201
refined,800.0,600.0,91.01,810.576147508143,-599.9067803449849,35.21520695218451,35.20095929658545,1.0,True,True,False,False,201
refined,800.0,600.0,91.02,810.6808508317481,-599.9049253219296,35.21832372804354,35.20389005074789,1.0,True,True,False,False,201
refined,800.0,600.0,91.03,810.7855538299958,-599.9030520247253,35.221441367215625,35.20685089323425,1.0,True,True,False,False,201
refined,800.0,600.0,91.04,810.890256499697,-599.901160453429,35.224559869967656,35.2098418254508,1.0,True,True,False,False,201
refined,800.0,600.0,91.05,810.9949588376617,-599.8992506080984,35.227679236567425,35.212852566265056,1.0,True,True,False,False,201
refined,800.0,600.0,91.06,811.099660840701,-599.8973224887917,35.23079946728194,35.215864151354765,1.0,True,True,False,False,201
refined,800.0,600.0,91.07,811.204362505625,-599.8953760955677,35.23392056237894,35.21887658097282,1.0,True,True,False,False,201
refined,800.0,600.0,91.08,811.3090638292448,-599.8934114284854,35.23704252212619,35.22188985537221,1.0,True,True,False,False,201
refined,800.0,600.0,91.09,811.413764808371,-599.8914284876049,35.2401653467914,35.22490397480609,1.0,True,True,False,False,201
refined,800.0,600.0,91.1,811.5184654398137,-599.8894272729865,35.24328903664261,35.22791893952771,1.0,True,True,False,False,201
coarse,800.0,800.0,88.0,772.0804026379991,-799.5126616152766,40.9573783498234,40.221553947920526,-1.0,True,False,True,False,101
coarse,800.0,800.0,88.05,772.7781195982659,-799.5367216253383,40.938213158485254,40.203365264877725,-1.0,True,False,True,False,101
coarse,800.0,800.0,88.1,773.4758572891787,-799.5601727534057,40.919073716457085,40.18520070396455,-1.0,True,False,True,False,101
coarse,800.0,800.0,88.15,774.1736151793806,-799.5830149816198,40.89995998036353,40.1670602255372,-1.0,True,False,True,False,101
coarse,800.0,800.0,88.2,774.8713927374974,-799.6052482925853,40.88087190693167,40.148943790043504,-1.0,True,False,True,False,101
coarse,800.0,800.0,88.25,775.5691894321419,-799.6268726693703,40.861809452990954,40.13085135802275,-1.0,True,False,True,False,101
coarse,800.0,800.0,88.3,776.2670047319114,-799.6478880955073,40.84277257547173,40.112782890105315,-1.0,True,False,True,False,101
coarse,800.0,800.0,88.35,776.9648381053892,-799.6682945549917,40.823761231407246,40.09473834701249,-1.0,True,False,True,False,101
coarse,800.0,800.0,88.4,777.662689021145,-799.6880920322835,40.804775377930945,40.07671768955622,-1.0,True,False,True,False,101
coarse,800.0,800.0,88.45,778.3605569477346,-799.7072805123058,40.78581497227804,40.058720878638844,-1.0,True,False,True,False,101
coarse,800.0,800.0,88.5,779.0584413537015,-799.7258599804458,40.766879971783986,40.04074787525277,-1.0,True,False,True,False,101
coarse,800.0,800.0,88.55,779.7563417075762,-799.7438304225545,40.74797033388477,40.02279864048032,-1.0,True,False,True,False,101
coarse,800.0,800.0,88.6,780.4542574778774,-799.7611918249465,40.72908601611658,40.004873135493405,-1.0,True,False,True,False,101
coarse,800.0,800.0,88.65,781.152188133112,-799.7779441744004,40.710226976115116,39.98697132155334,-1.0,True,False,True,False,101
coarse,800.0,800.0,88.7,781.8501331417749,-799.7940874581586,40.69139317161618,39.969093160010544,-1.0,True,False,True,False,101
coarse,800.0,800.0,88.75,782.5480919723511,-799.8096216639273,40.67258456045445,39.95123861230432,-1.0,True,False,True,False,101
coarse,800.0,800.0,88.8,783.2460640933143,-799.8245467798764,40.65380110056373,39.933407639962496,-1.0,True,False,True,False,101
coarse,800.0,800.0,88.85,783.9440489731287,-799.8388627946398,40.63504274997651,39.9156002046014,-1.0,True,False,True,False,101
coarse,800.0,800.0,88.9,784.6420460802483,-799.8525696973154,40.61630946682343,39.89781626792537,-1.0,True,False,True,False,101
coarse,800.0,800.0,88.95,785.3400548831178,-799.8656674774646,40.597601209333504,39.8800557917267,-1.0,True,False,True,False,101
coarse,800.0,800.0,89.0,786.0380748501731,-799.878156125113,40.57891793583386,39.86231873788523,-1.0,True,False,True,False,101
coarse,800.0,800.0,89.05,786.7361054498418,-799.8900356307499,40.5602596047487,39.84470728758743,-1.0,True,False,False,False,101
coarse,800.0,800.0,89.1,787.4341461505433,-799.9013059853285,40.54162617459982,39.82786525061062,-1.0,True,False,False,False,101
coarse,800.0,800.0,89.15,788.1321964206893,-799.911967180266,40.523017604006284,39.811892413892686,-1.0,True,False,False,False,101
coarse,800.0,800.0,89.2,788.8302557286837,-799.9220192074434,40.50443385168302,39.79679054148416,-1.0,True,False,False,False,101
coarse,800.0,800.0,89.25,789.5283235429243,-799.9314620592056,40.485874876442125,39.78255858936652,-1.0,True,False,False,False,101
coarse,800.0,800.0,89.3,790.2263993318023,-799.9402957283615,40.46734063719215,39.769198336127836,-1.0,True,False,False,False,101
coarse,800.0,800.0,89.35,790.9244825637021,-799.948520208184,40.44883109293664,39.756708725639676,-1.0,True,False,False,False,101
coarse,800.0,800.0,89.4,791.6225727070034,-799.9561354924097,40.43034620277564,39.74509154959557,-1.0,True,False,False,False,101
coarse,800.0,800.0,89.45,792.32066923008,-799.9631415752392,40.411885925904116,39.73434574118282,-1.0,True,False,False,False,101
coarse,800.0,800.0,89.5,793.0187716013008,-799.969538451337,40.393450221612184,39.72447310376464,-1.0,True,False,False,False,101
coarse,800.0,800.0,89.55,793.7168792890309,-799.9753261158318,40.37503904928507,39.71547256127367,-1.0,True,False,False,False,101
coarse,800.0,800.0,89.6,794.4149917616307,-799.9805045643158,40.356652368402315,39.707345927303024,-1.0,True,False,False,False,101
coarse,800.0,800.0,89.65,795.1131084874573,-799.9850737928457,40.33829013853784,39.70009211796425,-1.0,True,False,False,False,101
coarse,800.0,800.0,89.7,795.8112289348644,-799.9890337979414,40.319952319359345,39.69371295563676,-1.0,True,False,False,False,101
coarse,800.0,800.0,89.75,796.5093525722027,-799.9923845765876,40.30163887062887,39.68820735004829,-1.0,True,False,False,False,101
coarse,800.0,800.0,89.8,797.207478867821,-799.9951261262323,40.28334975220137,39.68357713091716,-1.0,True,False,False,False,101
coarse,800.0,800.0,89.85,797.9056072900655,-799.9972584447878,40.265084924025366,39.67982120302855,-1.0,True,False,False,False,101
coarse,800.0,800.0,89.9,798.6037373072813,-799.9987815306301,40.246844346142225,39.67694140198833,-1.0,True,False,False,False,101
coarse,800.0,800.0,89.95,799.3018683878119,-799.9996953825995,40.228627978686056,39.67493662908429,-1.0,True,False,False,False,101
coarse,800.0,800.0,90.0,800.0,-800.0,40.21043578188357,39.6738087243547,-1.0,True,False,False,False,101
coarse,800.0,800.0,90.05,800.698131612188,-799.9996953825995,40.1922677160533,39.673556587038846,-1.0,True,False,False,False,101
coarse,800.0,800.0,90.1,801.3962626927186,-799.9987815306301,40.17412374160618,39.674182060148446,-1.0,True,False,False,False,101
coarse,800.0,800.0,90.15,802.0943927099344,-799.9972584447878,40.15600381904418,39.67568404232717,-1.0,True,False,False,False,101
coarse,800.0,800.0,90.2,802.792521132179,-799.9951261262323,40.13790790896144,39.678064378097325,-1.0,True,False,False,False,101
coarse,800.0,800.0,90.25,803.4906474277972,-799.9923845765876,40.119835972042644,39.68132196696354,-1.0,True,False,False,False,101
coarse,800.0,800.0,90.3,804.1887710651355,-799.9890337979414,40.10178796906386,39.685458653492205,-1.0,True,False,False,False,101
coarse,800.0,800.0,90.35,804.8868915125425,-799.9850737928457,40.083763860891324,39.690473339509325,-1.0,True,False,False,False,101
coarse,800.0,800.0,90.4,805.5850082383694,-799.9805045643158,40.06576360848206,39.69636786815493,-1.0,True,False,False,False,101
coarse,800.0,800.0,90.45,806.2831207109691,-799.9753261158318,40.047787172883034,39.703141145040696,-1.0,True,False,False,False,101
coarse,800.0,800.0,90.5,806.9812283986992,-799.969538451337,40.029834515231016,39.71079501040612,-1.0,True,False,False,False,101
coarse,800.0,800.0,90.55,807.6793307699202,-799.9631415752392,40.01190559675257,39.71932837511657,-1.0,True,False,False,False,101
coarse,800.0,800.0,90.6,808.3774272929966,-799.9561354924097,39.994000378763694,39.72874307503309,-1.0,True,True,False,False,101
coarse,800.0,800.0,90.65,809.0755174362979,-799.948520208184,39.976118822669044,39.73903802774653,-1.0,True,True,False,False,101
coarse,800.0,800.0,90.7,809.7736006681978,-799.9402957283615,39.95826088996288,39.750215063257784,-1.0,True,True,False,False,101
coarse,800.0,800.0,90.75,810.4716764570755,-799.9314620592056,39.940426542227605,39.76227310735873,-1.0,True,True,False,False,101
coarse,800.0,800.0,90.8,811.1697442713162,-799.9220192074434,39.92261574113438,39.77521398270479,-1.0,True,True,False,False,101
coarse,800.0,800.0,90.85,811.8678035793107,-799.911967180266,39.90482844844196,39.78903662476814,-1.0,True,True,False,False,101
coarse,800.0,800.0,90.9,812.5658538494566,-799.9013059853285,39.887064625997475,39.803742847369456,-1.0,True,True,False,False,101
coarse,800.0,800.0,90.95,813.263894550158,-799.8900356307499,39.86932423573532,39.819331597144405,-1.0,True,True,False,False,101
coarse,800.0,800.0,91.0,813.9619251498268,-799.878156125113,39.851607239678046,39.83580467758603,1.0,True,True,False,False,101
coarse,800.0,800.0,91.05,814.6599451168821,-799.8656674774646,39.869921302068185,39.85316104798026,1.0,True,True,False,False,101
coarse,800.0,800.0,91.1,815.3579539197516,-799.8525696973154,39.88825928136218,39.87088370626009,1.0,True,True,False,False,101
coarse,800.0,800.0,91.15,816.0559510268713,-799.8388627946398,39.90662121751497,39.88862973783997,1.0,True,True,False,False,101
coarse,800.0,800.0,91.2,816.7539359066856,-799.8245467798764,39.925007150571815,39.90639918070563,1.0,True,True,False,False,101
coarse,800.0,800.0,91.25,817.4519080276489,-799.8096216639273,39.94341712066994,39.9241920729298,1.0,True,True,False,False,101
coarse,800.0,800.0,91.3,818.149866858225,-799.7940874581586,39.96185116803807,39.94200845267259,1.0,True,True,False,False,101
coarse,800.0,800.0,91.35,818.8478118668879,-799.7779441744004,39.9803093329968,39.95984835818153,1.0,True,True,False,False,101
coarse,800.0,800.0,91.4,819.5457425221225,-799.7611918249465,39.998791655958534,39.97771182779199,1.0,True,True,False,False,101
coarse,800.0,800.0,91.45,820.2436582924237,-799.7438304225545,40.01729817742893,39.995598899927316,1.0,True,False,False,False,101
coarse,800.0,800.0,91.5,820.9415586462984,-799.7258599804458,40.03582893800571,40.01350961309912,1.0,True,False,False,False,101
coarse,800.0,800.0,91.55,821.6394430522655,-799.7072805123058,40.05438397837947,40.03144400590755,1.0,True,False,False,False,101
coarse,800.0,800.0,91.6,822.337310978855,-799.6880920322835,40.07296333933468,40.04940211704153,1.0,True,False,False,False,101
coarse,800.0,800.0,91.65,823.0351618946108,-799.6682945549917,40.09156706174851,40.06738398527891,1.0,True,False,False,False,101
coarse,800.0,800.0,91.7,823.7329952680886,-799.6478880955073,40.11019518659273,40.085389649486906,1.0,True,False,False,False,101
coarse,800.0,800.0,91.75,824.4308105678582,-799.6268726693703,40.12884775493204,40.103419148622166,1.0,True,False,False,False,101
coarse,800.0,800.0,91.8,825.1286072625027,-799.6052482925853,40.14752480792719,40.121472521731185,1.0,True,False,False,False,101
coarse,800.0,800.0,91.85,825.8263848206195,-799.5830149816198,40.16622638683146,40.13954980795038,1.0,True,False,False,False,101
coarse,800.0,800.0,91.9,826.5241427108211,-799.5601727534057,40.18495253299409,40.15765104650656,1.0,True,False,False,False,101
coarse,800.0,800.0,91.95,827.221880401734,-799.5367216253383,40.20370328785985,40.17577627671691,1.0,True,False,False,False,101
coarse,800.0,800.0,92.0,827.9195973620008,-799.5126616152766,40.22247869296793,40.19392553798957,1.0,True,False,False,False,101
coarse,800.0,800.0,92.05,828.6172930602796,-799.4879927415434,40.241278789953945,40.2120988698236,1.0,True,False,False,False,101
coarse,800.0,800.0,92.1,829.3149669652449,-799.462715022925,40.260103620549124,40.23029631180943,1.0,True,False,False,False,101
coarse,800.0,800.0,92.15,830.0126185455879,-799.4368284786717,40.27895322658112,40.248517903629,1.0,True,False,False,False,101
coarse,800.0,800.0,92.2,830.710247270016,-799.410333128497,40.297827649973954,40.26676368505609,1.0,True,False,False,False,101
coarse,800.0,800.0,92.25,831.4078526072549,-799.3832289925783,40.31672693274846,40.285033695956535,1.0,True,False,False,False,101
coarse,800.0,800.0,92.3,832.1054340260476,-799.3555160915568,40.33565111702255,40.303327976288564,1.0,True,False,False,False,101
coarse,800.0,800.0,92.35,832.8029909951559,-799.3271944465369,40.35460024501182,40.32164656610295,1.0,True,False,False,False,101
coarse,800.0,800.0,92.4,833.5005229833597,-799.2982640790867,40.37357435902881,40.33998950554341,1.0,True,False,False,False,101
coarse,800.0,800.0,92.45,834.1980294594578,-799.2687250112381,40.39257350148471,40.35835683484667,1.0,True,False,False,False,101
coarse,800.0,800.0,92.5,834.8955098922687,-799.2385772654862,40.41159771488861,40.37674859434297,1.0,True,False,False,False,101
coarse,800.0,800.0,92.55,835.5929637506309,-799.20782086479,40.430647041848204,40.39516482445612,1.0,True,False,False,False,101
coarse,800.0,800.0,92.6,836.2903905034028,-799.1764558325718,40.44972152506991,40.41360556570392,1.0,True,False,False,False,101
coarse,800.0,800.0,92.65,836.9877896194641,-799.1444821927173,40.46882120735892,40.43207085869834,1.0,True,False,False,False,101
coarse,800.0,800.0,92.7,837.6851605677142,-799.111899969576,40.4879461316203,40.45056074414582,1.0,True,False,False,False,101
coarse,800.0,800.0,92.75,838.3825028170752,-799.0787091879605,40.50709634085868,40.469075262847475,1.0,True,False,False,False,101
coarse,800.0,800.0,92.8,839.0798158364906,-799.0449098731473,40.52627187817844,40.48761445569956,1.0,True,False,False,False,101
coarse,800.0,800.0,92.85,839.7770990949263,-799.0105020508757,40.54547278678449,40.506178363693444,1.0,True,False,False,False,101
coarse,800.0,800.0,92.9,840.4743520613707,-798.9754857473489,40.564699109981866,40.52476702791618,1.0,True,False,False,False,101
coarse,800.0,800.0,92.95,841.1715742048353,-798.9398609892336,40.58395089117645,40.54338048955053,1.0,True,False,False,False,101
coarse,800.0,800.0,93.0,841.868764994355,-798.9036278036591,40.60322817387576,40.562018789875424,1.0,True,False,True,False,101
refined,800.0,800.0,90.9,812.5658538494566,-799.9013059853285,39.887064625997475,39.80349830653769,-1.0,True,True,False,False,201
refined,800.0,800.0,90.91,812.7054627721632,-799.899100646916,39.883514674586934,39.80656036476756,-1.0,True,True,False,False,201
refined,800.0,800.0,90.92,812.8450713078396,-799.8968709421837,39.87996566015947,39.80965792675734,-1.0,True,True,False,False,201
refined,800.0,800.0,90.93,812.9846794522326,-799.8946168711993,39.8764175824109,39.812790995546465,-1.0,True,True,False,False,201
refined,800.0,800.0,90.94,813.1242872010896,-799.8923384340316,39.87287044103733,39.815959574175,-1.0,True,True,False,False,201
refined,800.0,800.0,90.95,813.263894550158,-799.8900356307499,39.86932423573532,39.819163665683696,-1.0,True,True,False,False,201
refined,800.0,800.0,90.96,813.403501495185,-799.8877084614243,39.86577896620138,39.82240327311389,-1.0,True,True,False,False,201
refined,800.0,800.0,90.97,813.5431080319181,-799.885356926126,39.86223463213169,39.82567839950758,-1.0,True,True,False,False,201
refined,800.0,800.0,90.98,813.6827141561046,-799.8829810249262,39.85869123322341,39.82898904790735,-1.0,True,True,False,False,201
refined,800.0,800.0,90.99,813.8223198634917,-799.8805807578974,39.85514876917298,39.83233522135649,-1.0,True,True,False,False,201
refined,800.0,800.0,91.0,813.9619251498268,-799.878156125113,39.851607239678046,39.83571692289885,1.0,True,True,False,False,201
refined,800.0,800.0,91.01,814.1015300108573,-799.8757071266466,39.855268140718366,39.83913415557892,1.0,True,True,False,False,201
refined,800.0,800.0,91.02,814.2411344423308,-799.8732337625728,39.858929997158896,39.84258692244188,1.0,True,True,False,False,201
refined,800.0,800.0,91.03,814.3807384399945,-799.8707360329671,39.86259280931796,39.846075226533465,1.0,True,True,False,False,201
refined,800.0,800.0,91.04,814.520341999596,-799.8682139379054,39.86625657751473,39.84959907090008,1.0,True,True,False,False,201
refined,800.0,800.0,91.05,814.6599451168821,-799.8656674774646,39.869921302068185,39.85314079903935,1.0,True,True,False,False,201
refined,800.0,800.0,91.06,814.7995477876012,-799.8630966517223,39.873586983297265,39.8566834605914,1.0,True,True,False,False,201
refined,800.0,800.0,91.07,814.9391500075001,-799.8605014607568,39.87725362152185,39.86022705585915,1.0,True,True,False,False,201
refined,800.0,800.0,91.08,815.0787517723264,-799.8578819046472,39.88092121706104,39.863771585145635,1.0,True,True,False,False,201
refined,800.0,800.0,91.09,815.2183530778279,-799.8552379834732,39.884589770234534,39.867317048754046,1.0,True,True,False,False,201
refined,800.0,800.0,91.1,815.3579539197516,-799.8525696973154,39.88825928136218,39.87086344698773,1.0,True,True,False,False,201
coarse,800.0,1000.0,88.0,765.1005032974989,-999.3908270190958,46.33241024005481,45.51003169302382,-1.0,True,False,True,False,101
coarse,800.0,1000.0,88.05,765.9726494978324,-999.4209020316729,46.31102252506744,45.489906249266994,-1.0,True,False,True,False,101
coarse,800.0,1000.0,88.1,766.8448216114735,-999.450215941757,46.289664175344626,45.46980847023944,-1.0,True,False,True,False,101
coarse,800.0,1000.0,88.15,767.7170189742257,-999.4787687270248,46.26833514238496,45.449738312503946,-1.0,True,False,True,False,101
coarse,800.0,1000.0,88.2,768.5892409218718,-999.5065603657316,46.247035377803414,45.42969573272949,-1.0,True,False,True,False,101
coarse,800.0,1000.0,88.25,769.4614867901774,-999.5335908367128,46.22576483333248,45.40968068769111,-1.0,True,False,True,False,101
coarse,800.0,1000.0,88.3,770.3337559148893,-999.559860119384,46.20452346082033,45.389693134269585,-1.0,True,False,True,False,101
coarse,800.0,1000.0,88.35,771.2060476317365,-999.5853681937397,46.18331121223169,45.36973302945117,-1.0,True,False,True,False,101
coarse,800.0,1000.0,88.4,772.0783612764312,-999.6101150403543,46.16212803964675,45.34980033032722,-1.0,True,False,True,False,101
coarse,800.0,1000.0,88.45,772.9506961846682,-999.6341006403823,46.140973895261496,45.329894994094055,-1.0,True,False,True,False,101
coarse,800.0,1000.0,88.5,773.8230516921269,-999.6573249755572,46.11984873138644,45.31001697805256,-1.0,True,False,True,False,101
coarse,800.0,1000.0,88.55,774.6954271344703,-999.6797880281931,46.09875250044718,45.29016623960799,-1.0,True,False,True,False,101
coarse,800.0,1000.0,88.6,775.5678218473467,-999.7014897811831,46.077685154983826,45.27034273626966,-1.0,True,False,True,False,101
coarse,800.0,1000.0,88.65,776.4402351663899,-999.7224302180006,46.056646647650254,45.25054642565071,-1.0,True,False,True,False,101
coarse,800.0,1000.0,88.7,777.3126664272187,-999.7426093226983,46.0356369312143,45.23077726546778,-1.0,True,False,True,False,101
coarse,800.0,1000.0,88.75,778.1851149654389,-999.7620270799091,46.01465595855766,45.211035213540754,-1.0,True,False,True,False,101
coarse,800.0,1000.0,88.8,779.057580116643,-999.7806834748455,45.99370368267439,45.19132022779251,-1.0,True,False,True,False,101
coarse,800.0,1000.0,88.85,779.9300612164108,-999.7985784932998,45.97278005667211,45.17163226624863,-1.0,True,False,True,False,101
coarse,800.0,1000.0,88.9,780.8025576003104,-999.8157121216442,45.951885033770346,45.15197128703723,-1.0,True,False,True,False,101
coarse,800.0,1000.0,88.95,781.6750686038972,-999.8320843468308,45.931018567301095,45.132337248388446,-1.0,True,False,True,False,101
coarse,800.0,1000.0,89.0,782.5475935627164,-999.8476951563913,45.91018061070872,45.112730108634445,-1.0,True,False,True,False,101
coarse,800.0,1000.0,89.05,783.4201318123023,-999.8625445384374,45.88937111754814,45.0932543881918,-1.0,True,False,False,False,101
coarse,800.0,1000.0,89.1,784.2926826881792,-999.8766324816606,45.86859004148653,45.07461017280562,-1.0,True,False,False,False,101
coarse,800.0,1000.0,89.15,785.1652455258616,-999.8899589753325,45.84783733630132,45.0569306599204,-1.0,True,False,False,False,101
coarse,800.0,1000.0,89.2,786.0378196608547,-999.9025240093042,45.82711295588075,45.040202641330225,-1.0,True,False,False,False,101
coarse,800.0,1000.0,89.25,786.9104044286554,-999.914327574007,45.80641685422356,45.02444043033456,-1.0,True,False,False,False,101
coarse,800.0,1000.0,89.3,787.7829991647528,-999.925369660452,45.78574898543852,45.00963107995746,-1.0,True,False,False,False,101
coarse,800.0,1000.0,89.35,788.6556032046277,-999.93565026023,45.76510930374366,44.99578864493367,-1.0,True,False,False,False,101
coarse,800.0,1000.0,89.4,789.5282158837543,-999.9451693655121,45.74449776346674,44.98290043752742,-1.0,True,False,False,False,101
coarse,800.0,1000.0,89.45,790.4008365376,-999.9539269690489,45.72391431904474,44.970980255896336,-1.0,True,False,False,False,101
coarse,800.0,1000.0,89.5,791.2734645016261,-999.9619230641713,45.70335892502323,44.96001566954949,-1.0,True,False,False,False,101
coarse,800.0,1000.0,89.55,792.1460991112887,-999.9691576447897,45.68283153605636,44.9500202220608,-1.0,True,False,False,False,101
coarse,800.0,1000.0,89.6,793.0187397020384,-999.9756307053948,45.66233210690672,44.94098173818307,-1.0,True,False,False,False,101
coarse,800.0,1000.0,89.65,793.8913856093218,-999.9813422410571,45.64186059244397,44.93291350890539,-1.0,True,False,False,False,101
coarse,800.0,1000.0,89.7,794.7640361685804,-999.9862922474267,45.62141694764629,44.9258036122178,-1.0,True,False,False,False,101
coarse,800.0,1000.0,89.75,795.6366907152534,-999.9904807207345,45.60100112759861,44.91966508852912,-1.0,True,False,False,False,101
coarse,800.0,1000.0,89.8,796.5093485847761,-999.9939076577904,45.58061308749316,44.914486267054286,-1.0,True,False,False,False,101
coarse,800.0,1000.0,89.85,797.3820091125818,-999.9965730559848,45.56025278262827,44.910279939632,-1.0,True,False,False,False,101
coarse,800.0,1000.0,89.9,798.2546716341018,-999.9984769132877,45.53992016840977,44.90703468468435,-1.0,True,False,False,False,101
coarse,800.0,1000.0,89.95,799.1273354847649,-999.9996192282495,45.51961520034857,44.90476304749569,-1.0,True,False,False,False,101
coarse,800.0,1000.0,90.0,799.9999999999999,-1000.0,45.499337834061706,44.90345385367178,-1.0,True,False,False,False,101
coarse,800.0,1000.0,90.05,800.872664515235,-999.9996192282495,45.479088025271864,44.90311940396397,-1.0,True,False,False,False,101
coarse,800.0,1000.0,90.1,801.7453283658981,-999.9984769132877,45.458865729806924,44.90374876913274,-1.0,True,False,False,False,101
coarse,800.0,1000.0,90.15,802.617990887418,-999.9965730559848,45.43867090359957,44.90535400742331,-1.0,True,False,False,False,101
coarse,800.0,1000.0,90.2,803.4906514152236,-999.9939076577904,45.418503502687216,44.90792443271642,-1.0,True,False,False,False,101
coarse,800.0,1000.0,90.25,804.3633092847465,-999.9904807207345,45.398363483211966,44.91147186278351,-1.0,True,False,False,False,101
coarse,800.0,1000.0,90.3,805.2359638314194,-999.9862922474267,45.378250801419426,44.915985852585536,-1.0,True,False,False,False,101
coarse,800.0,1000.0,90.35,806.1086143906781,-999.9813422410571,45.358165413658966,44.921477981458146,-1.0,True,False,False,False,101
coarse,800.0,1000.0,90.4,806.9812602979617,-999.9756307053948,45.338107276384335,44.92793804339699,-1.0,True,False,False,False,101
coarse,800.0,1000.0,90.45,807.8539008887115,-999.9691576447897,45.318076346151535,44.935377381345354,-1.0,True,False,False,False,101
coarse,800.0,1000.0,90.5,808.726535498374,-999.9619230641713,45.298072579619856,44.9437860262825,-1.0,True,False,False,False,101
coarse,800.0,1000.0,90.55,809.5991634624002,-999.9539269690489,45.278095933551356,44.95317508680829,-1.0,True,False,False,False,101
coarse,800.0,1000.0,90.6,810.4717841162458,-999.9451693655121,45.2581463648105,44.96353482882915,-1.0,True,False,False,False,101
coarse,800.0,1000.0,90.65,811.3443967953724,-999.93565026023,45.23822383036317,44.97487612865591,-1.0,True,False,False,False,101
coarse,800.0,1000.0,90.7,812.2170008352473,-999.925369660452,45.21832828727815,44.98718948506012,-1.0,True,False,False,False,101
coarse,800.0,1000.0,90.75,813.0895955713445,-999.914327574007,45.19845969272488,45.000485544123535,-1.0,True,False,False,False,101
coarse,800.0,1000.0,90.8,813.9621803391452,-999.9025240093042,45.17861800397474,45.014755035415405,-1.0,True,False,False,False,101
coarse,800.0,1000.0,90.85,814.8347544741383,-999.8899589753325,45.15880317839946,45.03000837685365,-1.0,True,False,False,False,101
coarse,800.0,1000.0,90.9,815.7073173118207,-999.8766324816606,45.13901517347161,45.046236526732365,-1.0,True,False,False,False,101
coarse,800.0,1000.0,90.95,816.5798681876976,-999.8625445384374,45.1192539467647,45.06344967687644,-1.0,True,False,False,False,101
coarse,800.0,1000.0,91.0,817.4524064372835,-999.8476951563913,45.09951945595179,45.08163901222651,-1.0,True,False,False,False,101
coarse,800.0,1000.0,91.05,818.3249313961027,-999.8320843468308,45.119781656287344,45.10081450059059,1.0,True,False,False,False,101
coarse,800.0,1000.0,91.1,819.1974423996895,-999.8157121216442,45.14007129335226,45.12040799610619,1.0,True,False,False,False,101
coarse,800.0,1000.0,91.15,820.069938783589,-999.7985784932998,45.16038841092701,45.14002832567251,1.0,True,False,False,False,101
coarse,800.0,1000.0,91.2,820.9424198833569,-999.7806834748455,45.180733052897956,45.15967553082875,1.0,True,False,False,False,101
coarse,800.0,1000.0,91.25,821.814885034561,-999.7620270799091,45.20110526325642,45.179349653215176,1.0,True,False,False,False,101
coarse,800.0,1000.0,91.3,822.6873335727812,-999.7426093226983,45.22150508610111,45.19905073457355,1.0,True,False,False,False,101
coarse,800.0,1000.0,91.35,823.55976483361,-999.7224302180006,45.24193256563665,45.21877881674723,1.0,True,False,False,False,101
coarse,800.0,1000.0,91.4,824.4321781526531,-999.7014897811831,45.26238774617393,45.238533941681524,1.0,True,False,False,False,101
coarse,800.0,1000.0,91.45,825.3045728655296,-999.6797880281931,45.282870672132326,45.25831615142397,1.0,True,False,False,False,101
coarse,800.0,1000.0,91.5,826.176948307873,-999.6573249755572,45.303381388036826,45.278125488124516,1.0,True,False,False,False,101
coarse,800.0,1000.0,91.55,827.0493038153318,-999.6341006403823,45.323919938521136,45.29796199403588,1.0,True,False,False,False,101
coarse,800.0,1000.0,91.6,827.9216387235689,-999.6101150403543,45.34448636832734,45.317825711513834,1.0,True,False,False,False,101
coarse,800.0,1000.0,91.65,828.7939523682636,-999.5853681937397,45.36508072230439,45.337716683017305,1.0,True,False,False,False,101
coarse,800.0,1000.0,91.7,829.6662440851109,-999.559860119384,45.38570304541066,45.357634951108885,1.0,True,False,False,False,101
coarse,800.0,1000.0,91.75,830.5385132098227,-999.5335908367128,45.40635338271315,45.37758055845491,1.0,True,False,False,False,101
coarse,800.0,1000.0,91.8,831.4107590781283,-999.5065603657316,45.427031779388464,45.39755354782593,1.0,True,False,False,False,101
coarse,800.0,1000.0,91.85,832.2829810257745,-999.4787687270248,45.447738280721346,45.41755396209669,1.0,True,False,False,False,101
coarse,800.0,1000.0,91.9,833.1551783885263,-999.4502159417572,45.46847293210733,45.43758184424674,1.0,True,False,False,False,101
coarse,800.0,1000.0,91.95,834.0273505021675,-999.4209020316729,45.489235779051725,45.45763723736046,1.0,True,False,False,False,101
coarse,800.0,1000.0,92.0,834.899496702501,-999.3908270190958,45.51002686717011,45.47772018462752,1.0,True,False,False,False,101
coarse,800.0,1000.0,92.05,835.7716163253496,-999.3599909269292,45.530846242188645,45.49783072934294,1.0,True,False,False,False,101
coarse,800.0,1000.0,92.1,836.6437087065561,-999.3283937786563,45.55169394994445,45.51796891490765,1.0,True,False,False,False,101
coarse,800.0,1000.0,92.15,837.5157731819847,-999.2960355983396,45.57257003638562,45.53813478482853,1.0,True,False,False,False,101
coarse,800.0,1000.0,92.2,838.3878090875199,-999.2629164106212,45.59347454757247,45.55832838271882,1.0,True,False,False,False,101
coarse,800.0,1000.0,92.25,839.2598157590685,-999.2290362407228,45.61440752967615,45.57854975229832,1.0,True,False,False,False,101
coarse,800.0,1000.0,92.3,840.1317925325596,-999.1943951144459,45.63536902898092,45.59879893739381,1.0,True,False,False,False,101
coarse,800.0,1000.0,92.35,841.0037387439448,-999.1589930581711,45.65635909188255,45.619075981939176,1.0,True,False,False,False,101
coarse,800.0,1000.0,92.4,841.8756537291996,-999.1228300988583,45.67737776489043,45.63938092997583,1.0,True,False,False,False,101
coarse,800.0,1000.0,92.45,842.7475368243222,-999.0859062640476,45.69842509462636,45.65971382565285,1.0,True,False,False,False,101
coarse,800.0,1000.0,92.5,843.6193873653359,-999.0482215818578,45.71950112782586,45.68007471322746,1.0,True,False,False,False,101
coarse,800.0,1000.0,92.55,844.4912046882886,-999.0097760809875,45.740605911338236,45.70046363706511,1.0,True,False,False,False,101
coarse,800.0,1000.0,92.6,845.3629881292536,-998.9705697907148,45.7617394921263,45.72088064163994,1.0,True,False,False,False,101
coarse,800.0,1000.0,92.65,846.2347370243301,-998.9306027408966,45.782901917267836,45.741325771534996,1.0,True,False,False,False,101
coarse,800.0,1000.0,92.7,847.1064507096428,-998.88987496197,45.80409323395453,45.76179907144253,1.0,True,False,False,False,101
coarse,800.0,1000.0,92.75,847.978128521344,-998.8483864849507,45.82531348949379,45.78230058616421,1.0,True,False,False,False,101
coarse,800.0,1000.0,92.8,848.8497697956133,-998.8061373414341,45.846562731307806,45.80283036061162,1.0,True,False,False,False,101
coarse,800.0,1000.0,92.85,849.7213738686578,-998.7631275635946,45.86784100693457,45.8233884398064,1.0,True,False,False,False,101
coarse,800.0,1000.0,92.9,850.5929400767135,-998.7193571841862,45.889148364027875,45.843974868880544,1.0,True,False,False,False,101
coarse,800.0,1000.0,92.95,851.4644677560441,-998.6748262365419,45.91048485035733,45.8645896930767,1.0,True,False,False,False,101
coarse,800.0,1000.0,93.0,852.3359562429439,-998.6295347545738,45.93185051381003,45.88523295774864,1.0,True,False,True,False,101
refined,800.0,1000.0,90.9,815.7073173118207,-999.8766324816606,45.13901517347161,45.04596503110559,-1.0,True,False,False,False,201
refined,800.0,1000.0,90.91,815.881828465204,-999.873875808645,45.13506078722834,45.049345273560306,-1.0,True,False,False,False,201
refined,800.0,1000.0,90.92,816.0563391347995,-999.8710886777296,45.131107471774975,45.05276492072774,-1.0,True,False,False,False,201
refined,800.0,1000.0,90.93,816.2308493152907,-999.8682710889991,45.12715522677202,45.05622397769035,-1.0,True,False,False,False,201
refined,800.0,1000.0,90.94,816.4053590013621,-999.8654230425394,45.12320405188159,45.05972244953126,-1.0,True,False,False,False,201
refined,800.0,1000.0,90.95,816.5798681876976,-999.8625445384374,45.1192539467647,45.06326034133427,-1.0,True,False,False,False,201
refined,800.0,1000.0,90.96,816.7543768689811,-999.8596355767804,45.1153049110831,45.066837658183736,-1.0,True,False,False,False,201
refined,800.0,1000.0,90.97,816.9288850398976,-999.8566961576573,45.11135694449902,45.07045440516476,-1.0,True,False,False,False,201
refined,800.0,1000.0,90.98,817.1033926951307,-999.8537262811576,45.10741004667445,45.07411058736298,-1.0,True,False,False,False,201
refined,800.0,1000.0,90.99,817.2778998293645,-999.8507259473718,45.10346421727115,45.07780620986471,-1.0,True,False,False,False,201
refined,800.0,1000.0,91.0,817.4524064372835,-999.8476951563913,45.09951945595179,45.081541277756955,-1.0,True,False,False,False,201
refined,800.0,1000.0,91.01,817.6269125135717,-999.8446339083082,45.10356970317839,45.08531579612727,1.0,True,False,False,False,201
refined,800.0,1000.0,91.02,817.8014180529135,-999.841542203216,45.10762104647593,45.08912977006386,1.0,True,False,False,False,201
refined,800.0,1000.0,91.03,817.9759230499931,-999.8384200412088,45.111673486193716,45.092983204655646,1.0,True,False,False,False,201
refined,800.0,1000.0,91.04,818.1504274994949,-999.8352674223817,45.11572702268085,45.09687610499207,1.0,True,False,False,False,201
refined,800.0,1000.0,91.05,818.3249313961027,-999.8320843468308,45.119781656287344,45.10079158537627,1.0,True,False,False,False,201
refined,800.0,1000.0,91.06,818.4994347345016,-999.8288708146529,45.12383738736224,45.10470813746126,1.0,True,False,False,False,201
refined,800.0,1000.0,91.07,818.673937509375,-999.8256268259461,45.12789421625633,45.10862576157824,1.0,True,False,False,False,201
refined,800.0,1000.0,91.08,818.8484397154081,-999.822352380809,45.13195214331908,45.11254445805851,1.0,True,False,False,False,201
refined,800.0,1000.0,91.09,819.0229413472849,-999.8190474793415,45.136011168900886,45.11646422723358,1.0,True,False,False,False,201
refined,800.0,1000.0,91.1,819.1974423996895,-999.8157121216442,45.14007129335226,45.12038506943515,1.0,True,False,False,False,201
coarse,1000.0,200.0,88.0,993.0201006594998,-199.87816540381914,36.14010811945472,35.874722779646696,-1.0,True,True,True,True,101
coarse,1000.0,200.0,88.05,993.1945298995665,-199.88418040633456,36.132503623985784,35.86769320772521,-1.0,True,True,True,True,101
coarse,1000.0,200.0,88.1,993.3689643222947,-199.89004318835143,36.12492642374449,35.86069027946738,-1.0,True,True,True,True,101
coarse,1000.0,200.0,88.15,993.5434037948452,-199.89575374540496,36.11737650285513,35.85371398121967,-1.0,True,True,True,True,101
coarse,1000.0,200.0,88.2,993.7178481843744,-199.90131207314633,36.10985384555096,35.84676429943348,-1.0,True,True,True,True,101
coarse,1000.0,200.0,88.25,993.8922973580355,-199.90671816734258,36.1023584361745,35.83984122066501,-1.0,True,True,True,True,101
coarse,1000.0,200.0,88.3,994.0667511829779,-199.9119720238768,36.094890259177284,35.83294473157522,-1.0,True,True,True,True,101
coarse,1000.0,200.0,88.35,994.2412095263473,-199.91707363874792,36.08744929911966,35.82607481892973,-1.0,True,True,True,True,101
coarse,1000.0,200.0,88.4,994.4156722552863,-199.92202300807088,36.080035540670934,35.819231469598705,-1.0,True,True,True,True,101
coarse,1000.0,200.0,88.45,994.5901392369336,-199.92682012807646,36.07264896860918,35.81241467055678,-1.0,True,True,True,True,101
coarse,1000.0,200.0,88.5,994.7646103384254,-199.93146499511144,36.06528956782078,35.80562440888296,-1.0,True,True,True,True,101
coarse,1000.0,200.0,88.55,994.939085426894,-199.93595760563863,36.057957323300826,35.798860671760586,-1.0,True,True,True,True,101
coarse,1000.0,200.0,88.6,995.1135643694694,-199.94029795623663,36.05065222015261,35.79212344647715,-1.0,True,True,True,True,101
coarse,1000.0,200.0,88.65,995.288047033278,-199.9444860436001,36.04337424358793,35.785412720424326,-1.0,True,True,True,True,101
coarse,1000.0,200.0,88.7,995.4625332854438,-199.94852186453966,36.036123378926504,35.77872848109775,-1.0,True,True,True,True,101
coarse,1000.0,200.0,88.75,995.6370229930877,-199.95240541598181,36.02889961159634,35.7720707160971,-1.0,True,True,True,True,101
coarse,1000.0,200.0,88.8,995.8115160233286,-199.9561366949691,36.02170292713306,35.765439413125854,-1.0,True,True,True,True,101
coarse,1000.0,200.0,88.85,995.9860122432822,-199.95971569865995,36.01453331118054,35.758834559991314,-1.0,True,True,True,True,101
coarse,1000.0,200.0,88.9,996.1605115200621,-199.96314242432885,36.00739074949015,35.75225614460449,-1.0,True,True,True,True,101
coarse,1000.0,200.0,88.95,996.3350137207794,-199.96641686936616,36.000275227920845,35.74570415498001,-1.0,True,True,True,True,101
coarse,1000.0,200.0,89.0,996.5095187125432,-199.96953903127826,35.99318673243944,35.739178579236075,-1.0,True,True,True,True,101
coarse,1000.0,200.0,89.05,996.6840263624605,-199.97250890768748,35.98612524911991,35.73267940559433,-1.0,True,True,False,False,101
coarse,1000.0,200.0,89.1,996.8585365376358,-199.97532649633212,35.979090764143734,35.72622925437014,-1.0,True,True,False,False,101
coarse,1000.0,200.0,89.15,997.0330491051723,-199.9779917950665,35.972083263799526,35.72004111695156,-1.0,True,True,False,False,101
coarse,1000.0,200.0,89.2,997.207563932171,-199.98050480186086,35.96510273448323,35.71418592990804,-1.0,True,True,False,False,101
coarse,1000.0,200.0,89.25,997.382080885731,-199.9828655148014,35.95814916269773,35.70864220305727,-1.0,True,True,False,False,101
coarse,1000.0,200.0,89.3,997.5565998329506,-199.9850739320904,35.95122253505299,35.703431364927226,-1.0,True,True,False,False,101
coarse,1000.0,200.0,89.35,997.7311206409255,-199.987130052046,35.944322838265705,35.69853205344056,-1.0,True,True,False,False,101
coarse,1000.0,200.0,89.4,997.9056431767509,-199.98903387310241,35.93745005915952,35.6939655680969,-1.0,True,True,False,False,101
coarse,1000.0,200.0,89.45,998.08016730752,-199.9907853938098,35.930604184664666,35.689710676200846,-1.0,True,True,False,False,101
coarse,1000.0,200.0,89.5,998.2546929003253,-199.99238461283426,35.92378520181808,35.685788546946306,-1.0,True,True,False,False,101
coarse,1000.0,200.0,89.55,998.4292198222578,-199.99383152895794,35.91699309776311,35.68217807829656,-1.0,True,True,False,False,101
coarse,1000.0,200.0,89.6,998.6037479404076,-199.99512614107894,35.91022785974976,35.67890030786272,-1.0,True,True,False,False,101
coarse,1000.0,200.0,89.65,998.7782771218643,-199.99626844821142,35.903489475134116,35.67593426554326,-1.0,True,True,False,False,101
coarse,1000.0,200.0,89.7,998.952807233716,-199.99725844948534,35.89677793137876,35.67330085608958,-1.0,True,True,False,False,101
coarse,1000.0,200.0,89.75,999.1273381430507,-199.9980961441469,35.8900932160523,35.670979242611715,-1.0,True,True,False,False,101
coarse,1000.0,200.0,89.8,999.3018697169553,-199.99878153155808,35.8834353168295,35.66899019572465,-1.0,True,True,False,False,101
coarse,1000.0,200.0,89.85,999.4764018225163,-199.99931461119695,35.87680422149116,35.66731301302612,-1.0,True,True,False,False,101
coarse,1000.0,200.0,89.9,999.6509343268203,-199.99969538265753,35.87019991792411,35.665968329718204,-1.0,True,True,False,False,101
coarse,1000.0,200.0,89.95,999.8254670969529,-199.99992384564987,35.86362239412083,35.664935579162275,-1.0,True,True,False,False,101
coarse,1000.0,200.0,90.0,1000.0,-200.0,35.857071638179654,35.66423525987129,-1.0,True,True,False,False,101
coarse,1000.0,200.0,90.05,1000.174532903047,-199.99992384564987,35.85054763830477,35.663846942245925,-1.0,True,True,False,False,101
coarse,1000.0,200.0,90.1,1000.3490656731797,-199.99969538265753,35.84405038280578,35.663790986834,-1.0,True,True,False,False,101
coarse,1000.0,200.0,90.15,1000.5235981774836,-199.99931461119695,35.83757986009804,35.66404710235102,-1.0,True,True,False,False,101
coarse,1000.0,200.0,90.2,1000.6981302830447,-199.99878153155808,35.83113605870213,35.664635510103835,-1.0,True,True,False,False,101
coarse,1000.0,200.0,90.25,1000.8726618569493,-199.9980961441469,35.82471896724429,35.66553605839808,-1.0,True,True,False,False,101
coarse,1000.0,200.0,90.3,1001.0471927662838,-199.99725844948534,35.818328574455926,35.66676882802409,-1.0,True,True,False,False,101
coarse,1000.0,200.0,90.35,1001.2217228781357,-199.99626844821142,35.811964869173735,35.668313808152675,-1.0,True,True,False,False,101
coarse,1000.0,200.0,90.4,1001.3962520595924,-199.99512614107894,35.805627840339675,35.67019093778229,-1.0,True,True,False,False,101
coarse,1000.0,200.0,90.45,1001.5707801777423,-199.99383152895794,35.79931747700066,35.6723803482238,-1.0,True,True,False,False,101
coarse,1000.0,200.0,90.5,1001.7453070996748,-199.99238461283426,35.793033768308845,35.67490183540866,-1.0,True,True,False,False,101
coarse,1000.0,200.0,90.55,1001.91983269248,-199.9907853938098,35.78677670352119,35.67773567406242,-1.0,True,True,False,False,101
coarse,1000.0,200.0,90.6,1002.0943568232492,-199.98903387310241,35.78054627199969,35.68090151577469,-1.0,True,True,False,False,101
coarse,1000.0,200.0,90.65,1002.2688793590745,-199.987130052046,35.774342463211156,35.68437977996007,-1.0,True,True,False,False,101
coarse,1000.0,200.0,90.7,1002.4434001670495,-199.9850739320904,35.76816526672702,35.688189972591665,-1.0,True,True,False,False,101
coarse,1000.0,200.0,90.75,1002.617919114269,-199.9828655148014,35.76201467222372,35.692312659047346,-1.0,True,True,False,False,101
coarse,1000.0,200.0,90.8,1002.792436067829,-199.98050480186086,35.7558906694822,35.69676719840934,-1.0,True,True,False,False,101
coarse,1000.0,200.0,90.85,1002.9669508948276,-199.9779917950665,35.749793248387945,35.70153430329267,-1.0,True,True,False,False,101
coarse,1000.0,200.0,90.9,1003.1414634623642,-199.97532649633212,35.74372239893105,35.706633184614574,-1.0,True,True,False,False,101
coarse,1000.0,200.0,90.95,1003.3159736375395,-199.97250890768748,35.737678111206066,35.71204470350094,-1.0,True,True,False,False,101
coarse,1000.0,200.0,91.0,1003.4904812874566,-199.96953903127826,35.73166037541195,35.71778792143007,-1.0,True,True,False,False,101
coarse,1000.0,200.0,91.05,1003.6649862792206,-199.96641686936616,35.73871814870084,35.723843849312246,1.0,True,True,False,False,101
coarse,1000.0,200.0,91.1,1003.8394884799379,-199.96314242432885,35.745802492941955,35.73023139791316,1.0,True,True,False,False,101
coarse,1000.0,200.0,91.15,1004.0139877567178,-199.95971569865995,35.75291342199075,35.73679459770729,1.0,True,True,False,False,101
coarse,1000.0,200.0,91.2,1004.1884839766714,-199.9561366949691,35.76005094980729,35.74338415378198,1.0,True,True,False,False,101
coarse,1000.0,200.0,91.25,1004.3629770069122,-199.95240541598181,35.76721509045607,35.75000007814083,1.0,True,True,False,False,101
coarse,1000.0,200.0,91.3,1004.5374667145562,-199.94852186453966,35.77440585810634,35.75664238289034,1.0,True,True,False,False,101
coarse,1000.0,200.0,91.35,1004.711952966722,-199.9444860436001,35.78162326703216,35.763311080240065,1.0,True,True,False,False,101
coarse,1000.0,200.0,91.4,1004.8864356305306,-199.94029795623663,35.78886733161218,35.77000618250264,1.0,True,True,False,False,101
coarse,1000.0,200.0,91.45,1005.060914573106,-199.93595760563863,35.796138066330435,35.77672770209385,1.0,True,True,False,False,101
coarse,1000.0,200.0,91.5,1005.2353896615746,-199.93146499511144,35.803435485775594,35.78347565153277,1.0,True,True,False,False,101
coarse,1000.0,200.0,91.55,1005.4098607630664,-199.92682012807646,35.81075960464169,35.7902500434418,1.0,True,True,False,False,101
coarse,1000.0,200.0,91.6,1005.5843277447137,-199.92202300807088,35.81811043772819,35.79705089054679,1.0,True,True,False,False,101
coarse,1000.0,200.0,91.65,1005.7587904736528,-199.91707363874792,35.825487999939625,35.80387820567705,1.0,True,True,False,False,101
coarse,1000.0,200.0,91.7,1005.9332488170222,-199.9119720238768,35.83289230628608,35.810732001765544,1.0,True,True,False,False,101
coarse,1000.0,200.0,91.75,1006.1077026419646,-199.90671816734258,35.840323371883244,35.81761229184886,1.0,True,True,False,False,101
coarse,1000.0,200.0,91.8,1006.2821518156256,-199.90131207314633,35.84778121195269,35.82451908906741,1.0,True,True,False,False,101
coarse,1000.0,200.0,91.85,1006.4565962051549,-199.89575374540496,35.85526584182146,35.83145240666544,1.0,True,True,False,False,101
coarse,1000.0,200.0,91.9,1006.6310356777053,-199.89004318835143,35.8627772769228,35.83841225799115,1.0,True,True,False,False,101
coarse,1000.0,200.0,91.95,1006.8054701004335,-199.88418040633456,35.8703155327957,35.84539865649679,1.0,True,True,False,False,101
coarse,1000.0,200.0,92.0,1006.9798993405002,-199.87816540381914,35.877880625085545,35.85241161573874,1.0,True,True,False,False,101
coarse,1000.0,200.0,92.05,1007.1543232650699,-199.87199818538585,35.885472569543786,35.85945114937757,1.0,True,True,False,False,101
coarse,1000.0,200.0,92.1,1007.3287417413112,-199.86567875573124,35.893091382028324,35.86651727117825,1.0,True,True,False,False,101
coarse,1000.0,200.0,92.15,1007.503154636397,-199.85920711966793,35.90073707850351,35.87360999501009,1.0,True,True,False,False,101
coarse,1000.0,200.0,92.2,1007.6775618175039,-199.85258328212424,35.90840967504027,35.880729334846954,1.0,True,True,False,False,101
coarse,1000.0,200.0,92.25,1007.8519631518137,-199.84580724814458,35.916109187816176,35.887875304767284,1.0,True,True,False,False,101
coarse,1000.0,200.0,92.3,1008.0263585065119,-199.8388790228892,35.923835633115765,35.89504791895426,1.0,True,True,False,False,101
coarse,1000.0,200.0,92.35,1008.200747748789,-199.8317986116342,35.93158902733042,35.90224719169585,1.0,True,True,False,False,101
coarse,1000.0,200.0,92.4,1008.3751307458399,-199.82456601977168,35.9393693869586,35.90947313738493,1.0,True,True,False,False,101
coarse,1000.0,200.0,92.45,1008.5495073648644,-199.81718125280952,35.94717672860591,35.916725770519356,1.0,True,True,False,False,101
coarse,1000.0,200.0,92.5,1008.7238774730672,-199.80964431637156,35.95501106898533,35.92400510570214,1.0,True,True,False,False,101
coarse,1000.0,200.0,92.55,1008.8982409376578,-199.8019552161975,35.962872424917336,35.93131115764148,1.0,True,True,False,False,101
coarse,1000.0,200.0,92.6,1009.0725976258507,-199.79411395814296,35.97076081332979,35.93864394115087,1.0,True,True,False,False,101
coarse,1000.0,200.0,92.65,1009.246947404866,-199.78612054817933,35.978676251258264,35.94600347114926,1.0,True,True,False,False,101
coarse,1000.0,200.0,92.7,1009.4212901419286,-199.777974992394,35.98661875584623,35.9533897626611,1.0,True,True,False,False,101
coarse,1000.0,200.0,92.75,1009.5956257042689,-199.76967729699012,35.994588344344955,35.96080283081647,1.0,True,True,False,False,101
coarse,1000.0,200.0,92.8,1009.7699539591226,-199.76122746828682,36.00258503411397,35.968242690851206,1.0,True,True,False,False,101
coarse,1000.0,200.0,92.85,1009.9442747737315,-199.75262551271894,36.01060884262081,35.975709358106975,1.0,True,True,False,False,101
coarse,1000.0,200.0,92.9,1010.1185880153427,-199.74387143683722,36.01865978744131,35.98320284803144,1.0,True,True,False,False,101
coarse,1000.0,200.0,92.95,1010.2928935512089,-199.7349652473084,36.02673788626,35.99072317617827,1.0,True,True,False,False,101
coarse,1000.0,200.0,93.0,1010.4671912485887,-199.72590695091478,36.03484315686965,35.99827035820737,1.0,True,True,True,True,101
refined,1000.0,200.0,90.9,1003.1414634623642,-199.97532649633212,35.74372239893105,35.70650793585055,-1.0,True,True,False,False,201
refined,1000.0,200.0,90.91,1003.1763656930408,-199.974775161729,35.74251141676266,35.707570211671026,-1.0,True,True,False,False,201
refined,1000.0,200.0,90.92,1003.2112678269599,-199.97421773554592,35.741301496984455,35.708645433823406,-1.0,True,True,False,False,201
refined,1000.0,200.0,90.93,1003.2461698630582,-199.97365421779983,35.740092639517776,35.70973360229703,-1.0,True,True,False,False,201
refined,1000.0,200.0,90.94,1003.2810718002725,-199.9730846085079,35.738884844284485,35.71083471708112,-1.0,True,True,False,False,201
refined,1000.0,200.0,90.95,1003.3159736375395,-199.97250890768748,35.737678111206066,35.711948778164775,-1.0,True,True,False,False,201
refined,1000.0,200.0,90.96,1003.3508753737963,-199.97192711535607,35.73647244020459,35.713075785536994,-1.0,True,True,False,False,201
refined,1000.0,200.0,90.97,1003.3857770079795,-199.9713392315315,35.73526783120205,35.71421573918663,-1.0,True,True,False,False,201
refined,1000.0,200.0,90.98,1003.4206785390261,-199.97074525623154,35.73406428412082,35.71536863910244,-1.0,True,True,False,False,201
refined,1000.0,200.0,90.99,1003.4555799658729,-199.97014518947435,35.73286179888322,35.71653448527305,-1.0,True,True,False,False,201
refined,1000.0,200.0,91.0,1003.4904812874566,-199.96953903127826,35.73166037541195,35.71771327768698,-1.0,True,True,False,False,201
refined,1000.0,200.0,91.01,1003.5253825027144,-199.96892678166165,35.733069805055074,35.71890501633263,1.0,True,True,False,False,201
refined,1000.0,200.0,91.02,1003.5602836105827,-199.9683084406432,35.734480297095644,35.72010970119826,1.0,True,True,False,False,201
refined,1000.0,200.0,91.03,1003.5951846099986,-199.96768400824178,35.73589185164339,35.72132733227204,1.0,True,True,False,False,201
refined,1000.0,200.0,91.04,1003.630085499899,-199.96705348447634,35.73730446880844,35.72255790954202,1.0,True,True,False,False,201
refined,1000.0,200.0,91.05,1003.6649862792206,-199.96641686936616,35.73871814870084,35.7238014329961,1.0,True,True,False,False,201
refined,1000.0,200.0,91.06,1003.6998869469003,-199.9657741629306,35.74013289143103,35.7250579026221,1.0,True,True,False,False,201
refined,1000.0,200.0,91.07,1003.734787501875,-199.9651253651892,35.741548697109494,35.726327318407705,1.0,True,True,False,False,201
refined,1000.0,200.0,91.08,1003.7696879430816,-199.9644704761618,35.74296556584683,35.72760968034048,1.0,True,True,False,False,201
refined,1000.0,200.0,91.09,1003.804588269457,-199.9638094958683,35.744383497753994,35.72890498840788,1.0,True,True,False,False,201
refined,1000.0,200.0,91.1,1003.8394884799379,-199.96314242432885,35.745802492941955,35.730213242597245,1.0,True,True,False,False,201
coarse,1000.0,400.0,88.0,986.0402013189996,-399.7563308076383,38.56917113655253,38.08686409402556,-1.0,True,True,True,True,101
coarse,1000.0,400.0,88.05,986.389059799133,-399.76836081266913,38.55616727564808,38.07451075725357,-1.0,True,True,True,True,101
coarse,1000.0,400.0,88.1,986.7379286445894,-399.78008637670285,38.54319076566087,38.0621836012162,-1.0,True,True,True,True,101
coarse,1000.0,400.0,88.15,987.0868075896902,-399.7915074908099,38.530241579782185,38.04988260152491,-1.0,True,True,True,True,101
coarse,1000.0,400.0,88.2,987.4356963687487,-399.80262414629266,38.517319691316125,38.037607733896216,-1.0,True,True,True,True,101
coarse,1000.0,400.0,88.25,987.784594716071,-399.81343633468515,38.50442507367928,38.02535897415165,-1.0,True,True,True,True,101
coarse,1000.0,400.0,88.3,988.1335023659557,-399.8239440477536,38.49155770040131,38.01313629821753,-1.0,True,True,True,True,101
coarse,1000.0,400.0,88.35,988.4824190526946,-399.83414727749584,38.478717545123686,38.00093968212488,-1.0,True,True,True,True,101
coarse,1000.0,400.0,88.4,988.8313445105725,-399.84404601614176,38.46590458160063,37.98876910200917,-1.0,True,True,True,True,101
coarse,1000.0,400.0,88.45,989.1802784738674,-399.8536402561529,38.45311878369814,37.97662453411032,-1.0,True,True,True,True,101
coarse,1000.0,400.0,88.5,989.5292206768507,-399.8629299902229,38.44036012539402,37.964505954772406,-1.0,True,True,True,True,101
coarse,1000.0,400.0,88.55,989.8781708537881,-399.87191521127727,38.42762858077808,37.95241334044359,-1.0,True,True,True,True,101
coarse,1000.0,400.0,88.6,990.2271287389387,-399.88059591247327,38.41492412405149,37.940346667675946,-1.0,True,True,True,True,101
coarse,1000.0,400.0,88.65,990.5760940665559,-399.8889720872002,38.40224672952673,37.92830591312537,-1.0,True,True,True,True,101
coarse,1000.0,400.0,88.7,990.9250665708875,-399.8970437290793,38.38959637162747,37.91629105355133,-1.0,True,True,True,True,101
coarse,1000.0,400.0,88.75,991.2740459861756,-399.90481083196363,38.3769730248888,37.904302065816836,-1.0,True,True,True,True,101
coarse,1000.0,400.0,88.8,991.6230320466572,-399.9122733899382,38.3643766639559,37.89233892688819,-1.0,True,True,True,True,101
coarse,1000.0,400.0,88.85,991.9720244865644,-399.9194313973199,38.35180726358566,37.88040161383496,-1.0,True,True,True,True,101
coarse,1000.0,400.0,88.9,992.3210230401241,-399.9262848486577,38.33926479864467,37.86849010382975,-1.0,True,True,True,True,101
coarse,1000.0,400.0,88.95,992.6700274415589,-399.9328337387323,38.32674924411043,37.85660437414807,-1.0,True,True,True,True,101
coarse,1000.0,400.0,89.0,993.0190374250866,-399.9390780625565,38.31426057507034,37.844744402168246,-1.0,True,True,True,True,101
coarse,1000.0,400.0,89.05,993.368052724921,-399.94501781537497,38.301798766722015,37.83291016537126,-1.0,True,True,False,False,101
coarse,1000.0,400.0,89.1,993.7170730752716,-399.95065299266423,38.28936379437297,37.821500061704555,-1.0,True,True,False,False,101
coarse,1000.0,400.0,89.15,994.0660982103446,-399.955983590133,38.276955633440664,37.810654607149345,-1.0,True,True,False,False,101
coarse,1000.0,400.0,89.2,994.4151278643419,-399.9610096037217,38.26457425945164,37.80041538748035,-1.0,True,True,False,False,101
coarse,1000.0,400.0,89.25,994.7641617714621,-399.9657310296028,38.252219648042335,37.79074097529282,-1.0,True,True,False,False,101
coarse,1000.0,400.0,89.3,995.1131996659011,-399.9701478641808,38.23989177495843,37.781672740858106,-1.0,True,True,False,False,101
coarse,1000.0,400.0,89.35,995.4622412818511,-399.974260104092,38.2275906160544,37.77316947282573,-1.0,True,True,False,False,101
coarse,1000.0,400.0,89.4,995.8112863535017,-399.97806774620483,38.21531614729412,37.76527232474969,-1.0,True,True,False,False,101
coarse,1000.0,400.0,89.45,996.16033461504,-399.9815707876196,38.20306834474999,37.75794030254527,-1.0,True,True,False,False,101
coarse,1000.0,400.0,89.5,996.5093858006504,-399.9847692256685,38.190847184603285,37.751214341834554,-1.0,True,True,False,False,101
coarse,1000.0,400.0,89.55,996.8584396445154,-399.9876630579159,38.17865264314368,37.74505366701065,-1.0,True,True,False,False,101
coarse,1000.0,400.0,89.6,997.2074958808154,-399.9902522821579,38.166484696769466,37.739498994548626,-1.0,True,True,False,False,101
coarse,1000.0,400.0,89.65,997.5565542437287,-399.99253689642285,38.154343321986694,37.73450976853195,-1.0,True,True,False,False,101
coarse,1000.0,400.0,89.7,997.9056144674322,-399.9945168989707,38.14222849541007,37.730126485073036,-1.0,True,True,False,False,101
coarse,1000.0,400.0,89.75,998.2546762861014,-399.9961922882938,38.13014019376181,37.7263088091589,-1.0,True,True,False,False,101
coarse,1000.0,400.0,89.8,998.6037394339105,-399.99756306311616,38.11807839387233,37.72309701532306,-1.0,True,True,False,False,101
coarse,1000.0,400.0,89.85,998.9528036450328,-399.9986292223939,38.106043072679384,37.72045099066976,-1.0,True,True,False,False,101
coarse,1000.0,400.0,89.9,999.3018686536407,-399.99939076531507,38.09403420722828,37.71841078693687,-1.0,True,True,False,False,101
coarse,1000.0,400.0,89.95,999.650934193906,-399.99984769129975,38.082051774672024,37.716936514560054,-1.0,True,True,False,False,101
coarse,1000.0,400.0,90.0,1000.0,-400.0,38.07009575227027,37.716068001264304,-1.0,True,True,False,False,101
coarse,1000.0,400.0,90.05,1000.349065806094,-399.99984769129975,38.05816611739045,37.71576558203146,-1.0,True,True,False,False,101
coarse,1000.0,400.0,90.1,1000.6981313463592,-399.99939076531507,38.04626284750638,37.71606885935573,-1.0,True,True,False,False,101
coarse,1000.0,400.0,90.15,1001.0471963549672,-399.9986292223939,38.03438592019924,37.71693839398044,-1.0,True,True,False,False,101
coarse,1000.0,400.0,90.2,1001.3962605660895,-399.99756306311616,38.02253531315643,37.718413561950754,-1.0,True,True,False,False,101
coarse,1000.0,400.0,90.25,1001.7453237138985,-399.9961922882938,38.01071100417239,37.720455150987185,-1.0,True,True,False,False,101
coarse,1000.0,400.0,90.3,1002.0943855325678,-399.9945168989707,37.99891297114744,37.72310230946699,-1.0,True,True,False,False,101
coarse,1000.0,400.0,90.35,1002.4434457562712,-399.99253689642285,37.9871411920887,37.72631605330426,-1.0,True,True,False,False,101
coarse,1000.0,400.0,90.4,1002.7925041191847,-399.9902522821579,37.97539564510921,37.73013530198886,-1.0,True,True,False,False,101
coarse,1000.0,400.0,90.45,1003.1415603554846,-399.9876630579159,37.963676308427964,37.73452130084539,-1.0,True,True,False,False,101
coarse,1000.0,400.0,90.5,1003.4906141993496,-399.9847692256685,37.95198316037016,37.73951273925632,-1.0,True,True,False,False,101
coarse,1000.0,400.0,90.55,1003.8396653849601,-399.9815707876196,37.94031617936655,37.74507109317416,-1.0,True,True,False,False,101
coarse,1000.0,400.0,90.6,1004.1887136464983,-399.97806774620483,37.92867534395348,37.75123482065355,-1.0,True,True,False,False,101
coarse,1000.0,400.0,90.65,1004.537758718149,-399.974260104092,37.91706063277314,37.75796562949281,-1.0,True,True,False,False,101
coarse,1000.0,400.0,90.7,1004.8868003340989,-399.9701478641808,37.905472024572795,37.76530174519773,-1.0,True,True,False,False,101
coarse,1000.0,400.0,90.75,1005.2358382285378,-399.9657310296028,37.89390949820524,37.7732051086309,-1.0,True,True,False,False,101
coarse,1000.0,400.0,90.8,1005.5848721356581,-399.9610096037217,37.88237303262826,37.781713711527715,-1.0,True,True,False,False,101
coarse,1000.0,400.0,90.85,1005.9339017896554,-399.955983590133,37.87086260690474,37.79078972903402,-1.0,True,True,False,False,101
coarse,1000.0,400.0,90.9,1006.2829269247283,-399.95065299266423,37.85937820020249,37.80047091789275,-1.0,True,True,False,False,101
coarse,1000.0,400.0,90.95,1006.631947275079,-399.94501781537497,37.84791979179438,37.81071968875253,-1.0,True,True,False,False,101
coarse,1000.0,400.0,91.0,1006.9809625749134,-399.9390780625565,37.83648736105732,37.821573562141204,-1.0,True,True,False,False,101
coarse,1000.0,400.0,91.05,1007.3299725584411,-399.9328337387323,37.8489020140949,37.83299518543015,1.0,True,True,False,False,101
coarse,1000.0,400.0,91.1,1007.6789769598759,-399.9262848486577,37.861342746100554,37.844850108512325,1.0,True,True,False,False,101
coarse,1000.0,400.0,91.15,1008.0279755134356,-399.9194313973199,37.873809581637246,37.856734573668405,1.0,True,True,False,False,101
coarse,1000.0,400.0,91.2,1008.3769679533427,-399.9122733899382,37.886302545373155,37.868644760780974,1.0,True,True,False,False,101
coarse,1000.0,400.0,91.25,1008.7259540138244,-399.90481083196363,37.89882166208097,37.880580692522834,1.0,True,True,False,False,101
coarse,1000.0,400.0,91.3,1009.0749334291124,-399.8970437290793,37.91136695663916,37.892542391669096,1.0,True,True,False,False,101
coarse,1000.0,400.0,91.35,1009.423905933444,-399.8889720872002,37.92393845403094,37.90452988109725,1.0,True,True,False,False,101
coarse,1000.0,400.0,91.4,1009.7728712610613,-399.88059591247327,37.936536179345126,37.91654318378738,1.0,True,True,False,False,101
coarse,1000.0,400.0,91.45,1010.1218291462118,-399.87191521127727,37.94916015777672,37.92858232282228,1.0,True,True,False,False,101
coarse,1000.0,400.0,91.5,1010.4707793231493,-399.8629299902229,37.961810414625795,37.94064732138758,1.0,True,True,False,False,101
coarse,1000.0,400.0,91.55,1010.8197215261328,-399.8536402561529,37.97448697529862,37.95273820277185,1.0,True,True,False,False,101
coarse,1000.0,400.0,91.6,1011.1686554894276,-399.84404601614176,37.98718986530811,37.96485499036687,1.0,True,True,False,False,101
coarse,1000.0,400.0,91.65,1011.5175809473054,-399.83414727749584,37.999919110272664,37.97699770766762,1.0,True,True,False,False,101
coarse,1000.0,400.0,91.7,1011.8664976340443,-399.8239440477536,38.01267473591738,37.98916637827254,1.0,True,True,False,False,101
coarse,1000.0,400.0,91.75,1012.215405283929,-399.81343633468515,38.02545676807433,38.001361025883604,1.0,True,True,False,False,101
coarse,1000.0,400.0,91.8,1012.5643036312513,-399.80262414629266,38.038265232682235,38.013581674306565,1.0,True,True,False,False,101
coarse,1000.0,400.0,91.85,1012.9131924103098,-399.7915074908099,38.051100155786486,38.02582834745094,1.0,True,True,False,False,101
coarse,1000.0,400.0,91.9,1013.2620713554105,-399.78008637670285,38.0639615635399,38.03810106933033,1.0,True,True,False,False,101
coarse,1000.0,400.0,91.95,1013.610940200867,-399.76836081266913,38.07684948220235,38.05039986406246,1.0,True,True,False,False,101
coarse,1000.0,400.0,92.0,1013.9597986810004,-399.7563308076383,38.089763938141516,38.06272475586938,1.0,True,True,False,False,101
coarse,1000.0,400.0,92.05,1014.3086465301398,-399.7439963707717,38.10270495783235,38.07507576907759,1.0,True,True,False,False,101
coarse,1000.0,400.0,92.1,1014.6574834826224,-399.7313575114625,38.11567256785791,38.08745292811824,1.0,True,True,False,False,101
coarse,1000.0,400.0,92.15,1015.0063092727939,-399.71841423933586,38.12866679490912,38.09985625752721,1.0,True,True,False,False,101
coarse,1000.0,400.0,92.2,1015.355123635008,-399.7051665642485,38.14168766578505,38.11228578194534,1.0,True,True,False,False,101
coarse,1000.0,400.0,92.25,1015.7039263036274,-399.69161449628916,38.15473520739325,38.12474152611851,1.0,True,True,False,False,101
coarse,1000.0,400.0,92.3,1016.0527170130239,-399.6777580457784,38.16780944674962,38.137223514897904,1.0,True,True,False,False,101
coarse,1000.0,400.0,92.35,1016.4014954975779,-399.6635972232684,38.18091041097867,38.149731773240035,1.0,True,True,False,False,101
coarse,1000.0,400.0,92.4,1016.7502614916798,-399.64913203954336,38.19403812731421,38.16226632620707,1.0,True,True,False,False,101
coarse,1000.0,400.0,92.45,1017.0990147297289,-399.63436250561904,38.20719262309883,38.17482719896677,1.0,True,True,False,False,101
coarse,1000.0,400.0,92.5,1017.4477549461344,-399.6192886327431,38.2203739257842,38.18741441679287,1.0,True,True,False,False,101
coarse,1000.0,400.0,92.55,1017.7964818753154,-399.603910432395,38.23358206293197,38.200028005065114,1.0,True,True,False,False,101
coarse,1000.0,400.0,92.6,1018.1451952517015,-399.5882279162859,38.246817062212806,38.21266798926949,1.0,True,True,False,False,101
coarse,1000.0,400.0,92.65,1018.4938948097321,-399.57224109635865,38.26007895140729,38.22533439499829,1.0,True,True,False,False,101
coarse,1000.0,400.0,92.7,1018.8425802838572,-399.555949984788,38.273367758406366,38.23802724795039,1.0,True,True,False,False,101
coarse,1000.0,400.0,92.75,1019.1912514085376,-399.53935459398025,38.28668351121079,38.250746573931366,1.0,True,True,False,False,101
coarse,1000.0,400.0,92.8,1019.5399079182453,-399.52245493657364,38.30002623793187,38.26349239885365,1.0,True,True,False,False,101
coarse,1000.0,400.0,92.85,1019.8885495474631,-399.5052510254379,38.31339596679128,38.27626474873672,1.0,True,True,False,False,101
coarse,1000.0,400.0,92.9,1020.2371760306854,-399.48774287367445,38.326792726121745,38.28906364970732,1.0,True,True,False,False,101
coarse,1000.0,400.0,92.95,1020.5857871024176,-399.4699304946168,38.34021654436658,38.30188912799946,1.0,True,True,False,False,101
coarse,1000.0,400.0,93.0,1020.9343824971776,-399.45181390182955,38.353667450080344,38.3147412099548,1.0,True,True,True,True,101
refined,1000.0,400.0,90.9,1006.2829269247283,-399.95065299266423,37.85937820020249,37.800285715363074,-1.0,True,True,False,False,201
refined,1000.0,400.0,90.91,1006.3527313860816,-399.949550323458,37.85708443931888,37.80229996908353,-1.0,True,True,False,False,201
refined,1000.0,400.0,90.92,1006.4225356539198,-399.94843547109184,37.85479171820132,37.8043377888964,-1.0,True,True,False,False,201
refined,1000.0,400.0,90.93,1006.4923397261163,-399.94730843559967,37.85250003668453,37.806399175000166,-1.0,True,True,False,False,201
refined,1000.0,400.0,90.94,1006.5621436005448,-399.9461692170158,37.850209394603894,37.80848412759329,-1.0,True,True,False,False,201
refined,1000.0,400.0,90.95,1006.631947275079,-399.94501781537497,37.84791979179438,37.810592646874184,-1.0,True,True,False,False,201
refined,1000.0,400.0,90.96,1006.7017507475924,-399.94385423071213,37.84563122809134,37.81272473304119,-1.0,True,True,False,False,201
refined,1000.0,400.0,90.97,1006.771554015959,-399.942678463063,37.843343703330326,37.81488038629267,-1.0,True,True,False,False,201
refined,1000.0,400.0,90.98,1006.8413570780523,-399.9414905124631,37.84105721734697,37.81705960682688,-1.0,True,True,False,False,201
refined,1000.0,400.0,90.99,1006.9111599317458,-399.9402903789487,37.83877176997729,37.81926239484207,-1.0,True,True,False,False,201
refined,1000.0,400.0,91.0,1006.9809625749134,-399.9390780625565,37.83648736105732,37.821488750536425,-1.0,True,True,False,False,201
refined,1000.0,400.0,91.01,1007.0507650054287,-399.9378535633233,37.838968206522786,37.8237386741081,1.0,True,True,False,False,201
refined,1000.0,400.0,91.02,1007.1205672211654,-399.9366168812864,37.84145009436392,37.8260121657552,1.0,True,True,False,False,201
refined,1000.0,400.0,91.03,1007.1903692199973,-399.93536801648355,37.843933024775716,37.82830922567581,1.0,True,True,False,False,201
refined,1000.0,400.0,91.04,1007.260170999798,-399.9341069689527,37.84641699795425,37.83062985406792,1.0,True,True,False,False,201
refined,1000.0,400.0,91.05,1007.3299725584411,-399.9328337387323,37.8489020140949,37.832974051129526,1.0,True,True,False,False,201
refined,1000.0,400.0,91.06,1007.3997738938007,-399.9315483258612,37.85138807339409,37.83534181705857,1.0,True,True,False,False,201
refined,1000.0,400.0,91.07,1007.46957500375,-399.9302507303784,37.85387517604795,37.83771254114347,1.0,True,True,False,False,201
refined,1000.0,400.0,91.08,1007.5393758861633,-399.9289409523236,37.85636332225243,37.84008429266084,1.0,True,True,False,False,201
refined,1000.0,400.0,91.09,1007.609176538914,-399.9276189917366,37.85885251220447,37.842457071790434,1.0,True,True,False,False,201
refined,1000.0,400.0,91.1,1007.6789769598759,-399.9262848486577,37.861342746100554,37.84483087871215,1.0,True,True,False,False,201
coarse,1000.0,600.0,88.0,979.0603019784994,-599.6344962114574,42.038533696566894,41.37553359205356,-1.0,True,False,True,False,101
coarse,1000.0,600.0,88.05,979.5835896986995,-599.6525412190038,42.021032137574615,41.358814362759695,-1.0,True,False,True,False,101
coarse,1000.0,600.0,88.1,980.1068929668841,-599.6701295650543,42.003558501343505,41.34212146833323,-1.0,True,False,True,False,101
coarse,1000.0,600.0,88.15,980.6302113845354,-599.6872612362149,41.98611275016376,41.32545487388459,-1.0,True,False,True,False,101
coarse,1000.0,600.0,88.2,981.1535445531231,-599.703936219439,41.968694846439995,41.308814544628184,-1.0,True,False,True,False,101
coarse,1000.0,600.0,88.25,981.6768920741065,-599.7201545020278,41.95130475269158,41.292200445882045,-1.0,True,False,True,False,101
coarse,1000.0,600.0,88.3,982.2002535489336,-599.7359160716304,41.93394243155187,41.27561254306772,-1.0,True,False,True,False,101
coarse,1000.0,600.0,88.35,982.7236285790419,-599.7512209162438,41.91660784576831,41.25905080171002,-1.0,True,False,True,False,101
coarse,1000.0,600.0,88.4,983.2470167658587,-599.7660690242126,41.89930095820215,41.242515187436744,-1.0,True,False,True,False,101
coarse,1000.0,600.0,88.45,983.770417710801,-599.7804603842294,41.88202173182818,41.22600566597863,-1.0,True,False,True,False,101
coarse,1000.0,600.0,88.5,984.2938310152762,-599.7943949853344,41.86477012973439,41.20952220316889,-1.0,True,False,True,False,101
coarse,1000.0,600.0,88.55,984.8172562806822,-599.8078728169158,41.847546115121595,41.19306476494321,-1.0,True,False,True,False,101
coarse,1000.0,600.0,88.6,985.340693108408,-599.8208938687098,41.8303496513037,41.17663331733942,-1.0,True,False,True,False,101
coarse,1000.0,600.0,88.65,985.864141099834,-599.8334581308003,41.81318070170716,41.16022782649734,-1.0,True,False,True,False,101
coarse,1000.0,600.0,88.7,986.3875998563312,-599.845565593619,41.79603922987031,41.14384825865855,-1.0,True,False,True,False,101
coarse,1000.0,600.0,88.75,986.9110689792633,-599.8572162479455,41.77892519944423,41.12749458016615,-1.0,True,False,True,False,101
coarse,1000.0,600.0,88.8,987.4345480699858,-599.8684100849073,41.76183857419111,41.111166757464595,-1.0,True,False,True,False,101
coarse,1000.0,600.0,88.85,987.9580367298465,-599.8791470959799,41.74477931798536,41.09486475709945,-1.0,True,False,True,False,101
coarse,1000.0,600.0,88.9,988.4815345601862,-599.8894272729865,41.72774739481233,41.0785885457172,-1.0,True,False,True,False,101
coarse,1000.0,600.0,88.95,989.0050411623383,-599.8992506080984,41.71074276876867,41.062338090065076,-1.0,True,False,True,False,101
coarse,1000.0,600.0,89.0,989.5285561376298,-599.9086170938348,41.6937654040621,41.04611335699079,-1.0,True,False,True,False,101
coarse,1000.0,600.0,89.05,990.0520790873813,-599.9175267230625,41.67681526501052,41.029980249907794,-1.0,True,False,False,False,101
coarse,1000.0,600.0,89.1,990.5756096129074,-599.9259794889964,41.65989231604312,41.014500035476416,-1.0,True,False,False,False,101
coarse,1000.0,600.0,89.15,991.0991473155169,-599.9339753851995,41.64299652169851,40.99984667195894,-1.0,True,False,False,False,101
coarse,1000.0,600.0,89.2,991.6226917965128,-599.9415144055826,41.62612784662566,40.9859661121809,-1.0,True,False,False,False,101
coarse,1000.0,600.0,89.25,992.1462426571933,-599.9485965444042,41.60928625558349,40.97291273256689,-1.0,True,False,False,False,101
coarse,1000.0,600.0,89.3,992.6697994988517,-599.9552217962712,41.59247171343987,40.96063223664383,-1.0,True,False,False,False,101
coarse,1000.0,600.0,89.35,993.1933619227766,-599.961390156138,41.575684185172534,40.94917925146653,-1.0,True,False,False,False,101
coarse,1000.0,600.0,89.4,993.7169295302526,-599.9671016193073,41.5589236358683,40.9384992303105,-1.0,True,False,False,False,101
coarse,1000.0,600.0,89.45,994.2405019225599,-599.9723561814294,41.5421900307224,40.92864705180703,-1.0,True,False,False,False,101
coarse,1000.0,600.0,89.5,994.7640787009757,-599.9771538385028,41.52548333503948,40.919567918025905,-1.0,True,False,False,False,101
coarse,1000.0,600.0,89.55,995.2876594667732,-599.9814945868739,41.50880351423195,40.911316960122846,-1.0,True,False,False,False,101
coarse,1000.0,600.0,89.6,995.811243821223,-599.9853784232369,41.49215053382096,40.90383912800584,-1.0,True,False,False,False,101
coarse,1000.0,600.0,89.65,996.334831365593,-599.9888053446342,41.475524359435234,40.897189806304624,-1.0,True,False,False,False,101
coarse,1000.0,600.0,89.7,996.8584217011482,-599.991775348456,41.45892495681161,40.891313691807895,-1.0,True,False,False,False,101
coarse,1000.0,600.0,89.75,997.382014429152,-599.9942884324407,41.44235229179454,40.88626642357038,-1.0,True,False,False,False,101
coarse,1000.0,600.0,89.8,997.9056091508658,-599.9963445946743,41.425806330335554,40.881992444302455,-1.0,True,False,False,False,101
coarse,1000.0,600.0,89.85,998.4292054675491,-599.9979438335909,41.40928703849368,40.87854764843644,-1.0,True,False,False,False,101
coarse,1000.0,600.0,89.9,998.952802980461,-599.9990861479727,41.39279438243475,40.87587622364373,-1.0,True,False,False,False,101
coarse,1000.0,600.0,89.95,999.4764012908589,-599.9997715369497,41.376328328431335,40.87403432068844,-1.0,True,False,False,False,101
coarse,1000.0,600.0,90.0,1000.0,-600.0,41.359888842862446,40.872965871240815,-1.0,True,False,False,False,101
coarse,1000.0,600.0,90.05,1000.523598709141,-599.9997715369497,41.34347589221356,40.87272728335244,-1.0,True,False,False,False,101
coarse,1000.0,600.0,90.1,1001.0471970195389,-599.9990861479727,41.32708944307626,40.873262231728695,-1.0,True,False,False,False,101
coarse,1000.0,600.0,90.15,1001.5707945324508,-599.9979438335909,41.310729462148295,40.8746273826659,-1.0,True,False,False,False,101
coarse,1000.0,600.0,90.2,1002.0943908491342,-599.9963445946743,41.29439591623247,40.87676615293932,-1.0,True,False,False,False,101
coarse,1000.0,600.0,90.25,1002.6179855708478,-599.9942884324407,41.27808877223777,40.879735468048764,-1.0,True,False,False,False,101
coarse,1000.0,600.0,90.3,1003.1415782988516,-599.991775348456,41.26180799717823,40.883478485872565,-1.0,True,False,False,False,101
coarse,1000.0,600.0,90.35,1003.6651686344069,-599.9888053446342,41.24555355817286,40.88805239207445,-1.0,True,False,False,False,101
coarse,1000.0,600.0,90.4,1004.188756178777,-599.9853784232369,41.22932542244614,40.89340008466741,-1.0,True,False,False,False,101
coarse,1000.0,600.0,90.45,1004.7123405332269,-599.9814945868739,41.21312355732613,40.899579010440924,-1.0,True,False,False,False,101
coarse,1000.0,600.0,90.5,1005.2359212990244,-599.9771538385028,41.1969479302467,40.90653180657288,-1.0,True,False,False,False,101
coarse,1000.0,600.0,90.55,1005.7594980774401,-599.9723561814294,41.180798508745184,40.91431618194175,-1.0,True,False,False,False,101
coarse,1000.0,600.0,90.6,1006.2830704697475,-599.9671016193073,41.16467526046332,40.92287451191902,-1.0,True,False,False,False,101
coarse,1000.0,600.0,90.65,1006.8066380772235,-599.961390156138,41.14857815314691,40.93226476843716,-1.0,True,False,False,False,101
coarse,1000.0,600.0,90.7,1007.3302005011484,-599.9552217962712,41.1325071546451,40.942429064088174,-1.0,True,False,False,False,101
coarse,1000.0,600.0,90.75,1007.8537573428067,-599.9485965444042,41.11646223291089,40.95342563482498,-1.0,True,False,False,False,101
coarse,1000.0,600.0,90.8,1008.3773082034871,-599.9415144055826,41.10044335600083,40.96519632948582,-1.0,True,False,False,False,101
coarse,1000.0,600.0,90.85,1008.900852684483,-599.9339753851995,41.084450492074026,40.9777996490119,-1.0,True,False,False,False,101
coarse,1000.0,600.0,90.9,1009.4243903870924,-599.9259794889964,41.06848360939307,40.99117717751172,-1.0,True,False,False,False,101
coarse,1000.0,600.0,90.95,1009.9479209126185,-599.9175267230625,41.05254267632305,41.00538768188428,-1.0,True,False,False,False,101
coarse,1000.0,600.0,91.0,1010.47144386237,-599.9086170938348,41.03662766133178,41.02037248053095,-1.0,True,False,False,False,101
coarse,1000.0,600.0,91.05,1010.9949588376617,-599.8992506080984,41.05344838466242,41.03619060727942,1.0,True,False,False,False,101
coarse,1000.0,600.0,91.1,1011.5184654398137,-599.8894272729865,41.07029528388945,41.052404806515135,1.0,True,False,False,False,101
coarse,1000.0,600.0,91.15,1012.0419632701535,-599.8791470959799,41.08716839413414,41.06864467720412,1.0,True,False,False,False,101
coarse,1000.0,600.0,91.2,1012.5654519300142,-599.8684100849073,41.10406775062154,41.08491025238492,1.0,True,False,False,False,101
coarse,1000.0,600.0,91.25,1013.0889310207366,-599.8572162479455,41.120993388680496,41.101201565195986,1.0,True,False,False,False,101
coarse,1000.0,600.0,91.3,1013.6124001436688,-599.845565593619,41.13794534374392,41.11751864887586,1.0,True,False,False,False,101
coarse,1000.0,600.0,91.35,1014.135858900166,-599.8334581308003,41.1549236513493,41.13386153676338,1.0,True,False,False,False,101
coarse,1000.0,600.0,91.4,1014.6593068915919,-599.8208938687098,41.17192834713784,41.15023026229799,1.0,True,False,False,False,101
coarse,1000.0,600.0,91.45,1015.1827437193177,-599.8078728169158,41.18895946685645,41.16662485901978,1.0,True,False,False,False,101
coarse,1000.0,600.0,91.5,1015.7061689847238,-599.7943949853344,41.2060170463562,41.18304536056983,1.0,True,False,False,False,101
coarse,1000.0,600.0,91.55,1016.2295822891991,-599.7804603842294,41.22310112159367,41.19949180069033,1.0,True,False,False,False,101
coarse,1000.0,600.0,91.6,1016.7529832341413,-599.7660690242126,41.240211728631344,41.21596421322486,1.0,True,False,False,False,101
coarse,1000.0,600.0,91.65,1017.2763714209582,-599.7512209162438,41.257348903636405,41.23246263211857,1.0,True,False,False,False,101
coarse,1000.0,600.0,91.7,1017.7997464510665,-599.7359160716304,41.274512682882474,41.24898709141837,1.0,True,False,False,False,101
coarse,1000.0,600.0,91.75,1018.3231079258936,-599.7201545020278,41.29170310274915,41.26553762527314,1.0,True,False,False,False,101
coarse,1000.0,600.0,91.8,1018.8464554468769,-599.703936219439,41.308920199722756,41.28211426793405,1.0,True,False,False,False,101
coarse,1000.0,600.0,91.85,1019.3697886154647,-599.6872612362149,41.32616401039559,41.29871705375461,1.0,True,False,False,False,101
coarse,1000.0,600.0,91.9,1019.8931070331158,-599.6701295650544,41.34343457146708,41.31534601719099,1.0,True,False,False,False,101
coarse,1000.0,600.0,91.95,1020.4164103013005,-599.6525412190038,41.36073191974371,41.332001192802224,1.0,True,False,False,False,101
coarse,1000.0,600.0,92.0,1020.9396980215006,-599.6344962114574,41.37805609213933,41.34868261525041,1.0,True,False,False,False,101
coarse,1000.0,600.0,92.05,1021.4629697952097,-599.6159945561575,41.3954071256752,41.36539031930092,1.0,True,False,False,False,101
coarse,1000.0,600.0,92.1,1021.9862252239337,-599.5970362671937,41.412785057480484,41.38212433982271,1.0,True,False,False,False,101
coarse,1000.0,600.0,92.15,1022.5094639091909,-599.5776213590037,41.430189924792224,41.39888471178834,1.0,True,False,False,False,101
coarse,1000.0,600.0,92.2,1023.0326854525119,-599.5577498463726,41.447621764955784,41.41567147027444,1.0,True,False,False,False,101
coarse,1000.0,600.0,92.25,1023.5558894554412,-599.5374217444337,41.46508061542513,41.43248465046174,1.0,True,False,False,False,101
coarse,1000.0,600.0,92.3,1024.0790755195358,-599.5166370686676,41.48256651376298,41.44932428763541,1.0,True,False,False,False,101
coarse,1000.0,600.0,92.35,1024.602243246367,-599.4953958349026,41.50007949764085,41.466190417185224,1.0,True,False,False,False,101
coarse,1000.0,600.0,92.4,1025.1253922375197,-599.473698059315,41.51761960483937,41.48308307460582,1.0,True,False,False,False,101
coarse,1000.0,600.0,92.45,1025.6485220945933,-599.4515437584286,41.535186873249565,41.5000022954969,1.0,True,False,False,False,101
coarse,1000.0,600.0,92.5,1026.1716324192016,-599.4289329491147,41.5527813408709,41.51694811556347,1.0,True,False,False,False,101
coarse,1000.0,600.0,92.55,1026.6947228129732,-599.4058656485925,41.57040304581429,41.53392057061608,1.0,True,False,False,False,101
coarse,1000.0,600.0,92.6,1027.217792877552,-599.3823418744289,41.58805202629937,41.55091969657106,1.0,True,False,False,False,101
coarse,1000.0,600.0,92.65,1027.7408422145982,-599.3583616445379,41.60572832065737,41.56794552945067,1.0,True,False,False,False,101
coarse,1000.0,600.0,92.7,1028.2638704257856,-599.333924977182,41.62343196732993,41.58499810538346,1.0,True,False,False,False,101
coarse,1000.0,600.0,92.75,1028.7868771128065,-599.3090318909703,41.64116300486974,41.602077460604455,1.0,True,False,False,False,101
coarse,1000.0,600.0,92.8,1029.309861877368,-599.2836824048604,41.65892147194061,41.6191836314553,1.0,True,False,False,False,101
coarse,1000.0,600.0,92.85,1029.8328243211947,-599.2578765381568,41.67670740731817,41.636316654384615,1.0,True,False,False,False,101
coarse,1000.0,600.0,92.9,1030.355764046028,-599.2316143105116,41.69452084988958,41.6534765659482,1.0,True,False,False,False,101
coarse,1000.0,600.0,92.95,1030.8786806536264,-599.2048957419252,41.712361838653884,41.67066340280922,1.0,True,False,False,False,101
coarse,1000.0,600.0,93.0,1031.4015737457662,-599.1777208527443,41.730230412723024,41.68787720173852,1.0,True,False,True,False,101
refined,1000.0,600.0,90.9,1009.4243903870924,-599.9259794889964,41.06848360939307,40.99095454045162,-1.0,True,False,False,False,201
refined,1000.0,600.0,90.91,1009.5290970791224,-599.9243254851871,41.06529334782069,40.9937428133598,-1.0,True,False,False,False,201
refined,1000.0,600.0,90.92,1009.6338034808797,-599.9226532066378,41.062104123979964,40.996563386440904,-1.0,True,False,False,False,201
refined,1000.0,600.0,90.93,1009.7385095891744,-599.9209626533994,41.05891593761803,40.99941626057348,-1.0,True,False,False,False,201
refined,1000.0,600.0,90.94,1009.8432154008173,-599.9192538255237,41.05572878848323,41.002301436636415,-1.0,True,False,False,False,201
refined,1000.0,600.0,90.95,1009.9479209126185,-599.9175267230625,41.05254267632305,41.00521891550882,-1.0,True,False,False,False,201
refined,1000.0,600.0,90.96,1010.0526261213887,-599.9157813460682,41.049357600885685,41.008168698070186,-1.0,True,False,False,False,201
refined,1000.0,600.0,90.97,1010.1573310239386,-599.9140176945945,41.046173561919446,41.01115078520023,-1.0,True,False,False,False,201
refined,1000.0,600.0,90.98,1010.2620356170784,-599.9122357686946,41.04299055917265,41.01416517777899,-1.0,True,False,False,False,201
refined,1000.0,600.0,90.99,1010.3667398976187,-599.910435568423,41.03980859239382,41.017211876686765,-1.0,True,False,False,False,201
refined,1000.0,600.0,91.0,1010.47144386237,-599.9086170938348,41.03662766133178,41.020290882804204,-1.0,True,False,False,False,201
refined,1000.0,600.0,91.01,1010.576147508143,-599.9067803449849,41.03998971360848,41.02340219701221,1.0,True,False,False,False,201
refined,1000.0,600.0,91.02,1010.6808508317481,-599.9049253219296,41.04335281179999,41.02654582019197,1.0,True,False,False,False,201
refined,1000.0,600.0,91.03,1010.7855538299958,-599.9030520247253,41.0467169561859,41.029721753224976,1.0,True,False,False,False,201
refined,1000.0,600.0,91.04,1010.890256499697,-599.901160453429,41.050082147046645,41.032929996993026,1.0,True,False,False,False,201
refined,1000.0,600.0,91.05,1010.9949588376617,-599.8992506080984,41.05344838466242,41.03616975725458,1.0,True,False,False,False,201
refined,1000.0,600.0,91.06,1011.099660840701,-599.8973224887917,41.05681566931375,41.03941054305329,1.0,True,False,False,False,201
refined,1000.0,600.0,91.07,1011.204362505625,-599.8953760955677,41.06018400128124,41.042652354652354,1.0,True,False,False,False,201
refined,1000.0,600.0,91.08,1011.3090638292448,-599.8934114284854,41.06355338084555,41.045895192315115,1.0,True,False,False,False,201
refined,1000.0,600.0,91.09,1011.413764808371,-599.8914284876049,41.06692380828801,41.04913905630509,1.0,True,False,False,False,201
refined,1000.0,600.0,91.1,1011.5184654398137,-599.8894272729865,41.07029528388945,41.05238394688592,1.0,True,False,False,False,201
coarse,1000.0,800.0,88.0,972.0804026379991,-799.5126616152766,46.31500269325276,45.508090141461885,-1.0,True,False,True,False,101
coarse,1000.0,800.0,88.05,972.7781195982659,-799.5367216253383,46.29389958618004,45.487962600800685,-1.0,True,False,True,False,101
coarse,1000.0,800.0,88.1,973.4758572891787,-799.5601727534057,46.27282600245975,45.467862712553334,-1.0,True,False,True,False,101
coarse,1000.0,800.0,88.15,974.1736151793806,-799.5830149816198,46.25178189506041,45.44779043326007,-1.0,True,False,True,False,101
coarse,1000.0,800.0,88.2,974.8713927374974,-799.6052482925853,46.230767217067786,45.42774571956734,-1.0,True,False,True,False,101
coarse,1000.0,800.0,88.25,975.5691894321419,-799.6268726693703,46.20978192168688,45.40772852822745,-1.0,True,False,True,False,101
coarse,1000.0,800.0,88.3,976.2670047319114,-799.6478880955073,46.188825962241,45.38773881609824,-1.0,True,False,True,False,101
coarse,1000.0,800.0,88.35,976.9648381053892,-799.6682945549917,46.16789929217131,45.367776540142884,-1.0,True,False,True,False,101
coarse,1000.0,800.0,88.4,977.662689021145,-799.6880920322835,46.147001865036344,45.34784165742954,-1.0,True,False,True,False,101
coarse,1000.0,800.0,88.45,978.3605569477346,-799.7072805123058,46.126133634512435,45.327934125131215,-1.0,True,False,True,False,101
coarse,1000.0,800.0,88.5,979.0584413537015,-799.7258599804458,46.105294554392536,45.308053900525245,-1.0,True,False,True,False,101
coarse,1000.0,800.0,88.55,979.7563417075762,-799.7438304225545,46.08448457858624,45.28820094099325,-1.0,True,False,True,False,101
coarse,1000.0,800.0,88.6,980.4542574778774,-799.7611918249465,46.06370366112002,45.268375204020764,-1.0,True,False,True,False,101
coarse,1000.0,800.0,88.65,981.152188133112,-799.7779441744004,46.04295175613579,45.24857664719695,-1.0,True,False,True,False,101
coarse,1000.0,800.0,88.7,981.8501331417749,-799.7940874581586,46.022228817891595,45.22880522821432,-1.0,True,False,True,False,101
coarse,1000.0,800.0,88.75,982.5480919723511,-799.8096216639273,46.001534800761256,45.209060904868544,-1.0,True,False,True,False,101
coarse,1000.0,800.0,88.8,983.2460640933143,-799.8245467798764,45.980869659232724,45.18934363505809,-1.0,True,False,True,False,101
coarse,1000.0,800.0,88.85,983.9440489731287,-799.8388627946398,45.960233347910126,45.16965337678398,-1.0,True,False,True,False,101
coarse,1000.0,800.0,88.9,984.6420460802483,-799.8525696973154,45.93962582151122,45.149990088149536,-1.0,True,False,True,False,101
coarse,1000.0,800.0,88.95,985.3400548831178,-799.8656674774646,45.91904703486843,45.13035372736013,-1.0,True,False,True,False,101
coarse,1000.0,800.0,89.0,986.0380748501731,-799.878156125113,45.8984969429279,45.11074425272286,-1.0,True,False,True,False,101
coarse,1000.0,800.0,89.05,986.7361054498418,-799.8900356307499,45.877975500749876,45.09126917339468,-1.0,True,False,False,False,101
coarse,1000.0,800.0,89.1,987.4341461505433,-799.9013059853285,45.85748266350753,45.07263596422955,-1.0,True,False,False,False,101
coarse,1000.0,800.0,89.15,988.1321964206893,-799.911967180266,45.83701838648727,45.05497222125506,-1.0,True,False,False,False,101
coarse,1000.0,800.0,89.2,988.8302557286837,-799.9220192074434,45.81658262508832,45.038268167625375,-1.0,True,False,False,False,101
coarse,1000.0,800.0,89.25,989.5283235429243,-799.9314620592056,45.79617533482283,45.02253415575179,-1.0,True,False,False,False,101
coarse,1000.0,800.0,89.3,990.2263993318023,-799.9402957283615,45.77579647131437,45.0077602491804,-1.0,True,False,False,False,101
coarse,1000.0,800.0,89.35,990.9244825637021,-799.948520208184,45.75544599029862,44.99395696229752,-1.0,True,False,False,False,101
coarse,1000.0,800.0,89.4,991.6225727070034,-799.9561354924097,45.735123847623555,44.981114197736304,-1.0,True,False,False,False,101
coarse,1000.0,800.0,89.45,992.32066923008,-799.9631415752392,45.7148299992474,44.96924263315399,-1.0,True,False,False,False,101
coarse,1000.0,800.0,89.5,993.0187716013008,-799.969538451337,45.69456440124038,44.9583320089627,-1.0,True,False,False,False,101
coarse,1000.0,800.0,89.55,993.7168792890309,-799.9753261158318,45.674327009783454,44.94839316739011,-1.0,True,False,False,False,101
coarse,1000.0,800.0,89.6,994.4149917616307,-799.9805045643158,45.654117781167514,44.939415685315794,-1.0,True,False,False,False,101
coarse,1000.0,800.0,89.65,995.1131084874573,-799.9850737928457,45.63393667179391,44.931410570840356,-1.0,True,False,False,False,101
coarse,1000.0,800.0,89.7,995.8112289348644,-799.9890337979414,45.61378363817368,44.924367235996385,-1.0,True,False,False,False,101
coarse,1000.0,800.0,89.75,996.5093525722027,-799.9923845765876,45.59365863692836,44.9182968560632,-1.0,True,False,False,False,101
coarse,1000.0,800.0,89.8,997.207478867821,-799.9951261262323,45.57356162478756,44.91318867690852,-1.0,True,False,False,False,101
coarse,1000.0,800.0,89.85,997.9056072900655,-799.9972584447878,45.553492558591046,44.90905404229944,-1.0,True,False,False,False,101
coarse,1000.0,800.0,89.9,998.6037373072813,-799.9987815306301,45.53345139528691,44.90588203061781,-1.0,True,False,False,False,101
coarse,1000.0,800.0,89.95,999.3018683878119,-799.9996953825995,45.513438091932194,44.90368415543081,-1.0,True,False,False,False,101
coarse,1000.0,800.0,90.0,1000.0,-800.0,45.493452605691296,44.902449326310105,-1.0,True,False,False,False,101
coarse,1000.0,800.0,90.05,1000.698131612188,-799.9996953825995,45.473494893837405,44.90218922793843,-1.0,True,False,False,False,101
coarse,1000.0,800.0,90.1,1001.3962626927186,-799.9987815306301,45.45356491375082,44.90289259974991,-1.0,True,False,False,False,101
coarse,1000.0,800.0,90.15,1002.0943927099344,-799.9972584447878,45.43366262292046,44.90457129886161,-1.0,True,False,False,False,101
coarse,1000.0,800.0,90.2,1002.792521132179,-799.9951261262323,45.41378797894101,44.90721389323939,-1.0,True,False,False,False,101
coarse,1000.0,800.0,90.25,1003.4906474277972,-799.9923845765876,45.39394093951466,44.91083241375647,-1.0,True,False,False,False,101
coarse,1000.0,800.0,90.3,1004.1887710651355,-799.9890337979414,45.37412146245004,44.915415255576754,-1.0,True,False,False,False,101
coarse,1000.0,800.0,90.35,1004.8868915125425,-799.9850737928457,45.35432950566273,44.92097462465471,-1.0,True,False,False,False,101
coarse,1000.0,800.0,90.4,1005.5850082383694,-799.9805045643158,45.33456502717374,44.92749874201534,-1.0,True,False,False,False,101
coarse,1000.0,800.0,90.45,1006.2831207109691,-799.9753261158318,45.314827985109936,44.934999990022526,-1.0,True,False,False,False,101
coarse,1000.0,800.0,90.5,1006.9812283986992,-799.969538451337,45.29511833770394,44.94346641422225,-1.0,True,False,False,False,101
coarse,1000.0,800.0,90.55,1007.6793307699202,-799.9631415752392,45.27543604329382,44.952910574719354,-1.0,True,False,False,False,101
coarse,1000.0,800.0,90.6,1008.3774272929966,-799.9561354924097,45.2557810603223,44.96332034023756,-1.0,True,False,False,False,101
coarse,1000.0,800.0,90.65,1009.0755174362979,-799.948520208184,45.236153347337606,44.97470844995708,-1.0,True,False,False,False,101
coarse,1000.0,800.0,90.7,1009.7736006681978,-799.9402957283615,45.21655286299125,44.98706259443303,-1.0,True,False,False,False,101
coarse,1000.0,800.0,90.75,1010.4716764570755,-799.9314620592056,45.19697956603986,45.00039569325878,-1.0,True,False,False,False,101
coarse,1000.0,800.0,90.8,1011.1697442713162,-799.9220192074434,45.17743341534425,45.01469525747137,-1.0,True,False,False,False,101
coarse,1000.0,800.0,90.85,1011.8678035793107,-799.911967180266,45.157914369868365,45.02997438841807,-1.0,True,False,False,False,101
coarse,1000.0,800.0,90.9,1012.5658538494566,-799.9013059853285,45.13842238867976,45.04622041626523,-1.0,True,False,False,False,101
coarse,1000.0,800.0,90.95,1013.263894550158,-799.8900356307499,45.11895743094977,45.06344662545804,-1.0,True,False,False,False,101
coarse,1000.0,800.0,91.0,1013.9619251498268,-799.878156125113,45.09951945595181,45.08164016393643,1.0,True,False,False,False,101
coarse,1000.0,800.0,91.05,1014.6599451168821,-799.8656674774646,45.11978165628727,45.10081450059061,1.0,True,False,False,False,101
coarse,1000.0,800.0,91.1,1015.3579539197516,-799.8525696973154,45.1400712933522,45.1204079961062,1.0,True,False,False,False,101
coarse,1000.0,800.0,91.15,1016.0559510268713,-799.8388627946398,45.16038841092712,45.14002832567251,1.0,True,False,False,False,101
coarse,1000.0,800.0,91.2,1016.7539359066856,-799.8245467798764,45.18073305289793,45.15967553082874,1.0,True,False,False,False,101
coarse,1000.0,800.0,91.25,1017.4519080276489,-799.8096216639273,45.201105263256466,45.17934965321517,1.0,True,False,False,False,101
coarse,1000.0,800.0,91.3,1018.149866858225,-799.7940874581586,45.22150508610109,45.19905073457355,1.0,True,False,False,False,101
coarse,1000.0,800.0,91.35,1018.8478118668879,-799.7779441744004,45.241932565636596,45.21877881674723,1.0,True,False,False,False,101
coarse,1000.0,800.0,91.4,1019.5457425221225,-799.7611918249465,45.262387746174085,45.23853394168153,1.0,True,False,False,False,101
coarse,1000.0,800.0,91.45,1020.2436582924237,-799.7438304225545,45.28287067213229,45.25831615142397,1.0,True,False,False,False,101
coarse,1000.0,800.0,91.5,1020.9415586462984,-799.7258599804458,45.30338138803683,45.27812548812451,1.0,True,False,False,False,101
coarse,1000.0,800.0,91.55,1021.6394430522655,-799.7072805123058,45.323919938521264,45.29796199403589,1.0,True,False,False,False,101
coarse,1000.0,800.0,91.6,1022.337310978855,-799.6880920322835,45.34448636832731,45.317825711513834,1.0,True,False,False,False,101
coarse,1000.0,800.0,91.65,1023.0351618946108,-799.6682945549917,45.3650807223045,45.337716683017305,1.0,True,False,False,False,101
coarse,1000.0,800.0,91.7,1023.7329952680886,-799.6478880955073,45.385703045410864,45.357634951108885,1.0,True,False,False,False,101
coarse,1000.0,800.0,91.75,1024.430810567858,-799.6268726693703,45.40635338271328,45.37758055845491,1.0,True,False,False,False,101
coarse,1000.0,800.0,91.8,1025.1286072625026,-799.6052482925853,45.42703177938841,45.397553547825915,1.0,True,False,False,False,101
coarse,1000.0,800.0,91.85,1025.8263848206195,-799.5830149816198,45.447738280721246,45.417553962096676,1.0,True,False,False,False,101
coarse,1000.0,800.0,91.9,1026.524142710821,-799.5601727534057,45.46847293210725,45.43758184424675,1.0,True,False,False,False,101
coarse,1000.0,800.0,91.95,1027.221880401734,-799.5367216253383,45.48923577905167,45.45763723736047,1.0,True,False,False,False,101
coarse,1000.0,800.0,92.0,1027.9195973620008,-799.5126616152766,45.51002686717014,45.477720184627486,1.0,True,False,False,False,101
coarse,1000.0,800.0,92.05,1028.6172930602795,-799.4879927415434,45.530846242188666,45.497830729342944,1.0,True,False,False,False,101
coarse,1000.0,800.0,92.1,1029.3149669652448,-799.462715022925,45.5516939499443,45.517968914907655,1.0,True,False,False,False,101
coarse,1000.0,800.0,92.15,1030.0126185455879,-799.4368284786717,45.57257003638576,45.53813478482853,1.0,True,False,False,False,101
coarse,1000.0,800.0,92.2,1030.710247270016,-799.410333128497,45.593474547572505,45.558328382718805,1.0,True,False,False,False,101
coarse,1000.0,800.0,92.25,1031.4078526072549,-799.3832289925783,45.61440752967639,45.578549752298294,1.0,True,False,False,False,101
coarse,1000.0,800.0,92.3,1032.1054340260478,-799.3555160915568,45.635369028980925,45.59879893739381,1.0,True,False,False,False,101
coarse,1000.0,800.0,92.35,1032.8029909951558,-799.3271944465369,45.65635909188253,45.61907598193918,1.0,True,False,False,False,101
coarse,1000.0,800.0,92.4,1033.5005229833596,-799.2982640790867,45.67737776489038,45.639380929975815,1.0,True,False,False,False,101
coarse,1000.0,800.0,92.45,1034.1980294594578,-799.2687250112381,45.698425094626266,45.65971382565285,1.0,True,False,False,False,101
coarse,1000.0,800.0,92.5,1034.8955098922688,-799.2385772654862,45.71950112782588,45.68007471322744,1.0,True,False,False,False,101
coarse,1000.0,800.0,92.55,1035.5929637506308,-799.20782086479,45.74060591133824,45.7004636370651,1.0,True,False,False,False,101
coarse,1000.0,800.0,92.6,1036.290390503403,-799.1764558325718,45.76173949212644,45.720880641639944,1.0,True,False,False,False,101
coarse,1000.0,800.0,92.65,1036.9877896194641,-799.1444821927173,45.782901917267836,45.741325771535,1.0,True,False,False,False,101
coarse,1000.0,800.0,92.7,1037.6851605677143,-799.111899969576,45.80409323395457,45.76179907144252,1.0,True,False,False,False,101
coarse,1000.0,800.0,92.75,1038.3825028170752,-799.0787091879605,45.82531348949389,45.782300586164205,1.0,True,False,False,False,101
coarse,1000.0,800.0,92.8,1039.0798158364905,-799.0449098731473,45.84656273130797,45.80283036061162,1.0,True,False,False,False,101
coarse,1000.0,800.0,92.85,1039.7770990949261,-799.0105020508757,45.86784100693451,45.82338843980641,1.0,True,False,False,False,101
coarse,1000.0,800.0,92.9,1040.4743520613708,-798.9754857473489,45.889148364027776,45.84397486888054,1.0,True,False,False,False,101
coarse,1000.0,800.0,92.95,1041.1715742048352,-798.9398609892336,45.91048485035743,45.86458969307671,1.0,True,False,False,False,101
coarse,1000.0,800.0,93.0,1041.8687649943552,-798.9036278036591,45.931850513809984,45.88523295774865,1.0,True,False,True,False,101
refined,1000.0,800.0,90.9,1012.5658538494566,-799.9013059853285,45.13842238867976,45.0459508438814,-1.0,True,False,False,False,201
refined,1000.0,800.0,90.91,1012.7054627721632,-799.899100646916,45.134527236562036,45.04933392144489,-1.0,True,False,False,False,201
refined,1000.0,800.0,90.92,1012.8450713078396,-799.8968709421837,45.13063316505583,45.05275613535418,-1.0,True,False,False,False,201
refined,1000.0,800.0,90.93,1012.9846794522326,-799.8946168711993,45.126740173835465,45.056217487716765,-1.0,True,False,False,False,201
refined,1000.0,800.0,90.94,1013.1242872010896,-799.8923384340316,45.122848262575594,45.059717980640784,-1.0,True,False,False,False,201
refined,1000.0,800.0,90.95,1013.263894550158,-799.8900356307499,45.11895743094977,45.063257616235,-1.0,True,False,False,False,201
refined,1000.0,800.0,90.96,1013.403501495185,-799.8877084614243,45.11506767863298,45.06683639660878,-1.0,True,False,False,False,201
refined,1000.0,800.0,90.97,1013.5431080319181,-799.885356926126,45.11117900529996,45.07045432387213,-1.0,True,False,False,False,201
refined,1000.0,800.0,90.98,1013.6827141561046,-799.8829810249262,45.10729141062524,45.07411140013566,-1.0,True,False,False,False,201
refined,1000.0,800.0,90.99,1013.8223198634917,-799.8805807578974,45.10340489428392,45.07780762751057,-1.0,True,False,False,False,201
refined,1000.0,800.0,91.0,1013.9619251498268,-799.878156125113,45.09951945595181,45.08154300810874,1.0,True,False,False,False,201
refined,1000.0,800.0,91.01,1014.1015300108573,-799.8757071266466,45.10356970317836,45.085317544042574,1.0,True,False,False,False,201
refined,1000.0,800.0,91.02,1014.2411344423308,-799.8732337625728,45.107621046476076,45.08913123742519,1.0,True,False,False,False,201
refined,1000.0,800.0,91.03,1014.3807384399945,-799.8707360329671,45.11167348619366,45.092984090370265,1.0,True,False,False,False,201
refined,1000.0,800.0,91.04,1014.520341999596,-799.8682139379054,45.11572702268102,45.09687610499207,1.0,True,False,False,False,201
refined,1000.0,800.0,91.05,1014.6599451168821,-799.8656674774646,45.11978165628727,45.10079158537627,1.0,True,False,False,False,201
refined,1000.0,800.0,91.06,1014.7995477876012,-799.8630966517223,45.12383738736238,45.10470813746126,1.0,True,False,False,False,201
refined,1000.0,800.0,91.07,1014.9391500075001,-799.8605014607568,45.12789421625639,45.108625761578224,1.0,True,False,False,False,201
refined,1000.0,800.0,91.08,1015.0787517723264,-799.8578819046472,45.13195214331893,45.11254445805849,1.0,True,False,False,False,201
refined,1000.0,800.0,91.09,1015.2183530778279,-799.8552379834732,45.13601116890097,45.116464227233585,1.0,True,False,False,False,201
refined,1000.0,800.0,91.1,1015.3579539197516,-799.8525696973154,45.1400712933522,45.120385069435166,1.0,True,False,False,False,201
coarse,1000.0,1000.0,88.0,965.1005032974989,-999.3908270190958,51.19672293727923,50.27694243490067,-1.0,True,False,True,False,101
coarse,1000.0,1000.0,88.05,965.9726494978324,-999.4209020316729,51.17276644810647,50.254206581097165,-1.0,True,False,True,False,101
coarse,1000.0,1000.0,88.1,966.8448216114735,-999.450215941757,51.148842145571344,50.23150087995569,-1.0,True,False,True,False,101
coarse,1000.0,1000.0,88.15,967.7170189742257,-999.4787687270248,51.124949975454484,50.208825281921506,-1.0,True,False,True,False,101
coarse,1000.0,1000.0,88.2,968.5892409218718,-999.5065603657316,51.10108988366487,50.1861797375544,-1.0,True,False,True,False,101
coarse,1000.0,1000.0,88.25,969.4614867901774,-999.5335908367128,51.077261816238796,50.16356419752845,-1.0,True,False,True,False,101
coarse,1000.0,1000.0,88.3,970.3337559148893,-999.559860119384,51.053465719339755,50.140978612631635,-1.0,True,False,True,False,101
coarse,1000.0,1000.0,88.35,971.2060476317365,-999.5853681937397,51.029701539259,50.118422933765615,-1.0,True,False,True,False,101
coarse,1000.0,1000.0,88.4,972.0783612764312,-999.6101150403543,51.00596922241359,50.095897111945284,-1.0,True,False,True,False,101
coarse,1000.0,1000.0,88.45,972.9506961846682,-999.6341006403823,50.982268715347445,50.073401098298554,-1.0,True,False,True,False,101
coarse,1000.0,1000.0,88.5,973.8230516921269,-999.6573249755572,50.95859996472993,50.05093484406595,-1.0,True,False,True,False,101
coarse,1000.0,1000.0,88.55,974.6954271344703,-999.6797880281931,50.93496291735599,50.02849830060038,-1.0,True,False,True,False,101
coarse,1000.0,1000.0,88.6,975.5678218473467,-999.7014897811831,50.91135752014559,50.00609141936675,-1.0,True,False,True,False,101
coarse,1000.0,1000.0,88.65,976.4402351663899,-999.7224302180006,50.887783720143844,49.98371415194167,-1.0,True,False,True,False,101
coarse,1000.0,1000.0,88.7,977.3126664272187,-999.7426093226983,50.86424146452026,49.96136645001319,-1.0,True,False,True,False,101
coarse,1000.0,1000.0,88.75,978.1851149654389,-999.7620270799091,50.84073070056825,49.93904826538039,-1.0,True,False,True,False,101
coarse,1000.0,1000.0,88.8,979.057580116643,-999.7806834748455,50.81725137570473,49.91675954995313,-1.0,True,False,True,False,101
coarse,1000.0,1000.0,88.85,979.9300612164108,-999.7985784932998,50.7938034374706,49.89450025575174,-1.0,True,False,True,False,101
coarse,1000.0,1000.0,88.9,980.8025576003104,-999.8157121216442,50.77038683352942,49.87227033490671,-1.0,True,False,True,False,101
coarse,1000.0,1000.0,88.95,981.6750686038972,-999.8320843468308,50.74700151166701,49.85006973965837,-1.0,True,False,True,False,101
coarse,1000.0,1000.0,89.0,982.5475935627164,-999.8476951563913,50.7236474197925,49.827898422356554,-1.0,True,False,True,False,101
coarse,1000.0,1000.0,89.05,983.4201318123023,-999.8625445384374,50.70032450593617,49.8058841094843,-1.0,True,False,False,False,101
coarse,1000.0,1000.0,89.1,984.2926826881792,-999.8766324816606,50.67703271824982,49.78483156326327,-1.0,True,False,False,False,101
coarse,1000.0,1000.0,89.15,985.1652455258616,-999.8899589753325,50.65377200500772,49.764865517365855,-1.0,True,False,False,False,101
coarse,1000.0,1000.0,89.2,986.0378196608547,-999.9025240093042,50.63054231460363,49.745988176855164,-1.0,True,False,False,False,101
coarse,1000.0,1000.0,89.25,986.9104044286554,-999.914327574007,50.607343595552734,49.728198236708145,-1.0,True,False,False,False,101
coarse,1000.0,1000.0,89.3,987.7829991647528,-999.925369660452,50.5841757964902,49.7114979201598,-1.0,True,False,False,False,101
coarse,1000.0,1000.0,89.35,988.6556032046277,-999.93565026023,50.56103886617098,49.6958859070496,-1.0,True,False,False,False,101
coarse,1000.0,1000.0,89.4,989.5282158837543,-999.9451693655121,50.53793275346971,49.68136443699448,-1.0,True,False,False,False,101
coarse,1000.0,1000.0,89.45,990.4008365376,-999.9539269690489,50.51485740738013,49.66793217647853,-1.0,True,False,False,False,101
coarse,1000.0,1000.0,89.5,991.2734645016261,-999.9619230641713,50.49181277701533,49.65559137970578,-1.0,True,False,False,False,101
coarse,1000.0,1000.0,89.55,992.1460991112887,-999.9691576447897,50.46879881160647,49.644340701592085,-1.0,True,False,False,False,101
coarse,1000.0,1000.0,89.6,993.0187397020384,-999.9756307053948,50.445815460502914,49.63418240912879,-1.0,True,False,False,False,101
coarse,1000.0,1000.0,89.65,993.8913856093218,-999.9813422410571,50.422862673172084,49.6251151474553,-1.0,True,False,False,False,101
coarse,1000.0,1000.0,89.7,994.7640361685804,-999.9862922474267,50.399940399199195,49.61714119454594,-1.0,True,False,False,False,101
coarse,1000.0,1000.0,89.75,995.6366907152534,-999.9904807207345,50.37704858828616,49.61025918756036,-1.0,True,False,False,False,101
coarse,1000.0,1000.0,89.8,996.5093485847761,-999.9939076577904,50.35418719025159,49.604471413646436,-1.0,True,False,False,False,101
coarse,1000.0,1000.0,89.85,997.3820091125818,-999.9965730559848,50.33135615503163,49.599776503785684,-1.0,True,False,False,False,101
coarse,1000.0,1000.0,89.9,998.2546716341018,-999.9984769132877,50.30855543267784,49.59617675248542,-1.0,True,False,False,False,101
coarse,1000.0,1000.0,89.95,999.1273354847649,-999.9996192282495,50.285784973357586,49.59367078635538,-1.0,True,False,False,False,101
coarse,1000.0,1000.0,90.0,999.9999999999999,-1000.0,50.263044727354405,49.592260905443354,-1.0,True,False,False,False,101
coarse,1000.0,1000.0,90.05,1000.872664515235,-999.9996192282495,50.24033464506679,49.59194573379857,-1.0,True,False,False,False,101
coarse,1000.0,1000.0,90.1,1001.7453283658981,-999.9984769132877,50.21765467700759,49.59272757518556,-1.0,True,False,False,False,101
coarse,1000.0,1000.0,90.15,1002.617990887418,-999.9965730559848,50.195004773805316,49.594605052908975,-1.0,True,False,False,False,101
coarse,1000.0,1000.0,90.2,1003.4906514152236,-999.9939076577904,50.17238488620147,49.59758047262165,-1.0,True,False,False,False,101
coarse,1000.0,1000.0,90.25,1004.3633092847465,-999.9904807207345,50.14979496505316,49.60165245870444,-1.0,True,False,False,False,101
coarse,1000.0,1000.0,90.3,1005.2359638314194,-999.9862922474267,50.12723496132986,49.60682331686526,-1.0,True,False,False,False,101
coarse,1000.0,1000.0,90.35,1006.1086143906781,-999.9813422410571,50.10470482611413,49.61309167438667,-1.0,True,False,False,False,101
coarse,1000.0,1000.0,90.4,1006.9812602979617,-999.9756307053948,50.08220451060267,49.620459835193664,-1.0,True,False,False,False,101
coarse,1000.0,1000.0,90.45,1007.8539008887115,-999.9691576447897,50.059733966103636,49.628926431300876,-1.0,True,False,False,False,101
coarse,1000.0,1000.0,90.5,1008.726535498374,-999.9619230641713,50.03729314403861,49.63849376300766,-1.0,True,False,False,False,101
coarse,1000.0,1000.0,90.55,1009.5991634624002,-999.9539269690489,50.01488199594054,49.649160468895715,-1.0,True,False,False,False,101
coarse,1000.0,1000.0,90.6,1010.4717841162458,-999.9451693655121,49.99250047345458,49.66092884379138,-1.0,True,False,False,False,101
coarse,1000.0,1000.0,90.65,1011.3443967953724,-999.93565026023,49.9701485283363,49.673797534683146,-1.0,True,False,False,False,101
coarse,1000.0,1000.0,90.7,1012.2170008352473,-999.925369660452,49.94782611245359,49.68776882907222,-1.0,True,False,False,False,101
coarse,1000.0,1000.0,90.75,1013.0895955713445,-999.914327574007,49.92553317778437,49.7028413841984,-1.0,True,False,False,False,101
coarse,1000.0,1000.0,90.8,1013.9621803391452,-999.9025240093042,49.90326967641789,49.719017478380984,-1.0,True,False,False,False,101
coarse,1000.0,1000.0,90.85,1014.8347544741383,-999.8899589753325,49.8810355605523,49.73629578096018,-1.0,True,False,False,False,101
coarse,1000.0,1000.0,90.9,1015.7073173118207,-999.8766324816606,49.858830782496696,49.75467855921182,-1.0,True,False,False,False,101
coarse,1000.0,1000.0,90.95,1016.5798681876976,-999.8625445384374,49.83665529466945,49.774164496430494,-1.0,True,False,False,False,101
coarse,1000.0,1000.0,91.0,1017.4524064372835,-999.8476951563913,49.814509049597454,49.79475584698254,-1.0,True,False,False,False,101
coarse,1000.0,1000.0,91.05,1018.3249313961027,-999.8320843468308,49.83740162758515,49.816451309975314,1.0,True,False,False,False,101
coarse,1000.0,1000.0,91.1,1019.1974423996895,-999.8157121216442,49.860324101702986,49.83860463282514,1.0,True,False,False,False,101
coarse,1000.0,1000.0,91.15,1020.069938783589,-999.7985784932998,49.88327652189363,49.860787172299965,1.0,True,False,False,False,101
coarse,1000.0,1000.0,91.2,1020.9424198833569,-999.7806834748455,49.90625893821479,49.88299897588202,1.0,True,False,False,False,101
coarse,1000.0,1000.0,91.25,1021.814885034561,-999.7620270799091,49.92927140083745,49.90524009116225,1.0,True,False,False,False,101
coarse,1000.0,1000.0,91.3,1022.6873335727812,-999.7426093226983,49.95231396004742,49.92751056584075,1.0,True,False,False,False,101
coarse,1000.0,1000.0,91.35,1023.55976483361,-999.7224302180006,49.97538666624595,49.949810447726904,1.0,True,False,False,False,101
coarse,1000.0,1000.0,91.4,1024.432178152653,-999.7014897811831,49.99848956994816,49.97213978473999,1.0,True,False,False,False,101
coarse,1000.0,1000.0,91.45,1025.3045728655295,-999.6797880281931,50.021622721786244,49.99449862490913,1.0,True,False,False,False,101
coarse,1000.0,1000.0,91.5,1026.176948307873,-999.6573249755572,50.04478617250706,50.01688701637391,1.0,True,False,False,False,101
coarse,1000.0,1000.0,91.55,1027.0493038153318,-999.6341006403823,50.06797997297418,50.03930500738445,1.0,True,False,False,False,101
coarse,1000.0,1000.0,91.6,1027.9216387235688,-999.6101150403543,50.09120417416818,50.06175264630188,1.0,True,False,False,False,101
coarse,1000.0,1000.0,91.65,1028.7939523682637,-999.5853681937397,50.114458827185835,50.08422998159864,1.0,True,False,False,False,101
coarse,1000.0,1000.0,91.7,1029.6662440851107,-999.559860119384,50.137743983240775,50.10673706185865,1.0,True,False,False,False,101
coarse,1000.0,1000.0,91.75,1030.5385132098227,-999.5335908367128,50.161059693665024,50.12927393577769,1.0,True,False,False,False,101
coarse,1000.0,1000.0,91.8,1031.4107590781282,-999.5065603657316,50.184406009908805,50.151840652163976,1.0,True,False,False,False,101
coarse,1000.0,1000.0,91.85,1032.2829810257745,-999.4787687270248,50.207782983539204,50.174437259937974,1.0,True,False,False,False,101
coarse,1000.0,1000.0,91.9,1033.1551783885263,-999.4502159417572,50.23119066624263,50.19706380813319,1.0,True,False,False,False,101
coarse,1000.0,1000.0,91.95,1034.0273505021676,-999.4209020316729,50.254629109824634,50.21972034589615,1.0,True,False,False,False,101
coarse,1000.0,1000.0,92.0,1034.899496702501,-999.3908270190958,50.27809836621,50.24240692248698,1.0,True,False,False,False,101
coarse,1000.0,1000.0,92.05,1035.7716163253494,-999.3599909269292,50.30159848744254,50.26512358727952,1.0,True,False,False,False,101
coarse,1000.0,1000.0,92.1,1036.6437087065563,-999.3283937786563,50.32512952568655,50.287870389761814,1.0,True,False,False,False,101
coarse,1000.0,1000.0,92.15,1037.5157731819847,-999.2960355983396,50.34869153322644,50.310647379536235,1.0,True,False,False,False,101
coarse,1000.0,1000.0,92.2,1038.3878090875198,-999.2629164106212,50.372284562467506,50.333454606320096,1.0,True,False,False,False,101
coarse,1000.0,1000.0,92.25,1039.2598157590685,-999.2290362407228,50.39590866593564,50.35629211994564,1.0,True,False,False,False,101
coarse,1000.0,1000.0,92.3,1040.1317925325595,-999.1943951144459,50.4195638962783,50.379159970360696,1.0,True,False,False,False,101
coarse,1000.0,1000.0,92.35,1041.003738743945,-999.1589930581711,50.4432503062647,50.4020582076287,1.0,True,False,False,False,101
coarse,1000.0,1000.0,92.4,1041.8756537291997,-999.1228300988583,50.4669679487861,50.42498688192926,1.0,True,False,False,False,101
coarse,1000.0,1000.0,92.45,1042.7475368243222,-999.0859062640476,50.49071687685603,50.447946043558346,1.0,True,False,False,False,101
coarse,1000.0,1000.0,92.5,1043.6193873653358,-999.0482215818578,50.51449714361082,50.47093574292872,1.0,True,False,False,False,101
coarse,1000.0,1000.0,92.55,1044.4912046882887,-999.0097760809875,50.53830880231029,50.493956030570146,1.0,True,False,False,False,101
coarse,1000.0,1000.0,92.6,1045.3629881292536,-998.9705697907148,50.562151906337185,50.5170069571299,1.0,True,False,False,False,101
coarse,1000.0,1000.0,92.65,1046.2347370243301,-998.9306027408966,50.58602650919842,50.54008857337291,1.0,True,False,False,False,101
coarse,1000.0,1000.0,92.7,1047.1064507096428,-998.88987496197,50.60993266452556,50.56320093018227,1.0,True,False,False,False,101
coarse,1000.0,1000.0,92.75,1047.978128521344,-998.8483864849507,50.63387042607335,50.58634407855934,1.0,True,False,False,False,101
coarse,1000.0,1000.0,92.8,1048.8497697956132,-998.8061373414341,50.657839847723125,50.60951806962445,1.0,True,False,False,False,101
coarse,1000.0,1000.0,92.85,1049.7213738686578,-998.7631275635946,50.68184098348046,50.632722954616796,1.0,True,False,False,False,101
coarse,1000.0,1000.0,92.9,1050.5929400767134,-998.7193571841862,50.70587388747725,50.65595878489522,1.0,True,False,False,False,101
coarse,1000.0,1000.0,92.95,1051.464467756044,-998.6748262365419,50.72993861397054,50.67922561193816,1.0,True,False,False,False,101
coarse,1000.0,1000.0,93.0,1052.335956242944,-998.6295347545738,50.75403521734454,50.70252348734429,1.0,True,False,True,False,101
refined,1000.0,1000.0,90.9,1015.7073173118207,-999.8766324816606,49.858830782496696,49.75437288317212,-1.0,True,False,False,False,201
refined,1000.0,1000.0,90.91,1015.881828465204,-999.873875808645,49.854393343233625,49.758200455959454,-1.0,True,False,False,False,201
refined,1000.0,1000.0,90.92,1016.0563391347995,-999.8710886777296,49.84995707519939,49.76207240844667,-1.0,True,False,False,False,201
refined,1000.0,1000.0,90.93,1016.2308493152907,-999.8682710889991,49.84552197801348,49.76598874443307,-1.0,True,False,False,False,201
refined,1000.0,1000.0,90.94,1016.4053590013621,-999.8654230425394,49.84108805129671,49.769949467718746,-1.0,True,False,False,False,201
refined,1000.0,1000.0,90.95,1016.5798681876976,-999.8625445384374,49.83665529466945,49.773954582104615,-1.0,True,False,False,False,201
refined,1000.0,1000.0,90.96,1016.7543768689811,-999.8596355767804,49.8322237077516,49.77800409139237,-1.0,True,False,False,False,201
refined,1000.0,1000.0,90.97,1016.9288850398976,-999.8566961576573,49.827793290164735,49.78209799938447,-1.0,True,False,False,False,201
refined,1000.0,1000.0,90.98,1017.1033926951307,-999.8537262811576,49.82336404152907,49.7862363098842,-1.0,True,False,False,False,201
refined,1000.0,1000.0,90.99,1017.2778998293645,-999.8507259473718,49.8189359614662,49.7904190266956,-1.0,True,False,False,False,201
refined,1000.0,1000.0,91.0,1017.4524064372835,-999.8476951563913,49.814509049597454,49.79464615362355,-1.0,True,False,False,False,201
refined,1000.0,1000.0,91.01,1017.6269125135717,-999.8446339083082,49.819085175898024,49.79891769447366,1.0,True,False,False,False,201
refined,1000.0,1000.0,91.02,1017.8014180529135,-999.841542203216,49.823662496448605,49.80323365305236,1.0,True,False,False,False,201
refined,1000.0,1000.0,91.03,1017.9759230499931,-999.8384200412088,49.82824101164744,49.80759403316683,1.0,True,False,False,False,201
refined,1000.0,1000.0,91.04,1018.1504274994949,-999.8352674223817,49.83282072189347,49.811998838625094,1.0,True,False,False,False,201
refined,1000.0,1000.0,91.05,1018.3249313961027,-999.8320843468308,49.83740162758515,49.8164259987992,1.0,True,False,False,False,201
refined,1000.0,1000.0,91.06,1018.4994347345016,-999.8288708146529,49.84198372912167,49.82085432573926,1.0,True,False,False,False,201
refined,1000.0,1000.0,91.07,1018.673937509375,-999.8256268259461,49.84656702690243,49.82528381982394,1.0,True,False,False,False,201
refined,1000.0,1000.0,91.08,1018.8484397154081,-999.822352380809,49.851151521326194,49.82971448143204,1.0,True,False,False,False,201
refined,1000.0,1000.0,91.09,1019.0229413472849,-999.8190474793415,49.855737212793315,49.834146310942565,1.0,True,False,False,False,201
refined,1000.0,1000.0,91.1,1019.1974423996895,-999.8157121216442,49.860324101702986,49.83857930873467,1.0,True,False,False,False,201
coarse,1200.0,200.0,88.0,1193.0201006594998,-199.87816540381914,43.0230956454644,42.751427757973865,-1.0,True,False,True,False,101
coarse,1200.0,200.0,88.05,1193.1945298995665,-199.88418040633456,43.01513745977474,42.74414929339949,-1.0,True,False,True,False,101
coarse,1200.0,200.0,88.1,1193.3689643222947,-199.89004318835143,43.007212000567066,42.73690288353683,-1.0,True,False,True,False,101
coarse,1200.0,200.0,88.15,1193.543403794845,-199.89575374540496,42.99931925085289,42.729688514032226,-1.0,True,False,True,False,101
coarse,1200.0,200.0,88.2,1193.7178481843744,-199.90131207314633,42.991459193774226,42.72250617065749,-1.0,True,False,True,False,101
coarse,1200.0,200.0,88.25,1193.8922973580354,-199.90671816734258,42.983631812602624,42.71535583930993,-1.0,True,False,True,False,101
coarse,1200.0,200.0,88.3,1194.066751182978,-199.9119720238768,42.97583709073948,42.70823750601215,-1.0,True,False,True,False,101
coarse,1200.0,200.0,88.35,1194.2412095263473,-199.91707363874792,42.96807501171612,42.70115115691207,-1.0,True,False,True,False,101
coarse,1200.0,200.0,88.4,1194.4156722552862,-199.92202300807088,42.96034555919311,42.694096778282685,-1.0,True,False,True,False,101
coarse,1200.0,200.0,88.45,1194.5901392369337,-199.92682012807646,42.952648716960816,42.687074356522075,-1.0,True,False,True,False,101
coarse,1200.0,200.0,88.5,1194.7646103384254,-199.93146499511144,42.94498446893844,42.680083878153276,-1.0,True,False,True,False,101
coarse,1200.0,200.0,88.55,1194.939085426894,-199.93595760563863,42.93735279917471,42.673125329824174,-1.0,True,False,True,False,101
coarse,1200.0,200.0,88.6,1195.1135643694693,-199.94029795623663,42.92975369184723,42.66619869830745,-1.0,True,False,True,False,101
coarse,1200.0,200.0,88.65,1195.288047033278,-199.9444860436001,42.92218713126289,42.65930397050043,-1.0,True,False,True,False,101
coarse,1200.0,200.0,88.7,1195.4625332854437,-199.94852186453966,42.914653101857006,42.65244113342505,-1.0,True,False,True,False,101
coarse,1200.0,200.0,88.75,1195.6370229930878,-199.95240541598181,42.90715158819389,42.64561017422777,-1.0,True,False,True,False,101
coarse,1200.0,200.0,88.8,1195.8115160233285,-199.9561366949691,42.89968257496636,42.63881108017942,-1.0,True,False,True,False,101
coarse,1200.0,200.0,88.85,1195.9860122432822,-199.95971569865995,42.89224604699584,42.63204383867519,-1.0,True,False,True,False,101
coarse,1200.0,200.0,88.9,1196.160511520062,-199.96314242432885,42.88484198923203,42.625308437234466,-1.0,True,False,True,False,101
coarse,1200.0,200.0,88.95,1196.3350137207794,-199.96641686936616,42.87747038675289,42.61860486350088,-1.0,True,False,True,False,101
coarse,1200.0,200.0,89.0,1196.5095187125432,-199.96953903127826,42.870131224764805,42.61193310524205,-1.0,True,False,True,False,101
coarse,1200.0,200.0,89.05,1196.6840263624604,-199.97250890768748,42.862824488602044,42.60529315034963,-1.0,True,False,False,False,101
coarse,1200.0,200.0,89.1,1196.858536537636,-199.97532649633212,42.855550163726704,42.59868498683916,-1.0,True,False,False,False,101
coarse,1200.0,200.0,89.15,1197.0330491051723,-199.9779917950665,42.84830823572911,42.59227071646672,-1.0,True,False,False,False,101
coarse,1200.0,200.0,89.2,1197.2075639321708,-199.98050480186086,42.84109869032705,42.58619131211278,-1.0,True,False,False,False,101
coarse,1200.0,200.0,89.25,1197.382080885731,-199.9828655148014,42.8339215133661,42.58043572100942,-1.0,True,False,False,False,101
coarse,1200.0,200.0,89.3,1197.5565998329505,-199.9850739320904,42.826776690819294,42.57501506039315,-1.0,True,False,False,False,101
coarse,1200.0,200.0,89.35,1197.7311206409256,-199.987130052046,42.819664208787344,42.56991814746569,-1.0,True,False,False,False,101
coarse,1200.0,200.0,89.4,1197.9056431767508,-199.98903387310241,42.812584053498135,42.56515622995168,-1.0,True,False,False,False,101
coarse,1200.0,200.0,89.45,1198.08016730752,-199.9907853938098,42.80553621130674,42.56071799357512,-1.0,True,False,False,False,101
coarse,1200.0,200.0,89.5,1198.2546929003252,-199.99238461283426,42.79852066869569,42.55661481799547,-1.0,True,False,False,False,101
coarse,1200.0,200.0,89.55,1198.4292198222577,-199.99383152895794,42.79153741227436,42.55283525601197,-1.0,True,False,False,False,101
coarse,1200.0,200.0,89.6,1198.6037479404076,-199.99512614107894,42.7845864287792,42.54939082066549,-1.0,True,False,False,False,101
coarse,1200.0,200.0,89.65,1198.7782771218644,-199.99626844821142,42.77766770507366,42.54626993038363,-1.0,True,False,False,False,101
coarse,1200.0,200.0,89.7,1198.9528072337162,-199.99725844948534,42.77078122814763,42.543484233034846,-1.0,True,False,False,False,101
coarse,1200.0,200.0,89.75,1199.1273381430508,-199.9980961441469,42.76392698511825,42.54102201122872,-1.0,True,False,False,False,101
coarse,1200.0,200.0,89.8,1199.3018697169553,-199.99878153155808,42.75710496322869,42.53889504910722,-1.0,True,False,False,False,101
coarse,1200.0,200.0,89.85,1199.4764018225164,-199.99931461119695,42.750315149849165,42.53709149201565,-1.0,True,False,False,False,101
coarse,1200.0,200.0,89.9,1199.6509343268203,-199.99969538265753,42.74355753247615,42.53562326181518,-1.0,True,False,False,False,101
coarse,1200.0,200.0,89.95,1199.825467096953,-199.99992384564987,42.736832098732314,42.534478365140956,-1.0,True,False,False,False,101
coarse,1200.0,200.0,90.0,1200.0,-200.0,42.73013883636693,42.53366886301874,-1.0,True,False,False,False,101
coarse,1200.0,200.0,90.05,1200.174532903047,-199.99992384564987,42.72347773325527,42.53318262192787,-1.0,True,False,False,False,101
coarse,1200.0,200.0,90.1,1200.3490656731797,-199.99969538265753,42.71684877739885,42.53303184350385,-1.0,True,False,False,False,101
coarse,1200.0,200.0,90.15,1200.5235981774836,-199.99931461119695,42.71025195692501,42.533204252624905,-1.0,True,False,False,False,101
coarse,1200.0,200.0,90.2,1200.6981302830447,-199.99878153155808,42.703687260087406,42.53371219298107,-1.0,True,False,False,False,101
coarse,1200.0,200.0,90.25,1200.8726618569492,-199.9980961441469,42.69715467526516,42.53454324640444,-1.0,True,False,False,False,101
coarse,1200.0,200.0,90.3,1201.0471927662838,-199.99725844948534,42.69065419096355,42.53570990008417,-1.0,True,False,False,False,101
coarse,1200.0,200.0,90.35,1201.2217228781356,-199.99626844821142,42.684185795813434,42.537199591361535,-1.0,True,False,False,False,101
coarse,1200.0,200.0,90.4,1201.3962520595924,-199.99512614107894,42.67774947857143,42.53902495236898,-1.0,True,False,False,False,101
coarse,1200.0,200.0,90.45,1201.5707801777423,-199.99383152895794,42.6713452281196,42.54117327451258,-1.0,True,False,False,False,101
coarse,1200.0,200.0,90.5,1201.7453070996748,-199.99238461283426,42.66497303346564,42.54365733631211,-1.0,True,False,False,False,101
coarse,1200.0,200.0,90.55,1201.91983269248,-199.9907853938098,42.658632883742776,42.54646428179428,-1.0,True,False,False,False,101
coarse,1200.0,200.0,90.6,1202.0943568232492,-199.98903387310241,42.65232476820918,42.54960703730985,-1.0,True,False,False,False,101
coarse,1200.0,200.0,90.65,1202.2688793590744,-199.987130052046,42.64604867624904,42.55307259806244,-1.0,True,False,False,False,101
coarse,1200.0,200.0,90.7,1202.4434001670495,-199.9850739320904,42.639804597371175,42.55687403967715,-1.0,True,False,False,False,101
coarse,1200.0,200.0,90.75,1202.617919114269,-199.9828655148014,42.63359252120981,42.56099820709103,-1.0,True,False,False,False,101
coarse,1200.0,200.0,90.8,1202.7924360678292,-199.98050480186086,42.62741243752432,42.565458326646564,-1.0,True,False,False,False,101
coarse,1200.0,200.0,90.85,1202.9669508948277,-199.9779917950665,42.62126433619919,42.57024109157115,-1.0,True,False,False,False,101
coarse,1200.0,200.0,90.9,1203.141463462364,-199.97532649633212,42.61514820724377,42.5753598803674,-1.0,True,False,False,False,101
coarse,1200.0,200.0,90.95,1203.3159736375394,-199.97250890768748,42.609064040792326,42.58080123311022,-1.0,True,False,False,False,101
coarse,1200.0,200.0,91.0,1203.4904812874568,-199.96953903127826,42.603011827103984,42.5865786819048,1.0,True,False,False,False,101
coarse,1200.0,200.0,91.05,1203.6649862792206,-199.96641686936616,42.61032013759952,42.59267861223109,1.0,True,False,False,False,101
coarse,1200.0,200.0,91.1,1203.839488479938,-199.96314242432885,42.61766041645715,42.59911471123895,1.0,True,False,False,False,101
coarse,1200.0,200.0,91.15,1204.0139877567178,-199.95971569865995,42.62503267828652,42.60581563144872,1.0,True,False,False,False,101
coarse,1200.0,200.0,91.2,1204.1884839766715,-199.9561366949691,42.63243693782266,42.61256710789709,1.0,True,False,False,False,101
coarse,1200.0,200.0,91.25,1204.3629770069122,-199.95240541598181,42.63987320992542,42.61935033889472,1.0,True,False,False,False,101
coarse,1200.0,200.0,91.3,1204.5374667145563,-199.94852186453966,42.647341509579725,42.626165336956824,1.0,True,False,False,False,101
coarse,1200.0,200.0,91.35,1204.711952966722,-199.9444860436001,42.654841851895966,42.63301211472197,1.0,True,False,False,False,101
coarse,1200.0,200.0,91.4,1204.8864356305305,-199.94029795623663,42.662374252109636,42.639890684952235,1.0,True,False,False,False,101
coarse,1200.0,200.0,91.45,1205.060914573106,-199.93595760563863,42.6699387255819,42.64680106053327,1.0,True,False,False,False,101
coarse,1200.0,200.0,91.5,1205.2353896615746,-199.93146499511144,42.677535287799614,42.65374325447435,1.0,True,False,False,False,101
coarse,1200.0,200.0,91.55,1205.4098607630663,-199.92682012807646,42.68516395437503,42.66071727990853,1.0,True,False,False,False,101
coarse,1200.0,200.0,91.6,1205.5843277447138,-199.92202300807088,42.69282474104637,42.6677231500927,1.0,True,False,False,False,101
coarse,1200.0,200.0,91.65,1205.7587904736527,-199.91707363874792,42.7005176636779,42.674760878407604,1.0,True,False,False,False,101
coarse,1200.0,200.0,91.7,1205.933248817022,-199.9119720238768,42.708242738259635,42.68183047835812,1.0,True,False,False,False,101
coarse,1200.0,200.0,91.75,1206.1077026419646,-199.90671816734258,42.71599998090807,42.68893196357319,1.0,True,False,False,False,101
coarse,1200.0,200.0,91.8,1206.2821518156256,-199.90131207314633,42.723789407865745,42.69606534780593,1.0,True,False,False,False,101
coarse,1200.0,200.0,91.85,1206.456596205155,-199.89575374540496,42.731611035501686,42.703230644933775,1.0,True,False,False,False,101
coarse,1200.0,200.0,91.9,1206.6310356777053,-199.89004318835143,42.73946488031149,42.71042786895858,1.0,True,False,False,False,101
coarse,1200.0,200.0,91.95,1206.8054701004335,-199.88418040633456,42.74735095891727,42.717657034006685,1.0,True,False,False,False,101
coarse,1200.0,200.0,92.0,1206.9798993405002,-199.87816540381914,42.755269288068035,42.72491815432901,1.0,True,False,False,False,101
coarse,1200.0,200.0,92.05,1207.15432326507,-199.87199818538585,42.763219884639554,42.73221124430121,1.0,True,False,False,False,101
coarse,1200.0,200.0,92.1,1207.3287417413112,-199.86567875573124,42.77120276563467,42.739536318423696,1.0,True,False,False,False,101
coarse,1200.0,200.0,92.15,1207.5031546363969,-199.85920711966793,42.7792179481833,42.74689339132178,1.0,True,False,False,False,101
coarse,1200.0,200.0,92.2,1207.677561817504,-199.85258328212424,42.7872654495427,42.75428247774583,1.0,True,False,False,False,101
coarse,1200.0,200.0,92.25,1207.8519631518136,-199.84580724814458,42.795345287097646,42.76170359257126,1.0,True,False,False,False,101
coarse,1200.0,200.0,92.3,1208.026358506512,-199.8388790228892,42.8034574783601,42.76915675079876,1.0,True,False,False,False,101
coarse,1200.0,200.0,92.35,1208.200747748789,-199.8317986116342,42.811602040970044,42.77664196755426,1.0,True,False,False,False,101
coarse,1200.0,200.0,92.4,1208.37513074584,-199.82456601977168,42.81977899269471,42.78415925808922,1.0,True,False,False,False,101
coarse,1200.0,200.0,92.45,1208.5495073648644,-199.81718125280952,42.82798835143007,42.79170863778056,1.0,True,False,False,False,101
coarse,1200.0,200.0,92.5,1208.7238774730672,-199.80964431637156,42.83623013519932,42.79929012213091,1.0,True,False,False,False,101
coarse,1200.0,200.0,92.55,1208.8982409376576,-199.8019552161975,42.844504362154495,42.80690372676861,1.0,True,False,False,False,101
coarse,1200.0,200.0,92.6,1209.0725976258507,-199.79411395814296,42.852811050575355,42.81454946744792,1.0,True,False,False,False,101
coarse,1200.0,200.0,92.65,1209.246947404866,-199.78612054817933,42.86115021887074,42.822227360049084,1.0,True,False,False,False,101
coarse,1200.0,200.0,92.7,1209.4212901419285,-199.777974992394,42.869521885577825,42.82993742057844,1.0,True,False,False,False,101
coarse,1200.0,200.0,92.75,1209.5956257042687,-199.76967729699012,42.87792606936215,42.83767966516856,1.0,True,False,False,False,101
coarse,1200.0,200.0,92.8,1209.7699539591226,-199.76122746828682,42.88636278901899,42.845454110078364,1.0,True,False,False,False,101
coarse,1200.0,200.0,92.85,1209.9442747737316,-199.75262551271894,42.894832063471846,42.853260771693215,1.0,True,False,False,False,101
coarse,1200.0,200.0,92.9,1210.1185880153428,-199.74387143683722,42.90333391177378,42.86109966652508,1.0,True,False,False,False,101
coarse,1200.0,200.0,92.95,1210.2928935512089,-199.7349652473084,42.91186835310722,42.86897081121259,1.0,True,False,False,False,101
coarse,1200.0,200.0,93.0,1210.4671912485887,-199.72590695091478,42.920435406783916,42.876874222521266,1.0,True,False,True,False,101
refined,1200.0,200.0,90.9,1203.141463462364,-199.97532649633212,42.61514820724377,42.57522322883784,-1.0,True,False,False,False,201
refined,1200.0,200.0,90.91,1203.176365693041,-199.974775161729,42.61392881726665,42.57629055329479,-1.0,True,False,False,False,201
refined,1200.0,200.0,90.92,1203.21126782696,-199.97421773554592,42.612710705710946,42.577371109386576,-1.0,True,False,False,False,201
refined,1200.0,200.0,90.93,1203.2461698630582,-199.97365421779983,42.611493872498535,42.578464897093376,-1.0,True,False,False,False,201
refined,1200.0,200.0,90.94,1203.2810718002725,-199.9730846085079,42.610278317551646,42.57957191639528,-1.0,True,False,False,False,201
refined,1200.0,200.0,90.95,1203.3159736375394,-199.97250890768748,42.609064040792326,42.58069216727221,-1.0,True,False,False,False,201
refined,1200.0,200.0,90.96,1203.3508753737963,-199.97192711535607,42.607851042143054,42.58182564970404,-1.0,True,False,False,False,201
refined,1200.0,200.0,90.97,1203.3857770079796,-199.9713392315315,42.606639321526636,42.582972363670464,-1.0,True,False,False,False,201
refined,1200.0,200.0,90.98,1203.420678539026,-199.97074525623154,42.60542887886591,42.58413230915113,-1.0,True,False,False,False,201
refined,1200.0,200.0,90.99,1203.4555799658729,-199.97014518947435,42.60421971408393,42.585305486125556,-1.0,True,False,False,False,201
refined,1200.0,200.0,91.0,1203.4904812874568,-199.96953903127826,42.603011827103984,42.586491894573136,1.0,True,False,False,False,201
refined,1200.0,200.0,91.01,1203.5253825027144,-199.96892678166165,42.604470932431155,42.587691534473166,1.0,True,False,False,False,201
refined,1200.0,200.0,91.02,1203.5602836105827,-199.9683084406432,42.60593131602851,42.58890440580484,1.0,True,False,False,False,201
refined,1200.0,200.0,91.03,1203.5951846099986,-199.96768400824178,42.60739297801178,42.590130508547205,1.0,True,False,False,False,201
refined,1200.0,200.0,91.04,1203.630085499899,-199.96705348447634,42.60885591849677,42.59136984267924,1.0,True,False,False,False,201
refined,1200.0,200.0,91.05,1203.6649862792206,-199.96641686936616,42.61032013759952,42.592622408179814,1.0,True,False,False,False,201
refined,1200.0,200.0,91.06,1203.6998869469003,-199.9657741629306,42.61178563543635,42.59388820502763,1.0,True,False,False,False,201
refined,1200.0,200.0,91.07,1203.734787501875,-199.9651253651892,42.61325241212377,42.59516723320135,1.0,True,False,False,False,201
refined,1200.0,200.0,91.08,1203.7696879430816,-199.9644704761618,42.61472046777836,42.596459492679514,1.0,True,False,False,False,201
refined,1200.0,200.0,91.09,1203.804588269457,-199.9638094958683,42.61618980251721,42.59776498344049,1.0,True,False,False,False,201
refined,1200.0,200.0,91.1,1203.839488479938,-199.96314242432885,42.61766041645715,42.599083705462604,1.0,True,False,False,False,201
coarse,1200.0,400.0,88.0,1186.0402013189996,-399.7563308076383,45.158607970927996,44.66217728674576,-1.0,True,False,True,False,101
coarse,1200.0,400.0,88.05,1186.389059799133,-399.76836081266913,45.145051156058514,44.64936433822552,-1.0,True,False,True,False,101
coarse,1200.0,400.0,88.1,1186.7379286445894,-399.78008637670285,45.13152712089602,44.63658296282665,-1.0,True,False,True,False,101
coarse,1200.0,400.0,88.15,1187.0868075896904,-399.7915074908099,45.118035837743726,44.62383313566258,-1.0,True,False,True,False,101
coarse,1200.0,400.0,88.2,1187.4356963687487,-399.80262414629266,45.10457727903865,44.61111483197328,-1.0,True,False,True,False,101
coarse,1200.0,400.0,88.25,1187.784594716071,-399.81343633468515,45.091151417352826,44.598428027124896,-1.0,True,False,True,False,101
coarse,1200.0,400.0,88.3,1188.1335023659558,-399.8239440477536,45.07775822539173,44.58577269660983,-1.0,True,False,True,False,101
coarse,1200.0,400.0,88.35,1188.4824190526947,-399.83414727749584,45.06439767599503,44.57314881604644,-1.0,True,False,True,False,101
coarse,1200.0,400.0,88.4,1188.8313445105725,-399.84404601614176,45.051069742135965,44.560556361178904,-1.0,True,False,True,False,101
coarse,1200.0,400.0,88.45,1189.1802784738672,-399.8536402561529,45.037774396921925,44.547995307877116,-1.0,True,False,True,False,101
coarse,1200.0,400.0,88.5,1189.5292206768509,-399.8629299902229,45.02451161359268,44.535465632136436,-1.0,True,False,True,False,101
coarse,1200.0,400.0,88.55,1189.878170853788,-399.87191521127727,45.011281365521796,44.522967310077675,-1.0,True,False,True,False,101
coarse,1200.0,400.0,88.6,1190.2271287389387,-399.88059591247327,44.998083626215944,44.51050031794681,-1.0,True,False,True,False,101
coarse,1200.0,400.0,88.65,1190.576094066556,-399.8889720872002,44.984918369314165,44.49806463211495,-1.0,True,False,True,False,101
coarse,1200.0,400.0,88.7,1190.9250665708876,-399.8970437290793,44.97178556858831,44.48566022907802,-1.0,True,False,True,False,101
coarse,1200.0,400.0,88.75,1191.2740459861755,-399.90481083196363,44.958685197943204,44.4732870854569,-1.0,True,False,True,False,101
coarse,1200.0,400.0,88.8,1191.6230320466573,-399.9122733899382,44.94561723141515,44.460945177996926,-1.0,True,False,True,False,101
coarse,1200.0,400.0,88.85,1191.9720244865644,-399.9194313973199,44.93258164317341,44.44863448356808,-1.0,True,False,True,False,101
coarse,1200.0,400.0,88.9,1192.3210230401241,-399.9262848486577,44.919578407518415,44.43635497916454,-1.0,True,False,True,False,101
coarse,1200.0,400.0,88.95,1192.670027441559,-399.9328337387323,44.90660749888294,44.424106641904814,-1.0,True,False,True,False,101
coarse,1200.0,400.0,89.0,1193.0190374250865,-399.9390780625565,44.89366889183128,44.41188944903143,-1.0,True,False,True,False,101
coarse,1200.0,400.0,89.05,1193.368052724921,-399.94501781537497,44.88076256105932,44.39970337791079,-1.0,True,False,False,False,101
coarse,1200.0,400.0,89.1,1193.7170730752716,-399.95065299266423,44.86788848139383,44.38785200385868,-1.0,True,False,False,False,101
coarse,1200.0,400.0,89.15,1194.0660982103445,-399.955983590133,44.85504662779301,44.3766171346359,-1.0,True,False,False,False,101
coarse,1200.0,400.0,89.2,1194.415127864342,-399.9610096037217,44.8422369753463,44.36597215928501,-1.0,True,False,False,False,101
coarse,1200.0,400.0,89.25,1194.764161771462,-399.9657310296028,44.8294594992734,44.35594383940494,-1.0,True,False,False,False,101
coarse,1200.0,400.0,89.3,1195.1131996659012,-399.9701478641808,44.816714174924954,44.346505324824506,-1.0,True,False,False,False,101
coarse,1200.0,400.0,89.35,1195.462241281851,-399.974260104092,44.804000977782195,44.33768361670688,-1.0,True,False,False,False,101
coarse,1200.0,400.0,89.4,1195.8112863535018,-399.97806774620483,44.79131988345653,44.32945162438519,-1.0,True,False,False,False,101
coarse,1200.0,400.0,89.45,1196.16033461504,-399.9815707876196,44.77867086768979,44.32183658986684,-1.0,True,False,False,False,101
coarse,1200.0,400.0,89.5,1196.5093858006505,-399.9847692256685,44.76605390635345,44.31481118070711,-1.0,True,False,False,False,101
coarse,1200.0,400.0,89.55,1196.8584396445156,-399.9876630579159,44.75346897544895,44.30840288103788,-1.0,True,False,False,False,101
coarse,1200.0,400.0,89.6,1197.2074958808153,-399.9902522821579,44.74091605110814,44.30258411535428,-1.0,True,False,False,False,101
coarse,1200.0,400.0,89.65,1197.5565542437287,-399.99253689642285,44.72839510959145,44.29738261119298,-1.0,True,False,False,False,101
coarse,1200.0,400.0,89.7,1197.905614467432,-399.9945168989707,44.715906127289436,44.2927705487066,-1.0,True,False,False,False,101
coarse,1200.0,400.0,89.75,1198.2546762861014,-399.9961922882938,44.703449080721505,44.288775900117024,-1.0,True,False,False,False,101
coarse,1200.0,400.0,89.8,1198.6037394339105,-399.99756306311616,44.691023946536454,44.28537059995189,-1.0,True,False,False,False,101
coarse,1200.0,400.0,89.85,1198.9528036450326,-399.9986292223939,44.67863070151227,44.282582866398755,-1.0,True,False,False,False,101
coarse,1200.0,400.0,89.9,1199.3018686536407,-399.99939076531507,44.66626932255529,44.28038438707771,-1.0,True,False,False,False,101
coarse,1200.0,400.0,89.95,1199.6509341939059,-399.99984769129975,44.65393978670092,44.27880362742268,-1.0,True,False,False,False,101
coarse,1200.0,400.0,90.0,1200.0,-400.0,44.641642071112656,44.27781202686349,-1.0,True,False,False,False,101
coarse,1200.0,400.0,90.05,1200.349065806094,-399.99984769129975,44.629376153083136,44.2774382993611,-1.0,True,False,False,False,101
coarse,1200.0,400.0,90.1,1200.6981313463593,-399.99939076531507,44.617142010032985,44.277653634872365,-1.0,True,False,False,False,101
coarse,1200.0,400.0,90.15,1201.0471963549671,-399.9986292223939,44.60493961951077,44.27848699716608,-1.0,True,False,False,False,101
coarse,1200.0,400.0,90.2,1201.3962605660895,-399.99756306311616,44.59276895919295,44.279909325443214,-1.0,True,False,False,False,101
coarse,1200.0,400.0,90.25,1201.7453237138986,-399.9961922882938,44.580630006884384,44.28194983456137,-1.0,True,False,False,False,101
coarse,1200.0,400.0,90.3,1202.0943855325677,-399.9945168989707,44.568522740517466,44.28457921168265,-1.0,True,False,False,False,101
coarse,1200.0,400.0,90.35,1202.4434457562713,-399.99253689642285,44.556447138151704,44.287826924034455,-1.0,True,False,False,False,101
coarse,1200.0,400.0,90.4,1202.7925041191847,-399.9902522821579,44.544403177975056,44.29166340545698,-1.0,True,False,False,False,101
coarse,1200.0,400.0,90.45,1203.1415603554847,-399.9876630579159,44.53239083830207,44.296118376828524,-1.0,True,False,False,False,101
coarse,1200.0,400.0,90.5,1203.4906141993497,-399.9847692256685,44.52041009757438,44.30116201738419,-1.0,True,False,False,False,101
coarse,1200.0,400.0,90.55,1203.83966538496,-399.9815707876196,44.50846093436152,44.30682430293446,-1.0,True,False,False,False,101
coarse,1200.0,400.0,90.6,1204.1887136464984,-399.97806774620483,44.496543327359134,44.313075156826045,-1.0,True,False,False,False,101
coarse,1200.0,400.0,90.65,1204.537758718149,-399.974260104092,44.48465725539045,44.31994481108287,-1.0,True,False,False,False,101
coarse,1200.0,400.0,90.7,1204.886800334099,-399.9701478641808,44.472802697404575,44.327402931879966,-1.0,True,False,False,False,101
coarse,1200.0,400.0,90.75,1205.235838228538,-399.9657310296028,44.460979632478,44.33548000873609,-1.0,True,False,False,False,101
coarse,1200.0,400.0,90.8,1205.584872135658,-399.9610096037217,44.449188039813166,44.34414544937114,-1.0,True,False,False,False,101
coarse,1200.0,400.0,90.85,1205.9339017896552,-399.955983590133,44.437427898739095,44.35343000208017,-1.0,True,False,False,False,101
coarse,1200.0,400.0,90.9,1206.2829269247284,-399.95065299266423,44.42569918871101,44.363302814844474,-1.0,True,False,False,False,101
coarse,1200.0,400.0,90.95,1206.631947275079,-399.94501781537497,44.414001889310164,44.37379489601699,-1.0,True,False,False,False,101
coarse,1200.0,400.0,91.0,1206.9809625749133,-399.9390780625565,44.40233598024393,44.384875132556736,1.0,True,False,False,False,101
coarse,1200.0,400.0,91.05,1207.329972558441,-399.9328337387323,44.41520711636129,44.3965747941562,1.0,True,False,False,False,101
coarse,1200.0,400.0,91.1,1207.6789769598759,-399.9262848486577,44.4281097204454,44.408756558111335,1.0,True,False,False,False,101
coarse,1200.0,400.0,91.15,1208.0279755134356,-399.9194313973199,44.44104381759137,44.42100804126704,1.0,True,False,False,False,101
coarse,1200.0,400.0,91.2,1208.3769679533427,-399.9122733899382,44.454009433020715,44.43329061724587,1.0,True,False,False,False,101
coarse,1200.0,400.0,91.25,1208.7259540138243,-399.90481083196363,44.46700659208042,44.44560430889542,1.0,True,False,False,False,101
coarse,1200.0,400.0,91.3,1209.0749334291124,-399.8970437290793,44.48003532024442,44.45794913918667,1.0,True,False,False,False,101
coarse,1200.0,400.0,91.35,1209.423905933444,-399.8889720872002,44.49309564311333,44.47032513121418,1.0,True,False,False,False,101
coarse,1200.0,400.0,91.4,1209.7728712610613,-399.88059591247327,44.50618758641408,44.48273230819622,1.0,True,False,False,False,101
coarse,1200.0,400.0,91.45,1210.121829146212,-399.87191521127727,44.519311176000784,44.495170693474826,1.0,True,False,False,False,101
coarse,1200.0,400.0,91.5,1210.4707793231491,-399.8629299902229,44.532466437854595,44.5076403105161,1.0,True,False,False,False,101
coarse,1200.0,400.0,91.55,1210.8197215261328,-399.8536402561529,44.54565339808358,44.52014118291024,1.0,True,False,False,False,101
coarse,1200.0,400.0,91.6,1211.1686554894275,-399.84404601614176,44.55887208292409,44.5326733343717,1.0,True,False,False,False,101
coarse,1200.0,400.0,91.65,1211.5175809473055,-399.83414727749584,44.57212251873922,44.54523678873941,1.0,True,False,False,False,101
coarse,1200.0,400.0,91.7,1211.8664976340444,-399.8239440477536,44.58540473201984,44.5578315699768,1.0,True,False,False,False,101
coarse,1200.0,400.0,91.75,1212.2154052839292,-399.81343633468515,44.5987187493853,44.57045770217209,1.0,True,False,False,False,101
coarse,1200.0,400.0,91.8,1212.5643036312513,-399.80262414629266,44.61206459758268,44.583115209538335,1.0,True,False,False,False,101
coarse,1200.0,400.0,91.85,1212.9131924103099,-399.7915074908099,44.625442303487524,44.59580411641365,1.0,True,False,False,False,101
coarse,1200.0,400.0,91.9,1213.2620713554106,-399.78008637670285,44.63885189410368,44.60852444726134,1.0,True,False,False,False,101
coarse,1200.0,400.0,91.95,1213.610940200867,-399.76836081266913,44.65229339656377,44.62127622667001,1.0,True,False,False,False,101
coarse,1200.0,400.0,92.0,1213.9597986810004,-399.7563308076383,44.665766838129215,44.6340594793538,1.0,True,False,False,False,101
coarse,1200.0,400.0,92.05,1214.3086465301399,-399.7439963707717,44.67927224619053,44.64687423015247,1.0,True,False,False,False,101
coarse,1200.0,400.0,92.1,1214.6574834826224,-399.7313575114625,44.69280964826708,44.65972050403162,1.0,True,False,False,False,101
coarse,1200.0,400.0,92.15,1215.006309272794,-399.71841423933586,44.70637907200796,44.67259832608283,1.0,True,False,False,False,101
coarse,1200.0,400.0,92.2,1215.3551236350079,-399.7051665642485,44.71998054519195,44.68550772152379,1.0,True,False,False,False,101
coarse,1200.0,400.0,92.25,1215.7039263036274,-399.69161449628916,44.733614095726864,44.69844871569851,1.0,True,False,False,False,101
coarse,1200.0,400.0,92.3,1216.0527170130238,-399.6777580457784,44.747279751651604,44.711421334077464,1.0,True,False,False,False,101
coarse,1200.0,400.0,92.35,1216.401495497578,-399.6635972232684,44.760977541134096,44.72442560225772,1.0,True,False,False,False,101
coarse,1200.0,400.0,92.4,1216.7502614916798,-399.64913203954336,44.77470749247304,44.73746154596321,1.0,True,False,False,False,101
coarse,1200.0,400.0,92.45,1217.0990147297289,-399.63436250561904,44.78846963409786,44.75052919104471,1.0,True,False,False,False,101
coarse,1200.0,400.0,92.5,1217.4477549461344,-399.6192886327431,44.80226399456824,44.7636285634803,1.0,True,False,False,False,101
coarse,1200.0,400.0,92.55,1217.7964818753155,-399.603910432395,44.81609060257506,44.776759689375176,1.0,True,False,False,False,101
coarse,1200.0,400.0,92.6,1218.1451952517014,-399.5882279162859,44.82994948694066,44.78992259496213,1.0,True,False,False,False,101
coarse,1200.0,400.0,92.65,1218.493894809732,-399.57224109635865,44.843840676617674,44.803117306601564,1.0,True,False,False,False,101
coarse,1200.0,400.0,92.7,1218.8425802838572,-399.555949984788,44.85776420069108,44.81634385078171,1.0,True,False,False,False,101
coarse,1200.0,400.0,92.75,1219.1912514085377,-399.53935459398025,44.87172008837738,44.829602254118754,1.0,True,False,False,False,101
coarse,1200.0,400.0,92.8,1219.5399079182453,-399.52245493657364,44.88570836902465,44.84289254335709,1.0,True,False,False,False,101
coarse,1200.0,400.0,92.85,1219.888549547463,-399.5052510254379,44.89972907211349,44.85621474536946,1.0,True,False,False,False,101
coarse,1200.0,400.0,92.9,1220.2371760306853,-399.48774287367445,44.913782227256384,44.86956888715712,1.0,True,False,False,False,101
coarse,1200.0,400.0,92.95,1220.5857871024177,-399.4699304946168,44.92786786419866,44.88295499585005,1.0,True,False,False,False,101
coarse,1200.0,400.0,93.0,1220.9343824971775,-399.45181390182955,44.94198601281831,44.89637309870705,1.0,True,False,True,False,101
refined,1200.0,400.0,90.9,1206.2829269247284,-399.95065299266423,44.42569918871101,44.36311210907566,-1.0,True,False,False,False,201
refined,1200.0,400.0,90.91,1206.3527313860816,-399.949550323458,44.42335721663191,44.36517032120857,-1.0,True,False,False,False,201
refined,1200.0,400.0,90.92,1206.4225356539198,-399.94843547109184,44.4210165008147,44.367252796867504,-1.0,True,False,False,False,201
refined,1200.0,400.0,90.93,1206.4923397261164,-399.94730843559967,44.41867704109665,44.36935953615626,-1.0,True,False,False,False,201
refined,1200.0,400.0,90.94,1206.562143600545,-399.9461692170158,44.41633883731609,44.371490539178595,-1.0,True,False,False,False,201
refined,1200.0,400.0,90.95,1206.631947275079,-399.94501781537497,44.414001889310164,44.373645806038056,-1.0,True,False,False,False,201
refined,1200.0,400.0,90.96,1206.7017507475925,-399.94385423071213,44.41166619691729,44.375825336838105,-1.0,True,False,False,False,201
refined,1200.0,400.0,90.97,1206.771554015959,-399.942678463063,44.40933175997566,44.37802913168207,-1.0,True,False,False,False,201
refined,1200.0,400.0,90.98,1206.8413570780522,-399.9414905124631,44.40699857832378,44.38025719067312,-1.0,True,False,False,False,201
refined,1200.0,400.0,90.99,1206.9111599317457,-399.9402903789487,44.40466665180022,44.3825095139143,-1.0,True,False,False,False,201
refined,1200.0,400.0,91.0,1206.9809625749133,-399.9390780625565,44.40233598024393,44.38478610150857,1.0,True,False,False,False,201
refined,1200.0,400.0,91.01,1207.0507650054287,-399.9378535633233,44.40490769123031,44.38708695355868,1.0,True,False,False,False,201
refined,1200.0,400.0,91.02,1207.1205672211654,-399.9366168812864,44.40748066013563,44.38941207016731,1.0,True,False,False,False,201
refined,1200.0,400.0,91.03,1207.1903692199971,-399.93536801648355,44.41005488715929,44.39176145143698,1.0,True,False,False,False,201
refined,1200.0,400.0,91.04,1207.260170999798,-399.9341069689527,44.412630372501134,44.39413509747009,1.0,True,False,False,False,201
refined,1200.0,400.0,91.05,1207.329972558441,-399.9328337387323,44.41520711636129,44.396533008368884,1.0,True,False,False,False,201
refined,1200.0,400.0,91.06,1207.3997738938006,-399.9315483258612,44.41778511893944,44.39895518423551,1.0,True,False,False,False,201
refined,1200.0,400.0,91.07,1207.46957500375,-399.9302507303784,44.420364380436276,44.401398022871604,1.0,True,False,False,False,201
refined,1200.0,400.0,91.08,1207.5393758861633,-399.9289409523236,44.422944901052446,44.4038421037648,1.0,True,False,False,False,201
refined,1200.0,400.0,91.09,1207.609176538914,-399.9276189917366,44.42552668098854,44.40628742709593,1.0,True,False,False,False,201
refined,1200.0,400.0,91.1,1207.6789769598759,-399.9262848486577,44.4281097204454,44.40873399304603,1.0,True,False,False,False,201
coarse,1200.0,600.0,88.0,1179.0603019784994,-599.6344962114574,48.226515473824655,47.533588592883966,-1.0,True,False,True,False,101
coarse,1200.0,600.0,88.05,1179.5835896986994,-599.6525412190038,48.208071182654365,47.515994653608125,-1.0,True,False,True,False,101
coarse,1200.0,600.0,88.1,1180.106892966884,-599.6701295650543,48.18965992375466,47.49843207260309,-1.0,True,False,True,False,101
coarse,1200.0,600.0,88.15,1180.6302113845354,-599.6872612362149,48.17128165827404,47.48090081411624,-1.0,True,False,True,False,101
coarse,1200.0,600.0,88.2,1181.153544553123,-599.703936219439,48.15293634749757,47.46340084252025,-1.0,True,False,True,False,101
coarse,1200.0,600.0,88.25,1181.6768920741065,-599.7201545020278,48.13462395284666,47.44593212231286,-1.0,True,False,True,False,101
coarse,1200.0,600.0,88.3,1182.2002535489335,-599.7359160716304,48.11634443587822,47.4284946181166,-1.0,True,False,True,False,101
coarse,1200.0,600.0,88.35,1182.7236285790418,-599.7512209162438,48.09809775828573,47.411088294678706,-1.0,True,False,True,False,101
coarse,1200.0,600.0,88.4,1183.2470167658587,-599.7660690242126,48.07988388189812,47.39371311687077,-1.0,True,False,True,False,101
coarse,1200.0,600.0,88.45,1183.770417710801,-599.7804603842294,48.0617027686793,47.37636904968855,-1.0,True,False,True,False,101
coarse,1200.0,600.0,88.5,1184.293831015276,-599.7943949853344,48.04355438072839,47.359056058251824,-1.0,True,False,True,False,101
coarse,1200.0,600.0,88.55,1184.8172562806822,-599.8078728169158,48.02543868027956,47.34177410780403,-1.0,True,False,True,False,101
coarse,1200.0,600.0,88.6,1185.340693108408,-599.8208938687098,48.0073556297014,47.32452316371225,-1.0,True,False,True,False,101
coarse,1200.0,600.0,88.65,1185.864141099834,-599.8334581308003,47.98930519149688,47.307303191466794,-1.0,True,False,True,False,101
coarse,1200.0,600.0,88.7,1186.3875998563312,-599.845565593619,47.971287328303,47.29011415668113,-1.0,True,False,True,False,101
coarse,1200.0,600.0,88.75,1186.9110689792633,-599.8572162479455,47.95330200289065,47.27295602509158,-1.0,True,False,True,False,101
coarse,1200.0,600.0,88.8,1187.4345480699858,-599.8684100849073,47.93534917816442,47.255828762557165,-1.0,True,False,True,False,101
coarse,1200.0,600.0,88.85,1187.9580367298465,-599.8791470959799,47.91742881716253,47.2387323350594,-1.0,True,False,True,False,101
coarse,1200.0,600.0,88.9,1188.4815345601862,-599.8894272729865,47.8995408830558,47.22166670870204,-1.0,True,False,True,False,101
coarse,1200.0,600.0,88.95,1189.0050411623383,-599.8992506080984,47.8816853391482,47.2046318497109,-1.0,True,False,True,False,101
coarse,1200.0,600.0,89.0,1189.52855613763,-599.9086170938348,47.86386214887639,47.18762772443363,-1.0,True,False,True,False,101
coarse,1200.0,600.0,89.05,1190.0520790873813,-599.9175267230625,47.846071275809926,47.17069703533242,-1.0,True,False,False,False,101
coarse,1200.0,600.0,89.1,1190.5756096129076,-599.9259794889964,47.828312683649926,47.154421696892875,-1.0,True,False,False,False,101
coarse,1200.0,600.0,89.15,1191.099147315517,-599.9339753851995,47.810586336229804,47.13899560094446,-1.0,True,False,False,False,101
coarse,1200.0,600.0,89.2,1191.6226917965128,-599.9415144055826,47.79289219751481,47.12439823359637,-1.0,True,False,False,False,101
coarse,1200.0,600.0,89.25,1192.1462426571932,-599.9485965444042,47.77523023160146,47.110650101578095,-1.0,True,False,False,False,101
coarse,1200.0,600.0,89.3,1192.6697994988517,-599.9552217962712,47.757600402717685,47.09773097271295,-1.0,True,False,False,False,101
coarse,1200.0,600.0,89.35,1193.1933619227766,-599.961390156138,47.74000267522285,47.08566107177932,-1.0,True,False,False,False,101
coarse,1200.0,600.0,89.4,1193.7169295302526,-599.9671016193073,47.72243701360671,47.07442044965986,-1.0,True,False,False,False,101
coarse,1200.0,600.0,89.45,1194.24050192256,-599.9723561814294,47.70490338248978,47.064029047829834,-1.0,True,False,False,False,101
coarse,1200.0,600.0,89.5,1194.7640787009757,-599.9771538385028,47.687401746623436,47.05446720157804,-1.0,True,False,False,False,101
coarse,1200.0,600.0,89.55,1195.2876594667732,-599.9814945868739,47.66993207088834,47.04575456772331,-1.0,True,False,False,False,101
coarse,1200.0,600.0,89.6,1195.8112438212231,-599.9853784232369,47.65249432029619,47.03787176730864,-1.0,True,False,False,False,101
coarse,1200.0,600.0,89.65,1196.3348313655931,-599.9888053446342,47.6350884599876,47.03083817114171,-1.0,True,False,False,False,101
coarse,1200.0,600.0,89.7,1196.8584217011482,-599.991775348456,47.61771445523353,47.02463468736921,-1.0,True,False,False,False,101
coarse,1200.0,600.0,89.75,1197.3820144291522,-599.9942884324407,47.60037227143353,47.019280399431565,-1.0,True,False,False,False,101
coarse,1200.0,600.0,89.8,1197.9056091508658,-599.9963445946743,47.583061874116616,47.01475650392995,-1.0,True,False,False,False,101
coarse,1200.0,600.0,89.85,1198.429205467549,-599.9979438335909,47.56578322894072,47.01108179558016,-1.0,True,False,False,False,101
coarse,1200.0,600.0,89.9,1198.952802980461,-599.9990861479727,47.54853630169278,47.00823776079,-1.0,True,False,False,False,101
coarse,1200.0,600.0,89.95,1199.4764012908588,-599.9997715369497,47.53132105828731,47.00624290419182,-1.0,True,False,False,False,101
coarse,1200.0,600.0,90.0,1200.0,-600.0,47.514137464768375,47.005079003353686,-1.0,True,False,False,False,101
coarse,1200.0,600.0,90.05,1200.523598709141,-599.9997715369497,47.49698548730726,47.00476427146415,-1.0,True,False,False,False,101
coarse,1200.0,600.0,90.1,1201.0471970195388,-599.9990861479727,47.47986509220298,47.005280778606554,-1.0,True,False,False,False,101
coarse,1200.0,600.0,90.15,1201.5707945324507,-599.9979438335909,47.46277624588331,47.006646445164165,-1.0,True,False,False,False,101
coarse,1200.0,600.0,90.2,1202.0943908491342,-599.9963445946743,47.445718914902066,47.00884363509182,-1.0,True,False,False,False,101
coarse,1200.0,600.0,90.25,1202.6179855708478,-599.9942884324407,47.428693065941395,47.01188997460448,-1.0,True,False,False,False,101
coarse,1200.0,600.0,90.3,1203.1415782988518,-599.991775348456,47.41169866581042,47.01576812288628,-1.0,True,False,False,False,101
coarse,1200.0,600.0,90.35,1203.6651686344069,-599.9888053446342,47.39473568144434,47.020495410619546,-1.0,True,False,False,False,101
coarse,1200.0,600.0,90.4,1204.188756178777,-599.9853784232369,47.37780407990622,47.02605479357663,-1.0,True,False,False,False,101
coarse,1200.0,600.0,90.45,1204.7123405332268,-599.9814945868739,47.3609038283848,47.03246330554164,-1.0,True,False,False,False,101
coarse,1200.0,600.0,90.5,1205.2359212990243,-599.9771538385028,47.34403489419512,47.03970420023548,-1.0,True,False,False,False,101
coarse,1200.0,600.0,90.55,1205.7594980774402,-599.9723561814294,47.32719724477864,47.047794213177106,-1.0,True,False,False,False,101
coarse,1200.0,600.0,90.6,1206.2830704697474,-599.9671016193073,47.31039084770242,47.05671689739759,-1.0,True,False,False,False,101
coarse,1200.0,600.0,90.65,1206.8066380772234,-599.961390156138,47.293615670659705,47.06648868878233,-1.0,True,False,False,False,101
coarse,1200.0,600.0,90.7,1207.3302005011483,-599.9552217962712,47.276871681468506,47.07709344103579,-1.0,True,False,False,False,101
coarse,1200.0,600.0,90.75,1207.8537573428066,-599.9485965444042,47.26015884807297,47.08854728903997,-1.0,True,False,False,False,101
coarse,1200.0,600.0,90.8,1208.3773082034872,-599.9415144055826,47.24347713854183,47.10083438853716,-1.0,True,False,False,False,101
coarse,1200.0,600.0,90.85,1208.900852684483,-599.9339753851995,47.22682652106925,47.11397057203497,-1.0,True,False,False,False,101
coarse,1200.0,600.0,90.9,1209.4243903870924,-599.9259794889964,47.210206963973256,47.12794029867911,-1.0,True,False,False,False,101
coarse,1200.0,600.0,90.95,1209.9479209126184,-599.9175267230625,47.19361843569818,47.14275909723041,-1.0,True,False,False,False,101
coarse,1200.0,600.0,91.0,1210.47144386237,-599.9086170938348,47.17706090481084,47.15841173160516,1.0,True,False,False,False,101
coarse,1200.0,600.0,91.05,1210.9949588376617,-599.8992506080984,47.19475284381855,47.17491342544381,1.0,True,False,False,False,101
coarse,1200.0,600.0,91.1,1211.5184654398138,-599.8894272729865,47.21247598661075,47.191909936924816,1.0,True,False,False,False,101
coarse,1200.0,600.0,91.15,1212.0419632701535,-599.8791470959799,47.2302303691737,47.208937117482606,1.0,True,False,False,False,101
coarse,1200.0,600.0,91.2,1212.5654519300142,-599.8684100849073,47.24801602761909,47.22599500066817,1.0,True,False,False,False,101
coarse,1200.0,600.0,91.25,1213.0889310207367,-599.8572162479455,47.26583299818307,47.243083620153634,1.0,True,False,False,False,101
coarse,1200.0,600.0,91.3,1213.6124001436688,-599.845565593619,47.28368131722777,47.260203009732436,1.0,True,False,False,False,101
coarse,1200.0,600.0,91.35,1214.1358589001659,-599.8334581308003,47.301561021240815,47.27735320331952,1.0,True,False,False,False,101
coarse,1200.0,600.0,91.4,1214.6593068915918,-599.8208938687098,47.319472146835636,47.294534234951534,1.0,True,False,False,False,101
coarse,1200.0,600.0,91.45,1215.1827437193178,-599.8078728169158,47.33741473075188,47.31174613878714,1.0,True,False,False,False,101
coarse,1200.0,600.0,91.5,1215.7061689847237,-599.7943949853344,47.35538880985594,47.3289889491071,1.0,True,False,False,False,101
coarse,1200.0,600.0,91.55,1216.229582289199,-599.7804603842294,47.373394421139686,47.34626270031451,1.0,True,False,False,False,101
coarse,1200.0,600.0,91.6,1216.7529832341413,-599.7660690242126,47.391431601723085,47.363567426935106,1.0,True,False,False,False,101
coarse,1200.0,600.0,91.65,1217.2763714209582,-599.7512209162438,47.40950038885262,47.38090316361734,1.0,True,False,False,False,101
coarse,1200.0,600.0,91.7,1217.7997464510665,-599.7359160716304,47.42760081990179,47.398269945132675,1.0,True,False,False,False,101
coarse,1200.0,600.0,91.75,1218.3231079258935,-599.7201545020278,47.44573293237211,47.41566780637581,1.0,True,False,False,False,101
coarse,1200.0,600.0,91.8,1218.846455446877,-599.703936219439,47.46389676389268,47.433096782364856,1.0,True,False,False,False,101
coarse,1200.0,600.0,91.85,1219.3697886154646,-599.6872612362149,47.48209235222038,47.45055690824153,1.0,True,False,False,False,101
coarse,1200.0,600.0,91.9,1219.893107033116,-599.6701295650544,47.50031973524109,47.46804821927151,1.0,True,False,False,False,101
coarse,1200.0,600.0,91.95,1220.4164103013004,-599.6525412190038,47.5185789509685,47.48557075084438,1.0,True,False,False,False,101
coarse,1200.0,600.0,92.0,1220.9396980215006,-599.6344962114574,47.53687003754546,47.503124538474275,1.0,True,False,False,False,101
coarse,1200.0,600.0,92.05,1221.4629697952098,-599.6159945561575,47.55519303324348,47.52070961779963,1.0,True,False,False,False,101
coarse,1200.0,600.0,92.1,1221.9862252239336,-599.5970362671937,47.573547976463175,47.53832602458375,1.0,True,False,False,False,101
coarse,1200.0,600.0,92.15,1222.5094639091908,-599.5776213590037,47.59193490573532,47.55597379471486,1.0,True,False,False,False,101
coarse,1200.0,600.0,92.2,1223.032685452512,-599.5577498463726,47.610353859720526,47.57365296420643,1.0,True,False,False,False,101
coarse,1200.0,600.0,92.25,1223.555889455441,-599.5374217444337,47.628804877208395,47.591363569197306,1.0,True,False,False,False,101
coarse,1200.0,600.0,92.3,1224.0790755195358,-599.5166370686676,47.64728799711975,47.60910564595206,1.0,True,False,False,False,101
coarse,1200.0,600.0,92.35,1224.602243246367,-599.4953958349026,47.66580325850537,47.62687923086104,1.0,True,False,False,False,101
coarse,1200.0,600.0,92.4,1225.1253922375197,-599.473698059315,47.68435070054681,47.644684360440806,1.0,True,False,False,False,101
coarse,1200.0,600.0,92.45,1225.6485220945933,-599.4515437584286,47.7029303625576,47.662521071334254,1.0,True,False,False,False,101
coarse,1200.0,600.0,92.5,1226.1716324192016,-599.4289329491147,47.7215422839808,47.680389400310794,1.0,True,False,False,False,101
coarse,1200.0,600.0,92.55,1226.6947228129732,-599.4058656485925,47.74018650439295,47.698289384266694,1.0,True,False,False,False,101
coarse,1200.0,600.0,92.6,1227.217792877552,-599.3823418744289,47.7588630635006,47.716221060225294,1.0,True,False,False,False,101
coarse,1200.0,600.0,92.65,1227.7408422145982,-599.3583616445379,47.77757200114408,47.73418446533722,1.0,True,False,False,False,101
coarse,1200.0,600.0,92.7,1228.2638704257856,-599.333924977182,47.79631335729475,47.75217963688057,1.0,True,False,False,False,101
coarse,1200.0,600.0,92.75,1228.7868771128065,-599.3090318909703,47.815087172056884,47.77020661226127,1.0,True,False,False,False,101
coarse,1200.0,600.0,92.8,1229.309861877368,-599.2836824048604,47.83389348566873,47.788265429013194,1.0,True,False,False,False,101
coarse,1200.0,600.0,92.85,1229.8328243211947,-599.2578765381568,47.85273233849959,47.806356124798526,1.0,True,False,False,False,101
coarse,1200.0,600.0,92.9,1230.355764046028,-599.2316143105116,47.871603771053955,47.82447873740789,1.0,True,False,False,False,101
coarse,1200.0,600.0,92.95,1230.8786806536264,-599.2048957419252,47.890507823968825,47.842633304760675,1.0,True,False,False,False,101
coarse,1200.0,600.0,93.0,1231.4015737457662,-599.1777208527443,47.909444538016295,47.860819864905274,1.0,True,False,True,False,101
refined,1200.0,600.0,90.9,1209.4243903870924,-599.9259794889964,47.210206963973256,47.12769467072746,-1.0,True,False,False,False,201
refined,1200.0,600.0,90.91,1209.5290970791225,-599.9243254851871,47.20688677702044,47.130604253346654,-1.0,True,False,False,False,201
refined,1200.0,600.0,90.92,1209.6338034808798,-599.9226532066378,47.20356783096787,47.13354765301069,-1.0,True,False,False,False,201
refined,1200.0,600.0,90.93,1209.7385095891746,-599.9209626533994,47.200250125564224,47.136524870283324,-1.0,True,False,False,False,201
refined,1200.0,600.0,90.94,1209.8432154008171,-599.9192538255237,47.196933660558166,47.13953590572838,-1.0,True,False,False,False,201
refined,1200.0,600.0,90.95,1209.9479209126184,-599.9175267230625,47.19361843569818,47.14258075990989,-1.0,True,False,False,False,201
refined,1200.0,600.0,90.96,1210.0526261213886,-599.9157813460682,47.190304450733294,47.14565943339197,-1.0,True,False,False,False,201
refined,1200.0,600.0,90.97,1210.1573310239387,-599.9140176945945,47.18699170541252,47.148771926738874,-1.0,True,False,False,False,201
refined,1200.0,600.0,90.98,1210.2620356170785,-599.9122357686946,47.18368019948552,47.15191824051501,-1.0,True,False,False,False,201
refined,1200.0,600.0,90.99,1210.3667398976188,-599.910435568423,47.18036993270172,47.1550983752849,-1.0,True,False,False,False,201
refined,1200.0,600.0,91.0,1210.47144386237,-599.9086170938348,47.17706090481084,47.15831233161321,1.0,True,False,False,False,201
refined,1200.0,600.0,91.01,1210.576147508143,-599.9067803449849,47.18059679803258,47.16156011006473,1.0,True,False,False,False,201
refined,1200.0,600.0,91.02,1210.680850831748,-599.9049253219296,47.18413393825757,47.16484171120437,1.0,True,False,False,False,201
refined,1200.0,600.0,91.03,1210.785553829996,-599.9030520247253,47.187672325772205,47.168157135597184,1.0,True,False,False,False,201
refined,1200.0,600.0,91.04,1210.890256499697,-599.901160453429,47.19121196086359,47.17150638380838,1.0,True,False,False,False,201
refined,1200.0,600.0,91.05,1210.9949588376617,-599.8992506080984,47.19475284381855,47.17488945640326,1.0,True,False,False,False,201
refined,1200.0,600.0,91.06,1211.099660840701,-599.8973224887917,47.19829497492446,47.178286304745654,1.0,True,False,False,False,201
refined,1200.0,600.0,91.07,1211.204362505625,-599.8953760955677,47.201838354468975,47.181684378777,1.0,True,False,False,False,201
refined,1200.0,600.0,91.08,1211.309063829245,-599.8934114284854,47.20538298273935,47.185083678764514,1.0,True,False,False,False,201
refined,1200.0,600.0,91.09,1211.413764808371,-599.8914284876049,47.20892886002392,47.18848420497568,1.0,True,False,False,False,201
refined,1200.0,600.0,91.1,1211.5184654398138,-599.8894272729865,47.21247598661075,47.1918859576781,1.0,True,False,False,False,201
coarse,1200.0,800.0,88.0,1172.0804026379992,-799.5126616152766,52.06224660484862,51.20443283186611,-1.0,True,False,True,False,101
coarse,1200.0,800.0,88.05,1172.778119598266,-799.5367216253383,52.039691587186724,51.1828860292161,-1.0,True,False,True,False,101
coarse,1200.0,800.0,88.1,1173.4758572891787,-799.5601727534057,52.01717056867432,51.16137118893568,-1.0,True,False,True,False,101
coarse,1200.0,800.0,88.15,1174.1736151793805,-799.5830149816198,51.99468350005906,51.139888265407514,-1.0,True,False,True,False,101
coarse,1200.0,800.0,88.2,1174.8713927374974,-799.6052482925853,51.9722303322273,51.11843721313917,-1.0,True,False,True,False,101
coarse,1200.0,800.0,88.25,1175.569189432142,-799.6268726693703,51.949811016204094,51.09701798676273,-1.0,True,False,True,False,101
coarse,1200.0,800.0,88.3,1176.2670047319114,-799.6478880955073,51.92742550315201,51.075630541034656,-1.0,True,False,True,False,101
coarse,1200.0,800.0,88.35,1176.9648381053892,-799.6682945549917,51.905073744371435,51.05427483083538,-1.0,True,False,True,False,101
coarse,1200.0,800.0,88.4,1177.662689021145,-799.6880920322835,51.88275569130135,51.03295081116897,-1.0,True,False,True,False,101
coarse,1200.0,800.0,88.45,1178.3605569477347,-799.7072805123058,51.86047129551697,51.011658437163064,-1.0,True,False,True,False,101
coarse,1200.0,800.0,88.5,1179.0584413537015,-799.7258599804458,51.83822050873054,50.99039766406828,-1.0,True,False,True,False,101
coarse,1200.0,800.0,88.55,1179.7563417075762,-799.7438304225545,51.81600328279051,50.96916844725824,-1.0,True,False,True,False,101
coarse,1200.0,800.0,88.6,1180.4542574778775,-799.7611918249465,51.79381956968216,50.94797074222903,-1.0,True,False,True,False,101
coarse,1200.0,800.0,88.65,1181.1521881331118,-799.7779441744004,51.77166932152652,50.9268045045991,-1.0,True,False,True,False,101
coarse,1200.0,800.0,88.7,1181.850133141775,-799.7940874581586,51.74955249057927,50.90566969010887,-1.0,True,False,True,False,101
coarse,1200.0,800.0,88.75,1182.5480919723511,-799.8096216639273,51.72746902923314,50.88456625462049,-1.0,True,False,True,False,101
coarse,1200.0,800.0,88.8,1183.2460640933143,-799.8245467798764,51.70541889001437,50.86349415411759,-1.0,True,False,True,False,101
coarse,1200.0,800.0,88.85,1183.9440489731287,-799.8388627946398,51.68340202558488,50.84245334470499,-1.0,True,False,True,False,101
coarse,1200.0,800.0,88.9,1184.6420460802483,-799.8525696973154,51.661418388739584,50.82144378260842,-1.0,True,False,True,False,101
coarse,1200.0,800.0,88.95,1185.3400548831178,-799.8656674774646,51.63946793240842,50.80046542417418,-1.0,True,False,True,False,101
coarse,1200.0,800.0,89.0,1186.0380748501732,-799.878156125113,51.617550609655595,50.77951822586895,-1.0,True,False,True,False,101
coarse,1200.0,800.0,89.05,1186.736105449842,-799.8900356307499,51.595666373677474,50.75870114436546,-1.0,True,False,False,False,101
coarse,1200.0,800.0,89.1,1187.4341461505433,-799.9013059853285,51.573815177804036,50.7387535416238,-1.0,True,False,False,False,101
coarse,1200.0,800.0,89.15,1188.1321964206893,-799.911967180266,51.551996975498625,50.719859030801096,-1.0,True,False,False,False,101
coarse,1200.0,800.0,89.2,1188.8302557286838,-799.9220192074434,51.53021172035707,50.70197535107798,-1.0,True,False,False,False,101
coarse,1200.0,800.0,89.25,1189.5283235429242,-799.9314620592056,51.50845936610601,50.68514524525293,-1.0,True,False,False,False,101
coarse,1200.0,800.0,89.3,1190.2263993318022,-799.9402957283615,51.486739866606,50.66932617591749,-1.0,True,False,False,False,101
coarse,1200.0,800.0,89.35,1190.9244825637022,-799.948520208184,51.46505317584775,50.65456116450356,-1.0,True,False,False,False,101
coarse,1200.0,800.0,89.4,1191.6225727070034,-799.9561354924097,51.44339924795421,50.6408073957489,-1.0,True,False,False,False,101
coarse,1200.0,800.0,89.45,1192.32066923008,-799.9631415752392,51.42177803717922,50.628108170974414,-1.0,True,False,False,False,101
coarse,1200.0,800.0,89.5,1193.0187716013008,-799.969538451337,51.400189497906965,50.61642039579699,-1.0,True,False,False,False,101
coarse,1200.0,800.0,89.55,1193.7168792890309,-799.9753261158318,51.378633584652384,50.605787652684576,-1.0,True,False,False,False,101
coarse,1200.0,800.0,89.6,1194.4149917616307,-799.9805045643158,51.35711025206116,50.596166566863516,-1.0,True,False,False,False,101
coarse,1200.0,800.0,89.65,1195.1131084874573,-799.9850737928457,51.33561945490764,50.58760100320946,-1.0,True,False,False,False,101
coarse,1200.0,800.0,89.7,1195.8112289348644,-799.9890337979414,51.314161148097206,50.580047305285746,-1.0,True,False,False,False,101
coarse,1200.0,800.0,89.75,1196.5093525722027,-799.9923845765876,51.292735286663294,50.573549621639195,-1.0,True,False,False,False,101
coarse,1200.0,800.0,89.8,1197.207478867821,-799.9951261262323,51.27134182576929,50.56806401289539,-1.0,True,False,False,False,101
coarse,1200.0,800.0,89.85,1197.9056072900655,-799.9972584447878,51.24998072070703,50.56363491253781,-1.0,True,False,False,False,101
coarse,1200.0,800.0,89.9,1198.6037373072813,-799.9987815306301,51.22865192689672,50.56021809697698,-1.0,True,False,False,False,101
coarse,1200.0,800.0,89.95,1199.301868387812,-799.9996953825995,51.207355399887085,50.55785828590154,-1.0,True,False,False,False,101
coarse,1200.0,800.0,90.0,1200.0,-800.0,51.186091095354385,50.55651097022704,-1.0,True,False,False,False,101
coarse,1200.0,800.0,90.05,1200.698131612188,-799.9996953825995,51.16485896910286,50.556221157117974,-1.0,True,False,False,False,101
coarse,1200.0,800.0,90.1,1201.3962626927184,-799.9987815306301,51.143658977063886,50.55694405071254,-1.0,True,False,False,False,101
coarse,1200.0,800.0,90.15,1202.0943927099345,-799.9972584447878,51.12249107529654,50.55872494692451,-1.0,True,False,False,False,101
coarse,1200.0,800.0,90.2,1202.792521132179,-799.9951261262323,51.10135521998558,50.56151876182988,-1.0,True,False,False,False,101
coarse,1200.0,800.0,90.25,1203.490647427797,-799.9923845765876,51.08025136744351,50.565371081367516,-1.0,True,False,False,False,101
coarse,1200.0,800.0,90.3,1204.1887710651356,-799.9890337979414,51.05917947410855,50.570236532263785,-1.0,True,False,False,False,101
coarse,1200.0,800.0,90.35,1204.8868915125424,-799.9850737928457,51.038139496544574,50.57616099176096,-1.0,True,False,False,False,101
coarse,1200.0,800.0,90.4,1205.5850082383695,-799.9805045643158,51.017131391442305,50.583098795946,-1.0,True,False,False,False,101
coarse,1200.0,800.0,90.45,1206.2831207109691,-799.9753261158318,50.996155115617334,50.59109611464541,-1.0,True,False,False,False,101
coarse,1200.0,800.0,90.5,1206.9812283986992,-799.969538451337,50.975210626009684,50.600106992014375,-1.0,True,False,False,False,101
coarse,1200.0,800.0,90.55,1207.6793307699202,-799.9631415752392,50.95429787968571,50.610177891746915,-1.0,True,False,False,False,101
coarse,1200.0,800.0,90.6,1208.3774272929966,-799.9561354924097,50.93341683383558,50.621262564771655,-1.0,True,False,False,False,101
coarse,1200.0,800.0,90.65,1209.075517436298,-799.948520208184,50.91256744577455,50.63340776993601,-1.0,True,False,False,False,101
coarse,1200.0,800.0,90.7,1209.7736006681978,-799.9402957283615,50.891749672941195,50.64656696364462,-1.0,True,False,False,False,101
coarse,1200.0,800.0,90.75,1210.4716764570755,-799.9314620592056,50.8709634728986,50.660787201186565,-1.0,True,False,False,False,101
coarse,1200.0,800.0,90.8,1211.1697442713162,-799.9220192074434,50.8502088033332,50.6760216431428,-1.0,True,False,False,False,101
coarse,1200.0,800.0,90.85,1211.8678035793107,-799.911967180266,50.82948562205531,50.69231764253486,-1.0,True,False,False,False,101
coarse,1200.0,800.0,90.9,1212.5658538494565,-799.9013059853285,50.808793886998004,50.70962806281779,-1.0,True,False,False,False,101
coarse,1200.0,800.0,90.95,1213.263894550158,-799.8900356307499,50.78813355621766,50.72800055603865,-1.0,True,False,False,False,101
coarse,1200.0,800.0,91.0,1213.9619251498268,-799.878156125113,50.767504587892375,50.74738768722197,1.0,True,False,False,False,101
coarse,1200.0,800.0,91.05,1214.6599451168822,-799.8656674774646,50.789187831941845,50.76783740873603,1.0,True,False,False,False,101
coarse,1200.0,800.0,91.1,1215.3579539197517,-799.8525696973154,50.810902823464225,50.78876927655292,1.0,True,False,False,False,101
coarse,1200.0,800.0,91.15,1216.0559510268713,-799.8388627946398,50.83264960839046,50.80973224394465,1.0,True,False,False,False,101
coarse,1200.0,800.0,91.2,1216.7539359066855,-799.8245467798764,50.8544282327766,50.8307263542884,1.0,True,False,False,False,101
coarse,1200.0,800.0,91.25,1217.4519080276489,-799.8096216639273,50.87623874280154,50.85175165108107,1.0,True,False,False,False,101
coarse,1200.0,800.0,91.3,1218.1498668582249,-799.7940874581586,50.898081184771655,50.87280817793942,1.0,True,False,False,False,101
coarse,1200.0,800.0,91.35,1218.847811866888,-799.7779441744004,50.9199556051168,50.89389597860051,1.0,True,False,False,False,101
coarse,1200.0,800.0,91.4,1219.5457425221225,-799.7611918249465,50.94186205039319,50.91501509692164,1.0,True,False,False,False,101
coarse,1200.0,800.0,91.45,1220.2436582924236,-799.7438304225545,50.96380056728308,50.93616557688103,1.0,True,False,False,False,101
coarse,1200.0,800.0,91.5,1220.9415586462985,-799.7258599804458,50.98577120259451,50.95734746257785,1.0,True,False,False,False,101
coarse,1200.0,800.0,91.55,1221.6394430522655,-799.7072805123058,51.0077740032619,50.9785607982325,1.0,True,False,False,False,101
coarse,1200.0,800.0,91.6,1222.3373109788552,-799.6880920322835,51.0298090163475,50.99980562818703,1.0,True,False,False,False,101
coarse,1200.0,800.0,91.65,1223.0351618946108,-799.6682945549917,51.05187628903962,51.021081996905295,1.0,True,False,False,False,101
coarse,1200.0,800.0,91.7,1223.7329952680886,-799.6478880955073,51.0739758686542,51.04238994897323,1.0,True,False,False,False,101
coarse,1200.0,800.0,91.75,1224.430810567858,-799.6268726693703,51.096107802635146,51.06372952909923,1.0,True,False,False,False,101
coarse,1200.0,800.0,91.8,1225.1286072625026,-799.6052482925853,51.118272138554445,51.08510078211438,1.0,True,False,False,False,101
coarse,1200.0,800.0,91.85,1225.8263848206195,-799.5830149816198,51.140468924112156,51.10650375297262,1.0,True,False,False,False,101
coarse,1200.0,800.0,91.9,1226.524142710821,-799.5601727534057,51.16269820713739,51.12793848675135,1.0,True,False,False,False,101
coarse,1200.0,800.0,91.95,1227.221880401734,-799.5367216253383,51.18496003558742,51.149405028651216,1.0,True,False,False,False,101
coarse,1200.0,800.0,92.0,1227.9195973620008,-799.5126616152766,51.20725445754978,51.17090342399699,1.0,True,False,False,False,101
coarse,1200.0,800.0,92.05,1228.6172930602795,-799.4879927415434,51.229581521241066,51.19243371823739,1.0,True,False,False,False,101
coarse,1200.0,800.0,92.1,1229.3149669652448,-799.462715022925,51.251941275007724,51.213995956945595,1.0,True,False,False,False,101
coarse,1200.0,800.0,92.15,1230.0126185455879,-799.4368284786717,51.274333767326915,51.235590185819454,1.0,True,False,False,False,101
coarse,1200.0,800.0,92.2,1230.710247270016,-799.410333128497,51.29675904680546,51.25721645068177,1.0,True,False,False,False,101
coarse,1200.0,800.0,92.25,1231.4078526072549,-799.3832289925783,51.31921716218221,51.278874797480654,1.0,True,False,False,False,101
coarse,1200.0,800.0,92.3,1232.1054340260478,-799.3555160915568,51.34170816232638,51.30056527228987,1.0,True,False,False,False,101
coarse,1200.0,800.0,92.35,1232.8029909951558,-799.3271944465369,51.36423209623856,51.32228792130893,1.0,True,False,False,False,101
coarse,1200.0,800.0,92.4,1233.5005229833596,-799.2982640790867,51.38678901305192,51.34404279086361,1.0,True,False,False,False,101
coarse,1200.0,800.0,92.45,1234.1980294594578,-799.2687250112381,51.40937896203115,51.36582992740608,1.0,True,False,False,False,101
coarse,1200.0,800.0,92.5,1234.8955098922688,-799.2385772654862,51.43200199257371,51.387649377515324,1.0,True,False,False,False,101
coarse,1200.0,800.0,92.55,1235.5929637506308,-799.20782086479,51.454658154209895,51.40950118789739,1.0,True,False,False,False,101
coarse,1200.0,800.0,92.6,1236.290390503403,-799.1764558325718,51.47734749660313,51.43138540538563,1.0,True,False,False,False,101
coarse,1200.0,800.0,92.65,1236.9877896194641,-799.1444821927173,51.50007006954957,51.453302076941135,1.0,True,False,False,False,101
coarse,1200.0,800.0,92.7,1237.6851605677143,-799.111899969576,51.52282592298043,51.47525124965298,1.0,True,False,False,False,101
coarse,1200.0,800.0,92.75,1238.3825028170752,-799.0787091879605,51.54561510696041,51.49723297073847,1.0,True,False,False,False,101
coarse,1200.0,800.0,92.8,1239.0798158364905,-799.0449098731473,51.56843767168864,51.51924728754357,1.0,True,False,False,False,101
coarse,1200.0,800.0,92.85,1239.7770990949261,-799.0105020508757,51.59129366749921,51.541294247543085,1.0,True,False,False,False,101
coarse,1200.0,800.0,92.9,1240.4743520613708,-798.9754857473489,51.61418314486088,51.56337389834103,1.0,True,False,False,False,101
coarse,1200.0,800.0,92.95,1241.1715742048352,-798.9398609892336,51.637106154378806,51.58548628767095,1.0,True,False,False,False,101
coarse,1200.0,800.0,93.0,1241.8687649943552,-798.9036278036591,51.660062746793166,51.60763146339621,1.0,True,False,True,False,101
refined,1200.0,800.0,90.9,1212.5658538494565,-799.9013059853285,50.808793886998004,50.70934050200572,-1.0,True,False,False,False,201
refined,1200.0,800.0,90.91,1212.7054627721632,-799.899100646916,50.804659309840034,50.71294694123203,-1.0,True,False,False,False,201
refined,1200.0,800.0,90.92,1212.8450713078396,-799.8968709421837,50.80052598851738,50.71659511433338,-1.0,True,False,False,False,201
refined,1200.0,800.0,90.93,1212.9846794522325,-799.8946168711993,50.796393922695785,50.72028502278472,-1.0,True,False,False,False,201
refined,1200.0,800.0,90.94,1213.1242872010896,-799.8923384340316,50.79226311204087,50.72401666806158,-1.0,True,False,False,False,201
refined,1200.0,800.0,90.95,1213.263894550158,-799.8900356307499,50.78813355621766,50.72779005164002,-1.0,True,False,False,False,201
refined,1200.0,800.0,90.96,1213.4035014951849,-799.8877084614243,50.784005254892136,50.73160517499647,-1.0,True,False,False,False,201
refined,1200.0,800.0,90.97,1213.543108031918,-799.885356926126,50.77987820773056,50.73546203960802,-1.0,True,False,False,False,201
refined,1200.0,800.0,90.98,1213.6827141561046,-799.8829810249262,50.775752414398916,50.73936064695207,-1.0,True,False,False,False,201
refined,1200.0,800.0,90.99,1213.8223198634917,-799.8805807578974,50.771627874563954,50.74330099850666,-1.0,True,False,False,False,201
refined,1200.0,800.0,91.0,1213.9619251498268,-799.878156125113,50.767504587892375,50.74728309575027,1.0,True,False,False,False,201
refined,1200.0,800.0,91.01,1214.1015300108575,-799.8757071266466,50.771838699104535,50.75130694016186,1.0,True,False,False,False,201
refined,1200.0,800.0,91.02,1214.2411344423308,-799.8732337625728,50.77617407874966,50.755372533220935,1.0,True,False,False,False,201
refined,1200.0,800.0,91.03,1214.3807384399945,-799.8707360329671,50.78051072719292,50.75947987640741,1.0,True,False,False,False,201
refined,1200.0,800.0,91.04,1214.520341999596,-799.8682139379054,50.784848644801805,50.763628971201776,1.0,True,False,False,False,201
refined,1200.0,800.0,91.05,1214.6599451168822,-799.8656674774646,50.789187831941845,50.76781161417137,1.0,True,False,False,False,201
refined,1200.0,800.0,91.06,1214.7995477876013,-799.8630966517223,50.793528288980525,50.771995499389476,1.0,True,False,False,False,201
refined,1200.0,800.0,91.07,1214.9391500075,-799.8605014607568,50.7978700162849,50.77618062720172,1.0,True,False,False,False,201
refined,1200.0,800.0,91.08,1215.0787517723265,-799.8578819046472,50.80221301422173,50.78036699795394,1.0,True,False,False,False,201
refined,1200.0,800.0,91.09,1215.218353077828,-799.8552379834732,50.80655728315908,50.784554611992284,1.0,True,False,False,False,201
refined,1200.0,800.0,91.1,1215.3579539197517,-799.8525696973154,50.810902823464225,50.788743469662926,1.0,True,False,False,False,201
coarse,1200.0,1000.0,88.0,1165.100503297499,-999.3908270190958,56.509663370639366,55.51643967945277,-1.0,True,False,True,False,101
coarse,1200.0,1000.0,88.05,1165.9726494978324,-999.4209020316729,56.48371237707438,55.49170451721256,-1.0,True,False,True,False,101
coarse,1200.0,1000.0,88.1,1166.8448216114734,-999.450215941757,56.45779726020585,55.467002945015416,-1.0,True,False,True,False,101
coarse,1200.0,1000.0,88.15,1167.7170189742258,-999.4787687270248,56.43191796197926,55.4423349092878,-1.0,True,False,True,False,101
coarse,1200.0,1000.0,88.2,1168.5892409218718,-999.5065603657316,56.40607442448546,55.41770035658467,-1.0,True,False,True,False,101
coarse,1200.0,1000.0,88.25,1169.4614867901773,-999.5335908367128,56.38026658995797,55.39309923358906,-1.0,True,False,True,False,101
coarse,1200.0,1000.0,88.3,1170.3337559148893,-999.559860119384,56.35449440077359,55.36853148711195,-1.0,True,False,True,False,101
coarse,1200.0,1000.0,88.35,1171.2060476317365,-999.5853681937397,56.32875779945191,55.34399706409179,-1.0,True,False,True,False,101
coarse,1200.0,1000.0,88.4,1172.0783612764312,-999.6101150403543,56.30305672865566,55.31949591159409,-1.0,True,False,True,False,101
coarse,1200.0,1000.0,88.45,1172.9506961846682,-999.6341006403823,56.27739113118936,55.29502797681125,-1.0,True,False,True,False,101
coarse,1200.0,1000.0,88.5,1173.823051692127,-999.6573249755572,56.251760949998825,55.27059320706199,-1.0,True,False,True,False,101
coarse,1200.0,1000.0,88.55,1174.6954271344703,-999.6797880281931,56.22616612817141,55.246191549791334,-1.0,True,False,True,False,101
coarse,1200.0,1000.0,88.6,1175.5678218473467,-999.7014897811831,56.200606608935914,55.221822952569916,-1.0,True,False,True,False,101
coarse,1200.0,1000.0,88.65,1176.4402351663898,-999.7224302180006,56.1750823356616,55.19748736309386,-1.0,True,False,True,False,101
coarse,1200.0,1000.0,88.7,1177.3126664272186,-999.7426093226983,56.149593251857034,55.173184729184406,-1.0,True,False,True,False,101
coarse,1200.0,1000.0,88.75,1178.1851149654387,-999.7620270799091,56.12413930117153,55.14891499878757,-1.0,True,False,True,False,101
coarse,1200.0,1000.0,88.8,1179.0575801166428,-999.7806834748455,56.09872042739336,55.1246781199737,-1.0,True,False,True,False,101
coarse,1200.0,1000.0,88.85,1179.9300612164109,-999.7985784932998,56.07333657445028,55.10047404093731,-1.0,True,False,True,False,101
coarse,1200.0,1000.0,88.9,1180.8025576003104,-999.8157121216442,56.04798768640853,55.07630270999672,-1.0,True,False,True,False,101
coarse,1200.0,1000.0,88.95,1181.6750686038972,-999.8320843468308,56.02267370747222,55.05216407559355,-1.0,True,False,True,False,101
coarse,1200.0,1000.0,89.0,1182.5475935627164,-999.8476951563913,55.99739458198492,55.02805808629267,-1.0,True,False,True,False,101
coarse,1200.0,1000.0,89.05,1183.4201318123023,-999.8625445384374,55.972150254425486,55.00411940903326,-1.0,True,False,False,False,101
coarse,1200.0,1000.0,89.1,1184.2926826881792,-999.8766324816606,55.946940669412086,54.9812201681915,-1.0,True,False,False,False,101
coarse,1200.0,1000.0,89.15,1185.1652455258616,-999.8899589753325,55.92176577169872,54.95950963364096,-1.0,True,False,False,False,101
coarse,1200.0,1000.0,89.2,1186.0378196608547,-999.9025240093042,55.89662550617648,54.93898090058179,-1.0,True,False,False,False,101
coarse,1200.0,1000.0,89.25,1186.9104044286555,-999.914327574007,55.87151981787159,54.919641623515425,-1.0,True,False,False,False,101
coarse,1200.0,1000.0,89.3,1187.782999164753,-999.925369660452,55.846448651947085,54.901484735089,-1.0,True,False,False,False,101
coarse,1200.0,1000.0,89.35,1188.6556032046276,-999.93565026023,55.82141195370072,54.884518055365916,-1.0,True,False,False,False,101
coarse,1200.0,1000.0,89.4,1189.5282158837545,-999.9451693655121,55.79640966856592,54.86873435278732,-1.0,True,False,False,False,101
coarse,1200.0,1000.0,89.45,1190.4008365375998,-999.9539269690489,55.77144174211008,54.854141614621064,-1.0,True,False,False,False,101
coarse,1200.0,1000.0,89.5,1191.273464501626,-999.9619230641713,55.74650812003551,54.84073244344461,-1.0,True,False,False,False,101
coarse,1200.0,1000.0,89.55,1192.1460991112885,-999.9691576447897,55.7216087481786,54.82851499537735,-1.0,True,False,False,False,101
coarse,1200.0,1000.0,89.6,1193.0187397020384,-999.9756307053948,55.696743572508744,54.817481705471245,-1.0,True,False,False,False,101
coarse,1200.0,1000.0,89.65,1193.8913856093218,-999.9813422410571,55.671912539129224,54.807640900348204,-1.0,True,False,False,False,101
coarse,1200.0,1000.0,89.7,1194.7640361685806,-999.9862922474267,55.64711559427614,54.79898484586897,-1.0,True,False,False,False,101
coarse,1200.0,1000.0,89.75,1195.6366907152535,-999.9904807207345,55.62235268431773,54.79152204081315,-1.0,True,False,False,False,101
coarse,1200.0,1000.0,89.8,1196.5093485847763,-999.9939076577904,55.597623755755144,54.78524458018017,-1.0,True,False,False,False,101
coarse,1200.0,1000.0,89.85,1197.382009112582,-999.9965730559848,55.57292875522107,54.78016113656673,-1.0,True,False,False,False,101
coarse,1200.0,1000.0,89.9,1198.2546716341017,-999.9984769132877,55.54826762947978,54.77626363243685,-1.0,True,False,False,False,101
coarse,1200.0,1000.0,89.95,1199.127335484765,-999.9996192282495,55.52364032542662,54.7735609158679,-1.0,True,False,False,False,101
coarse,1200.0,1000.0,90.0,1200.0,-1000.0,55.49904679008758,54.77204473510999,-1.0,True,False,False,False,101
coarse,1200.0,1000.0,90.05,1200.872664515235,-999.9996192282495,55.47448697062037,54.77172411538912,-1.0,True,False,False,False,101
coarse,1200.0,1000.0,90.1,1201.745328365898,-999.9984769132877,55.44996081431165,54.77259062905898,-1.0,True,False,False,False,101
coarse,1200.0,1000.0,90.15,1202.617990887418,-999.9965730559848,55.425468268578044,54.774653480166094,-1.0,True,False,False,False,101
coarse,1200.0,1000.0,90.2,1203.4906514152237,-999.9939076577904,55.40100928096633,54.777904063480975,-1.0,True,False,False,False,101
coarse,1200.0,1000.0,90.25,1204.3633092847465,-999.9904807207345,55.37658379915183,54.782351763546814,-1.0,True,False,False,False,101
coarse,1200.0,1000.0,90.3,1205.2359638314194,-999.9862922474267,55.35219177093936,54.787987795860374,-1.0,True,False,False,False,101
coarse,1200.0,1000.0,90.35,1206.1086143906782,-999.9813422410571,55.32783314426104,54.79482172714164,-1.0,True,False,False,False,101
coarse,1200.0,1000.0,90.4,1206.9812602979616,-999.9756307053948,55.303507867178645,54.80284459191851,-1.0,True,False,False,False,101
coarse,1200.0,1000.0,90.45,1207.8539008887115,-999.9691576447897,55.279215887881406,54.81206614077243,-1.0,True,False,False,False,101
coarse,1200.0,1000.0,90.5,1208.726535498374,-999.9619230641713,55.2549571546848,54.822477225563425,-1.0,True,False,False,False,101
coarse,1200.0,1000.0,90.55,1209.5991634624002,-999.9539269690489,55.2307316160331,54.83408778242268,-1.0,True,False,False,False,101
coarse,1200.0,1000.0,90.6,1210.4717841162458,-999.9451693655121,55.20653922049621,54.846888478839375,-1.0,True,False,False,False,101
coarse,1200.0,1000.0,90.65,1211.3443967953724,-999.93565026023,55.182379916771964,54.86088943818722,-1.0,True,False,False,False,101
coarse,1200.0,1000.0,90.7,1212.2170008352473,-999.925369660452,55.158253653682955,54.87608114187714,-1.0,True,False,False,False,101
coarse,1200.0,1000.0,90.75,1213.0895955713445,-999.914327574007,55.13416038017851,54.89247390222204,-1.0,True,False,False,False,101
coarse,1200.0,1000.0,90.8,1213.9621803391453,-999.9025240093042,55.11010004533331,54.91005801284351,-1.0,True,False,False,False,101
coarse,1200.0,1000.0,90.85,1214.8347544741382,-999.8899589753325,55.086072598347016,54.92884397669439,-1.0,True,False,False,False,101
coarse,1200.0,1000.0,90.9,1215.7073173118208,-999.8766324816606,55.062077988544644,54.948821897891555,-1.0,True,False,False,False,101
coarse,1200.0,1000.0,90.95,1216.5798681876975,-999.8625445384374,55.0381161653759,54.970002471732755,-1.0,True,False,False,False,101
coarse,1200.0,1000.0,91.0,1217.4524064372836,-999.8476951563913,55.01418707841416,54.99237561111079,1.0,True,False,False,False,101
coarse,1200.0,1000.0,91.05,1218.3249313961028,-999.8320843468308,55.039089174029066,55.01595220537713,1.0,True,False,False,False,101
coarse,1200.0,1000.0,91.1,1219.1974423996894,-999.8157121216442,55.06402459119453,55.04003835785279,1.0,True,False,False,False,101
coarse,1200.0,1000.0,91.15,1220.0699387835891,-999.7985784932998,55.08899338388457,55.06415709169686,1.0,True,False,False,False,101
coarse,1200.0,1000.0,91.2,1220.942419883357,-999.7806834748455,55.113995606202046,55.088308458155375,1.0,True,False,False,False,101
coarse,1200.0,1000.0,91.25,1221.814885034561,-999.7620270799091,55.13903131237771,55.11249250859639,1.0,True,False,False,False,101
coarse,1200.0,1000.0,91.3,1222.6873335727812,-999.7426093226983,55.16410055677089,55.136709294510915,1.0,True,False,False,False,101
coarse,1200.0,1000.0,91.35,1223.55976483361,-999.7224302180006,55.18920339386989,55.16095886751291,1.0,True,False,False,False,101
coarse,1200.0,1000.0,91.4,1224.432178152653,-999.7014897811831,55.214339878291476,55.185241279339444,1.0,True,False,False,False,101
coarse,1200.0,1000.0,91.45,1225.3045728655295,-999.6797880281931,55.23951006478361,55.20955658185148,1.0,True,False,False,False,101
coarse,1200.0,1000.0,91.5,1226.176948307873,-999.6573249755572,55.26471400822317,55.23390482703386,1.0,True,False,False,False,101
coarse,1200.0,1000.0,91.55,1227.0493038153318,-999.6341006403823,55.289951763617644,55.25828606699576,1.0,True,False,False,False,101
coarse,1200.0,1000.0,91.6,1227.9216387235688,-999.6101150403543,55.31522338610509,55.282700353971045,1.0,True,False,False,False,101
coarse,1200.0,1000.0,91.65,1228.7939523682637,-999.5853681937397,55.34052893095522,55.30714774031845,1.0,True,False,False,False,101
coarse,1200.0,1000.0,91.7,1229.6662440851107,-999.559860119384,55.36586845356817,55.331628278522125,1.0,True,False,False,False,101
coarse,1200.0,1000.0,91.75,1230.5385132098227,-999.5335908367128,55.391242009476954,55.356142021191836,1.0,True,False,False,False,101
coarse,1200.0,1000.0,91.8,1231.4107590781282,-999.5065603657316,55.416649654345754,55.38068902106346,1.0,True,False,False,False,101
coarse,1200.0,1000.0,91.85,1232.2829810257745,-999.4787687270248,55.44209144397227,55.40526933099907,1.0,True,False,False,False,101
coarse,1200.0,1000.0,91.9,1233.1551783885263,-999.4502159417572,55.467567434286835,55.429883003987484,1.0,True,False,False,False,101
coarse,1200.0,1000.0,91.95,1234.0273505021676,-999.4209020316729,55.49307768135211,55.45453009314447,1.0,True,False,False,False,101
coarse,1200.0,1000.0,92.0,1234.899496702501,-999.3908270190958,55.518622241365584,55.47921065171334,1.0,True,False,False,False,101
coarse,1200.0,1000.0,92.05,1235.7716163253494,-999.3599909269292,55.54420117065847,55.503924733064906,1.0,True,False,False,False,101
coarse,1200.0,1000.0,92.1,1236.6437087065563,-999.3283937786563,55.569814525696145,55.52867239069824,1.0,True,False,False,False,101
coarse,1200.0,1000.0,92.15,1237.5157731819847,-999.2960355983396,55.59546236307849,55.553453678240594,1.0,True,False,False,False,101
coarse,1200.0,1000.0,92.2,1238.3878090875198,-999.2629164106212,55.621144739541286,55.5782686494482,1.0,True,False,False,False,101
coarse,1200.0,1000.0,92.25,1239.2598157590685,-999.2290362407228,55.646861711955836,55.60311735820619,1.0,True,False,False,False,101
coarse,1200.0,1000.0,92.3,1240.1317925325595,-999.1943951144459,55.67261333732796,55.62799985852937,1.0,True,False,False,False,101
coarse,1200.0,1000.0,92.35,1241.003738743945,-999.1589930581711,55.698399672801536,55.652916204562146,1.0,True,False,False,False,101
coarse,1200.0,1000.0,92.4,1241.8756537291997,-999.1228300988583,55.72422077565564,55.67786645057924,1.0,True,False,False,False,101
coarse,1200.0,1000.0,92.45,1242.7475368243222,-999.0859062640476,55.750076703308025,55.702850650985766,1.0,True,False,False,False,101
coarse,1200.0,1000.0,92.5,1243.6193873653358,-999.0482215818578,55.77596751331188,55.72786886031779,1.0,True,False,False,False,101
coarse,1200.0,1000.0,92.55,1244.4912046882887,-999.0097760809875,55.80189326336011,55.7529211332426,1.0,True,False,False,False,101
coarse,1200.0,1000.0,92.6,1245.3629881292536,-998.9705697907148,55.82785401128242,55.7780075245591,1.0,True,False,False,False,101
coarse,1200.0,1000.0,92.65,1246.2347370243301,-998.9306027408966,55.85384981504766,55.80312808919806,1.0,True,False,False,False,101
coarse,1200.0,1000.0,92.7,1247.1064507096428,-998.88987496197,55.87988073276409,55.828282882222624,1.0,True,False,False,False,101
coarse,1200.0,1000.0,92.75,1247.978128521344,-998.8483864849507,55.905946822678175,55.85347195882858,1.0,True,False,False,False,101
coarse,1200.0,1000.0,92.8,1248.8497697956132,-998.8061373414341,55.93204814317818,55.878695374344815,1.0,True,False,False,False,101
coarse,1200.0,1000.0,92.85,1249.7213738686578,-998.7631275635946,55.958184752789876,55.903953184233536,1.0,True,False,False,False,101
coarse,1200.0,1000.0,92.9,1250.5929400767134,-998.7193571841862,55.984356710181665,55.9292454440908,1.0,True,False,False,False,101
coarse,1200.0,1000.0,92.95,1251.464467756044,-998.6748262365419,56.01056407416183,55.95457220964672,1.0,True,False,False,False,101
coarse,1200.0,1000.0,93.0,1252.335956242944,-998.6295347545738,56.0368069036804,55.97993353676602,1.0,True,False,True,False,101
refined,1200.0,1000.0,90.9,1215.7073173118208,-999.8766324816606,55.062077988544644,54.94849036908452,-1.0,True,False,False,False,201
refined,1200.0,1000.0,90.91,1215.881828465204,-999.873875808645,55.057283002595824,54.95265032906988,-1.0,True,False,False,False,201
refined,1200.0,1000.0,90.92,1216.0563391347996,-999.8710886777296,55.05248932770809,54.95685842190157,-1.0,True,False,False,False,201
refined,1200.0,1000.0,90.93,1216.2308493152907,-999.8682710889991,55.047696963477506,54.96111465041265,-1.0,True,False,False,False,201
refined,1200.0,1000.0,90.94,1216.405359001362,-999.8654230425394,55.04290590950145,54.96541901743722,-1.0,True,False,False,False,201
refined,1200.0,1000.0,90.95,1216.5798681876975,-999.8625445384374,55.0381161653759,54.96977152581001,-1.0,True,False,False,False,201
refined,1200.0,1000.0,90.96,1216.7543768689811,-999.8596355767804,55.03332773069838,54.97417217836657,-1.0,True,False,False,False,201
refined,1200.0,1000.0,90.97,1216.9288850398978,-999.8566961576573,55.0285406050661,54.97862097794324,-1.0,True,False,False,False,201
refined,1200.0,1000.0,90.98,1217.1033926951307,-999.8537262811576,55.02375478807603,54.98311792737725,-1.0,True,False,False,False,201
refined,1200.0,1000.0,90.99,1217.2778998293645,-999.8507259473718,55.01897027932586,54.9876630295064,-1.0,True,False,False,False,201
refined,1200.0,1000.0,91.0,1217.4524064372836,-999.8476951563913,55.01418707841416,54.992256287169496,1.0,True,False,False,False,201
refined,1200.0,1000.0,91.01,1217.6269125135716,-999.8446339083082,55.019164834399454,54.996897703206,1.0,True,False,False,False,201
refined,1200.0,1000.0,91.02,1217.8014180529135,-999.841542203216,55.024143921522835,55.00158728045621,1.0,True,False,False,False,201
refined,1200.0,1000.0,91.03,1217.975923049993,-999.8384200412088,55.02912434021531,55.006325021761214,1.0,True,False,False,False,201
refined,1200.0,1000.0,91.04,1218.150427499495,-999.8352674223817,55.034106090907095,55.011110929962854,1.0,True,False,False,False,201
refined,1200.0,1000.0,91.05,1218.3249313961028,-999.8320843468308,55.039089174029066,55.015924252393354,1.0,True,False,False,False,201
refined,1200.0,1000.0,91.06,1218.4994347345016,-999.8288708146529,55.044073590012765,55.02073887602907,1.0,True,False,False,False,201
refined,1200.0,1000.0,91.07,1218.673937509375,-999.8256268259461,55.04905933928957,55.02555480127867,1.0,True,False,False,False,201
refined,1200.0,1000.0,91.08,1218.848439715408,-999.822352380809,55.05404642229073,55.03037202855092,1.0,True,False,False,False,201
refined,1200.0,1000.0,91.09,1219.022941347285,-999.8190474793415,55.05903483944853,55.03519055825482,1.0,True,False,False,False,201
refined,1200.0,1000.0,91.1,1219.1974423996894,-999.8157121216442,55.06402459119453,55.04001039079954,1.0,True,False,False,False,201
coarse,1500.0,200.0,88.0,1493.0201006594998,-199.87816540381914,53.40157699916816,53.12136743843177,-1.0,True,False,True,False,101
coarse,1500.0,200.0,88.05,1493.1945298995665,-199.88418040633456,53.393111664386716,53.113740334940836,-1.0,True,False,True,False,101
coarse,1500.0,200.0,88.1,1493.3689643222947,-199.89004318835143,53.38468717820219,53.10615337911127,-1.0,True,False,True,False,101
coarse,1500.0,200.0,88.15,1493.543403794845,-199.89575374540496,53.376303521905044,53.09860655548663,-1.0,True,False,True,False,101
coarse,1500.0,200.0,88.2,1493.7178481843744,-199.90131207314633,53.36796067694689,53.09109984876685,-1.0,True,False,True,False,101
coarse,1500.0,200.0,88.25,1493.8922973580354,-199.90671816734258,53.35965862494019,53.083633243808144,-1.0,True,False,True,False,101
coarse,1500.0,200.0,88.3,1494.066751182978,-199.9119720238768,53.351397347658214,53.0762067256229,-1.0,True,False,True,False,101
coarse,1500.0,200.0,88.35,1494.2412095263473,-199.91707363874792,53.343176827035364,53.068820279379565,-1.0,True,False,True,False,101
coarse,1500.0,200.0,88.4,1494.4156722552862,-199.92202300807088,53.33499704516606,53.06147389040254,-1.0,True,False,True,False,101
coarse,1500.0,200.0,88.45,1494.5901392369337,-199.92682012807646,53.32685798430585,53.054167544172074,-1.0,True,False,True,False,101
coarse,1500.0,200.0,88.5,1494.7646103384254,-199.93146499511144,53.31875962686999,53.04690122632419,-1.0,True,False,True,False,101
coarse,1500.0,200.0,88.55,1494.939085426894,-199.93595760563863,53.310701955434254,53.0396749226505,-1.0,True,False,True,False,101
coarse,1500.0,200.0,88.6,1495.1135643694693,-199.94029795623663,53.302684952734225,53.0324886190982,-1.0,True,False,True,False,101
coarse,1500.0,200.0,88.65,1495.288047033278,-199.9444860436001,53.29470860166569,53.02534230176992,-1.0,True,False,True,False,101
coarse,1500.0,200.0,88.7,1495.4625332854437,-199.94852186453966,53.2867728852842,53.01823595692362,-1.0,True,False,True,False,101
coarse,1500.0,200.0,88.75,1495.6370229930878,-199.95240541598181,53.27887778680468,53.01116957097252,-1.0,True,False,True,False,101
coarse,1500.0,200.0,88.8,1495.8115160233285,-199.9561366949691,53.271023289601786,53.00414313048501,-1.0,True,False,True,False,101
coarse,1500.0,200.0,88.85,1495.9860122432822,-199.95971569865995,53.263209377209684,52.997156622184484,-1.0,True,False,True,False,101
coarse,1500.0,200.0,88.9,1496.160511520062,-199.96314242432885,53.25543603332173,52.990210032949356,-1.0,True,False,True,False,101
coarse,1500.0,200.0,88.95,1496.3350137207794,-199.96641686936616,53.247703241790376,52.98330334981291,-1.0,True,False,True,False,101
coarse,1500.0,200.0,89.0,1496.5095187125432,-199.96953903127826,53.24001098662728,52.97643655996317,-1.0,True,False,True,False,101
coarse,1500.0,200.0,89.05,1496.6840263624604,-199.97250890768748,53.232359252002915,52.96960965074289,-1.0,True,False,False,False,101
coarse,1500.0,200.0,89.1,1496.858536537636,-199.97532649633212,53.224748022246644,52.962822609649436,-1.0,True,False,False,False,101
coarse,1500.0,200.0,89.15,1497.0330491051723,-199.9779917950665,53.21717728184651,52.956116370546965,-1.0,True,False,False,False,101
coarse,1500.0,200.0,89.2,1497.2075639321708,-199.98050480186086,53.20964701544897,52.94972323867056,-1.0,True,False,False,False,101
coarse,1500.0,200.0,89.25,1497.382080885731,-199.9828655148014,53.2021572078593,52.94366399418069,-1.0,True,False,False,False,101
coarse,1500.0,200.0,89.3,1497.5565998329505,-199.9850739320904,53.19470784404099,52.937948621705765,-1.0,True,False,False,False,101
coarse,1500.0,200.0,89.35,1497.7311206409256,-199.987130052046,53.18729890911559,52.932567197741534,-1.0,True,False,False,False,101
coarse,1500.0,200.0,89.4,1497.9056431767508,-199.98903387310241,53.17993038836307,52.92752957749994,-1.0,True,False,False,False,101
coarse,1500.0,200.0,89.45,1498.08016730752,-199.9907853938098,53.17260226722122,52.92282596764816,-1.0,True,False,False,False,101
coarse,1500.0,200.0,89.5,1498.2546929003252,-199.99238461283426,53.16531453128603,52.91846609207612,-1.0,True,False,False,False,101
coarse,1500.0,200.0,89.55,1498.4292198222577,-199.99383152895794,53.15806716631105,52.91444028952739,-1.0,True,False,False,False,101
coarse,1500.0,200.0,89.6,1498.6037479404076,-199.99512614107894,53.15086015820781,52.91075815066468,-1.0,True,False,False,False,101
coarse,1500.0,200.0,89.65,1498.7782771218644,-199.99626844821142,53.14369349304518,52.9074101482125,-1.0,True,False,False,False,101
coarse,1500.0,200.0,89.7,1498.9528072337162,-199.99725844948534,53.136567157049804,52.90440573770148,-1.0,True,False,False,False,101
coarse,1500.0,200.0,89.75,1499.1273381430508,-199.9980961441469,53.12948113660575,52.901735527741444,-1.0,True,False,False,False,101
coarse,1500.0,200.0,89.8,1499.3018697169553,-199.99878153155808,53.12243541825423,52.899408836826375,-1.0,True,False,False,False,101
coarse,1500.0,200.0,89.85,1499.4764018225164,-199.99931461119695,53.115429988693904,52.897416411355366,-1.0,True,False,False,False,101
coarse,1500.0,200.0,89.9,1499.6509343268203,-199.99969538265753,53.108464834780484,52.89576743088152,-1.0,True,False,False,False,101
coarse,1500.0,200.0,89.95,1499.825467096953,-199.99992384564987,53.101539943526845,52.894452781496945,-1.0,True,False,False,False,101
coarse,1500.0,200.0,90.0,1500.0,-200.0,53.09465530210261,52.89348150190997,-1.0,True,False,False,False,101
coarse,1500.0,200.0,90.05,1500.174532903047,-199.99992384564987,53.08781089783452,52.89284461980906,-1.0,True,False,False,False,101
coarse,1500.0,200.0,90.1,1500.3490656731797,-199.99969538265753,53.081006718206034,52.89255103115428,-1.0,True,False,False,False,101
coarse,1500.0,200.0,90.15,1500.5235981774836,-199.99931461119695,53.07424275085727,52.89259190713344,-1.0,True,False,False,False,101
coarse,1500.0,200.0,90.2,1500.6981302830447,-199.99878153155808,53.06751898358504,52.892975999055196,-1.0,True,False,False,False,101
coarse,1500.0,200.0,90.25,1500.8726618569492,-199.9980961441469,53.06083540434268,52.893694623509425,-1.0,True,False,False,False,101
coarse,1500.0,200.0,90.3,1501.0471927662838,-199.99725844948534,53.054192001239976,52.894756385250496,-1.0,True,False,False,False,101
coarse,1500.0,200.0,90.35,1501.2217228781356,-199.99626844821142,53.04758876254305,52.89615274817275,-1.0,True,False,False,False,101
coarse,1500.0,200.0,90.4,1501.3962520595924,-199.99512614107894,53.041025676674536,52.897892168573854,-1.0,True,False,False,False,101
coarse,1500.0,200.0,90.45,1501.5707801777423,-199.99383152895794,53.03450273221294,52.89996625955457,-1.0,True,False,False,False,101
coarse,1500.0,200.0,90.5,1501.7453070996748,-199.99238461283426,53.028019917893296,52.90238332705383,-1.0,True,False,False,False,101
coarse,1500.0,200.0,90.55,1501.91983269248,-199.9907853938098,53.02157722260647,52.905135135280446,-1.0,True,False,False,False,101
coarse,1500.0,200.0,90.6,1502.0943568232492,-199.98903387310241,53.01517463539941,52.90822983791292,-1.0,True,False,False,False,101
coarse,1500.0,200.0,90.65,1502.2688793590744,-199.987130052046,53.00881214547505,52.91165935216945,-1.0,True,False,False,False,101
coarse,1500.0,200.0,90.7,1502.4434001670495,-199.9850739320904,53.002489742192125,52.91543167756676,-1.0,True,False,False,False,101
coarse,1500.0,200.0,90.75,1502.617919114269,-199.9828655148014,52.99620741506522,52.919538886233376,-1.0,True,False,False,False,101
coarse,1500.0,200.0,90.8,1502.7924360678292,-199.98050480186086,52.989965153764615,52.92398882162331,-1.0,True,False,False,False,101
coarse,1500.0,200.0,90.85,1502.9669508948277,-199.9779917950665,52.98376294811633,52.92877371267604,-1.0,True,False,False,False,101
coarse,1500.0,200.0,90.9,1503.141463462364,-199.97532649633212,52.97760078810188,52.933901244882264,-1.0,True,False,False,False,101
coarse,1500.0,200.0,90.95,1503.3159736375394,-199.97250890768748,52.97147866385847,52.939363805892675,-1.0,True,False,False,False,101
coarse,1500.0,200.0,91.0,1503.4904812874568,-199.96953903127826,52.96539656567856,52.945168921334485,1.0,True,False,False,False,101
coarse,1500.0,200.0,91.05,1503.6649862792206,-199.96641686936616,52.973057330137856,52.95130913946937,1.0,True,False,False,False,101
coarse,1500.0,200.0,91.1,1503.839488479938,-199.96314242432885,52.98075813384904,52.95779182416138,1.0,True,False,False,False,101
coarse,1500.0,200.0,91.15,1504.0139877567178,-199.95971569865995,52.98849899260724,52.96460968618271,1.0,True,False,False,False,101
coarse,1500.0,200.0,91.2,1504.1884839766715,-199.9561366949691,52.99627992236317,52.97157978452487,1.0,True,False,False,False,101
coarse,1500.0,200.0,91.25,1504.3629770069122,-199.95240541598181,53.00410093922335,52.97858969245397,1.0,True,False,False,False,101
coarse,1500.0,200.0,91.3,1504.5374667145563,-199.94852186453966,53.01196205945008,52.98563942315165,1.0,True,False,False,False,101
coarse,1500.0,200.0,91.35,1504.711952966722,-199.9444860436001,53.01986329946153,52.99272898995341,1.0,True,False,False,False,101
coarse,1500.0,200.0,91.4,1504.8864356305305,-199.94029795623663,53.02780467583183,52.99985840634876,1.0,True,False,False,False,101
coarse,1500.0,200.0,91.45,1505.060914573106,-199.93595760563863,53.0357862052917,53.007027685981306,1.0,True,False,False,False,101
coarse,1500.0,200.0,91.5,1505.2353896615746,-199.93146499511144,53.04380790472771,53.0142368426488,1.0,True,False,False,False,101
coarse,1500.0,200.0,91.55,1505.4098607630663,-199.92682012807646,53.051869791183016,53.02148589030333,1.0,True,False,False,False,101
coarse,1500.0,200.0,91.6,1505.5843277447138,-199.92202300807088,53.05997188185753,53.02877484305134,1.0,True,False,False,False,101
coarse,1500.0,200.0,91.65,1505.7587904736527,-199.91707363874792,53.06811419410762,53.03610371515369,1.0,True,False,False,False,101
coarse,1500.0,200.0,91.7,1505.933248817022,-199.9119720238768,53.07629674544651,53.043472521025926,1.0,True,False,False,False,101
coarse,1500.0,200.0,91.75,1506.1077026419646,-199.90671816734258,53.08451955354446,53.050881275238204,1.0,True,False,False,False,101
coarse,1500.0,200.0,91.8,1506.2821518156256,-199.90131207314633,53.09278263622872,53.05832999251548,1.0,True,False,False,False,101
coarse,1500.0,200.0,91.85,1506.456596205155,-199.89575374540496,53.10108601148381,53.065818687737604,1.0,True,False,False,False,101
coarse,1500.0,200.0,91.9,1506.6310356777053,-199.89004318835143,53.109429697451645,53.07334737593943,1.0,True,False,False,False,101
coarse,1500.0,200.0,91.95,1506.8054701004335,-199.88418040633456,53.11781371243142,53.08091607231088,1.0,True,False,False,False,101
coarse,1500.0,200.0,92.0,1506.9798993405002,-199.87816540381914,53.12623807488042,53.088524792197155,1.0,True,False,False,False,101
coarse,1500.0,200.0,92.05,1507.15432326507,-199.87199818538585,53.134702803413184,53.09617355109873,1.0,True,False,False,False,101
coarse,1500.0,200.0,92.1,1507.3287417413112,-199.86567875573124,53.143207916802474,53.10386236467157,1.0,True,False,False,False,101
coarse,1500.0,200.0,92.15,1507.5031546363969,-199.85920711966793,53.15175343397903,53.11159124872713,1.0,True,False,False,False,101
coarse,1500.0,200.0,92.2,1507.677561817504,-199.85258328212424,53.16033937403168,53.11936021923258,1.0,True,False,False,False,101
coarse,1500.0,200.0,92.25,1507.8519631518136,-199.84580724814458,53.168965756207946,53.12716929231088,1.0,True,False,False,False,101
coarse,1500.0,200.0,92.3,1508.026358506512,-199.8388790228892,53.17763259991349,53.13501848424089,1.0,True,False,False,False,101
coarse,1500.0,200.0,92.35,1508.200747748789,-199.8317986116342,53.1863399247127,53.14290781145745,1.0,True,False,False,False,101
coarse,1500.0,200.0,92.4,1508.37513074584,-199.82456601977168,53.19508775032883,53.15083729055162,1.0,True,False,False,False,101
coarse,1500.0,200.0,92.45,1508.5495073648644,-199.81718125280952,53.203876096644116,53.15880693827068,1.0,True,False,False,False,101
coarse,1500.0,200.0,92.5,1508.7238774730672,-199.80964431637156,53.21270498369993,53.16681677151834,1.0,True,False,False,False,101
coarse,1500.0,200.0,92.55,1508.8982409376576,-199.8019552161975,53.22157443169677,53.17486680735479,1.0,True,False,False,False,101
coarse,1500.0,200.0,92.6,1509.0725976258507,-199.79411395814296,53.23048446099458,53.18295706299691,1.0,True,False,False,False,101
coarse,1500.0,200.0,92.65,1509.246947404866,-199.78612054817933,53.239435092112984,53.191087555818335,1.0,True,False,False,False,101
coarse,1500.0,200.0,92.7,1509.4212901419285,-199.777974992394,53.248426345731346,53.199258303349616,1.0,True,False,False,False,101
coarse,1500.0,200.0,92.75,1509.5956257042687,-199.76967729699012,53.25745824268864,53.20746932327833,1.0,True,False,False,False,101
coarse,1500.0,200.0,92.8,1509.7699539591226,-199.76122746828682,53.266530803984374,53.215720633449266,1.0,True,False,False,False,101
coarse,1500.0,200.0,92.85,1509.9442747737316,-199.75262551271894,53.27564405077796,53.224012251864465,1.0,True,False,False,False,101
coarse,1500.0,200.0,92.9,1510.1185880153428,-199.74387143683722,53.28479800438923,53.232344196683464,1.0,True,False,False,False,101
coarse,1500.0,200.0,92.95,1510.2928935512089,-199.7349652473084,53.29399268629878,53.24071648622332,1.0,True,False,False,False,101
coarse,1500.0,200.0,93.0,1510.4671912485887,-199.72590695091478,53.303228118147814,53.24912913895891,1.0,True,False,True,False,101
refined,1500.0,200.0,90.9,1503.141463462364,-199.97532649633212,52.97760078810188,52.93374764803131,-1.0,True,False,False,False,201
refined,1500.0,200.0,90.91,1503.176365693041,-199.974775161729,52.97637316070443,52.934818024385315,-1.0,True,False,False,False,201
refined,1500.0,200.0,90.92,1503.21126782696,-199.97421773554592,52.97514713465905,52.935902012709676,-1.0,True,False,False,False,201
refined,1500.0,200.0,90.93,1503.2461698630582,-199.97365421779983,52.973922709888065,52.93699961297762,-1.0,True,False,False,False,201
refined,1500.0,200.0,90.94,1503.2810718002725,-199.9730846085079,52.972699886313634,52.93811082516228,-1.0,True,False,False,False,201
refined,1500.0,200.0,90.95,1503.3159736375394,-199.97250890768748,52.97147866385847,52.93923564923671,-1.0,True,False,False,False,201
refined,1500.0,200.0,90.96,1503.3508753737963,-199.97192711535607,52.97025904244526,52.94037408517391,-1.0,True,False,False,False,201
refined,1500.0,200.0,90.97,1503.3857770079796,-199.9713392315315,52.969041021997214,52.94152613294674,-1.0,True,False,False,False,201
refined,1500.0,200.0,90.98,1503.420678539026,-199.97074525623154,52.967824602437666,52.94269179252802,-1.0,True,False,False,False,201
refined,1500.0,200.0,90.99,1503.4555799658729,-199.97014518947435,52.966609783690195,52.94387106389048,-1.0,True,False,False,False,201
refined,1500.0,200.0,91.0,1503.4904812874568,-199.96953903127826,52.96539656567856,52.945063947006766,1.0,True,False,False,False,201
refined,1500.0,200.0,91.01,1503.5253825027144,-199.96892678166165,52.966925516183196,52.946270441849435,1.0,True,False,False,False,201
refined,1500.0,200.0,91.02,1503.5602836105827,-199.9683084406432,52.9684560677565,52.947490548390974,1.0,True,False,False,False,201
refined,1500.0,200.0,91.03,1503.5951846099986,-199.96768400824178,52.96998822052317,52.94872426660375,1.0,True,False,False,False,201
refined,1500.0,200.0,91.04,1503.630085499899,-199.96705348447634,52.97152197460858,52.94997159646012,1.0,True,False,False,False,201
refined,1500.0,200.0,91.05,1503.6649862792206,-199.96641686936616,52.973057330137856,52.951232537932285,1.0,True,False,False,False,201
refined,1500.0,200.0,91.06,1503.6998869469003,-199.9657741629306,52.974594287236656,52.95250709099239,1.0,True,False,False,False,201
refined,1500.0,200.0,91.07,1503.734787501875,-199.9651253651892,52.976132846031064,52.953795255612526,1.0,True,False,False,False,201
refined,1500.0,200.0,91.08,1503.7696879430816,-199.9644704761618,52.97767300664694,52.95509703176466,1.0,True,False,False,False,201
refined,1500.0,200.0,91.09,1503.804588269457,-199.9638094958683,52.97921476921081,52.9564124194207,1.0,True,False,False,False,201
refined,1500.0,200.0,91.1,1503.839488479938,-199.96314242432885,52.98075813384904,52.957741418552445,1.0,True,False,False,False,201
coarse,1500.0,400.0,88.0,1486.0402013189996,-399.7563308076383,55.229529171167435,54.71768346653857,-1.0,True,False,True,False,101
coarse,1500.0,400.0,88.05,1486.389059799133,-399.76836081266913,55.215288018171286,54.704334774526814,-1.0,True,False,True,False,101
coarse,1500.0,400.0,88.1,1486.7379286445894,-399.78008637670285,55.201087830810934,54.69102580052559,-1.0,True,False,True,False,101
coarse,1500.0,400.0,88.15,1487.0868075896904,-399.7915074908099,55.186928579957694,54.677756518823465,-1.0,True,False,True,False,101
coarse,1500.0,400.0,88.2,1487.4356963687487,-399.80262414629266,55.17281023664852,54.66452690386707,-1.0,True,False,True,False,101
coarse,1500.0,400.0,88.25,1487.784594716071,-399.81343633468515,55.15873277208657,54.651336930260804,-1.0,True,False,True,False,101
coarse,1500.0,400.0,88.3,1488.1335023659558,-399.8239440477536,55.14469615764097,54.63818657276675,-1.0,True,False,True,False,101
coarse,1500.0,400.0,88.35,1488.4824190526947,-399.83414727749584,55.13070036484619,54.62507580630446,-1.0,True,False,True,False,101
coarse,1500.0,400.0,88.4,1488.8313445105725,-399.84404601614176,55.116745365402316,54.6120046059508,-1.0,True,False,True,False,101
coarse,1500.0,400.0,88.45,1489.1802784738672,-399.8536402561529,55.10283113117497,54.59897294693988,-1.0,True,False,True,False,101
coarse,1500.0,400.0,88.5,1489.5292206768509,-399.8629299902229,55.088957634194394,54.585980804662675,-1.0,True,False,True,False,101
coarse,1500.0,400.0,88.55,1489.878170853788,-399.87191521127727,55.07512484665569,54.57302815466713,-1.0,True,False,True,False,101
coarse,1500.0,400.0,88.6,1490.2271287389387,-399.88059591247327,55.06133274091905,54.56011497265779,-1.0,True,False,True,False,101
coarse,1500.0,400.0,88.65,1490.576094066556,-399.8889720872002,55.047581289508756,54.5472412344958,-1.0,True,False,True,False,101
coarse,1500.0,400.0,88.7,1490.9250665708876,-399.8970437290793,55.03387046511351,54.53440691619858,-1.0,True,False,True,False,101
coarse,1500.0,400.0,88.75,1491.2740459861755,-399.90481083196363,55.02020024058636,54.52161199393986,-1.0,True,False,True,False,101
coarse,1500.0,400.0,88.8,1491.6230320466573,-399.9122733899382,55.00657058894367,54.50885644404932,-1.0,True,False,True,False,101
coarse,1500.0,400.0,88.85,1491.9720244865644,-399.9194313973199,54.99298148336627,54.49614024301273,-1.0,True,False,True,False,101
coarse,1500.0,400.0,88.9,1492.3210230401241,-399.9262848486577,54.97943289719814,54.483463367471444,-1.0,True,False,True,False,101
coarse,1500.0,400.0,88.95,1492.670027441559,-399.9328337387323,54.96592480394655,54.47082579422254,-1.0,True,False,True,False,101
coarse,1500.0,400.0,89.0,1493.0190374250865,-399.9390780625565,54.95245717728242,54.45822750021853,-1.0,True,False,True,False,101
coarse,1500.0,400.0,89.05,1493.368052724921,-399.94501781537497,54.9390299910393,54.445668462567255,-1.0,True,False,False,False,101
coarse,1500.0,400.0,89.1,1493.7170730752716,-399.95065299266423,54.92564321921363,54.43333705373287,-1.0,True,False,False,False,101
coarse,1500.0,400.0,89.15,1494.0660982103445,-399.955983590133,54.91229683596462,54.42160529222475,-1.0,True,False,False,False,101
coarse,1500.0,400.0,89.2,1494.415127864342,-399.9610096037217,54.898990815613864,54.4105181205655,-1.0,True,False,False,False,101
coarse,1500.0,400.0,89.25,1494.764161771462,-399.9657310296028,54.88572513264583,54.400030486798634,-1.0,True,False,False,False,101
coarse,1500.0,400.0,89.3,1495.1131996659012,-399.9701478641808,54.8724997617064,54.39018758516997,-1.0,True,False,False,False,101
coarse,1500.0,400.0,89.35,1495.462241281851,-399.974260104092,54.859314677603734,54.38094411070197,-1.0,True,False,False,False,101
coarse,1500.0,400.0,89.4,1495.8112863535018,-399.97806774620483,54.84616985530801,54.37234551099091,-1.0,True,False,False,False,101
coarse,1500.0,400.0,89.45,1496.16033461504,-399.9815707876196,54.83306526995082,54.36434622640971,-1.0,True,False,False,False,101
coarse,1500.0,400.0,89.5,1496.5093858006505,-399.9847692256685,54.8200008968255,54.3569919595322,-1.0,True,False,False,False,101
coarse,1500.0,400.0,89.55,1496.8584396445156,-399.9876630579159,54.806976711386355,54.35023689445332,-1.0,True,False,False,False,101
coarse,1500.0,400.0,89.6,1497.2074958808153,-399.9902522821579,54.79399268924958,54.34412699035141,-1.0,True,False,False,False,101
coarse,1500.0,400.0,89.65,1497.5565542437287,-399.99253689642285,54.78104880619162,54.33861617341522,-1.0,True,False,False,False,101
coarse,1500.0,400.0,89.7,1497.905614467432,-399.9945168989707,54.768145038150124,54.33375066105439,-1.0,True,False,False,False,101
coarse,1500.0,400.0,89.75,1498.2546762861014,-399.9961922882938,54.75528136122372,54.32948411992344,-1.0,True,False,False,False,101
coarse,1500.0,400.0,89.8,1498.6037394339105,-399.99756306311616,54.74245775167098,54.32586302728983,-1.0,True,False,False,False,101
coarse,1500.0,400.0,89.85,1498.9528036450326,-399.9986292223939,54.72967418591157,54.32284085265925,-1.0,True,False,False,False,101
coarse,1500.0,400.0,89.9,1499.3018686536407,-399.99939076531507,54.71693064052506,54.32046414274394,-1.0,True,False,False,False,101
coarse,1500.0,400.0,89.95,1499.6509341939059,-399.99984769129975,54.70422709225093,54.3186864273915,-1.0,True,False,False,False,101
coarse,1500.0,400.0,90.0,1500.0,-400.0,54.69156351798905,54.31755405913505,-1.0,True,False,False,False,101
coarse,1500.0,400.0,90.05,1500.349065806094,-399.99984769129975,54.678939894798965,54.31702082865427,-1.0,True,False,False,False,101
coarse,1500.0,400.0,90.1,1500.6981313463593,-399.99939076531507,54.666356199899845,54.31713282620838,-1.0,True,False,False,False,101
coarse,1500.0,400.0,90.15,1501.0471963549671,-399.9986292223939,54.65381241067037,54.3178441052042,-1.0,True,False,False,False,101
coarse,1500.0,400.0,90.2,1501.3962605660895,-399.99756306311616,54.64130850464856,54.31920049173076,-1.0,True,False,False,False,101
coarse,1500.0,400.0,90.25,1501.7453237138986,-399.9961922882938,54.62884445953198,54.321156303816956,-1.0,True,False,False,False,101
coarse,1500.0,400.0,90.3,1502.0943855325677,-399.9945168989707,54.61642025317724,54.323757101485434,-1.0,True,False,False,False,101
coarse,1500.0,400.0,90.35,1502.4434457562713,-399.99253689642285,54.60403586359935,54.32695746928197,-1.0,True,False,False,False,101
coarse,1500.0,400.0,90.4,1502.7925041191847,-399.9902522821579,54.59169126897313,54.33080269926689,-1.0,True,False,False,False,101
coarse,1500.0,400.0,90.45,1503.1415603554847,-399.9876630579159,54.579386447631244,54.33524764439741,-1.0,True,False,False,False,101
coarse,1500.0,400.0,90.5,1503.4906141993497,-399.9847692256685,54.56712137806544,54.3403373268757,-1.0,True,False,False,False,101
coarse,1500.0,400.0,90.55,1503.83966538496,-399.9815707876196,54.554896038925946,54.34602686996496,-1.0,True,False,False,False,101
coarse,1500.0,400.0,90.6,1504.1887136464984,-399.97806774620483,54.5427104090209,54.35236102411349,-1.0,True,False,False,False,101
coarse,1500.0,400.0,90.65,1504.537758718149,-399.974260104092,54.53056446731708,54.359295184784834,-1.0,True,False,False,False,101
coarse,1500.0,400.0,90.7,1504.886800334099,-399.9701478641808,54.51845819293888,54.366873828777834,-1.0,True,False,False,False,101
coarse,1500.0,400.0,90.75,1505.235838228538,-399.9657310296028,54.50639156516907,54.37505262565065,-1.0,True,False,False,False,101
coarse,1500.0,400.0,90.8,1505.584872135658,-399.9610096037217,54.49436456344812,54.38387577665729,-1.0,True,False,False,False,101
coarse,1500.0,400.0,90.85,1505.9339017896552,-399.955983590133,54.48237716737406,54.39329922734459,-1.0,True,False,False,False,101
coarse,1500.0,400.0,90.9,1506.2829269247284,-399.95065299266423,54.47042935670257,54.40336690152646,-1.0,True,False,False,False,101
coarse,1500.0,400.0,90.95,1506.631947275079,-399.94501781537497,54.458521111346904,54.41403502263233,-1.0,True,False,False,False,101
coarse,1500.0,400.0,91.0,1506.9809625749133,-399.9390780625565,54.44665241137744,54.425347235140975,-1.0,True,False,False,False,101
coarse,1500.0,400.0,91.05,1507.329972558441,-399.9328337387323,54.460056850530535,54.437260042258195,1.0,True,False,False,False,101
coarse,1500.0,400.0,91.1,1507.6789769598759,-399.9262848486577,54.47350089104047,54.449771893514246,1.0,True,False,False,False,101
coarse,1500.0,400.0,91.15,1508.0279755134356,-399.9194313973199,54.48698455889377,54.462419676041435,1.0,True,False,False,False,101
coarse,1500.0,400.0,91.2,1508.3769679533427,-399.9122733899382,54.50050788023474,54.475106662283736,1.0,True,False,False,False,101
coarse,1500.0,400.0,91.25,1508.7259540138243,-399.90481083196363,54.51407088136503,54.487832875436844,1.0,True,False,False,False,101
coarse,1500.0,400.0,91.3,1509.0749334291124,-399.8970437290793,54.52767358874392,54.50059833885104,1.0,True,False,False,False,101
coarse,1500.0,400.0,91.35,1509.423905933444,-399.8889720872002,54.541316028989286,54.51340307603135,1.0,True,False,False,False,101
coarse,1500.0,400.0,91.4,1509.7728712610613,-399.88059591247327,54.554998228876,54.526247110637705,1.0,True,False,False,False,101
coarse,1500.0,400.0,91.45,1510.121829146212,-399.87191521127727,54.56872021533842,54.53913046648507,1.0,True,False,False,False,101
coarse,1500.0,400.0,91.5,1510.4707793231491,-399.8629299902229,54.58248201546854,54.55205316754358,1.0,True,False,False,False,101
coarse,1500.0,400.0,91.55,1510.8197215261328,-399.8536402561529,54.59628365651751,54.565015237938795,1.0,True,False,False,False,101
coarse,1500.0,400.0,91.6,1511.1686554894275,-399.84404601614176,54.61012516589523,54.5780167019517,1.0,True,False,False,False,101
coarse,1500.0,400.0,91.65,1511.5175809473055,-399.83414727749584,54.624006571170256,54.59105758401895,1.0,True,False,False,False,101
coarse,1500.0,400.0,91.7,1511.8664976340444,-399.8239440477536,54.63792790007076,54.604137908733016,1.0,True,False,False,False,101
coarse,1500.0,400.0,91.75,1512.2154052839292,-399.81343633468515,54.651889180484126,54.61725770084239,1.0,True,False,False,False,101
coarse,1500.0,400.0,91.8,1512.5643036312513,-399.80262414629266,54.6658904404578,54.630416985251664,1.0,True,False,False,False,101
coarse,1500.0,400.0,91.85,1512.9131924103099,-399.7915074908099,54.679931708198076,54.6436157870217,1.0,True,False,False,False,101
coarse,1500.0,400.0,91.9,1513.2620713554106,-399.78008637670285,54.69401301207223,54.65685413136988,1.0,True,False,False,False,101
coarse,1500.0,400.0,91.95,1513.610940200867,-399.76836081266913,54.70813438060688,54.670132043670165,1.0,True,False,False,False,101
coarse,1500.0,400.0,92.0,1513.9597986810004,-399.7563308076383,54.7222958424898,54.68344954945335,1.0,True,False,False,False,101
coarse,1500.0,400.0,92.05,1514.3086465301399,-399.7439963707717,54.736497426568754,54.696806674407114,1.0,True,False,False,False,101
coarse,1500.0,400.0,92.1,1514.6574834826224,-399.7313575114625,54.75073916185258,54.71020344437636,1.0,True,False,False,False,101
coarse,1500.0,400.0,92.15,1515.006309272794,-399.71841423933586,54.76502107751097,54.723639885363234,1.0,True,False,False,False,101
coarse,1500.0,400.0,92.2,1515.3551236350079,-399.7051665642485,54.77934320287458,54.73711602352738,1.0,True,False,False,False,101
coarse,1500.0,400.0,92.25,1515.7039263036274,-399.69161449628916,54.79370556743582,54.75063188518605,1.0,True,False,False,False,101
coarse,1500.0,400.0,92.3,1516.0527170130238,-399.6777580457784,54.808108200848615,54.76418749681438,1.0,True,False,False,False,101
coarse,1500.0,400.0,92.35,1516.401495497578,-399.6635972232684,54.82255113292874,54.77778288504544,1.0,True,False,False,False,101
coarse,1500.0,400.0,92.4,1516.7502614916798,-399.64913203954336,54.83703439365321,54.791418076670524,1.0,True,False,False,False,101
coarse,1500.0,400.0,92.45,1517.0990147297289,-399.63436250561904,54.851558013162396,54.80509309863925,1.0,True,False,False,False,101
coarse,1500.0,400.0,92.5,1517.4477549461344,-399.6192886327431,54.86612202175838,54.81880797805982,1.0,True,False,False,False,101
coarse,1500.0,400.0,92.55,1517.7964818753155,-399.603910432395,54.88072644990604,54.83256274219912,1.0,True,False,False,False,101
coarse,1500.0,400.0,92.6,1518.1451952517014,-399.5882279162859,54.89537132823338,54.846357418482924,1.0,True,False,False,False,101
coarse,1500.0,400.0,92.65,1518.493894809732,-399.57224109635865,54.91005668753112,54.86019203449616,1.0,True,False,False,False,101
coarse,1500.0,400.0,92.7,1518.8425802838572,-399.555949984788,54.92478255875321,54.874066617983026,1.0,True,False,False,False,101
coarse,1500.0,400.0,92.75,1519.1912514085377,-399.53935459398025,54.93954897301718,54.887981196847115,1.0,True,False,False,False,101
coarse,1500.0,400.0,92.8,1519.5399079182453,-399.52245493657364,54.95435596160485,54.90193579915174,1.0,True,False,False,False,101
coarse,1500.0,400.0,92.85,1519.888549547463,-399.5052510254379,54.96920355596107,54.91593045312007,1.0,True,False,False,False,101
coarse,1500.0,400.0,92.9,1520.2371760306853,-399.48774287367445,54.98409178769538,54.9299651871353,1.0,True,False,False,False,101
coarse,1500.0,400.0,92.95,1520.5857871024177,-399.4699304946168,54.99902068858185,54.94404002974088,1.0,True,False,False,False,101
coarse,1500.0,400.0,93.0,1520.9343824971775,-399.45181390182955,55.0139902905588,54.95815500964067,1.0,True,False,True,False,101
refined,1500.0,400.0,90.9,1506.2829269247284,-399.95065299266423,54.47042935670257,54.40314702932641,-1.0,True,False,False,False,201
refined,1500.0,400.0,90.91,1506.3527313860816,-399.949550323458,54.46804454304627,54.40524274025666,-1.0,True,False,False,False,201
refined,1500.0,400.0,90.92,1506.4225356539198,-399.94843547109184,54.46566131184204,54.40736345927995,-1.0,True,False,False,False,201
refined,1500.0,400.0,90.93,1506.4923397261164,-399.94730843559967,54.46327966293024,54.409509186426746,-1.0,True,False,False,False,201
refined,1500.0,400.0,90.94,1506.562143600545,-399.9461692170158,54.460899596151606,54.41167992172731,-1.0,True,False,False,False,201
refined,1500.0,400.0,90.95,1506.631947275079,-399.94501781537497,54.458521111346904,54.413875665211755,-1.0,True,False,False,False,201
refined,1500.0,400.0,90.96,1506.7017507475925,-399.94385423071213,54.45614420835698,54.41609641690992,-1.0,True,False,False,False,201
refined,1500.0,400.0,90.97,1506.771554015959,-399.942678463063,54.45376888702344,54.418342176851475,-1.0,True,False,False,False,201
refined,1500.0,400.0,90.98,1506.8413570780522,-399.9414905124631,54.45139514718783,54.42061294506588,-1.0,True,False,False,False,201
refined,1500.0,400.0,90.99,1506.9111599317457,-399.9402903789487,54.44902298869171,54.42290872158241,-1.0,True,False,False,False,201
refined,1500.0,400.0,91.0,1506.9809625749133,-399.9390780625565,54.44665241137744,54.42522950643008,-1.0,True,False,False,False,201
refined,1500.0,400.0,91.01,1507.0507650054287,-399.9378535633233,54.44933013234155,54.42757529963776,1.0,True,False,False,False,201
refined,1500.0,400.0,91.02,1507.1205672211654,-399.9366168812864,54.45200943653244,54.42994610123406,1.0,True,False,False,False,201
refined,1500.0,400.0,91.03,1507.1903692199971,-399.93536801648355,54.454690324156445,54.43234191124743,1.0,True,False,False,False,201
refined,1500.0,400.0,91.04,1507.260170999798,-399.9341069689527,54.457372795420135,54.43476272970612,1.0,True,False,False,False,201
refined,1500.0,400.0,91.05,1507.329972558441,-399.9328337387323,54.460056850530535,54.437208556638105,1.0,True,False,False,False,201
refined,1500.0,400.0,91.06,1507.3997738938006,-399.9315483258612,54.462742489694605,54.43967939207125,1.0,True,False,False,False,201
refined,1500.0,400.0,91.07,1507.46957500375,-399.9302507303784,54.465429713119825,54.44217523603313,1.0,True,False,False,False,201
refined,1500.0,400.0,91.08,1507.5393758861633,-399.9289409523236,54.46811852101393,54.44469608855117,1.0,True,False,False,False,201
refined,1500.0,400.0,91.09,1507.609176538914,-399.9276189917366,54.47080891358484,54.447219373950425,1.0,True,False,False,False,201
refined,1500.0,400.0,91.1,1507.6789769598759,-399.9262848486577,54.47350089104047,54.449744226388354,1.0,True,False,False,False,201
coarse,1500.0,600.0,88.0,1479.0603019784994,-599.6344962114574,57.85375670482886,57.130296141038336,-1.0,True,False,True,False,101
coarse,1500.0,600.0,88.05,1479.5835896986994,-599.6525412190038,57.83425091347209,57.11176613588035,-1.0,True,False,True,False,101
coarse,1500.0,600.0,88.1,1480.106892966884,-599.6701295650543,57.8147861484914,57.09327540182432,-1.0,True,False,True,False,101
coarse,1500.0,600.0,88.15,1480.6302113845354,-599.6872612362149,57.7953623696732,57.074823902287356,-1.0,True,False,True,False,101
coarse,1500.0,600.0,88.2,1481.153544553123,-599.703936219439,57.775979536974056,57.05641160084432,-1.0,True,False,True,False,101
coarse,1500.0,600.0,88.25,1481.6768920741065,-599.7201545020278,57.75663761051916,57.03803846122748,-1.0,True,False,True,False,101
coarse,1500.0,600.0,88.3,1482.2002535489335,-599.7359160716304,57.73733655060174,57.019704447326305,-1.0,True,False,True,False,101
coarse,1500.0,600.0,88.35,1482.7236285790418,-599.7512209162438,57.718076317685465,57.00140952318731,-1.0,True,False,True,False,101
coarse,1500.0,600.0,88.4,1483.2470167658587,-599.7660690242126,57.69885687240087,56.98315365301375,-1.0,True,False,True,False,101
coarse,1500.0,600.0,88.45,1483.770417710801,-599.7804603842294,57.67967817554711,56.96493680116548,-1.0,True,False,True,False,101
coarse,1500.0,600.0,88.5,1484.293831015276,-599.7943949853344,57.660540188091105,56.94675893215861,-1.0,True,False,True,False,101
coarse,1500.0,600.0,88.55,1484.8172562806822,-599.8078728169158,57.64144287116701,56.9286200106654,-1.0,True,False,True,False,101
coarse,1500.0,600.0,88.6,1485.340693108408,-599.8208938687098,57.622386186077286,56.91052000151393,-1.0,True,False,True,False,101
coarse,1500.0,600.0,88.65,1485.864141099834,-599.8334581308003,57.60337009429003,56.89245886968806,-1.0,True,False,True,False,101
coarse,1500.0,600.0,88.7,1486.3875998563312,-599.845565593619,57.58439455744136,56.87443658032701,-1.0,True,False,True,False,101
coarse,1500.0,600.0,88.75,1486.9110689792633,-599.8572162479455,57.56545953733308,56.85645309872525,-1.0,True,False,True,False,101
coarse,1500.0,600.0,88.8,1487.4345480699858,-599.8684100849073,57.546564995933835,56.83850839033229,-1.0,True,False,True,False,101
coarse,1500.0,600.0,88.85,1487.9580367298465,-599.8791470959799,57.5277108953785,56.820602420752444,-1.0,True,False,True,False,101
coarse,1500.0,600.0,88.9,1488.4815345601862,-599.8894272729865,57.50889719796702,56.80273515574461,-1.0,True,False,True,False,101
coarse,1500.0,600.0,88.95,1489.0050411623383,-599.8992506080984,57.49012386616565,56.784906561222094,-1.0,True,False,True,False,101
coarse,1500.0,600.0,89.0,1489.52855613763,-599.9086170938348,57.47139086260549,56.76711660325236,-1.0,True,False,True,False,101
coarse,1500.0,600.0,89.05,1490.0520790873813,-599.9175267230625,57.45269815008306,56.749365248056876,-1.0,True,False,False,False,101
coarse,1500.0,600.0,89.1,1490.5756096129076,-599.9259794889964,57.434045691559554,56.73225009255681,-1.0,True,False,False,False,101
coarse,1500.0,600.0,89.15,1491.099147315517,-599.9339753851995,57.41543345016102,56.715981910724004,-1.0,True,False,False,False,101
coarse,1500.0,600.0,89.2,1491.6226917965128,-599.9415144055826,57.396861389177424,56.70062308122052,-1.0,True,False,False,False,101
coarse,1500.0,600.0,89.25,1492.1462426571932,-599.9485965444042,57.37832947206341,56.686111462939216,-1.0,True,False,False,False,101
coarse,1500.0,600.0,89.3,1492.6697994988517,-599.9552217962712,57.35983766243764,56.672509111287155,-1.0,True,False,False,False,101
coarse,1500.0,600.0,89.35,1493.1933619227766,-599.961390156138,57.34138592408161,56.65975420923859,-1.0,True,False,False,False,101
coarse,1500.0,600.0,89.4,1493.7169295302526,-599.9671016193073,57.322974220941134,56.64790848712454,-1.0,True,False,False,False,101
coarse,1500.0,600.0,89.45,1494.24050192256,-599.9723561814294,57.30460251712485,56.63691045381791,-1.0,True,False,False,False,101
coarse,1500.0,600.0,89.5,1494.7640787009757,-599.9771538385028,57.286270776904864,56.62682151275184,-1.0,True,False,False,False,101
coarse,1500.0,600.0,89.55,1495.2876594667732,-599.9814945868739,57.2679789647154,56.617580500515984,-1.0,True,False,False,False,101
coarse,1500.0,600.0,89.6,1495.8112438212231,-599.9853784232369,57.24972704515415,56.609248491822925,-1.0,True,False,False,False,101
coarse,1500.0,600.0,89.65,1496.3348313655931,-599.9888053446342,57.23151498298006,56.60176465279791,-1.0,True,False,False,False,101
coarse,1500.0,600.0,89.7,1496.8584217011482,-599.991775348456,57.213342743115085,56.59518972760955,-1.0,True,False,False,False,101
coarse,1500.0,600.0,89.75,1497.3820144291522,-599.9942884324407,57.19521029064287,56.58946321373835,-1.0,True,False,False,False,101
coarse,1500.0,600.0,89.8,1497.9056091508658,-599.9963445946743,57.17711759080855,56.5846455229846,-1.0,True,False,False,False,101
coarse,1500.0,600.0,89.85,1498.429205467549,-599.9979438335909,57.15906460901914,56.58067648600464,-1.0,True,False,False,False,101
coarse,1500.0,600.0,89.9,1498.952802980461,-599.9990861479727,57.1410513108425,56.57761618040531,-1.0,True,False,False,False,101
coarse,1500.0,600.0,89.95,1499.4764012908588,-599.9997715369497,57.123077662007915,56.57540477184009,-1.0,True,False,False,False,101
coarse,1500.0,600.0,90.0,1500.0,-600.0,57.10514362840541,56.57410200189648,-1.0,True,False,False,False,101
coarse,1500.0,600.0,90.05,1500.523598709141,-599.9997715369497,57.087249176085564,56.57364837304718,-1.0,True,False,False,False,101
coarse,1500.0,600.0,90.1,1501.0471970195388,-599.9990861479727,57.06939427125956,56.5741032890336,-1.0,True,False,False,False,101
coarse,1500.0,600.0,90.15,1501.5707945324507,-599.9979438335909,57.051578880299,56.57540759097066,-1.0,True,False,False,False,101
coarse,1500.0,600.0,90.2,1502.0943908491342,-599.9963445946743,57.0338029697348,56.577620342926124,-1.0,True,False,False,False,101
coarse,1500.0,600.0,90.25,1502.6179855708478,-599.9942884324407,57.01606650625852,56.58068272648078,-1.0,True,False,False,False,101
coarse,1500.0,600.0,90.3,1503.1415782988518,-599.991775348456,56.99836945672129,56.58465346420047,-1.0,True,False,False,False,101
coarse,1500.0,600.0,90.35,1503.6651686344069,-599.9888053446342,56.980711788133014,56.589474079956396,-1.0,True,False,False,False,101
coarse,1500.0,600.0,90.4,1504.188756178777,-599.9853784232369,56.963093467663874,56.595202952983314,-1.0,True,False,False,False,101
coarse,1500.0,600.0,90.45,1504.7123405332268,-599.9814945868739,56.945514462641846,56.6017819512681,-1.0,True,False,False,False,101
coarse,1500.0,600.0,90.5,1505.2359212990243,-599.9771538385028,56.927974740555186,56.60926910888448,-1.0,True,False,False,False,101
coarse,1500.0,600.0,90.55,1505.7594980774402,-599.9723561814294,56.9104742690497,56.61760663976125,-1.0,True,False,False,False,101
coarse,1500.0,600.0,90.6,1506.2830704697474,-599.9671016193073,56.89301301593035,56.626852230980326,-1.0,True,False,False,False,101
coarse,1500.0,600.0,90.65,1506.8066380772234,-599.961390156138,56.87559094915957,56.636948444239216,-1.0,True,False,False,False,101
coarse,1500.0,600.0,90.7,1507.3302005011483,-599.9552217962712,56.858208036859196,56.64795261779659,-1.0,True,False,False,False,101
coarse,1500.0,600.0,90.75,1507.8537573428066,-599.9485965444042,56.84086424730775,56.659807662946356,-1.0,True,False,False,False,101
coarse,1500.0,600.0,90.8,1508.3773082034872,-599.9415144055826,56.823559548942235,56.67257056729156,-1.0,True,False,False,False,101
coarse,1500.0,600.0,90.85,1508.900852684483,-599.9339753851995,56.80629391035712,56.68618459355104,-1.0,True,False,False,False,101
coarse,1500.0,600.0,90.9,1509.4243903870924,-599.9259794889964,56.789067300303735,56.70070637683916,-1.0,True,False,False,False,101
coarse,1500.0,600.0,90.95,1509.9479209126184,-599.9175267230625,56.77187968769155,56.716079533128784,-1.0,True,False,False,False,101
coarse,1500.0,600.0,91.0,1510.47144386237,-599.9086170938348,56.75473104158598,56.7323603432118,-1.0,True,False,False,False,101
coarse,1500.0,600.0,91.05,1510.9949588376617,-599.8992506080984,56.77335302114243,56.74949277814522,1.0,True,False,False,False,101
coarse,1500.0,600.0,91.1,1511.5184654398138,-599.8894272729865,56.79201411915094,56.76727516276848,1.0,True,False,False,False,101
coarse,1500.0,600.0,91.15,1512.0419632701535,-599.8791470959799,56.810714372455955,56.7851018605026,1.0,True,False,False,False,101
coarse,1500.0,600.0,91.2,1512.5654519300142,-599.8684100849073,56.82945381805973,56.802967141171465,1.0,True,False,False,False,101
coarse,1500.0,600.0,91.25,1513.0889310207367,-599.8572162479455,56.84823249312152,56.820871038784254,1.0,True,False,False,False,101
coarse,1500.0,600.0,91.3,1513.6124001436688,-599.845565593619,56.86705043495859,56.83881358750364,1.0,True,False,False,False,101
coarse,1500.0,600.0,91.35,1514.1358589001659,-599.8334581308003,56.885907681046426,56.85679482164586,1.0,True,False,False,False,101
coarse,1500.0,600.0,91.4,1514.6593068915918,-599.8208938687098,56.90480426901771,56.874814775681074,1.0,True,False,False,False,101
coarse,1500.0,600.0,91.45,1515.1827437193178,-599.8078728169158,56.92374023666516,56.89287348423343,1.0,True,False,False,False,101
coarse,1500.0,600.0,91.5,1515.7061689847237,-599.7943949853344,56.942715621938696,56.91097098208135,1.0,True,False,False,False,101
coarse,1500.0,600.0,91.55,1516.229582289199,-599.7804603842294,56.96173046294807,56.92910730415777,1.0,True,False,False,False,101
coarse,1500.0,600.0,91.6,1516.7529832341413,-599.7660690242126,56.98078479796207,56.9472824855503,1.0,True,False,False,False,101
coarse,1500.0,600.0,91.65,1517.2763714209582,-599.7512209162438,56.99987866540894,56.965496561501425,1.0,True,False,False,False,101
coarse,1500.0,600.0,91.7,1517.7997464510665,-599.7359160716304,57.01901210387616,56.98374956740879,1.0,True,False,False,False,101
coarse,1500.0,600.0,91.75,1518.3231079258935,-599.7201545020278,57.03818515211166,57.002041538825424,1.0,True,False,False,False,101
coarse,1500.0,600.0,91.8,1518.846455446877,-599.703936219439,57.05739784902346,57.02037251145985,1.0,True,False,False,False,101
coarse,1500.0,600.0,91.85,1519.3697886154646,-599.6872612362149,57.07665023367966,57.03874252117641,1.0,True,False,False,False,101
coarse,1500.0,600.0,91.9,1519.893107033116,-599.6701295650544,57.095942345309744,57.057151603995514,1.0,True,False,False,False,101
coarse,1500.0,600.0,91.95,1520.4164103013004,-599.6525412190038,57.11527422330367,57.07559979609368,1.0,True,False,False,False,101
coarse,1500.0,600.0,92.0,1520.9396980215006,-599.6344962114574,57.13464590721221,57.094087133804074,1.0,True,False,False,False,101
coarse,1500.0,600.0,92.05,1521.4629697952098,-599.6159945561575,57.15405743674859,57.112613653616386,1.0,True,False,False,False,101
coarse,1500.0,600.0,92.1,1521.9862252239336,-599.5970362671937,57.173508851786934,57.131179392177366,1.0,True,False,False,False,101
coarse,1500.0,600.0,92.15,1522.5094639091908,-599.5776213590037,57.193000192363584,57.14978438629081,1.0,True,False,False,False,101
coarse,1500.0,600.0,92.2,1523.032685452512,-599.5577498463726,57.2125314986776,57.168428672918,1.0,True,False,False,False,101
coarse,1500.0,600.0,92.25,1523.555889455441,-599.5374217444337,57.23210281108992,57.18711228917776,1.0,True,False,False,False,101
coarse,1500.0,600.0,92.3,1524.0790755195358,-599.5166370686676,57.25171417012431,57.20583527234683,1.0,True,False,False,False,101
coarse,1500.0,600.0,92.35,1524.602243246367,-599.4953958349026,57.271365616468074,57.22459765986006,1.0,True,False,False,False,101
coarse,1500.0,600.0,92.4,1525.1253922375197,-599.473698059315,57.2910571909715,57.2433994893106,1.0,True,False,False,False,101
coarse,1500.0,600.0,92.45,1525.6485220945933,-599.4515437584286,57.310788934648265,57.262240798450144,1.0,True,False,False,False,101
coarse,1500.0,600.0,92.5,1526.1716324192016,-599.4289329491147,57.33056088867648,57.281121625189314,1.0,True,False,False,False,101
coarse,1500.0,600.0,92.55,1526.6947228129732,-599.4058656485925,57.350373094397966,57.300042007597675,1.0,True,False,False,False,101
coarse,1500.0,600.0,92.6,1527.217792877552,-599.3823418744289,57.3702255933188,57.319001983904215,1.0,True,False,False,False,101
coarse,1500.0,600.0,92.65,1527.7408422145982,-599.3583616445379,57.39011842711086,57.338001592497434,1.0,True,False,False,False,101
coarse,1500.0,600.0,92.7,1528.2638704257856,-599.333924977182,57.410051637609435,57.35704087192558,1.0,True,False,False,False,101
coarse,1500.0,600.0,92.75,1528.7868771128065,-599.3090318909703,57.430025266816166,57.376119860897056,1.0,True,False,False,False,101
coarse,1500.0,600.0,92.8,1529.309861877368,-599.2836824048604,57.45003935689785,57.39523859828047,1.0,True,False,False,False,101
coarse,1500.0,600.0,92.85,1529.8328243211947,-599.2578765381568,57.47009395018703,57.41439712310511,1.0,True,False,False,False,101
coarse,1500.0,600.0,92.9,1530.355764046028,-599.2316143105116,57.490189089182586,57.433595474560974,1.0,True,False,False,False,101
coarse,1500.0,600.0,92.95,1530.8786806536264,-599.2048957419252,57.510324816549755,57.452833691999174,1.0,True,False,False,False,101
coarse,1500.0,600.0,93.0,1531.4015737457662,-599.1777208527443,57.530501175120726,57.472111814932184,1.0,True,False,True,False,101
refined,1500.0,600.0,90.9,1509.4243903870924,-599.9259794889964,56.789067300303735,56.700428573044626,-1.0,True,False,False,False,201
refined,1500.0,600.0,90.91,1509.5290970791225,-599.9243254851871,56.785626658978416,56.703449953625295,-1.0,True,False,False,False,201
refined,1500.0,600.0,90.92,1509.6338034808798,-599.9226532066378,56.782187577301805,56.7065066833446,-1.0,True,False,False,False,201
refined,1500.0,600.0,90.93,1509.7385095891746,-599.9209626533994,56.77875005502674,56.70959876250025,-1.0,True,False,False,False,201
refined,1500.0,600.0,90.94,1509.8432154008171,-599.9192538255237,56.77531409190574,56.71272619138993,-1.0,True,False,False,False,201
refined,1500.0,600.0,90.95,1509.9479209126184,-599.9175267230625,56.77187968769155,56.71588897031126,-1.0,True,False,False,False,201
refined,1500.0,600.0,90.96,1510.0526261213886,-599.9157813460682,56.76844684213712,56.7190870995618,-1.0,True,False,False,False,201
refined,1500.0,600.0,90.97,1510.1573310239387,-599.9140176945945,56.76501555499544,56.72232057943901,-1.0,True,False,False,False,201
refined,1500.0,600.0,90.98,1510.2620356170785,-599.9122357686946,56.76158582602056,56.72558941024031,-1.0,True,False,False,False,201
refined,1500.0,600.0,90.99,1510.3667398976188,-599.910435568423,56.758157654966034,56.7288935922631,-1.0,True,False,False,False,201
refined,1500.0,600.0,91.0,1510.47144386237,-599.9086170938348,56.75473104158598,56.732233125804626,-1.0,True,False,False,False,201
refined,1500.0,600.0,91.01,1510.576147508143,-599.9067803449849,56.75845230978422,56.73560801116215,1.0,True,False,False,False,201
refined,1500.0,600.0,91.02,1510.680850831748,-599.9049253219296,56.762175141545804,56.739018248632796,1.0,True,False,False,False,201
refined,1500.0,600.0,91.03,1510.785553829996,-599.9030520247253,56.76589953716358,56.74246383851371,1.0,True,False,False,False,201
refined,1500.0,600.0,91.04,1510.890256499697,-599.901160453429,56.769625496931184,56.7459447811019,1.0,True,False,False,False,201
refined,1500.0,600.0,91.05,1510.9949588376617,-599.8992506080984,56.77335302114243,56.749461076694296,1.0,True,False,False,False,201
refined,1500.0,600.0,91.06,1511.099660840701,-599.8973224887917,56.77708211009121,56.75301272558785,1.0,True,False,False,False,201
refined,1500.0,600.0,91.07,1511.204362505625,-599.8953760955677,56.78081276407179,56.756568811715205,1.0,True,False,False,False,201
refined,1500.0,600.0,91.08,1511.309063829245,-599.8934114284854,56.78454498337874,56.760126438991264,1.0,True,False,False,False,201
refined,1500.0,600.0,91.09,1511.413764808371,-599.8914284876049,56.788278768306824,56.76368560768566,1.0,True,False,False,False,201
refined,1500.0,600.0,91.1,1511.5184654398138,-599.8894272729865,56.79201411915094,56.76724631806824,1.0,True,False,False,False,201
coarse,1500.0,800.0,88.0,1472.0804026379992,-799.5126616152766,61.17186643528284,60.26133788048427,-1.0,True,False,True,False,101
coarse,1500.0,800.0,88.05,1472.778119598266,-799.5367216253383,61.147706552120205,60.238275152024045,-1.0,True,False,True,False,101
coarse,1500.0,800.0,88.1,1473.4758572891787,-799.5601727534057,61.123588116104365,60.215251676134216,-1.0,True,False,True,False,101
coarse,1500.0,800.0,88.15,1474.1736151793805,-799.5830149816198,61.099511075949394,60.19226740550753,-1.0,True,False,True,False,101
coarse,1500.0,800.0,88.2,1474.8713927374974,-799.6052482925853,61.07547538054074,60.16932229299295,-1.0,True,False,True,False,101
coarse,1500.0,800.0,88.25,1475.569189432142,-799.6268726693703,61.05148097893477,60.14641629159542,-1.0,True,False,True,False,101
coarse,1500.0,800.0,88.3,1476.2670047319114,-799.6478880955073,61.027527820357655,60.123549354475614,-1.0,True,False,True,False,101
coarse,1500.0,800.0,88.35,1476.9648381053892,-799.6682945549917,61.0036158542061,60.10072143494954,-1.0,True,False,True,False,101
coarse,1500.0,800.0,88.4,1477.662689021145,-799.6880920322835,60.97974503004644,60.07793248648833,-1.0,True,False,True,False,101
coarse,1500.0,800.0,88.45,1478.3605569477347,-799.7072805123058,60.95591529761508,60.055182462717916,-1.0,True,False,True,False,101
coarse,1500.0,800.0,88.5,1479.0584413537015,-799.7258599804458,60.932126606816986,60.032471317418754,-1.0,True,False,True,False,101
coarse,1500.0,800.0,88.55,1479.7563417075762,-799.7438304225545,60.908378907725535,60.00979900452553,-1.0,True,False,True,False,101
coarse,1500.0,800.0,88.6,1480.4542574778775,-799.7611918249465,60.88467215058404,59.98716547812687,-1.0,True,False,True,False,101
coarse,1500.0,800.0,88.65,1481.1521881331118,-799.7779441744004,60.86100628580241,59.964570692465,-1.0,True,False,True,False,101
coarse,1500.0,800.0,88.7,1481.850133141775,-799.7940874581586,60.83738126395949,59.942014601935654,-1.0,True,False,True,False,101
coarse,1500.0,800.0,88.75,1482.5480919723511,-799.8096216639273,60.813797035801194,59.91949716108752,-1.0,True,False,True,False,101
coarse,1500.0,800.0,88.8,1483.2460640933143,-799.8245467798764,60.79025355224052,59.89701832462216,-1.0,True,False,True,False,101
coarse,1500.0,800.0,88.85,1483.9440489731287,-799.8388627946398,60.76675076435817,59.87457804739369,-1.0,True,False,True,False,101
coarse,1500.0,800.0,88.9,1484.6420460802483,-799.8525696973154,60.7432886234003,59.85217628440842,-1.0,True,False,True,False,101
coarse,1500.0,800.0,88.95,1485.3400548831178,-799.8656674774646,60.71986708078015,59.82981299082469,-1.0,True,False,True,False,101
coarse,1500.0,800.0,89.0,1486.0380748501732,-799.878156125113,60.696486088076966,59.807488121952495,-1.0,True,False,True,False,101
coarse,1500.0,800.0,89.05,1486.736105449842,-799.8900356307499,60.67314559703517,59.78527133898028,-1.0,True,False,False,False,101
coarse,1500.0,800.0,89.1,1487.4341461505433,-799.9013059853285,60.64984555956479,59.76392782054732,-1.0,True,False,False,False,101
coarse,1500.0,800.0,89.15,1488.1321964206893,-799.911967180266,60.62658592774126,59.743712546851555,-1.0,True,False,False,False,101
coarse,1500.0,800.0,89.2,1488.8302557286838,-799.9220192074434,60.60336665380415,59.72457151750074,-1.0,True,False,False,False,101
coarse,1500.0,800.0,89.25,1489.5283235429242,-799.9314620592056,60.580187690157615,59.70655876777843,-1.0,True,False,False,False,101
coarse,1500.0,800.0,89.3,1490.2263993318022,-799.9402957283615,60.55704898937089,59.68962064368923,-1.0,True,False,False,False,101
coarse,1500.0,800.0,89.35,1490.9244825637022,-799.948520208184,60.533950504175365,59.673810834023186,-1.0,True,False,False,False,101
coarse,1500.0,800.0,89.4,1491.6225727070034,-799.9561354924097,60.510892187467476,59.6590760329474,-1.0,True,False,False,False,101
coarse,1500.0,800.0,89.45,1492.32066923008,-799.9631415752392,60.48787399230611,59.645469580983146,-1.0,True,False,False,False,101
coarse,1500.0,800.0,89.5,1493.0187716013008,-799.969538451337,60.46489587191364,59.632938522227924,-1.0,True,False,False,False,101
coarse,1500.0,800.0,89.55,1493.7168792890309,-799.9753261158318,60.44195777967451,59.621535847156736,-1.0,True,False,False,False,101
coarse,1500.0,800.0,89.6,1494.4149917616307,-799.9805045643158,60.419059669136814,59.61120895156744,-1.0,True,False,False,False,101
coarse,1500.0,800.0,89.65,1495.1131084874573,-799.9850737928457,60.39620149400871,59.602010474109036,-1.0,True,False,False,False,101
coarse,1500.0,800.0,89.7,1495.8112289348644,-799.9890337979414,60.37338320816205,59.59388816405201,-1.0,True,False,False,False,101
coarse,1500.0,800.0,89.75,1496.5093525722027,-799.9923845765876,60.35060476562924,59.58689430643749,-1.0,True,False,False,False,101
coarse,1500.0,800.0,89.8,1497.207478867821,-799.9951261262323,60.32786612060442,59.58097700578296,-1.0,True,False,False,False,101
coarse,1500.0,800.0,89.85,1497.9056072900655,-799.9972584447878,60.30516722744223,59.57618819173761,-1.0,True,False,False,False,101
coarse,1500.0,800.0,89.9,1498.6037373072813,-799.9987815306301,60.28250804065823,59.57247632584249,-1.0,True,False,False,False,101
coarse,1500.0,800.0,89.95,1499.301868387812,-799.9996953825995,60.25988851492894,59.569892980568504,-1.0,True,False,False,False,101
coarse,1500.0,800.0,90.0,1500.0,-800.0,60.237308605089694,59.56838697625919,-1.0,True,False,False,False,101
coarse,1500.0,800.0,90.05,1500.698131612188,-799.9996953825995,60.21476826613691,59.568009526418656,-1.0,True,False,False,False,101
coarse,1500.0,800.0,90.1,1501.3962626927184,-799.9987815306301,60.19226745322598,59.568709811973875,-1.0,True,False,False,False,101
coarse,1500.0,800.0,90.15,1502.0943927099345,-799.9972584447878,60.169806121672096,59.57053868567143,-1.0,True,False,False,False,101
coarse,1500.0,800.0,90.2,1502.792521132179,-799.9951261262323,60.14738422694865,59.573445690804974,-1.0,True,False,False,False,101
coarse,1500.0,800.0,90.25,1503.490647427797,-799.9923845765876,60.12500172468866,59.57748131757071,-1.0,True,False,False,False,101
coarse,1500.0,800.0,90.3,1504.1887710651356,-799.9890337979414,60.10265857068321,59.58259547341422,-1.0,True,False,False,False,101
coarse,1500.0,800.0,90.35,1504.8868915125424,-799.9850737928457,60.08035472088212,59.58883828418639,-1.0,True,False,False,False,101
coarse,1500.0,800.0,90.4,1505.5850082383695,-799.9805045643158,60.05809013139247,59.59616002327226,-1.0,True,False,False,False,101
coarse,1500.0,800.0,90.45,1506.2831207109691,-799.9753261158318,60.03586475847901,59.604610450380086,-1.0,True,False,False,False,101
coarse,1500.0,800.0,90.5,1506.9812283986992,-799.969538451337,60.01367855856496,59.61414020662401,-1.0,True,False,False,False,101
coarse,1500.0,800.0,90.55,1507.6793307699202,-799.9631415752392,59.991531488230024,59.62479868377044,-1.0,True,False,False,False,101
coarse,1500.0,800.0,90.6,1508.3774272929966,-799.9561354924097,59.969423504210454,59.636536892454394,-1.0,True,False,False,False,101
coarse,1500.0,800.0,90.65,1509.075517436298,-799.948520208184,59.94735456340022,59.64940385469893,-1.0,True,False,False,False,101
coarse,1500.0,800.0,90.7,1509.7736006681978,-799.9402957283615,59.925324622848585,59.66335095245374,-1.0,True,False,False,False,101
coarse,1500.0,800.0,90.75,1510.4716764570755,-799.9314620592056,59.90333363976175,59.678426836195015,-1.0,True,False,False,False,101
coarse,1500.0,800.0,90.8,1511.1697442713162,-799.9220192074434,59.88138157150182,59.69458326098325,-1.0,True,False,False,False,101
coarse,1500.0,800.0,90.85,1511.8678035793107,-799.911967180266,59.85946837558609,59.71186850394195,-1.0,True,False,False,False,101
coarse,1500.0,800.0,90.9,1512.5658538494565,-799.9013059853285,59.83759400968783,59.73023469504056,-1.0,True,False,False,False,101
coarse,1500.0,800.0,90.95,1513.263894550158,-799.8900356307499,59.81575843163517,59.74972973624202,-1.0,True,False,False,False,101
coarse,1500.0,800.0,91.0,1513.9619251498268,-799.878156125113,59.793961599411055,59.77030613422509,1.0,True,False,False,False,101
coarse,1500.0,800.0,91.05,1514.6599451168822,-799.8656674774646,59.81715695519837,59.79201141398207,1.0,True,False,False,False,101
coarse,1500.0,800.0,91.1,1515.3579539197517,-799.8525696973154,59.840391355574866,59.81432450701157,1.0,True,False,False,False,101
coarse,1500.0,800.0,91.15,1516.0559510268713,-799.8388627946398,59.86366484815706,59.83667594565103,1.0,True,False,False,False,101
coarse,1500.0,800.0,91.2,1516.7539359066855,-799.8245467798764,59.88697748071657,59.8590657744483,1.0,True,False,False,False,101
coarse,1500.0,800.0,91.25,1517.4519080276489,-799.8096216639273,59.910329301180795,59.88149403810193,1.0,True,False,False,False,101
coarse,1500.0,800.0,91.3,1518.1498668582249,-799.7940874581586,59.93372035763455,59.903960781461585,1.0,True,False,False,False,101
coarse,1500.0,800.0,91.35,1518.847811866888,-799.7779441744004,59.95715069831901,59.926466049528266,1.0,True,False,False,False,101
coarse,1500.0,800.0,91.4,1519.5457425221225,-799.7611918249465,59.98062037163196,59.94900988745461,1.0,True,False,False,False,101
coarse,1500.0,800.0,91.45,1520.2436582924236,-799.7438304225545,60.00412942612965,59.97159234054505,1.0,True,False,False,False,101
coarse,1500.0,800.0,91.5,1520.9415586462985,-799.7258599804458,60.02767791052474,59.99421345425634,1.0,True,False,False,False,101
coarse,1500.0,800.0,91.55,1521.6394430522655,-799.7072805123058,60.051265873688926,60.01687327419754,1.0,True,False,False,False,101
coarse,1500.0,800.0,91.6,1522.3373109788552,-799.6880920322835,60.074893364651906,60.03957184613053,1.0,True,False,False,False,101
coarse,1500.0,800.0,91.65,1523.0351618946108,-799.6682945549917,60.09856043260203,60.06230921597021,1.0,True,False,False,False,101
coarse,1500.0,800.0,91.7,1523.7329952680886,-799.6478880955073,60.12226712688583,60.085085429784655,1.0,True,False,False,False,101
coarse,1500.0,800.0,91.75,1524.430810567858,-799.6268726693703,60.146013497010344,60.10790053379566,1.0,True,False,False,False,101
coarse,1500.0,800.0,91.8,1525.1286072625026,-799.6052482925853,60.169799592642065,60.130754574378905,1.0,True,False,False,False,101
coarse,1500.0,800.0,91.85,1525.8263848206195,-799.5830149816198,60.19362546360562,60.15364759806401,1.0,True,False,False,False,101
coarse,1500.0,800.0,91.9,1526.524142710821,-799.5601727534057,60.217491159888375,60.17657965153536,1.0,True,False,False,False,101
coarse,1500.0,800.0,91.95,1527.221880401734,-799.5367216253383,60.24139673163651,60.1995507816318,1.0,True,False,False,False,101
coarse,1500.0,800.0,92.0,1527.9195973620008,-799.5126616152766,60.265342229157476,60.22256103534734,1.0,True,False,False,False,101
coarse,1500.0,800.0,92.05,1528.6172930602795,-799.4879927415434,60.28932770292063,60.245610459831376,1.0,True,False,False,False,101
coarse,1500.0,800.0,92.1,1529.3149669652448,-799.462715022925,60.313353203555856,60.268699102388794,1.0,True,False,False,False,101
coarse,1500.0,800.0,92.15,1530.0126185455879,-799.4368284786717,60.337418781855476,60.29182701048045,1.0,True,False,False,False,101
coarse,1500.0,800.0,92.2,1530.710247270016,-799.410333128497,60.36152448877329,60.314994231723446,1.0,True,False,False,False,101
coarse,1500.0,800.0,92.25,1531.4078526072549,-799.3832289925783,60.38567037542693,60.33820081389139,1.0,True,False,False,False,101
coarse,1500.0,800.0,92.3,1532.1054340260478,-799.3555160915568,60.40985649309563,60.36144680491473,1.0,True,False,False,False,101
coarse,1500.0,800.0,92.35,1532.8029909951558,-799.3271944465369,60.43408289322238,60.384732252880966,1.0,True,False,False,False,101
coarse,1500.0,800.0,92.4,1533.5005229833596,-799.2982640790867,60.45834962741328,60.40805720603515,1.0,True,False,False,False,101
coarse,1500.0,800.0,92.45,1534.1980294594578,-799.2687250112381,60.482656747439,60.43142171277996,1.0,True,False,False,False,101
coarse,1500.0,800.0,92.5,1534.8955098922688,-799.2385772654862,60.50700430523346,60.45482582167622,1.0,True,False,False,False,101
coarse,1500.0,800.0,92.55,1535.5929637506308,-799.20782086479,60.531392352896354,60.47826958144301,1.0,True,False,False,False,101
coarse,1500.0,800.0,92.6,1536.290390503403,-799.1764558325718,60.55582094269098,60.50175304095818,1.0,True,False,False,False,101
coarse,1500.0,800.0,92.65,1536.9877896194641,-799.1444821927173,60.58029012704654,60.52527624925849,1.0,True,False,False,False,101
coarse,1500.0,800.0,92.7,1537.6851605677143,-799.111899969576,60.604799958557685,60.54883925554,1.0,True,False,False,False,101
coarse,1500.0,800.0,92.75,1538.3825028170752,-799.0787091879605,60.629350489985114,60.57244210915847,1.0,True,False,False,False,101
coarse,1500.0,800.0,92.8,1539.0798158364905,-799.0449098731473,60.65394177425585,60.596084859629485,1.0,True,False,False,False,101
coarse,1500.0,800.0,92.85,1539.7770990949261,-799.0105020508757,60.678573864463345,60.61976755662891,1.0,True,False,False,False,101
coarse,1500.0,800.0,92.9,1540.4743520613708,-798.9754857473489,60.703246813867715,60.64349024999322,1.0,True,False,False,False,101
coarse,1500.0,800.0,92.95,1541.1715742048352,-798.9398609892336,60.727960675897165,60.667252989719735,1.0,True,False,False,False,101
coarse,1500.0,800.0,93.0,1541.8687649943552,-798.9036278036591,60.75271550414726,60.691055825967084,1.0,True,False,True,False,101
refined,1500.0,800.0,90.9,1512.5658538494565,-799.9013059853285,59.83759400968783,59.72991902364173,-1.0,True,False,False,False,201
refined,1500.0,800.0,90.91,1512.7054627721632,-799.899100646916,59.83322379239669,59.7337455724283,-1.0,True,False,False,False,201
refined,1500.0,800.0,90.92,1512.8450713078396,-799.8968709421837,59.82885512628168,59.73761653431598,-1.0,True,False,False,False,201
refined,1500.0,800.0,90.93,1512.9846794522325,-799.8946168711993,59.82448801100739,59.74153191019035,-1.0,True,False,False,False,201
refined,1500.0,800.0,90.94,1513.1242872010896,-799.8923384340316,59.82012244623711,59.745491700937215,-1.0,True,False,False,False,201
refined,1500.0,800.0,90.95,1513.263894550158,-799.8900356307499,59.81575843163517,59.74949590744268,-1.0,True,False,False,False,201
refined,1500.0,800.0,90.96,1513.4035014951849,-799.8877084614243,59.811395966865774,59.753544530593,-1.0,True,False,False,False,201
refined,1500.0,800.0,90.97,1513.543108031918,-799.885356926126,59.80703505159371,59.75763757127485,-1.0,True,False,False,False,201
refined,1500.0,800.0,90.98,1513.6827141561046,-799.8829810249262,59.80267568548377,59.761775030375006,-1.0,True,False,False,False,201
refined,1500.0,800.0,90.99,1513.8223198634917,-799.8805807578974,59.79831786820113,59.765956908780566,-1.0,True,False,False,False,201
refined,1500.0,800.0,91.0,1513.9619251498268,-799.878156125113,59.793961599411055,59.770183207378885,1.0,True,False,False,False,201
refined,1500.0,800.0,91.01,1514.1015300108575,-799.8757071266466,59.798597549281354,59.77445392705754,1.0,True,False,False,False,201
refined,1500.0,800.0,91.02,1514.2411344423308,-799.8732337625728,59.80323505941608,59.77876906870441,1.0,True,False,False,False,201
refined,1500.0,800.0,91.03,1514.3807384399945,-799.8707360329671,59.80787413019374,59.7831286332076,1.0,True,False,False,False,201
refined,1500.0,800.0,91.04,1514.520341999596,-799.8682139379054,59.81251476199456,59.78753262145544,1.0,True,False,False,False,201
refined,1500.0,800.0,91.05,1514.6599451168822,-799.8656674774646,59.81715695519837,59.79198103433655,1.0,True,False,False,False,201
refined,1500.0,800.0,91.06,1514.7995477876013,-799.8630966517223,59.821800710184874,59.79644058477048,1.0,True,False,False,False,201
refined,1500.0,800.0,91.07,1514.9391500075,-799.8605014607568,59.826446027335194,59.80090166760261,1.0,True,False,False,False,201
refined,1500.0,800.0,91.08,1515.0787517723265,-799.8578819046472,59.83109290702953,59.80536428318783,1.0,True,False,False,False,201
refined,1500.0,800.0,91.09,1515.218353077828,-799.8552379834732,59.83574134964911,59.80982843188134,1.0,True,False,False,False,201
refined,1500.0,800.0,91.1,1515.3579539197517,-799.8525696973154,59.840391355574866,59.81429411403858,1.0,True,False,False,False,201
coarse,1500.0,1000.0,88.0,1465.100503297499,-999.3908270190958,65.0778082560608,64.00554103983264,-1.0,True,False,True,False,101
coarse,1500.0,1000.0,88.05,1465.9726494978324,-999.4209020316729,65.0496144839836,63.978607536520165,-1.0,True,False,True,False,101
coarse,1500.0,1000.0,88.1,1466.8448216114734,-999.450215941757,65.02146321084302,63.951713986169594,-1.0,True,False,True,False,101
coarse,1500.0,1000.0,88.15,1467.7170189742258,-999.4787687270248,64.99335437507385,63.924860331759405,-1.0,True,False,True,False,101
coarse,1500.0,1000.0,88.2,1468.5892409218718,-999.5065603657316,64.96528791528425,63.89804651642394,-1.0,True,False,True,False,101
coarse,1500.0,1000.0,88.25,1469.4614867901773,-999.5335908367128,64.93726377025529,63.87127248345342,-1.0,True,False,True,False,101
coarse,1500.0,1000.0,88.3,1470.3337559148893,-999.559860119384,64.90928187893978,63.84453817629333,-1.0,True,False,True,False,101
coarse,1500.0,1000.0,88.35,1471.2060476317365,-999.5853681937397,64.88134218046453,63.81784353854421,-1.0,True,False,True,False,101
coarse,1500.0,1000.0,88.4,1472.0783612764312,-999.6101150403543,64.85344461412684,63.79118851396123,-1.0,True,False,True,False,101
coarse,1500.0,1000.0,88.45,1472.9506961846682,-999.6341006403823,64.82558911939638,63.76457304645381,-1.0,True,False,True,False,101
coarse,1500.0,1000.0,88.5,1473.823051692127,-999.6573249755572,64.79777563591327,63.737997080085385,-1.0,True,False,True,False,101
coarse,1500.0,1000.0,88.55,1474.6954271344703,-999.6797880281931,64.77000410348793,63.711460559072805,-1.0,True,False,True,False,101
coarse,1500.0,1000.0,88.6,1475.5678218473467,-999.7014897811831,64.74227446210242,63.684963427786315,-1.0,True,False,True,False,101
coarse,1500.0,1000.0,88.65,1476.4402351663898,-999.7224302180006,64.71458665190778,63.658505630748884,-1.0,True,False,True,False,101
coarse,1500.0,1000.0,88.7,1477.3126664272186,-999.7426093226983,64.68694061322434,63.63208711263606,-1.0,True,False,True,False,101
coarse,1500.0,1000.0,88.75,1478.1851149654387,-999.7620270799091,64.65933628654179,63.6057078182756,-1.0,True,False,True,False,101
coarse,1500.0,1000.0,88.8,1479.0575801166428,-999.7806834748455,64.63177361251827,63.57936769264699,-1.0,True,False,True,False,101
coarse,1500.0,1000.0,88.85,1479.9300612164109,-999.7985784932998,64.604252531981,63.55306668088125,-1.0,True,False,True,False,101
coarse,1500.0,1000.0,88.9,1480.8025576003104,-999.8157121216442,64.57677298592435,63.526804728260515,-1.0,True,False,True,False,101
coarse,1500.0,1000.0,88.95,1481.6750686038972,-999.8320843468308,64.54933491551061,63.5005817802177,-1.0,True,False,True,False,101
coarse,1500.0,1000.0,89.0,1482.5475935627164,-999.8476951563913,64.52193826206972,63.47439778233619,-1.0,True,False,True,False,101
coarse,1500.0,1000.0,89.05,1483.4201318123023,-999.8625445384374,64.49458296709676,63.448376430456825,-1.0,True,False,False,False,101
coarse,1500.0,1000.0,89.1,1484.2926826881792,-999.8766324816606,64.46726897225516,63.42344192702974,-1.0,True,False,False,False,101
coarse,1500.0,1000.0,89.15,1485.1652455258616,-999.8899589753325,64.43999621937354,63.39982378850133,-1.0,True,False,False,False,101
coarse,1500.0,1000.0,89.2,1486.0378196608547,-999.9025240093042,64.41276465044606,63.37746918884746,-1.0,True,False,False,False,101
coarse,1500.0,1000.0,89.25,1486.9104044286555,-999.914327574007,64.38557420763225,63.35643155656614,-1.0,True,False,False,False,101
coarse,1500.0,1000.0,89.3,1487.782999164753,-999.925369660452,64.3584248332576,63.33665771989686,-1.0,True,False,False,False,101
coarse,1500.0,1000.0,89.35,1488.6556032046276,-999.93565026023,64.33131646980975,63.31820145562941,-1.0,True,False,False,False,101
coarse,1500.0,1000.0,89.4,1489.5282158837545,-999.9451693655121,64.304249059943,63.30100924468615,-1.0,True,False,False,False,101
coarse,1500.0,1000.0,89.45,1490.4008365375998,-999.9539269690489,64.27722254647387,63.28513521371802,-1.0,True,False,False,False,101
coarse,1500.0,1000.0,89.5,1491.273464501626,-999.9619230641713,64.25023687238361,63.27052549474624,-1.0,True,False,False,False,101
coarse,1500.0,1000.0,89.55,1492.1460991112885,-999.9691576447897,64.22329198081557,63.25723456585576,-1.0,True,False,False,False,101
coarse,1500.0,1000.0,89.6,1493.0187397020384,-999.9756307053948,64.19638781507635,63.245208208579385,-1.0,True,False,False,False,101
coarse,1500.0,1000.0,89.65,1493.8913856093218,-999.9813422410571,64.16952431863484,63.23450125401181,-1.0,True,False,False,False,101
coarse,1500.0,1000.0,89.7,1494.7640361685806,-999.9862922474267,64.14270143512138,63.2250591316072,-1.0,True,False,False,False,101
coarse,1500.0,1000.0,89.75,1495.6366907152535,-999.9904807207345,64.11591910832915,63.21693702704902,-1.0,True,False,False,False,101
coarse,1500.0,1000.0,89.8,1496.5093485847763,-999.9939076577904,64.08917728221151,63.210080016119214,-1.0,True,False,False,False,101
coarse,1500.0,1000.0,89.85,1497.382009112582,-999.9965730559848,64.06247590088387,63.20454364067226,-1.0,True,False,False,False,101
coarse,1500.0,1000.0,89.9,1498.2546716341017,-999.9984769132877,64.03581490862089,63.200272621221224,-1.0,True,False,False,False,101
coarse,1500.0,1000.0,89.95,1499.127335484765,-999.9996192282495,64.00919424985891,63.197322857376946,-1.0,True,False,False,False,101
coarse,1500.0,1000.0,90.0,1500.0,-1000.0,63.982613869192946,63.1956387127838,-1.0,True,False,False,False,101
coarse,1500.0,1000.0,90.05,1500.872664515235,-999.9996192282495,63.956073711378515,63.19527644639746,-1.0,True,False,False,False,101
coarse,1500.0,1000.0,90.1,1501.745328365898,-999.9984769132877,63.92957372132985,63.196180063390656,-1.0,True,False,False,False,101
coarse,1500.0,1000.0,90.15,1502.617990887418,-999.9965730559848,63.90311384412053,63.19840618365564,-1.0,True,False,False,False,101
coarse,1500.0,1000.0,90.2,1503.4906514152237,-999.9939076577904,63.876694024982,63.201898452287345,-1.0,True,False,False,False,101
coarse,1500.0,1000.0,90.25,1504.3633092847465,-999.9904807207345,63.85031420930419,63.20671385170937,-1.0,True,False,False,False,101
coarse,1500.0,1000.0,90.3,1505.2359638314194,-999.9862922474267,63.82397434263558,63.21279566532973,-1.0,True,False,False,False,101
coarse,1500.0,1000.0,90.35,1506.1086143906782,-999.9813422410571,63.797674370680824,63.22020123970122,-1.0,True,False,False,False,101
coarse,1500.0,1000.0,90.4,1506.9812602979616,-999.9756307053948,63.7714142393031,63.22887349493248,-1.0,True,False,False,False,101
coarse,1500.0,1000.0,90.45,1507.8539008887115,-999.9691576447897,63.745193894521414,63.23887014330676,-1.0,True,False,False,False,101
coarse,1500.0,1000.0,90.5,1508.726535498374,-999.9619230641713,63.71901328251214,63.25013374001796,-1.0,True,False,False,False,101
coarse,1500.0,1000.0,90.55,1509.5991634624002,-999.9539269690489,63.692872349607164,63.262722364683654,-1.0,True,False,False,False,101
coarse,1500.0,1000.0,90.6,1510.4717841162458,-999.9451693655121,63.66677104229482,63.27657820596457,-1.0,True,False,False,False,101
coarse,1500.0,1000.0,90.65,1511.3443967953724,-999.93565026023,63.64070930721791,63.29175971242004,-1.0,True,False,False,False,101
coarse,1500.0,1000.0,90.7,1512.2170008352473,-999.925369660452,63.614687091176364,63.308208704555774,-1.0,True,False,False,False,101
coarse,1500.0,1000.0,90.75,1513.0895955713445,-999.914327574007,63.58870434112307,63.3259840014832,-1.0,True,False,False,False,101
coarse,1500.0,1000.0,90.8,1513.9621803391453,-999.9025240093042,63.56276100416648,63.34502705392854,-1.0,True,False,False,False,101
coarse,1500.0,1000.0,90.85,1514.8347544741382,-999.8899589753325,63.5368570275692,63.36539705316859,-1.0,True,False,False,False,101
coarse,1500.0,1000.0,90.9,1515.7073173118208,-999.8766324816606,63.51099235874751,63.38703507852224,-1.0,True,False,False,False,101
coarse,1500.0,1000.0,90.95,1516.5798681876975,-999.8625445384374,63.48516694527192,63.410000695048296,-1.0,True,False,False,False,101
coarse,1500.0,1000.0,91.0,1517.4524064372836,-999.8476951563913,63.45938073486511,63.43423460902745,1.0,True,False,False,False,101
coarse,1500.0,1000.0,91.05,1518.3249313961028,-999.8320843468308,63.48648478992747,63.45979676092008,1.0,True,False,False,False,101
coarse,1500.0,1000.0,91.1,1519.1974423996894,-999.8157121216442,63.51362852933038,63.48596159569116,1.0,True,False,False,False,101
coarse,1500.0,1000.0,91.15,1520.0699387835891,-999.7985784932998,63.54081201048856,63.5121653049308,1.0,True,False,False,False,101
coarse,1500.0,1000.0,91.2,1520.942419883357,-999.7806834748455,63.568035290970556,63.53840794286051,1.0,True,False,False,False,101
coarse,1500.0,1000.0,91.25,1521.814885034561,-999.7620270799091,63.59529842850206,63.56468956385131,1.0,True,False,False,False,101
coarse,1500.0,1000.0,91.3,1522.6873335727812,-999.7426093226983,63.62260148096446,63.5910102224243,1.0,True,False,False,False,101
coarse,1500.0,1000.0,91.35,1523.55976483361,-999.7224302180006,63.64994450639626,63.61736997325062,1.0,True,False,False,False,101
coarse,1500.0,1000.0,91.4,1524.432178152653,-999.7014897811831,63.67732756299142,63.64376887115206,1.0,True,False,False,False,101
coarse,1500.0,1000.0,91.45,1525.3045728655295,-999.6797880281931,63.704750709104005,63.67020697110127,1.0,True,False,False,False,101
coarse,1500.0,1000.0,91.5,1526.176948307873,-999.6573249755572,63.73221400324281,63.69668432822231,1.0,True,False,False,False,101
coarse,1500.0,1000.0,91.55,1527.0493038153318,-999.6341006403823,63.759717504077315,63.72320099779063,1.0,True,False,False,False,101
coarse,1500.0,1000.0,91.6,1527.9216387235688,-999.6101150403543,63.787261270434456,63.7497570352338,1.0,True,False,False,False,101
coarse,1500.0,1000.0,91.65,1528.7939523682637,-999.5853681937397,63.81484536129958,63.77635249613161,1.0,True,False,False,False,101
coarse,1500.0,1000.0,91.7,1529.6662440851107,-999.559860119384,63.84246983581761,63.80298743621652,1.0,True,False,False,False,101
coarse,1500.0,1000.0,91.75,1530.5385132098227,-999.5335908367128,63.87013475329381,63.82966191137404,1.0,True,False,False,False,101
coarse,1500.0,1000.0,91.8,1531.4107590781282,-999.5065603657316,63.89784017319328,63.856375977642955,1.0,True,False,False,False,101
coarse,1500.0,1000.0,91.85,1532.2829810257745,-999.4787687270248,63.925586155140195,63.883129691215764,1.0,True,False,False,False,101
coarse,1500.0,1000.0,91.9,1533.1551783885263,-999.4502159417572,63.953372758921546,63.90992310843914,1.0,True,False,False,False,101
coarse,1500.0,1000.0,91.95,1534.0273505021676,-999.4209020316729,63.98120004448438,63.93675628581401,1.0,True,False,False,False,101
coarse,1500.0,1000.0,92.0,1534.899496702501,-999.3908270190958,64.00906807193712,63.96362927999625,1.0,True,False,False,False,101
coarse,1500.0,1000.0,92.05,1535.7716163253494,-999.3599909269292,64.03697690155103,63.99054214779672,1.0,True,False,False,False,101
coarse,1500.0,1000.0,92.1,1536.6437087065563,-999.3283937786563,64.06492659375982,64.017494946182,1.0,True,False,False,False,101
coarse,1500.0,1000.0,92.15,1537.5157731819847,-999.2960355983396,64.09291720915867,64.04448773227426,1.0,True,False,False,False,101
coarse,1500.0,1000.0,92.2,1538.3878090875198,-999.2629164106212,64.12094880850682,64.07152056335217,1.0,True,False,False,False,101
coarse,1500.0,1000.0,92.25,1539.2598157590685,-999.2290362407228,64.14902145272792,64.0985934968508,1.0,True,False,False,False,101
coarse,1500.0,1000.0,92.3,1540.1317925325595,-999.1943951144459,64.17713520290789,64.12570659036233,1.0,True,False,False,False,101
coarse,1500.0,1000.0,92.35,1541.003738743945,-999.1589930581711,64.20529012029837,64.15285990163616,1.0,True,False,False,False,101
coarse,1500.0,1000.0,92.4,1541.8756537291997,-999.1228300988583,64.23348626631503,64.18005348857952,1.0,True,False,False,False,101
coarse,1500.0,1000.0,92.45,1542.7475368243222,-999.0859062640476,64.26172370253896,64.2072874092576,1.0,True,False,False,False,101
coarse,1500.0,1000.0,92.5,1543.6193873653358,-999.0482215818578,64.29000249071736,64.23456172189417,1.0,True,False,False,False,101
coarse,1500.0,1000.0,92.55,1544.4912046882887,-999.0097760809875,64.31832269276255,64.26187648487169,1.0,True,False,False,False,101
coarse,1500.0,1000.0,92.6,1545.3629881292536,-998.9705697907148,64.3466843707537,64.28923175673201,1.0,True,False,False,False,101
coarse,1500.0,1000.0,92.65,1546.2347370243301,-998.9306027408966,64.37508758693694,64.31662759617642,1.0,True,False,False,False,101
coarse,1500.0,1000.0,92.7,1547.1064507096428,-998.88987496197,64.40353240372554,64.34406406206625,1.0,True,False,False,False,101
coarse,1500.0,1000.0,92.75,1547.978128521344,-998.8483864849507,64.43201888370058,64.37154121342311,1.0,True,False,False,False,101
coarse,1500.0,1000.0,92.8,1548.8497697956132,-998.8061373414341,64.46054708961087,64.39905910942949,1.0,True,False,False,False,101
coarse,1500.0,1000.0,92.85,1549.7213738686578,-998.7631275635946,64.48911708437404,64.42661780942886,1.0,True,False,False,False,101
coarse,1500.0,1000.0,92.9,1550.5929400767134,-998.7193571841862,64.5177289310762,64.45421737292628,1.0,True,False,False,False,101
coarse,1500.0,1000.0,92.95,1551.464467756044,-998.6748262365419,64.54638269297361,64.48185785958869,1.0,True,False,False,False,101
coarse,1500.0,1000.0,93.0,1552.335956242944,-998.6295347545738,64.57507843349153,64.50953932924527,1.0,True,False,True,False,101
refined,1500.0,1000.0,90.9,1515.7073173118208,-999.8766324816606,63.51099235874751,63.38667562750714,-1.0,True,False,False,False,201
refined,1500.0,1000.0,90.91,1515.881828465204,-999.873875808645,63.50582413730002,63.39118367654004,-1.0,True,False,False,False,201
refined,1500.0,1000.0,90.92,1516.0563391347996,-999.8710886777296,63.500657485646855,63.39574389291672,-1.0,True,False,False,False,201
refined,1500.0,1000.0,90.93,1516.2308493152907,-999.8682710889991,63.495492403370044,63.400356278480885,-1.0,True,False,False,False,201
refined,1500.0,1000.0,90.94,1516.405359001362,-999.8654230425394,63.49032889005078,63.40502083507699,-1.0,True,False,False,False,201
refined,1500.0,1000.0,90.95,1516.5798681876975,-999.8625445384374,63.48516694527192,63.40973756455,-1.0,True,False,False,False,201
refined,1500.0,1000.0,90.96,1516.7543768689811,-999.8596355767804,63.48000656861508,63.41450646874559,-1.0,True,False,False,False,201
refined,1500.0,1000.0,90.97,1516.9288850398978,-999.8566961576573,63.4748477596633,63.419327549509994,-1.0,True,False,False,False,201
refined,1500.0,1000.0,90.98,1517.1033926951307,-999.8537262811576,63.46969051799899,63.42420080869009,-1.0,True,False,False,False,201
refined,1500.0,1000.0,90.99,1517.2778998293645,-999.8507259473718,63.46453484320514,63.429126248133315,-1.0,True,False,False,False,201
refined,1500.0,1000.0,91.0,1517.4524064372836,-999.8476951563913,63.45938073486511,63.43410386968783,1.0,True,False,False,False,201
refined,1500.0,1000.0,91.01,1517.6269125135716,-999.8446339083082,63.46479837388098,63.43913367520233,1.0,True,False,False,False,201
refined,1500.0,1000.0,91.02,1517.8014180529135,-999.841542203216,63.470217598437074,63.444215666526155,1.0,True,False,False,False,201
refined,1500.0,1000.0,91.03,1517.975923049993,-999.8384200412088,63.47563840899137,63.44934984550924,1.0,True,False,False,False,201
refined,1500.0,1000.0,91.04,1518.150427499495,-999.8352674223817,63.48106080600232,63.454536214002225,1.0,True,False,False,False,201
refined,1500.0,1000.0,91.05,1518.3249313961028,-999.8320843468308,63.48648478992747,63.459764517714255,1.0,True,False,False,False,201
refined,1500.0,1000.0,91.06,1518.4994347345016,-999.8288708146529,63.491910361225585,63.46499437423684,1.0,True,False,False,False,201
refined,1500.0,1000.0,91.07,1518.673937509375,-999.8256268259461,63.497337520355956,63.47022578400214,1.0,True,False,False,False,201
refined,1500.0,1000.0,91.08,1518.848439715408,-999.822352380809,63.50276626777719,63.47545874744244,1.0,True,False,False,False,201
refined,1500.0,1000.0,91.09,1519.022941347285,-999.8190474793415,63.508196603949116,63.48069326499036,1.0,True,False,False,False,201
refined,1500.0,1000.0,91.1,1519.1974423996894,-999.8157121216442,63.51362852933038,63.48592933707866,1.0,True,False,False,False,201
