pareto_index,stage,resolution_m,x,y,movement_distance,guaranteed_receive_coverage,possible_receive_coverage,near_area_coverage,direction_available_coverage,clear_ready_coverage,operational_good_coverage,uniform_guaranteed_receive_coverage,uniform_clear_ready_coverage,uniform_operational_good_coverage,worst_diameter_median,worst_diameter_mean,worst_diameter_p90,worst_diameter_p95,worst_diameter_max,unbounded_fraction_of_direction_area,mean_abs_orthogonality_error_deg,orthogonal_80_100_area_coverage,target_sample_count,epsilon_sample_count
1,refine_2m,2.0,0.0,0.0,0.0,0.9669008587041374,0.9968774395003903,0.0,0.9669008587041374,0.0,0.0,0.9793650793650793,0.0,0.0,nan,nan,nan,nan,nan,1.0,90.0,0.0,1260,9
2,refine_2m,2.0,0.0,2.0,2.0,0.6994535519125683,0.9828259172521467,0.0,0.6994535519125683,0.00018214936247723133,0.00018214936247723133,0.8166666666666667,0.005555555555555556,0.005555555555555556,68.08512261652018,215.42544241974457,579.2036835182016,1257.7363255549217,1257.7363255549217,0.9989955357142857,89.82455338327922,0.0,1260,9
3,refine_2m,2.0,2.0,0.0,2.0,1.0,1.0,0.0,1.0,0.0,0.0,1.0,0.0,0.0,nan,nan,nan,nan,nan,1.0,89.99861728586663,0.0,1260,9
4,refine_2m,2.0,2.0,2.0,2.8284271247461903,1.0,1.0,0.0,1.0,0.00026021337496747333,0.00026021337496747333,1.0,0.007936507936507936,0.007936507936507936,60.77718493629887,940.1987307345739,998.3901101544802,11973.216353746115,11973.216353746115,0.9991933385376008,89.84876955104428,0.0,1260,9
5,refine_2m,2.0,0.0,4.0,4.0,0.6928181108508977,0.9828259172521467,0.0,0.6928181108508977,0.000546448087431694,0.000546448087431694,0.8119047619047619,0.016666666666666666,0.016666666666666666,172.9313821169596,472.45292735517774,1158.4073670364032,2515.4726511098434,4276.605293297561,0.995943661971831,89.6478850098979,0.0,1260,9
6,refine_2m,2.0,2.0,4.0,4.47213595499958,1.0,1.0,0.0,1.0,0.000546448087431694,0.000546448087431694,1.0,0.016666666666666666,0.016666666666666666,158.1081435012819,618.935830194362,1465.658043266607,4546.7191588229025,6757.975298768773,0.997007546187874,89.69760107409458,0.0,1260,9
7,refine_2m,2.0,4.0,2.0,4.47213595499958,1.0,1.0,0.0,1.0,0.00036429872495446266,0.00036429872495446266,1.0,0.011111111111111112,0.011111111111111112,49.16496510811381,367.21185759237994,818.3013937883184,3691.3991313460733,3691.3991313460733,0.9991412958626074,89.8477434355061,0.0,1260,9
8,refine_2m,2.0,-4.0,4.0,5.656854249492381,0.4262295081967213,0.9672131147540983,0.0,0.4262295081967213,0.000546448087431694,0.000546448087431694,0.65,0.016666666666666666,0.016666666666666666,187.49144442960133,479.91818438827164,1330.171657245293,2502.921817885768,3330.0887658481297,0.994017094017094,89.54933673883805,0.0,1260,9
9,refine_2m,2.0,0.0,6.0,6.0,0.6721311475409836,0.9812646370023419,0.0,0.6721311475409836,0.0009107468123861566,0.0009107468123861566,0.8,0.022222222222222223,0.022222222222222223,236.9375991854348,807.1708343148451,1737.6110505546048,3773.208976666967,9740.410661705218,0.9905536198219125,89.46374243079035,0.0,1260,9
10,refine_2m,2.0,-2.0,6.0,6.324555320336759,0.4262295081967213,0.9672131147540983,0.0,0.4262295081967213,0.0008066614623991673,0.0008066614623991673,0.65,0.020634920634920634,0.020634920634920634,251.66040698505168,725.1509852579713,1915.0146559595125,3415.5170841008157,6955.037774893319,0.9856532356532357,89.31876855084289,0.0,1260,9
11,refine_2m,2.0,2.0,6.0,6.324555320336759,1.0,1.0,0.0,1.0,0.001014832162373146,0.001014832162373146,1.0,0.023809523809523808,0.023809523809523808,225.07146454777907,794.7439730291319,1663.1547138112353,3487.463914227534,11576.76230906149,0.9934946656258131,89.54655283705554,0.0,1260,9
12,refine_2m,2.0,6.0,2.0,6.324555320336759,1.0,1.0,0.0,1.0,0.000468384074941452,0.000468384074941452,1.0,0.014285714285714285,0.014285714285714285,39.68245164390802,245.85124778085373,685.6029070582368,2123.312219145115,2123.312219145115,0.9990892531876139,89.84664008622164,0.0,1260,9
13,refine_2m,2.0,4.0,6.0,7.211102550927978,1.0,1.0,0.0,1.0,0.00117096018735363,0.00117096018735363,1.0,0.02619047619047619,0.02619047619047619,224.72185125475332,1014.7942957908567,2269.1045630059807,5976.696827879623,11003.997587932006,0.9930783242258652,89.5435296316463,0.0,1260,9
14,refine_2m,2.0,6.0,4.0,7.211102550927978,1.0,1.0,0.0,1.0,0.000546448087431694,0.000546448087431694,1.0,0.016666666666666666,0.016666666666666666,139.79233335300216,391.97752652720084,1069.7061240436663,2271.6445891992184,3138.7603789453196,0.9968253968253968,89.69337660591881,0.0,1260,9
15,refine_2m,2.0,0.0,8.0,8.0,0.665495706479313,0.9812646370023419,0.0,0.665495706479313,0.001639344262295082,0.001639344262295082,0.7952380952380952,0.03333333333333333,0.03333333333333333,341.6753488915837,1529.4010882970745,2892.9788682635367,7027.524338038667,27634.868221438544,0.9826783968719452,89.2825030916128,0.0,1260,9
16,refine_2m,2.0,2.0,8.0,8.246211251235321,1.0,1.0,0.0,1.0,0.001639344262295082,0.001639344262295082,1.0,0.03333333333333333,0.03333333333333333,327.46462379071465,1716.1467106350058,3716.9082976051955,7320.869879963781,36303.20454514569,0.9881342701014832,89.39567642314427,0.0,1260,9
17,refine_2m,2.0,8.0,2.0,8.246211251235321,1.0,1.0,0.0,1.0,0.000546448087431694,0.000546448087431694,1.0,0.016666666666666666,0.016666666666666666,31.83120731587952,187.91313837794488,583.4943356661395,1458.1146704390123,1458.1146704390123,0.9990372105126204,89.84543871580003,0.0,1260,9
18,refine_2m,2.0,6.0,6.0,8.48528137423857,1.0,1.0,0.0,1.0,0.0012750455373406193,0.0012750455373406193,1.0,0.027777777777777776,0.027777777777777776,230.72816360753285,1698.8276505606948,2995.1703304634416,5123.386942234583,35919.64906123836,0.9928181108508978,89.54029693340269,0.0,1260,9
19,refine_2m,2.0,4.0,8.0,8.94427190999916,1.0,1.0,0.0,1.0,0.001639344262295082,0.001639344262295082,1.0,0.03333333333333333,0.03333333333333333,310.41219436475217,1106.448685474807,2931.316086533214,5205.9667640492125,13515.950597537547,0.9879781420765027,89.3917035265249,0.0,1260,9
20,refine_2m,2.0,8.0,6.0,10.0,1.0,1.0,0.0,1.0,0.0014311735623211033,0.0014311735623211033,1.0,0.03015873015873016,0.03015873015873016,212.73308186823633,803.7129617975033,2153.5801295336746,4221.304835729089,8246.55282121041,0.992688004163414,89.5368054842083,0.0,1260,9
21,refine_10m,10.0,10.0,10.0,14.142135623730951,1.0,1.0,0.0,1.0,0.002263856362217018,0.002263856362217018,1.0,0.03968253968253968,0.03968253968253968,416.69785815885666,3599.480332894616,4813.14927085147,12688.073734854626,74063.9762860928,0.9796773354150403,89.22349596474072,0.0,1260,9
22,refine_10m,10.0,0.0,20.0,20.0,0.5881342701014832,0.9781420765027322,0.0,0.5881342701014832,0.0037991152745251106,0.0037991152745251106,0.7476190476190476,0.05396825396825397,0.05396825396825397,800.0188967137456,3570.668158091397,6813.816711532539,13876.563476568559,116193.69376217591,0.8779311565348199,88.10174865273929,0.0,1260,9
23,refine_10m,10.0,20.0,0.0,20.0,1.0,1.0,2.6021337496747333e-05,0.9999739786625033,0.000156128024980484,0.00018214936247723133,1.0,0.004761904761904762,0.005555555555555556,13.393474582616928,20.94621398013008,40.250348212562805,40.250348212562805,40.250348212562805,0.999791823883005,89.9845442355797,0.0,1260,9
24,refine_10m,10.0,10.0,20.0,22.360679774997898,1.0,1.0,0.0,1.0,0.004735883424408015,0.004735883424408015,1.0,0.06111111111111111,0.06111111111111111,787.2346392798825,4111.8230630820435,7994.737326950057,22733.595794114513,107306.28296916035,0.9232370543845954,88.45833417640176,0.0,1260,9
25,refine_10m,10.0,20.0,10.0,22.360679774997898,1.0,1.0,0.0,1.0,0.003044496487119438,0.003044496487119438,1.0,0.047619047619047616,0.047619047619047616,365.66569979792297,2930.574512982139,4091.506968941592,8449.646525740194,72563.43981096619,0.9777777777777777,89.18380695025095,0.0,1260,9
26,refine_10m,10.0,20.0,20.0,28.284271247461902,1.0,1.0,0.0,1.0,0.00546448087431694,0.00546448087431694,1.0,0.06666666666666667,0.06666666666666667,773.7067612545702,5797.81619446096,7988.19729785436,14182.351033335603,148127.9525721856,0.9193338537600833,88.40149817751957,0.0,1260,9
27,refine_10m,10.0,0.0,30.0,30.0,0.5253447827218319,0.9750195160031225,0.0,0.5253447827218319,0.00585480093676815,0.00585480093676815,0.7087301587301588,0.06904761904761905,0.06904761904761905,1209.5553991776897,5668.962833293107,11562.959777989041,27345.994865387423,111298.36470782288,0.6891871811382436,86.99751637599047,0.0,1260,9
28,refine_10m,10.0,30.0,0.0,30.0,1.0,1.0,2.6021337496747333e-05,0.9999739786625033,0.0005204267499349467,0.000546448087431694,1.0,0.015873015873015872,0.016666666666666666,15.029414859643673,19.326523721258916,30.000000000000007,30.000000000000007,30.000000000000007,0.9994795597075126,89.97593968232981,0.0,1260,9
29,refine_10m,10.0,10.0,30.0,31.622776601683793,1.0,1.0,0.0,1.0,0.00702576112412178,0.00702576112412178,1.0,0.0761904761904762,0.0761904761904762,1175.9158374081153,5472.500189221012,10682.40653549712,18990.191710443272,176050.15228892362,0.832552693208431,87.70418177202106,0.0,1260,9
30,refine_10m,10.0,30.0,10.0,31.622776601683793,1.0,1.0,0.0,1.0,0.003278688524590164,0.003278688524590164,1.0,0.05,0.05,359.9897496503268,3143.3888688895886,4437.659770455981,11745.451534650283,70923.0736183678,0.9754618787405672,89.15361476371321,0.0,1260,9
31,refine_10m,10.0,20.0,30.0,36.05551275463989,1.0,1.0,0.0,1.0,0.00819672131147541,0.00819672131147541,1.0,0.08333333333333333,0.08333333333333333,1157.0694584391783,4684.99992347955,10807.35339601537,26703.9170876234,79816.7320785189,0.8259953161592506,87.6325935051985,0.00044236273744470466,1260,9
32,refine_10m,10.0,30.0,20.0,36.05551275463989,1.0,1.0,0.0,1.0,0.0059849076242518865,0.0059849076242518865,1.0,0.06984126984126984,0.06984126984126984,749.4013380592443,10276.909598247765,7321.486500101788,15693.801894726594,1659531.222560296,0.9160031225604996,88.3477117856787,0.0,1260,9
33,refine_10m,10.0,30.0,30.0,42.42640687119285,1.0,1.0,0.0,1.0,0.008508977361436378,0.008508977361436378,1.0,0.08492063492063492,0.08492063492063492,1141.3931849251262,7332.338149582253,11195.078227479542,21273.52655000341,277877.4329214703,0.8193338537600833,87.56055279273792,0.00039032006245121,1260,9
34,refine_50m,50.0,0.0,50.0,50.0,0.4308352849336456,0.9687743950039032,0.0,0.4308352849336456,0.01053864168618267,0.01053864168618267,0.6523809523809524,0.09523809523809523,0.09523809523809523,1296.329730891573,4406.342919497345,7576.382996309114,15242.677776584904,223282.27257497824,0.16724044210907774,84.47142142383181,0.0,1260,9
35,refine_50m,50.0,50.0,50.0,70.71067811865476,1.0,1.0,0.0,1.0,0.01483216237314598,0.01483216237314598,1.0,0.10238095238095238,0.10238095238095238,1902.3219748752101,14092.948158816549,18602.30872069149,43540.09634586529,1500731.943001686,0.49661722612542286,85.80419550060871,0.001092896174863388,1260,9
36,coarse_100m,100.0,0.0,100.0,100.0,0.4262295081967213,0.9672131147540983,0.0,0.4262295081967213,0.019672131147540985,0.019672131147540985,0.65,0.13333333333333333,0.13333333333333333,474.6736517309551,550.0069363637633,1120.1156581283221,1364.9042377216217,2093.8193766174704,0.0,79.2874965282679,0.0,1260,9
37,coarse_100m,100.0,-100.0,100.0,141.4213562373095,0.3442622950819672,0.8415300546448088,0.0,0.3442622950819672,0.00819672131147541,0.00819672131147541,0.5833333333333334,0.08333333333333333,0.08333333333333333,497.0527113863126,554.0142970449546,1084.7681305250178,1288.8008353141793,1884.063666370357,0.0,80.60090302345687,0.0,1260,9
38,coarse_100m,100.0,100.0,100.0,141.4213562373095,1.0,1.0,0.0,1.0,0.034504293520686964,0.034504293520686964,1.0,0.16825396825396827,0.16825396825396827,1147.7636172358136,2653.315596439185,4578.2766508485765,7284.5043987869585,307357.87099889864,0.0,81.15992941336289,0.002185792349726776,1260,9
39,coarse_100m,100.0,200.0,0.0,200.0,1.0,1.0,0.004371584699453552,0.9956284153005465,0.0016653655997918293,0.006036950299245381,1.0,0.006349206349206349,0.023015873015873017,200.0,181.35214255610495,200.9378758811443,402.5034821256295,671.7604601047565,0.9780983743662119,89.76547450352206,0.0,1260,9
40,coarse_100m,100.0,0.0,200.0,200.0,0.4262295081967213,0.9672131147540983,0.0,0.4262295081967213,0.036065573770491806,0.036065573770491806,0.65,0.18333333333333332,0.18333333333333332,205.72845577102916,213.3279772132329,387.3270617562228,424.49978074908756,515.775053250927,0.0,70.17560933635434,0.000546448087431694,1260,9
41,refine_50m,50.0,150.0,150.0,212.13203435596427,1.0,1.0,0.0,1.0,0.05644028103044497,0.05644028103044497,1.0,0.22142857142857142,0.22142857142857142,564.2752709318223,655.4488216393365,1365.4477074807062,1634.1434375736485,2547.5953206061886,0.0,76.27676783317455,0.008326827998959146,1260,9
42,coarse_100m,100.0,-100.0,200.0,223.60679774997897,0.3442622950819672,0.8415300546448088,0.0,0.3442622950819672,0.019672131147540985,0.019672131147540985,0.5833333333333334,0.13333333333333333,0.13333333333333333,210.89664223327847,214.23744407557027,374.14939132693337,407.18579199548634,483.39038933838196,0.0,72.00440554270108,0.0,1260,9
43,coarse_100m,100.0,100.0,200.0,223.60679774997897,1.0,1.0,0.0,1.0,0.055191256830601096,0.055191256830601096,1.0,0.21666666666666667,0.21666666666666667,433.7667626253271,470.88924924024195,923.3716528918552,1059.9059112739167,1427.2073258968394,0.0,74.01369298457848,0.006557377049180328,1260,9
44,refine_50m,50.0,150.0,200.0,250.0,1.0,1.0,0.0,1.0,0.06687483736664064,0.06687483736664064,1.0,0.24206349206349206,0.24206349206349206,396.1519829969472,432.34901202303655,854.5608750687004,977.3192001407889,1319.0309877884424,0.0,72.68359498841872,0.009836065573770493,1260,9
45,refine_50m,50.0,200.0,150.0,250.0,1.0,1.0,0.0,1.0,0.06911267239136092,0.06911267239136092,1.0,0.24841269841269842,0.24841269841269842,510.08007195293555,593.965069796115,1245.2212326944186,1480.725537555391,2297.7317106045984,0.0,75.02894712361534,0.01131928181108509,1260,9
46,refine_50m,50.0,50.0,250.0,254.95097567963924,1.0,1.0,0.0,1.0,0.052276867030965395,0.052276867030965395,1.0,0.20793650793650795,0.20793650793650795,365.9034962341429,384.4258164483711,722.6459307650325,810.0526828043571,1027.5169302412087,0.0,72.14009193411651,0.003278688524590164,1260,9
47,refine_50m,50.0,100.0,250.0,269.2582403567252,1.0,1.0,0.0,1.0,0.0633879781420765,0.0633879781420765,1.0,0.23333333333333334,0.23333333333333334,336.34135744426715,355.60952640729965,673.6202103763651,755.9647553945701,959.2516982115734,0.0,70.80073706575337,0.006557377049180328,1260,9
48,coarse_100m,100.0,-200.0,200.0,282.842712474619,0.2710382513661202,0.7245901639344262,0.0,0.2710382513661202,0.00819672131147541,0.00819672131147541,0.5166666666666667,0.08333333333333333,0.08333333333333333,214.97809691459506,215.4468793033384,360.52495096256723,389.0898502816769,451.83515746685106,0.0,73.39269781762033,0.0,1260,9
49,refine_50m,50.0,200.0,200.0,282.842712474619,1.0,1.0,0.0,1.0,0.07923497267759563,0.07923497267759563,1.0,0.26666666666666666,0.26666666666666666,360.75749165907945,396.2585179745409,787.7326041070944,900.2097969756712,1217.8826043510537,0.0,71.27537895781948,0.013114754098360656,1260,9
50,refine_50m,50.0,150.0,250.0,291.547594742265,1.0,1.0,0.0,1.0,0.07457715326567786,0.07457715326567786,1.0,0.2563492063492063,0.2563492063492063,308.7721245612204,328.3846121311834,628.1879393193433,703.3822216710188,894.4768207034291,0.0,69.35714185080208,0.009836065573770493,1260,9
51,refine_50m,50.0,250.0,150.0,291.547594742265,1.0,1.0,0.0,1.0,0.08188914910226386,0.08188914910226386,1.0,0.273015873015873,0.273015873015873,458.5881050585099,537.4704352124004,1127.9829063292577,1354.9529588614548,2073.3273645530317,0.0,73.73089255439238,0.014129586260733802,1260,9
52,coarse_100m,100.0,300.0,0.0,300.0,1.0,1.0,0.005932864949258392,0.9940671350507416,0.0030705178246161853,0.009003382773874578,1.0,0.007936507936507936,0.023015873015873017,300.0,344.82856912295057,335.3166518614258,604.15584437514,5149.911820464192,0.9458143552693576,89.50666130978765,0.000624512099921936,1260,9
53,coarse_100m,100.0,0.0,300.0,300.0,0.4019516003122561,0.9349726775956284,0.0,0.4019516003122561,0.04972677595628415,0.04972677595628415,0.6309523809523809,0.21666666666666667,0.21666666666666667,130.6534208788229,133.47124762283306,234.47097278157543,251.55091007754208,285.79357589512057,0.0,61.81893341911947,0.0013791308873276086,1260,9
54,refine_50m,50.0,50.0,300.0,304.138126514911,0.9958105646630236,1.0,0.0,0.9958105646630236,0.05667447306791569,0.05667447306791569,0.9968253968253968,0.21746031746031746,0.21746031746031746,300.1890669428475,311.47569225995363,573.4848350760303,631.1985013596035,773.7003300578766,0.0,69.2041632202337,0.004944054124381993,1260,9
55,coarse_100m,100.0,-100.0,300.0,316.22776601683796,0.3233671610720791,0.8114754098360656,0.0,0.3233671610720791,0.030054644808743168,0.030054644808743168,0.5650793650793651,0.16666666666666666,0.16666666666666666,133.37986307038082,133.7894752702911,224.75318733142112,239.00409896257244,269.2610506469743,0.0,63.909265731919035,0.0,1260,9
56,refine_50m,50.0,100.0,300.0,316.22776601683796,1.0,1.0,0.0,1.0,0.07004944054124382,0.07004944054124382,1.0,0.24603174603174602,0.24603174603174602,276.9626795101267,288.9504593571105,536.171366713921,592.3669453495135,725.8314350291873,0.0,67.79226429115097,0.009888108248763986,1260,9
57,refine_50m,50.0,200.0,250.0,320.1562118716424,1.0,1.0,0.0,1.0,0.08907103825136611,0.08907103825136611,1.0,0.2833333333333333,0.2833333333333333,283.5166825375316,302.7004261513382,586.1131976976795,654.7189360768012,833.017561202924,0.0,67.83177995723909,0.013114754098360656,1260,9
58,refine_50m,50.0,250.0,200.0,320.1562118716424,1.0,1.0,0.0,1.0,0.09341660161332292,0.09341660161332292,1.0,0.2920634920634921,0.2920634920634921,329.1017473953352,362.5053875423243,731.3053779686044,835.7009020553098,1123.253674487421,0.0,69.80908849711757,0.01639344262295082,1260,9
59,refine_50m,50.0,150.0,300.0,335.4101966249685,1.0,1.0,0.0,1.0,0.08032786885245902,0.08032786885245902,1.0,0.26666666666666666,0.26666666666666666,255.8095038304405,267.87465814632696,502.0966449033686,555.190631607781,680.0716248578192,0.0,66.26301590631348,0.01504033307311996,1260,9
60,refine_50m,50.0,300.0,150.0,335.4101966249685,1.0,1.0,0.0,1.0,0.09726775956284153,0.09726775956284153,1.0,0.3,0.3,412.5456134588052,485.5749183707534,1034.0117025753802,1234.9183160284342,1871.0999057452004,0.0,72.39749237883497,0.01727816809784023,1260,9
61,refine_50m,50.0,50.0,350.0,353.5533905932738,0.7323965651834504,1.0,0.0,0.7323965651834504,0.06448087431693988,0.06448087431693988,0.8206349206349206,0.23333333333333334,0.23333333333333334,186.021727590296,253.9781548796704,497.7096395533601,536.3726456790877,623.1673891649207,0.0,64.37598216580491,0.00546448087431694,1260,9
62,refine_50m,50.0,250.0,250.0,353.5533905932738,1.0,1.0,0.0,1.0,0.1014832162373146,0.1014832162373146,1.0,0.3047619047619048,0.3047619047619048,258.62919212541317,278.5122201290884,546.2491696870975,609.7597666546028,774.7109886294621,0.0,66.2441975371389,0.01639344262295082,1260,9
63,refine_50m,50.0,300.0,200.0,360.5551275463989,1.0,1.0,0.0,1.0,0.10819672131147541,0.10819672131147541,1.0,0.31666666666666665,0.31666666666666665,297.11076156008477,330.9896935780981,674.5350718039805,774.3782897478029,1034.6839953414474,0.0,68.30108947046625,0.019672131147540985,1260,9
64,coarse_100m,100.0,-200.0,300.0,360.5551275463989,0.2533177205308353,0.6967213114754098,0.0,0.2533177205308353,0.015300546448087432,0.015300546448087432,0.4992063492063492,0.11666666666666667,0.11666666666666667,135.52393844847919,134.26473674223857,215.67319164303325,227.85159968078418,252.9744922776496,0.0,65.64141705648593,0.0,1260,9
65,refine_50m,50.0,200.0,300.0,360.5551275463989,1.0,1.0,0.0,1.0,0.09500390320062452,0.09500390320062452,1.0,0.29285714285714287,0.29285714285714287,234.88514321659574,247.9147592145836,471.3071107464876,519.6128841608543,636.3419310038214,0.0,64.65137496731056,0.019880301847514964,1260,9
66,refine_50m,50.0,100.0,350.0,364.0054944640259,1.0,1.0,0.0,1.0,0.07213114754098361,0.07213114754098361,1.0,0.25,0.25,238.01953048800422,245.61098929030143,448.1912127160183,490.33929341967195,586.4785030023934,0.0,64.9703370617508,0.01092896174863388,1260,9
67,refine_50m,50.0,150.0,350.0,380.7886552931954,1.0,1.0,0.0,1.0,0.08688524590163935,0.08688524590163935,1.0,0.2777777777777778,0.2777777777777778,220.07207926372143,228.41523064064324,422.6973869699014,461.24260539517877,551.2545725987986,0.0,63.37664779081285,0.01639344262295082,1260,9
68,refine_50m,50.0,350.0,150.0,380.7886552931954,1.0,1.0,0.0,1.0,0.11311475409836065,0.11311475409836065,1.0,0.3253968253968254,0.3253968253968254,369.92527810289334,437.9406623899104,935.9596691203235,1120.6202961378394,1688.3084955300835,0.0,71.04051330805399,0.02019255789747593,1260,9
69,refine_50m,50.0,250.0,300.0,390.51248379533274,1.0,1.0,0.0,1.0,0.1092896174863388,0.1092896174863388,1.0,0.31666666666666665,0.31666666666666665,215.7916670277587,229.04961383280562,440.21375683001577,484.7060364548249,594.5676133207133,0.0,62.97608004723511,0.024824355971896955,1260,9
70,refine_50m,50.0,300.0,250.0,390.51248379533274,1.0,1.0,0.0,1.0,0.11912568306010929,0.11912568306010929,1.0,0.3325396825396825,0.3325396825396825,235.94912774438825,255.78078467528925,507.02024428211513,567.2776982356603,719.4050636072124,0.0,64.61126835493573,0.019672131147540985,1260,9
71,coarse_100m,100.0,0.0,400.0,400.0,0.3639344262295082,0.9093156388238356,0.0,0.3639344262295082,0.05737704918032787,0.05737704918032787,0.6,0.23333333333333334,0.23333333333333334,95.2454979354849,96.31928070923979,161.8567109101369,170.20481941661336,187.60969477944803,0.0,53.96418572938649,0.00195160031225605,1260,9
72,refine_50m,50.0,50.0,400.0,403.11288741492746,0.4203486859224564,0.9750195160031225,0.0,0.4203486859224564,0.06448087431693988,0.06448087431693988,0.6412698412698413,0.23333333333333334,0.23333333333333334,98.32618161130156,111.31583529134748,170.61670292367438,185.47816633267584,523.8962227518194,0.0,53.57643116978641,0.0059849076242518865,1260,9
73,refine_50m,50.0,200.0,350.0,403.11288741492746,1.0,1.0,0.0,1.0,0.0994535519125683,0.0994535519125683,1.0,0.3,0.3,202.64189021171057,212.0925129924536,396.9112107392956,432.8993777582021,517.4523227841785,0.0,61.701897523268656,0.02185792349726776,1260,9
74,refine_50m,50.0,350.0,200.0,403.11288741492746,1.0,1.0,0.0,1.0,0.1254488680718189,0.1254488680718189,1.0,0.34285714285714286,0.34285714285714286,268.9495031150313,301.62323019405613,620.8493209189749,712.3815918599223,951.7561443119562,0.0,66.76500787363588,0.022950819672131147,1260,9
75,coarse_100m,100.0,-100.0,400.0,412.31056256176606,0.28852459016393445,0.7875878220140515,0.0,0.28852459016393445,0.036065573770491806,0.036065573770491806,0.5333333333333333,0.18333333333333332,0.18333333333333332,96.76293081238497,96.0450894666721,154.7203792581475,162.74137466281752,176.9022478924769,0.0,56.13488278216013,0.0,1260,9
76,refine_50m,50.0,100.0,400.0,412.31056256176606,1.0,1.0,0.0,1.0,0.07788186312776477,0.07788186312776477,1.0,0.26031746031746034,0.26031746031746034,209.0969700317014,215.3441423914288,389.3718953445038,420.6076494957366,494.22512484451215,0.0,62.320171379790075,0.011761644548529794,1260,9
77,refine_50m,50.0,300.0,300.0,424.26406871192853,1.0,1.0,0.0,1.0,0.12482435597189695,0.12482435597189695,1.0,0.3404761904761905,0.3404761904761905,197.2977566158897,211.2614862154238,409.1128262860234,452.6532615899877,554.6779470573158,0.0,61.25399410480771,0.02976841009627895,1260,9
78,refine_50m,50.0,150.0,400.0,427.20018726587654,1.0,1.0,0.0,1.0,0.09016393442622951,0.09016393442622951,1.0,0.2833333333333333,0.2833333333333333,193.6283272541474,200.82520163173965,367.11397930665703,396.09089651972704,465.6596869400734,0.0,60.678765533373834,0.017720530835284933,1260,9
79,refine_50m,50.0,400.0,150.0,427.20018726587654,1.0,1.0,0.0,1.0,0.12956023939630498,0.12956023939630498,1.0,0.3341269841269841,0.3341269841269841,329.1013227009457,394.2761983565408,855.2868413930905,1021.2971221030059,1522.646693490265,0.0,69.66968290347653,0.023054905022118138,1260,9
80,refine_50m,50.0,250.0,350.0,430.11626335213134,1.0,1.0,0.0,1.0,0.11420765027322405,0.11420765027322405,1.0,0.3238095238095238,0.3238095238095238,186.10220711770023,196.63219276831916,372.1782742262092,405.6967200324294,485.030502833152,0.0,59.96397304013565,0.0273224043715847,1260,9
81,refine_50m,50.0,350.0,250.0,430.11626335213134,1.0,1.0,0.0,1.0,0.13359354670830081,0.13359354670830081,1.0,0.353968253968254,0.353968253968254,213.76137067354668,234.47227786533205,467.7883113065599,526.2913482032791,666.9578240675316,0.0,62.947681744705044,0.022950819672131147,1260,9
82,refine_50m,50.0,400.0,200.0,447.21359549995793,1.0,1.0,0.0,1.0,0.14207650273224043,0.14207650273224043,1.0,0.36666666666666664,0.36666666666666664,241.28898542075584,274.3291792359998,569.6788831995261,654.1024581453125,874.090721773883,0.0,65.21252646611734,0.02622950819672131,1260,9
83,coarse_100m,100.0,-200.0,400.0,447.21359549995793,0.22185792349726777,0.6733021077283372,0.0,0.22185792349726777,0.019672131147540985,0.019672131147540985,0.4666666666666667,0.13333333333333333,0.13333333333333333,97.49540515602591,95.89443564123468,147.91696312174255,154.51674799373106,166.3162557867825,0.0,58.03204230878134,0.0,1260,9
84,refine_50m,50.0,200.0,400.0,447.21359549995793,1.0,1.0,0.0,1.0,0.10205568566224305,0.10205568566224305,1.0,0.30396825396825394,0.30396825396825394,179.27738832606866,187.02294963702366,346.0413080676679,373.0436793913827,438.17334473808785,0.0,58.95889080841488,0.023367161072079104,1260,9
85,refine_50m,50.0,0.0,450.0,450.0,0.34613583138173304,0.8988290398126464,0.0,0.34613583138173304,0.05737704918032787,0.05737704918032787,0.584920634920635,0.23333333333333334,0.23333333333333334,85.66301596501113,85.49898941580352,140.34467076560975,147.16918790142626,167.94376669483074,0.0,50.36221867420816,0.002888368462138954,1260,9
86,refine_50m,50.0,-50.0,450.0,452.76925690687085,0.3074421025240697,0.8372365339578455,0.0,0.3074421025240697,0.049050221181368724,0.049050221181368724,0.5507936507936508,0.2150793650793651,0.2150793650793651,84.87687050931316,85.07575277223151,136.85039724530367,143.8594564207013,163.2517261729318,0.0,51.44836349859049,0.0004163413999479573,1260,9
87,refine_50m,50.0,50.0,450.0,452.76925690687085,0.3861306271142337,0.9626073380171741,0.0,0.3861306271142337,0.06739526411657559,0.06739526411657559,0.6182539682539683,0.2388888888888889,0.2388888888888889,84.8062951757095,85.7306629824992,143.38753077297704,150.55629207043705,172.65981892694865,0.0,49.19341924371064,0.0075461878740567265,1260,9
88,refine_50m,50.0,100.0,450.0,460.9772228646444,0.9304970075461879,1.0,0.0,0.9304970075461879,0.0814207650273224,0.0814207650273224,0.9492063492063492,0.26666666666666666,0.26666666666666666,201.5295165781367,194.518842984439,347.71624628364543,371.8968453406061,428.9061318292524,0.0,59.476986561189875,0.014259692948217538,1260,9
89,refine_50m,50.0,300.0,350.0,460.9772228646444,1.0,1.0,0.0,1.0,0.13169398907103824,0.13169398907103824,1.0,0.35,0.35,170.7257930222479,182.02611653967168,348.4752360155912,379.2860506015454,453.94983544639695,0.0,58.17947557180578,0.03278688524590164,1260,9
90,refine_50m,50.0,350.0,300.0,460.9772228646444,1.0,1.0,0.0,1.0,0.1431693989071038,0.1431693989071038,1.0,0.36666666666666664,0.36666666666666664,179.3574561733628,194.53591454697548,383.13179952277994,421.94730652901535,516.606037237942,0.0,59.5003357017787,0.03471246422066094,1260,9
91,refine_50m,50.0,250.0,400.0,471.6990566028302,1.0,1.0,0.0,1.0,0.12021857923497267,0.12021857923497267,1.0,0.3325396825396825,0.3325396825396825,166.15130998958432,173.93208420821773,324.2372591731434,350.4124014755537,411.7407133420216,0.0,57.17763626253585,0.029247983346344004,1260,9
92,refine_50m,50.0,400.0,250.0,471.6990566028302,1.0,1.0,0.0,1.0,0.1539422326307572,0.1539422326307572,1.0,0.3817460317460317,0.3817460317460317,193.51446252606777,214.55798908094005,435.6858816236296,487.3409361224379,617.2366625571887,0.0,61.266465837412376,0.02622950819672131,1260,9
93,refine_50m,50.0,150.0,450.0,474.3416490252569,1.0,1.0,0.0,1.0,0.09016393442622951,0.09016393442622951,1.0,0.2833333333333333,0.2833333333333333,175.50869765585458,180.6069987377433,325.8263393545721,349.5277724100827,404.9179903992798,0.0,58.15334268026039,0.02138953942232631,1260,9
94,refine_50m,50.0,200.0,450.0,492.44289008980525,1.0,1.0,0.0,1.0,0.10569867291178767,0.10569867291178767,1.0,0.30952380952380953,0.30952380952380953,162.7323292530356,168.65590352505592,307.52260473050274,329.43159851283406,381.7935414130867,0.0,56.40261702604112,0.028519385896435077,1260,9
95,refine_50m,50.0,450.0,200.0,492.44289008980525,1.0,1.0,0.0,1.0,0.1620088472547489,0.1620088472547489,1.0,0.376984126984127,0.376984126984127,216.47040656810717,249.041620763765,524.0021728152892,598.413049778469,801.3422414130958,0.0,63.65400424731329,0.029508196721311476,1260,9
96,refine_50m,50.0,350.0,350.0,494.9747468305833,1.0,1.0,0.0,1.0,0.14504293520686964,0.14504293520686964,1.0,0.36904761904761907,0.36904761904761907,156.8695800709833,168.26846354770868,326.36311851719995,354.59556134103974,424.17298024546443,0.0,56.36381838446662,0.03825136612021858,1260,9
97,refine_50m,50.0,400.0,300.0,500.0,1.0,1.0,0.0,1.0,0.1590944574551132,0.1590944574551132,1.0,0.3880952380952381,0.3880952380952381,162.5235191360527,178.86157999209564,355.65099303357914,392.2537902288352,480.28866136307477,0.0,57.729002544153204,0.040124902419984385,1260,9
98,refine_50m,50.0,300.0,400.0,500.0,1.0,1.0,0.0,1.0,0.13169398907103824,0.13169398907103824,1.0,0.35,0.35,152.90325628100234,161.5492966669059,304.5553365991618,328.6601399395127,386.3375877624621,0.0,55.35123289063681,0.0351288056206089,1260,9
99,refine_50m,50.0,0.0,500.0,500.0,0.3251366120218579,0.8721311475409836,0.0,0.3251366120218579,0.05737704918032787,0.05737704918032787,0.5666666666666667,0.23333333333333334,0.23333333333333334,76.74033418890099,76.66420716324208,122.74025571656117,128.46521319077794,138.10721292413746,0.0,46.817582589392906,0.003278688524590164,1260,9
100,refine_50m,50.0,-50.0,500.0,502.4937810560445,0.28852459016393445,0.8114754098360656,0.0,0.28852459016393445,0.04972677595628415,0.04972677595628415,0.5333333333333333,0.21666666666666667,0.21666666666666667,76.89955993051852,76.42349693619502,119.74908816399886,125.29531862406323,134.1663366785815,0.0,47.93251383500502,0.000546448087431694,1260,9
101,refine_50m,50.0,50.0,500.0,502.4937810560445,0.3648972157168878,0.9349726775956284,0.0,0.3648972157168878,0.06934686442883164,0.06934686442883164,0.6007936507936508,0.22698412698412698,0.22698412698412698,76.68016126899671,77.1248437104543,125.79981398316663,131.9555110801067,149.61900431197955,0.0,45.70065997015364,0.00819672131147541,1260,9
102,coarse_100m,100.0,-100.0,500.0,509.9019513592785,0.2540983606557377,0.7530054644808744,0.0,0.2540983606557377,0.03856362217017955,0.03856362217017955,0.5,0.18968253968253967,0.18968253968253967,76.86448569147645,76.21042799837511,117.3627881467997,122.1930452472456,130.2459630291636,0.0,48.99592337076187,0.0,1260,9
103,refine_50m,50.0,250.0,450.0,514.78150704935,1.0,1.0,0.0,1.0,0.12076502732240438,0.12076502732240438,1.0,0.3333333333333333,0.3333333333333333,151.02745039296215,157.3102419301911,288.88515358052047,310.5292970887399,359.5160461205456,0.0,54.593185183221756,0.03598750975800156,1260,9
104,refine_50m,50.0,450.0,250.0,514.78150704935,1.0,1.0,0.0,1.0,0.1711423367161072,0.1711423367161072,1.0,0.403968253968254,0.403968253968254,173.6737791072313,196.01484313346802,401.9994346319601,449.7231152236672,570.117689710115,0.0,59.57946267960578,0.029508196721311476,1260,9
105,refine_50m,50.0,350.0,400.0,531.5072906367325,1.0,1.0,0.0,1.0,0.15066354410616706,0.15066354410616706,1.0,0.3761904761904762,0.3761904761904762,140.89350494023034,149.873105353463,285.292719658997,307.76903503421937,361.94095422997754,0.0,53.495086109296274,0.0410096278948738,1260,9
106,refine_50m,50.0,400.0,350.0,531.5072906367325,1.0,1.0,0.0,1.0,0.1669008587041374,0.1669008587041374,1.0,0.3976190476190476,0.3976190476190476,143.0197394714312,155.3555997800647,303.38254407972374,330.6421520328891,395.6645138227931,0.0,54.53142136763576,0.04371584699453552,1260,9
107,refine_50m,50.0,500.0,200.0,538.5164807134504,1.0,1.0,0.0,1.0,0.17338017174082748,0.17338017174082748,1.0,0.3341269841269841,0.3341269841269841,192.40187500283787,225.70511695039707,480.973951197325,548.4099070024607,733.195576206415,0.0,62.098951848732796,0.03278688524590164,1260,9
108,coarse_100m,100.0,-200.0,500.0,538.5164807134504,0.1918032786885246,0.6426229508196721,0.0,0.1918032786885246,0.02459016393442623,0.02459016393442623,0.43333333333333335,0.15,0.15,77.05848442249965,75.86596974354418,112.5773731542384,115.76909967110944,122.46923376864335,0.0,50.96785204871254,0.0,1260,9
109,refine_50m,50.0,200.0,500.0,538.5164807134504,1.0,1.0,0.0,1.0,0.10395524329950559,0.10395524329950559,1.0,0.29603174603174603,0.29603174603174603,150.27756680803557,154.75356682346563,278.56677059357327,296.39734753403656,339.8391652295351,0.0,54.016463977298784,0.030601092896174863,1260,9
110,refine_50m,50.0,300.0,450.0,540.8326913195984,1.0,1.0,0.0,1.0,0.13289097059588864,0.13289097059588864,1.0,0.3515873015873016,0.3515873015873016,139.77873640799166,146.56933216042353,272.35740259112225,291.65495147650086,338.06957667490707,0.0,52.740869811065075,0.0429352068696331,1260,9
111,refine_50m,50.0,450.0,300.0,540.8326913195984,1.0,1.0,0.0,1.0,0.18129065833983868,0.18129065833983868,1.0,0.4158730158730159,0.4158730158730159,147.69139841784857,164.23050296867842,330.27095746697665,363.3296243303024,445.6661423401273,0.0,55.95291464801807,0.04512099921935987,1260,9
112,refine_50m,50.0,0.0,550.0,550.0,0.30655737704918035,0.8502732240437159,0.0,0.30655737704918035,0.05737704918032787,0.05737704918032787,0.55,0.23333333333333334,0.23333333333333334,70.4177466251518,70.29928131914976,109.34372011943702,114.784933763728,121.97948033683504,0.0,43.53905042309154,0.004007285974499089,1260,9
113,refine_50m,50.0,-50.0,550.0,552.268050859363,0.2710382513661202,0.7903981264637002,0.0,0.2710382513661202,0.04972677595628415,0.04972677595628415,0.5166666666666667,0.21666666666666667,0.21666666666666667,70.38552950242457,70.03033102795025,106.77292918905712,111.84412963329984,118.50360416223484,0.0,44.63954149422893,0.0009107468123861566,1260,9
114,refine_50m,50.0,50.0,550.0,552.268050859363,0.3442622950819672,0.9123341139734582,0.0,0.3442622950819672,0.06934686442883164,0.06934686442883164,0.5833333333333334,0.22698412698412698,0.22698412698412698,70.35273859140634,70.59525200145143,112.1100522282314,117.20804257896705,125.473374410987,0.0,42.40614451969038,0.009289617486338797,1260,9
115,refine_50m,50.0,100.0,550.0,559.0169943749474,0.4017174082747853,0.9765807962529274,0.0,0.4017174082747853,0.07978142076502732,0.07978142076502732,0.6253968253968254,0.25,0.25,72.75432221429477,82.73008846685696,119.56858388704993,128.36090187864139,343.1739541302219,0.0,42.49761151614616,0.016757741347905284,1260,9
116,refine_50m,50.0,250.0,500.0,559.0169943749474,1.0,1.0,0.0,1.0,0.11584699453551912,0.11584699453551912,1.0,0.31666666666666665,0.31666666666666665,139.67537002772482,144.74690047158563,262.04340777227594,279.5990448320429,320.610077582377,0.0,52.19091206429273,0.03825136612021858,1260,9
117,refine_50m,50.0,500.0,250.0,559.0169943749474,1.0,1.0,0.0,1.0,0.192583918813427,0.192583918813427,1.0,0.3984126984126984,0.3984126984126984,154.90908825871094,178.82469612026543,369.7619866140857,414.88471440482357,525.4851805851504,0.0,57.897736636908824,0.03325526932084309,1260,9
118,refine_50m,50.0,400.0,400.0,565.685424949238,1.0,1.0,0.0,1.0,0.16885245901639345,0.16885245901639345,1.0,0.4,0.4,129.19373641996754,138.9036911592486,266.38644804919255,288.3438440879599,338.52901438450294,0.0,51.62389220597829,0.046890450169138696,1260,9
119,refine_50m,50.0,350.0,450.0,570.087712549569,1.0,1.0,0.0,1.0,0.15378610460577674,0.15378610460577674,1.0,0.38015873015873014,0.38015873015873014,129.1481766729185,136.43401053583585,255.13781463498634,273.5227998297576,317.4390448552762,0.0,50.86094697262875,0.05006505334374187,1260,9
120,refine_50m,50.0,450.0,350.0,570.087712549569,1.0,1.0,0.0,1.0,0.1819672131147541,0.1819672131147541,1.0,0.4166666666666667,0.4166666666666667,130.62808269800587,143.28622986992858,283.1146550496116,307.7195544649908,368.39092915086667,0.0,52.695952399688075,0.04918032786885246,1260,9
121,refine_50m,50.0,500.0,300.0,583.09518948453,1.0,1.0,0.0,1.0,0.1970856102003643,0.1970856102003643,1.0,0.43492063492063493,0.43492063492063493,133.0465430205856,150.6379294890461,306.78895156628255,336.70671248875163,412.68225480788647,0.0,54.184344141554966,0.05011709601873536,1260,9
122,coarse_100m,100.0,-300.0,500.0,583.09518948453,0.13825136612021857,0.5409836065573771,0.0,0.13825136612021857,0.011475409836065573,0.011475409836065573,0.36666666666666664,0.1,0.1,77.24273163106652,75.62895484993388,106.83404553280857,109.88320575152669,114.78293940944377,0.0,52.74109330709433,0.0,1260,9
123,refine_50m,50.0,300.0,500.0,583.09518948453,1.0,1.0,0.0,1.0,0.12688004163414,0.12688004163414,1.0,0.3349206349206349,0.3349206349206349,129.86405972374868,135.2679601648389,247.16006847336638,263.87135566609675,302.0760102259818,0.0,50.32530098353047,0.04590163934426229,1260,9
124,coarse_100m,100.0,0.0,600.0,600.0,0.2801977621649753,0.8257871454592766,0.0,0.2801977621649753,0.05737704918032787,0.05737704918032787,0.5253968253968254,0.23333333333333334,0.23333333333333334,64.71373380772069,64.28270148297683,97.40055210384496,101.78779023858735,109.3933083749554,0.0,40.07046714127248,0.004944054124381993,1260,9
125,refine_50m,50.0,50.0,600.0,602.0797289396148,0.3162893572729638,0.8869633099141296,0.0,0.3162893572729638,0.06643247462919594,0.06643247462919594,0.5587301587301587,0.22142857142857142,0.22142857142857142,64.35921935199242,64.59972561502326,99.83045204643254,104.26289563088696,112.51959929138114,0.0,38.95576230268422,0.010694769711163154,1260,9
126,refine_50m,50.0,400.0,450.0,602.0797289396148,1.0,1.0,0.0,1.0,0.16885245901639345,0.16885245901639345,1.0,0.4,0.4,119.04622480128454,126.90645702524345,239.53611877927835,256.6748682035465,297.6102416092721,0.0,48.96821677656758,0.057194899817850635,1260,9
127,refine_50m,50.0,450.0,400.0,602.0797289396148,1.0,1.0,0.0,1.0,0.18407494145199063,0.18407494145199063,1.0,0.41904761904761906,0.41904761904761906,118.49624753397947,128.64299929679115,249.37352916134435,268.5043136320166,316.0812250177801,0.0,49.751807430901174,0.052224824355971894,1260,9
128,refine_50m,50.0,250.0,550.0,604.1522986797286,1.0,1.0,0.0,1.0,0.11584699453551912,0.11584699453551912,1.0,0.31666666666666665,0.31666666666666665,130.9208149161982,135.02855905641243,241.35632308512274,256.60524701851307,290.6563492789227,0.0,49.95405170560256,0.04205048139474369,1260,9
129,refine_50m,50.0,550.0,250.0,604.1522986797286,1.0,1.0,0.0,1.0,0.20137913088732762,0.20137913088732762,1.0,0.3531746031746032,0.3531746031746032,138.66296072242986,162.97481798611557,341.36765442632765,381.9044185753962,483.2311031528766,0.0,56.231924839852425,0.03658600052042675,1260,9
130,coarse_100m,100.0,-100.0,600.0,608.276253029822,0.2145719489981785,0.709992193598751,0.0,0.2145719489981785,0.03762685402029664,0.03762685402029664,0.4587301587301587,0.1873015873015873,0.1873015873015873,64.46227373147934,63.7286164598257,92.60315650350687,97.01743038147339,103.19299389222314,0.0,42.210685554269034,0.0,1260,9
131,refine_50m,50.0,100.0,600.0,608.276253029822,0.3545667447306792,0.9503252667187093,0.0,0.3545667447306792,0.07978142076502732,0.07978142076502732,0.5920634920634921,0.25,0.25,64.15047086909948,64.94545477715012,101.96521258947291,106.69405976025705,115.66230790721075,0.0,37.86414418349141,0.018631277647671092,1260,9
132,refine_50m,50.0,350.0,500.0,610.3277807866851,1.0,1.0,0.0,1.0,0.14730679156908666,0.14730679156908666,1.0,0.36428571428571427,0.36428571428571427,120.32759597712032,126.31880800486788,232.63857387265145,248.51656589911445,284.2266676570873,0.0,48.43470381939036,0.053551912568306013,1260,9
133,refine_50m,50.0,500.0,350.0,610.3277807866851,1.0,1.0,0.0,1.0,0.20437158469945355,0.20437158469945355,1.0,0.44285714285714284,0.44285714285714284,118.4058631034516,132.0612498582439,262.5222369876551,285.80435573254636,342.3206581596486,0.0,50.87058516462097,0.0546448087431694,1260,9
134,refine_10m,10.0,20.0,620.0,620.3224967708329,0.28352849336455893,0.8400988810824876,0.0,0.28352849336455893,0.06229508196721312,0.06229508196721312,0.5285714285714286,0.22777777777777777,0.22777777777777777,62.49579252331834,62.28940249577314,93.76778766098757,98.4445259404012,104.22477911878325,0.0,38.26980790432885,0.00741608118657299,1260,9
135,refine_10m,10.0,30.0,620.0,620.7253821135398,0.2893832943013271,0.8517304189435337,0.0,0.2893832943013271,0.06502732240437159,0.06502732240437159,0.5341269841269841,0.23333333333333334,0.23333333333333334,62.1507962406386,62.127442663614566,93.64694897875295,97.64620836866658,107.99298143254458,0.0,37.98961510373017,0.008352849336455893,1260,9
136,refine_10m,10.0,40.0,620.0,621.2889826803627,0.297111631537861,0.8648451730418943,0.0,0.297111631537861,0.06393442622950819,0.06393442622950819,0.5412698412698412,0.21666666666666667,0.21666666666666667,62.0290517420806,62.34783614618438,94.72353335822932,98.89696006754595,106.46641572590175,0.0,37.795329937098835,0.00975800156128025,1260,9
137,refine_10m,10.0,50.0,620.0,622.0128616033594,0.304839968774395,0.8750975800156128,0.0,0.304839968774395,0.06435076762945616,0.06435076762945616,0.5484126984126985,0.21746031746031746,0.21746031746031746,62.65533203617408,62.415487586129224,94.64791525329345,99.47753764164335,104.95629904079296,0.0,37.5955873142405,0.011163153786104605,1260,9
138,refine_10m,10.0,60.0,620.0,622.8964600958975,0.3118657298985168,0.8884465261514441,0.0,0.3118657298985168,0.07197501951600312,0.07197501951600312,0.5547619047619048,0.24761904761904763,0.24761904761904763,62.46065624548585,62.48945082141201,95.48682957588917,99.58657868657589,108.73154481129723,0.0,37.36201379736348,0.01238615664845173,1260,9
139,refine_10m,10.0,70.0,620.0,623.9390995922599,0.31894353369763206,0.9017954722872755,0.0,0.31894353369763206,0.0715846994535519,0.0715846994535519,0.5611111111111111,0.23333333333333334,0.23333333333333334,62.12227922600932,62.515912687556664,95.90911291486891,100.58196958247633,107.1979323982741,0.0,37.12745454818998,0.014207650273224045,1260,9
140,refine_10m,10.0,80.0,620.0,625.1399843235114,0.32695810564663025,0.9138433515482696,0.0,0.32695810564663025,0.0715846994535519,0.0715846994535519,0.5682539682539682,0.23333333333333334,0.23333333333333334,62.0093351912305,62.603938468263685,95.86008715637149,100.19172558783511,111.02016112963331,0.0,36.9328937350904,0.015300546448087432,1260,9
141,refine_50m,50.0,300.0,550.0,626.4982043070834,1.0,1.0,0.0,1.0,0.12568306010928962,0.12568306010928962,1.0,0.3333333333333333,0.3333333333333333,122.01778107967061,126.54935537275283,228.00380751717077,242.46392822171273,274.3542668305205,0.0,48.08516355517041,0.050481394743689824,1260,9
142,refine_50m,50.0,550.0,300.0,626.4982043070834,1.0,1.0,0.0,1.0,0.21720010408534998,0.21720010408534998,1.0,0.3968253968253968,0.3968253968253968,119.84294425297362,138.08227298604393,282.44345176531874,311.1567590603,381.2841696862303,0.0,52.43522309958134,0.05573770491803279,1260,9
143,refine_10m,10.0,20.0,630.0,630.3173803727769,0.2768670309653916,0.8343741868332032,0.0,0.2768670309653916,0.061124121779859486,0.061124121779859486,0.5222222222222223,0.2253968253968254,0.2253968253968254,61.68321900250204,61.147618693265294,91.69020058268059,95.45745629548944,103.28297540086588,0.0,37.53921597753972,0.0075461878740567265,1260,9
144,refine_10m,10.0,30.0,630.0,630.7138812488591,0.28436117616445483,0.8459016393442623,0.0,0.28436117616445483,0.06502732240437159,0.06502732240437159,0.5293650793650794,0.23333333333333334,0.23333333333333334,61.46264352455854,61.261385408159434,91.80280788423924,96.53015835347146,101.8239703506664,0.0,37.34156424177661,0.008508977361436378,1260,9
145,refine_10m,10.0,40.0,630.0,631.2685640834652,0.2911007025761124,0.8590163934426229,0.0,0.2911007025761124,0.06393442622950819,0.06393442622950819,0.5357142857142857,0.21666666666666667,0.21666666666666667,61.22277370943091,61.2629914052605,92.22262952533241,95.87704704018066,105.48952609926526,0.0,37.103647750547005,0.009914129586260733,1260,9
146,refine_10m,10.0,50.0,630.0,631.9810123729984,0.29882903981264636,0.8706739526411658,0.0,0.29882903981264636,0.06393442622950819,0.06393442622950819,0.5428571428571428,0.21666666666666667,0.21666666666666667,60.96323599889247,61.44535314923632,93.06128177514417,97.34631623978274,104.00766044587408,0.0,36.90988838099635,0.011475409836065573,1260,9
147,coarse_100m,100.0,-200.0,600.0,632.4555320336759,0.15768930523028885,0.6029404111371325,0.0,0.15768930523028885,0.02459016393442623,0.02459016393442623,0.39206349206349206,0.15,0.15,64.21895788981722,63.28050702626231,88.54028392264333,91.74088140742685,97.06833427491165,0.0,44.19640353099296,0.0,1260,9
148,refine_10m,10.0,60.0,630.0,632.8506932918696,0.30569867291178765,0.8825136612021858,0.0,0.30569867291178765,0.07072599531615925,0.07072599531615925,0.5492063492063493,0.24523809523809523,0.24523809523809523,61.64316476135961,61.38898774812278,92.72007767915275,97.2257746594263,102.541895435386,0.0,36.67146594659933,0.012750455373406194,1260,9
149,refine_10m,10.0,70.0,630.0,633.8769596696192,0.3136351808482956,0.8958626073380171,0.0,0.3136351808482956,0.0715846994535519,0.0715846994535519,0.5563492063492064,0.23333333333333334,0.23333333333333334,61.43059632739164,61.605401139267364,94.01542934519524,97.75383988584707,106.21426666380995,0.0,36.48172983021878,0.014389799635701275,1260,9
150,refine_10m,10.0,80.0,630.0,635.0590523722971,0.3207129846474109,0.9078064012490242,0.0,0.3207129846474109,0.0715846994535519,0.0715846994535519,0.5626984126984127,0.23333333333333334,0.23333333333333334,61.197951786689984,61.6061231846706,94.16660682215866,98.99254264127687,104.72563790052546,0.0,36.24899168946051,0.01571688784803539,1260,9
151,refine_50m,50.0,450.0,450.0,636.3961030678928,1.0,1.0,0.0,1.0,0.18548009367681498,0.18548009367681498,1.0,0.42063492063492064,0.42063492063492064,109.55822885732546,117.99025940490175,224.11845405308176,240.946044880345,278.5698896763272,0.0,47.077123108127836,0.0643247462919594,1260,9
152,refine_50m,50.0,500.0,400.0,640.3124237432849,1.0,1.0,0.0,1.0,0.2087431693989071,0.2087431693989071,1.0,0.44761904761904764,0.44761904761904764,108.11256775653045,119.09458371075446,231.96819990524864,250.26516734708315,294.5783568302549,0.0,47.89264686898589,0.058053603955243296,1260,9
153,refine_50m,50.0,400.0,500.0,640.3124237432849,1.0,1.0,0.0,1.0,0.16065573770491803,0.16065573770491803,1.0,0.38333333333333336,0.38333333333333336,111.3113418178318,117.90280443800616,218.80190875297592,233.7216658422774,267.0524459286854,0.0,46.533902339030824,0.06120218579234973,1260,9
154,refine_10m,10.0,20.0,640.0,640.3124237432849,0.2710382513661202,0.8286494925839188,0.0,0.2710382513661202,0.059953161592505855,0.059953161592505855,0.5166666666666667,0.22301587301587303,0.22301587301587303,59.973108530364144,60.07469406699595,89.16287207939004,92.71746977724922,97.43084741778989,0.0,36.851038037122215,0.0078064012490242,1260,9
155,refine_10m,10.0,30.0,640.0,640.7027391856539,0.27853239656518347,0.8415300546448088,0.0,0.27853239656518347,0.06502732240437159,0.06502732240437159,0.5238095238095238,0.23333333333333334,0.23333333333333334,60.71324457989593,60.303479187301896,90.25485455358455,93.9946142874934,100.95320588621658,0.0,36.65909102406069,0.008821233411397346,1260,9
156,refine_10m,10.0,40.0,640.0,641.2487816752559,0.2860265417642467,0.8531876138433515,0.0,0.2860265417642467,0.06393442622950819,0.06393442622950819,0.530952380952381,0.21666666666666667,0.21666666666666667,60.47729614375745,60.38745171605859,90.19725315027351,94.57700793282747,99.536599125487,0.0,36.46133123141716,0.010226385636221701,1260,9
157,refine_10m,10.0,50.0,640.0,641.9501538281613,0.29281811085089776,0.8648451730418943,0.0,0.29281811085089776,0.06393442622950819,0.06393442622950819,0.5373015873015873,0.21666666666666667,0.21666666666666667,60.222506089986965,60.43810179686471,90.83438824769993,94.46700794571906,103.1036079833618,0.0,36.22709634180189,0.011475409836065573,1260,9
158,refine_10m,10.0,60.0,640.0,642.8063471995279,0.29968774395003905,0.8765807962529274,0.0,0.29968774395003905,0.06947697111631537,0.06947697111631537,0.5436507936507936,0.24285714285714285,0.24285714285714285,59.94853865437621,60.48080431248073,91.18187709266174,95.53239262895588,101.66474624235114,0.0,35.99394275064212,0.013114754098360656,1260,9
159,refine_10m,10.0,70.0,640.0,643.8167441127949,0.3074421025240697,0.8899297423887588,0.0,0.3074421025240697,0.0715846994535519,0.0715846994535519,0.5507936507936508,0.23333333333333334,0.23333333333333334,60.677282631322264,60.54722506083542,91.32359945627918,95.38071364669867,105.27647949630098,0.0,35.798597642575814,0.014754098360655738,1260,9
160,refine_10m,10.0,80.0,640.0,644.9806198638839,0.314519906323185,0.9017954722872755,0.0,0.314519906323185,0.0715846994535519,0.0715846994535519,0.5571428571428572,0.23333333333333334,0.23333333333333334,60.44851777178613,60.650850319395495,92.29641065612044,95.98714606626746,103.81526117139178,0.0,35.57146043065638,0.016133229247983348,1260,9
161,refine_10m,10.0,20.0,650.0,650.3076195155644,0.26619828259172523,0.8229247983346344,0.0,0.26619828259172523,0.05839188134270101,0.05839188134270101,0.5119047619047619,0.21984126984126984,0.21984126984126984,59.29827653048038,59.32464386841685,87.4196216973658,91.68798500809986,96.65781485284026,0.0,36.21697046762053,0.007936507936507936,1260,9
162,refine_10m,10.0,30.0,650.0,650.6919393998976,0.27270361696591205,0.8343741868332032,0.0,0.27270361696591205,0.06502732240437159,0.06502732240437159,0.5182539682539683,0.23333333333333334,0.23333333333333334,59.00482001740203,59.30715152338551,87.85154619759817,91.3833411991756,100.12353533936115,0.0,35.97964209640326,0.009133489461358314,1260,9
163,refine_10m,10.0,40.0,650.0,651.2296062065975,0.27936507936507937,0.8473588342440801,0.0,0.27936507936507937,0.06393442622950819,0.06393442622950819,0.5246031746031746,0.21666666666666667,0.21666666666666667,59.787627754647986,59.39150164537351,88.57352647347903,92.29383820027262,98.73238386431917,0.0,35.74691539679029,0.01053864168618267,1260,9
164,refine_10m,10.0,50.0,650.0,651.9202405202649,0.2868592245641426,0.8590163934426229,0.0,0.2868592245641426,0.06393442622950819,0.06393442622950819,0.5317460317460317,0.21666666666666667,0.21666666666666667,59.53781600519763,59.4630474561314,88.64981737435559,92.64089921335383,97.35659409700595,0.0,35.55046168575884,0.011657559198542805,1260,9
165,refine_50m,50.0,350.0,550.0,651.9202405202649,1.0,1.0,0.0,1.0,0.14355971896955502,0.14355971896955502,1.0,0.3595238095238095,0.3595238095238095,113.34174843898235,118.54088565799586,214.88434674097323,228.82938335533686,258.6416205190245,0.0,46.19421006089061,0.058912308092635965,1260,9
166,refine_50m,50.0,550.0,350.0,651.9202405202649,1.0,1.0,0.0,1.0,0.22404371584699453,0.22404371584699453,1.0,0.43333333333333335,0.43333333333333335,107.24783367819826,121.68380618833201,243.95555873514843,265.28417532666793,317.42412262948267,0.0,49.068259394899336,0.060109289617486336,1260,9
167,refine_10m,10.0,60.0,650.0,652.7633568147036,0.2936768149882904,0.8721311475409836,0.0,0.2936768149882904,0.06781160551652354,0.06781160551652354,0.5380952380952381,0.2396825396825397,0.2396825396825397,59.269631826633585,59.53677698215979,89.2222922828026,92.80794581199223,100.82893002169052,0.0,35.31939169605964,0.013296903460837887,1260,9
168,refine_10m,10.0,70.0,650.0,653.7583651472461,0.3005464480874317,0.8839968774395004,0.0,0.3005464480874317,0.0715846994535519,0.0715846994535519,0.5444444444444444,0.23333333333333334,0.23333333333333334,58.982775887596844,59.56824037370885,89.51750089039916,93.78577344202724,99.43146771733531,0.0,35.08768473770368,0.01493624772313297,1260,9
169,refine_10m,10.0,80.0,650.0,654.9045732013176,0.30921155347384854,0.8958626073380171,0.0,0.30921155347384854,0.0715846994535519,0.0715846994535519,0.5523809523809524,0.23333333333333334,0.23333333333333334,59.862362399697055,59.78021117839938,90.01771821053711,93.81351717786693,102.94742055548635,0.0,34.93868865990131,0.016549570647931305,1260,9
170,refine_50m,50.0,100.0,650.0,657.6473218982952,0.3224824355971897,0.9213895394223263,0.0,0.3224824355971897,0.07535779339058028,0.07535779339058028,0.5642857142857143,0.24206349206349206,0.24206349206349206,59.14759592311682,59.73090062605901,90.43877732791962,95.03388532110888,100.12449844830178,0.0,34.44415613406489,0.01990632318501171,1260,9
171,refine_10m,10.0,20.0,660.0,660.3029607687671,0.2597449908925319,0.8172001040853499,0.0,0.2597449908925319,0.05683060109289618,0.05683060109289618,0.5055555555555555,0.21666666666666667,0.21666666666666667,58.67419325199122,58.33634096130758,85.67866458835525,89.00784105810664,95.92180473877626,0.0,35.5057566619803,0.008066614623991674,1260,9
172,refine_10m,10.0,30.0,660.0,660.6814663663572,0.2670049440541244,0.8286494925839188,0.0,0.2670049440541244,0.06424668227946917,0.06424668227946917,0.5126984126984127,0.23174603174603176,0.23174603174603176,58.38737231673794,58.44890590850048,85.87252436464857,90.01534630112799,94.5913959616729,0.0,35.311066760315136,0.009289617486338797,1260,9
173,refine_10m,10.0,40.0,660.0,661.2110101926615,0.27353629976580796,0.8415300546448088,0.0,0.27353629976580796,0.06393442622950819,0.06393442622950819,0.5190476190476191,0.21666666666666667,0.21666666666666667,58.08319685496538,58.45743930015802,86.33786054247425,89.82339202233015,97.96629347810062,0.0,35.07560749117824,0.010694769711163154,1260,9
174,refine_10m,10.0,50.0,660.0,661.8912297349165,0.2810304449648712,0.8531876138433515,0.0,0.2810304449648712,0.06393442622950819,0.06393442622950819,0.5261904761904762,0.21666666666666667,0.21666666666666667,58.90463715417404,58.63186242399283,87.02187428436308,90.65601272249035,96.614769215731,0.0,34.88507061463455,0.012021857923497269,1260,9
175,refine_10m,10.0,60.0,660.0,662.7216610312356,0.2876919073640385,0.8648451730418943,0.0,0.2876919073640385,0.06614623991673171,0.06614623991673171,0.5325396825396825,0.2365079365079365,0.2365079365079365,58.6423619593444,58.58866536500758,86.91465268891193,90.68984848089195,95.27829858993752,0.0,34.64943674126392,0.01366120218579235,1260,9
176,refine_10m,10.0,70.0,660.0,663.7017402418047,0.29539422326307574,0.878064012490242,0.0,0.29539422326307574,0.0715846994535519,0.0715846994535519,0.5396825396825397,0.23333333333333334,0.23333333333333334,58.362196407769275,58.793722017398835,87.91671271095554,91.47757402989362,98.6596262695439,0.0,34.463189628666946,0.015300546448087432,1260,9
177,refine_10m,10.0,80.0,660.0,664.8308055437865,0.30140515222482434,0.8899297423887588,0.0,0.30140515222482434,0.0715846994535519,0.0715846994535519,0.5452380952380952,0.23333333333333334,0.23333333333333334,57.97057640186958,58.70493952360148,87.91296572846214,92.10396848200934,97.30204372567351,0.0,34.192448936912115,0.016757741347905284,1260,9
178,refine_10m,10.0,20.0,670.0,670.2984409947558,0.2540983606557377,0.8114754098360656,0.0,0.2540983606557377,0.05683060109289618,0.05683060109289618,0.5,0.21666666666666667,0.21666666666666667,58.09689415222875,57.410895473967436,83.8431684660836,86.78210873666411,90.66766985414127,0.0,34.83795420039815,0.00819672131147541,1260,9
179,refine_10m,10.0,30.0,670.0,670.6713054842886,0.26055165235493105,0.8229247983346344,0.0,0.26055165235493105,0.06268540202966433,0.06268540202966433,0.5063492063492063,0.22857142857142856,0.22857142857142856,57.81673266479649,57.521188027507165,84.19267192091544,87.48244840329143,93.9135554471531,0.0,34.607706741425936,0.009601873536299765,1260,9
180,refine_50m,50.0,300.0,600.0,670.820393249937,1.0,1.0,0.0,1.0,0.12568306010928962,0.12568306010928962,1.0,0.3333333333333333,0.3333333333333333,115.62972838499373,119.71306637840985,212.31111669952494,225.1843416786281,252.46830938797606,0.0,46.00384867144085,0.056310174342961226,1260,9
181,refine_10m,10.0,40.0,670.0,671.1929677819934,0.2670049440541244,0.8343741868332032,0.0,0.2670049440541244,0.06393442622950819,0.06393442622950819,0.5126984126984127,0.21666666666666667,0.21666666666666667,57.431126261814796,57.52717143142532,84.24594511443527,88.1668220928046,92.62080359351965,0.0,34.37294647073118,0.011007025761124122,1260,9
182,refine_10m,10.0,50.0,670.0,671.863081289633,0.27436898256570386,0.8473588342440801,0.0,0.27436898256570386,0.06393442622950819,0.06393442622950819,0.5198412698412699,0.21666666666666667,0.21666666666666667,57.20629712122559,57.65299700539646,84.88053416477612,88.31956833686445,95.90833638014193,0.0,34.181080498982546,0.01238615664845173,1260,9
183,refine_50m,50.0,450.0,500.0,672.6812023536855,1.0,1.0,0.0,1.0,0.17338017174082748,0.17338017174082748,1.0,0.4007936507936508,0.4007936507936508,102.49781579743318,110.0242363233962,205.25734074699605,219.5670656852833,250.54448699993225,0.0,44.63747335342214,0.06885245901639345,1260,9
184,refine_50m,50.0,500.0,450.0,672.6812023536855,1.0,1.0,0.0,1.0,0.21020036429872496,0.21020036429872496,1.0,0.4492063492063492,0.4492063492063492,100.22303846895076,109.69024561575627,209.69096184386527,225.17347333730754,260.3057121057206,0.0,45.201906746512584,0.07145459276606818,1260,9
185,refine_10m,10.0,60.0,670.0,672.6812023536855,0.2810304449648712,0.8590163934426229,0.0,0.2810304449648712,0.06393442622950819,0.06393442622950819,0.5261904761904762,0.21666666666666667,0.21666666666666667,57.9690141894778,57.71178892145043,85.27193914810948,88.83149480121824,94.5950073625997,0.0,33.95117227525567,0.013843351548269581,1260,9
186,refine_10m,10.0,70.0,670.0,673.6467917239717,0.2885506115014312,0.8706739526411658,0.0,0.2885506115014312,0.07033567525370804,0.07033567525370804,0.5333333333333333,0.23095238095238096,0.23095238095238096,57.78918079071176,57.79414629288294,85.48937883347014,89.09006176897626,97.92422177474197,0.0,33.760307618279434,0.015300546448087432,1260,9
187,refine_10m,10.0,80.0,670.0,674.7592163134935,0.29539422326307574,0.8839968774395004,0.0,0.29539422326307574,0.0715846994535519,0.0715846994535519,0.5396825396825397,0.23333333333333334,0.23333333333333334,57.4086696202994,57.876517817807986,86.17602082046204,89.66687917085092,96.59022515426916,0.0,33.53498675662347,0.01717408274785324,1260,9
188,refine_50m,50.0,400.0,550.0,680.0735254367721,1.0,1.0,0.0,1.0,0.16065573770491803,0.16065573770491803,1.0,0.38333333333333336,0.38333333333333336,105.09230396901201,111.00700835693931,202.31290831572872,215.48645519077922,243.51176867536896,0.0,44.295866696823126,0.0673432214415821,1260,9
189,refine_50m,50.0,550.0,400.0,680.0735254367721,1.0,1.0,0.0,1.0,0.22568306010928962,0.22568306010928962,1.0,0.4666666666666667,0.4666666666666667,98.2642965765388,110.26374744491596,215.8641194455405,233.51616379305742,274.00257667215277,0.0,46.06009955934268,0.0638823835545147,1260,9
190,refine_10m,10.0,20.0,680.0,680.2940540677979,0.24785323965651834,0.8044496487119438,0.0,0.24785323965651834,0.05683060109289618,0.05683060109289618,0.4936507936507937,0.21666666666666667,0.21666666666666667,56.312370332854215,56.5877949778714,81.73157069560068,85.31009945514616,90.07128281520944,0.0,34.14306306078455,0.008508977361436378,1260,9
191,refine_10m,10.0,30.0,680.0,680.6614430096654,0.25490502211813687,0.8172001040853499,0.0,0.25490502211813687,0.060733801717408276,0.060733801717408276,0.5007936507936508,0.2246031746031746,0.2246031746031746,57.289300833820406,56.653652793247446,82.46267173404247,85.3778254980731,93.26840380078151,0.0,33.948117194813015,0.00975800156128025,1260,9
192,refine_10m,10.0,40.0,680.0,681.1754546370561,0.2613583138173302,0.8286494925839188,0.0,0.2613583138173302,0.06393442622950819,0.06393442622950819,0.5071428571428571,0.21666666666666667,0.21666666666666667,56.914294473794044,56.74996829851455,82.76354540195607,86.01337761437446,91.99757904869337,0.0,33.718390867025214,0.011163153786104605,1260,9
193,refine_10m,10.0,50.0,680.0,681.8357573492315,0.26781160551652355,0.8400988810824876,0.0,0.26781160551652355,0.06393442622950819,0.06393442622950819,0.5134920634920634,0.21666666666666667,0.21666666666666667,56.61063892347482,56.74761807950067,82.90427513428598,86.86251739319577,90.7411441769378,0.0,33.485026869002056,0.012568306010928962,1260,9
194,refine_10m,10.0,60.0,680.0,682.6419266350405,0.2752016653655998,0.8531876138433515,0.0,0.2752016653655998,0.06393442622950819,0.06393442622950819,0.5206349206349207,0.21666666666666667,0.21666666666666667,56.29073092006045,56.89170617906316,83.4775667298107,86.86994735452582,93.94459019987087,0.0,33.29669433011046,0.014207650273224045,1260,9
195,refine_10m,10.0,70.0,680.0,683.593446428504,0.28186312776476713,0.8648451730418943,0.0,0.28186312776476713,0.06825396825396825,0.06825396825396825,0.526984126984127,0.22698412698412698,0.22698412698412698,57.17173903840679,56.939757220580326,83.81753539991652,87.32509080972322,92.66809703258669,0.0,33.06867153720357,0.01571688784803539,1260,9
196,refine_10m,10.0,80.0,680.0,684.6897107449475,0.29024199843871973,0.878064012490242,0.0,0.29024199843871973,0.0715846994535519,0.0715846994535519,0.5349206349206349,0.23333333333333334,0.23333333333333334,56.97660231791461,57.126578616299085,84.33654053143404,87.66279426979959,95.91225547954032,0.0,32.92313928570028,0.01738225344782722,1260,9
197,refine_50m,50.0,350.0,600.0,694.6221994724903,1.0,1.0,0.0,1.0,0.1360655737704918,0.1360655737704918,1.0,0.35,0.35,107.83816710368019,112.46817107164495,200.36750110231444,212.68180924223344,238.44775691014055,0.0,44.12067324385173,0.06567785584179027,1260,9
198,refine_50m,50.0,600.0,350.0,694.6221994724903,1.0,1.0,0.0,1.0,0.2335415040333073,0.2335415040333073,1.0,0.3873015873015873,0.3873015873015873,96.75599781682455,112.15935642495299,224.9504599484423,244.91144923183194,293.67382033546477,0.0,47.30194033979552,0.06557377049180328,1260,9
199,refine_10m,10.0,620.0,320.0,697.7105417004963,1.0,1.0,0.0,1.0,0.23770491803278687,0.23770491803278687,1.0,0.36666666666666664,0.36666666666666664,98.23319391452438,116.14296505993303,237.24895092443768,259.92641267833943,314.93128337391204,0.0,48.6195499388091,0.0633879781420765,1260,9
200,coarse_100m,100.0,0.0,700.0,700.0,0.2233671610720791,0.7695550351288056,0.0,0.2233671610720791,0.055191256830601096,0.055191256830601096,0.46825396825396826,0.22857142857142856,0.22857142857142856,54.79041938539423,54.806740367029924,77.77713995649373,80.49359785424386,87.11045200216856,0.0,33.22670333762308,0.00663544106167057,1260,9
201,refine_50m,50.0,50.0,700.0,701.78344238091,0.25571168358053603,0.8286494925839188,0.0,0.25571168358053603,0.06393442622950819,0.06393442622950819,0.5015873015873016,0.21666666666666667,0.21666666666666667,55.63089020114103,55.152489510583486,79.48486494671265,82.51710178838051,89.6255770316795,0.0,32.1538901984349,0.013114754098360656,1260,9
202,refine_10m,10.0,620.0,330.0,702.3531875061151,1.0,1.0,0.0,1.0,0.23770491803278687,0.23770491803278687,1.0,0.36666666666666664,0.36666666666666664,96.3246676279532,113.43281677089865,230.8731037407653,251.53329694238002,303.9585391733466,0.0,47.933291464725094,0.0669008587041374,1260,9
203,refine_50m,50.0,500.0,500.0,707.1067811865476,1.0,1.0,0.0,1.0,0.19763205828779598,0.19763205828779598,1.0,0.4301587301587302,0.4301587301587302,94.66410063858045,102.68855023566536,192.24304136460316,205.77632458476083,234.6947459861784,0.0,42.75990703251125,0.07650273224043716,1260,9
204,coarse_100m,100.0,-100.0,700.0,707.1067811865476,0.16393442622950818,0.6579234972677596,0.0,0.16393442622950818,0.036065573770491806,0.036065573770491806,0.4,0.18333333333333332,0.18333333333333332,54.07846850370368,53.97313343305634,73.58316100740358,76.08475480842333,78.1404508969796,0.0,35.236086790824196,0.000234192037470726,1260,9
205,refine_50m,50.0,100.0,700.0,707.1067811865476,0.2911007025761124,0.8899297423887588,0.0,0.2911007025761124,0.07049180327868852,0.07049180327868852,0.5357142857142857,0.23333333333333334,0.23333333333333334,55.39051497873924,55.632952394159666,81.5172191339316,84.73904839602437,92.15775819081252,0.0,31.159852247848743,0.02177985948477752,1260,9
206,refine_10m,10.0,620.0,340.0,707.1067811865476,1.0,1.0,0.0,1.0,0.23916211293260473,0.23916211293260473,1.0,0.37222222222222223,0.37222222222222223,94.35935012327063,110.9217037646165,223.74569255917055,244.03685811516306,293.84197761774817,0.0,47.263787116885844,0.06830601092896176,1260,9
207,refine_50m,50.0,450.0,550.0,710.6335201775947,1.0,1.0,0.0,1.0,0.1726775956284153,0.1726775956284153,1.0,0.4,0.4,97.56044204245795,103.95248456024837,190.06350002794858,202.5757223497193,228.95869176240518,0.0,42.404723667421955,0.07577413479052823,1260,9
208,refine_50m,50.0,550.0,450.0,710.6335201775947,1.0,1.0,0.0,1.0,0.22568306010928962,0.22568306010928962,1.0,0.4666666666666667,0.4666666666666667,91.83778153246361,102.01258606001251,195.62953028157406,210.38219797018144,242.80652015363265,0.0,43.35678088337947,0.07858443924017694,1260,9
209,refine_10m,10.0,620.0,350.0,711.9691004531026,1.0,1.0,0.0,1.0,0.24207650273224043,0.24207650273224043,1.0,0.38333333333333336,0.38333333333333336,92.54456771071874,108.59068078237982,218.33014785442856,237.33922342231378,284.488900500292,0.0,46.610421528210935,0.06830601092896176,1260,9
210,refine_50m,50.0,150.0,700.0,715.8910531638177,0.326984126984127,0.9533957845433255,0.0,0.326984126984127,0.08040593286494926,0.08040593286494926,0.5682539682539682,0.25476190476190474,0.25476190476190474,54.99792763392288,55.958838312141744,83.10543358501049,86.73819297899664,94.70600900246409,0.0,30.154298596571838,0.03231850117096019,1260,9
211,refine_10m,10.0,620.0,360.0,716.9379331573969,1.0,1.0,0.0,1.0,0.24207650273224043,0.24207650273224043,1.0,0.38333333333333336,0.38333333333333336,90.86740190138894,106.42315946036905,212.87783204938106,231.3151893087233,275.81949462161924,0.0,45.97262411461431,0.07002341920374708,1260,9
212,refine_50m,50.0,600.0,400.0,721.1102550927978,1.0,1.0,0.0,1.0,0.24077543585740308,0.24077543585740308,1.0,0.41984126984126985,0.41984126984126985,89.16609374622288,102.15706468092563,200.69925768113671,216.88732457321663,254.33755902769016,0.0,44.267953948074826,0.0697111631537861,1260,9
213,refine_50m,50.0,400.0,600.0,721.1102550927978,1.0,1.0,0.0,1.0,0.15740307051782462,0.15740307051782462,1.0,0.37936507936507935,0.37936507936507935,100.55291677399057,105.6506328650231,188.8779862023129,200.52341898281716,224.9398735969835,0.0,42.23301324559233,0.07473328129065834,1260,9
214,refine_10m,10.0,620.0,370.0,722.0110802473879,1.0,1.0,0.0,1.0,0.24207650273224043,0.24207650273224043,1.0,0.38333333333333336,0.38333333333333336,89.44190726969894,104.4045156292127,207.87997769751965,225.9208733415098,267.7646680946601,0.0,45.349876174265425,0.07116835805360396,1260,9
215,coarse_100m,100.0,-200.0,700.0,728.0109889280518,0.11475409836065574,0.5550351288056206,0.0,0.11475409836065574,0.019672131147540985,0.019672131147540985,0.3333333333333333,0.13333333333333333,0.13333333333333333,53.37768376606103,53.46388178220516,69.58057425905163,71.99334689938783,73.39485566220463,0.0,37.2158223822177,0.0,1260,9
216,final_refine_2m,2.0,630.0,370.0,730.6161783043132,1.0,1.0,0.0,1.0,0.24082747853239655,0.24082747853239655,1.0,0.37857142857142856,0.37857142857142856,87.65984326929744,102.78253572970837,204.70946470335886,222.60283100286853,263.58149523052174,0.0,45.004553303847096,0.06830601092896176,1260,9
217,final_refine_2m,2.0,636.0,360.0,730.8187189720854,1.0,1.0,0.0,1.0,0.24186833203226646,0.24186833203226646,1.0,0.37063492063492065,0.37063492063492065,87.89769744859633,103.75885129573868,207.57184261102367,225.86194726255323,268.8830083983706,0.0,45.4268736990601,0.07067395264116576,1260,9
218,final_refine_2m,2.0,630.0,372.0,731.6310545623388,1.0,1.0,0.0,1.0,0.2414519906323185,0.2414519906323185,1.0,0.38095238095238093,0.38095238095238093,87.4056968768428,102.40604645759325,203.78291780571246,221.40470534539804,262.0703788500278,0.0,44.88158416905763,0.06903460837887067,1260,9
219,final_refine_2m,2.0,636.0,362.0,731.8059852173935,1.0,1.0,0.0,1.0,0.24186833203226646,0.24186833203226646,1.0,0.37063492063492065,0.37063492063492065,87.63148056632456,103.36149277206277,206.5975598898168,224.7908486730729,267.2790462756867,0.0,45.300766347343604,0.07140255009107468,1260,9
220,refine_10m,10.0,620.0,390.0,732.4616030891995,1.0,1.0,0.0,1.0,0.23466042154566744,0.23466042154566744,1.0,0.38571428571428573,0.38571428571428573,86.95076448393769,100.76358736230276,198.91864530756476,215.26992574324447,253.26587018227076,0.0,44.14744798129505,0.07345823575331772,1260,9
221,final_refine_2m,2.0,638.0,360.0,732.5598951621636,1.0,1.0,0.0,1.0,0.2443663804319542,0.2443663804319542,1.0,0.373015873015873,0.373015873015873,87.53697597976813,103.43239962015952,206.9246171649469,225.18588046964058,268.0235382807489,0.0,45.35866228069804,0.07252146760343482,1260,9
222,final_refine_2m,2.0,630.0,374.0,732.6499846447824,1.0,1.0,0.0,1.0,0.24207650273224043,0.24207650273224043,1.0,0.38333333333333336,0.38333333333333336,87.15516673459457,102.03476183155898,202.86781627352372,220.22320081791972,260.58052248319893,0.0,44.759197788031905,0.06903460837887067,1260,9
223,final_refine_2m,2.0,636.0,364.0,732.7973799079798,1.0,1.0,0.0,1.0,0.24270101483216236,0.24270101483216236,1.0,0.37142857142857144,0.37142857142857144,87.36912383991306,102.96974063445037,205.635609204694,223.73310978434117,265.69832764953475,0.0,45.17526679666167,0.07213114754098361,1260,9
224,final_refine_2m,2.0,638.0,362.0,733.5448179900121,1.0,1.0,0.0,1.0,0.2443663804319542,0.2443663804319542,1.0,0.373015873015873,0.373015873015873,87.27307106792291,103.03723698575395,205.95450559338013,224.11909994009224,266.4262714409195,0.0,45.23251472676915,0.07384855581576893,1260,9
225,final_refine_2m,2.0,630.0,376.0,733.672951661706,1.0,1.0,0.0,1.0,0.24207650273224043,0.24207650273224043,1.0,0.38333333333333336,0.38333333333333336,86.90819160485856,101.6685903779037,201.9639658392226,219.0579968523656,259.1115052202895,0.0,44.63739015710188,0.0697632058287796,1260,9
226,final_refine_2m,2.0,636.0,366.0,733.7928863105719,1.0,1.0,0.0,1.0,0.24270101483216236,0.24270101483216236,1.0,0.37142857142857144,0.37142857142857144,87.11056016145204,102.58349444120654,204.6857753596597,222.68849918972452,264.140377351466,0.0,45.05037077964592,0.07345823575331772,1260,9
227,final_refine_2m,2.0,640.0,360.0,734.3023900274328,1.0,1.0,0.0,1.0,0.24439240176945096,0.24439240176945096,1.0,0.36904761904761907,0.36904761904761907,87.1774558867591,103.10714858440274,206.27863765724774,224.51105332619468,267.1657507124612,0.0,45.28983742400097,0.07423887587822015,1260,9
228,final_refine_2m,2.0,638.0,364.0,734.5338657951721,1.0,1.0,0.0,1.0,0.2443663804319542,0.2443663804319542,1.0,0.373015873015873,0.373015873015873,87.01299855634366,102.64765905345189,204.99667478577706,223.0656262549916,264.8521488346242,0.0,45.10697629135228,0.07384855581576893,1260,9
229,final_refine_2m,2.0,630.0,378.0,734.6999387505078,1.0,1.0,0.0,1.0,0.24207650273224043,0.24207650273224043,1.0,0.38333333333333336,0.38333333333333336,86.66471158988995,101.30744288379485,201.07117659308742,217.97135134574793,257.6629171449525,0.0,44.51615731309823,0.07049180327868852,1260,9
230,final_refine_2m,2.0,636.0,368.0,734.7924877133679,1.0,1.0,0.0,1.0,0.24270101483216236,0.24270101483216236,1.0,0.37142857142857144,0.37142857142857144,86.85572393013013,102.2026603847027,203.74784812363976,221.5927007345285,262.6047330288074,0.0,44.92607407334388,0.07345823575331772,1260,9
231,final_refine_2m,2.0,640.0,362.0,735.2849787667363,1.0,1.0,0.0,1.0,0.24509497788186313,0.24509497788186313,1.0,0.37142857142857144,0.37142857142857144,86.91585577348059,102.71416956556315,205.31268839825586,223.44858197078952,265.57516358310056,0.0,45.16365399523112,0.07496747332812907,1260,9
232,final_refine_2m,2.0,632.0,376.0,735.3910524340095,1.0,1.0,0.0,1.0,0.24249284413218838,0.24249284413218838,1.0,0.38015873015873014,0.38015873015873014,86.56178131710305,101.35424379275571,201.34518606456808,218.33611588140903,258.2982329648614,0.0,44.570056106179855,0.07340619307832423,1260,9
233,final_refine_2m,2.0,638.0,366.0,735.5270219373317,1.0,1.0,0.0,1.0,0.2443663804319542,0.2443663804319542,1.0,0.373015873015873,0.373015873015873,86.75669180502321,102.26355835268913,204.05091048876713,222.0252289782935,263.3006974743158,0.0,44.98204269224817,0.07457715326567786,1260,9
234,final_refine_2m,2.0,630.0,380.0,735.7309290766564,1.0,1.0,0.0,1.0,0.24207650273224043,0.24207650273224043,1.0,0.38333333333333336,0.38333333333333336,86.42466809593928,100.9512332675916,200.18926286127163,216.95442924254928,256.2343589776928,0.0,44.39549533273807,0.07122040072859745,1260,9
235,final_refine_2m,2.0,636.0,370.0,735.7961674268221,1.0,1.0,0.0,1.0,0.24270101483216236,0.24270101483216236,1.0,0.37142857142857144,0.37142857142857144,86.60455101070481,101.8271417054813,202.8216220875426,220.39395870750621,261.09094471545353,0.0,44.80237249852609,0.07478532396565184,1260,9
236,final_refine_2m,2.0,640.0,364.0,736.2716889844401,1.0,1.0,0.0,1.0,0.2457975539942753,0.2457975539942753,1.0,0.3738095238095238,0.3738095238095238,86.65806038122093,102.32674726085044,204.3589687631014,222.39936473728397,264.00762170779035,0.0,45.038080957160126,0.07629456154046318,1260,9
237,final_refine_2m,2.0,632.0,378.0,736.4156435057582,1.0,1.0,0.0,1.0,0.24311735623211034,0.24311735623211034,1.0,0.3825396825396825,0.3825396825396825,86.32042352669791,100.99507457769322,200.4562065889087,217.307371865651,256.85564438172986,0.0,44.448766149894105,0.07413479052823316,1260,9
238,final_refine_2m,2.0,638.0,368.0,736.5242697969973,1.0,1.0,0.0,1.0,0.2443663804319542,0.2443663804319542,1.0,0.373015873015873,0.373015873015873,86.50408567062887,101.88483649527484,203.11700339063583,220.8540149870912,261.7714571248787,0.0,44.857709691840064,0.07590424147801197,1260,9
239,final_refine_2m,2.0,630.0,382.0,736.7659058344109,1.0,1.0,0.0,1.0,0.24207650273224043,0.24207650273224043,1.0,0.38333333333333336,0.38333333333333336,86.18800379844902,100.59987619787938,199.31804308792462,215.95016030282818,254.82544173309313,0.0,44.275400332025654,0.07194899817850638,1260,9
240,final_refine_2m,2.0,640.0,366.0,737.2625041326868,1.0,1.0,0.0,1.0,0.24603174603174602,0.24603174603174602,1.0,0.3746031746031746,0.3746031746031746,86.40400353645444,101.94478024845607,203.4172654380792,221.32167143867068,262.4626542724872,0.0,44.91311401346854,0.07702315899037211,1260,9
241,final_refine_2m,2.0,632.0,380.0,737.4442351798541,1.0,1.0,0.0,1.0,0.24374186833203226,0.24374186833203226,1.0,0.38492063492063494,0.38492063492063494,86.08247777015171,100.64081743637068,199.57805795011944,216.2946865594955,255.43300154267143,0.0,44.3280485354048,0.07413479052823316,1260,9
242,final_refine_2m,2.0,638.0,370.0,737.5255927762778,1.0,1.0,0.0,1.0,0.2443663804319542,0.2443663804319542,1.0,0.373015873015873,0.373015873015873,86.25511646527498,101.5113996665193,202.1947489791281,219.66069205252754,260.2639798767449,0.0,44.73397309639838,0.0766328389279209,1260,9
243,final_refine_2m,2.0,630.0,384.0,737.8048522475303,1.0,1.0,0.0,1.0,0.24207650273224043,0.24207650273224043,1.0,0.38333333333333336,0.38333333333333336,85.95466260835467,100.25328829148232,198.45733972126752,214.9583268999324,253.43578639019375,0.0,44.155868465665435,0.0726775956284153,1260,9
244,refine_10m,10.0,620.0,400.0,737.8346698278687,1.0,1.0,0.0,1.0,0.23278688524590163,0.23278688524590163,1.0,0.38333333333333336,0.38333333333333336,85.76065610659872,99.11957932329958,194.8258690327211,210.56453656264324,246.72321969957648,0.0,43.566810341369305,0.0746031746031746,1260,9
245,refine_50m,50.0,350.0,650.0,738.24115301167,1.0,1.0,0.0,1.0,0.1360655737704918,0.1360655737704918,1.0,0.35,0.35,103.6285216796181,107.67696569301377,188.44819277978092,199.6743188294601,222.20252152520948,0.0,42.19787969875199,0.06932084309133489,1260,9
246,refine_10m,10.0,650.0,350.0,738.24115301167,1.0,1.0,0.0,1.0,0.24681238615664844,0.24681238615664844,1.0,0.3595238095238095,0.3595238095238095,86.70618191506958,103.49481289261945,207.981054076854,226.5639114997788,271.0444557799129,0.0,45.584880728971974,0.07103825136612021,1260,9
247,final_refine_2m,2.0,640.0,368.0,738.2574076837969,1.0,1.0,0.0,1.0,0.24603174603174602,0.24603174603174602,1.0,0.3746031746031746,0.3746031746031746,86.15362055194467,101.56816946336828,202.48737002797213,220.11685258489567,260.9398031525191,0.0,44.788748912570554,0.07702315899037211,1260,9
248,final_refine_2m,2.0,632.0,382.0,738.4768107395113,1.0,1.0,0.0,1.0,0.24374186833203226,0.24374186833203226,1.0,0.38492063492063494,0.38492063492063494,85.84788711860132,100.29138785193483,198.71055937469328,215.29460283837622,254.02991721221395,0.0,44.207899360989025,0.07486338797814207,1260,9
249,final_refine_2m,2.0,638.0,372.0,738.5309742996566,1.0,1.0,0.0,1.0,0.2443663804319542,0.2443663804319542,1.0,0.373015873015873,0.373015873015873,86.00972191664741,101.14315803080723,201.28394740411622,218.48401681340383,258.7778297360091,0.0,44.61082875540041,0.07723132969034609,1260,9
250,final_refine_2m,2.0,630.0,386.0,738.8477515699699,1.0,1.0,0.0,1.0,0.24207650273224043,0.24207650273224043,1.0,0.38333333333333336,0.38333333333333336,85.72458963944646,99.91138805808666,197.60697910340323,213.97871635483648,252.0650235755028,0.0,44.03689592648737,0.0726775956284153,1260,9
251,final_refine_2m,2.0,642.0,366.0,738.9993234097038,1.0,1.0,0.0,1.0,0.2462919594067135,0.2462919594067135,1.0,0.37142857142857144,0.37142857142857144,86.05249628456656,101.62716868867193,202.78483968390327,220.58056137711904,261.62624657055306,0.0,44.84358349923429,0.07582617746552173,1260,9
252,final_refine_2m,2.0,640.0,370.0,739.2563831310488,1.0,1.0,0.0,1.0,0.24603174603174602,0.24603174603174602,1.0,0.3746031746031746,0.3746031746031746,85.90684818581676,101.19681485954953,201.56907891455944,218.92893603688373,259.43862248791777,0.0,44.66498144691674,0.0776216497527973,1260,9
253,final_refine_2m,2.0,632.0,384.0,739.5133534967438,1.0,1.0,0.0,1.0,0.24374186833203226,0.24374186833203226,1.0,0.38492063492063494,0.38492063492063494,85.61659587025031,99.94670387203054,197.8535340747934,214.3069040130745,252.646014071201,0.0,44.08831476385836,0.075591985428051,1260,9
254,final_refine_2m,2.0,646.0,360.0,739.5376934274548,1.0,1.0,0.0,1.0,0.2463960447567005,0.2463960447567005,1.0,0.3634920634920635,0.3634920634920635,86.1061133824969,102.13860172006058,204.34816909012463,222.4940032654843,264.60247071312665,0.0,45.08079423143664,0.07163674212854541,1260,9
255,final_refine_2m,2.0,638.0,374.0,739.5403978147509,1.0,1.0,0.0,1.0,0.2443663804319542,0.2443663804319542,1.0,0.373015873015873,0.373015873015873,85.76784112942858,100.78001948994516,200.38440334501,217.36122015238095,257.31258223084444,0.0,44.48827256086463,0.07795992714025501,1260,9
256,final_refine_2m,2.0,630.0,388.0,739.894587086566,1.0,1.0,0.0,1.0,0.24207650273224043,0.24207650273224043,1.0,0.38333333333333336,0.38333333333333336,85.47277768482331,99.57409584674927,196.76679136381455,213.0111207958979,250.7127932579986,0.0,43.918478944883944,0.07340619307832423,1260,9
257,final_refine_2m,2.0,642.0,368.0,739.9918918474715,1.0,1.0,0.0,1.0,0.24699453551912567,0.24699453551912567,1.0,0.3738095238095238,0.3738095238095238,85.80432949732138,101.25265226910437,201.85894752681932,219.38121266583897,260.1097699637885,0.0,44.71919050528218,0.07582617746552173,1260,9
258,final_refine_2m,2.0,634.0,382.0,740.1891650112152,1.0,1.0,0.0,1.0,0.2441582097319802,0.2441582097319802,1.0,0.3817460317460317,0.3817460317460317,85.50889433162267,99.98539547934024,198.10423246415652,214.64027921791762,253.23592134815468,0.0,44.14044865032112,0.0771792870153526,1260,9
259,final_refine_2m,2.0,640.0,372.0,740.2594139894474,1.0,1.0,0.0,1.0,0.24603174603174602,0.24603174603174602,1.0,0.3746031746031746,0.3746031746031746,85.66362460195843,100.83062314636447,200.66219311998515,217.75759211519542,257.9586782757418,0.0,44.54180745231179,0.0776216497527973,1260,9
260,final_refine_2m,2.0,638.0,376.0,740.5538467930606,1.0,1.0,0.0,1.0,0.2443663804319542,0.2443663804319542,1.0,0.373015873015873,0.373015873015873,85.52941454797605,100.4218942320793,199.49592588268098,216.3356348225649,255.86782403340194,0.0,44.36630044669914,0.07868852459016394,1260,9
261,final_refine_2m,2.0,632.0,386.0,740.5538467930606,1.0,1.0,0.0,1.0,0.24374186833203226,0.24374186833203226,1.0,0.38492063492063494,0.38492063492063494,85.36697033471609,99.6066844228807,197.00680913862232,213.331378319196,251.28092440143033,0.0,43.96929091957994,0.07632058287795992,1260,9
262,final_refine_2m,2.0,630.0,390.0,740.9453421137082,1.0,1.0,0.0,1.0,0.24207650273224043,0.24207650273224043,1.0,0.38333333333333336,0.38333333333333336,85.21998988900059,99.24133379421805,195.93661031629753,212.05533702338047,249.3787444556521,0.0,43.80061378825891,0.07413479052823316,1260,9
263,final_refine_2m,2.0,642.0,370.0,740.9885289260557,1.0,1.0,0.0,1.0,0.24829560239396306,0.24829560239396306,1.0,0.3761904761904762,0.3761904761904762,85.5597470898363,100.88337186633431,200.94461139954367,218.19868982135216,258.614871427881,0.0,44.59539633350027,0.07582617746552173,1260,9
264,final_refine_2m,2.0,634.0,384.0,741.2233131789636,1.0,1.0,0.0,1.0,0.24478272183190217,0.24478272183190217,1.0,0.38412698412698415,0.38412698412698415,85.26149374417943,99.64263629122495,197.25087765895321,213.6567063341386,251.85775751813463,0.0,44.0208298629262,0.0785063752276867,1260,9
265,final_refine_2m,2.0,640.0,374.0,741.2664837964819,1.0,1.0,0.0,1.0,0.24603174603174602,0.24603174603174602,1.0,0.3746031746031746,0.3746031746031746,85.42388933172265,100.46950665060274,199.76651817481869,216.6936835240894,256.49954797855986,0.0,44.41922280724696,0.07822014051522248,1260,9
266,final_refine_2m,2.0,632.0,388.0,741.598274000149,1.0,1.0,0.0,1.0,0.24374186833203226,0.24374186833203226,1.0,0.38492063492063494,0.38492063492063494,85.11276750470127,99.27125026029682,196.17021542441782,212.36781877761763,249.9342897822313,0.0,43.850824041509426,0.07632058287795992,1260,9
267,final_refine_2m,2.0,642.0,372.0,741.989218250508,1.0,1.0,0.0,1.0,0.24852979443143378,0.24852979443143378,1.0,0.376984126984127,0.376984126984127,85.31868766090163,100.51923145881203,200.04163319379148,217.05740806941213,257.1411189441917,0.0,44.47219680668818,0.07642466822794691,1260,9
268,final_refine_2m,2.0,630.0,392.0,742.0,1.0,1.0,0.0,1.0,0.24207650273224043,0.24207650273224043,1.0,0.38333333333333336,0.38333333333333336,84.97093559768842,98.91302577499192,195.11627335930814,211.111166378534,248.062534952931,0.0,43.683296760487046,0.07486338797814207,1260,9
269,final_refine_2m,2.0,634.0,386.0,742.26140947782,1.0,1.0,0.0,1.0,0.2454072339318241,0.2454072339318241,1.0,0.3865079365079365,0.3865079365079365,85.00585886966049,99.30451769356722,196.40778093693916,212.68525698109192,250.49832831823625,0.0,43.901773067573394,0.07923497267759563,1260,9
270,final_refine_2m,2.0,640.0,376.0,742.2775761128717,1.0,1.0,0.0,1.0,0.24686442883164195,0.24686442883164195,1.0,0.3753968253968254,0.3753968253968254,85.18758323686558,100.11337863018197,198.88186399062377,215.67240448052186,255.0608201482914,0.0,44.29722343224672,0.07822014051522248,1260,9
271,final_refine_2m,2.0,632.0,390.0,742.6466185205451,1.0,1.0,0.0,1.0,0.24374186833203226,0.24374186833203226,1.0,0.38492063492063494,0.38492063492063494,84.86233583739886,98.94032391828718,195.34358745791172,211.41602305968377,248.60576079849676,0.0,43.73291038023568,0.07704918032786885,1260,9
272,final_refine_2m,2.0,642.0,374.0,742.9939434477242,1.0,1.0,0.0,1.0,0.24852979443143378,0.24852979443143378,1.0,0.376984126984127,0.376984126984127,85.08109116727344,100.16013629730227,199.1498192886735,216.02741410910386,255.68809190321144,0.0,44.349587790463275,0.07642466822794691,1260,9
273,final_refine_2m,2.0,650.0,360.0,743.0343195303969,1.0,1.0,0.0,1.0,0.24972677595628415,0.24972677595628415,1.0,0.36666666666666664,0.36666666666666664,85.39790964023102,101.49891666530858,203.06740943827327,221.15548959694252,262.90200715446525,0.0,44.94399443034301,0.07103825136612021,1260,9
274,final_refine_2m,2.0,630.0,394.0,743.0585441269079,1.0,1.0,0.0,1.0,0.24207650273224043,0.24207650273224043,1.0,0.38333333333333336,0.38333333333333336,84.72554916687344,98.589097353052,194.3056213795046,210.1784146170817,246.76383102882792,0.0,43.566524201385064,0.07486338797814207,1260,9
275,final_refine_2m,2.0,640.0,378.0,743.2926745232998,1.0,1.0,0.0,1.0,0.24686442883164195,0.24686442883164195,1.0,0.3753968253968254,0.3753968253968254,84.94709741509594,99.76215226313536,198.00804473681987,214.66396303008628,253.6420940648491,0.0,44.17580528922923,0.07822014051522248,1260,9
276,refine_50m,50.0,500.0,550.0,743.3034373659252,1.0,1.0,0.0,1.0,0.18961748633879782,0.18961748633879782,1.0,0.42142857142857143,0.42142857142857143,90.2146737939154,97.38287071798044,178.31587739803408,190.09089246429753,214.9770531436694,0.0,40.53537774129478,0.08420504813947437,1260,9
277,refine_50m,50.0,550.0,500.0,743.3034373659252,1.0,1.0,0.0,1.0,0.21420765027322405,0.21420765027322405,1.0,0.45,0.45,86.96369437717311,95.90221864837056,179.65420359405374,192.3741203167435,219.49607374106628,0.0,40.915748933206196,0.08415300546448087,1260,9
278,refine_10m,10.0,620.0,410.0,743.3034373659252,1.0,1.0,0.0,1.0,0.23278688524590163,0.23278688524590163,1.0,0.38333333333333336,0.38333333333333336,84.5829839481954,97.58065181806742,190.625604974251,206.13186957948142,240.59568702099486,0.0,42.99929478775742,0.07574811345303148,1260,9
279,final_refine_2m,2.0,634.0,388.0,743.3034373659252,1.0,1.0,0.0,1.0,0.2454072339318241,0.2454072339318241,1.0,0.3865079365079365,0.3865079365079365,84.7540334411435,98.9709616531082,195.57477388292588,211.72572506945343,249.1572769329413,0.0,43.78327446337903,0.07923497267759563,1260,9
280,final_refine_2m,2.0,632.0,392.0,743.6988637882944,1.0,1.0,0.0,1.0,0.24374186833203226,0.24374186833203226,1.0,0.38492063492063494,0.38492063492063494,84.61560866685137,98.61382965939475,194.52676333313696,210.47579335692294,247.2949967596474,0.0,43.61554622303671,0.07777777777777778,1260,9
281,final_refine_2m,2.0,642.0,376.0,744.0026881671866,1.0,1.0,0.0,1.0,0.24852979443143378,0.24852979443143378,1.0,0.376984126984127,0.376984126984127,84.84299328031508,99.80599887465229,198.26898042388947,215.01043224794122,254.2553807304322,0.0,44.22756519260577,0.07702315899037211,1260,9
282,final_refine_2m,2.0,650.0,362.0,744.0053763246607,1.0,1.0,0.0,1.0,0.24972677595628415,0.24972677595628415,1.0,0.36666666666666664,0.36666666666666664,85.14772575458724,101.11671833521609,202.1221397419355,220.0375479425119,261.3445860268954,0.0,44.81769653516713,0.07103825136612021,1260,9
283,final_refine_2m,2.0,630.0,396.0,744.1209579093979,1.0,1.0,0.0,1.0,0.24207650273224043,0.24207650273224043,1.0,0.38333333333333336,0.38333333333333336,84.48376644340914,98.26947573520002,193.50449865841523,209.25689178691462,245.48230719497013,0.0,43.45029248619299,0.075591985428051,1260,9
284,final_refine_2m,2.0,640.0,380.0,744.3117626371358,1.0,1.0,0.0,1.0,0.24686442883164195,0.24686442883164195,1.0,0.3753968253968254,0.3753968253968254,84.68706119694019,99.41574203761685,197.1448787217112,213.66813610567252,252.2429793887425,0.0,44.05496438088039,0.07881863127764767,1260,9
285,final_refine_2m,2.0,634.0,390.0,744.3493803315752,1.0,1.0,0.0,1.0,0.2454072339318241,0.2454072339318241,1.0,0.3865079365079365,0.3865079365079365,84.50594974855463,98.64189109944407,194.75169173244194,210.77790913899975,247.83425550900873,0.0,43.66533028685841,0.07996357012750456,1260,9
286,final_refine_2m,2.0,632.0,394.0,744.7549932695987,1.0,1.0,0.0,1.0,0.24374186833203226,0.24374186833203226,1.0,0.38492063492063494,0.38492063492063494,84.37252084920358,98.29169342669658,193.71958461647193,209.5469362551667,246.00166542903813,0.0,43.498727893346675,0.07777777777777778,1260,9
287,final_refine_2m,2.0,650.0,364.0,744.980536658509,1.0,1.0,0.0,1.0,0.24972677595628415,0.24972677595628415,1.0,0.36666666666666664,0.36666666666666664,84.90120933271821,100.73994009623013,201.18884593602792,218.82590682869238,259.8097194829423,0.0,44.69201471283466,0.07103825136612021,1260,9
288,final_refine_2m,2.0,636.0,388.0,745.0100670460769,1.0,1.0,0.0,1.0,0.24582357533177204,0.24582357533177204,1.0,0.38333333333333336,0.38333333333333336,84.39657635714644,98.67176291659348,194.98046634629628,211.0848391460546,248.38175378728755,0.0,43.71517046371666,0.08095238095238096,1260,9
289,final_refine_2m,2.0,642.0,378.0,745.0154360816962,1.0,1.0,0.0,1.0,0.24852979443143378,0.24852979443143378,1.0,0.376984126984127,0.376984126984127,84.58145378924023,99.45673712977704,197.39893157721525,214.00623513875533,252.84258652682053,0.0,44.106124962417915,0.07702315899037211,1260,9
290,final_refine_2m,2.0,630.0,398.0,745.1872247965608,1.0,1.0,0.0,1.0,0.24207650273224043,0.24207650273224043,1.0,0.38333333333333336,0.38333333333333336,84.24552472357901,97.95408972593948,192.65071147822056,208.34641210986317,244.2176459433386,0.0,43.33459802506611,0.07632058287795992,1260,9
291,final_refine_2m,2.0,648.0,368.0,745.2033279582157,1.0,1.0,0.0,1.0,0.24889409315638825,0.24889409315638825,1.0,0.36587301587301585,0.36587301587301585,84.76351015679762,100.31309973926605,199.98094019027803,217.18341929064144,257.62938371052013,0.0,44.51061289670279,0.07163674212854541,1260,9
292,final_refine_2m,2.0,640.0,382.0,745.3348240891472,1.0,1.0,0.0,1.0,0.24686442883164195,0.24686442883164195,1.0,0.3753968253968254,0.3753968253968254,84.43095316934449,99.07406470836274,196.29218827748835,212.68470576293382,250.8630958271547,0.0,43.9346967500409,0.07881863127764767,1260,9
293,final_refine_2m,2.0,634.0,392.0,745.3992218938788,1.0,1.0,0.0,1.0,0.2454072339318241,0.2454072339318241,1.0,0.3865079365079365,0.3865079365079365,84.26154163600319,98.31723068153616,193.93837327304118,209.8416122289664,246.5289248759149,0.0,43.54793681137928,0.08069216757741347,1260,9
294,final_refine_2m,2.0,632.0,396.0,745.8149904634527,1.0,1.0,0.0,1.0,0.24374186833203226,0.24374186833203226,1.0,0.38492063492063494,0.38492063492063494,84.1330087201701,97.97384347907779,192.909169156533,208.62926261282013,244.72544276339792,0.0,43.38245310747053,0.0785063752276867,1260,9
295,final_refine_2m,2.0,650.0,366.0,745.9597844388128,1.0,1.0,0.0,1.0,0.24972677595628415,0.24972677595628415,1.0,0.36666666666666664,0.36666666666666664,84.65829651242962,100.36848395829931,200.26731936119953,217.63145750975883,258.2969474661788,0.0,44.566944607049315,0.07103825136612021,1260,9
296,final_refine_2m,2.0,642.0,380.0,746.0321708880924,1.0,1.0,0.0,1.0,0.24852979443143378,0.24852979443143378,1.0,0.376984126984127,0.376984126984127,84.32388341862635,99.11226761150448,196.53949184612213,213.01460068447204,251.4493207232873,0.0,43.9852630900964,0.0776216497527973,1260,9
297,final_refine_2m,2.0,636.0,390.0,746.053617376124,1.0,1.0,0.0,1.0,0.246448087431694,0.246448087431694,1.0,0.38571428571428573,0.38571428571428573,84.1508324787857,98.3445409327706,194.1609227585723,210.14099474969464,247.06422768563053,0.0,43.59719949849219,0.08168097840228988,1260,9
298,final_refine_2m,2.0,648.0,370.0,746.1930045236286,1.0,1.0,0.0,1.0,0.24889409315638825,0.24889409315638825,1.0,0.36587301587301585,0.36587301587301585,84.5254562801672,99.94996733785878,199.07841929434832,216.08327662206065,256.1532450991726,0.0,44.386779931211834,0.07163674212854541,1260,9
299,final_refine_2m,2.0,630.0,400.0,746.2573282722254,1.0,1.0,0.0,1.0,0.24207650273224043,0.24207650273224043,1.0,0.38333333333333336,0.38333333333333336,84.01076271299873,97.6428696838425,191.77241452585884,207.44679386735922,242.9695375032213,0.0,43.2194372625769,0.07704918032786885,1260,9
300,final_refine_2m,2.0,640.0,384.0,746.3618425401985,1.0,1.0,0.0,1.0,0.24686442883164195,0.24686442883164195,1.0,0.3753968253968254,0.3753968253968254,84.17870235061962,98.73703918872897,195.44979964908148,211.7134590336072,249.50207281278733,0.0,43.8149984791062,0.07941712204007285,1260,9
301,final_refine_2m,2.0,646.0,374.0,746.452945603405,1.0,1.0,0.0,1.0,0.24873796513140775,0.24873796513140775,1.0,0.37142857142857144,0.37142857142857144,84.37125611203602,99.54477874083659,197.91997853176022,214.698674489402,254.06991003524408,0.0,44.209815605734825,0.07403070517824616,1260,9
302,final_refine_2m,2.0,634.0,394.0,746.452945603405,1.0,1.0,0.0,1.0,0.2454072339318241,0.2454072339318241,1.0,0.3865079365079365,0.3865079365079365,84.02074445811274,97.99690671997651,193.13466074879412,208.9166417527773,245.24095427662692,0.0,43.431090346626426,0.08069216757741347,1260,9
303,final_refine_2m,2.0,632.0,398.0,746.8788389022681,1.0,1.0,0.0,1.0,0.24374186833203226,0.24374186833203226,1.0,0.38492063492063494,0.38492063492063494,83.89701005389696,97.66021513682482,192.02364888676317,207.72258744323264,243.46601266185897,0.0,43.26672190082821,0.07923497267759563,1260,9
304,final_refine_2m,2.0,650.0,368.0,746.9431035895573,1.0,1.0,0.0,1.0,0.24972677595628415,0.24972677595628415,1.0,0.36666666666666664,0.36666666666666664,84.41892486649773,100.00225227934804,199.35735616198156,216.45386082234018,256.8058222977673,0.0,44.442481906773914,0.07103825136612021,1260,9
305,final_refine_2m,2.0,642.0,382.0,747.0528763079626,1.0,1.0,0.0,1.0,0.24852979443143378,0.24852979443143378,1.0,0.376984126984127,0.376984126984127,84.0702100476402,98.77250769574367,195.690484333348,212.03531188692745,250.07520474848005,0.0,43.86497560611824,0.0776216497527973,1260,9
306,final_refine_2m,2.0,636.0,392.0,747.1010641138186,1.0,1.0,0.0,1.0,0.24707259953161592,0.24707259953161592,1.0,0.3880952380952381,0.3880952380952381,83.90873535464834,98.0217072269676,193.351102809171,209.20862249644168,245.76431842096486,0.0,43.4797803949607,0.083008066614624,1260,9
307,final_refine_2m,2.0,648.0,372.0,747.1867236507886,1.0,1.0,0.0,1.0,0.24889409315638825,0.24889409315638825,1.0,0.36587301587301585,0.36587301587301585,84.26667602441515,99.59190087619685,198.1871148468232,215.0531992849642,254.69798286147446,0.0,44.263544696967266,0.0722352328909706,1260,9
308,final_refine_2m,2.0,630.0,402.0,747.331251855561,1.0,1.0,0.0,1.0,0.24207650273224043,0.24207650273224043,1.0,0.38333333333333336,0.38333333333333336,83.77942048786096,97.33574747934327,190.90526512489126,206.55785928983775,241.73767960699803,0.0,43.10480667722697,0.07704918032786885,1260,9
309,final_refine_2m,2.0,646.0,376.0,747.4570221758573,1.0,1.0,0.0,1.0,0.2502732240437158,0.2502732240437158,1.0,0.3746031746031746,0.3746031746031746,84.11070689054652,99.19461155883529,197.04674648373648,213.69025974490785,252.64919114788808,0.0,44.08777697123142,0.07403070517824616,1260,9
310,final_refine_2m,2.0,634.0,396.0,747.510535042818,1.0,1.0,0.0,1.0,0.2454072339318241,0.2454072339318241,1.0,0.3865079365079365,0.3865079365079365,83.78349503780575,97.6808471608424,192.27928709539086,208.00280937692915,243.9700211083776,0.0,43.314787238077024,0.0814207650273224,1260,9
311,final_refine_2m,2.0,632.0,400.0,747.9465221524865,1.0,1.0,0.0,1.0,0.24290918553213636,0.24290918553213636,1.0,0.38412698412698415,0.38412698412698415,83.6644640231882,97.35073617408467,191.14942291841234,206.82672980089515,242.22306672411358,0.0,43.151525641912755,0.07923497267759563,1260,9
312,final_refine_2m,2.0,642.0,384.0,748.0775360883389,1.0,1.0,0.0,1.0,0.24852979443143378,0.24852979443143378,1.0,0.376984126984127,0.376984126984127,83.82036324691634,98.43737665347057,194.85173603627854,211.0681567009667,248.71986970931906,0.0,43.745258580639195,0.0776216497527973,1260,9
313,final_refine_2m,2.0,636.0,394.0,748.152390893727,1.0,1.0,0.0,1.0,0.24707259953161592,0.24707259953161592,1.0,0.3880952380952381,0.3880952380952381,83.67022083614421,97.70318849562472,192.5394037749834,208.2875306248234,244.4816967111433,0.0,43.36290944958215,0.083008066614624,1260,9
314,final_refine_2m,2.0,630.0,404.0,748.4089791016673,1.0,1.0,0.0,1.0,0.24262295081967214,0.24262295081967214,1.0,0.38571428571428573,0.38571428571428573,83.55143945743417,97.03265645390537,190.04907021737708,205.6794344497652,240.52177726438086,0.0,42.9907027809685,0.07835024720270622,1260,9
315,final_refine_2m,2.0,646.0,378.0,748.4650960465692,1.0,1.0,0.0,1.0,0.250975800156128,0.250975800156128,1.0,0.376984126984127,0.376984126984127,83.85413629061402,98.84927269859907,196.18421496612513,212.69452447661274,251.24822038014105,0.0,43.966322654873444,0.07403070517824616,1260,9
316,final_refine_2m,2.0,634.0,398.0,748.5719738275004,1.0,1.0,0.0,1.0,0.2454072339318241,0.2454072339318241,1.0,0.3865079365079365,0.3865079365079365,83.54973162549062,97.36898153107583,191.39787937482456,207.09993090390122,242.71581067296972,0.0,43.19902386648659,0.08214936247723133,1260,9
317,refine_10m,10.0,620.0,420.0,748.8658090739622,1.0,1.0,0.0,1.0,0.23434816549570647,0.23434816549570647,1.0,0.39126984126984127,0.39126984126984127,83.48694697400718,96.13860663859637,187.1013371201679,201.95062447603163,234.8472799790747,0.0,42.44449603483293,0.07689305230288837,1260,9
318,final_refine_2m,2.0,632.0,402.0,749.0180238151817,1.0,1.0,0.0,1.0,0.24290918553213636,0.24290918553213636,1.0,0.38412698412698415,0.38412698412698415,83.43531116104538,97.04533784237074,190.28629459311472,205.9415126713876,240.9963040174045,0.0,43.03686079456261,0.07996357012750456,1260,9
319,final_refine_2m,2.0,642.0,386.0,749.1061340023855,1.0,1.0,0.0,1.0,0.24852979443143378,0.24852979443143378,1.0,0.376984126984127,0.376984126984127,83.57427423000382,98.10679498592668,194.023077740013,210.11292789346018,247.38295608371072,0.0,43.62610812290478,0.07822014051522248,1260,9
320,final_refine_2m,2.0,636.0,396.0,749.2075813818224,1.0,1.0,0.0,1.0,0.24707259953161592,0.24707259953161592,1.0,0.3880952380952381,0.3880952380952381,83.43522623176986,97.38891305206234,191.65070690880262,207.37753160698173,243.2160413893113,0.0,43.24658299475686,0.08360655737704918,1260,9
321,final_refine_2m,2.0,646.0,380.0,749.4771510860088,1.0,1.0,0.0,1.0,0.25144418423106946,0.25144418423106946,1.0,0.37857142857142856,0.37857142857142856,83.60147160194656,98.50867345101572,195.33220464751903,211.71124851846764,249.86661268624326,0.0,43.84544862693211,0.07462919594067136,1260,9
322,final_refine_2m,2.0,630.0,406.0,749.4904936021537,1.0,1.0,0.0,1.0,0.24316939890710382,0.24316939890710382,1.0,0.3880952380952381,0.3880952380952381,83.32676232777894,96.73353138050945,189.31963465402856,204.81134915813317,239.3215425447576,0.0,42.87712340171145,0.07907884465261514,1260,9
323,final_refine_2m,2.0,634.0,400.0,749.6372456061665,1.0,1.0,0.0,1.0,0.2454072339318241,0.2454072339318241,1.0,0.3865079365079365,0.3865079365079365,83.31939385960389,97.06124089533068,190.5277152548774,206.20782615894632,241.47801593617672,0.0,43.08379664738517,0.08214936247723133,1260,9
324,final_refine_2m,2.0,638.0,394.0,749.8533189897875,1.0,1.0,0.0,1.0,0.24748894093156387,0.24748894093156387,1.0,0.38492063492063494,0.38492063492063494,83.32095083786993,97.41053889668633,191.90797956882338,207.65960239116276,243.72389187740103,0.0,43.29418406788837,0.08181108508977361,1260,9
325,refine_50m,50.0,450.0,600.0,750.0,1.0,1.0,0.0,1.0,0.1726775956284153,0.1726775956284153,1.0,0.4,0.4,93.50674023012768,99.26541103514444,177.90526323354274,189.31719626675306,211.9405289798588,0.0,40.35537955570956,0.08404892011449389,1260,9
326,refine_50m,50.0,600.0,450.0,750.0,1.0,1.0,0.0,1.0,0.24173822534478273,0.24173822534478273,1.0,0.4373015873015873,0.4373015873015873,83.76180872307614,94.96436104301647,182.0736645159242,196.04607086354665,226.06232483499753,0.0,41.55612276717297,0.08641686182669789,1260,9
327,final_refine_2m,2.0,642.0,388.0,750.1386538500732,1.0,1.0,0.0,1.0,0.24852979443143378,0.24852979443143378,1.0,0.376984126984127,0.376984126984127,83.33187580645775,97.78068565818214,193.20434391391416,209.16942290720465,246.06411342490944,0.0,43.50752038067345,0.07822014051522248,1260,9
328,final_refine_2m,2.0,636.0,398.0,750.2666192761077,1.0,1.0,0.0,1.0,0.24707259953161592,0.24707259953161592,1.0,0.3880952380952381,0.3880952380952381,83.20369026660592,97.07881078210882,190.77340248126697,206.47844203217815,241.9670391554866,0.0,43.13079739830935,0.08360655737704918,1260,9
329,final_refine_2m,2.0,646.0,382.0,750.4931711881195,1.0,1.0,0.0,1.0,0.25214676034348166,0.25214676034348166,1.0,0.38095238095238093,0.38095238095238093,83.35264182893434,98.17273164625898,194.4905401647278,210.74021675595176,248.50399292084944,0.0,43.72515089810242,0.07462919594067136,1260,9
330,final_refine_2m,2.0,630.0,408.0,750.5757789857064,1.0,1.0,0.0,1.0,0.24371584699453552,0.24371584699453552,1.0,0.3904761904761905,0.3904761904761905,83.10533306664811,96.43830842541296,188.61761470872926,203.95343686428293,238.1366943673129,0.0,42.76406692678287,0.07965131407754358,1260,9
331,final_refine_2m,2.0,634.0,402.0,750.7063340614624,1.0,1.0,0.0,1.0,0.2454072339318241,0.2454072339318241,1.0,0.3865079365079365,0.3865079365079365,83.09242272843953,96.7575578142317,189.66859900180017,205.32631888054343,240.25633729589813,0.0,42.96910203058352,0.08287795992714025,1260,9
332,final_refine_2m,2.0,638.0,396.0,750.9061192985446,1.0,1.0,0.0,1.0,0.24811345303148583,0.24811345303148583,1.0,0.3873015873015873,0.3873015873015873,83.0882031492558,97.0980406132485,191.02342812737882,206.7534288356486,242.4635027708217,0.0,43.17783789887835,0.08181108508977361,1260,9
333,final_refine_2m,2.0,642.0,390.0,751.1750794588436,1.0,1.0,0.0,1.0,0.24852979443143378,0.24852979443143378,1.0,0.376984126984127,0.376984126984127,83.09310233652882,97.45897286326037,192.3953726115673,208.2374437293654,244.76300007696764,0.0,43.38949153965146,0.07881863127764767,1260,9
334,final_refine_2m,2.0,636.0,400.0,751.3294883072273,1.0,1.0,0.0,1.0,0.24707259953161592,0.24707259953161592,1.0,0.3880952380952381,0.3880952380952381,82.97555304316532,96.77281310118569,189.90729108831715,205.5900824941152,240.73438433719858,0.0,43.01554906298254,0.08360655737704918,1260,9
335,final_refine_2m,2.0,646.0,384.0,751.5131402710135,1.0,1.0,0.0,1.0,0.25214676034348166,0.25214676034348166,1.0,0.38095238095238093,0.38095238095238093,83.10757764116815,97.84136614080697,193.6590500132581,209.78121898157718,247.1599955229189,0.0,43.605425518901704,0.07522768670309654,1260,9
336,refine_50m,50.0,50.0,750.0,751.6648189186454,0.2211553473848556,0.7960187353629976,0.0,0.2211553473848556,0.056128024980484,0.056128024980484,0.4658730158730159,0.2007936507936508,0.2007936507936508,51.12866960316588,51.239992811874316,71.12818010428178,73.90513394328936,79.58978771259517,0.0,28.631790797345936,0.014389799635701275,1260,9
337,final_refine_2m,2.0,630.0,410.0,751.6648189186454,1.0,1.0,0.0,1.0,0.2442622950819672,0.2442622950819672,1.0,0.39285714285714285,0.39285714285714285,82.88709686950337,96.14692511113269,187.923247896159,203.1055345589602,236.96695829858314,0.0,42.65152683095609,0.08037991152745251,1260,9
338,final_refine_2m,2.0,634.0,404.0,751.7792229105563,1.0,1.0,0.0,1.0,0.2454072339318241,0.2454072339318241,1.0,0.3865079365079365,0.3865079365079365,82.86876053322725,96.45786630398915,188.93788351839882,204.45523661447783,239.0504823586842,0.0,42.85493649968903,0.08360655737704918,1260,9
339,final_refine_2m,2.0,638.0,398.0,751.96276503561,1.0,1.0,0.0,1.0,0.24873796513140775,0.24873796513140775,1.0,0.3896825396825397,0.3896825396825397,82.85888681693544,96.78969483235991,190.15021775120044,205.85812037326744,241.21969729339142,0.0,43.062033674748236,0.0824095758521988,1260,9
340,final_refine_2m,2.0,636.0,402.0,752.3961722390671,1.0,1.0,0.0,1.0,0.24707259953161592,0.24707259953161592,1.0,0.3880952380952381,0.3880952380952381,82.75075600352453,96.47085291279679,189.1023840227535,204.7122774819423,239.51777865880274,0.0,42.90083442594195,0.08360655737704918,1260,9
341,final_refine_2m,2.0,646.0,386.0,752.5370422776542,1.0,1.0,0.0,1.0,0.25214676034348166,0.25214676034348166,1.0,0.38095238095238093,0.38095238095238093,82.86621132564011,97.51450499828724,192.8375664414214,208.8340497553485,245.83426421161005,0.0,43.486269946408214,0.07522768670309654,1260,9
342,final_refine_2m,2.0,630.0,412.0,752.7575971054692,1.0,1.0,0.0,1.0,0.24499089253187614,0.24499089253187614,1.0,0.396031746031746,0.396031746031746,82.67200012663186,95.85932028060567,187.2364219498161,202.26748268044915,235.81206635715793,0.0,42.53949975598408,0.08095238095238096,1260,9
343,final_refine_2m,2.0,634.0,406.0,752.8558959057171,1.0,1.0,0.0,1.0,0.2454072339318241,0.2454072339318241,1.0,0.3865079365079365,0.3865079365079365,82.64835085241594,96.1621017973208,188.23396895739856,203.59441061132927,237.86016572426786,0.0,42.74129657163128,0.08360655737704918,1260,9
344,final_refine_2m,2.0,638.0,400.0,753.023240013215,1.0,1.0,0.0,1.0,0.24873796513140775,0.24873796513140775,1.0,0.3896825396825397,0.3896825396825397,82.63294240595388,96.48543331866468,189.2881499780152,204.97349836387258,239.99217113008436,0.0,42.94676778594954,0.0824095758521988,1260,9
345,final_refine_2m,2.0,648.0,384.0,753.2330316708103,1.0,1.0,0.0,1.0,0.2526411657559198,0.2526411657559198,1.0,0.37857142857142856,0.37857142857142856,82.75313304009285,97.54501308216832,193.06442682769006,209.13958254480755,246.38232256731249,0.0,43.53645562787142,0.07343221441582097,1260,9
346,final_refine_2m,2.0,636.0,404.0,753.4666548693446,1.0,1.0,0.0,1.0,0.24707259953161592,0.24707259953161592,1.0,0.3880952380952381,0.3880952380952381,82.5292418926896,96.17286456836626,188.39360459576577,203.84485527482514,238.3169310191641,0.0,42.786649958289665,0.08360655737704918,1260,9
347,final_refine_2m,2.0,646.0,388.0,753.5648611765281,1.0,1.0,0.0,1.0,0.25214676034348166,0.25214676034348166,1.0,0.38095238095238093,0.38095238095238093,82.62847674059473,97.1920718103969,192.0259253479041,207.8985082699654,244.5264516936769,0.0,43.36768182649361,0.07582617746552173,1260,9
348,final_refine_2m,2.0,640.0,398.0,753.660400976461,1.0,1.0,0.0,1.0,0.2491543065313557,0.2491543065313557,1.0,0.38412698412698415,0.38412698412698415,82.51532212760169,96.50163381726009,189.52832473604454,205.23896547728626,240.47378427586656,0.0,42.992731621614524,0.08061410356492324,1260,9
349,final_refine_2m,2.0,630.0,414.0,753.8540972893893,1.0,1.0,0.0,1.0,0.24553734061930782,0.24553734061930782,1.0,0.3984126984126984,0.3984126984126984,82.45999039129735,95.57543406248443,186.49861656863797,201.4391250236899,234.67175682522608,0.0,42.427982374802845,0.08168097840228988,1260,9
350,final_refine_2m,2.0,638.0,402.0,754.0875280761511,1.0,1.0,0.0,1.0,0.24873796513140775,0.24873796513140775,1.0,0.3896825396825397,0.3896825396825397,82.41031181066958,96.18518931703831,188.5561455023146,204.0993880450448,238.78062732753298,0.0,42.83203665748849,0.0824095758521988,1260,9
351,final_refine_2m,2.0,648.0,386.0,754.2545989253231,1.0,1.0,0.0,1.0,0.2539422326307572,0.2539422326307572,1.0,0.38095238095238093,0.38095238095238093,82.51411549080319,97.22000661045074,192.2465195382023,208.19643048586724,245.0621636221613,0.0,43.41729231074922,0.07403070517824616,1260,9
352,final_refine_2m,2.0,636.0,406.0,754.5409200301863,1.0,1.0,0.0,1.0,0.24707259953161592,0.24707259953161592,1.0,0.3880952380952381,0.3880952380952381,82.31095472315329,95.87878382837494,187.69261815912708,202.98764783994054,237.13155727723958,0.0,42.67299216458799,0.08360655737704918,1260,9
353,final_refine_2m,2.0,646.0,390.0,754.5965809623046,1.0,1.0,0.0,1.0,0.25214676034348166,0.25214676034348166,1.0,0.38095238095238093,0.38095238095238093,82.39430927093208,96.87399184714596,191.16572051117961,206.97439822060306,243.23621938188907,0.0,43.249654396483145,0.07582617746552173,1260,9
354,final_refine_2m,2.0,640.0,400.0,754.7184905645283,1.0,1.0,0.0,1.0,0.24977881863127765,0.24977881863127765,1.0,0.3865079365079365,0.3865079365079365,82.29156279119671,96.19910168232022,188.72163408241772,204.35807333055894,239.25137552289712,0.0,42.877451754256455,0.08121259432734843,1260,9
355,final_refine_2m,2.0,630.0,416.0,754.9543032528525,1.0,1.0,0.0,1.0,0.2459016393442623,0.2459016393442623,1.0,0.4,0.4,82.25101634890646,95.29520783752453,185.74400091257928,200.62030865227916,233.54577406668494,0.0,42.31697139110611,0.0824095758521988,1260,9
356,final_refine_2m,2.0,638.0,404.0,755.1556131023592,1.0,1.0,0.0,1.0,0.24873796513140775,0.24873796513140775,1.0,0.3896825396825397,0.3896825396825397,82.19093821839934,95.88889751264762,187.85031895706877,203.2356184271662,237.58477607284476,0.0,42.717836748438295,0.083008066614624,1260,9
357,final_refine_2m,2.0,648.0,388.0,755.2800804999428,1.0,1.0,0.0,1.0,0.2546448087431694,0.2546448087431694,1.0,0.38333333333333336,0.38333333333333336,82.27870038092273,96.89940071534399,191.43092236863666,207.26485830890465,243.75984769449678,0.0,43.298694525961125,0.07403070517824616,1260,9
358,final_refine_2m,2.0,636.0,408.0,755.618951588696,1.0,1.0,0.0,1.0,0.24707259953161592,0.24707259953161592,1.0,0.3880952380952381,0.3880952380952381,82.09583974059792,95.58854782474627,186.99930933869794,202.140490733751,235.96138004538804,0.0,42.559857582392226,0.08360655737704918,1260,9
359,final_refine_2m,2.0,646.0,392.0,755.6321856564872,1.0,1.0,0.0,1.0,0.251496226906063,0.251496226906063,1.0,0.38015873015873014,0.38015873015873014,82.16364578511174,96.56019230020007,190.2747806403217,206.06152767905277,241.96323712396918,0.0,43.13218386110436,0.07582617746552173,1260,9
360,final_refine_2m,2.0,640.0,402.0,755.7803913836347,1.0,1.0,0.0,1.0,0.2504033307311996,0.2504033307311996,1.0,0.3888888888888889,0.3888888888888889,82.07109098510243,95.90056716058706,188.01090565462187,203.4876501441584,238.04488252861307,0.0,42.76270767522207,0.08121259432734843,1260,9
361,final_refine_2m,2.0,630.0,418.0,756.0581988180539,1.0,1.0,0.0,1.0,0.2459016393442623,0.2459016393442623,1.0,0.4,0.4,82.046694265685,95.01858420602433,184.99823815039016,199.8108838132193,232.4338683515688,0.0,42.20646353892818,0.08298204527712724,1260,9
362,final_refine_2m,2.0,638.0,406.0,756.2274790035073,1.0,1.0,0.0,1.0,0.24873796513140775,0.24873796513140775,1.0,0.3896825396825397,0.3896825396825397,81.97476607425438,95.59649399230061,187.1522550689697,202.38202219190003,236.40433448027056,0.0,42.60416455146103,0.083008066614624,1260,9
363,final_refine_2m,2.0,648.0,390.0,756.3094604723651,1.0,1.0,0.0,1.0,0.2546448087431694,0.2546448087431694,1.0,0.38333333333333336,0.38333333333333336,82.04682360507333,96.5831261722118,190.53248978943756,206.34467055919745,242.47503772401498,0.0,43.18065842971049,0.07462919594067136,1260,9
364,refine_50m,50.0,100.0,750.0,756.6372975210778,0.25336976320582877,0.8561020036429873,0.0,0.25336976320582877,0.07049180327868852,0.07049180327868852,0.4992063492063492,0.23333333333333334,0.23333333333333334,52.10302348042735,51.64217837626176,72.8728030280882,75.93299952645962,81.86123194988407,0.0,27.626966858315463,0.0234192037470726,1260,9
365,final_refine_2m,2.0,636.0,410.0,756.7007334475103,1.0,1.0,0.0,1.0,0.24707259953161592,0.24707259953161592,1.0,0.3880952380952381,0.3880952380952381,81.88384339069992,95.30209502443473,186.29363865157148,201.3032230064272,234.80612848994963,0.0,42.44724278179268,0.08360655737704918,1260,9
366,final_refine_2m,2.0,640.0,404.0,756.8460873916175,1.0,1.0,0.0,1.0,0.2510278428311215,0.2510278428311215,1.0,0.39126984126984127,0.39126984126984127,81.85385033749192,95.60596526950069,187.30802635557848,202.62752565751452,236.85401676430146,0.0,42.64849583203374,0.08121259432734843,1260,9
367,final_refine_2m,2.0,630.0,420.0,757.1657678474378,1.0,1.0,0.0,1.0,0.2459016393442623,0.2459016393442623,1.0,0.4,0.4,81.86860241695739,94.74550695627933,184.2611879198438,198.9386731813433,231.3357956865213,0.0,42.09645558223465,0.08371064272703617,1260,9
368,final_refine_2m,2.0,638.0,408.0,757.3031097255576,1.0,1.0,0.0,1.0,0.24873796513140775,0.24873796513140775,1.0,0.3896825396825397,0.3896825396825397,81.76174104711131,95.30791620703947,186.4618389281501,201.53843559394403,235.23902638555376,0.0,42.49101659233895,0.083008066614624,1260,9
369,final_refine_2m,2.0,648.0,392.0,757.3427229464875,1.0,1.0,0.0,1.0,0.2546448087431694,0.2546448087431694,1.0,0.38333333333333336,0.38333333333333336,81.81842252983945,96.27111046497173,189.64575292583763,205.4356761384283,241.20740504460133,0.0,43.06318021582547,0.07462919594067136,1260,9
370,final_refine_2m,2.0,636.0,412.0,757.7862495453451,1.0,1.0,0.0,1.0,0.24707259953161592,0.24707259953161592,1.0,0.3880952380952381,0.3880952380952381,81.67491328699312,95.01936519417197,185.53123328944875,200.4756871093635,233.66553813886577,0.0,42.33514436496548,0.08360655737704918,1260,9
371,final_refine_2m,2.0,640.0,406.0,757.915562579368,1.0,1.0,0.0,1.0,0.2512360135310955,0.2512360135310955,1.0,0.39206349206349206,0.39206349206349206,81.63978572467718,95.31523242076268,186.61287944855192,201.77753326467166,235.67849659557996,0.0,42.53481270592209,0.08181108508977361,1260,9
372,final_refine_2m,2.0,630.0,422.0,758.2769942441878,1.0,1.0,0.0,1.0,0.2459016393442623,0.2459016393442623,1.0,0.4,0.4,81.69290939391357,94.4759210340128,183.5327127883941,198.05450402889628,230.2513176510575,0.0,41.98694431452082,0.08501170960187354,1260,9
373,final_refine_2m,2.0,648.0,394.0,758.3798520530461,1.0,1.0,0.0,1.0,0.2546448087431694,0.2546448087431694,1.0,0.38333333333333336,0.38333333333333336,81.59343595245403,95.96328251377504,188.770503804216,204.53768818364367,239.95662912468902,0.0,42.94625611521607,0.07522768670309654,1260,9
374,final_refine_2m,2.0,638.0,410.0,758.3824892493233,1.0,1.0,0.0,1.0,0.24873796513140775,0.24873796513140775,1.0,0.3896825396825397,0.3896825396825397,81.55180999667252,95.02310293592872,185.7154840126178,200.70469836593824,234.08858214751405,0.0,42.3783894295147,0.08360655737704918,1260,9
375,final_refine_2m,2.0,636.0,414.0,758.8754838575298,1.0,1.0,0.0,1.0,0.24707259953161592,0.24707259953161592,1.0,0.3880952380952381,0.3880952380952381,81.49279826655044,94.74029936632799,184.77785422941386,199.65772880557046,232.53935069604,0.0,42.22355896573203,0.08360655737704918,1260,9
376,final_refine_2m,2.0,640.0,408.0,758.9888009713977,1.0,1.0,0.0,1.0,0.2512360135310955,0.2512360135310955,1.0,0.39206349206349206,0.39206349206349206,81.4288432373458,95.02830638313407,185.90311326616552,200.937509916509,234.51804707775392,0.0,42.421654811355864,0.08181108508977361,1260,9
377,final_refine_2m,2.0,630.0,424.0,759.3918619527075,1.0,1.0,0.0,1.0,0.2459016393442623,0.2459016393442623,1.0,0.4,0.4,81.51957919752958,94.20977251274924,182.81267817706677,197.18124620278883,229.180201239426,0.0,41.87792655841757,0.08501170960187354,1260,9
378,final_refine_2m,2.0,648.0,396.0,759.4208319502435,1.0,1.0,0.0,1.0,0.2546448087431694,0.2546448087431694,1.0,0.38333333333333336,0.38333333333333336,81.3718040608625,95.65957303575075,187.96019977908819,203.65052395026547,238.722397317175,0.0,42.82988239534212,0.07522768670309654,1260,9
379,final_refine_2m,2.0,638.0,412.0,759.4656015910135,1.0,1.0,0.0,1.0,0.24873796513140775,0.24873796513140775,1.0,0.3896825396825397,0.3896825396825397,81.36775273739312,94.74199425099425,184.95651387488894,199.88065362637914,232.9527384566431,0.0,42.266279653640694,0.08360655737704918,1260,9
380,final_refine_2m,2.0,636.0,416.0,759.968420396532,1.0,1.0,0.0,1.0,0.24623991673172002,0.24623991673172002,1.0,0.3873015873015873,0.3873015873015873,81.31484166818325,94.46483980584588,184.03335695223956,198.82558202337742,231.42731386218082,0.0,42.112483249126875,0.08360655737704918,1260,9
381,final_refine_2m,2.0,640.0,410.0,760.0657866263946,1.0,1.0,0.0,1.0,0.2512360135310955,0.2512360135310955,1.0,0.39206349206349206,0.39206349206349206,81.24282022208274,94.74512624642279,185.13847560261192,200.10729602611866,233.37239975842297,0.0,42.309018695580846,0.0824095758521988,1260,9
382,refine_10m,10.0,620.0,440.0,760.2631123499285,1.0,1.0,0.0,1.0,0.2360655737704918,0.2360655737704918,1.0,0.4,0.4,81.65921700319522,93.51640700660447,180.02445084798202,194.0957919709764,224.36344838292587,0.0,41.37142554942049,0.08298204527712724,1260,9
383,final_refine_2m,2.0,648.0,398.0,760.4656468243651,1.0,1.0,0.0,1.0,0.2546448087431694,0.2546448087431694,1.0,0.38333333333333336,0.38333333333333336,81.15346839510939,95.35991386366896,187.24551881293445,202.77400469893348,237.5044046185354,0.0,42.71405535969176,0.07522768670309654,1260,9
384,final_refine_2m,2.0,630.0,426.0,760.5103549590893,1.0,1.0,0.0,1.0,0.2459016393442623,0.2459016393442623,1.0,0.4,0.4,81.34857652739697,93.94700856509532,182.10095228670096,196.31871598372,228.12221870782355,0.0,41.769399165304655,0.08574030705178246,1260,9
385,final_refine_2m,2.0,638.0,414.0,760.5524308027685,1.0,1.0,0.0,1.0,0.24873796513140775,0.24873796513140775,1.0,0.3896825396825397,0.3896825396825397,81.18902727346702,94.46453148327167,184.20653142329755,199.06614779049488,231.83123815038735,0.0,42.15468388713694,0.08360655737704918,1260,9
386,final_refine_2m,2.0,642.0,408.0,760.6760151339071,1.0,1.0,0.0,1.0,0.2518605256310174,0.2518605256310174,1.0,0.3896825396825397,0.3896825396825397,81.11800179752649,94.74971847808514,185.32379096074607,200.33771331489282,233.79844140648234,0.0,42.351771256968824,0.08061410356492324,1260,9
387,final_refine_2m,2.0,636.0,418.0,761.0650432124708,1.0,1.0,0.0,1.0,0.24623991673172002,0.24623991673172002,1.0,0.3873015873015873,0.3873015873015873,81.13930489737183,94.19292997821145,183.29759998473938,197.93128964849913,230.32918116181747,0.0,42.00191391097383,0.08360655737704918,1260,9
388,final_refine_2m,2.0,640.0,412.0,761.1465036377688,1.0,1.0,0.0,1.0,0.2504033307311996,0.2504033307311996,1.0,0.39126984126984127,0.39126984126984127,81.06331854621328,94.4656323866148,184.382933438757,199.28673537716904,232.24129248701658,0.0,42.19690093816776,0.0824095758521988,1260,9
389,final_refine_2m,2.0,648.0,400.0,761.5142808903848,1.0,1.0,0.0,1.0,0.2546448087431694,0.2546448087431694,1.0,0.38333333333333336,0.38333333333333336,80.93837181000278,95.06423817411998,186.5388014124694,201.90795558612277,236.30235343670142,0.0,42.59877134727037,0.07582617746552173,1260,9
390,coarse_100m,100.0,-300.0,700.0,761.5773105863908,0.07431693989071038,0.46088992974238874,0.0,0.07431693989071038,0.011475409836065573,0.011475409836065573,0.26666666666666666,0.1,0.1,54.538306350902516,53.06143811309872,67.0916212672116,67.96527334170582,68.75072417331802,0.0,39.07522998018693,0.0,1260,9
391,final_refine_2m,2.0,634.0,422.0,761.6035714201976,1.0,1.0,0.0,1.0,0.24603174603174602,0.24603174603174602,1.0,0.39206349206349206,0.39206349206349206,81.09353634061607,93.93004837407004,182.4109700976391,196.80086627796945,228.86491328210593,0.0,41.850691516842076,0.08360655737704918,1260,9
392,final_refine_2m,2.0,630.0,428.0,761.6324572915731,1.0,1.0,0.0,1.0,0.2459016393442623,0.2459016393442623,1.0,0.4,0.4,81.17986676518663,93.68757743489664,181.3974060265074,195.58063479960592,227.07714742674128,0.0,41.66135901493112,0.0863127764767109,1260,9
393,final_refine_2m,2.0,638.0,416.0,761.6429609731846,1.0,1.0,0.0,1.0,0.24873796513140775,0.24873796513140775,1.0,0.3896825396825397,0.3896825396825397,81.01274115528301,94.19065718992151,183.46539278164744,198.18985856488993,230.72383003488034,0.0,42.04359878375743,0.08360655737704918,1260,9
394,final_refine_2m,2.0,642.0,410.0,761.7506153591213,1.0,1.0,0.0,1.0,0.2522768670309654,0.2522768670309654,1.0,0.39126984126984127,0.39126984126984127,80.93771645446746,94.46816507996002,184.56261311053206,199.51101561135678,232.6575806239989,0.0,42.23912960859841,0.08061410356492324,1260,9
395,final_refine_2m,2.0,636.0,420.0,762.16533639362,1.0,1.0,0.0,1.0,0.24623991673172002,0.24623991673172002,1.0,0.3873015873015873,0.3873015873015873,80.96615128315224,93.92451451841879,182.5704448198622,197.04814045148305,229.24471177627214,0.0,41.89184767747015,0.08360655737704918,1260,9
396,final_refine_2m,2.0,640.0,414.0,762.2309361341876,1.0,1.0,0.0,1.0,0.2504033307311996,0.2504033307311996,1.0,0.39126984126984127,0.39126984126984127,80.88627600136839,94.18976643210816,183.63634044041112,198.45282230692467,231.12446923102686,0.0,42.085298150568825,0.0824095758521988,1260,9
397,final_refine_2m,2.0,648.0,402.0,762.5667183925614,1.0,1.0,0.0,1.0,0.2546448087431694,0.2546448087431694,1.0,0.38333333333333336,0.38333333333333336,80.74424209657357,94.77248080025522,185.8399280453937,201.05220555827864,235.11595336735968,0.0,42.48402673209954,0.07582617746552173,1260,9
398,final_refine_2m,2.0,638.0,418.0,762.7371762278275,1.0,1.0,0.0,1.0,0.24873796513140775,0.24873796513140775,1.0,0.3896825396825397,0.3896825396825397,80.83885723842322,93.92031512237305,182.73295710543576,197.29963720826038,229.63026871284404,0.0,41.933021028164745,0.08360655737704918,1260,9
399,final_refine_2m,2.0,630.0,430.0,762.7581530209952,1.0,1.0,0.0,1.0,0.2459016393442623,0.2459016393442623,1.0,0.4,0.4,81.01341595856698,93.43142841023916,180.70191294478315,194.86856087660917,226.04476973828312,0.0,41.55380301504269,0.08704137392661983,1260,9
400,final_refine_2m,2.0,642.0,412.0,762.8289454392774,1.0,1.0,0.0,1.0,0.25290137913088734,0.25290137913088734,1.0,0.39365079365079364,0.39365079365079364,80.75991029987544,94.1902797240296,183.81049168059764,198.69393199682503,231.5311995477699,0.0,42.127007258121516,0.08121259432734843,1260,9
401,refine_50m,50.0,400.0,650.0,763.2168761236874,1.0,1.0,0.0,1.0,0.1469945355191257,0.1469945355191257,1.0,0.36666666666666664,0.36666666666666664,96.83377447959163,101.45204708106347,178.26179436675878,189.2434274208383,210.01206439486623,0.0,40.32730021538867,0.07926099401509237,1260,9
402,final_refine_2m,2.0,636.0,422.0,763.2692840669013,1.0,1.0,0.0,1.0,0.24623991673172002,0.24623991673172002,1.0,0.3873015873015873,0.3873015873015873,80.79534487295383,93.65953920089754,181.85175583928134,196.1759448731152,228.17367038239726,0.0,41.78228130477847,0.08360655737704918,1260,9
403,final_refine_2m,2.0,640.0,416.0,763.3190682801,1.0,1.0,0.0,1.0,0.2504033307311996,0.2504033307311996,1.0,0.39126984126984127,0.39126984126984127,80.71165496104778,93.91747123100784,182.89855337248264,197.5554258133485,230.02167989861744,0.0,41.97420697568284,0.083008066614624,1260,9
404,final_refine_2m,2.0,648.0,404.0,763.6229436050229,1.0,1.0,0.0,1.0,0.2546448087431694,0.2546448087431694,1.0,0.38333333333333336,0.38333333333333336,80.56155989868955,94.48457748099302,185.1218349979056,200.20658724944812,233.94492097828808,0.0,42.36981792272582,0.07642466822794691,1260,9
405,final_refine_2m,2.0,634.0,426.0,763.8272055903743,1.0,1.0,0.0,1.0,0.2462919594067135,0.2462919594067135,1.0,0.396031746031746,0.396031746031746,80.75562805616815,93.40717769149116,180.99205804446223,195.19674049888044,226.75342325406518,0.0,41.633062091873576,0.08417902680197763,1260,9
406,final_refine_2m,2.0,638.0,420.0,763.8350607297364,1.0,1.0,0.0,1.0,0.24873796513140775,0.24873796513140775,1.0,0.3896825396825397,0.3896825396825397,80.66733910951753,93.65345019545984,182.0090865023492,196.42050986915189,228.55031441737555,0.0,41.822947335512744,0.08360655737704918,1260,9
407,final_refine_2m,2.0,630.0,432.0,763.887426261226,1.0,1.0,0.0,1.0,0.2459016393442623,0.2459016393442623,1.0,0.4,0.4,80.84919080558514,93.17851179726536,180.01434916177072,194.16408134744898,225.02487281820666,0.0,41.446728101016014,0.08704137392661983,1260,9
408,final_refine_2m,2.0,642.0,414.0,763.9109895792834,1.0,1.0,0.0,1.0,0.25290137913088734,0.25290137913088734,1.0,0.39365079365079364,0.39365079365079364,80.58454521634265,93.91600433475276,183.06728099061073,197.81557705278018,230.41904327184594,0.0,42.015400806457535,0.08121259432734843,1260,9
409,final_refine_2m,2.0,640.0,418.0,764.410884276251,1.0,1.0,0.0,1.0,0.2504033307311996,0.2504033307311996,1.0,0.39126984126984127,0.39126984126984127,80.53941854274977,93.64869081944379,182.16943201729023,196.66926643349436,228.93268016738463,0.0,41.86362408742841,0.083008066614624,1260,9
410,final_refine_2m,2.0,648.0,406.0,764.6829408323426,1.0,1.0,0.0,1.0,0.2546448087431694,0.2546448087431694,1.0,0.38333333333333336,0.38333333333333336,80.38141874708151,94.20046595841012,184.3526693789812,199.37093688220455,232.7889796014525,0.0,42.2561413617392,0.07642466822794691,1260,9
411,refine_50m,50.0,150.0,750.0,764.8529270389178,0.287743950039032,0.9183710642727037,0.0,0.287743950039032,0.07759562841530054,0.07759562841530054,0.5325396825396825,0.25,0.25,51.79773735393171,52.05401583555155,74.5878683040483,77.80748923061991,84.1502279457528,0.0,26.700840961612144,0.034504293520686964,1260,9
412,final_refine_2m,2.0,638.0,422.0,764.9365986799168,1.0,1.0,0.0,1.0,0.24790528233151185,0.24790528233151185,1.0,0.3888888888888889,0.3888888888888889,80.49815106870301,93.39000845750972,181.29364595525297,195.5522878646689,227.4837328514927,0.0,41.71337445103704,0.08360655737704918,1260,9
413,final_refine_2m,2.0,634.0,428.0,764.9444424270301,1.0,1.0,0.0,1.0,0.2468384074941452,0.2468384074941452,1.0,0.3984126984126984,0.3984126984126984,80.5900808586071,93.15071833731056,180.29483160992046,194.48279927278926,225.71699748243836,0.0,41.52498299424056,0.08475149622690606,1260,9
414,final_refine_2m,2.0,642.0,416.0,764.9967320191636,1.0,1.0,0.0,1.0,0.25290137913088734,0.25290137913088734,1.0,0.39365079365079364,0.39365079365079364,80.41158384370574,93.64528204990796,182.33283844469108,196.92228330374573,229.3208628030189,0.0,41.904306886076654,0.08121259432734843,1260,9
415,final_refine_2m,2.0,630.0,434.0,765.020261169598,1.0,1.0,0.0,1.0,0.2459016393442623,0.2459016393442623,1.0,0.4,0.4,80.68715863946446,92.92877889477622,179.3345933045707,193.46708705681672,224.0172485425511,0.0,41.34013123549959,0.08761384335154827,1260,9
416,final_refine_2m,2.0,640.0,420.0,765.5063683601855,1.0,1.0,0.0,1.0,0.2504033307311996,0.2504033307311996,1.0,0.39126984126984127,0.39126984126984127,80.369530590031,93.38337039087396,181.4488390954451,195.7941520393342,227.85723131899402,0.0,41.753546190325466,0.083008066614624,1260,9
417,final_refine_2m,2.0,648.0,408.0,765.7466944101033,1.0,1.0,0.0,1.0,0.2546448087431694,0.2546448087431694,1.0,0.38333333333333336,0.38333333333333336,80.20377899656364,93.92008496596651,183.5927404385489,198.5450941717433,231.64785913244722,0.0,42.142993525300795,0.07642466822794691,1260,9
418,final_refine_2m,2.0,638.0,424.0,766.041774317824,1.0,1.0,0.0,1.0,0.24790528233151185,0.24790528233151185,1.0,0.3888888888888889,0.3888888888888889,80.3312581125733,93.12993706135546,180.58650324756792,194.8128405835019,226.43029503305274,0.0,41.6042991496533,0.08360655737704918,1260,9
419,final_refine_2m,2.0,634.0,430.0,766.0652713705275,1.0,1.0,0.0,1.0,0.24738485558157688,0.24738485558157688,1.0,0.4007936507936508,0.4007936507936508,80.42676009748779,92.89750902567545,179.60559024183402,193.77650496530237,224.69316185513674,0.0,41.417390140999764,0.08475149622690606,1260,9
420,final_refine_2m,2.0,642.0,418.0,766.0861570345727,1.0,1.0,0.0,1.0,0.25290137913088734,0.25290137913088734,1.0,0.39365079365079364,0.39365079365079364,80.24098956069781,93.37805718908382,181.6070244501106,196.04017687266563,228.23641489047657,0.0,41.79372216057215,0.08181108508977361,1260,9
421,refine_10m,10.0,620.0,450.0,766.0939890117922,1.0,1.0,0.0,1.0,0.2360655737704918,0.2360655737704918,1.0,0.4,0.4,80.87494972281898,92.32360175963562,176.77497323161518,190.36985328685353,219.5740596275652,0.0,40.85239654416969,0.0863127764767109,1260,9
422,final_refine_2m,2.0,630.0,436.0,766.156641947324,1.0,1.0,0.0,1.0,0.2459016393442623,0.2459016393442623,1.0,0.4,0.4,80.52728741384269,92.68218196959184,178.66252644399924,192.72953941996371,223.0216933586603,0.0,41.234009408061176,0.08761384335154827,1260,9
423,final_refine_2m,2.0,640.0,422.0,766.6055048067421,1.0,1.0,0.0,1.0,0.2504033307311996,0.2504033307311996,1.0,0.39126984126984127,0.39126984126984127,80.20195565507647,93.12145626633752,180.73664018922372,194.98220821327328,226.79510007949494,0.0,41.6439700190844,0.08360655737704918,1260,9
424,final_refine_2m,2.0,648.0,410.0,766.8141887054517,1.0,1.0,0.0,1.0,0.2546448087431694,0.2546448087431694,1.0,0.38333333333333336,0.38333333333333336,80.02860180078649,93.64337510834208,182.8418981138321,197.70760601216185,230.52129583707693,0.0,42.03037092267968,0.07777777777777778,1260,9
425,final_refine_2m,2.0,638.0,426.0,767.150571921836,1.0,1.0,0.0,1.0,0.24790528233151185,0.24790528233151185,1.0,0.3888888888888889,0.3888888888888889,80.16662591761303,92.87318423623368,179.88752889099652,194.09701559744167,225.38977714499916,0.0,41.49571823556284,0.08360655737704918,1260,9
426,final_refine_2m,2.0,642.0,420.0,767.1792489373001,1.0,1.0,0.0,1.0,0.25290137913088734,0.25290137913088734,1.0,0.39365079365079364,0.39365079365079364,80.07272646712731,93.1142752231498,180.8897023385987,195.16906652368047,227.16546186123796,0.0,41.68364332424066,0.08181108508977361,1260,9
427,final_refine_2m,2.0,634.0,432.0,767.1896766771565,1.0,1.0,0.0,1.0,0.24756700494405412,0.24756700494405412,1.0,0.4015873015873016,0.4015873015873016,80.26563293369595,92.64750056083646,178.92421114581308,193.07774718115942,223.68170537992066,0.0,41.31028044301237,0.08475149622690606,1260,9
428,final_refine_2m,2.0,630.0,438.0,767.2965528399043,1.0,1.0,0.0,1.0,0.2459016393442623,0.2459016393442623,1.0,0.4,0.4,80.3695456884011,92.43867423264466,177.99803203337555,191.96645595329989,222.03800816042605,0.0,41.128359634841594,0.0881863127764767,1260,9
429,final_refine_2m,2.0,640.0,424.0,767.7082779285371,1.0,1.0,0.0,1.0,0.2504033307311996,0.2504033307311996,1.0,0.39126984126984127,0.39126984126984127,80.03665898176934,92.86289586562295,180.0327036683282,194.26152885495043,225.74605846504085,0.0,41.53489233820314,0.08360655737704918,1260,9
430,final_refine_2m,2.0,648.0,412.0,767.8854081176436,1.0,1.0,0.0,1.0,0.2546448087431694,0.2546448087431694,1.0,0.38333333333333336,0.38333333333333336,79.85584909261102,93.37027809436596,182.09999555090843,196.8039049731607,229.40903216471787,0.0,41.91827009579872,0.07853239656518345,1260,9
431,final_refine_2m,2.0,638.0,428.0,768.2629758097158,1.0,1.0,0.0,1.0,0.24790528233151185,0.24790528233151185,1.0,0.3888888888888889,0.3888888888888889,80.00422082409692,92.61969926053906,179.1965960554466,193.38889069541273,224.36196039058692,0.0,41.38762854186566,0.08360655737704918,1260,9
432,final_refine_2m,2.0,642.0,422.0,768.2759920757644,1.0,1.0,0.0,1.0,0.25290137913088734,0.25290137913088734,1.0,0.39365079365079364,0.39365079365079364,79.90675936657514,92.8538827446709,180.18073829007272,194.4289345889738,226.10777146126944,0.0,41.57406710167041,0.08181108508977361,1260,9
433,final_refine_2m,2.0,634.0,434.0,768.3176426452799,1.0,1.0,0.0,1.0,0.24756700494405412,0.24756700494405412,1.0,0.4015873015873016,0.4015873015873016,80.10666715476498,92.4006447294552,178.25057401112988,192.33574253121364,222.68242172174504,0.0,41.203650838696326,0.0853239656518345,1260,9
434,final_refine_2m,2.0,630.0,440.0,768.439978137525,1.0,1.0,0.0,1.0,0.2459016393442623,0.2459016393442623,1.0,0.4,0.4,80.21390261490073,92.19820981577871,177.340995849121,191.21210015564097,221.0659981675826,0.0,41.02317895821472,0.0881863127764767,1260,9
435,final_refine_2m,2.0,640.0,426.0,768.8146720764374,1.0,1.0,0.0,1.0,0.2504033307311996,0.2504033307311996,1.0,0.39126984126984127,0.39126984126984127,79.8736064892383,92.60763767931907,179.33690061795082,193.5486333773976,224.7098836328389,0.0,41.42630994157156,0.08360655737704918,1260,9
436,final_refine_2m,2.0,648.0,414.0,768.9603370785778,1.0,1.0,0.0,1.0,0.2546448087431694,0.2546448087431694,1.0,0.38333333333333336,0.38333333333333336,79.68548356505033,93.10073690299585,181.36688901933059,195.91163299510467,228.31081656820405,0.0,41.80668761878895,0.07928701535258913,1260,9
437,final_refine_2m,2.0,642.0,424.0,769.3763708354969,1.0,1.0,0.0,1.0,0.25206869633099144,0.25206869633099144,1.0,0.39285714285714285,0.39285714285714285,79.74305374957353,92.59682743923274,179.48000125879278,193.71120916592588,225.06311670197812,0.0,41.46499024733707,0.0824095758521988,1260,9
438,final_refine_2m,2.0,638.0,430.0,769.3789703390651,1.0,1.0,0.0,1.0,0.24790528233151185,0.24790528233151185,1.0,0.3888888888888889,0.3888888888888889,79.84400982045003,92.36943243540479,178.51358050113473,192.68835422187405,223.3466308534817,0.0,41.28002693018058,0.08360655737704918,1260,9
439,final_refine_2m,2.0,634.0,436.0,769.4491536157539,1.0,1.0,0.0,1.0,0.24673432214415822,0.24673432214415822,1.0,0.4007936507936508,0.4007936507936508,79.94983116029302,92.15689427622941,177.5845609482366,191.57053951536375,221.69510907500853,0.0,41.09749829366966,0.0853239656518345,1260,9
440,final_refine_2m,2.0,630.0,442.0,769.5869021754463,1.0,1.0,0.0,1.0,0.2459016393442623,0.2459016393442623,1.0,0.4,0.4,80.06032792359258,91.96074374923208,176.69130593316123,190.46633704492936,220.105472808956,0.0,40.91846444645356,0.0881863127764767,1260,9
441,final_refine_2m,2.0,640.0,428.0,769.9246716400248,1.0,1.0,0.0,1.0,0.2504033307311996,0.2504033307311996,1.0,0.39126984126984127,0.39126984126984127,79.71276475586684,92.35563124171718,178.64910476906618,192.8434083912173,223.68635773713726,0.0,41.31821965208327,0.08360655737704918,1260,9
442,final_refine_2m,2.0,636.0,434.0,769.9688305379641,1.0,1.0,0.0,1.0,0.24795732500650533,0.24795732500650533,1.0,0.3976190476190476,0.3976190476190476,79.81787064471794,92.13903005893289,177.7101627636552,191.75455985869766,222.01688600043744,0.0,41.1352021670784,0.08417902680197763,1260,9
443,final_refine_2m,2.0,648.0,416.0,770.0389600533209,1.0,1.0,0.0,1.0,0.2546448087431694,0.2546448087431694,1.0,0.38333333333333336,0.38333333333333336,79.51746865277407,92.83469630075163,180.64243782942742,195.0305926630006,227.22640332999305,0.0,41.695620097552485,0.07988550611501431,1260,9
444,final_refine_2m,2.0,642.0,426.0,770.4803696396165,1.0,1.0,0.0,1.0,0.25206869633099144,0.25206869633099144,1.0,0.39285714285714285,0.39285714285714285,79.58157577727,92.34305805764413,178.7873629017708,193.00123764397577,224.03127571190936,0.0,41.35640954520724,0.0824095758521988,1260,9
445,final_refine_2m,2.0,634.0,438.0,770.5841939723394,1.0,1.0,0.0,1.0,0.24673432214415822,0.24673432214415822,1.0,0.4007936507936508,0.4007936507936508,79.79509394777722,91.91620288024218,176.92605642810625,190.81412811845004,220.7195700400363,0.0,40.99181980040022,0.0853239656518345,1260,9
446,final_refine_2m,2.0,630.0,444.0,770.7373093343801,1.0,1.0,0.0,1.0,0.2459016393442623,0.2459016393442623,1.0,0.4,0.4,79.90879190999796,91.72623193977816,176.04885253700016,189.7290343860915,219.15624560941168,0.0,40.81421319340233,0.08875878220140515,1260,9
447,final_refine_2m,2.0,640.0,430.0,771.0382610480494,1.0,1.0,0.0,1.0,0.24957064793130368,0.24957064793130368,1.0,0.3904761904761905,0.3904761904761905,79.55410100376054,92.1068271045343,177.96919243086035,192.1324445787,222.67526778997723,0.0,41.21061832125461,0.08360655737704918,1260,9
448,final_refine_2m,2.0,636.0,436.0,771.097918555095,1.0,1.0,0.0,1.0,0.24850377309393704,0.24850377309393704,1.0,0.4,0.4,79.66254485051586,91.89670723138016,177.04716723684882,190.992719308241,221.03368168904112,0.0,41.029046427482456,0.08417902680197763,1260,9
449,final_refine_2m,2.0,648.0,418.0,771.1212615406217,1.0,1.0,0.0,1.0,0.2546448087431694,0.2546448087431694,1.0,0.38333333333333336,0.38333333333333336,79.3517685141364,92.57210145016367,179.92650425225693,194.21634205282606,226.15555239431757,0.0,41.585064169333734,0.08064012490241998,1260,9
450,final_refine_2m,2.0,642.0,428.0,771.5879729492937,1.0,1.0,0.0,1.0,0.25206869633099144,0.25206869633099144,1.0,0.39285714285714285,0.39285714285714285,79.4222922655477,92.09252438898626,178.10269750940782,192.29890708654736,223.012031593417,0.0,41.248321808349175,0.083008066614624,1260,9
451,final_refine_2m,2.0,634.0,440.0,771.7227481421031,1.0,1.0,0.0,1.0,0.24673432214415822,0.24673432214415822,1.0,0.4007936507936508,0.4007936507936508,79.64242509883053,91.67852513200957,176.27494722346228,190.0663717353641,219.75561150354633,0.0,40.88661237786168,0.08589643507676295,1260,9
452,final_refine_2m,2.0,630.0,446.0,771.8911840408595,1.0,1.0,0.0,1.0,0.2459016393442623,0.2459016393442623,1.0,0.4,0.4,79.7592654220548,91.49463114950319,175.4135280674879,189.00006262149998,218.2181340804943,0.0,40.7104223181542,0.08875878220140515,1260,9
453,refine_10m,10.0,620.0,460.0,772.0103626247513,1.0,1.0,0.0,1.0,0.2360655737704918,0.2360655737704918,1.0,0.4,0.4,80.14059800674504,91.20221521763095,173.71187675414922,186.8471384129143,215.05501907407753,0.0,40.344564948445424,0.08907103825136611,1260,9
454,final_refine_2m,2.0,640.0,432.0,772.1554247688739,1.0,1.0,0.0,1.0,0.24957064793130368,0.24957064793130368,1.0,0.3904761904761905,0.3904761904761905,79.39758308363686,91.86117681142771,177.29704242523133,191.35952913929242,221.67640552662172,0.0,41.10350282885053,0.08360655737704918,1260,9
455,final_refine_2m,2.0,648.0,420.0,772.2072260734161,1.0,1.0,0.0,1.0,0.25506115014311737,0.25506115014311737,1.0,0.38492063492063494,0.38492063492063494,79.1883480137228,92.31289864707198,179.21895344205683,193.49177248086554,225.0980292051133,0.0,41.475016502298566,0.08199323445225085,1260,9
456,final_refine_2m,2.0,636.0,438.0,772.2305355267946,1.0,1.0,0.0,1.0,0.24886807181889148,0.24886807181889148,1.0,0.4015873015873016,0.4015873015873016,79.50930254043789,91.65742844322905,176.39164841279566,190.23963358534652,220.0622029823044,0.0,40.923365630232304,0.08417902680197763,1260,9
457,final_refine_2m,2.0,642.0,430.0,772.6991652642055,1.0,1.0,0.0,1.0,0.25206869633099144,0.25206869633099144,1.0,0.39285714285714285,0.39285714285714285,79.26517066959399,91.84517723447769,177.4258819382668,191.54784510424548,222.00517228412986,0.0,41.14072387855073,0.083008066614624,1260,9
458,final_refine_2m,2.0,634.0,442.0,772.8648005958092,1.0,1.0,0.0,1.0,0.24673432214415822,0.24673432214415822,1.0,0.4007936507936508,0.4007936507936508,79.49179476577807,91.44381651120334,175.63112235168316,189.3271365538275,218.80304452301533,0.0,40.78187307119579,0.08589643507676295,1260,9
459,final_refine_2m,2.0,630.0,448.0,773.0485107675973,1.0,1.0,0.0,1.0,0.2459016393442623,0.2459016393442623,1.0,0.4,0.4,79.61171984759721,91.26589897519955,174.78522703414404,188.27929480352864,217.29095961450997,0.0,40.60708896473483,0.08875878220140515,1260,9
460,final_refine_2m,2.0,640.0,434.0,773.2761473109073,1.0,1.0,0.0,1.0,0.24957064793130368,0.24957064793130368,1.0,0.3904761904761905,0.3904761904761905,79.24317946014416,91.61863287327475,176.63253602327234,190.59557341498137,220.68956727542246,0.0,40.99687008251747,0.08360655737704918,1260,9
461,final_refine_2m,2.0,648.0,422.0,773.2968382193218,1.0,1.0,0.0,1.0,0.2546448087431694,0.2546448087431694,1.0,0.38571428571428573,0.38571428571428573,79.02717270539785,92.05703529152161,178.51965336115933,192.77509708143876,224.05360454949584,0.0,41.36547379512148,0.08274785323965651,1260,9
462,final_refine_2m,2.0,636.0,440.0,773.3666659483068,1.0,1.0,0.0,1.0,0.24839968774395005,0.24839968774395005,1.0,0.4023809523809524,0.4023809523809524,79.35811351020799,91.4211485129465,175.74349356021705,189.4951666801347,219.1022575967466,0.0,40.818156784021895,0.08475149622690606,1260,9
463,final_refine_2m,2.0,642.0,432.0,773.81393112298,1.0,1.0,0.0,1.0,0.25206869633099144,0.25206869633099144,1.0,0.39285714285714285,0.39285714285714285,79.11017906889434,91.60096838212712,176.75679554589627,190.77834608015482,221.0104904230451,0.0,41.03361262594433,0.083008066614624,1260,9
464,final_refine_2m,2.0,638.0,438.0,773.8785434420572,1.0,1.0,0.0,1.0,0.24852979443143378,0.24852979443143378,1.0,0.39444444444444443,0.39444444444444443,79.22446831826045,91.39958704537078,175.85829333041204,189.66625157792097,219.40606991553562,0.0,40.85443951340404,0.08360655737704918,1260,9
465,final_refine_2m,2.0,630.0,450.0,774.2092740338364,1.0,1.0,0.0,1.0,0.2459016393442623,0.2459016393442623,1.0,0.4,0.4,79.46387904688189,91.03999382835255,174.16384599804744,187.56660652918475,216.3745473819794,0.0,40.50421030179143,0.0893312516263336,1260,9
466,final_refine_2m,2.0,648.0,424.0,774.3900825811239,1.0,1.0,0.0,1.0,0.25526932084309134,0.25526932084309134,1.0,0.3880952380952381,0.3880952380952381,78.86820881584059,91.80445985955308,177.82847470719858,192.06619982501311,223.0220544065317,0.0,41.25643277658037,0.08274785323965651,1260,9
467,final_refine_2m,2.0,640.0,436.0,774.4004132230302,1.0,1.0,0.0,1.0,0.24957064793130368,0.24957064793130368,1.0,0.3904761904761905,0.3904761904761905,79.09085919757727,91.37914874418885,175.97555688368723,189.84043685364546,219.7145538319488,0.0,40.890717017422624,0.08360655737704918,1260,9
468,final_refine_2m,2.0,636.0,442.0,774.5062943578961,1.0,1.0,0.0,1.0,0.24839968774395005,0.24839968774395005,1.0,0.4023809523809524,0.4023809523809524,79.20894812238997,91.18782314356909,175.1025921821547,188.75918536266843,218.1536574005733,0.0,40.71341692382245,0.08475149622690606,1260,9
469,final_refine_2m,2.0,642.0,434.0,774.9322551036316,1.0,1.0,0.0,1.0,0.25206869633099144,0.25206869633099144,1.0,0.39285714285714285,0.39285714285714285,78.9572861526575,91.3598505821462,176.09532012761773,190.01776902662735,220.0277832210158,0.0,40.92698494863868,0.08360655737704918,1260,9
470,final_refine_2m,2.0,638.0,440.0,775.0122579675756,1.0,1.0,0.0,1.0,0.24889409315638825,0.24889409315638825,1.0,0.396031746031746,0.396031746031746,79.07475423420662,91.16469953453314,175.21308674841492,188.92506734325895,218.45012931237065,0.0,40.749232208495016,0.08360655737704918,1260,9
471,final_refine_2m,2.0,630.0,452.0,775.3734584056898,1.0,1.0,0.0,1.0,0.2459016393442623,0.2459016393442623,1.0,0.4,0.4,79.2986137193041,90.816874915702,173.5492835222059,186.8618758766497,215.46872623232875,0.0,40.40178352228718,0.0893312516263336,1260,9
472,final_refine_2m,2.0,648.0,426.0,775.4869437972505,1.0,1.0,0.0,1.0,0.25589383294301327,0.25589383294301327,1.0,0.3904761904761905,0.3904761904761905,78.71142322853466,91.55512187585553,177.14529084262946,191.34646349769312,222.00315980113692,0.0,41.14789020515882,0.08410096278948738,1260,9
473,final_refine_2m,2.0,640.0,438.0,775.5282070950095,1.0,1.0,0.0,1.0,0.24957064793130368,0.24957064793130368,1.0,0.3904761904761905,0.3904761904761905,78.94059194600528,91.14267879824867,175.32599099304855,189.0939818041552,218.75117033726417,0.0,40.78504059590005,0.08360655737704918,1260,9
474,final_refine_2m,2.0,636.0,444.0,775.649405337231,1.0,1.0,0.0,1.0,0.24839968774395005,0.24839968774395005,1.0,0.4023809523809524,0.4023809523809524,79.05764242108046,90.95740890119316,174.46883596088173,188.03155911229013,217.21621830228455,0.0,40.60914311054935,0.0853239656518345,1260,9
475,final_refine_2m,2.0,642.0,436.0,776.0541218239872,1.0,1.0,0.0,1.0,0.2512360135310955,0.2512360135310955,1.0,0.39206349206349206,0.39206349206349206,78.80646120562305,91.12177752309529,175.44133985525585,189.2659740081598,219.05685233550938,0.0,40.8208377723573,0.08360655737704918,1260,9
476,final_refine_2m,2.0,638.0,442.0,776.1494701409001,1.0,1.0,0.0,1.0,0.24944054124381992,0.24944054124381992,1.0,0.3984126984126984,0.3984126984126984,78.92226983183521,90.93275207597117,174.5751028552569,188.19233316820836,217.5054876467116,0.0,40.644494733792115,0.08360655737704918,1260,9
477,final_refine_2m,2.0,630.0,454.0,776.541048496472,1.0,1.0,0.0,1.0,0.2459016393442623,0.2459016393442623,1.0,0.4,0.4,79.13563756056934,90.59650222035864,172.94175828371198,186.16498334373657,214.5733285977136,0.0,40.299805843201,0.08990372105126203,1260,9
478,final_refine_2m,2.0,648.0,428.0,776.5874065422385,1.0,1.0,0.0,1.0,0.2563101743429612,0.2563101743429612,1.0,0.39206349206349206,0.39206349206349206,78.55678346821355,91.30897188725173,176.46997772637738,190.56912630094217,220.9967066628713,0.0,41.039842868655725,0.08485558157689305,1260,9
479,final_refine_2m,2.0,636.0,446.0,776.7959835117584,1.0,1.0,0.0,1.0,0.24839968774395005,0.24839968774395005,1.0,0.4023809523809524,0.4023809523809524,78.89046662225678,90.72986319409114,173.84211870442957,187.3121600490955,216.28976014288799,0.0,40.505332430734846,0.0853239656518345,1260,9
480,final_refine_2m,2.0,642.0,438.0,777.1795159421021,1.0,1.0,0.0,1.0,0.2512360135310955,0.2512360135310955,1.0,0.39206349206349206,0.39206349206349206,78.65158269831744,90.8867038087369,174.7947412176968,188.5228239767702,218.09750374948214,0.0,40.71516805008345,0.08360655737704918,1260,9
481,final_refine_2m,2.0,638.0,444.0,777.2901646103596,1.0,1.0,0.0,1.0,0.2489721571688785,0.2489721571688785,1.0,0.39920634920634923,0.39920634920634923,78.75444645204188,90.70370145374635,173.94423380742586,187.4679191002945,216.5719616169521,0.0,40.5402241404753,0.08417902680197763,1260,9
482,final_refine_2m,2.0,648.0,430.0,777.6914555271904,1.0,1.0,0.0,1.0,0.2562841530054645,0.2562841530054645,1.0,0.39365079365079364,0.39365079365079364,78.40425768575535,91.06596143698577,175.80241384761132,189.80088343117703,220.00248568947194,0.0,40.93228758380208,0.08485558157689305,1260,9
483,final_refine_2m,2.0,630.0,456.0,777.7120289670206,1.0,1.0,0.0,1.0,0.2459016393442623,0.2459016393442623,1.0,0.4,0.4,78.97491576755156,90.37883648345725,172.40868250881928,185.4758117881894,213.6881903998086,0.0,40.19827450523251,0.08990372105126203,1260,9
484,refine_50m,50.0,550.0,550.0,777.8174593052023,1.0,1.0,0.0,1.0,0.21420765027322405,0.21420765027322405,1.0,0.45,0.45,83.53851846187968,91.30468959882286,167.27297742482224,178.840604115154,201.5622712568795,0.0,38.70254639165617,0.0926359614884205,1260,9
485,final_refine_2m,2.0,636.0,448.0,777.946013551069,1.0,1.0,0.0,1.0,0.24756700494405412,0.24756700494405412,1.0,0.4015873015873016,0.4015873015873016,78.72563233578303,90.50514425243264,173.2223362947029,186.60086286748603,215.37410659149728,0.0,40.40198199620671,0.0853239656518345,1260,9
486,refine_10m,10.0,620.0,470.0,778.0102827083971,1.0,1.0,0.0,1.0,0.2360655737704918,0.2360655737704918,1.0,0.4,0.4,79.35216263556771,90.14730427964032,170.8189424543158,183.5129594548838,210.78577937317814,0.0,39.847594342361816,0.0912568306010929,1260,9
487,final_refine_2m,2.0,642.0,440.0,778.3084221566667,1.0,1.0,0.0,1.0,0.2512360135310955,0.2512360135310955,1.0,0.39206349206349206,0.39206349206349206,78.48244759717723,90.65458493557334,174.1554129632085,187.78818469790224,217.1495476541727,0.0,40.60997276171146,0.08436117616445485,1260,9
488,final_refine_2m,2.0,638.0,446.0,778.4343260673953,1.0,1.0,0.0,1.0,0.24951860525631017,0.24951860525631017,1.0,0.4015873015873016,0.4015873015873016,78.58898248183485,90.47750528975796,173.32037387738026,186.7516978156482,215.64937183603513,0.0,40.43641750544224,0.08417902680197763,1260,9
489,final_refine_2m,2.0,648.0,432.0,778.7990755002216,1.0,1.0,0.0,1.0,0.2553994275305751,0.2553994275305751,1.0,0.39365079365079364,0.39365079365079364,78.24569338120934,90.82604303978478,175.14248016152948,189.0415908687289,219.02029221488928,0.0,40.82522119588474,0.08620869112672391,1260,9
490,final_refine_2m,2.0,630.0,458.0,778.8863845260103,1.0,1.0,0.0,1.0,0.24605776736924279,0.24605776736924279,1.0,0.4007936507936508,0.4007936507936508,78.81641422248651,90.16383918632857,171.8809125133985,184.7942463697014,212.81315095953588,0.0,40.097186772511996,0.08990372105126203,1260,9
491,final_refine_2m,2.0,636.0,450.0,779.0994801692528,1.0,1.0,0.0,1.0,0.24756700494405412,0.24756700494405412,1.0,0.4015873015873016,0.4015873015873016,78.56310345007269,90.28321110858997,172.60938663709405,185.8975447717225,214.46908504428356,0.0,40.29908894377227,0.08589643507676295,1260,9
492,final_refine_2m,2.0,650.0,430.0,779.3587107359486,1.0,1.0,0.0,1.0,0.2554774915430653,0.2554774915430653,1.0,0.3865079365079365,0.3865079365079365,78.11043359098038,90.80813443278083,175.26341161239898,189.2208407533654,219.3374550145554,0.0,40.863783693546,0.08667707520166537,1260,9
493,final_refine_2m,2.0,642.0,442.0,779.4408252074047,1.0,1.0,0.0,1.0,0.2505594587561801,0.2505594587561801,1.0,0.39126984126984127,0.39126984126984127,78.31570839837484,90.42537727104315,173.52324604352518,187.06192467858207,216.21279833567635,0.0,40.505248913704406,0.08511579495186053,1260,9
494,final_refine_1m,1.0,630.0,459.0,779.4748231982865,1.0,1.0,0.0,1.0,0.24621389539422325,0.24621389539422325,1.0,0.4015873015873016,0.4015873015873016,78.73798556448243,90.05732936371831,171.58135162607266,184.45628068982873,212.37936896918384,0.0,40.04680840949704,0.08990372105126203,1260,9
495,final_refine_2m,2.0,638.0,448.0,779.5819392469274,1.0,1.0,0.0,1.0,0.25006505334374185,0.25006505334374185,1.0,0.403968253968254,0.403968253968254,78.42584135817019,90.25412202357234,172.7034194019105,186.043544552882,214.73754272760425,0.0,40.33307193098572,0.08417902680197763,1260,9
496,final_refine_2m,2.0,648.0,434.0,779.9102512468983,1.0,1.0,0.0,1.0,0.25407233931824097,0.25407233931824097,1.0,0.39365079365079364,0.39365079365079364,78.07454819779669,90.58917015766767,174.49006002709737,188.29110759443088,218.04992608169903,0.0,40.71864057837696,0.08696330991412958,1260,9
497,final_refine_1m,1.0,630.0,460.0,780.0640999302557,1.0,1.0,0.0,1.0,0.24652615144418424,0.24652615144418424,1.0,0.4031746031746032,0.4031746031746032,78.66009947652934,89.95147253317313,171.26888358843058,184.12017449369,211.9480529095423,0.0,39.996539932315414,0.09047619047619047,1260,9
498,final_refine_2m,2.0,636.0,452.0,780.2563681252464,1.0,1.0,0.0,1.0,0.24756700494405412,0.24756700494405412,1.0,0.4015873015873016,0.4015873015873016,78.40284457457247,90.0640235780084,172.0514021196013,185.2020854133999,213.57452652658677,0.0,40.1966504349082,0.08589643507676295,1260,9
499,final_refine_2m,2.0,650.0,432.0,780.4639645749187,1.0,1.0,0.0,1.0,0.25610200364298724,0.25610200364298724,1.0,0.3888888888888889,0.3888888888888889,77.93860674366678,90.56963489441749,174.60651614488404,188.46493611626676,218.35940677245614,0.0,40.75672017663568,0.08803018475149622,1260,9
500,final_refine_1m,1.0,630.0,461.0,780.6542128240902,1.0,1.0,0.0,1.0,0.2466822794691647,0.2466822794691647,1.0,0.403968253968254,0.403968253968254,78.58275187942058,89.84626408040353,170.95818061907232,183.78591404889033,211.51918361323033,0.0,39.94638100544717,0.09047619047619047,1260,9
501,final_refine_2m,2.0,638.0,450.0,780.7329889277128,1.0,1.0,0.0,1.0,0.25006505334374185,0.25006505334374185,1.0,0.403968253968254,0.403968253968254,78.26498725145524,90.03351089283339,172.1116054718958,185.34333704894766,213.83630242539857,0.0,40.230184544476586,0.08475149622690606,1260,9
502,refine_50m,50.0,600.0,500.0,781.0249675906655,1.0,1.0,0.0,1.0,0.22513661202185792,0.22513661202185792,1.0,0.4166666666666667,0.4166666666666667,80.0231355455702,89.6723834881508,167.57605721949443,179.65567736271547,204.9423175537615,0.0,39.11976009306156,0.09180327868852459,1260,9
503,refine_50m,50.0,500.0,600.0,781.0249675906655,1.0,1.0,0.0,1.0,0.18524590163934426,0.18524590163934426,1.0,0.4166666666666667,0.4166666666666667,87.05156783433844,93.31801958153584,167.65095249472407,178.74002923159935,199.44617339005646,0.0,38.50236073459364,0.09336455893832943,1260,9
504,final_refine_2m,2.0,648.0,436.0,781.0249675906655,1.0,1.0,0.0,1.0,0.25297944314337756,0.25297944314337756,1.0,0.39285714285714285,0.39285714285714285,77.90585546512564,90.35529717647512,173.84503914667343,187.54929551184125,217.09119151771003,0.0,40.61254263257575,0.08756180067655478,1260,9
505,final_refine_1m,1.0,630.0,462.0,781.2451599850075,1.0,1.0,0.0,1.0,0.2468384074941452,0.2468384074941452,1.0,0.40476190476190477,0.40476190476190477,78.50593873378367,89.74169943422018,170.64922943988927,183.4534857566582,211.09274210940416,0.0,39.89633129478417,0.09047619047619047,1260,9
506,final_refine_2m,2.0,650.0,434.0,781.5727733231244,1.0,1.0,0.0,1.0,0.2565183450429352,0.2565183450429352,1.0,0.3904761904761905,0.3904761904761905,77.76925169667716,90.3341658154576,173.95710190967304,187.7178033895131,217.3931370121453,0.0,40.65014327808896,0.08803018475149622,1260,9
507,final_refine_1m,1.0,630.0,463.0,781.836939521279,1.0,1.0,0.0,1.0,0.24715066354410617,0.24715066354410617,1.0,0.40634920634920635,0.40634920634920635,78.42965603960684,89.63777406603263,170.34201690409154,183.12287615022154,210.66870962122286,0.0,39.84639046762163,0.09047619047619047,1260,9
508,final_refine_2m,2.0,638.0,452.0,781.8874599326939,1.0,1.0,0.0,1.0,0.24923237054384595,0.24923237054384595,1.0,0.4031746031746032,0.4031746031746032,78.10638504762436,89.81563191423518,171.5768578781709,184.65095547694318,212.94548267586023,0.0,40.12775249805238,0.08475149622690606,1260,9
509,final_refine_2m,2.0,648.0,438.0,782.143209393267,1.0,1.0,0.0,1.0,0.25084569346864427,0.25084569346864427,1.0,0.3904761904761905,0.3904761904761905,77.73957624012981,90.12437938309512,173.20730550742954,186.81601937191954,216.14389701660056,0.0,40.50692428724555,0.08831641946396045,1260,9
510,final_refine_2m,2.0,640.0,450.0,782.368199762746,1.0,1.0,0.0,1.0,0.24990892531876138,0.24990892531876138,1.0,0.3976190476190476,0.3976190476190476,77.96794325850733,89.78471227805346,171.63564602526236,184.79020202081085,213.20470482795653,0.0,40.160824809172595,0.08436117616445485,1260,9
511,final_refine_1m,1.0,630.0,464.0,782.4295495442385,1.0,1.0,0.0,1.0,0.24730679156908666,0.24730679156908666,1.0,0.40714285714285714,0.40714285714285714,78.35389983577262,89.53448348935615,170.0365299945989,182.7940718932077,210.24706756339853,0.0,39.796558192649684,0.09047619047619047,1260,9
512,final_refine_2m,2.0,650.0,436.0,782.6851218721357,1.0,1.0,0.0,1.0,0.2571428571428571,0.2571428571428571,1.0,0.39285714285714285,0.39285714285714285,77.60232900506641,90.10168181215276,173.31505511635956,186.97930508611495,216.43845081311082,0.0,40.5440498893679,0.0887848035389019,1260,9
513,final_refine_1m,1.0,630.0,465.0,783.0229881682912,1.0,1.0,0.0,1.0,0.24746291959406713,0.24746291959406713,1.0,0.40793650793650793,0.40793650793650793,78.27866619959524,89.43182325932396,169.73275582243653,182.46705977806232,209.82779753974748,0.0,39.746834139945015,0.09047619047619047,1260,9
514,final_refine_2m,2.0,638.0,454.0,783.0453371293389,1.0,1.0,0.0,1.0,0.24923237054384595,0.24923237054384595,1.0,0.4031746031746032,0.4031746031746032,77.95000033074204,89.60044586503642,171.03265112902167,183.9662823857213,212.06491874377355,0.0,40.025772968311244,0.0853239656518345,1260,9
515,final_refine_2m,2.0,640.0,452.0,783.5202613844775,1.0,1.0,0.0,1.0,0.25045537340619306,0.25045537340619306,1.0,0.4,0.4,77.81099163900122,89.56813678523127,171.10317608151522,184.10089192600358,212.31761614324165,0.0,40.058402048539996,0.08436117616445485,1260,9
516,final_refine_1m,1.0,630.0,466.0,783.6172535109216,1.0,1.0,0.0,1.0,0.2477751756440281,0.2477751756440281,1.0,0.4095238095238095,0.4095238095238095,78.20395124636303,89.32978897220757,169.43068162517895,182.14182672452137,209.41088134079814,0.0,39.69721798096257,0.09104865990111892,1260,9
517,final_refine_2m,2.0,650.0,438.0,783.8009951511928,1.0,1.0,0.0,1.0,0.2575591985428051,0.2575591985428051,1.0,0.39444444444444443,0.39444444444444443,77.43780003791571,89.87213839712742,172.68026424869498,186.24930655318457,215.49515750096498,0.0,40.43843692950317,0.08938329430132709,1260,9
518,refine_10m,10.0,620.0,480.0,784.0918313565063,1.0,1.0,0.0,1.0,0.23697632058287796,0.23697632058287796,1.0,0.40555555555555556,0.40555555555555556,78.61497724193161,89.1543691933724,168.02374814651202,180.35399926687157,206.74780948442057,0.0,39.36116215261556,0.09398907103825137,1260,9
519,final_refine_2m,2.0,638.0,456.0,784.2066054299721,1.0,1.0,0.0,1.0,0.24923237054384595,0.24923237054384595,1.0,0.4031746031746032,0.4031746031746032,77.79579936610348,89.38791426510075,170.40354632531708,183.289202641337,211.19444932085872,0.0,39.92424315601115,0.0853239656518345,1260,9
520,final_refine_1m,1.0,630.0,467.0,784.2123436927017,1.0,1.0,0.0,1.0,0.2479313036690086,0.2479313036690086,1.0,0.4103174603174603,0.4103174603174603,78.12975112889646,89.2283762649429,169.14766972113952,181.81835977806128,208.99630094142972,0.0,39.64770938852739,0.09104865990111892,1260,9
521,final_refine_2m,2.0,640.0,454.0,784.6757292028344,1.0,1.0,0.0,1.0,0.25081967213114753,0.25081967213114753,1.0,0.4015873015873016,0.4015873015873016,77.65623972643945,89.35424101061045,170.50089201216565,183.41925809326773,211.44074160560822,0.0,39.95643256770314,0.08568826437678896,1260,9
522,final_refine_1m,1.0,630.0,468.0,784.808256837299,1.0,1.0,0.0,1.0,0.24808743169398906,0.24808743169398906,1.0,0.4111111111111111,0.4111111111111111,78.05606203709807,89.12758081466326,168.86670315944232,181.4966461083918,208.58403849855026,0.0,39.59830803682638,0.09104865990111892,1260,9
523,final_refine_2m,2.0,650.0,440.0,784.9203781276162,1.0,1.0,0.0,1.0,0.2579755399427531,0.2579755399427531,1.0,0.396031746031746,0.396031746031746,77.27562695788323,89.6454919573957,172.05262000804902,185.527675899306,214.56307053253954,0.0,40.333301344743106,0.09013791308873276,1260,9
524,final_refine_2m,2.0,638.0,458.0,785.3712497920967,1.0,1.0,0.0,1.0,0.24839968774395005,0.24839968774395005,1.0,0.4023809523809524,0.4023809523809524,77.64374908382214,89.17799935944383,169.78159177744516,182.61960337020528,210.33391643718326,0.0,39.823160285774364,0.0853239656518345,1260,9
525,final_refine_1m,1.0,630.0,469.0,785.4049910714854,1.0,1.0,0.0,1.0,0.24824355971896955,0.24824355971896955,1.0,0.4119047619047619,0.4119047619047619,77.98288019752003,89.02739833823875,168.58723362304374,181.1766730079948,208.17407634880422,0.0,39.54901360140031,0.09104865990111892,1260,9
526,final_refine_0p5m,0.5,630.0,469.5,785.703665512641,1.0,1.0,0.0,1.0,0.24839968774395005,0.24839968774395005,1.0,0.4126984126984127,0.4126984126984127,77.94647832802866,88.97753563749771,168.4480569448376,181.0173352333724,207.96995241265213,0.0,39.52440637626506,0.09104865990111892,1260,9
527,final_refine_2m,2.0,640.0,456.0,785.8345881927061,1.0,1.0,0.0,1.0,0.2503512880562061,0.2503512880562061,1.0,0.4023809523809524,0.4023809523809524,77.50365405119932,89.14298666673473,169.87478508361903,182.7451858871924,210.57392059430538,0.0,39.85491355856782,0.08644288316419464,1260,9
528,final_refine_0p5m,0.5,630.0,470.0,786.0025445251434,1.0,1.0,0.0,1.0,0.24855581576893052,0.24855581576893052,1.0,0.41349206349206347,0.41349206349206347,77.9102018729385,88.92782459182199,168.30925058178374,180.85842789062932,207.76639700632074,0.0,39.49982575913574,0.09104865990111892,1260,9
529,final_refine_2m,2.0,650.0,442.0,786.0432558072107,1.0,1.0,0.0,1.0,0.258600052042675,0.258600052042675,1.0,0.3984126984126984,0.3984126984126984,77.11577270135162,89.42169973302346,171.4320152585587,184.81428392410606,213.64200738466667,0.0,40.22864010820882,0.09149102263856362,1260,9
530,final_refine_0p5m,0.5,630.0,470.5,786.3016278757154,1.0,1.0,0.0,1.0,0.24855581576893052,0.24855581576893052,1.0,0.41349206349206347,0.41349206349206347,77.87405037068754,88.87826467679508,168.1708132328342,180.69994942519693,207.56340797145094,0.0,39.47527170983211,0.09104865990111892,1260,9
531,final_refine_0p5m,0.5,630.0,471.0,786.6009153312752,1.0,1.0,0.0,1.0,0.248711943793911,0.248711943793911,1.0,0.4142857142857143,0.4142857142857143,77.83802336192096,88.82885537039986,168.03274360294873,180.54189828991417,207.36098316048825,0.0,39.450744188257104,0.09162112932604737,1260,9
532,final_refine_0p5m,0.5,630.0,471.5,786.9004066589367,1.0,1.0,0.0,1.0,0.24886807181889148,0.24886807181889148,1.0,0.4150793650793651,0.4150793650793651,77.8021203894872,88.77959615300523,167.89504040307565,180.38427294497677,207.15912043663647,0.0,39.42624315439655,0.09162112932604737,1260,9
533,final_refine_2m,2.0,640.0,458.0,786.9968233735127,1.0,1.0,0.0,1.0,0.2508977361436378,0.2508977361436378,1.0,0.40476190476190477,0.40476190476190477,77.35320180338462,88.9343361875818,169.2557966071683,182.07856292240922,209.71699581184185,0.0,39.75384223699314,0.08644288316419464,1260,9
534,final_refine_2m,2.0,650.0,444.0,787.1696132346573,1.0,1.0,0.0,1.0,0.25901639344262295,0.25901639344262295,1.0,0.4,0.4,76.95820095918528,89.20071979641283,170.86443598551202,184.10900404996588,212.73178944655822,0.0,40.124450219555605,0.09149102263856362,1260,9
535,final_refine_0p5m,0.5,630.0,472.0,787.2001016260097,1.0,1.0,0.0,1.0,0.24886807181889148,0.24886807181889148,1.0,0.4150793650793651,0.4150793650793651,77.7663409984144,88.730486507352,167.75770235012004,180.22707185789352,206.95781767376977,0.0,39.401768568318865,0.09162112932604737,1260,9
536,final_refine_0p5m,0.5,630.0,472.5,787.5,1.0,1.0,0.0,1.0,0.24902419984387197,0.24902419984387197,1.0,0.4158730158730159,0.4158730158730159,77.73068473590793,88.68152591853993,167.62072816689079,180.07029350344305,206.75707275638842,0.0,39.37732039017489,0.09162112932604737,1260,9
537,final_refine_0p5m,0.5,630.0,473.0,787.8001015486099,1.0,1.0,0.0,1.0,0.24902419984387197,0.24902419984387197,1.0,0.4158730158730159,0.4158730158730159,77.69515115133075,88.63271387401421,167.4841165820853,179.91393636363165,206.55688357953923,0.0,39.352898580197596,0.09162112932604737,1260,9
538,final_refine_0p5m,0.5,630.0,473.5,788.100406039738,1.0,1.0,0.0,1.0,0.24918032786885247,0.24918032786885247,1.0,0.4166666666666667,0.4166666666666667,77.65973979619413,88.58404986355197,167.34786633025251,179.75799892765394,206.35724804874826,0.0,39.32850309870191,0.09162112932604737,1260,9
539,final_refine_2m,2.0,640.0,460.0,788.1624198095212,1.0,1.0,0.0,1.0,0.2508977361436378,0.2508977361436378,1.0,0.40476190476190477,0.40476190476190477,77.20485081699839,88.7282527116918,168.64381906088735,181.4192790086697,208.86981319856423,0.0,39.65321584249993,0.08776997137652875,1260,9
540,final_refine_2m,2.0,650.0,446.0,788.2994354938991,1.0,1.0,0.0,1.0,0.25901639344262295,0.25901639344262295,1.0,0.4,0.4,76.80287615802973,88.98251103218915,170.32714070904817,183.41171225582625,211.8322419156078,0.0,40.02072870464012,0.09224564142596929,1260,9
541,final_refine_0p5m,0.5,630.0,474.0,788.4009132414802,1.0,1.0,0.0,1.0,0.24918032786885247,0.24918032786885247,1.0,0.4166666666666667,0.4166666666666667,77.62445022414154,88.53553337924917,167.211976151746,179.60247969184218,206.15816407997,0.0,39.30413390608435,0.09162112932604737,1260,9
542,final_refine_0p5m,0.5,630.0,474.5,788.7016229221289,1.0,1.0,0.0,1.0,0.24918032786885247,0.24918032786885247,1.0,0.4166666666666667,0.4166666666666667,77.58928199094231,88.48716391550764,167.07644479270596,179.44737715963166,205.95962959950646,0.0,39.279791490432345,0.09162112932604737,1260,9
543,final_refine_0p5m,0.5,630.0,475.0,789.002534850174,1.0,1.0,0.0,1.0,0.24918032786885247,0.24918032786885247,1.0,0.4166666666666667,0.4166666666666667,77.55423465447303,88.43894096902184,166.94127100502487,179.29268984151665,205.7616425439442,0.0,39.25547556703745,0.09162112932604737,1260,9
544,final_refine_0p5m,0.5,630.0,475.5,789.3036487943027,1.0,1.0,0.0,1.0,0.24918032786885247,0.24918032786885247,1.0,0.4166666666666667,0.4166666666666667,77.51930777471149,88.39086403876601,166.80645354629914,179.13841625500933,205.56420086010826,0.0,39.23118581251799,0.09162112932604737,1260,9
545,final_refine_2m,2.0,640.0,462.0,789.3313626101525,1.0,1.0,0.0,1.0,0.25006505334374185,0.25006505334374185,1.0,0.403968253968254,0.403968253968254,77.05856955456731,88.52470006576696,168.0708704448408,180.7672260975449,208.0322218498367,0.0,39.55303163798427,0.08852459016393442,1260,9
546,final_refine_2m,2.0,650.0,448.0,789.4327077085164,1.0,1.0,0.0,1.0,0.25901639344262295,0.25901639344262295,1.0,0.4,0.4,76.6497634421804,88.76703311766954,169.73500907872696,182.72228701297664,210.94319369652362,0.0,39.917472615193546,0.09284413218839449,1260,9
547,final_refine_0p5m,0.5,630.0,476.0,789.6049645234001,1.0,1.0,0.0,1.0,0.24918032786885247,0.24918032786885247,1.0,0.4166666666666667,0.4166666666666667,77.48450091371683,88.3429326259813,166.67199117982025,178.98455492459206,205.36730250498115,0.0,39.20692218760004,0.09162112932604737,1260,9
548,final_refine_0p5m,0.5,630.0,476.5,789.9064818065491,1.0,1.0,0.0,1.0,0.24918032786885247,0.24918032786885247,1.0,0.4166666666666667,0.4166666666666667,77.44981363562704,88.29514623416298,166.5378826745176,178.83110438168404,205.17094544564043,0.0,39.18268465309017,0.09162112932604737,1260,9
549,final_refine_0p5m,0.5,630.0,477.0,790.2082004130303,1.0,1.0,0.0,1.0,0.24918032786885247,0.24918032786885247,1.0,0.4166666666666667,0.4166666666666667,77.41524550663621,88.24750436904783,166.40412680494697,178.678063164607,204.97512765920888,0.0,39.15847316987516,0.0921935987509758,1260,9
550,final_refine_2m,2.0,640.0,464.0,790.50363693028,1.0,1.0,0.0,1.0,0.25006505334374185,0.25006505334374185,1.0,0.403968253968254,0.403968253968254,76.91432709220238,88.32364274872907,167.50826237709057,180.1222982306559,207.20407393578407,0.0,39.45328690943578,0.08852459016393442,1260,9
551,final_refine_0p5m,0.5,630.0,477.5,790.5101201123234,1.0,1.0,0.0,1.0,0.24918032786885247,0.24918032786885247,1.0,0.4166666666666667,0.4166666666666667,77.3807960949917,88.20000653860153,166.2707223512447,178.5254298185217,204.77984713278155,0.0,39.134287698921796,0.0921935987509758,1260,9
552,final_refine_2m,2.0,650.0,450.0,790.5694150420949,1.0,1.0,0.0,1.0,0.25901639344262295,0.25901639344262295,1.0,0.4,0.4,76.49882865596096,88.55424650389283,169.10226103545563,182.0406092227846,210.0644773036394,0.0,39.81467902850029,0.09359875097580016,1260,9
553,final_refine_0p5m,0.5,630.0,478.0,790.8122406741059,1.0,1.0,0.0,1.0,0.24918032786885247,0.24918032786885247,1.0,0.4166666666666667,0.4166666666666667,77.34646497097866,88.15265225300598,166.13766809910663,178.3733143824958,204.58510186337242,0.0,39.11012820127663,0.0921935987509758,1260,9
554,final_refine_0p5m,0.5,630.0,478.5,791.1145618682543,1.0,1.0,0.0,1.0,0.24918032786885247,0.24918032786885247,1.0,0.4166666666666667,0.4166666666666667,77.31225170690738,88.10544102464716,166.00496283974815,178.2381854586366,204.39088985784397,0.0,39.085994638065756,0.0921935987509758,1260,9
555,final_refine_0p5m,0.5,630.0,479.0,791.417083464844,1.0,1.0,0.0,1.0,0.24918032786885247,0.24918032786885247,1.0,0.4166666666666667,0.4166666666666667,77.27815587710316,88.05837236810261,165.8726053698755,178.103386873908,204.19720913286224,0.0,39.061886970494555,0.0921935987509758,1260,9
556,final_refine_2m,2.0,640.0,466.0,791.6792279705209,1.0,1.0,0.0,1.0,0.25006505334374185,0.25006505334374185,1.0,0.403968253968254,0.403968253968254,76.77209310507564,88.12504591621769,166.95168624590553,179.48439148942632,206.38522462343545,0.0,39.35397896566068,0.08985167837626853,1260,9
557,final_refine_2m,2.0,650.0,452.0,791.7095426985834,1.0,1.0,0.0,1.0,0.25901639344262295,0.25901639344262295,1.0,0.4,0.4,76.35003832663281,88.34411239719363,168.4768017921768,181.36656215627167,209.19592876630412,0.0,39.71234504708239,0.09359875097580016,1260,9
558,final_refine_0p5m,0.5,630.0,479.5,791.7198052341497,1.0,1.0,0.0,1.0,0.24918032786885247,0.24918032786885247,1.0,0.4166666666666667,0.4166666666666667,77.24417705789458,88.01144580012914,165.74059449165176,177.9689175641796,204.00405771480882,0.0,39.037805159847494,0.0921935987509758,1260,9
559,final_refine_0p5m,0.5,630.0,480.0,792.0227269466451,1.0,1.0,0.0,1.0,0.24918032786885247,0.24918032786885247,1.0,0.4166666666666667,0.4166666666666667,77.21031482760023,87.96466083965082,165.60892901267908,177.8347764698485,203.81143363976017,0.0,39.01374916748789,0.0921935987509758,1260,9
560,final_refine_0p5m,0.5,630.5,480.0,792.4205007443965,1.0,1.0,0.0,1.0,0.24918032786885247,0.24918032786885247,1.0,0.4166666666666667,0.4166666666666667,77.14072727378165,87.9057204572702,165.48880439720813,177.7155167942635,203.66532423151625,0.0,38.99660216107599,0.0921935987509758,1260,9
561,final_refine_0p5m,0.5,631.0,480.0,792.8183903013351,1.0,1.0,0.0,1.0,0.24918032786885247,0.24918032786885247,1.0,0.4166666666666667,0.4166666666666667,77.07120125781675,87.84683198567241,165.3687384721089,177.5963099864958,203.51928234805683,0.0,38.97945227396656,0.09162112932604737,1260,9
562,final_refine_2m,2.0,650.0,454.0,792.8530759226453,1.0,1.0,0.0,1.0,0.25818371064272705,0.25818371064272705,1.0,0.39920634920634923,0.39920634920634923,76.2033596477803,88.13659274130005,167.8585197232559,180.70003139549377,208.3373875372338,0.0,39.61046779838927,0.09495186052563102,1260,9
563,final_refine_2m,2.0,640.0,468.0,792.8581209775176,1.0,1.0,0.0,1.0,0.24923237054384595,0.24923237054384595,1.0,0.4031746031746032,0.4031746031746032,76.63183785330557,87.92887536551686,166.4010568699422,178.85340394626238,205.57553200124997,0.0,39.25510513800946,0.08985167837626853,1260,9
564,final_refine_0p5m,0.5,631.5,480.0,793.2163954432611,1.0,1.0,0.0,1.0,0.248711943793911,0.248711943793911,1.0,0.4142857142857143,0.4142857142857143,77.0040967988485,87.78799542513931,165.24873123626836,177.47715604513968,203.3733079846129,0.0,38.96233944093938,0.09162112932604737,1260,9
565,final_refine_2m,2.0,652.0,452.0,793.3523807237235,1.0,1.0,0.0,1.0,0.258600052042675,0.258600052042675,1.0,0.3984126984126984,0.3984126984126984,76.06105487026379,88.10199835544202,167.94861985958758,180.82289230370125,208.57511751126887,0.0,39.644364403303804,0.0946656258131668,1260,9
566,final_refine_0p5m,0.5,632.0,480.0,793.6145159962739,1.0,1.0,0.0,1.0,0.24808743169398906,0.24808743169398906,1.0,0.4111111111111111,0.4111111111111111,76.93991412339847,87.72921077593863,165.1287826885962,177.35805496879604,203.2274011364268,0.0,38.945236869215485,0.09104865990111892,1260,9
567,final_refine_2m,2.0,650.0,456.0,794.0,1.0,1.0,0.0,1.0,0.25818371064272705,0.25818371064272705,1.0,0.39920634920634923,0.39920634920634923,76.05876046318548,87.93165019994049,167.27631865052217,180.0409047766742,207.48869640370975,0.0,39.50904443449284,0.09495186052563102,1260,9
568,final_refine_0p5m,0.5,632.5,480.0,794.0127517867708,1.0,1.0,0.0,1.0,0.24761904761904763,0.24761904761904763,1.0,0.4087301587301587,0.4087301587301587,76.87578478636671,87.67047803832388,165.00889282801324,177.23900675608516,203.08156179876204,0.0,38.928148641960234,0.09104865990111892,1260,9
569,final_refine_2m,2.0,640.0,470.0,794.0403012442126,1.0,1.0,0.0,1.0,0.24923237054384595,0.24923237054384595,1.0,0.4031746031746032,0.4031746031746032,76.49353216823832,87.73509752089521,165.8562906461428,178.22923561712807,204.7748570059157,0.0,39.156662780109144,0.09117876658860266,1260,9
570,final_refine_0p5m,0.5,633.0,480.0,794.4111026414472,1.0,1.0,0.0,1.0,0.24699453551912567,0.24699453551912567,1.0,0.40555555555555556,0.40555555555555556,76.81170879552047,87.6117972125343,164.8890616534611,177.12001140563265,202.93578996688507,0.0,38.911092764254036,0.09047619047619047,1260,9
571,final_refine_2m,2.0,652.0,454.0,794.4935493759531,1.0,1.0,0.0,1.0,0.25901639344262295,0.25901639344262295,1.0,0.4,0.4,75.91597261377416,87.89573886310372,167.34691114609342,180.15936356732686,207.72022028383574,0.0,39.54249412033322,0.09526411657559199,1260,9
572,final_refine_0p5m,0.5,633.5,480.0,794.8095683872962,1.0,1.0,0.0,1.0,0.24637002341920375,0.24637002341920375,1.0,0.4023809523809524,0.4023809523809524,76.74768615863154,87.55329290367709,164.76928916388988,177.00106891608425,202.7900856360912,0.0,38.89403292240219,0.09047619047619047,1260,9
573,final_refine_2m,2.0,650.0,458.0,795.1503002577563,1.0,1.0,0.0,1.0,0.25818371064272705,0.25818371064272705,1.0,0.39920634920634923,0.39920634920634923,75.9162092511574,87.72924813993988,166.7084156074709,179.3890723349654,206.64970140153733,0.0,39.4080721317878,0.09570647931303669,1260,9
574,final_refine_1m,1.0,634.0,480.0,795.2081488516072,1.0,1.0,0.0,1.0,0.2459016393442623,0.2459016393442623,1.0,0.4,0.4,76.68371688348532,87.49511008252554,164.64957535827682,176.88217928609367,202.64444880168193,0.0,38.87701911612286,0.08990372105126203,1260,9
575,final_refine_2m,2.0,652.0,456.0,795.6381086901255,1.0,1.0,0.0,1.0,0.25901639344262295,0.25901639344262295,1.0,0.4,0.4,75.77295266942703,87.69204377725426,166.77543006679733,179.50320769800624,206.8751327609609,0.0,39.44107850926987,0.09526411657559199,1260,9
576,final_refine_1m,1.0,635.0,480.0,796.0056532462568,1.0,1.0,0.0,1.0,0.2459016393442623,0.2459016393442623,1.0,0.4,0.4,76.55593844962897,87.378900182564,164.41032379487848,176.64455859947347,202.35337760330611,0.0,38.84291386001389,0.09084048920114494,1260,9
577,final_refine_2m,2.0,650.0,460.0,796.3039620647382,1.0,1.0,0.0,1.0,0.25818371064272705,0.25818371064272705,1.0,0.39920634920634923,0.39920634920634923,75.78224036107653,87.52935061479181,166.14667686881938,178.74442625088906,205.8202517316622,0.0,39.30754809069701,0.09630497007546188,1260,9
578,final_refine_2m,2.0,640.0,474.0,796.414464961555,1.0,1.0,0.0,1.0,0.24839968774395005,0.24839968774395005,1.0,0.4023809523809524,0.4023809523809524,76.2574211161567,87.35458869672004,164.78402091721705,177.05760175814413,203.20001745957896,0.0,38.961061997876186,0.09193338537600833,1260,9
579,final_refine_2m,2.0,652.0,458.0,796.7860440544877,1.0,1.0,0.0,1.0,0.25901639344262295,0.25901639344262295,1.0,0.4,0.4,75.64064412543654,87.49087664890126,166.21017636315128,178.85431521092298,206.03970163936594,0.0,39.34011473715227,0.09526411657559199,1260,9
580,final_refine_1m,1.0,636.0,480.0,796.8036144496334,1.0,1.0,0.0,1.0,0.2459016393442623,0.2459016393442623,1.0,0.4,0.4,76.42837355646792,87.26289794779689,164.1713069553477,176.40714933527133,202.06257633447566,0.0,38.808705007134186,0.09177725735102785,1260,9
581,final_refine_2m,2.0,650.0,462.0,797.4609708318019,1.0,1.0,0.0,1.0,0.25735102784283115,0.25735102784283115,1.0,0.3984126984126984,0.3984126984126984,75.66352329389574,87.33192234868889,165.59101424092484,178.1068607982759,205.00019967931735,0.0,39.2074695353819,0.09705958886286756,1260,9
582,final_refine_1m,1.0,637.0,480.0,797.6020310906938,1.0,1.0,0.0,1.0,0.2459016393442623,0.2459016393442623,1.0,0.4,0.4,76.30102226669877,87.14710338850647,163.93252483203025,176.16995148319836,201.7720449581585,0.0,38.77439247215087,0.09195940671350507,1260,9
583,final_refine_2m,2.0,640.0,476.0,797.6064192319417,1.0,1.0,0.0,1.0,0.24839968774395005,0.24839968774395005,1.0,0.4023809523809524,0.4023809523809524,76.1435182506747,87.16779357422166,164.25635777531002,176.51969475425366,202.42558839434545,0.0,38.86389838983182,0.09326047358834244,1260,9
584,final_refine_2m,2.0,652.0,460.0,797.9373408983942,1.0,1.0,0.0,1.0,0.25901639344262295,0.25901639344262295,1.0,0.4,0.4,75.52157800424489,87.29220171219099,165.65106054128339,178.2125787567463,205.21377676651338,0.0,39.239599995146655,0.09586260733801717,1260,9
585,final_refine_2m,2.0,638.0,480.0,798.4009018030979,1.0,1.0,0.0,1.0,0.2459016393442623,0.2459016393442623,1.0,0.4,0.4,76.17388464319893,87.03151651474043,163.69397741752022,175.93296503317288,201.4817834375464,0.0,38.73997617100366,0.09289617486338798,1260,9
586,final_refine_2m,2.0,650.0,464.0,798.621312012145,1.0,1.0,0.0,1.0,0.25735102784283115,0.25735102784283115,1.0,0.3984126984126984,0.3984126984126984,75.54641535191759,87.1369287209979,165.04134118545622,177.47627229376783,204.18940053566678,0.0,39.10783371345767,0.09705958886286756,1260,9
587,final_refine_2m,2.0,640.0,478.0,798.8016024019981,1.0,1.0,0.0,1.0,0.24756700494405412,0.24756700494405412,1.0,0.4015873015873016,0.4015873015873016,76.03113480977554,86.98326284528528,163.73423844418693,175.98705887160895,201.65964779573704,0.0,38.76715588360961,0.09326047358834244,1260,9
588,final_refine_2m,2.0,652.0,462.0,799.0919846926259,1.0,1.0,0.0,1.0,0.25901639344262295,0.25901639344262295,1.0,0.4,0.4,75.40413098564987,87.09598386852407,165.09799479457783,177.57789306987578,204.3972110601486,0.0,39.13953149825616,0.09586260733801717,1260,9
589,final_refine_2m,2.0,650.0,466.0,799.784971101608,1.0,1.0,0.0,1.0,0.25735102784283115,0.25735102784283115,1.0,0.3984126984126984,0.3984126984126984,75.43089455241805,86.94433575116445,164.4975727807949,176.85255904774718,203.38771252180405,0.0,39.008637895713335,0.09765807962529274,1260,9
590,coarse_100m,100.0,0.0,800.0,800.0,0.15768930523028885,0.7046838407494145,0.0,0.15768930523028885,0.04735883424408015,0.04735883424408015,0.39206349206349206,0.2111111111111111,0.2111111111111111,47.68258739052016,47.475494921778925,62.29362275949534,63.35579309133172,66.42711826970897,0.0,26.047492534637243,0.008821233411397346,1260,9
591,final_refine_2m,2.0,640.0,480.0,800.0,1.0,1.0,0.0,1.0,0.24756700494405412,0.24756700494405412,1.0,0.4015873015873016,0.4015873015873016,75.9202506473976,86.80096586279132,163.22506252012317,175.45962629996149,200.90206981743881,0.0,38.67083194035477,0.09401509237574811,1260,9
592,final_refine_2m,2.0,652.0,464.0,800.2499609497023,1.0,1.0,0.0,1.0,0.25901639344262295,0.25901639344262295,1.0,0.4,0.4,75.28828085295316,86.90218867111294,164.55089296413388,176.950154918148,203.58986043032172,0.0,39.03990648503493,0.09586260733801717,1260,9
593,final_refine_2m,2.0,650.0,468.0,800.9519336389669,1.0,1.0,0.0,1.0,0.2558678116055165,0.2558678116055165,1.0,0.3968253968253968,0.3968253968253968,75.3169393028136,86.75411008403401,163.95962568447956,176.28210082983594,202.5949967150663,0.0,38.90987937583631,0.09765807962529274,1260,9
594,final_refine_2m,2.0,652.0,466.0,801.4112552241826,1.0,1.0,0.0,1.0,0.25901639344262295,0.25901639344262295,1.0,0.4,0.4,75.17400578542377,86.71078230996649,164.00967050033717,176.346169473183,202.7915837037412,0.0,38.94072221730691,0.09646109810044236,1260,9
595,final_refine_2m,2.0,642.0,480.0,801.6008982030896,1.0,1.0,0.0,1.0,0.2350247202706219,0.2350247202706219,1.0,0.3865079365079365,0.3865079365079365,75.66747207558296,86.5712460675924,162.76842354231303,174.98713305914492,200.32343518452507,0.0,38.60131787739688,0.09513400988810825,1260,9
596,final_refine_2m,2.0,684.0,418.0,801.6108781697014,1.0,1.0,0.0,1.0,0.25917252146760345,0.25917252146760345,1.0,0.3626984126984127,0.3626984126984127,73.93374733050452,87.9481782873797,170.05419217130452,183.90903507988733,213.9194472451598,0.0,40.37668231955776,0.09016393442622951,1260,9
597,final_refine_2m,2.0,644.0,478.0,802.0099750003113,1.0,1.0,0.0,1.0,0.2378090033827739,0.2378090033827739,1.0,0.3873015873015873,0.3873015873015873,75.52406538530296,86.52239779544847,162.79353898197425,175.03850376103688,200.49706626931933,0.0,38.6282833098048,0.09625292740046838,1260,9
598,final_refine_2m,2.0,650.0,470.0,802.1221852062191,1.0,1.0,0.0,1.0,0.25456674473067914,0.25456674473067914,1.0,0.3952380952380952,0.3952380952380952,75.20452839226144,86.566218975575,163.4274180967253,175.73947169775224,201.81111697754196,0.0,38.811555470141734,0.09765807962529274,1260,9
599,final_refine_2m,2.0,652.0,468.0,802.5758531129628,1.0,1.0,0.0,1.0,0.25901639344262295,0.25901639344262295,1.0,0.4,0.4,75.06128434974097,86.52173159728865,163.47424442550218,175.80040135752552,202.0022425504474,0.0,38.84197597988939,0.09646109810044236,1260,9
600,final_refine_2m,2.0,684.0,420.0,802.6555923931509,1.0,1.0,0.0,1.0,0.2597449908925319,0.2597449908925319,1.0,0.36428571428571427,0.36428571428571427,73.77808865845937,87.71522558694186,169.403986527452,183.15791479918315,212.9407086526154,0.0,40.26655058115572,0.09016393442622951,1260,9
601,final_refine_2m,2.0,648.0,474.0,802.857397051307,1.0,1.0,0.0,1.0,0.2395264116575592,0.2395264116575592,1.0,0.37777777777777777,0.37777777777777777,75.23715060616189,86.4270788810391,162.8588190716338,175.14602753177118,200.8532759692439,0.0,38.68446016354503,0.0994535519125683,1260,9
602,final_refine_2m,2.0,644.0,480.0,803.203585649367,1.0,1.0,0.0,1.0,0.23734061930783243,0.23734061930783243,1.0,0.3880952380952381,0.3880952380952381,75.41554943701851,86.34235720095734,162.31265004522035,174.51548523759644,199.7458792530251,0.0,38.53201784569566,0.09682539682539683,1260,9
603,final_refine_2m,2.0,650.0,472.0,803.2957114288611,1.0,1.0,0.0,1.0,0.2532656778558418,0.2532656778558418,1.0,0.39365079365079364,0.39365079365079364,75.09364098347369,86.380630278992,162.90086972492836,175.20222057987704,201.03593988672637,0.0,38.71366351730606,0.09825657038771793,1260,9
604,final_refine_2m,2.0,646.0,478.0,803.6168241145776,1.0,1.0,0.0,1.0,0.23793911007025761,0.23793911007025761,1.0,0.37936507936507935,0.37936507936507935,75.27182126725847,86.29321833490872,162.33646196911138,174.5655002664761,199.9174029164307,0.0,38.559335755670894,0.09794431433775697,1260,9
605,final_refine_2m,2.0,684.0,422.0,803.7039255845401,1.0,1.0,0.0,1.0,0.25917252146760345,0.25917252146760345,1.0,0.36428571428571427,0.36428571428571427,73.62654957359993,87.48532538919751,168.76140382476476,182.41576807412625,211.97411013221924,0.0,40.15694067752876,0.09016393442622951,1260,9
606,final_refine_2m,2.0,652.0,470.0,803.7437402555618,1.0,1.0,0.0,1.0,0.25901639344262295,0.25901639344262295,1.0,0.4,0.4,74.95009549164617,86.33500395327741,162.94453329756521,175.26006161871643,201.22170141266358,0.0,38.74366508032112,0.09646109810044236,1260,9
607,final_refine_2m,2.0,648.0,476.0,804.0398000099249,1.0,1.0,0.0,1.0,0.2395264116575592,0.2395264116575592,1.0,0.37777777777777777,0.37777777777777777,75.12805725137844,86.24486644594874,162.3616460110652,174.6170911139619,200.09187407491072,0.0,38.58740481863316,0.0994535519125683,1260,9
608,final_refine_2m,2.0,650.0,474.0,804.4724979761583,1.0,1.0,0.0,1.0,0.2504813947436898,0.2504813947436898,1.0,0.3904761904761905,0.3904761904761905,74.98425660473721,86.1973124312165,162.3882194904334,174.67027745312035,200.26933466825355,0.0,38.61620087810519,0.09825657038771793,1260,9
609,final_refine_2m,2.0,684.0,424.0,804.7558636008812,1.0,1.0,0.0,1.0,0.25917252146760345,0.25917252146760345,1.0,0.36428571428571427,0.36428571428571427,73.49792046438897,87.25843284108552,168.14542308997443,181.6824502944691,211.0194449096728,0.0,40.04784913787968,0.09078844652615145,1260,9
610,final_refine_2m,2.0,646.0,480.0,804.8080516495843,1.0,1.0,0.0,1.0,0.23747072599531616,0.23747072599531616,1.0,0.38015873015873014,0.38015873015873014,75.16448324365071,86.11429933083518,161.8577420079213,174.04468276555693,199.16940174102703,0.0,38.463101100155484,0.09794431433775697,1260,9
611,final_refine_2m,2.0,652.0,472.0,804.9149023344021,1.0,1.0,0.0,1.0,0.25901639344262295,0.25901639344262295,1.0,0.4,0.4,74.84041852781657,86.15056739231123,162.42045717475295,174.72507928789378,200.44982743578302,0.0,38.64578684859487,0.09705958886286756,1260,9
612,final_refine_2m,2.0,648.0,478.0,805.2254342729121,1.0,1.0,0.0,1.0,0.2386937288576633,0.2386937288576633,1.0,0.376984126984127,0.376984126984127,75.02043824108758,86.0648743392368,161.88025453396946,174.09334605042636,199.33882412120167,0.0,38.49077292087378,0.0994535519125683,1260,9
613,final_refine_1m,1.0,684.0,425.0,805.2831800056425,1.0,1.0,0.0,1.0,0.25917252146760345,0.25917252146760345,1.0,0.36428571428571427,0.36428571428571427,73.43430102008988,87.14609783003463,167.86792132068905,181.31905790809193,210.54652393862244,0.0,39.99349667865158,0.09078844652615145,1260,9
614,final_refine_2m,2.0,686.0,422.0,805.4067295472518,1.0,1.0,0.0,1.0,0.2597449908925319,0.2597449908925319,1.0,0.3611111111111111,0.3611111111111111,73.35618623382537,87.24283750506686,168.229734387966,181.8427599635078,211.31532974056617,0.0,40.09157740953095,0.09016393442622951,1260,9
615,final_refine_2m,2.0,650.0,476.0,805.6525305614077,1.0,1.0,0.0,1.0,0.24918032786885247,0.24918032786885247,1.0,0.3888888888888889,0.3888888888888889,74.87635514213456,86.0162344397625,161.90412779074902,174.1435734925188,199.51117313057972,0.0,38.519164935156724,0.09825657038771793,1260,9
616,final_refine_1m,1.0,684.0,426.0,805.8113923245315,1.0,1.0,0.0,1.0,0.25917252146760345,0.25917252146760345,1.0,0.36428571428571427,0.36428571428571427,73.37114035868444,87.03449925362884,167.5918926061463,180.9578199124763,210.0765108440644,0.0,39.93927252329199,0.09078844652615145,1260,9
617,final_refine_2m,2.0,652.0,474.0,806.0893250750812,1.0,1.0,0.0,1.0,0.25818371064272705,0.25818371064272705,1.0,0.39920634920634923,0.39920634920634923,74.73223313793781,85.96839050951081,161.9293789493526,174.19538461550465,199.68649040141327,0.0,38.54833863689441,0.09705958886286756,1260,9
618,final_refine_1m,1.0,685.0,425.0,806.1327434114062,1.0,1.0,0.0,1.0,0.2608899297423888,0.2608899297423888,1.0,0.36587301587301585,0.36587301587301585,73.30007770724167,87.02575544117822,167.62525407933668,181.03496076086955,210.22010309065593,0.0,39.96087922144974,0.09016393442622951,1260,9
619,coarse_100m,100.0,-100.0,800.0,806.2257748298549,0.10954983086130628,0.5980483996877439,0.0,0.10954983086130628,0.030054644808743168,0.030054644808743168,0.3253968253968254,0.16666666666666666,0.16666666666666666,46.97622926986558,46.86276904109344,59.046988719194324,61.81918760177764,62.56314097680477,0.0,28.07596284922684,0.0007546187874056727,1260,9
620,coarse_100m,100.0,100.0,800.0,806.2257748298549,0.2145719489981785,0.8200624512099922,0.0,0.2145719489981785,0.06174863387978142,0.06174863387978142,0.4587301587301587,0.21666666666666667,0.21666666666666667,48.353959774927624,48.20222628318098,65.40039793836986,66.98223799973836,70.38870597929977,0.0,24.04718597895788,0.025631017434296122,1260,9
621,final_refine_1m,1.0,684.0,427.0,806.3404987968793,1.0,1.0,0.0,1.0,0.25917252146760345,0.25917252146760345,1.0,0.36428571428571427,0.36428571428571427,73.30843505427576,86.92362777534574,167.31732664150928,180.59871907944844,209.609381061196,0.0,39.88517624684917,0.09078844652615145,1260,9
622,final_refine_2m,2.0,648.0,480.0,806.4142855877492,1.0,1.0,0.0,1.0,0.2386937288576633,0.2386937288576633,1.0,0.376984126984127,0.376984126984127,74.91427401004545,85.88707252127483,161.40369941331326,173.57472557667137,198.59400237050107,0.0,38.3945619036618,0.0994535519125683,1260,9
623,final_refine_2m,2.0,654.0,472.0,806.5358020571684,1.0,1.0,0.0,1.0,0.25901639344262295,0.25901639344262295,1.0,0.4,0.4,74.5880714044229,85.92135362959318,161.95602547363328,174.24879927138133,199.86481835947362,0.0,38.578245174170554,0.09586260733801717,1260,9
624,final_refine_0p5m,0.5,684.0,427.5,806.6053867908396,1.0,1.0,0.0,1.0,0.25917252146760345,0.25917252146760345,1.0,0.36428571428571427,0.36428571428571427,73.27725209943677,86.86846317565765,167.1805889961107,180.4199647647855,209.37688981008884,0.0,39.85817593095512,0.09141295862607338,1260,9
625,final_refine_1m,1.0,685.0,426.0,806.6603994246898,1.0,1.0,0.0,1.0,0.2608899297423888,0.2608899297423888,1.0,0.36587301587301585,0.36587301587301585,73.23727465763116,86.91449396881957,167.34984044230913,180.6745639788602,209.75112110548534,0.0,39.906655067470545,0.09016393442622951,1260,9
626,final_refine_2m,2.0,650.0,478.0,806.8357949421927,1.0,1.0,0.0,1.0,0.24769711163153785,0.24769711163153785,1.0,0.3873015873015873,0.3873015873015873,74.76991683195943,85.83736586993659,161.42491665931607,173.62204104569537,198.76132960164713,0.0,38.422553092666554,0.09885506115014311,1260,9
627,final_refine_0p5m,0.5,684.0,428.0,806.8704976636585,1.0,1.0,0.0,1.0,0.25917252146760345,0.25917252146760345,1.0,0.36428571428571427,0.36428571428571427,73.24618171415332,86.81347899492276,167.01586990657526,180.24173836229568,209.14511029891744,0.0,39.83120742631207,0.09141295862607338,1260,9
628,final_refine_0p5m,0.5,684.5,427.5,807.029429450996,1.0,1.0,0.0,1.0,0.2600312256049961,0.2600312256049961,1.0,0.36507936507936506,0.36507936507936506,73.21055470366615,86.80868302765522,167.04395716153724,180.27892759303597,209.21492290141492,0.0,39.84188322172171,0.09078844652615145,1260,9
629,final_refine_0p5m,0.5,684.0,428.5,807.1358311957164,1.0,1.0,0.0,1.0,0.25917252146760345,0.25917252146760345,1.0,0.36428571428571427,0.36428571428571427,73.21522347945789,86.75867502060352,166.8513077201728,180.06403776910847,208.91403953343396,0.0,39.80427068034477,0.09141295862607338,1260,9
630,final_refine_2m,2.0,652.0,476.0,807.2669942466371,1.0,1.0,0.0,1.0,0.25818371064272705,0.25818371064272705,1.0,0.39920634920634923,0.39920634920634923,74.62551935697805,85.7884424676643,161.44748328569509,173.67090904522743,198.9315626623967,0.0,38.45131781933579,0.09705958886286756,1260,9
631,final_refine_0p5m,0.5,684.5,428.0,807.294401070638,1.0,1.0,0.0,1.0,0.2600312256049961,0.2600312256049961,1.0,0.36507936507936506,0.36507936507936506,73.17957271321711,86.75378204977973,166.87910054090528,180.1009089184946,208.9833977908465,0.0,39.81491475397414,0.09078844652615145,1260,9
632,final_refine_0p5m,0.5,684.0,429.0,807.401387167498,1.0,1.0,0.0,1.0,0.25917252146760345,0.25917252146760345,1.0,0.36428571428571427,0.36428571428571427,73.1843769784092,86.70404970824207,166.68724513190963,179.88686089339424,208.6836745360292,0.0,39.77736564059775,0.09141295862607338,1260,9
633,final_refine_1m,1.0,686.0,426.0,807.5097522630919,1.0,1.0,0.0,1.0,0.2608899297423888,0.2608899297423888,1.0,0.36428571428571427,0.36428571428571427,73.10365799848745,86.79473136036958,167.10801777205262,180.3915950823265,209.42604984460195,0.0,39.87390962088911,0.09016393442622951,1260,9
634,final_refine_0p5m,0.5,684.5,428.5,807.5595953240851,1.0,1.0,0.0,1.0,0.2600312256049961,0.2600312256049961,1.0,0.36507936507936506,0.36507936507936506,73.14870264245187,86.69906019578872,166.7147449690625,179.923415475153,208.752580669555,0.0,39.787978058812776,0.09078844652615145,1260,9
635,final_refine_0p5m,0.5,684.0,429.5,807.6671653595929,1.0,1.0,0.0,1.0,0.25917252146760345,0.25917252146760345,1.0,0.36428571428571427,0.36428571428571427,73.15364179608139,86.64960177302702,166.52368011230553,179.7102056542958,208.45401234561152,0.0,39.750492254734844,0.09141295862607338,1260,9
636,final_refine_2m,2.0,654.0,474.0,807.7078679819828,1.0,1.0,0.0,1.0,0.25901639344262295,0.25901639344262295,1.0,0.4,0.4,74.48108075280824,85.74031317198585,161.47141631576423,173.72134894998948,199.10474287853648,0.0,38.48080855023731,0.09586260733801717,1260,9
637,final_refine_0p5m,0.5,684.5,429.0,807.8250119920774,1.0,1.0,0.0,1.0,0.2600312256049961,0.2600312256049961,1.0,0.36507936507936506,0.36507936507936506,73.11794407525448,86.64451681741512,166.55088840808938,179.74644517356936,208.5224685632725,0.0,39.761073083739625,0.09078844652615145,1260,9
638,final_refine_0p5m,0.5,685.5,427.5,807.8777754091271,1.0,1.0,0.0,1.0,0.2608899297423888,0.2608899297423888,1.0,0.36587301587301585,0.36587301587301585,73.07734592501232,86.6893015685064,166.7702260069781,179.9970675322525,208.891226719525,0.0,39.80920231387013,0.09016393442622951,1260,9
639,final_refine_0p5m,0.5,684.0,430.0,807.933165552696,1.0,1.0,0.0,1.0,0.25917252146760345,0.25917252146760345,1.0,0.36428571428571427,0.36428571428571427,73.12301751954844,86.5953308116343,166.36061064273215,179.53406998185747,208.2250500175007,0.0,39.723650470538836,0.09141295862607338,1260,9
640,final_refine_2m,2.0,650.0,480.0,808.0222769206305,1.0,1.0,0.0,1.0,0.2463960447567005,0.2463960447567005,1.0,0.38571428571428573,0.38571428571428573,74.66492225332537,85.66067683239064,160.95052224810468,173.1056136079917,198.01968086734144,0.0,38.32636277617945,0.09885506115014311,1260,9
641,final_refine_1m,1.0,686.0,427.0,808.0377466430637,1.0,1.0,0.0,1.0,0.261176164454853,0.261176164454853,1.0,0.36507936507936506,0.36507936507936506,73.0416635108359,86.68453138256174,166.79820844784211,180.0341663831904,208.9609688636282,0.0,39.81981399523406,0.09016393442622951,1260,9
642,final_refine_0p5m,0.5,685.5,428.0,808.1424688753834,1.0,1.0,0.0,1.0,0.2608899297423888,0.2608899297423888,1.0,0.36587301587301585,0.36587301587301585,73.0465404780293,86.63456720400725,166.6057834454318,179.81946398171797,208.66021000065996,0.0,39.78223407780906,0.09016393442622951,1260,9
643,final_refine_0p5m,0.5,684.0,430.5,808.1993875276075,1.0,1.0,0.0,1.0,0.25917252146760345,0.25917252146760345,1.0,0.36428571428571427,0.36428571428571427,73.09250373787785,86.5412364908076,166.1980347153243,179.35845181696124,207.99678462330232,0.0,39.69684023591107,0.09141295862607338,1260,9
644,final_refine_0p5m,0.5,685.0,429.0,808.2487240942605,1.0,1.0,0.0,1.0,0.2600312256049961,0.2600312256049961,1.0,0.36507936507936506,0.36507936507936506,73.05157292629868,86.58504677686801,166.41460533172778,179.60610055159177,208.3613413965821,0.0,39.74474885919166,0.09078844652615145,1260,9
645,final_refine_0p5m,0.5,686.0,427.5,808.302078433552,1.0,1.0,0.0,1.0,0.261176164454853,0.261176164454853,1.0,0.36507936507936506,0.36507936507936506,73.01083456877585,86.62970215792373,166.63347141788,179.856244636447,208.72949743219525,0.0,39.79281408770674,0.09016393442622951,1260,9
646,final_refine_0p5m,0.5,685.5,428.5,808.4073849242101,1.0,1.0,0.0,1.0,0.2608899297423888,0.2608899297423888,1.0,0.36587301587301585,0.36587301587301585,73.0158464894148,86.58001191432164,166.44184075432253,179.64238450725367,208.4298997596988,0.0,39.75529764179541,0.09016393442622951,1260,9
647,final_refine_2m,2.0,652.0,478.0,808.4478956618045,1.0,1.0,0.0,1.0,0.25735102784283115,0.25735102784283115,1.0,0.3984126984126984,0.3984126984126984,74.52025756765596,85.61069298450477,160.97044833180934,173.15158518855426,198.18491907972566,0.0,38.35472179171277,0.09765807962529274,1260,9
648,final_refine_0p5m,0.5,684.0,431.0,808.4658310652343,1.0,1.0,0.0,1.0,0.25917252146760345,0.25917252146760345,1.0,0.36428571428571427,0.36428571428571427,73.06210004211353,86.4873186732703,166.035950332933,179.1833491112358,207.76921325080355,0.0,39.670061498871064,0.09141295862607338,1260,9
649,final_refine_0p5m,0.5,685.0,429.5,808.5142237462493,1.0,1.0,0.0,1.0,0.2600312256049961,0.2600312256049961,1.0,0.36507936507936506,0.36507936507936506,73.02101307160572,86.53076395585528,166.25145108169,179.42985720448365,208.1321833538153,0.0,39.71787568258703,0.09078844652615145,1260,9
650,final_refine_0p5m,0.5,686.0,428.0,808.5666329994084,1.0,1.0,0.0,1.0,0.2614623991673172,0.2614623991673172,1.0,0.36587301587301585,0.36587301587301585,72.98011727032511,86.57505201542087,166.4692357111884,179.67884848204739,208.49873470452857,0.0,39.76584604652071,0.09016393442622951,1260,9
651,final_refine_0p5m,0.5,685.5,429.0,808.6725233368572,1.0,1.0,0.0,1.0,0.2608899297423888,0.2608899297423888,1.0,0.36587301587301585,0.36587301587301585,72.98526354470668,86.52563545932625,166.27839590066347,179.46582702417552,208.20029302902995,0.0,39.72839295324737,0.09016393442622951,1260,9
652,final_refine_0p5m,0.5,684.0,431.5,808.7324959465892,1.0,1.0,0.0,1.0,0.25917252146760345,0.25917252146760345,1.0,0.36428571428571427,0.36428571428571427,73.0318060252662,86.43357685243012,165.87435550902686,179.0087598270155,207.54233300386232,0.0,39.643314207556145,0.09141295862607338,1260,9
653,final_refine_0p5m,0.5,685.0,430.0,808.7799453497843,1.0,1.0,0.0,1.0,0.2600312256049961,0.2600312256049961,1.0,0.36507936507936506,0.36507936507936506,72.99056366600212,86.47665800345868,166.0887912173189,179.25413228240217,207.90372368090786,0.0,39.69103413509723,0.09078844652615145,1260,9
654,final_refine_0p5m,0.5,686.0,428.5,808.8314101220352,1.0,1.0,0.0,1.0,0.2614623991673172,0.2614623991673172,1.0,0.36587301587301585,0.36587301587301585,72.9495111998327,86.52057941774031,166.30549928632,179.50197582668747,208.26867769979435,0.0,39.73890981893266,0.09016393442622951,1260,9
655,final_refine_2m,2.0,654.0,476.0,808.8831806880398,1.0,1.0,0.0,1.0,0.25901639344262295,0.25901639344262295,1.0,0.4,0.4,74.37555043456595,85.56149058441659,160.99171248247896,173.19909770754742,198.353042388314,0.0,38.38380004220436,0.09586260733801717,1260,9
656,final_refine_0p5m,0.5,685.5,429.5,808.9378838946783,1.0,1.0,0.0,1.0,0.2608899297423888,0.2608899297423888,1.0,0.36587301587301585,0.36587301587301585,72.95479123144813,86.47143631948565,166.11544686235024,179.28978945872672,207.97138685750963,0.0,39.70151995970285,0.09016393442622951,1260,9
657,final_refine_0p5m,0.5,685.0,430.5,809.0458886861734,1.0,1.0,0.0,1.0,0.2600312256049961,0.2600312256049961,1.0,0.36507936507936506,0.36507936507936506,72.96022430018365,86.42272914999444,165.92662373561734,179.07892373091423,207.67595945602753,0.0,39.664224164539746,0.09078844652615145,1260,9
658,final_refine_0p5m,0.5,686.0,429.0,809.0964095829371,1.0,1.0,0.0,1.0,0.2614623991673172,0.2614623991673172,1.0,0.36587301587301585,0.36587301587301585,72.91901594366615,86.46628459270994,166.14226011275417,179.32562458805413,208.03932345371803,0.0,39.712005352319466,0.09016393442622951,1260,9
659,final_refine_0p5m,0.5,684.5,431.5,809.1554238834465,1.0,1.0,0.0,1.0,0.25917252146760345,0.25917252146760345,1.0,0.36428571428571427,0.36428571428571427,72.96580936887499,86.37445673677605,165.73902019819727,178.86936842456433,207.38238030604597,0.0,39.62702218060753,0.09141295862607338,1260,9
660,final_refine_0p5m,0.5,685.5,430.0,809.2034663791302,1.0,1.0,0.0,1.0,0.2608899297423888,0.2608899297423888,1.0,0.36587301587301585,0.36587301587301585,72.92442913916953,86.41741330038671,165.9529916280794,179.114269748017,207.7431783103374,0.0,39.674678608819015,0.09078844652615145,1260,9
661,final_refine_0p5m,0.5,685.0,431.0,809.3120535368295,1.0,1.0,0.0,1.0,0.2600312256049961,0.2600312256049961,1.0,0.36507936507936506,0.36507936507936506,72.92999456681672,86.36897615144139,165.76494664426502,178.90422950630756,207.4488877734715,0.0,39.63744571885042,0.09078844652615145,1260,9
662,final_refine_0p5m,0.5,686.0,429.5,809.3616311637215,1.0,1.0,0.0,1.0,0.2617486338797814,0.2617486338797814,1.0,0.36666666666666664,0.36666666666666664,72.88863109018584,86.41216690748911,165.97951617084536,179.14979269476112,207.81066901845753,0.0,39.68513259417781,0.09016393442622951,1260,9
663,final_refine_0p5m,0.5,684.5,432.0,809.4221704401233,1.0,1.0,0.0,1.0,0.25917252146760345,0.25917252146760345,1.0,0.36428571428571427,0.36428571428571427,72.93571119645031,86.32097030288796,165.5781155116489,178.69549370391536,207.15643674613915,0.0,39.600306430268226,0.09141295862607338,1260,9
664,final_refine_0p5m,0.5,685.5,430.5,809.4692705717741,1.0,1.0,0.0,1.0,0.2608899297423888,0.2608899297423888,1.0,0.36587301587301585,0.36587301587301585,72.89417685938298,86.36356583882583,165.79102819728607,178.9392658399467,207.5156644689472,0.0,39.64786884837195,0.09078844652615145,1260,9
665,final_refine_0p5m,0.5,685.0,431.5,809.5784396832712,1.0,1.0,0.0,1.0,0.2600312256049961,0.2600312256049961,1.0,0.36507936507936506,0.36507936507936506,72.89987406053102,86.31539799823446,165.6037579615437,178.7300475755471,207.2225057435705,0.0,39.61069874608316,0.09078844652615145,1260,9
666,final_refine_0p5m,0.5,686.0,430.0,809.627074646099,1.0,1.0,0.0,1.0,0.2617486338797814,0.2617486338797814,1.0,0.36666666666666664,0.36666666666666664,72.85835622974169,86.35822683700529,165.81726545172353,178.97447808626484,207.58271146250297,0.0,39.65829149212378,0.09016393442622951,1260,9
667,final_refine_2m,2.0,652.0,480.0,809.6320151772655,1.0,1.0,0.0,1.0,0.25735102784283115,0.25735102784283115,1.0,0.3984126984126984,0.3984126984126984,74.41642849310145,85.4351123203282,160.49821050286468,172.63734680000604,197.44643696135753,0.0,38.25854797124644,0.09765807962529274,1260,9
668,final_refine_0p5m,0.5,684.5,432.5,809.6891378794704,1.0,1.0,0.0,1.0,0.25917252146760345,0.25917252146760345,1.0,0.36428571428571427,0.36428571428571427,72.90572167042824,86.26765870096682,165.41769587180258,178.52212780180844,206.93117783700134,0.0,39.5736220358543,0.09141295862607338,1260,9
669,final_refine_0p5m,0.5,685.5,431.0,809.7352962542759,1.0,1.0,0.0,1.0,0.2608899297423888,0.2608899297423888,1.0,0.36587301587301585,0.36587301587301585,72.86403398556749,86.30989368889878,165.62955458005612,178.7647756931367,207.2888424309006,0.0,39.62109062625627,0.09078844652615145,1260,9
670,final_refine_0p5m,0.5,685.0,432.0,809.8450469071229,1.0,1.0,0.0,1.0,0.2600312256049961,0.2600312256049961,1.0,0.36507936507936506,0.36507936507936506,72.8698623779016,86.26199311775736,165.44305571626663,178.55637591618444,206.99681049258402,0.0,39.5839831944095,0.09078844652615145,1260,9
671,final_refine_0p5m,0.5,686.0,430.5,809.892739811884,1.0,1.0,0.0,1.0,0.2617486338797814,0.2617486338797814,1.0,0.36666666666666664,0.36666666666666664,72.82819095466051,86.30446251908876,165.65550595724986,178.7996787128041,207.35544787056398,0.0,39.63148199389246,0.09016393442622951,1260,9
672,final_refine_0p5m,0.5,684.5,433.0,809.9563259830742,1.0,1.0,0.0,1.0,0.25917252146760345,0.25917252146760345,1.0,0.36428571428571427,0.36428571428571427,72.87584039045075,86.21452020866208,165.2577593259732,178.34926871449474,206.7066007332179,0.0,39.54696894581264,0.09141295862607338,1260,9
673,final_refine_0p5m,0.5,685.5,431.5,810.0015432084065,1.0,1.0,0.0,1.0,0.2608899297423888,0.2608899297423888,1.0,0.36587301587301585,0.36587301587301585,72.83400011315723,86.25639671187842,165.4685687970776,178.59079727686006,207.06270930975916,0.0,39.59434389048474,0.09078844652615145,1260,9
674,final_refine_2m,2.0,654.0,478.0,810.0617260431454,1.0,1.0,0.0,1.0,0.25901639344262295,0.25901639344262295,1.0,0.4,0.4,74.27146097849749,85.38485573639686,160.5168495419981,172.68197841874337,197.60959228139373,0.0,38.28721703713682,0.09646109810044236,1260,9
675,final_refine_0p5m,0.5,685.0,432.5,810.1118749901152,1.0,1.0,0.0,1.0,0.2600312256049961,0.2600312256049961,1.0,0.36507936507936506,0.36507936507936506,72.83995911744114,86.208761806786,165.28283794771355,178.38321251629313,206.77179916256608,0.0,39.55729901211825,0.09141295862607338,1260,9
676,final_refine_0p5m,0.5,684.5,433.5,810.223734532629,1.0,1.0,0.0,1.0,0.25917252146760345,0.25917252146760345,1.0,0.36428571428571427,0.36428571428571427,72.84606695807581,86.16155371044786,165.09830393181272,178.1769144486396,206.48270260498666,0.0,39.52034710870649,0.09141295862607338,1260,9
677,final_refine_0p5m,0.5,685.5,432.0,810.268011216042,1.0,1.0,0.0,1.0,0.2608899297423888,0.2608899297423888,1.0,0.36587301587301585,0.36587301587301585,72.80407483953195,86.20307441771179,165.3080688795491,178.41732857096582,206.83726223499352,0.0,39.56762858918785,0.09078844652615145,1260,9
678,final_refine_0p5m,0.5,686.5,430.5,810.3162962695493,1.0,1.0,0.0,1.0,0.2614623991673172,0.2614623991673172,1.0,0.36587301587301585,0.36587301587301585,72.76226659907383,86.24541785571975,165.52005701350467,178.66016234635086,207.1953096541454,0.0,39.61506358775621,0.09016393442622951,1260,9
679,final_refine_0p5m,0.5,685.0,433.0,810.3789237140858,1.0,1.0,0.0,1.0,0.2600312256049961,0.2600312256049961,1.0,0.36507936507936506,0.36507936507936506,72.81016387958799,86.15570339322825,165.12310270555835,178.21055537441504,206.54746891129054,0.0,39.53064614761511,0.09141295862607338,1260,9
680,final_refine_0p5m,0.5,684.5,434.0,810.4913633099368,1.0,1.0,0.0,1.0,0.25917252146760345,0.25917252146760345,1.0,0.36428571428571427,0.36428571428571427,72.81640097677221,86.1087585683233,164.93932775723442,178.00506302123878,206.25948063800632,0.0,39.49375647321518,0.09141295862607338,1260,9
681,final_refine_0p5m,0.5,685.5,432.5,810.5347000591646,1.0,1.0,0.0,1.0,0.2608899297423888,0.2608899297423888,1.0,0.36587301587301585,0.36587301587301585,72.77425776400335,86.14992545270398,165.14805286912693,178.24436756582622,206.6124983518618,0.0,39.540944670613506,0.09078844652615145,1260,9
682,final_refine_0p5m,0.5,686.5,431.0,810.5820439659393,1.0,1.0,0.0,1.0,0.2614623991673172,0.2614623991673172,1.0,0.36587301587301585,0.36587301587301585,72.7322972008179,86.19191019832245,165.35899000190363,178.48608002977198,206.96898650442785,0.0,39.58828596879013,0.09016393442622951,1260,9
683,final_refine_0p5m,0.5,685.0,433.5,810.6461928609792,1.0,1.0,0.0,1.0,0.2600312256049961,0.2600312256049961,1.0,0.36507936507936506,0.36507936507936506,72.78047626669623,86.1028181957326,164.96384804980042,178.03840249947245,206.32381691211063,0.0,39.50402454942228,0.09141295862607338,1260,9
684,final_refine_0p5m,0.5,684.5,434.5,810.7592120969086,1.0,1.0,0.0,1.0,0.25917252146760345,0.25917252146760345,1.0,0.36428571428571427,0.36428571428571427,72.78684205190245,86.05613459640274,164.7823641161903,177.83371245954794,206.0369320333843,0.0,39.467196988133644,0.09141295862607338,1260,9
685,final_refine_0p5m,0.5,685.5,433.0,810.8016095198627,1.0,1.0,0.0,1.0,0.2608899297423888,0.2608899297423888,1.0,0.36587301587301585,0.36587301587301585,72.74454848780813,86.09694849687679,164.9885188178401,178.07191226225157,206.38841482131104,0.0,39.51429208312661,0.09078844652615145,1260,9
686,final_refine_0p5m,0.5,686.5,431.5,810.8480128852756,1.0,1.0,0.0,1.0,0.2617486338797814,0.2617486338797814,1.0,0.36666666666666664,0.36666666666666664,72.70243635310466,86.13857707189683,165.19840967688566,178.31250831813793,206.74335080151545,0.0,39.561539862658954,0.09016393442622951,1260,9
687,final_refine_0p5m,0.5,685.0,434.0,810.9136822128481,1.0,1.0,0.0,1.0,0.2600312256049961,0.2600312256049961,1.0,0.36507936507936506,0.36507936507936506,72.75089588302173,86.05010483201032,164.8050720506953,177.86675191071564,206.10084035387158,0.0,39.47743416617812,0.09141295862607338,1260,9
688,final_refine_0p5m,0.5,684.5,435.0,811.0272806755639,1.0,1.0,0.0,1.0,0.25917252146760345,0.25917252146760345,1.0,0.36428571428571427,0.36428571428571427,72.75738979071289,86.00368133815961,164.63422576762298,177.66286080103873,205.8150540075166,0.0,39.440668602372135,0.09203747072599532,1260,9
689,final_refine_0p5m,0.5,686.5,432.0,811.1142028099372,1.0,1.0,0.0,1.0,0.2617486338797814,0.2617486338797814,1.0,0.36666666666666664,0.36666666666666664,72.6726836549211,86.08541749506144,165.03831407441902,178.13944519589782,206.51839968129445,0.0,39.53482521741228,0.09016393442622951,1260,9
690,final_refine_0p5m,0.5,685.0,434.5,811.1813915518526,1.0,1.0,0.0,1.0,0.2600312256049961,0.2600312256049961,1.0,0.36507936507936506,0.36507936507936506,72.72142233471345,85.99756229031814,164.65405379330272,177.69560163764226,205.87853644080758,0.0,39.45087494663676,0.09141295862607338,1260,9
691,final_refine_0p5m,0.5,686.0,433.0,811.2243832627321,1.0,1.0,0.0,1.0,0.2608899297423888,0.2608899297423888,1.0,0.36587301587301585,0.36587301587301585,72.67899422790721,86.03825146529732,164.85400766095856,177.9333393750243,206.22943845676946,0.0,39.49790673908854,0.09078844652615145,1260,9
692,final_refine_2m,2.0,654.0,480.0,811.2434899584711,1.0,1.0,0.0,1.0,0.25901639344262295,0.25901639344262295,1.0,0.4,0.4,74.16879325140819,85.2103790372313,160.04676417202387,172.16992509665053,196.87427038632413,0.0,38.19105694362088,0.09646109810044236,1260,9
693,final_refine_0p5m,0.5,684.5,435.5,811.295568828032,1.0,1.0,0.0,1.0,0.25917252146760345,0.25917252146760345,1.0,0.36428571428571427,0.36428571428571427,72.72804380232473,85.95139897885761,164.48651107057975,177.49250609330622,205.59384379199022,0.0,39.414171264955804,0.09203747072599532,1260,9
694,final_refine_0p5m,0.5,686.5,432.5,811.3806135224085,1.0,1.0,0.0,1.0,0.2617486338797814,0.2617486338797814,1.0,0.36666666666666664,0.36666666666666664,72.64303870717711,86.03242994120347,164.87870124089912,177.9668886579916,206.29413029541294,0.0,39.508141981217314,0.09016393442622951,1260,9
695,final_refine_0p5m,0.5,685.0,435.0,811.4493206602616,1.0,1.0,0.0,1.0,0.2600312256049961,0.2600312256049961,1.0,0.36507936507936506,0.36507936507936506,72.69205522979952,85.94518924992518,164.5060947329643,177.52494971994972,205.65690239241772,0.0,39.42434683966769,0.09141295862607338,1260,9
696,final_refine_0p5m,0.5,686.0,433.5,811.4913739529213,1.0,1.0,0.0,1.0,0.2608899297423888,0.2608899297423888,1.0,0.36587301587301585,0.36587301587301585,72.64947801301032,85.98552810272564,164.6951541447044,177.7615889615671,206.0062783217663,0.0,39.47128577284767,0.09078844652615145,1260,9
697,final_refine_0p5m,0.5,684.5,436.0,811.5640763365515,1.0,1.0,0.0,1.0,0.25917252146760345,0.25917252146760345,1.0,0.36428571428571427,0.36428571428571427,72.69880369772216,85.89928587035877,164.33921841714618,177.32264639401896,205.3732986334822,0.0,39.38770492502436,0.09203747072599532,1260,9
698,final_refine_0p5m,0.5,686.5,433.0,811.6472448052787,1.0,1.0,0.0,1.0,0.2617486338797814,0.2617486338797814,1.0,0.36666666666666664,0.36666666666666664,72.61350111269907,85.97961458059177,164.71956923307843,177.79483670977157,206.07053981116357,0.0,39.481490102358485,0.09016393442622951,1260,9
699,final_refine_0p5m,0.5,685.0,435.5,811.7174693204527,1.0,1.0,0.0,1.0,0.2600312256049961,0.2600312256049961,1.0,0.36507936507936506,0.36507936507936506,72.66279417818082,85.89298591234319,164.35855885149417,177.35479420745025,205.4359354433802,0.0,39.397849794255485,0.09141295862607338,1260,9
700,final_refine_0p5m,0.5,686.0,434.0,811.7585848021565,1.0,1.0,0.0,1.0,0.2608899297423888,0.2608899297423888,1.0,0.36587301587301585,0.36587301587301585,72.62006858410355,85.9329755456369,164.54565656543434,177.59033973076754,205.78379218844222,0.0,39.44469604787576,0.09078844652615145,1260,9
701,final_refine_0p5m,0.5,684.5,436.5,811.8328029834714,1.0,1.0,0.0,1.0,0.25917252146760345,0.25917252146760345,1.0,0.36428571428571427,0.36428571428571427,72.66966908974179,85.84734080213252,164.19234620743333,177.15327977085713,205.15341579365065,0.0,39.36126953183167,0.09203747072599532,1260,9
702,final_refine_0p5m,0.5,686.5,433.5,811.914096441243,1.0,1.0,0.0,1.0,0.2617486338797814,0.2617486338797814,1.0,0.36666666666666664,0.36666666666666664,72.58407047621684,85.9269708206859,164.56563568969264,177.62328736695758,205.8476254113834,0.0,39.45486952923706,0.09016393442622951,1260,9
703,final_refine_0p5m,0.5,686.0,434.5,812.0260155930966,1.0,1.0,0.0,1.0,0.2608899297423888,0.2608899297423888,1.0,0.36587301587301585,0.36587301587301585,72.59076554890657,85.88059295676508,164.39763195295046,177.4195897166007,205.5619772672749,0.0,39.41813751284633,0.09078844652615145,1260,9
704,final_refine_0p5m,0.5,684.5,437.0,812.1017485512514,1.0,1.0,0.0,1.0,0.25917252146760345,0.25917252146760345,1.0,0.36428571428571427,0.36428571428571427,72.64063959306202,85.79556311001954,164.0458928495431,176.98440430143052,204.93419254903714,0.0,39.33486503474545,0.09203747072599532,1260,9
705,final_refine_0p5m,0.5,685.5,435.5,812.1394584675713,1.0,1.0,0.0,1.0,0.2600312256049961,0.2600312256049961,1.0,0.36507936507936506,0.36507936507936506,72.59760527318102,85.83463297128797,164.23067271235746,177.21715201890214,205.27810417460765,0.0,39.38149731291816,0.09141295862607338,1260,9
706,final_refine_0p5m,0.5,686.5,434.0,812.1811682131025,1.0,1.0,0.0,1.0,0.2617486338797814,0.2617486338797814,1.0,0.36666666666666664,0.36666666666666664,72.55474640435155,85.87449896413109,164.41736556749842,177.45223865553695,205.625384294329,0.0,39.428280210370765,0.09016393442622951,1260,9
707,final_refine_0p5m,0.5,686.0,435.0,812.2936661085079,1.0,1.0,0.0,1.0,0.2608899297423888,0.2608899297423888,1.0,0.36587301587301585,0.36587301587301585,72.5615685170115,85.82838025690184,164.25003118531782,177.24933696321563,205.34083078397626,0.0,39.391610116548584,0.09078844652615145,1260,9
708,final_refine_0p5m,0.5,684.5,437.5,812.370912822462,1.0,1.0,0.0,1.0,0.25917252146760345,0.25917252146760345,1.0,0.36428571428571427,0.36428571428571427,72.61171482418965,85.74395278747856,163.899856759502,176.81601807323898,204.71562619097213,0.0,39.30849138324687,0.09203747072599532,1260,9
709,final_refine_0p5m,0.5,685.5,436.0,812.4076870635827,1.0,1.0,0.0,1.0,0.2600312256049961,0.2600312256049961,1.0,0.36507936507936506,0.36507936507936506,72.5685345251455,85.78267875478487,164.0837366543926,177.0476895181997,205.05804400416915,0.0,39.35503163412374,0.09141295862607338,1260,9
710,final_refine_0p5m,0.5,686.5,434.5,812.4484599037652,1.0,1.0,0.0,1.0,0.2617486338797814,0.2617486338797814,1.0,0.36666666666666664,0.36666666666666664,72.52552850560828,85.8221976738054,164.2695204332063,177.2816886117287,205.40381367359927,0.0,39.40172209439346,0.09016393442622951,1260,9
711,final_refine_0p5m,0.5,686.0,435.5,812.5615361312643,1.0,1.0,0.0,1.0,0.2608899297423888,0.2608899297423888,1.0,0.36587301587301585,0.36587301587301585,72.53247709987758,85.77633696109619,164.10285265207844,177.0795795248494,205.1203499793932,0.0,39.36511380788695,0.09078844652615145,1260,9
712,final_refine_0p5m,0.5,685.5,436.5,812.6761347547989,1.0,1.0,0.0,1.0,0.2600312256049961,0.2600312256049961,1.0,0.36507936507936506,0.36507936507936506,72.53956883797217,85.7308925778511,163.9372201024424,176.87871901157249,204.83864474312364,0.0,39.32859692821574,0.09141295862607338,1260,9
713,final_refine_0p5m,0.5,686.5,435.0,812.7159712962457,1.0,1.0,0.0,1.0,0.2617486338797814,0.2617486338797814,1.0,0.36666666666666664,0.36666666666666664,72.49641639036119,85.77006602366183,164.1220986701088,177.11163528189988,205.18291077799992,0.0,39.375195130054706,0.09016393442622951,1260,9
714,final_refine_0p5m,0.5,685.0,437.5,812.7922551304239,1.0,1.0,0.0,1.0,0.25917252146760345,0.25917252146760345,1.0,0.36428571428571427,0.36428571428571427,72.54680276751995,85.68585985764798,163.77261511273312,176.67909755638595,204.55868385961966,0.0,39.292171211871505,0.09141295862607338,1260,9
715,final_refine_0p5m,0.5,686.0,436.0,812.8296254443486,1.0,1.0,0.0,1.0,0.2608899297423888,0.2608899297423888,1.0,0.36587301587301585,0.36587301587301585,72.50349091081014,85.72446332440035,163.95609475082466,176.91031546578122,204.90053210940852,0.0,39.33864853588073,0.09078844652615145,1260,9
716,final_refine_2m,2.0,656.0,480.0,812.8566909363544,1.0,1.0,0.0,1.0,0.25901639344262295,0.25901639344262295,1.0,0.4,0.4,73.92201705263342,84.9864770312091,159.59618325390366,171.70334844532877,196.30318087998506,0.0,38.123896261754055,0.09526411657559199,1260,9
717,final_refine_0p5m,0.5,685.5,437.0,812.9448013241736,1.0,1.0,0.0,1.0,0.2600312256049961,0.2600312256049961,1.0,0.36507936507936506,0.36507936507936506,72.51070782787592,85.67927397496422,163.79112146824343,176.71023858099772,204.61990367408492,0.0,39.30219314448168,0.09141295862607338,1260,9
718,final_refine_0p5m,0.5,686.5,435.5,812.983702173666,1.0,1.0,0.0,1.0,0.2617486338797814,0.2617486338797814,1.0,0.36666666666666664,0.36666666666666664,72.46740967084384,85.71810251565216,163.97509866958558,176.94207672250016,204.96267285147093,0.0,39.34869926621941,0.09078844652615145,1260,9
719,final_refine_0p5m,0.5,685.0,438.0,813.0614982890286,1.0,1.0,0.0,1.0,0.25917252146760345,0.25917252146760345,1.0,0.36428571428571427,0.36428571428571427,72.51806619558664,85.63449545836058,163.6271711941117,176.51139516687076,204.3410114513812,0.0,39.26582871301208,0.09203747072599532,1260,9
720,final_refine_0p5m,0.5,686.0,436.5,813.0979338308516,1.0,1.0,0.0,1.0,0.2608899297423888,0.2608899297423888,1.0,0.36587301587301585,0.36587301587301585,72.47460956496299,85.67275767409492,163.80975588715052,176.7415428602609,204.68137444484498,0.0,39.312214249663754,0.09078844652615145,1260,9
721,final_refine_0p5m,0.5,685.5,437.5,813.2136865547702,1.0,1.0,0.0,1.0,0.2600312256049961,0.2600312256049961,1.0,0.36507936507936506,0.36507936507936506,72.48195111289327,85.62782284421834,163.6454391714435,176.5422463182993,204.40181809441813,0.0,39.27582023232275,0.09141295862607338,1260,9
722,final_refine_0p5m,0.5,686.5,436.0,813.251652319256,1.0,1.0,0.0,1.0,0.2617486338797814,0.2617486338797814,1.0,0.36666666666666664,0.36666666666666664,72.43850796113797,85.66630743215666,163.82851883106537,176.7730110000104,204.74309715295982,0.0,39.32223445186751,0.09078844652615145,1260,9
723,final_refine_0p5m,0.5,685.0,438.5,813.3309596959899,1.0,1.0,0.0,1.0,0.25917252146760345,0.25917252146760345,1.0,0.36428571428571427,0.36428571428571427,72.48943337502298,85.58329696349439,163.48214093723055,176.34417769041752,204.12398986346795,0.0,39.2395169720119,0.09203747072599532,1260,9
724,final_refine_0p5m,0.5,686.0,437.0,813.3664610739737,1.0,1.0,0.0,1.0,0.2608899297423888,0.2608899297423888,1.0,0.36587301587301585,0.36587301587301585,72.4458326793157,85.62121896420008,163.66383447460495,176.57325979243288,204.46287427133896,0.0,39.28581089848398,0.09078844652615145,1260,9
725,final_refine_0p5m,0.5,685.5,438.0,813.4827902297626,1.0,1.0,0.0,1.0,0.2600312256049961,0.2600312256049961,1.0,0.36507936507936506,0.36507936507936506,72.45329831287681,85.57653869556886,163.50017163954794,176.37474032510218,204.18438531612813,0.0,39.249478141253476,0.09141295862607338,1260,9
726,final_refine_0p5m,0.5,686.5,436.5,813.5198215163537,1.0,1.0,0.0,1.0,0.2617486338797814,0.2617486338797814,1.0,0.36666666666666664,0.36666666666666664,72.40971087716746,85.61468012918922,163.68235756196236,176.60443619086064,204.5241809563245,0.0,39.29580063609351,0.09078844652615145,1260,9
727,final_refine_0p5m,0.5,685.0,439.0,813.6006391344589,1.0,1.0,0.0,1.0,0.25917252146760345,0.25917252146760345,1.0,0.36428571428571427,0.36428571428571427,72.46090392852311,85.53226377223967,163.33752278339804,176.17744324590657,203.90761643391855,0.0,39.213235938650506,0.09203747072599532,1260,9
728,final_refine_0p5m,0.5,686.0,437.5,813.6352069570245,1.0,1.0,0.0,1.0,0.2608899297423888,0.2608899297423888,1.0,0.36587301587301585,0.36587301587301585,72.41715987267212,85.56984651029032,163.51832893464262,176.4054643562977,204.24502888927316,0.0,39.25943843170318,0.09078844652615145,1260,9
729,final_refine_0p5m,0.5,685.5,438.5,813.7521121324356,1.0,1.0,0.0,1.0,0.2600312256049961,0.2600312256049961,1.0,0.36507936507936506,0.36507936507936506,72.4247490494812,85.52542025322327,163.35531730789106,176.20771871274866,203.96760266577263,0.0,39.223166820901326,0.09141295862607338,1260,9
730,final_refine_0p5m,0.5,686.5,437.0,813.7882095484058,1.0,1.0,0.0,1.0,0.2617486338797814,0.2617486338797814,1.0,0.36666666666666664,0.36666666666666664,72.38101803667794,85.56322089255576,163.5366132776458,176.43635038138035,204.3059215502425,0.0,39.269397768106224,0.09078844652615145,1260,9
731,final_refine_0p5m,0.5,685.0,439.5,813.8705363876985,1.0,1.0,0.0,1.0,0.25917252146760345,0.25917252146760345,1.0,0.36428571428571427,0.36428571428571427,72.43247748056456,85.48139613026235,163.1933151816598,176.01118996183226,203.69188851514508,0.0,39.1869855628196,0.09203747072599532,1260,9
732,final_refine_0p5m,0.5,686.0,438.0,813.9041712634233,1.0,1.0,0.0,1.0,0.2608899297423888,0.2608899297423888,1.0,0.36587301587301585,0.36587301587301585,72.38859076564327,85.51864017683177,163.37323769657237,176.23815465562507,204.02783561364848,0.0,39.233096798796524,0.09141295862607338,1260,9
733,refine_50m,50.0,150.0,800.0,813.9410298049853,0.2462919594067135,0.8825136612021858,0.0,0.2462919594067135,0.06830601092896176,0.06830601092896176,0.49206349206349204,0.23333333333333334,0.23333333333333334,48.04042514473882,48.61467715060827,66.20127488386107,68.80100497675983,72.4016365950154,0.0,23.16588838000477,0.03731459797033568,1260,9
734,refine_50m,50.0,600.0,550.0,813.9410298049853,1.0,1.0,0.0,1.0,0.226775956284153,0.226775956284153,1.0,0.43333333333333335,0.43333333333333335,77.34888398355167,85.72493092501755,156.88264435374435,167.8446848293102,188.7106046413793,0.0,36.92119948927778,0.10106687483736664,1260,9
735,final_refine_0p5m,0.5,685.5,439.0,814.0216520461848,1.0,1.0,0.0,1.0,0.2600312256049961,0.2600312256049961,1.0,0.36507936507936506,0.36507936507936506,72.39630294615364,85.47446602625783,163.21087461956162,176.04117960225184,203.75146748435986,0.0,39.196886221006366,0.09141295862607338,1260,9
736,final_refine_0p5m,0.5,685.0,440.0,814.1406512390841,1.0,1.0,0.0,1.0,0.25917252146760345,0.25917252146760345,1.0,0.36428571428571427,0.36428571428571427,72.40415365740192,85.4306928726943,163.0495165887401,175.8454159762441,203.47680347383286,0.0,39.16076579452262,0.09203747072599532,1260,9
737,final_refine_0p5m,0.5,686.0,438.5,814.1733537767003,1.0,1.0,0.0,1.0,0.2608899297423888,0.2608899297423888,1.0,0.36587301587301585,0.36587301587301585,72.36012498064137,85.46759942811678,163.22855919750486,176.0713288039039,203.8112917739985,0.0,39.20678594935227,0.09141295862607338,1260,9
738,final_refine_0p5m,0.5,687.0,437.0,814.2100466095957,1.0,1.0,0.0,1.0,0.2617486338797814,0.2617486338797814,1.0,0.36666666666666664,0.36666666666666664,72.3162639124061,85.50528294193981,163.40945787639188,176.29951034516608,204.1490455046872,0.0,39.252953740638006,0.09016393442622951,1260,9
739,final_refine_0p5m,0.5,685.5,439.5,814.2914097545178,1.0,1.0,0.0,1.0,0.2600312256049961,0.2600312256049961,1.0,0.36507936507936506,0.36507936507936506,72.36795962812286,85.42367598006498,163.0668420253738,175.87512112423207,203.53597712724897,0.0,39.17063629142091,0.09141295862607338,1260,9
740,final_refine_0p5m,0.5,685.0,440.5,814.4109834721042,1.0,1.0,0.0,1.0,0.25917252146760345,0.25917252146760345,1.0,0.36428571428571427,0.36428571428571427,72.37593208705492,85.38015298418149,162.90612546899476,175.68011943669308,203.26235869084348,0.0,39.13457658387446,0.09203747072599532,1260,9
741,final_refine_0p5m,0.5,686.0,439.0,814.4427542804958,1.0,1.0,0.0,1.0,0.2608899297423888,0.2608899297423888,1.0,0.36587301587301585,0.36587301587301585,72.33176214186781,85.41672465600801,163.08429188231852,175.90498492428054,203.59539471430358,0.0,39.18050583307136,0.09141295862607338,1260,9
742,final_refine_2m,2.0,658.0,480.0,814.4716078538281,1.0,1.0,0.0,1.0,0.25735102784283115,0.25735102784283115,1.0,0.39365079365079364,0.39365079365079364,73.67610042344327,84.76340634630401,159.14646775073362,171.23761679692842,195.7331681840751,0.0,38.05707727384618,0.0940671350507416,1260,9
743,final_refine_0p5m,0.5,687.0,437.5,814.4785141426383,1.0,1.0,0.0,1.0,0.2617486338797814,0.2617486338797814,1.0,0.36666666666666664,0.36666666666666664,72.287758684986,85.45406835318818,163.26430557068093,176.1321082499427,203.9316801348464,0.0,39.22658231622669,0.09016393442622951,1260,9
744,final_refine_0p5m,0.5,685.5,440.0,814.5613850410539,1.0,1.0,0.0,1.0,0.2600312256049961,0.2600312256049961,1.0,0.36507936507936506,0.36507936507936506,72.3397187223914,85.37304980953269,162.9232179838143,175.70954141884656,203.32112896405286,0.0,39.14441698210916,0.09141295862607338,1260,9
745,final_refine_0p5m,0.5,685.0,441.0,814.6815328703603,1.0,1.0,0.0,1.0,0.25917252146760345,0.25917252146760345,1.0,0.36428571428571427,0.36428571428571427,72.34781239929518,85.32977487979305,162.76314029436494,175.51529850014882,203.04855156111853,0.0,39.10841788110109,0.09203747072599532,1260,9
746,final_refine_0p5m,0.5,687.0,438.0,814.7472000565574,1.0,1.0,0.0,1.0,0.2617486338797814,0.2617486338797814,1.0,0.36666666666666664,0.36666666666666664,72.25935672694894,85.40301994365494,163.11956664164651,175.9651908230822,203.71496548287604,0.0,39.20024175091923,0.09078844652615145,1260,9
747,final_refine_0p5m,0.5,685.5,440.5,814.8315776895247,1.0,1.0,0.0,1.0,0.2600312256049961,0.2600312256049961,1.0,0.36507936507936506,0.36507936507936506,72.3115798577213,85.32258730795019,162.78000096099169,175.54443863573917,203.10692037855065,0.0,39.118228243146866,0.09203747072599532,1260,9
748,final_refine_0p5m,0.5,686.5,439.0,814.8639456989124,1.0,1.0,0.0,1.0,0.2608899297423888,0.2608899297423888,1.0,0.36587301587301585,0.36587301587301585,72.2672815279017,85.35904225714472,162.95777457078367,175.76885920942513,203.43939811779637,0.0,39.16409476217838,0.09078844652615145,1260,9
749,final_refine_0p5m,0.5,685.0,441.5,814.9522992175677,1.0,1.0,0.0,1.0,0.25917252146760345,0.25917252146760345,1.0,0.36428571428571427,0.36428571428571427,72.31979422564447,85.27955906307133,162.62055954433345,175.3509513329625,202.83537949359646,0.0,39.08228963653918,0.09203747072599532,1260,9
750,final_refine_0p5m,0.5,687.0,438.5,815.0161041353723,1.0,1.0,0.0,1.0,0.2617486338797814,0.2617486338797814,1.0,0.36666666666666664,0.36666666666666664,72.23105766222118,85.35213732078245,162.97523952997528,175.79875618235178,203.4988988842735,0.0,39.17393199422649,0.09078844652615145,1260,9
751,final_refine_0p5m,0.5,685.5,441.0,815.1019874837749,1.0,1.0,0.0,1.0,0.2600312256049961,0.2600312256049961,1.0,0.36507936507936506,0.36507936507936506,72.28354266462824,85.27228822912184,162.63718943058697,175.37981093396905,202.8933487685851,0.0,39.09207002472092,0.09203747072599532,1260,9
752,final_refine_0p5m,0.5,686.5,439.5,815.1334246612637,1.0,1.0,0.0,1.0,0.2608899297423888,0.2608899297423888,1.0,0.36587301587301585,0.36587301587301585,72.23910423428886,85.30840887887177,162.8140917154506,175.6031900350567,203.2243825060741,0.0,39.137845875229964,0.09078844652615145,1260,9
753,final_refine_0p5m,0.5,685.0,442.0,815.2232822975556,1.0,1.0,0.0,1.0,0.25917252146760345,0.25917252146760345,1.0,0.36428571428571427,0.36428571428571427,72.29187719935543,85.22950491894035,162.47838170587588,175.1870761108015,202.6228399110966,0.0,39.05619180063581,0.09203747072599532,1260,9
754,final_refine_0p5m,0.5,687.0,439.0,815.2852261632122,1.0,1.0,0.0,1.0,0.2617486338797814,0.2617486338797814,1.0,0.36666666666666664,0.36666666666666664,72.2028611165077,85.30141917006199,162.83132268409125,175.63280245515082,203.2834776889194,0.0,39.14765299577227,0.09078844652615145,1260,9
755,final_refine_0p5m,0.5,686.5,440.0,815.4031211615516,1.0,1.0,0.0,1.0,0.2608899297423888,0.2608899297423888,1.0,0.36587301587301585,0.36587301587301585,72.21102892844499,85.2579397600477,162.67081650116873,175.4379985825663,203.01000772245527,0.0,39.111627633700095,0.09078844652615145,1260,9
756,final_refine_0p5m,0.5,685.0,442.5,815.4944818942677,1.0,1.0,0.0,1.0,0.25917252146760345,0.25917252146760345,1.0,0.36428571428571427,0.36428571428571427,72.26406095540743,85.17961253482511,162.33660527340913,175.0236710185782,202.4109302502464,0.0,39.030124323948066,0.09203747072599532,1260,9
757,final_refine_0p5m,0.5,686.0,441.0,815.5225318775687,1.0,1.0,0.0,1.0,0.2600312256049961,0.2600312256049961,1.0,0.36507936507936506,0.36507936507936506,72.21933279511725,85.2148594879123,162.51130362664327,175.24439192404742,202.7382216541231,0.0,39.07569169752505,0.09141295862607338,1260,9
758,final_refine_0p5m,0.5,687.0,439.5,815.5545659243163,1.0,1.0,0.0,1.0,0.2617486338797814,0.2617486338797814,1.0,0.36666666666666664,0.36666666666666664,72.17476671728939,85.25086424724114,162.68781456011453,175.46732777844383,203.06869926101092,0.0,39.121404705292896,0.09078844652615145,1260,9
759,final_refine_0p5m,0.5,686.5,440.5,815.6730349839941,1.0,1.0,0.0,1.0,0.2608899297423888,0.2608899297423888,1.0,0.36587301587301585,0.36587301587301585,72.18305524062028,85.20763386480166,162.52794739754535,175.27328300578904,202.79627115654074,0.0,39.085439987587264,0.09141295862607338,1260,9
760,final_refine_0p5m,0.5,685.0,443.0,815.7658977917623,1.0,1.0,0.0,1.0,0.25917252146760345,0.25917252146760345,1.0,0.36428571428571427,0.36428571428571427,72.23634513049561,85.12988109556515,162.19522874876156,174.86073425040942,202.19964796137987,0.0,39.00408715714273,0.09266198282591726,1260,9
761,final_refine_0p5m,0.5,686.0,441.5,815.7930190924657,1.0,1.0,0.0,1.0,0.2600312256049961,0.2600312256049961,1.0,0.36507936507936506,0.36507936507936506,72.19147911240263,85.16479887297464,162.36906917211874,175.08043008565073,202.52551915210697,0.0,39.049564496495,0.09141295862607338,1260,9
762,final_refine_0p5m,0.5,687.0,440.0,815.8241232030344,1.0,1.0,0.0,1.0,0.2617486338797814,0.2617486338797814,1.0,0.36666666666666664,0.36666666666666664,72.14677409380705,85.20047232834999,162.54471362180158,175.30233029871482,202.85456097894064,0.0,39.09518707263692,0.09078844652615145,1260,9
763,final_refine_0p5m,0.5,686.5,441.0,815.9431659129207,1.0,1.0,0.0,1.0,0.2608899297423888,0.2608899297423888,1.0,0.36587301587301585,0.36587301587301585,72.15518280281019,85.157490223975,162.38548288175375,175.10904146794937,202.58317021196297,0.0,39.059282887001345,0.09141295862607338,1260,9
764,final_refine_0p5m,0.5,686.0,442.0,816.0637230020704,1.0,1.0,0.0,1.0,0.2600312256049961,0.2600312256049961,1.0,0.36507936507936506,0.36507936507936506,72.16372615812242,85.11490060591254,162.22723673095743,174.91693915752668,202.31344779156103,0.0,39.02346772918098,0.09141295862607338,1260,9
765,final_refine_2m,2.0,660.0,480.0,816.0882305241266,1.0,1.0,0.0,1.0,0.25506115014311737,0.25506115014311737,1.0,0.38492063492063494,0.38492063492063494,73.43104389271917,84.5425471513024,158.69761766867472,170.77273010585108,195.16423204434938,0.0,37.99045423945373,0.09443143377569607,1260,9
766,final_refine_0p5m,0.5,687.0,440.5,816.0938977838273,1.0,1.0,0.0,1.0,0.2617486338797814,0.2617486338797814,1.0,0.36666666666666664,0.36666666666666664,72.11888287705379,85.15024306577605,162.4020183405106,175.1378081718831,202.64106023521444,0.0,39.06900004776474,0.09078844652615145,1260,9
767,final_refine_0p5m,0.5,685.5,443.0,816.1857937994265,1.0,1.0,0.0,1.0,0.25917252146760345,0.25917252146760345,1.0,0.36428571428571427,0.36428571428571427,72.17240327907597,85.07270347081867,162.0699679694843,174.72601444796777,202.04538052793245,0.0,38.98774136399095,0.09203747072599532,1260,9
768,final_refine_0p5m,0.5,686.5,441.5,816.2135137327732,1.0,1.0,0.0,1.0,0.2608899297423888,0.2608899297423888,1.0,0.36587301587301585,0.36587301587301585,72.12741124874428,85.10750713049521,162.24342143846715,174.94527214162574,202.37070230629348,0.0,39.03315628216327,0.09141295862607338,1260,9
769,final_refine_0p5m,0.5,686.0,442.5,816.3346433908094,1.0,1.0,0.0,1.0,0.2600312256049961,0.2600312256049961,1.0,0.36507936507936506,0.36507936507936506,72.13607356871934,85.06516307661686,162.08580480101136,174.75391732869892,202.10200501480801,0.0,38.99740134606297,0.09141295862607338,1260,9
770,final_refine_0p5m,0.5,687.0,441.0,816.3638894512667,1.0,1.0,0.0,1.0,0.2617486338797814,0.2617486338797814,1.0,0.36666666666666664,0.36666666666666664,72.09109269976545,85.10017618950117,162.25972719515326,174.97375956326553,202.42819443635884,0.0,39.04284358074825,0.09078844652615145,1260,9
771,final_refine_0p5m,0.5,685.5,443.5,816.4572860842139,1.0,1.0,0.0,1.0,0.25917252146760345,0.25917252146760345,1.0,0.36428571428571427,0.36428571428571427,72.14486896220554,85.02320781342183,161.9291612684104,174.56373486443758,201.83495524899226,0.0,38.96173500491756,0.09203747072599532,1260,9
772,final_refine_0p5m,0.5,686.5,442.0,816.484078228106,1.0,1.0,0.0,1.0,0.2608899297423888,0.2608899297423888,1.0,0.36587301587301585,0.36587301587301585,72.09974021388113,85.05768504889677,162.1017615598376,174.7819732086636,202.15886487093692,0.0,39.00706012340465,0.09141295862607338,1260,9
773,final_refine_0p5m,0.5,686.0,443.0,816.6057800432226,1.0,1.0,0.0,1.0,0.2600312256049961,0.2600312256049961,1.0,0.36507936507936506,0.36507936507936506,72.10852098234037,85.01558532630617,161.94477188751637,174.59136279736308,201.89118827784014,0.0,38.97136529773087,0.09203747072599532,1260,9
774,final_refine_0p5m,0.5,687.0,441.5,816.6340979900361,1.0,1.0,0.0,1.0,0.2617486338797814,0.2617486338797814,1.0,0.36666666666666664,0.36666666666666664,72.06340319640942,85.05027159198828,162.11783867213475,174.8101826475039,202.215961002813,0.0,39.016717621770475,0.09078844652615145,1260,9
775,final_refine_0p5m,0.5,685.5,444.0,816.728994220237,1.0,1.0,0.0,1.0,0.25917252146760345,0.25917252146760345,1.0,0.36428571428571427,0.36428571428571427,72.1174341362299,84.9738722053068,161.78875105839836,174.40191951116228,201.62515162278498,0.0,38.93575886981737,0.09203747072599532,1260,9
776,final_refine_0p5m,0.5,686.5,442.5,816.7548591835864,1.0,1.0,0.0,1.0,0.2608899297423888,0.2608899297423888,1.0,0.36587301587301585,0.36587301587301585,72.072169335389,85.008023440033,161.96050174542913,174.6191428601395,201.94765535106833,0.0,38.98099436116746,0.09141295862607338,1260,9
777,final_refine_0p5m,0.5,686.0,443.5,816.8771327439641,1.0,1.0,0.0,1.0,0.2600312256049961,0.2600312256049961,1.0,0.36507936507936506,0.36507936507936506,72.08106803883693,84.96616620176239,161.8041365030511,174.42927377083123,201.68099505024892,0.0,38.94535953488411,0.09203747072599532,1260,9
778,final_refine_0p5m,0.5,687.0,442.0,816.9045231849313,1.0,1.0,0.0,1.0,0.2617486338797814,0.2617486338797814,1.0,0.36666666666666664,0.36666666666666664,72.03581400317259,85.00052785304072,161.97635126532418,174.6470756085104,202.00435736884904,0.0,38.99062212112524,0.09078844652615145,1260,9
779,final_refine_0p5m,0.5,685.5,444.5,817.0009179921403,1.0,1.0,0.0,1.0,0.25917252146760345,0.25917252146760345,1.0,0.36428571428571427,0.36428571428571427,72.09009844365146,84.92469512062249,161.6487358648818,174.2405666115058,201.41596714300277,0.0,38.909812909645865,0.09203747072599532,1260,9
780,final_refine_0p5m,0.5,686.5,443.0,817.0258563839948,1.0,1.0,0.0,1.0,0.2608899297423888,0.2608899297423888,1.0,0.36587301587301585,0.36587301587301585,72.04469825214652,84.95852231246167,161.81964050218178,174.4567792962906,201.73707120551052,0.0,38.954958946003636,0.09141295862607338,1260,9
781,final_refine_0p5m,0.5,686.0,444.0,817.148701277803,1.0,1.0,0.0,1.0,0.2600312256049961,0.2600312256049961,1.0,0.36507936507936506,0.36507936507936506,72.0537143797449,84.91690600592791,161.6638971674772,174.26764846547945,201.4714228151042,0.0,38.919384008331356,0.09203747072599532,1260,9
782,final_refine_0p5m,0.5,687.0,442.5,817.1751648208602,1.0,1.0,0.0,1.0,0.2617486338797814,0.2617486338797814,1.0,0.36666666666666664,0.36666666666666664,72.00832475795707,84.95094375590807,161.8352634760036,174.48443663940316,201.7933809824825,0.0,38.96455702921684,0.09078844652615145,1260,9
783,final_refine_0p5m,0.5,686.5,443.5,817.2970696142254,1.0,1.0,0.0,1.0,0.2608899297423888,0.2608899297423888,1.0,0.36587301587301585,0.36587301587301585,72.01732660472481,84.90918102053114,161.67917634436586,174.2948807264527,201.52710990665776,0.0,38.92895382857482,0.09141295862607338,1260,9
784,final_refine_0p5m,0.5,686.0,444.5,817.4204854296227,1.0,1.0,0.0,1.0,0.2600312256049961,0.2600312256049961,1.0,0.36507936507936506,0.36507936507936506,72.02645964828388,84.86780413957585,161.5240524079156,174.1064851066728,201.26246906889446,0.0,38.8934386689901,0.09203747072599532,1260,9
785,final_refine_0p5m,0.5,686.5,444.0,817.5684986592867,1.0,1.0,0.0,1.0,0.2608899297423888,0.2608899297423888,1.0,0.36587301587301585,0.36587301587301585,71.99005403538284,84.85999843606314,161.5391077935387,174.13344536902068,201.3177689403829,0.0,38.90297895965191,0.09141295862607338,1260,9
786,final_refine_0p5m,0.5,687.5,442.5,817.5955601640703,1.0,1.0,0.0,1.0,0.2617486338797814,0.2617486338797814,1.0,0.36666666666666664,0.36666666666666664,71.94453984835633,84.89391963183007,161.7100899920714,174.3497986641867,201.6391819034423,0.0,38.94808933803331,0.09078844652615145,1260,9
787,final_refine_1m,1.0,686.0,445.0,817.6924849844224,1.0,1.0,0.0,1.0,0.2600312256049961,0.2600312256049961,1.0,0.36507936507936506,0.36507936507936506,71.99930348933975,84.8188608555768,161.38460075868522,173.94578192873394,201.0541313214173,0.0,38.86752346788641,0.09203747072599532,1260,9
788,final_refine_2m,2.0,662.0,480.0,817.7065488303246,1.0,1.0,0.0,1.0,0.2546448087431694,0.2546448087431694,1.0,0.38333333333333336,0.38333333333333336,73.18684799146904,84.32280250747513,158.24963301783305,170.30868833001568,194.59637221060842,0.0,37.92348396396873,0.09557637262555295,1260,9
789,final_refine_0p5m,0.5,686.5,444.5,817.8401433043013,1.0,1.0,0.0,1.0,0.2608899297423888,0.2608899297423888,1.0,0.36587301587301585,0.36587301587301585,71.96288018805593,84.81097301438217,161.39943337849607,173.9724714513733,201.10904580595724,0.0,38.877034290114814,0.09141295862607338,1260,9
790,final_refine_0p5m,0.5,687.5,443.0,817.8662788011253,1.0,1.0,0.0,1.0,0.2617486338797814,0.2617486338797814,1.0,0.36666666666666664,0.36666666666666664,71.91723153888648,84.84457253777659,161.56957181877812,174.18781673359842,201.42906257181932,0.0,38.92205533725854,0.09078844652615145,1260,9
791,final_refine_0p5m,0.5,687.5,443.5,818.1372134306079,1.0,1.0,0.0,1.0,0.2617486338797814,0.2617486338797814,1.0,0.36666666666666664,0.36666666666666664,71.89002225158647,84.79538418724071,161.42944984450534,174.02629877636187,201.21956476280593,0.0,38.896051658390014,0.09078844652615145,1260,9
792,final_refine_1m,1.0,686.0,446.0,818.2371294435372,1.0,1.0,0.0,1.0,0.2600312256049961,0.2600312256049961,1.0,0.36507936507936506,0.36507936507936506,71.94528547685228,84.72144572638243,161.1068709642606,173.62574909712083,200.63929392791235,0.0,38.81578328503647,0.09203747072599532,1260,9
793,final_refine_0p5m,0.5,687.0,444.5,818.2598914770294,1.0,1.0,0.0,1.0,0.2608899297423888,0.2608899297423888,1.0,0.36587301587301585,0.36587301587301585,71.89936007470051,84.75419746243605,161.2748787760323,173.83852564340646,200.955697348733,0.0,38.86059976088325,0.09141295862607338,1260,9
794,final_refine_0p5m,0.5,687.5,444.0,818.4083638380048,1.0,1.0,0.0,1.0,0.2617486338797814,0.2617486338797814,1.0,0.36666666666666664,0.36666666666666664,71.862911630155,84.7463531662677,161.2897225941847,173.86524301489814,201.0106859678553,0.0,38.870078252124245,0.09078844652615145,1260,9
795,final_refine_1m,1.0,687.0,445.0,818.5316120957089,1.0,1.0,0.0,1.0,0.2608899297423888,0.2608899297423888,1.0,0.36587301587301585,0.36587301587301585,71.87236519734495,84.7054065415705,161.1357668495636,173.67820023887882,200.7478193948274,0.0,38.83468597256455,0.09141295862607338,1260,9
796,final_refine_0p5m,0.5,687.5,444.5,818.6797298089161,1.0,1.0,0.0,1.0,0.2617486338797814,0.2617486338797814,1.0,0.36666666666666664,0.36666666666666664,71.83589931996175,84.69747986426708,161.15038859996034,173.70464768059585,200.80242369179047,0.0,38.844135069266905,0.09078844652615145,1260,9
797,final_refine_1m,1.0,686.0,447.0,818.7826329374604,1.0,1.0,0.0,1.0,0.25917252146760345,0.25917252146760345,1.0,0.36428571428571427,0.36428571428571427,71.89165753442984,84.62465249078414,160.83069620119153,173.33620319543186,200.2268909759652,0.0,38.7641630701476,0.09203747072599532,1260,9
798,final_refine_1m,1.0,687.0,446.0,819.0756985773659,1.0,1.0,0.0,1.0,0.2608899297423888,0.2608899297423888,1.0,0.36587301587301585,0.36587301587301585,71.81866852475854,84.60829287052233,160.85871388336133,173.3718421372752,200.33389768568915,0.0,38.782948687482616,0.09141295862607338,1260,9
799,final_refine_0p5m,0.5,688.0,444.5,819.0996581613254,1.0,1.0,0.0,1.0,0.2617486338797814,0.2617486338797814,1.0,0.36666666666666664,0.36666666666666664,71.77249793559697,84.64082053982702,161.02596284973774,173.5708375607906,200.64922482971224,0.0,38.82764020334573,0.09078844652615145,1260,9
800,final_refine_2m,2.0,664.0,480.0,819.3265527248583,1.0,1.0,0.0,1.0,0.2546448087431694,0.2546448087431694,1.0,0.38333333333333336,0.38333333333333336,72.94351325276443,84.10388942966654,157.8025138122927,169.8454914308765,194.02958843670302,0.0,37.85609048192676,0.09672131147540984,1260,9
801,final_refine_1m,1.0,686.0,448.0,819.3289937503738,1.0,1.0,0.0,1.0,0.25917252146760345,0.25917252146760345,1.0,0.36428571428571427,0.36428571428571427,71.83841688034002,84.52847939921665,160.55606499896743,173.05600849553656,199.8169030144354,0.0,38.71266243530081,0.09203747072599532,1260,9
802,final_refine_1m,1.0,688.0,445.0,819.3711002958305,1.0,1.0,0.0,1.0,0.2617486338797814,0.2617486338797814,1.0,0.36666666666666664,0.36666666666666664,71.74566403212404,84.59218058440138,160.88719028950325,173.4108895323391,200.441806184174,0.0,38.80172802357255,0.09078844652615145,1260,9
803,final_refine_1m,1.0,687.0,447.0,819.6206439567027,1.0,1.0,0.0,1.0,0.2608899297423888,0.2608899297423888,1.0,0.36587301587301585,0.36587301587301585,71.7653603006082,84.51180107619278,160.58321248072932,173.0907992599909,199.92240525069914,0.0,38.73133146613143,0.09141295862607338,1260,9
804,final_refine_1m,1.0,686.0,449.0,819.87621016834,1.0,1.0,0.0,1.0,0.25917252146760345,0.25917252146760345,1.0,0.36428571428571427,0.36428571428571427,71.78556075867971,84.43292310692276,160.28296599820052,172.77726665342314,199.4093107969246,0.0,38.6612809942814,0.09266198282591726,1260,9
805,final_refine_1m,1.0,688.0,446.0,819.9146297023856,1.0,1.0,0.0,1.0,0.2617486338797814,0.2617486338797814,1.0,0.36666666666666664,0.36666666666666664,71.69228808583208,84.49536853075247,160.61081344151418,173.12605269924296,200.02879919380922,0.0,38.74999402648437,0.09078844652615145,1260,9
806,refine_50m,50.0,650.0,500.0,820.0609733428363,1.0,1.0,0.0,1.0,0.23702836325787147,0.23702836325787147,1.0,0.3753968253968254,0.3753968253968254,73.69034030681102,84.00745167609922,156.52483175065433,168.20825756903835,191.02844302582804,0.0,37.38709193890553,0.0994535519125683,1260,9
807,final_refine_1m,1.0,687.0,448.0,820.1664465216801,1.0,1.0,0.0,1.0,0.2608899297423888,0.2608899297423888,1.0,0.36587301587301585,0.36587301587301585,71.7124377543615,84.41592934713555,160.30925119726044,172.8112163673757,199.51332268182162,0.0,38.67983392000158,0.09203747072599532,1260,9
808,final_refine_1m,1.0,686.0,450.0,820.4242804793139,1.0,1.0,0.0,1.0,0.25917252146760345,0.25917252146760345,1.0,0.36428571428571427,0.36428571428571427,71.73308643908146,84.3379753566738,160.01138794929918,172.4999677263256,199.0040952791142,0.0,38.610018362568475,0.09266198282591726,1260,9
809,final_refine_1m,1.0,688.0,447.0,820.4590178674374,1.0,1.0,0.0,1.0,0.2617486338797814,0.2617486338797814,1.0,0.36666666666666664,0.36666666666666664,71.63929896873606,84.39917881323622,160.33598469334842,172.8456239588839,199.61821631654664,0.0,38.6983801871785,0.09078844652615145,1260,9
810,final_refine_1m,1.0,687.0,449.0,820.713104562124,1.0,1.0,0.0,1.0,0.2608899297423888,0.2608899297423888,1.0,0.36587301587301585,0.36587301587301585,71.6598981412145,84.32067003775938,160.0368186994153,172.53308344639723,199.1066307753102,0.0,38.628455662291145,0.09203747072599532,1260,9
811,final_refine_2m,2.0,666.0,480.0,820.9482322290487,1.0,1.0,0.0,1.0,0.2546448087431694,0.2546448087431694,1.0,0.38333333333333336,0.38333333333333336,72.70104021165349,83.88580802313726,157.3562600701249,169.38313937346453,193.46388048057145,0.0,37.78827316187197,0.09864689045016914,1260,9
812,final_refine_1m,1.0,686.0,451.0,820.9732029731543,1.0,1.0,0.0,1.0,0.25917252146760345,0.25917252146760345,1.0,0.36428571428571427,0.36428571428571427,71.68099121642608,84.24363384139679,159.7413197111387,172.22410186106592,198.60123761609663,0.0,38.558874157324475,0.09266198282591726,1260,9
813,final_refine_1m,1.0,688.0,448.0,821.00426308272,1.0,1.0,0.0,1.0,0.2617486338797814,0.2617486338797814,1.0,0.36666666666666664,0.36666666666666664,71.58669392149095,84.30360593641684,160.062692626668,172.56665229980024,199.2100381874082,0.0,38.64688611656575,0.09141295862607338,1260,9
814,final_refine_1m,1.0,687.0,450.0,821.2606163697368,1.0,1.0,0.0,1.0,0.2600312256049961,0.2600312256049961,1.0,0.36507936507936506,0.36507936507936506,71.6077387418033,84.22601893960048,159.76590376318384,172.25639057441592,198.70231052899936,0.0,38.57719630789515,0.09203747072599532,1260,9
815,final_refine_1m,1.0,686.0,452.0,821.5229759416349,1.0,1.0,0.0,1.0,0.25917252146760345,0.25917252146760345,1.0,0.36428571428571427,0.36428571428571427,71.62927241056332,84.14989627673455,159.47760438682567,171.94965929303166,198.20071915980463,0.0,38.50784799738487,0.09266198282591726,1260,9
816,final_refine_1m,1.0,688.0,449.0,821.5503636418159,1.0,1.0,0.0,1.0,0.2617486338797814,0.2617486338797814,1.0,0.36666666666666664,0.36666666666666664,71.53447021037994,84.20864336786863,159.7909259337427,172.28912772924303,198.8042456452168,0.0,38.59551142726754,0.09141295862607338,1260,9
817,final_refine_1m,1.0,685.0,454.0,821.7913360458359,1.0,1.0,0.0,1.0,0.2574551131928181,0.2574551131928181,1.0,0.3626984126984127,0.3626984126984127,71.65128873719345,84.07521327165206,159.2113811237891,171.64641130970386,197.70516976312797,0.0,38.43883940248787,0.09391100702576112,1260,9
818,final_refine_1m,1.0,687.0,451.0,821.8089802381086,1.0,1.0,0.0,1.0,0.2600312256049961,0.2600312256049961,1.0,0.36507936507936506,0.36507936507936506,71.55595686191674,84.13197418661652,159.49649527276438,171.98112791819418,198.30034313968724,0.0,38.52605547339509,0.09203747072599532,1260,9
819,final_refine_1m,1.0,686.0,453.0,822.073597678456,1.0,1.0,0.0,1.0,0.25831381733021075,0.25831381733021075,1.0,0.3634920634920635,0.3634920634920635,71.57792736602636,84.05675454226143,159.22731933035402,171.67663034518284,197.80252145642783,0.0,38.45693950324783,0.09266198282591726,1260,9
820,final_refine_1m,1.0,688.0,450.0,822.0973178401691,1.0,1.0,0.0,1.0,0.2617486338797814,0.2617486338797814,1.0,0.36666666666666664,0.36666666666666664,71.48262512702911,84.11428934588065,159.52067341610692,172.0130403446849,198.40081972990927,0.0,38.544255733605226,0.09141295862607338,1260,9
821,final_refine_2m,2.0,680.0,462.0,822.0973178401691,1.0,1.0,0.0,1.0,0.25467083008066616,0.25467083008066616,1.0,0.37063492063492065,0.37063492063492065,71.8671096586628,83.90296461521636,158.40715722845195,170.70518118809443,196.07469068789766,0.0,38.19957460691959,0.09765807962529274,1260,9
822,final_refine_1m,1.0,685.0,455.0,822.3442101699263,1.0,1.0,0.0,1.0,0.2574551131928181,0.2574551131928181,1.0,0.3626984126984127,0.3626984126984127,71.60037561416371,83.98296377047424,158.96314828329054,171.3755883428428,197.31068736722995,0.0,38.388161743918715,0.09391100702576112,1260,9
823,final_refine_1m,1.0,687.0,452.0,822.3581944627292,1.0,1.0,0.0,1.0,0.2600312256049961,0.2600312256049961,1.0,0.36507936507936506,0.36507936507936506,71.50454983221509,84.03852939936066,159.24363548112146,171.70728573287096,197.90071000053175,0.0,38.475032777048604,0.09203747072599532,1260,9
824,final_refine_2m,2.0,668.0,480.0,822.5715774326268,1.0,1.0,0.0,1.0,0.23989071038251367,0.23989071038251367,1.0,0.36666666666666664,0.36666666666666664,72.45942940508475,83.66855838885802,156.91087181341913,168.9216321263781,192.89924810426385,0.0,37.720329067135445,0.10039032006245122,1260,9
825,final_refine_1m,1.0,684.0,457.0,822.6208117960547,1.0,1.0,0.0,1.0,0.25573770491803277,0.25573770491803277,1.0,0.3611111111111111,0.3611111111111111,71.62329560638116,83.91058503892299,158.70210468483876,171.07795606395172,196.82474952605378,0.0,38.3197204248048,0.09453551912568306,1260,9
826,final_refine_1m,1.0,686.0,454.0,822.6250664792558,1.0,1.0,0.0,1.0,0.25831381733021075,0.25831381733021075,1.0,0.3634920634920635,0.3634920634920635,71.52695345176376,83.96420564002855,158.97835694408823,171.40500542708708,197.40662624389753,0.0,38.40614829706414,0.0932864949258392,1260,9
827,final_refine_1m,1.0,688.0,451.0,822.6451239750953,1.0,1.0,0.0,1.0,0.2617486338797814,0.2617486338797814,1.0,0.36666666666666664,0.36666666666666664,71.43115598812238,84.02053961293265,159.2603320822342,171.73838033279554,197.99974167992056,0.0,38.49311865158977,0.09141295862607338,1260,9
828,final_refine_1m,1.0,685.0,456.0,822.897928056694,1.0,1.0,0.0,1.0,0.25659640905542547,0.25659640905542547,1.0,0.3619047619047619,0.3619047619047619,71.54982995800977,83.89130243050683,158.71622272538247,171.10615323281112,196.9184763053504,0.0,38.33760053033063,0.09391100702576112,1260,9
829,final_refine_1m,1.0,687.0,453.0,822.9082573409991,1.0,1.0,0.0,1.0,0.2600312256049961,0.2600312256049961,1.0,0.36507936507936506,0.36507936507936506,71.45351500795395,83.94567946096647,158.99393943595166,171.43485436097166,197.5033926985029,0.0,38.42412783877916,0.09203747072599532,1260,9
830,refine_2m,2.0,684.0,458.0,823.1767732388955,1.0,1.0,0.0,1.0,0.25573770491803277,0.25573770491803277,1.0,0.3611111111111111,0.3611111111111111,71.57317343019265,83.819795350254,158.45719051505418,170.810683765599,196.436169886026,0.0,38.269387715826575,0.09453551912568306,1260,9
831,final_refine_1m,1.0,686.0,455.0,823.1773806416209,1.0,1.0,0.0,1.0,0.25831381733021075,0.25831381733021075,1.0,0.3634920634920635,0.3634920634920635,71.4763480608601,83.87224754627556,158.73070811183044,171.13477503392943,197.0130154494242,0.0,38.35547400262707,0.0932864949258392,1260,9
832,final_refine_1m,1.0,688.0,452.0,823.1937803457944,1.0,1.0,0.0,1.0,0.2617486338797814,0.2617486338797814,1.0,0.36666666666666664,0.36666666666666664,71.38006013511892,83.92738666669513,159.00989823176675,171.46513796843672,197.60099292958697,0.0,38.44209979891123,0.09141295862607338,1260,9
833,final_refine_2m,2.0,680.0,464.0,823.2229345687595,1.0,1.0,0.0,1.0,0.2549310434556336,0.2549310434556336,1.0,0.37142857142857144,0.37142857142857144,71.76840115429843,83.72539392850697,157.92672452767926,170.180827879215,195.31488226949475,0.0,38.10015935181509,0.09765807962529274,1260,9
834,final_refine_1m,1.0,685.0,457.0,823.4524880040135,1.0,1.0,0.0,1.0,0.25659640905542547,0.25659640905542547,1.0,0.3619047619047619,0.3619047619047619,71.49964919892834,83.80022122968509,158.47059547877743,170.83809662434084,196.52851883684852,0.0,38.287155389344285,0.09391100702576112,1260,9
835,final_refine_1m,1.0,687.0,454.0,823.4591671722405,1.0,1.0,0.0,1.0,0.2600312256049961,0.2600312256049961,1.0,0.36507936507936506,0.36507936507936506,71.40284976870306,83.85342245022836,158.74556326281348,171.16382423144645,197.10837301187502,0.0,38.373340280165884,0.09266198282591726,1260,9
836,final_refine_1m,1.0,686.0,456.0,823.7305384650978,1.0,1.0,0.0,1.0,0.25831381733021075,0.25831381733021075,1.0,0.3634920634920635,0.3634920634920635,71.4261086102739,83.78087338636736,158.48436379989857,170.86592974558016,196.621671187023,0.0,38.304916245362364,0.0932864949258392,1260,9
837,final_refine_1m,1.0,688.0,453.0,823.7432852533609,1.0,1.0,0.0,1.0,0.2608899297423888,0.2608899297423888,1.0,0.36587301587301585,0.36587301587301585,71.3293349339796,83.83482883009378,158.76079061843078,171.19330361368347,197.20455510659625,0.0,38.39119879492856,0.09141295862607338,1260,9
838,final_refine_1m,1.0,685.0,458.0,824.0078883117563,1.0,1.0,0.0,1.0,0.25659640905542547,0.25659640905542547,1.0,0.3619047619047619,0.3619047619047619,71.44983079055113,83.70971791054076,158.2262576530338,170.57140924513908,196.14079740356323,0.0,38.23682595019,0.09391100702576112,1260,9
839,final_refine_1m,1.0,687.0,455.0,824.0109222577089,1.0,1.0,0.0,1.0,0.2600312256049961,0.2600312256049961,1.0,0.36507936507936506,0.36507936507936506,71.35255151808488,83.76175358151022,158.49849786504464,170.89418585868253,196.71563290773798,0.0,38.32266972443348,0.09266198282591726,1260,9
840,final_refine_1m,1.0,689.0,452.0,824.0297324732888,1.0,1.0,0.0,1.0,0.2617486338797814,0.2617486338797814,1.0,0.36666666666666664,0.36666666666666664,71.25580340778203,83.81646855437187,158.77639264048466,171.2232159934226,197.30156790850384,0.0,38.409048972354434,0.09078844652615145,1260,9
841,final_refine_2m,2.0,670.0,480.0,824.1965784932621,1.0,1.0,0.0,1.0,0.2391881342701015,0.2391881342701015,1.0,0.36428571428571427,0.36428571428571427,72.2186813718198,83.45214062347213,156.46634906829541,168.46096966182026,192.33569107394794,0.0,37.65276799213586,0.1015352589123081,1260,9
842,final_refine_1m,1.0,686.0,457.0,824.2845382512037,1.0,1.0,0.0,1.0,0.25831381733021075,0.25831381733021075,1.0,0.3634920634920635,0.3634920634920635,71.37623254056845,83.69007904911481,158.23931505619086,170.59846022563963,196.23257575514458,0.0,38.254474652318365,0.0932864949258392,1260,9
843,final_refine_1m,1.0,688.0,454.0,824.293637000796,1.0,1.0,0.0,1.0,0.2608899297423888,0.2608899297423888,1.0,0.36587301587301585,0.36587301587301585,71.27897777488849,83.74286297233986,158.51300008197103,170.92286771683698,196.81041002949576,0.0,38.340415260659356,0.09203747072599532,1260,9
844,final_refine_2m,2.0,676.0,472.0,824.4755909061225,1.0,1.0,0.0,1.0,0.24918032786885247,0.24918032786885247,1.0,0.36666666666666664,0.36666666666666664,71.87018655029328,83.47094973035564,156.95232555767993,169.0665458900349,193.50246001148528,0.0,37.83876570260725,0.10140515222482435,1260,9
845,final_refine_1m,1.0,687.0,456.0,824.5635209006035,1.0,1.0,0.0,1.0,0.25917252146760345,0.25917252146760345,1.0,0.36428571428571427,0.36428571428571427,71.30261768349754,83.67066627650861,158.2527342282973,170.62592984157268,196.32515453956998,0.0,38.27211579644218,0.09266198282591726,1260,9
846,final_refine_1m,1.0,685.0,459.0,824.5641272818021,1.0,1.0,0.0,1.0,0.25659640905542547,0.25659640905542547,1.0,0.3619047619047619,0.3619047619047619,71.40037220968455,83.61979029374719,157.9832004376438,170.30608190497884,195.75529462747213,0.0,38.186611843698024,0.09391100702576112,1260,9
847,final_refine_1m,1.0,689.0,453.0,824.5786802967925,1.0,1.0,0.0,1.0,0.2617486338797814,0.2617486338797814,1.0,0.36666666666666664,0.36666666666666664,71.20538723187587,83.72420320978523,158.52787287981238,170.95197809732466,196.90600864284582,0.0,38.35815228163926,0.09078844652615145,1260,9
848,coarse_100m,100.0,-200.0,800.0,824.6211251235321,0.0701535258912308,0.49903721051262034,0.0,0.0701535258912308,0.015300546448087432,0.015300546448087432,0.25873015873015875,0.11666666666666667,0.11666666666666667,46.291314595712954,46.36586245491603,55.78335963612704,58.35832466733868,58.81397329275457,0.0,30.02315907178228,0.0,1260,9
849,refine_50m,50.0,200.0,800.0,824.6211251235321,0.2801977621649753,0.945719489981785,0.0,0.2801977621649753,0.08384074941451991,0.08384074941451991,0.5253968253968254,0.2642857142857143,0.2642857142857143,49.06957016158422,49.06671926270574,67.91054659971802,70.50182193575603,74.43395516183497,0.0,22.393165089555534,0.049752797293780904,1260,9
850,final_refine_1m,1.0,686.0,458.0,824.8393783034368,1.0,1.0,0.0,1.0,0.25831381733021075,0.25831381733021075,1.0,0.3634920634920635,0.3634920634920635,71.32671731565148,83.59986245600533,157.99555300927355,170.33235722050912,195.84571163427373,0.0,38.204148852156166,0.0932864949258392,1260,9
851,final_refine_1m,1.0,688.0,455.0,824.8448338930177,1.0,1.0,0.0,1.0,0.2608899297423888,0.2608899297423888,1.0,0.36587301587301585,0.36587301587301585,71.22898607198772,83.65148124605248,158.26651754522123,170.65382081146709,196.41853970520972,0.0,38.28974881876974,0.09203747072599532,1260,9
852,final_refine_2m,2.0,678.0,470.0,824.9751511409298,1.0,1.0,0.0,1.0,0.2508977361436378,0.2508977361436378,1.0,0.3682539682539683,0.3682539682539683,71.72272186816384,83.42352180352445,156.96586262455858,169.1064604288731,193.6602109858275,0.0,37.87033252853925,0.09953161592505855,1260,9
853,final_refine_1m,1.0,687.0,457.0,825.1169614060785,1.0,1.0,0.0,1.0,0.25917252146760345,0.25917252146760345,1.0,0.36428571428571427,0.36428571428571427,71.25304571585794,83.58015887930777,158.00826341964094,170.35904686256467,195.93692024484088,0.0,38.22167812267781,0.09266198282591726,1260,9
854,final_refine_1m,1.0,689.0,454.0,825.1284748449783,1.0,1.0,0.0,1.0,0.2617486338797814,0.2617486338797814,1.0,0.36666666666666664,0.36666666666666664,71.1553375573597,83.63252562725977,158.2806674038706,170.6821358775812,196.51273725949903,0.0,38.30737314904631,0.09141295862607338,1260,9
855,final_refine_1m,1.0,686.0,459.0,825.3950569272874,1.0,1.0,0.0,1.0,0.2574551131928181,0.2574551131928181,1.0,0.3626984126984127,0.3626984126984127,71.27756042251816,83.51021864085453,157.75306886746523,170.06761155848986,195.46106148463028,0.0,38.15393847513987,0.09391100702576112,1260,9
856,final_refine_1m,1.0,688.0,456.0,825.3968742368728,1.0,1.0,0.0,1.0,0.2608899297423888,0.2608899297423888,1.0,0.36587301587301585,0.36587301587301585,71.17935726310803,83.56068125432199,158.02133401315905,170.3861535154607,196.02892632661406,0.0,38.239199093564345,0.09203747072599532,1260,9
857,refine_2m,2.0,684.0,462.0,825.4089895318563,1.0,1.0,0.0,1.0,0.25487900078064013,0.25487900078064013,1.0,0.3603174603174603,0.3603174603174603,71.37627298980422,83.46235283533866,157.49027991020827,169.755131076752,194.90391331124638,0.0,38.06920562360873,0.095160031225605,1260,9
858,final_refine_2m,2.0,680.0,468.0,825.4841003920063,1.0,1.0,0.0,1.0,0.2543325526932084,0.2543325526932084,1.0,0.37142857142857144,0.37142857142857144,71.57519347219,83.37690709783267,156.9807015026991,169.14788660458163,193.8208211401153,0.0,37.90267794656188,0.09828259172521468,1260,9
859,final_refine_2m,2.0,676.0,474.0,825.6221896242857,1.0,1.0,0.0,1.0,0.24918032786885247,0.24918032786885247,1.0,0.36666666666666664,0.36666666666666664,71.77605493954222,83.30206092212009,156.49176826501258,168.56351386176038,192.77782634501693,0.0,37.74154890398764,0.10140515222482435,1260,9
860,final_refine_1m,1.0,687.0,458.0,825.6712420812536,1.0,1.0,0.0,1.0,0.25917252146760345,0.25917252146760345,1.0,0.36428571428571427,0.36428571428571427,71.2038330893389,83.49022813727295,157.76507658661134,170.09352768673108,195.55091254263596,0.0,38.17135633124198,0.09266198282591726,1260,9
861,final_refine_1m,1.0,689.0,455.0,825.6791144264217,1.0,1.0,0.0,1.0,0.2617486338797814,0.2617486338797814,1.0,0.36666666666666664,0.36666666666666664,71.10565180888047,83.54143174823905,158.03476715495904,170.4136798869087,196.1217358051713,0.0,38.25671119669319,0.09141295862607338,1260,9
862,final_refine_2m,2.0,672.0,480.0,825.8232256360922,1.0,1.0,0.0,1.0,0.23684621389539423,0.23684621389539423,1.0,0.35634920634920636,0.35634920634920636,71.97879665235777,83.23655481925853,156.02774795694077,168.0011519556115,191.77320915994602,0.0,37.585638797069045,0.10327868852459017,1260,9
863,final_refine_1m,1.0,688.0,457.0,825.9497563411469,1.0,1.0,0.0,1.0,0.2608899297423888,0.2608899297423888,1.0,0.36587301587301585,0.36587301587301585,71.13008880950547,83.47046110047356,157.77744057197648,170.11985653008824,195.6415522701383,0.0,38.18876571097638,0.09203747072599532,1260,9
864,refine_2m,2.0,686.0,460.0,825.9515724302485,1.0,1.0,0.0,1.0,0.2574551131928181,0.2574551131928181,1.0,0.3626984126984127,0.3626984126984127,71.22875937099504,83.42114165171336,157.51185391796002,169.80421414886027,195.07860814384722,0.0,38.1038431531269,0.09391100702576112,1260,9
865,refine_2m,2.0,682.0,466.0,826.0024213039572,1.0,1.0,0.0,1.0,0.25482695810564665,0.25482695810564665,1.0,0.3674603174603175,0.3674603174603175,71.42760026641228,83.33112061882275,156.99685885998704,169.19084356987412,193.98433181482082,0.0,37.93584836297384,0.0970335675253708,1260,9
866,final_refine_2m,2.0,678.0,472.0,826.1162145848489,1.0,1.0,0.0,1.0,0.2508977361436378,0.2508977361436378,1.0,0.3682539682539683,0.3682539682539683,71.62838770481996,83.25359593205802,156.50273666586475,168.60059677266736,192.93066965880746,0.0,37.77269357067296,0.10015612802498049,1260,9
867,final_refine_1m,1.0,687.0,459.0,826.2263612352247,1.0,1.0,0.0,1.0,0.25917252146760345,0.25917252146760345,1.0,0.36428571428571427,0.36428571428571427,71.15497730110988,83.4008662949909,157.523164956342,169.82936316087373,195.16711413135803,0.0,38.121150051842314,0.0932864949258392,1260,9
868,final_refine_1m,1.0,689.0,456.0,826.230597351611,1.0,1.0,0.0,1.0,0.2617486338797814,0.2617486338797814,1.0,0.36666666666666664,0.36666666666666664,71.05632743469046,83.45091977902577,157.7901631573524,170.14660076217504,195.7329865120682,0.0,38.20616604833888,0.09221962008847255,1260,9
869,final_refine_1m,1.0,688.0,458.0,826.5034785165759,1.0,1.0,0.0,1.0,0.2608899297423888,0.2608899297423888,1.0,0.36587301587301585,0.36587301587301585,71.08117819560493,83.38081322772565,157.5348283881784,169.85492063907657,195.25640009342735,0.0,38.1384482985577,0.09203747072599532,1260,9
870,final_refine_2m,2.0,680.0,470.0,826.6196223173026,1.0,1.0,0.0,1.0,0.2534738485558158,0.2534738485558158,1.0,0.37063492063492065,0.37063492063492065,71.48065615126335,83.20592959352855,156.51497911364518,168.63916080200872,193.08631061632275,0.0,37.80460614952436,0.09828259172521468,1260,9
871,final_refine_2m,2.0,676.0,476.0,826.7720362953745,1.0,1.0,0.0,1.0,0.24918032786885247,0.24918032786885247,1.0,0.36666666666666664,0.36666666666666664,71.68326173759577,83.1352720621476,156.03589812600296,168.06546332776983,192.06119560335878,0.0,37.64476739130823,0.10140515222482435,1260,9
872,final_refine_1m,1.0,689.0,457.0,826.7829219329582,1.0,1.0,0.0,1.0,0.2617486338797814,0.2617486338797814,1.0,0.36666666666666664,0.36666666666666664,71.00736190637163,83.3609840882658,157.54684651635276,169.88088922344832,195.34647179554227,0.0,38.15573732937378,0.09221962008847255,1260,9
873,final_refine_1m,1.0,688.0,459.0,827.058039075856,1.0,1.0,0.0,1.0,0.2600312256049961,0.2600312256049961,1.0,0.36507936507936506,0.36507936507936506,71.03262292873937,83.29173431778894,157.29348870767055,169.59133670769305,194.87345253299299,0.0,38.08824648546913,0.09266198282591726,1260,9
874,refine_2m,2.0,686.0,462.0,827.067107313548,1.0,1.0,0.0,1.0,0.2574551131928181,0.2574551131928181,1.0,0.3626984126984127,0.3626984126984127,71.13221494473922,83.24467984434382,157.03319713364837,169.28142812347446,194.32022411300485,0.0,38.003996209450094,0.09391100702576112,1260,9
875,refine_2m,2.0,682.0,468.0,827.1323956900733,1.0,1.0,0.0,1.0,0.25422846734322146,0.25422846734322146,1.0,0.3674603174603175,0.3674603174603175,71.33285918694537,83.15907833920805,156.5285118436751,168.67922463058605,193.24478946311004,0.0,37.83733873013516,0.0970335675253708,1260,9
876,final_refine_2m,2.0,678.0,474.0,827.2605393707595,1.0,1.0,0.0,1.0,0.2500390320062451,0.2500390320062451,1.0,0.3674603174603175,0.3674603174603175,71.53539912050717,83.085788128082,156.04434062753774,168.09976019467297,192.20921861610114,0.0,37.67549331440208,0.10015612802498049,1260,9
877,final_refine_1m,1.0,689.0,458.0,827.3360864848094,1.0,1.0,0.0,1.0,0.2617486338797814,0.2617486338797814,1.0,0.36666666666666664,0.36666666666666664,70.95875271858799,83.2716192311986,157.30480841739643,169.61653607307386,194.9621742517194,0.0,38.10542466680985,0.09221962008847255,1260,9
878,final_refine_2m,2.0,674.0,480.0,827.4515091532554,1.0,1.0,0.0,1.0,0.23497267759562843,0.23497267759562843,1.0,0.35,0.35,71.73977578884208,83.0218010640959,155.60268701351208,167.54217898721035,191.21180213675993,0.0,37.51887679795593,0.10327868852459017,1260,9
879,refine_2m,2.0,688.0,460.0,827.6134363336545,1.0,1.0,0.0,1.0,0.2600312256049961,0.2600312256049961,1.0,0.36507936507936506,0.36507936507936506,70.98442053890054,83.20322241705357,157.05341285487023,169.3290956818515,194.4926925019624,0.0,38.038159902470674,0.09266198282591726,1260,9
880,refine_2m,2.0,684.0,466.0,827.6545172957132,1.0,1.0,0.0,1.0,0.2548009367681499,0.2548009367681499,1.0,0.3619047619047619,0.3619047619047619,71.18499570088476,83.11385246654017,156.54335137130215,168.72080725704888,193.40614722089168,0.0,37.87084407420538,0.09578454332552694,1260,9
881,final_refine_2m,2.0,680.0,472.0,827.7584188638615,1.0,1.0,0.0,1.0,0.2534738485558158,0.2534738485558158,1.0,0.37063492063492065,0.37063492063492065,71.3874716447598,83.03708923411772,156.05403002091845,168.13550830850227,192.359979180796,0.0,37.70697656463734,0.09890710382513661,1260,9
882,final_refine_1m,1.0,689.0,459.0,827.890089323456,1.0,1.0,0.0,1.0,0.2617486338797814,0.2617486338797814,1.0,0.36666666666666664,0.36666666666666664,70.91049738882452,83.18282341428498,157.0640401251425,169.3535321947741,194.58007665518542,0.0,38.05522768927076,0.09365079365079365,1260,9
883,final_refine_2m,2.0,676.0,478.0,827.9251173868323,1.0,1.0,0.0,1.0,0.24918032786885247,0.24918032786885247,1.0,0.36666666666666664,0.36666666666666664,71.59178905768243,82.97055399584305,155.5970802486683,167.5723300153385,191.35244892928614,0.0,37.548418463988625,0.10202966432474629,1260,9
884,refine_2m,2.0,686.0,464.0,828.1859694537212,1.0,1.0,0.0,1.0,0.25659640905542547,0.25659640905542547,1.0,0.3619047619047619,0.3619047619047619,71.03706456266916,83.07044147887285,156.55951449796603,168.76392800468903,193.57042570628852,0.0,37.904605107490006,0.09391100702576112,1260,9
885,refine_2m,2.0,682.0,470.0,828.2656578658806,1.0,1.0,0.0,1.0,0.2547488940931564,0.2547488940931564,1.0,0.36904761904761907,0.36904761904761907,71.23947822324902,82.98919203380781,156.06498212047964,168.1727258903617,192.5135164796027,0.0,37.73927486754133,0.0970335675253708,1260,9
886,final_refine_2m,2.0,678.0,476.0,828.4081119834595,1.0,1.0,0.0,1.0,0.2500390320062451,0.2500390320062451,1.0,0.3674603174603175,0.3674603174603175,71.44373805415694,82.9200694160144,155.5925450085755,167.6038855707942,191.49573715002398,0.0,37.578729027846045,0.10015612802498049,1260,9
887,final_refine_1m,1.0,690.0,459.0,828.722510856318,1.0,1.0,0.0,1.0,0.2617486338797814,0.2617486338797814,1.0,0.36666666666666664,0.36666666666666664,70.78860076492809,83.07413345216683,156.83481921274355,169.11594961820433,194.28698646386965,0.0,38.02209357808722,0.09383294301327089,1260,9
888,refine_2m,2.0,688.0,462.0,828.7267342133956,1.0,1.0,0.0,1.0,0.2600312256049961,0.2600312256049961,1.0,0.36507936507936506,0.36507936507936506,70.8890646220691,83.02787788482634,156.5770183174093,168.80860652836628,193.73766755010658,0.0,37.93833095772267,0.09346864428831642,1260,9
889,final_refine_2m,2.0,680.0,474.0,828.9004765350301,1.0,1.0,0.0,1.0,0.2526151444184231,0.2526151444184231,1.0,0.36984126984126986,0.36984126984126986,71.29562171491597,82.8703568394647,155.59779104036946,167.6368631332202,191.64170423662537,0.0,37.609786579933164,0.09890710382513661,1260,9
890,final_refine_2m,2.0,676.0,480.0,829.0814194034263,1.0,1.0,0.0,1.0,0.24918032786885247,0.24918032786885247,1.0,0.36666666666666664,0.36666666666666664,71.50161932497424,82.80787944142669,155.17842344657439,167.08405073972452,190.65146978308138,0.0,37.452499443868845,0.10202966432474629,1260,9
891,refine_2m,2.0,690.0,460.0,829.2767933567176,1.0,1.0,0.0,1.0,0.2617486338797814,0.2617486338797814,1.0,0.36666666666666664,0.36666666666666664,70.74099470864584,82.98618173113542,156.59588022205992,168.85486282166275,193.90791621718608,0.0,37.97201720468892,0.09463960447567005,1260,9
892,refine_2m,2.0,686.0,466.0,829.3081453838495,1.0,1.0,0.0,1.0,0.25659640905542547,0.25659640905542547,1.0,0.3619047619047619,0.3619047619047619,70.94328910012477,82.89840075396654,156.0907390591909,168.25164389271998,192.82908178590455,0.0,37.80566695849943,0.09453551912568306,1260,9
893,refine_2m,2.0,682.0,472.0,829.402194354464,1.0,1.0,0.0,1.0,0.2550091074681239,0.2550091074681239,1.0,0.36984126984126986,0.36984126984126986,71.14743895841859,82.8214326454017,155.60620565938817,167.67128047590532,191.79038833833738,0.0,37.641653977834196,0.09765807962529274,1260,9
894,refine_2m,2.0,688.0,464.0,829.8433587129562,1.0,1.0,0.0,1.0,0.25917252146760345,0.25917252146760345,1.0,0.36428571428571427,0.36428571428571427,70.79509112880258,82.85474987926435,156.10557690842762,168.29338232535756,192.9911919901858,0.0,37.838958542014744,0.09427530575071559,1260,9
895,final_refine_2m,2.0,680.0,476.0,830.0457818698918,1.0,1.0,0.0,1.0,0.2526151444184231,0.2526151444184231,1.0,0.36984126984126986,0.36984126984126986,71.20508844472212,82.70570407783083,155.16606353222303,167.1431604115149,190.93136559949542,0.0,37.51303663916794,0.09890710382513661,1260,9
896,refine_2m,2.0,690.0,462.0,830.3878611829534,1.0,1.0,0.0,1.0,0.2617486338797814,0.2617486338797814,1.0,0.36666666666666664,0.36666666666666664,70.6468226715407,82.81195140011127,156.12174349617894,168.33666626392937,193.15624335985584,0.0,37.872209181118414,0.09463960447567005,1260,9
897,refine_2m,2.0,686.0,468.0,830.4336216700285,1.0,1.0,0.0,1.0,0.25573770491803277,0.25573770491803277,1.0,0.3611111111111111,0.3611111111111111,70.85086977442022,82.72852237180382,155.62680504572015,167.7445071007726,192.09606384419507,0.0,37.707178898324315,0.09453551912568306,1260,9
898,refine_2m,2.0,682.0,474.0,830.5419917138447,1.0,1.0,0.0,1.0,0.25467083008066616,0.25467083008066616,1.0,0.37063492063492065,0.37063492063492065,71.0567233008295,82.65577063822,155.16148980837926,167.17482265986317,191.07528297536066,0.0,37.54447328718533,0.09765807962529274,1260,9
899,final_refine_2m,2.0,678.0,480.0,830.7129468113519,1.0,1.0,0.0,1.0,0.24918032786885247,0.24918032786885247,1.0,0.36666666666666664,0.36666666666666664,71.26432780592458,82.59478690202758,154.75495731547232,166.62676719995125,190.09221188182573,0.0,37.38649754996958,0.10078064012490243,1260,9
900,refine_2m,2.0,688.0,466.0,830.9632964216892,1.0,1.0,0.0,1.0,0.25917252146760345,0.25917252146760345,1.0,0.36428571428571427,0.36428571428571427,70.70248108968501,82.6838032163684,155.63902196187007,167.78335345424497,192.25313525967678,0.0,37.740039758028345,0.09489981785063752,1260,9
901,final_refine_2m,2.0,680.0,478.0,831.1943214435479,1.0,1.0,0.0,1.0,0.25175644028103045,0.25175644028103045,1.0,0.36904761904761907,0.36904761904761907,71.1158542310985,82.54310189301908,154.74714538410555,166.65433638102755,190.2288454387506,0.0,37.416720657946215,0.09953161592505855,1260,9
902,refine_2m,2.0,690.0,464.0,831.5022549578564,1.0,1.0,0.0,1.0,0.2617486338797814,0.2617486338797814,1.0,0.36666666666666664,0.36666666666666664,70.55402147248246,82.63992453712812,155.6525389232236,167.82371374373452,192.4130837493013,0.0,37.77285834893183,0.09607077803799115,1260,9
903,refine_2m,2.0,686.0,470.0,831.5623849116794,1.0,1.0,0.0,1.0,0.25573770491803277,0.25573770491803277,1.0,0.3611111111111111,0.3611111111111111,70.75978813744806,82.56077617291787,155.16764784020705,167.24245012883563,191.37124593813564,0.0,37.60913808711335,0.09453551912568306,1260,9
904,refine_2m,2.0,682.0,476.0,831.6850365372699,1.0,1.0,0.0,1.0,0.2549310434556336,0.2549310434556336,1.0,0.37142857142857144,0.37142857142857144,70.96731347718838,82.49217754808419,154.74038658161572,166.68328783640118,190.36808072826025,0.0,37.44773004502216,0.09765807962529274,1260,9
905,refine_2m,2.0,688.0,468.0,832.0865339614625,1.0,1.0,0.0,1.0,0.25917252146760345,0.25917252146760345,1.0,0.36428571428571427,0.36428571428571427,70.61121587465423,82.5150130241031,155.17728798656316,167.27845150434024,191.52336941402078,0.0,37.6415717331289,0.09570647931303669,1260,9
906,final_refine_2m,2.0,680.0,480.0,832.3460818673925,1.0,1.0,0.0,1.0,0.25175644028103045,0.25175644028103045,1.0,0.36904761904761907,0.36904761904761907,71.02790177824238,82.38252280076392,154.3322886832984,166.17032835837358,189.53402822014192,0.0,37.3208359409305,0.09953161592505855,1260,9
907,refine_2m,2.0,690.0,466.0,832.6199613268949,1.0,1.0,0.0,1.0,0.2617486338797814,0.2617486338797814,1.0,0.36666666666666664,0.36666666666666664,70.462572296923,82.47007259286337,155.18820012206336,167.3159359229879,191.67830739663466,0.0,37.67396180253558,0.09687743950039032,1260,9
908,refine_2m,2.0,682.0,478.0,832.8313154534957,1.0,1.0,0.0,1.0,0.2543325526932084,0.2543325526932084,1.0,0.37142857142857144,0.37142857142857144,70.8791920257575,82.33062562210281,154.32337946505712,166.19661249738513,189.66866427749855,0.0,37.35142152375851,0.09828259172521468,1260,9
909,refine_2m,2.0,688.0,470.0,833.2130579869713,1.0,1.0,0.0,1.0,0.25831381733021075,0.25831381733021075,1.0,0.3634920634920635,0.3634920634920635,70.52127718566724,82.34834558656941,154.726556495258,166.77860924677378,190.80176906142728,0.0,37.54355161907441,0.09713765287535779,1260,9
910,refine_2m,2.0,690.0,468.0,833.7409669675588,1.0,1.0,0.0,1.0,0.2617486338797814,0.2617486338797814,1.0,0.36666666666666664,0.36666666666666664,70.37245666706671,82.30236091588247,154.72866188125278,166.8132646664184,190.95178691877746,0.0,37.57551666110605,0.09687743950039032,1260,9
911,refine_2m,2.0,686.0,474.0,833.8297188275313,1.0,1.0,0.0,1.0,0.25487900078064013,0.25487900078064013,1.0,0.3603174603174603,0.3603174603174603,70.58156576711147,82.23156539231621,154.30870549101505,166.25331142644052,189.94571890453798,0.0,37.414386971982815,0.09677335415040333,1260,9
912,final_refine_2m,2.0,682.0,480.0,833.9808151270628,1.0,1.0,0.0,1.0,0.2534738485558158,0.2534738485558158,1.0,0.37063492063492065,0.37063492063492065,70.79234178975436,82.1710866742401,153.87228758114463,165.71473420919472,188.97691858946337,0.0,37.255545018529524,0.09828259172521468,1260,9
913,refine_2m,2.0,688.0,472.0,834.3428551860441,1.0,1.0,0.0,1.0,0.25831381733021075,0.25831381733021075,1.0,0.3634920634920635,0.3634920634920635,70.43264704954754,82.18377341014074,154.30296601514132,166.28376060909108,190.08821129964326,0.0,37.44597659172871,0.09713765287535779,1260,9
914,refine_2m,2.0,684.0,478.0,834.4698916078398,1.0,1.0,0.0,1.0,0.25456674473067914,0.25456674473067914,1.0,0.36666666666666664,0.36666666666666664,70.64340070411991,82.11959544913378,153.89507670731413,165.73973722702308,189.10956322196705,0.0,37.286455194308374,0.0970335675253708,1260,9
915,refine_2m,2.0,690.0,470.0,834.8652585896721,1.0,1.0,0.0,1.0,0.2608899297423888,0.2608899297423888,1.0,0.36587301587301585,0.36587301587301585,70.28365643457863,82.13676542018662,154.2983087447514,166.31563301562167,190.2333974736308,0.0,37.477520068297196,0.09830861306271142,1260,9
916,refine_2m,2.0,686.0,476.0,834.9682628699129,1.0,1.0,0.0,1.0,0.2551392141556076,0.2551392141556076,1.0,0.3611111111111111,0.3611111111111111,70.4943897464813,82.07004486350095,153.89144652128914,165.7661004035239,189.2447701514289,0.0,37.31767110732632,0.09739786625032526,1260,9
917,refine_2m,2.0,688.0,474.0,835.4759122799412,1.0,1.0,0.0,1.0,0.2574551131928181,0.2574551131928181,1.0,0.3626984126984127,0.3626984126984127,70.34530781101243,82.0212662343663,153.88352567343946,165.7938406504942,189.38257565456777,0.0,37.348843850779495,0.09794431433775697,1260,9
918,final_refine_2m,2.0,684.0,480.0,835.6171372105769,1.0,1.0,0.0,1.0,0.25396825396825395,0.25396825396825395,1.0,0.36666666666666664,0.36666666666666664,70.5576483894789,81.96106066773658,153.39383195886046,165.25998475034666,188.42088278549528,0.0,37.19058767706183,0.0970335675253708,1260,9
919,refine_2m,2.0,690.0,472.0,835.9928229356996,1.0,1.0,0.0,1.0,0.2608899297423888,0.2608899297423888,1.0,0.36587301587301585,0.36587301587301585,70.19615377348924,81.97325293598993,153.876664727629,165.82297516376258,189.5230166970982,0.0,37.37996919195296,0.0991152745251106,1260,9
920,refine_2m,2.0,686.0,478.0,836.1100406047042,1.0,1.0,0.0,1.0,0.2545407233931824,0.2545407233931824,1.0,0.3611111111111111,0.3611111111111111,70.4084808265271,81.91054480052415,153.41507816582293,165.28371056787188,188.55154206485543,0.0,37.221391369611666,0.09820452771272443,1260,9
921,refine_2m,2.0,688.0,476.0,836.6122160236486,1.0,1.0,0.0,1.0,0.2574551131928181,0.2574551131928181,1.0,0.3626984126984127,0.3626984126984127,70.25924212587698,81.8607936996983,153.43778838562463,165.3087855377496,188.68474402068458,0.0,37.25215061946084,0.09856882643767889,1260,9
922,refine_2m,2.0,690.0,474.0,837.1236467810476,1.0,1.0,0.0,1.0,0.2600312256049961,0.2600312256049961,1.0,0.36507936507936506,0.36507936507936506,70.10993117327412,81.8117968201252,153.45915418027136,165.3352264309315,188.82052464204295,0.0,37.28286122382439,0.0991152745251106,1260,9
923,final_refine_2m,2.0,686.0,480.0,837.255038802395,1.0,1.0,0.0,1.0,0.25420244600572467,0.25420244600572467,1.0,0.3619047619047619,0.3619047619047619,70.32382212751853,81.75303820971655,152.94133000700683,164.80607998352482,187.86592060826783,0.0,37.125545036307685,0.09820452771272443,1260,9
924,refine_2m,2.0,688.0,478.0,837.7517532061631,1.0,1.0,0.0,1.0,0.25659640905542547,0.25659640905542547,1.0,0.3619047619047619,0.3619047619047619,70.1744329544277,81.70233111920108,152.93871954457398,164.82853252165972,187.99460060325114,0.0,37.15589414428029,0.09937548790007807,1260,9
925,refine_2m,2.0,690.0,476.0,838.2577169343566,1.0,1.0,0.0,1.0,0.2600312256049961,0.2600312256049961,1.0,0.36507936507936506,0.36507936507936506,70.02497143210616,81.65236916068454,152.9572739699888,164.8523232401459,188.12580371899674,0.0,37.18619337929129,0.1005464480874317,1260,9
926,final_refine_2m,2.0,688.0,480.0,838.8945106507731,1.0,1.0,0.0,1.0,0.25659640905542547,0.25659640905542547,1.0,0.3619047619047619,0.3619047619047619,70.09086355496535,81.54584837127219,152.50459871781243,164.3530199141955,187.31203186214327,0.0,37.06007169475025,0.10018214936247723,1260,9
927,refine_2m,2.0,690.0,478.0,839.39502023779,1.0,1.0,0.0,1.0,0.25917252146760345,0.25917252146760345,1.0,0.36428571428571427,0.36428571428571427,69.94125765027785,81.49494051621163,152.50077538856752,164.37420309394844,187.43873863862282,0.0,37.08996289708839,0.1005464480874317,1260,9
928,final_refine_2m,2.0,690.0,480.0,840.535543567314,1.0,1.0,0.0,1.0,0.25917252146760345,0.25917252146760345,1.0,0.36428571428571427,0.36428571428571427,69.85877322379349,81.33948476612798,152.0687334280163,163.90080455161504,186.75921635585433,0.0,36.99416703903594,0.10135310954983086,1260,9
929,final_refine_2m,2.0,692.0,480.0,842.1781284265223,1.0,1.0,0.0,1.0,0.246448087431694,0.246448087431694,1.0,0.35,0.35,69.62755168676063,81.1339367261651,151.6337342095369,163.44943390886553,186.2074739025056,0.0,36.92787897580758,0.10314858183710643,1260,9
930,final_refine_2m,2.0,694.0,480.0,843.822256165361,1.0,1.0,0.0,1.0,0.246448087431694,0.246448087431694,1.0,0.35,0.35,69.39719949729624,80.92922037834654,151.1996011385903,162.99890800285417,185.65680431962826,0.0,36.861838223581515,0.10431954202446006,1260,9
931,final_refine_2m,2.0,700.0,472.0,844.2653611276493,1.0,1.0,0.0,1.0,0.250975800156128,0.250975800156128,1.0,0.34523809523809523,0.34523809523809523,69.02699442678576,80.93341069885712,151.61549735057716,163.5319567562071,186.7135171116362,0.0,37.051365708965506,0.10515222482435597,1260,9
932,final_refine_2m,2.0,702.0,470.0,844.8100378191538,1.0,1.0,0.0,1.0,0.25519125683060107,0.25519125683060107,1.0,0.35,0.35,68.87666020672725,80.88524939737891,151.61378102002922,163.55593322967772,186.84636675670026,0.0,37.08427083669857,0.1038511579495186,1260,9
933,final_refine_2m,2.0,700.0,474.0,845.3851193391092,1.0,1.0,0.0,1.0,0.24957064793130368,0.24957064793130368,1.0,0.34365079365079365,0.34365079365079365,68.94628826451546,80.77713367190057,151.1805989333587,163.055003878941,186.02664598349287,0.0,36.95442320183702,0.10580275826177465,1260,9
934,final_refine_2m,2.0,696.0,480.0,845.4679177828098,1.0,1.0,0.0,1.0,0.24558938329430133,0.24558938329430133,1.0,0.3476190476190476,0.3476190476190476,69.16771720939288,80.7253359615286,150.76633429570688,162.5492268543495,185.10720742917405,0.0,36.79622823188898,0.10549050221181369,1260,9
935,final_refine_2m,2.0,702.0,472.0,845.9243464991417,1.0,1.0,0.0,1.0,0.25519125683060107,0.25519125683060107,1.0,0.35,0.35,68.79582815626662,80.72799845986282,151.176498797159,163.0763349069459,186.15491045897627,0.0,36.98690378244305,0.1045016913869373,1260,9
936,final_refine_2m,2.0,700.0,476.0,846.5081216385346,1.0,1.0,0.0,1.0,0.2481654957064793,0.2481654957064793,1.0,0.34206349206349207,0.34206349206349207,68.86679198776486,80.622836602468,150.75015531934773,162.58280060877755,185.34738275162994,0.0,36.857923539077305,0.10580275826177465,1260,9
937,final_refine_2m,2.0,702.0,474.0,847.0419115958784,1.0,1.0,0.0,1.0,0.25519125683060107,0.25519125683060107,1.0,0.35,0.35,68.71621185181861,80.57274310201932,150.74371151178312,162.60152917316466,185.47114416484686,0.0,36.88998304185057,0.1045016913869373,1260,9
938,final_refine_2m,2.0,698.0,480.0,847.1151043394281,1.0,1.0,0.0,1.0,0.24301327088212335,0.24301327088212335,1.0,0.3404761904761905,0.3404761904761905,68.93910537749713,80.52228401290195,150.33393376575853,162.0932621609156,184.55868305756556,0.0,36.73104319547312,0.10710382513661203,1260,9
939,final_refine_2m,2.0,700.0,478.0,847.6343551319756,1.0,1.0,0.0,1.0,0.24746291959406713,0.24746291959406713,1.0,0.3412698412698413,0.3412698412698413,68.78848939185833,80.47048777386753,150.3241080419938,162.11528569765935,184.6756146325486,0.0,36.761863924577234,0.10580275826177465,1260,9
940,final_refine_2m,2.0,702.0,476.0,848.1627202371017,1.0,1.0,0.0,1.0,0.25519125683060107,0.25519125683060107,1.0,0.35,0.35,68.63779493858577,80.41945532661467,150.3153599283133,162.1314539756501,184.79495335071152,0.0,36.793505786740916,0.1045016913869373,1260,9
941,refine_50m,50.0,600.0,600.0,848.5281374238571,1.0,1.0,0.0,1.0,0.22505854800936767,0.22505854800936767,1.0,0.4301587301587302,0.4301587301587302,75.5058231336995,82.76269458251123,147.8763103654892,157.8547339036256,175.96150053754698,0.0,34.929472116793804,0.11199583658600053,1260,9
942,final_refine_2m,2.0,700.0,480.0,848.7638069569177,1.0,1.0,0.0,1.0,0.24605776736924279,0.24605776736924279,1.0,0.3396825396825397,0.3396825396825397,68.71136455639314,80.3200663697352,149.90239963798007,161.60663150072511,184.01123103570674,0.0,36.66624158565228,0.10645329169919333,1260,9
943,final_refine_2m,2.0,702.0,478.0,849.2867595812382,1.0,1.0,0.0,1.0,0.25519125683060107,0.25519125683060107,1.0,0.35,0.35,68.56056134990037,80.26811077747918,149.8913858317798,161.64403747011912,184.12622573001784,0.0,36.69746921272265,0.1045016913869373,1260,9
944,final_refine_2m,2.0,702.0,480.0,850.4140168176909,1.0,1.0,0.0,1.0,0.25519125683060107,0.25519125683060107,1.0,0.35,0.35,68.48449530109073,80.1186795044107,149.47173200598806,161.12099848446107,183.46485119900797,0.0,36.60187053891966,0.10515222482435597,1260,9
945,final_refine_2m,2.0,726.0,444.0,851.0064629601823,1.0,1.0,0.0,1.0,0.25956284153005466,0.25956284153005466,1.0,0.3333333333333333,0.3333333333333333,67.14965416350299,80.56379625313174,152.1616738640478,164.47495871734284,189.41546540865053,0.0,37.624071809795105,0.10301847514962269,1260,9
946,refine_50m,50.0,50.0,850.0,851.46931829632,0.14543325526932085,0.7219620088472547,0.0,0.14543325526932085,0.048087431693989074,0.048087431693989074,0.3761904761904762,0.18333333333333332,0.18333333333333332,44.17695667052317,44.563091593993526,56.52964671088579,57.18345469622409,59.72494366791785,0.0,21.101870156337107,0.01738225344782722,1260,9
947,refine_50m,50.0,650.0,550.0,851.46931829632,1.0,1.0,0.0,1.0,0.23169398907103825,0.23169398907103825,1.0,0.38333333333333336,0.38333333333333336,71.7704299915764,80.65162067962093,146.73183884275926,156.80134429539677,176.41925109347562,0.0,35.20670509642142,0.10949778818631278,1260,9
948,final_refine_2m,2.0,726.0,446.0,852.051641627431,1.0,1.0,0.0,1.0,0.25956284153005466,0.25956284153005466,1.0,0.3333333333333333,0.3333333333333333,67.06602269672427,80.39152808740879,151.6940583276504,163.95584295328777,188.65530117235105,0.0,37.520847661123554,0.1038511579495186,1260,9
949,final_refine_2m,2.0,704.0,480.0,852.0657251644383,1.0,1.0,0.0,1.0,0.25519125683060107,0.25519125683060107,1.0,0.35,0.35,68.25849816669985,79.91813029438316,149.0419309678146,160.6363631050625,182.91954338742124,0.0,36.53786434849461,0.1038511579495186,1260,9
950,final_refine_2m,2.0,726.0,448.0,853.1002285780962,1.0,1.0,0.0,1.0,0.25956284153005466,0.25956284153005466,1.0,0.3333333333333333,0.3333333333333333,66.98369966045166,80.22151742490973,151.25671861059428,163.4421605215145,187.90406769205427,0.0,37.41811745692439,0.1038511579495186,1260,9
951,final_refine_2m,2.0,706.0,480.0,853.7189232997006,1.0,1.0,0.0,1.0,0.25519125683060107,0.25519125683060107,1.0,0.35,0.35,68.03337370831933,79.71841637718933,148.6129966259081,160.15272536032916,182.37530744544944,0.0,36.474229015731524,0.10255009107468124,1260,9
952,final_refine_2m,2.0,726.0,450.0,854.1522112597964,1.0,1.0,0.0,1.0,0.2586781160551652,0.2586781160551652,1.0,0.3325396825396825,0.3325396825396825,66.90266638958428,80.05373168832334,150.8238618729487,162.93383715853813,187.16162350719392,0.0,37.315877923159164,0.10536039552432995,1260,9
953,coarse_100m,100.0,-300.0,800.0,854.4003745317531,0.03950039032006245,0.409992193598751,0.0,0.03950039032006245,0.00819672131147541,0.00819672131147541,0.19206349206349208,0.08333333333333333,0.08333333333333333,47.32719499043017,45.99166846010485,52.56937652215284,54.957249986795006,55.20086580144814,0.0,31.87956562719131,0.0,1260,9
954,final_refine_2m,2.0,728.0,448.0,854.8029012585299,1.0,1.0,0.0,1.0,0.25956284153005466,0.25956284153005466,1.0,0.3333333333333333,0.3333333333333333,66.7509498007975,80.01677538629352,150.822192987899,162.97104267082167,187.32081091922407,0.0,37.35557635767278,0.10416341399947958,1260,9
955,final_refine_2m,2.0,726.0,452.0,855.2075771413628,1.0,1.0,0.0,1.0,0.2586781160551652,0.2586781160551652,1.0,0.3325396825396825,0.3325396825396825,66.82290456693414,79.88813892007546,150.35301263821512,162.43079993123013,186.42783009704902,0.0,37.214125814759846,0.10536039552432995,1260,9
956,final_refine_2m,2.0,708.0,480.0,855.3736025854433,1.0,1.0,0.0,1.0,0.25519125683060107,0.25519125683060107,1.0,0.35,0.35,67.80912248090473,79.51954085330195,148.18492908718093,159.6700852529404,181.83214322219123,0.0,36.41097717596,0.10124902419984387,1260,9
957,final_refine_2m,2.0,728.0,450.0,855.8527910803352,1.0,1.0,0.0,1.0,0.25956284153005466,0.25956284153005466,1.0,0.3333333333333333,0.3333333333333333,66.67107872354778,79.85007203631164,150.38450995204082,162.46505805974584,186.58180700723693,0.0,37.2533527420981,0.104839968774395,1260,9
958,refine_50m,50.0,100.0,850.0,855.8621384311845,0.1717408274785324,0.7792609940150924,0.0,0.1717408274785324,0.053551912568306013,0.053551912568306013,0.4095238095238095,0.2,0.2,45.20258053968914,44.93238476266414,57.96531435745507,58.81448846305801,61.471615256838206,0.0,20.16777808679269,0.027192297684100964,1260,9
959,final_refine_2m,2.0,726.0,454.0,856.2663137132046,1.0,1.0,0.0,1.0,0.2586781160551652,0.2586781160551652,1.0,0.3325396825396825,0.3325396825396825,66.74439621540586,79.72470776773491,149.84645063017183,161.93297720719278,185.70255180490784,0.0,37.112857915276194,0.1068696330991413,1260,9
960,final_refine_2m,2.0,728.0,452.0,856.90606252961,1.0,1.0,0.0,1.0,0.25956284153005466,0.25956284153005466,1.0,0.3333333333333333,0.3333333333333333,66.59246725526836,79.68555059677288,149.86044630652756,161.96433776015348,185.85141582589728,0.0,37.15161727997992,0.104839968774395,1260,9
961,final_refine_2m,2.0,710.0,480.0,857.0297544426331,1.0,1.0,0.0,1.0,0.2530054644808743,0.2530054644808743,1.0,0.34444444444444444,0.34444444444444444,67.58574503914998,79.32302828446534,147.7577284630194,159.188442790481,181.29005057135106,0.0,36.34795297649146,0.10161332292479834,1260,9
962,final_refine_2m,2.0,726.0,456.0,857.3284084876693,1.0,1.0,0.0,1.0,0.25779339058027584,0.25779339058027584,1.0,0.33174603174603173,0.33174603174603173,66.66712369038729,79.56340746983001,149.39813492348995,161.440298625889,184.985655764539,0.0,37.01207103652899,0.1068696330991413,1260,9
963,final_refine_2m,2.0,728.0,454.0,857.962703152066,1.0,1.0,0.0,1.0,0.25956284153005466,0.25956284153005466,1.0,0.3333333333333333,0.3333333333333333,66.51509758291625,79.52317987586355,149.39954378258923,161.46881043828398,185.12950233685925,0.0,37.05036674528021,0.10551652354931043,1260,9
964,final_refine_2m,2.0,726.0,458.0,858.3938489993973,1.0,1.0,0.0,1.0,0.25779339058027584,0.25779339058027584,1.0,0.33174603174603173,0.33174603174603173,66.59106967233322,79.40420784206167,148.95457215432367,160.9526950705725,184.27701182896428,0.0,36.91176201826906,0.1068696330991413,1260,9
965,final_refine_2m,2.0,712.0,480.0,858.6873703508163,1.0,1.0,0.0,1.0,0.2501951600312256,0.2501951600312256,1.0,0.3373015873015873,0.3373015873015873,67.36324193735653,79.12765860022132,147.33139486929878,158.70779798547628,180.74902935127574,0.0,36.28457319461465,0.10281030444964871,1260,9
966,final_refine_2m,2.0,728.0,456.0,859.0227005149515,1.0,1.0,0.0,1.0,0.25956284153005466,0.25956284153005466,1.0,0.3333333333333333,0.3333333333333333,66.4389522230923,79.36292926965719,148.95346448456547,160.97840602674006,184.4159342788703,0.0,36.94959794034221,0.10551652354931043,1260,9
967,final_refine_2m,2.0,726.0,460.0,859.4626228056692,1.0,1.0,0.0,1.0,0.2569086651053864,0.2569086651053864,1.0,0.33095238095238094,0.33095238095238094,66.51621715955042,79.24707926390079,148.5156975636738,160.47009864094173,183.57649250134799,0.0,36.81192772784204,0.10754618787405673,1260,9
968,final_refine_2m,2.0,728.0,458.0,860.0860422074061,1.0,1.0,0.0,1.0,0.25956284153005466,0.25956284153005466,1.0,0.3333333333333333,0.3333333333333333,66.36401401468518,79.20476874840135,148.51211713031324,160.49305569652572,183.7105820968787,0.0,36.8493076955481,0.10551652354931043,1260,9
969,refine_50m,50.0,700.0,500.0,860.2325267042627,1.0,1.0,0.0,1.0,0.24329950559458757,0.24329950559458757,1.0,0.3412698412698413,0.3412698412698413,68.00158217114921,78.91622076916808,145.9119878264799,156.64927792231018,177.75068028360718,0.0,35.73347458686545,0.10710382513661203,1260,9
970,final_refine_2m,2.0,714.0,480.0,860.3464418477013,1.0,1.0,0.0,1.0,0.24863387978142076,0.24863387978142076,1.0,0.3333333333333333,0.3333333333333333,67.14161372930226,78.93312422573855,146.90592842643105,158.22815085541646,180.20907942497055,0.0,36.22075498417181,0.10400728597449908,1260,9
971,final_refine_2m,2.0,726.0,462.0,860.5347174867496,1.0,1.0,0.0,1.0,0.2569086651053864,0.2569086651053864,1.0,0.33095238095238094,0.33095238095238094,66.44254946115768,79.09199266555754,148.0814475455874,159.99244262653156,182.88397286803988,0.0,36.712565059858704,0.10754618787405673,1260,9
972,final_refine_2m,2.0,728.0,460.0,861.1527158408084,1.0,1.0,0.0,1.0,0.25956284153005466,0.25956284153005466,1.0,0.3333333333333333,0.3333333333333333,66.29026611171382,79.04866884318652,148.07543724765821,160.01269182983654,183.01331887328735,0.0,36.74949286898234,0.10619307832422586,1260,9
973,final_refine_2m,2.0,726.0,464.0,861.6101206462237,1.0,1.0,0.0,1.0,0.256023939630497,0.256023939630497,1.0,0.33015873015873015,0.33015873015873015,66.37005019024564,78.93891951530976,147.65175962167427,159.4696627982124,182.19933053359117,0.0,36.61367093587063,0.10754618787405673,1260,9
974,final_refine_2m,2.0,716.0,480.0,862.006960528742,1.0,1.0,0.0,1.0,0.24863387978142076,0.24863387978142076,1.0,0.3333333333333333,0.3333333333333333,66.92086096811073,78.73942492759487,146.4813292593577,157.7495014227724,179.6702006601307,0.0,36.156497776120865,0.10668748373666406,1260,9
975,final_refine_2m,2.0,728.0,462.0,862.222709049118,1.0,1.0,0.0,1.0,0.25956284153005466,0.25956284153005466,1.0,0.3333333333333333,0.3333333333333333,66.2176919763513,78.89460063298516,147.64336151220326,159.51208397732486,182.32402026133028,0.0,36.65015034610064,0.10619307832422586,1260,9
976,final_refine_2m,2.0,726.0,466.0,862.6888199113282,1.0,1.0,0.0,1.0,0.256023939630497,0.256023939630497,1.0,0.33015873015873015,0.33015873015873015,66.29870325719706,78.78783180717981,147.22657241631413,158.93727905819466,181.52244555776488,0.0,36.515242304051355,0.10754618787405673,1260,9
977,refine_50m,50.0,150.0,850.0,863.1338250816034,0.19953161592505855,0.83871975019516,0.0,0.19953161592505855,0.06747332812906584,0.06747332812906584,0.44206349206349205,0.23174603174603176,0.23174603174603176,44.8936888395422,45.27812760672684,59.38941397903757,60.39263093120292,63.24396965773439,0.0,19.298720060261672,0.03918813427010148,1260,9
978,final_refine_2m,2.0,728.0,464.0,863.2960094892134,1.0,1.0,0.0,1.0,0.2586781160551652,0.2586781160551652,1.0,0.3325396825396825,0.3325396825396825,66.14627537212887,78.74253573204733,147.21582772197354,158.97640276257945,181.64256442042233,0.0,36.551277039404354,0.10619307832422586,1260,9
979,final_refine_2m,2.0,726.0,468.0,863.7708029332781,1.0,1.0,0.0,1.0,0.2551392141556076,0.2551392141556076,1.0,0.32936507936507936,0.32936507936507936,66.22849286318586,78.63870204894818,146.8058256324992,158.41079932189436,180.8532003943846,0.0,36.41727613888259,0.10822274264897215,1260,9
980,final_refine_2m,2.0,730.0,462.0,863.9120325588711,1.0,1.0,0.0,1.0,0.25956284153005466,0.25956284153005466,1.0,0.3333333333333333,0.3333333333333333,65.9937561166018,78.69808587449198,147.20618117124198,159.01717771647287,181.76519579730802,0.0,36.58816794970879,0.104839968774395,1260,9
981,final_refine_2m,2.0,728.0,466.0,864.3726048412224,1.0,1.0,0.0,1.0,0.2586781160551652,0.2586781160551652,1.0,0.3325396825396825,0.3325396825396825,66.07600035732074,78.59244627764365,146.79277477272717,158.4466854571996,180.96883195347246,0.0,36.45286988812027,0.1068696330991413,1260,9
982,final_refine_2m,2.0,726.0,470.0,864.8560573875864,1.0,1.0,0.0,1.0,0.2542544886807182,0.2542544886807182,1.0,0.32857142857142857,0.32857142857142857,66.15940349384503,78.49150325049354,146.38946002831474,157.89013795139985,180.19147983204874,0.0,36.319769440845604,0.10822274264897215,1260,9
983,final_refine_2m,2.0,730.0,464.0,864.9832368317897,1.0,1.0,0.0,1.0,0.25956284153005466,0.25956284153005466,1.0,0.3333333333333333,0.3333333333333333,65.92341732908149,78.54702436727307,146.78079719687926,158.48418457401337,181.08691971772276,0.0,36.489308281183824,0.104839968774395,1260,9
984,final_refine_2m,2.0,728.0,468.0,865.4524828088483,1.0,1.0,0.0,1.0,0.25779339058027584,0.25779339058027584,1.0,0.33174603174603173,0.33174603174603173,66.00685127849106,78.44430491814232,146.37414263392373,157.9228451660043,180.30270584606058,0.0,36.354925857885526,0.1068696330991413,1260,9
985,final_refine_2m,2.0,726.0,472.0,865.9445709743783,1.0,1.0,0.0,1.0,0.2542544886807182,0.2542544886807182,1.0,0.32857142857142857,0.32857142857142857,66.09141991308718,78.34620891244842,145.97741739403915,157.37521093325944,179.53717093656223,0.0,36.222719236117605,0.10822274264897215,1260,9
986,final_refine_2m,2.0,730.0,466.0,866.0577347960124,1.0,1.0,0.0,1.0,0.25956284153005466,0.25956284153005466,1.0,0.3333333333333333,0.3333333333333333,65.85420941984815,78.39792835906135,146.3598742276652,157.95712800903695,180.41633310909575,0.0,36.390915491521326,0.10551652354931043,1260,9
987,final_refine_2m,2.0,728.0,470.0,866.5356311196903,1.0,1.0,0.0,1.0,0.25779339058027584,0.25779339058027584,1.0,0.33174603174603173,0.33174603174603173,65.93881276421013,78.29808480141136,145.9598723253157,157.40479664952647,179.64407140744152,0.0,36.25744194043779,0.1068696330991413,1260,9
988,final_refine_2m,2.0,722.0,480.0,866.9971164888613,1.0,1.0,0.0,1.0,0.23708040593286495,0.23708040593286495,1.0,0.319047619047619,0.319047619047619,66.2638608842692,78.16340028277793,145.21273673106117,156.31953960954476,178.0599900822987,0.0,35.96470312322018,0.11092896174863388,1260,9
989,final_refine_2m,2.0,726.0,474.0,867.0363314187013,1.0,1.0,0.0,1.0,0.25336976320582877,0.25336976320582877,1.0,0.3277777777777778,0.3277777777777778,66.02452715709369,78.20279301516109,145.56964052983736,156.86593584023763,178.89016299508506,0.0,36.12612257627295,0.10889929742388758,1260,9
990,final_refine_2m,2.0,730.0,468.0,867.1355142075545,1.0,1.0,0.0,1.0,0.25956284153005466,0.25956284153005466,1.0,0.3333333333333333,0.3333333333333333,65.78611688049149,78.25077063811445,145.9433524988552,157.4359215317266,179.75331948723428,0.0,36.29298653672945,0.10551652354931043,1260,9
991,final_refine_2m,2.0,724.0,478.0,867.5597962100364,1.0,1.0,0.0,1.0,0.23757481134530314,0.23757481134530314,1.0,0.31507936507936507,0.31507936507936507,66.11132801775337,78.1119326341186,145.18892730240796,156.34017074814275,178.15407771146096,0.0,35.99693203588333,0.11025240697371845,1260,9
992,final_refine_2m,2.0,728.0,472.0,867.6220375255575,1.0,1.0,0.0,1.0,0.2569086651053864,0.2569086651053864,1.0,0.33095238095238094,0.33095238095238094,65.871869718935,78.15375956353441,145.54990589415084,156.89245628486432,178.9928162132559,0.0,36.16041515331032,0.10754618787405673,1260,9
993,final_refine_2m,2.0,726.0,476.0,868.1313264708284,1.0,1.0,0.0,1.0,0.25336976320582877,0.25336976320582877,1.0,0.3277777777777778,0.3277777777777778,65.95871052844419,78.06123000795377,145.16607322402862,156.36223179419218,178.2503474619127,0.0,36.0299765379892,0.10889929742388758,1260,9
994,final_refine_2m,2.0,730.0,470.0,868.2165628459296,1.0,1.0,0.0,1.0,0.25956284153005466,0.25956284153005466,1.0,0.3333333333333333,0.3333333333333333,65.71912448216212,78.10552448960493,145.53117329120096,156.92048029992378,179.0977646805557,0.0,36.19551839903115,0.10551652354931043,1260,9
995,final_refine_2m,2.0,724.0,480.0,868.6633410015643,1.0,1.0,0.0,1.0,0.23702836325787147,0.23702836325787147,1.0,0.31507936507936507,0.31507936507936507,66.04661542388276,77.9730640115846,144.79160800835996,155.84488129209146,177.5253947350278,0.0,35.901648804562655,0.11092896174863388,1260,9
996,final_refine_2m,2.0,728.0,474.0,868.7116898027791,1.0,1.0,0.0,1.0,0.2569086651053864,0.2569086651053864,1.0,0.33095238095238094,0.33095238095238094,65.80600731703602,78.01130331783125,145.14418639298486,156.38574202767725,178.3488300499776,0.0,36.063842539532004,0.10754618787405673,1260,9
997,final_refine_2m,2.0,726.0,478.0,869.2295439065564,1.0,1.0,0.0,1.0,0.25282331511839706,0.25282331511839706,1.0,0.3277777777777778,0.3277777777777778,65.89395559039986,77.92149479866755,144.76666023191973,155.86401942995488,177.6176179058264,0.0,35.93427822275784,0.10889929742388758,1260,9
998,final_refine_2m,2.0,730.0,472.0,869.3008685144632,1.0,1.0,0.0,1.0,0.25956284153005466,0.25956284153005466,1.0,0.3333333333333333,0.3333333333333333,65.65321726950098,77.96216368439605,145.12327890828385,156.4107210802103,178.44955677309295,0.0,36.098508086557715,0.10619307832422586,1260,9
999,final_refine_2m,2.0,728.0,476.0,869.8045757525077,1.0,1.0,0.0,1.0,0.256023939630497,0.256023939630497,1.0,0.33015873015873015,0.33015873015873015,65.7412109969825,77.87069064417285,144.74265785804096,155.88457337521837,177.71200486094253,0.0,35.96772116733221,0.10754618787405673,1260,9
1000,final_refine_2m,2.0,726.0,480.0,870.3309715274988,1.0,1.0,0.0,1.0,0.2522768670309654,0.2522768670309654,1.0,0.3277777777777778,0.3277777777777778,65.83024816133342,77.78356274348609,144.37134725517393,155.37122086023913,176.99186995898785,0.0,35.83902475659953,0.10957585219880302,1260,9
1001,final_refine_2m,2.0,730.0,474.0,870.3884190406028,1.0,1.0,0.0,1.0,0.25956284153005466,0.25956284153005466,1.0,0.3333333333333333,0.3333333333333333,65.5883805547198,77.82066246812053,144.7196126544071,155.9065622100671,177.80858604920607,0.0,36.00195328875763,0.10619307832422586,1260,9
1002,final_refine_2m,2.0,728.0,478.0,870.9006832010181,1.0,1.0,0.0,1.0,0.2551392141556076,0.2551392141556076,1.0,0.32936507936507936,0.32936507936507936,65.67746645566916,77.73189657858174,144.34526528814598,155.38887133042218,177.08223469398294,0.0,35.87204812985022,0.10754618787405673,1260,9
1003,final_refine_2m,2.0,730.0,476.0,871.4792022762218,1.0,1.0,0.0,1.0,0.2586781160551652,0.2586781160551652,1.0,0.3325396825396825,0.3325396825396825,65.52459991182991,77.68099555055215,144.3201188130814,155.4079235611088,177.17474493989695,0.0,35.90585349534341,0.10619307832422586,1260,9
1004,final_refine_2m,2.0,728.0,480.0,872.0,1.0,1.0,0.0,1.0,0.2551392141556076,0.2551392141556076,1.0,0.32936507936507936,0.32936507936507936,65.61475964288964,77.59489660310955,143.95195462420432,154.89855836697376,176.45941565057123,0.0,35.77682054484946,0.10822274264897215,1260,9
1005,final_refine_2m,2.0,730.0,478.0,872.5732060979182,1.0,1.0,0.0,1.0,0.2586781160551652,0.2586781160551652,1.0,0.3325396825396825,0.3325396825396825,65.46186117101776,77.5431380952615,143.92474262605228,154.91472650335066,176.54792797069157,0.0,35.81020267318581,0.1068696330991413,1260,9
1006,refine_50m,50.0,200.0,850.0,873.212459828649,0.23015873015873015,0.9003642987249545,0.0,0.23015873015873015,0.07540983606557378,0.07540983606557378,0.4753968253968254,0.25,0.25,45.92468678867498,45.72614727756378,60.87188446034321,62.043309854019505,65.04005313567068,0.0,18.597286842645353,0.05225084569346865,1260,9
1007,final_refine_2m,2.0,730.0,480.0,873.6704184073077,1.0,1.0,0.0,1.0,0.25779339058027584,0.25779339058027584,1.0,0.33174603174603173,0.33174603174603173,65.40015041316488,77.40706570954644,143.53343027286408,154.42689387046394,175.92803171104993,0.0,35.7149979314618,0.1068696330991413,1260,9
1008,refine_50m,50.0,650.0,600.0,884.5903006477066,1.0,1.0,0.0,1.0,0.23132969034608378,0.23132969034608378,1.0,0.3817460317460317,0.3817460317460317,70.43282990937442,78.1691237778173,138.63504307418992,148.48960709268837,164.96756522062518,0.0,33.24006202422414,0.12131147540983607,1260,9
1009,refine_50m,50.0,250.0,850.0,886.0022573334675,0.26765547749154306,0.9657559198542806,0.0,0.26765547749154306,0.08306010928961749,0.08306010928961749,0.5111111111111111,0.26666666666666666,0.26666666666666666,45.779233468154395,48.88694499909054,62.824230949190195,65.94925728446216,199.5050208151488,0.0,18.67863514318758,0.0653135571168358,1260,9
1010,refine_50m,50.0,700.0,550.0,890.2246907382428,1.0,1.0,0.0,1.0,0.23356752537080405,0.23356752537080405,1.0,0.3380952380952381,0.3380952380952381,66.64822905836968,76.09313495857519,136.67091410454603,147.02805476309547,164.68646173090966,0.0,33.57498693874835,0.117096018735363,1260,9
1011,coarse_100m,100.0,-400.0,800.0,894.4271909999159,0.0175904241478012,0.32877959927140255,0.0,0.0175904241478012,0.001639344262295082,0.001639344262295082,0.1253968253968254,0.03333333333333333,0.03333333333333333,46.71909008285824,45.753899929938896,51.545584338100966,51.64802487106786,51.75006419312729,0.0,33.638430133802444,0.0,1260,9
1012,coarse_100m,100.0,0.0,900.0,900.0,0.08321623731459797,0.6301327088212334,0.0,0.08321623731459797,0.036065573770491806,0.036065573770491806,0.28253968253968254,0.18333333333333332,0.18333333333333332,40.870465965712235,41.210155803121204,49.11823089628603,49.36421342310027,51.59864713779804,0.0,17.728866380946585,0.010694769711163154,1260,9
1013,refine_50m,50.0,50.0,900.0,901.3878188659974,0.1034087952120739,0.6837106427270362,0.0,0.1034087952120739,0.040983606557377046,0.040983606557377046,0.31587301587301586,0.16666666666666666,0.16666666666666666,41.834604986060775,41.53758458880869,48.98268961082518,50.764586889395325,53.0847890987176,0.0,16.75571528204639,0.018631277647671092,1260,9
1014,refine_50m,50.0,750.0,500.0,901.3878188659974,1.0,1.0,0.0,1.0,0.23434816549570647,0.23434816549570647,1.0,0.2976190476190476,0.2976190476190476,62.83116017591953,74.40830923451817,135.13027051121983,145.81629911580268,165.10669736557125,0.0,34.17541821820452,0.11475409836065574,1260,9
1015,coarse_100m,100.0,-100.0,900.0,905.5385138137417,0.04938849856882644,0.5295342180588082,0.0,0.04938849856882644,0.019672131147540985,0.019672131147540985,0.21587301587301588,0.13333333333333333,0.13333333333333333,41.49753554523591,40.64368354236571,46.54764666230305,46.68507594019024,46.820708511454384,0.0,19.690533012343295,0.0013791308873276086,1260,9
1016,refine_50m,50.0,100.0,900.0,905.5385138137417,0.12521467603434816,0.7394743689825657,0.0,0.12521467603434816,0.04590163934426229,0.04590163934426229,0.3484126984126984,0.18333333333333332,0.18333333333333332,41.561398483581875,41.840150451875715,50.302735574713886,52.165780862764144,54.60570885583482,0.0,15.830668154046245,0.028753577933905802,1260,9
1017,refine_50m,50.0,150.0,900.0,912.4143795447329,0.15032526671870935,0.797423887587822,0.0,0.15032526671870935,0.059562841530054644,0.059562841530054644,0.3825396825396825,0.21666666666666667,0.21666666666666667,42.5368171106007,42.283947025379945,51.66981312986959,53.63145525233155,56.15868224322556,0.0,15.131486341074394,0.041061670569867294,1260,9
1018,refine_50m,50.0,800.0,450.0,917.8779875342909,1.0,1.0,0.0,1.0,0.2400728597449909,0.2400728597449909,1.0,0.26825396825396824,0.26825396825396824,59.77148066835306,73.2512051382686,134.27951241514342,145.12066615628015,166.48661764249908,0.0,35.10336178410867,0.11514441842310695,1260,9
1019,refine_50m,50.0,650.0,650.0,919.2388155425118,1.0,1.0,0.0,1.0,0.21092896174863388,0.21092896174863388,1.0,0.35,0.35,69.53627563601678,76.3456760262273,132.53472409137487,141.26467555601613,155.8430904426414,0.0,31.459394799863613,0.12950819672131147,1260,9
1020,refine_50m,50.0,700.0,600.0,921.9544457292888,1.0,1.0,0.0,1.0,0.2272703616965912,0.2272703616965912,1.0,0.33015873015873015,0.33015873015873015,65.76953938169677,74.04201317468821,130.0656347316156,138.9867118554116,154.47154156556797,0.0,31.636433649906497,0.1306271142336716,1260,9
1021,coarse_100m,100.0,-200.0,900.0,921.9544457292888,0.02459016393442623,0.43767889669529014,0.0,0.02459016393442623,0.011475409836065573,0.011475409836065573,0.15,0.1,0.1,40.92373601310844,40.279902539463905,44.15455709134629,44.21727686341613,44.27923714576493,0.0,21.646574076783775,0.0,1260,9
1022,coarse_100m,100.0,200.0,900.0,921.9544457292888,0.17639864689045018,0.857559198542805,0.0,0.17639864689045018,0.06612021857923497,0.06612021857923497,0.4150793650793651,0.23333333333333334,0.23333333333333334,42.29915379986165,42.67277629624776,53.0160119161101,55.083528828448465,57.741222203760834,0.0,14.49083228954854,0.05477491543065314,1260,9
1023,refine_50m,50.0,750.0,550.0,930.0537618869137,1.0,1.0,0.0,1.0,0.2355191256830601,0.2355191256830601,1.0,0.3,0.3,61.98617049969109,72.05802480795131,127.76644000437486,137.1227825192851,153.51166971707622,0.0,32.042691668977824,0.12547488940931564,1260,9
1024,refine_50m,50.0,250.0,900.0,934.0770846134702,0.2059849076242519,0.919880301847515,0.0,0.2059849076242519,0.073224043715847,0.073224043715847,0.4492063492063492,0.25,0.25,42.0966250852289,43.215160801991125,54.45251986382685,56.60346086887312,59.35106073236845,0.0,14.076193817181258,0.06851418162893573,1260,9
1025,refine_50m,50.0,800.0,500.0,943.3981132056604,1.0,1.0,0.0,1.0,0.21639344262295082,0.21639344262295082,1.0,0.25,0.25,58.576137177163275,70.49436145866167,125.59782962793116,135.6413702272057,153.0958025246789,0.0,32.730427521167805,0.12240437158469945,1260,9
1026,coarse_100m,100.0,-300.0,900.0,948.6832980505138,0.00819672131147541,0.3545667447306792,0.0,0.00819672131147541,0.003278688524590164,0.003278688524590164,0.08333333333333333,0.05,0.05,40.38674224634732,40.01577740649225,41.92517385768461,41.9441039951683,41.96286275046552,0.0,23.496710663500927,0.0,1260,9
1027,refine_50m,50.0,50.0,950.0,951.3148795220224,0.05748113453031486,0.6401769450949779,0.0,0.05748113453031486,0.03442622950819672,0.03442622950819672,0.23333333333333334,0.15,0.15,38.23041126162795,38.526683685282556,43.16995555509418,43.257777858730144,44.8033487639439,0.0,11.375068914667272,0.02107728337236534,1260,9
1028,refine_50m,50.0,100.0,950.0,955.24865872714,0.07444704657819412,0.6954983086130627,0.0,0.07444704657819412,0.03879781420765027,0.03879781420765027,0.26666666666666666,0.16666666666666666,0.16666666666666666,39.02365095340249,38.83520908270103,44.259097059966145,44.37694165935359,45.98979403955267,0.0,10.594805452371903,0.03177205308352849,1260,9
1029,refine_50m,50.0,700.0,650.0,955.24865872714,1.0,1.0,0.0,1.0,0.2132448607858444,0.2132448607858444,1.0,0.30793650793650795,0.30793650793650795,65.25073039144755,72.57398770770426,124.46209804863652,133.04691894810145,146.3577264628413,0.0,29.888173820360805,0.13950039032006245,1260,9
1030,refine_50m,50.0,750.0,600.0,960.4686356149273,1.0,1.0,0.0,1.0,0.21381733021077284,0.21381733021077284,1.0,0.276984126984127,0.276984126984127,61.51752289205421,70.38928171305825,121.6416404166153,130.5790333355361,144.47383419712838,0.0,30.135194728183066,0.14082747853239658,1260,9
1031,refine_50m,50.0,150.0,950.0,961.7692030835673,0.0935727296383034,0.7503773093937028,0.0,0.0935727296383034,0.04954462659380692,0.04954462659380692,0.3,0.19603174603174603,0.19603174603174603,38.84809096505653,39.180540915036325,45.37589979629908,45.52954534836139,47.22188527369247,0.0,10.005134146262709,0.04465261514441842,1260,9
1032,refine_50m,50.0,850.0,450.0,961.7692030835673,1.0,1.0,0.0,1.0,0.22612542284673431,0.22612542284673431,1.0,0.23174603174603176,0.23174603174603176,57.6714714874077,69.49741284741147,123.70138322667732,134.61561664045152,153.421543182496,0.0,33.76166221469919,0.12328909705958886,1260,9
1033,refine_50m,50.0,800.0,550.0,970.8243919473799,1.0,1.0,0.0,1.0,0.21639344262295082,0.21639344262295082,1.0,0.25,0.25,58.00554012996327,68.5565195839984,118.93705151671254,128.1781099505737,142.89563148497427,0.0,30.627363928110174,0.13385376008326827,1260,9
1034,refine_50m,50.0,250.0,950.0,982.344135219425,0.13840749414519907,0.8692948217538381,0.0,0.13840749414519907,0.06393442622950819,0.06393442622950819,0.36666666666666664,0.23333333333333334,0.23333333333333334,39.53512267716174,40.05882434969974,46.374886577667816,47.971902983545576,49.80953339880832,0.0,9.371851072676066,0.0741608118657299,1260,9
1035,coarse_100m,100.0,-400.0,900.0,984.8857801796105,0.000546448087431694,0.2801977621649753,0.0,0.000546448087431694,0.000546448087431694,0.000546448087431694,0.016666666666666666,0.016666666666666666,0.016666666666666666,39.89853011764936,39.89845575844986,39.907595904793205,39.90871075017762,39.909821495270414,0.0,25.277651119395586,0.0,1260,9
1036,refine_50m,50.0,850.0,500.0,986.154146165801,1.0,1.0,0.0,1.0,0.19099661722612543,0.19099661722612543,1.0,0.2015873015873016,0.2015873015873016,56.62695637537727,67.18575984457975,116.37922931676198,125.90453267856347,141.7191746737218,0.0,31.41722856684129,0.13005464480874318,1260,9
1037,refine_50m,50.0,700.0,700.0,989.9494936611666,1.0,1.0,0.0,1.0,0.19836065573770492,0.19836065573770492,1.0,0.2833333333333333,0.2833333333333333,65.01185148201229,71.55709326915019,120.21133099940324,128.00957086092848,139.83475281767178,0.0,28.30547439356934,0.15081967213114755,1260,9
1038,refine_50m,50.0,750.0,650.0,992.4716620639604,1.0,1.0,0.0,1.0,0.2087431693989071,0.2087431693989071,1.0,0.26666666666666666,0.26666666666666666,61.33513811813932,69.23577127434714,117.02507006177976,125.00974742250071,137.32221262730923,0.0,28.4215138830567,0.14949258391881343,1260,9
1039,refine_50m,50.0,300.0,950.0,996.2429422585637,0.16411657559198542,0.933567525370804,0.0,0.16411657559198542,0.07103825136612021,0.07103825136612021,0.4,0.25,0.25,39.40238822724521,40.600526337489946,47.58057598023791,49.2595790980227,51.15894403671867,0.0,9.28240710302765,0.08899297423887588,1260,9
1040,refine_50m,50.0,800.0,600.0,1000.0,1.0,1.0,0.0,1.0,0.18935727296383034,0.18935727296383034,1.0,0.22063492063492063,0.22063492063492063,57.67702174563413,67.22048894020345,113.88456252452502,122.08432091310436,134.97589055412533,0.0,28.75374925603228,0.1501951600312256,1260,9
1041,coarse_100m,100.0,100.0,1000.0,1004.987562112089,0.004059328649492584,0.6502992453812126,0.0,0.004059328649492584,0.0022898776997137653,0.0022898776997137653,0.027777777777777776,0.012698412698412698,0.012698412698412698,35.54554742615431,35.52879649248442,35.95645834295594,35.956621107920085,36.4737586568858,0.0,1.338810700043149,0.004059328649492584,1260,9
1042,refine_50m,50.0,900.0,450.0,1006.2305898749054,1.0,1.0,0.0,1.0,0.19344262295081968,0.19344262295081968,1.0,0.18333333333333332,0.18333333333333332,56.76966463054021,66.43892729140045,114.01267920436783,123.87299431392816,141.08742641589163,0.0,32.566746659553075,0.1305230288836846,1260,9
1043,refine_50m,50.0,850.0,550.0,1012.4228365658294,1.0,1.0,0.0,1.0,0.18847254748894093,0.18847254748894093,1.0,0.1992063492063492,0.1992063492063492,55.92519052632042,65.59821677645442,110.79803366303614,119.24910861943127,132.84057500182166,0.0,29.347626304115632,0.14223263075722092,1260,9
1044,coarse_100m,100.0,200.0,1000.0,1019.803902718557,0.011033047098620869,0.7599531615925058,0.0,0.011033047098620869,0.006167056986729118,0.006167056986729118,0.03968253968253968,0.01904761904761905,0.01904761904761905,36.344585775382285,36.40991158792592,37.59039152564283,37.59204637652154,38.366681726999474,0.0,1.9087157199448972,0.011033047098620869,1260,9
1045,refine_50m,50.0,900.0,500.0,1029.5630140987,0.9994535519125683,1.0,0.0,0.9994535519125683,0.17431693989071037,0.17431693989071037,0.9833333333333333,0.16666666666666666,0.16666666666666666,55.77702373576009,64.48917709900073,107.77635895559523,116.58076350838999,130.98011626392815,0.0,30.239603751998665,0.1377049180327869,1260,9
1046,refine_50m,50.0,800.0,650.0,1030.7764064044152,0.9994535519125683,1.0,0.0,0.9994535519125683,0.1842831121519646,0.1842831121519646,0.9833333333333333,0.2126984126984127,0.2126984126984127,57.86936815316204,66.34559505892662,110.01809686167567,117.42733852187033,128.73822904322162,0.0,27.063999310929947,0.1594847775175644,1260,9
1047,refine_50m,50.0,850.0,600.0,1040.4326023342405,0.9989331251626333,1.0,0.0,0.9989331251626333,0.1596409055425449,0.1596409055425449,0.9753968253968254,0.16904761904761906,0.16904761904761906,55.24719311948596,64.5473464862462,106.6401084137926,114.26925605762217,125.98028161358732,0.0,27.482909988988176,0.15956284153005465,1260,9
1048,coarse_100m,100.0,300.0,1000.0,1044.030650891055,0.018969555035128805,0.8795992714025501,0.0,0.018969555035128805,0.010590684361176165,0.010590684361176165,0.046825396825396826,0.023809523809523808,0.023809523809523808,37.45388339740282,37.520907139837306,38.99494372009404,39.90521452745556,39.90975485521695,0.0,2.2273156925991313,0.018969555035128805,1260,9
1049,refine_50m,50.0,950.0,450.0,1051.189802081432,0.9983606557377049,1.0,0.0,0.9983606557377049,0.15136612021857923,0.15136612021857923,0.9666666666666667,0.13333333333333333,0.13333333333333333,56.200393841058556,64.05749416392433,104.83440704006739,114.17267060549645,129.4890369381741,0.0,31.48812246836597,0.13775696070778037,1260,9
1050,refine_50m,50.0,900.0,550.0,1054.7511554864493,0.9983606557377049,1.0,0.0,0.9983606557377049,0.14231069476971117,0.14231069476971117,0.9666666666666667,0.1373015873015873,0.1373015873015873,55.30685672577082,63.18454142076531,103.27395137605373,111.16249208527827,123.3503442050122,0.0,28.175539262029353,0.15061150143117355,1260,9
1051,refine_10m,10.0,920.0,520.0,1056.7875850898324,0.9983606557377049,1.0,0.0,0.9983606557377049,0.1431693989071038,0.1431693989071038,0.9666666666666667,0.13333333333333333,0.13333333333333333,55.00305298120326,63.03129300012685,102.83591156205668,111.06827208079638,123.76668431678848,0.0,28.95208374148122,0.14839968774395004,1260,9
1052,refine_10m,10.0,920.0,530.0,1061.7438485811915,0.9983606557377049,1.0,0.0,0.9983606557377049,0.1431693989071038,0.1431693989071038,0.9666666666666667,0.13333333333333333,0.13333333333333333,54.99602221576329,62.792612881077105,101.93045995822037,109.93641227155157,122.34178284355872,0.0,28.549104165122458,0.1492583918813427,1260,9
1053,refine_50m,50.0,800.0,700.0,1063.014581273465,0.9967213114754099,1.0,0.0,0.9967213114754099,0.14590163934426228,0.14590163934426228,0.95,0.16666666666666666,0.16666666666666666,58.216990960185996,65.84872247762503,106.71947535656578,113.84808886483799,123.77385560909147,0.0,25.4991273354498,0.17236533957845435,1260,9
1054,refine_10m,10.0,930.0,520.0,1065.5045753069294,0.9967213114754099,1.0,0.0,0.9967213114754099,0.1469945355191257,0.1469945355191257,0.95,0.13333333333333333,0.13333333333333333,54.74077202590479,62.61490635549752,101.2592761507406,109.32732846475571,121.84816572344124,0.0,28.707861972121876,0.14597970335675253,1260,9
1055,refine_10m,10.0,920.0,540.0,1066.770828247567,0.9967213114754099,1.0,0.0,0.9967213114754099,0.1431693989071038,0.1431693989071038,0.95,0.13333333333333333,0.13333333333333333,54.85725303975494,62.56023845654033,101.07487662691847,108.86626489027383,120.99234630743905,0.0,28.10800811886826,0.15097580015612802,1260,9
1056,refine_10m,10.0,930.0,530.0,1070.420478129973,0.9967213114754099,1.0,0.0,0.9967213114754099,0.1469945355191257,0.1469945355191257,0.95,0.13333333333333333,0.13333333333333333,54.731384815158265,62.38607498423537,100.39032322673174,108.23751892234479,120.47016160921113,0.0,28.306607315359493,0.15092375748113454,1260,9
1057,refine_10m,10.0,920.0,550.0,1071.8675291284833,0.9967213114754099,1.0,0.0,0.9967213114754099,0.13939630497007546,0.13939630497007546,0.95,0.12936507936507938,0.12936507936507938,54.778373403434,62.36169987166904,100.26611318155696,108.00045578284637,119.71359287891084,0.0,27.724872652629934,0.1518345042935207,1260,9
1058,refine_10m,10.0,940.0,520.0,1074.2439201596628,0.9967213114754099,1.0,0.0,0.9967213114754099,0.13060109289617486,0.13060109289617486,0.95,0.11666666666666667,0.11666666666666667,55.2131142115734,62.24089982887721,99.7056460234598,107.61075725833354,119.95430767050033,0.0,28.52129835933607,0.1559718969555035,1260,9
1059,refine_10m,10.0,930.0,540.0,1075.4068997360953,0.9967213114754099,1.0,0.0,0.9967213114754099,0.1469945355191257,0.1469945355191257,0.95,0.13333333333333333,0.13333333333333333,54.601756218411836,62.177109494625505,99.56964692430843,107.35399530322597,119.1655129096792,0.0,27.915378601523187,0.15584179026801978,1260,9
1060,refine_10m,10.0,920.0,560.0,1077.0329614269008,0.9967213114754099,1.0,0.0,0.9967213114754099,0.1103304709862087,0.1103304709862087,0.95,0.10396825396825397,0.10396825396825397,54.657562328654805,62.18119702098953,99.50135854956206,107.21430140422699,118.50112664589807,0.0,27.35109074691695,0.15376008326828,1260,9
1061,refine_10m,10.0,940.0,530.0,1079.1200118615168,0.9967213114754099,1.0,0.0,0.9967213114754099,0.13060109289617486,0.13060109289617486,0.95,0.11666666666666667,0.11666666666666667,55.01795563766736,62.020413293161724,98.87266914733631,106.70881360048195,118.62261695853256,0.0,28.12147678913159,0.15685662243039292,1260,9
1062,refine_10m,10.0,930.0,550.0,1080.4628637764465,0.9967213114754099,1.0,0.0,0.9967213114754099,0.14543325526932085,0.14543325526932085,0.95,0.13174603174603175,0.13174603174603175,54.52065025933135,61.986867995217956,98.79429316692105,106.55623669836342,117.92956898967563,0.0,27.53383238112638,0.1588342440801457,1260,9
1063,refine_10m,10.0,920.0,570.0,1082.266141020775,0.9967213114754099,1.0,0.0,0.9967213114754099,0.10655737704918032,0.10655737704918032,0.95,0.1,0.1,54.58733932603115,62.01773308199425,98.77801679761242,106.46686072444922,117.35089998489995,0.0,26.98634929036775,0.15867811605516524,1260,9
1064,refine_10m,10.0,950.0,520.0,1083.0050784737807,0.9967213114754099,1.0,0.0,0.9967213114754099,0.10101483216237314,0.10101483216237314,0.95,0.08968253968253968,0.08968253968253968,55.00766696924769,61.89130045855361,98.17510605200243,106.06493936520019,118.0851778880145,0.0,28.33781919000191,0.14889409315638824,1260,9
1065,refine_10m,10.0,940.0,540.0,1084.0664186294123,0.9967213114754099,1.0,0.0,0.9967213114754099,0.13060109289617486,0.13060109289617486,0.95,0.11666666666666667,0.11666666666666667,54.72298899167484,61.81940138155501,98.08639594284404,105.89906346596636,117.36219612409627,0.0,27.731688357301874,0.15862607338017173,1260,9
1066,refine_10m,10.0,930.0,560.0,1085.5873986004076,0.994535519125683,1.0,0.0,0.994535519125683,0.1359094457455113,0.1359094457455113,0.9333333333333333,0.12222222222222222,0.12222222222222222,54.38650997623353,61.79729649404095,98.48326739320767,105.79828307028811,116.75805457630139,0.0,27.098274895616903,0.16375227686703098,1260,9
1067,refine_10m,10.0,920.0,580.0,1087.5660899458019,0.994535519125683,1.0,0.0,0.994535519125683,0.10655737704918032,0.10655737704918032,0.9333333333333333,0.1,0.1,54.53627770380035,61.85822814225813,98.49904648210162,105.60481505783108,116.2591802344661,0.0,26.568600727162607,0.1627374447046578,1260,9
1068,refine_10m,10.0,950.0,530.0,1087.8419002777932,0.994535519125683,1.0,0.0,0.994535519125683,0.09289617486338798,0.09289617486338798,0.9333333333333333,0.08333333333333333,0.08333333333333333,54.86025774150313,61.65214942909621,97.75016942575776,105.24278994516577,116.7992148509584,0.0,27.873698921485477,0.14977881863127765,1260,9
1069,refine_10m,10.0,940.0,550.0,1089.0821823902913,0.994535519125683,1.0,0.0,0.994535519125683,0.12961228207129846,0.12961228207129846,0.9333333333333333,0.11587301587301588,0.11587301587301588,54.34391055378683,61.61551401184598,97.7671421065784,105.13026314406022,116.16852411380457,0.0,27.286898662082315,0.15951079885506114,1260,9
1070,refine_10m,10.0,930.0,570.0,1090.7795377618706,0.994535519125683,1.0,0.0,0.994535519125683,0.12217017954722872,0.12217017954722872,0.9333333333333333,0.10952380952380952,0.10952380952380952,54.307471779040064,61.64226204686878,97.77530760372775,104.91812262579842,115.64703318192534,0.0,26.735361767225424,0.1667447306791569,1260,9
1071,refine_10m,10.0,960.0,520.0,1091.7875251164944,0.994535519125683,1.0,0.0,0.994535519125683,0.11777257351027842,0.11777257351027842,0.9333333333333333,0.1007936507936508,0.1007936507936508,54.73608229757729,61.53086567333069,97.05030387931627,104.58742393782232,116.2408478887728,0.0,28.100636049998922,0.15500910746812385,1260,9
1072,refine_10m,10.0,950.0,540.0,1092.748827498799,0.994535519125683,1.0,0.0,0.994535519125683,0.09289617486338798,0.09289617486338798,0.9333333333333333,0.08333333333333333,0.08333333333333333,54.88599533600509,61.45990861227587,97.04985655979209,104.46279244156531,115.58245999559249,0.0,27.485996436983267,0.15482695810564662,1260,9
1073,refine_10m,10.0,940.0,560.0,1094.1663493271944,0.994535519125683,1.0,0.0,0.994535519125683,0.11517043976060369,0.11517043976060369,0.9333333333333333,0.10238095238095238,0.10238095238095238,54.11967943154768,61.451126393427025,97.05028145735324,104.23130521384212,115.03744483656466,0.0,26.916383056332975,0.16039552432995055,1260,9
1074,refine_10m,10.0,930.0,580.0,1096.038320497965,0.994535519125683,1.0,0.0,0.994535519125683,0.09578454332552694,0.09578454332552694,0.9333333333333333,0.0880952380952381,0.0880952380952381,54.29136208817957,61.50298406299809,97.1059535962762,104.07489576542297,114.59287470498616,0.0,26.381208155114532,0.16973718449128286,1260,9
1075,refine_10m,10.0,960.0,530.0,1096.5856099730654,0.994535519125683,1.0,0.0,0.994535519125683,0.11693989071038251,0.11693989071038251,0.9333333333333333,0.1,0.1,54.700692525469094,61.326951724339466,96.3313040234096,103.79024959789358,115.00002471669688,0.0,27.704284322880937,0.15919854280510018,1260,9
1076,refine_10m,10.0,950.0,550.0,1097.7249200050073,0.994535519125683,1.0,0.0,0.994535519125683,0.09289617486338798,0.09289617486338798,0.9333333333333333,0.08333333333333333,0.08333333333333333,54.844893931364865,61.28562898645895,96.32386145786616,103.54431445337349,114.43052026493973,0.0,27.1079782552211,0.1589903721051262,1260,9
1077,refine_10m,10.0,940.0,570.0,1099.3179703798169,0.994535519125683,1.0,0.0,0.994535519125683,0.10476190476190476,0.10476190476190476,0.9333333333333333,0.09285714285714286,0.09285714285714286,54.076015823953895,61.303069395016294,96.37307402003272,103.37586377969912,113.96513162027243,0.0,26.554915872590918,0.16216497527972937,1260,9
1078,refine_10m,10.0,970.0,520.0,1100.5907504608604,0.994535519125683,1.0,0.0,0.994535519125683,0.07845433255269321,0.07845433255269321,0.9333333333333333,0.06746031746031746,0.06746031746031746,54.565840895197844,61.229608080091666,95.61136855583153,103.11788329369763,114.42139297838472,0.0,27.932760627790657,0.1564663023679417,1260,9
1079,refine_10m,10.0,960.0,540.0,1101.4535850411492,0.994535519125683,1.0,0.0,0.994535519125683,0.10577673692427791,0.10577673692427791,0.9333333333333333,0.09126984126984126,0.09126984126984126,54.721870604704385,61.141740162448286,95.5959323097661,102.85709720061867,113.82637174374251,0.0,27.3179691330118,0.16320582877959927,1260,9
1080,refine_10m,10.0,950.0,560.0,1102.7692415006868,0.994535519125683,1.0,0.0,0.994535519125683,0.07957325006505335,0.07957325006505335,0.9333333333333333,0.07063492063492063,0.07063492063492063,54.74396218789543,61.128301554064684,95.6386157061923,102.67626892127403,113.33935731646608,0.0,26.73931177981254,0.1640385115794952,1260,9
1081,refine_10m,10.0,970.0,530.0,1105.350623105628,0.994535519125683,1.0,0.0,0.994535519125683,0.07759562841530054,0.07759562841530054,0.9333333333333333,0.06666666666666667,0.06666666666666667,54.571620652077755,61.03274797414114,94.86636917914484,102.1695950385794,113.22511945319123,0.0,27.53826914990014,0.15737704918032788,1260,9
1082,refine_10m,10.0,960.0,550.0,1106.3905277974861,0.9933645589383294,1.0,0.0,0.9933645589383294,0.09476971116315379,0.09476971116315379,0.9261904761904762,0.08253968253968254,0.08253968253968254,54.60866338578729,60.961170964455945,94.90245794041148,102.28542878932089,112.71562235086108,0.0,26.907127565356248,0.1673952641165756,1260,9
1083,refine_10m,10.0,980.0,520.0,1109.414259868693,0.9923237054384595,1.0,0.0,0.9923237054384595,0.07978142076502732,0.07978142076502732,0.9198412698412698,0.06666666666666667,0.06666666666666667,55.04375893151283,60.91258205916521,94.13503677268834,101.6911175998367,112.6268922547158,0.0,27.707524725751867,0.15383814728077022,1260,9
1084,refine_10m,10.0,970.0,540.0,1110.1801655587258,0.9918032786885246,1.0,0.0,0.9918032786885246,0.07759562841530054,0.07759562841530054,0.9166666666666666,0.06666666666666667,0.06666666666666667,54.445816714606,60.81808931327597,94.16447040148947,101.5926518429604,112.09400174707258,0.0,27.07042182036827,0.15919854280510018,1260,9
1085,refine_10m,10.0,960.0,560.0,1111.3955191559844,0.9918032786885246,1.0,0.0,0.9918032786885246,0.07759562841530054,0.07759562841530054,0.9166666666666666,0.06666666666666667,0.06666666666666667,54.51286211492723,60.79378436078444,94.24833999429339,101.5312947568842,111.66385453454338,0.0,26.492582108479194,0.17007546187874056,1260,9
1086,refine_10m,10.0,950.0,580.0,1113.0588483993108,0.9918032786885246,1.0,0.0,0.9918032786885246,0.07540983606557378,0.07540983606557378,0.9166666666666666,0.06666666666666667,0.06666666666666667,54.47502556433416,60.83766547921734,94.38085655157413,101.52842732928352,111.32477873887191,0.0,25.94926142371349,0.17127244340359093,1260,9
1087,refine_10m,10.0,980.0,530.0,1114.1364368873321,0.9918032786885246,1.0,0.0,0.9918032786885246,0.07978142076502732,0.07978142076502732,0.9166666666666666,0.06666666666666667,0.06666666666666667,54.9687841641279,60.71547376924363,93.42451226560247,100.89946529524359,111.4745754107735,0.0,27.298199264947645,0.1590424147801197,1260,9
1088,refine_10m,10.0,970.0,550.0,1115.0784725749124,0.9918032786885246,1.0,0.0,0.9918032786885246,0.06963309914129587,0.06963309914129587,0.9166666666666666,0.05952380952380952,0.05952380952380952,54.349000301012715,60.65831485743608,93.50300747324196,100.82826307066074,111.02389814686968,0.0,26.69590770322992,0.16010928961748633,1260,9
1089,refine_10m,10.0,960.0,570.0,1116.4676439557038,0.9918032786885246,1.0,0.0,0.9918032786885246,0.07759562841530054,0.07759562841530054,0.9166666666666666,0.06666666666666667,0.06666666666666667,54.4330687927354,60.65981618077637,93.6312341075315,100.81714543863212,110.66745737754545,0.0,26.134665989353664,0.17096018735362997,1260,9
1090,coarse_100m,100.0,1000.0,500.0,1118.033988749895,0.9918032786885246,1.0,0.0,0.9918032786885246,0.060655737704918035,0.060655737704918035,0.9166666666666666,0.05,0.05,54.934619187561566,60.82297175625925,92.66646438547713,100.33751429671761,111.44007734230203,0.0,28.208967773367082,0.1539422326307572,1260,9
1091,refine_10m,10.0,980.0,540.0,1118.9280584559492,0.9918032786885246,1.0,0.0,0.9918032786885246,0.07978142076502732,0.07978142076502732,0.9166666666666666,0.06666666666666667,0.06666666666666667,54.690986825525655,60.54476407020109,92.75555339357292,100.12451646067824,110.38542351640076,0.0,26.91565010466622,0.1642206609419724,1260,9
1092,refine_10m,10.0,970.0,560.0,1120.0446419674531,0.9918032786885246,1.0,0.0,0.9918032786885246,0.05901639344262295,0.05901639344262295,0.9166666666666666,0.05,0.05,54.302870802531274,60.51483223633117,92.87952559493327,100.10498158120241,110.0110016018086,0.0,26.33073955072892,0.16213895394223263,1260,9
1093,refine_10m,10.0,1020.0,470.0,1123.0761327710602,0.9918032786885246,1.0,0.0,0.9918032786885246,0.04207650273224044,0.04207650273224044,0.9166666666666666,0.03333333333333333,0.03333333333333333,55.86098750786321,61.15236496770468,91.98611868004967,99.80477741771651,111.59242795570051,0.0,29.237550730894537,0.15110590684361175,1260,9
1094,refine_10m,10.0,980.0,550.0,1123.7882362794157,0.9918032786885246,1.0,0.0,0.9918032786885246,0.060655737704918035,0.060655737704918035,0.9166666666666666,0.05,0.05,54.43615020270628,60.39101850908536,92.12558752624221,99.39185181397932,109.35541825821893,0.0,26.542771489052477,0.16736924277907886,1260,9
1095,refine_10m,10.0,1020.0,480.0,1127.2976536833562,0.9918032786885246,1.0,0.0,0.9918032786885246,0.04207650273224044,0.04207650273224044,0.9166666666666666,0.03333333333333333,0.03333333333333333,55.69376462066985,60.881901583759216,91.18888150419045,98.98412646067581,110.26716765740032,0.0,28.795999933295807,0.1564663023679417,1260,9
1096,refine_10m,10.0,1030.0,460.0,1128.0514172678477,0.9918032786885246,1.0,0.0,0.9918032786885246,0.04316939890710383,0.04316939890710383,0.9166666666666666,0.03333333333333333,0.03333333333333333,56.1068068246738,61.25735635538268,91.25480383298415,99.14116021866909,111.04114931229869,0.0,29.568274948362305,0.1469424928441322,1260,9
1097,refine_10m,10.0,980.0,560.0,1128.716084761797,0.9888368462138954,1.0,0.0,0.9888368462138954,0.058678116055165236,0.058678116055165236,0.9015873015873016,0.048412698412698414,0.048412698412698414,54.08758388305824,60.217184104109315,91.6073949630975,98.69898759505656,108.38086617458372,0.0,26.090124747641223,0.17254748894093155,1260,9
1098,refine_2m,2.0,1042.0,442.0,1131.8692503995326,0.9918032786885246,1.0,0.0,0.9918032786885246,0.02185792349726776,0.02185792349726776,0.9166666666666666,0.016666666666666666,0.016666666666666666,56.766061548108446,61.65143869519837,91.35418758811707,98.96061210765899,111.26645010419332,0.0,30.277737669338215,0.1360655737704918,1260,9
1099,refine_10m,10.0,1030.0,470.0,1132.1660655575224,0.9918032786885246,1.0,0.0,0.9918032786885246,0.04316939890710383,0.04316939890710383,0.9166666666666666,0.03333333333333333,0.03333333333333333,55.71180487187131,60.96760973055091,90.44622825268188,98.30739562454096,109.68637059584188,0.0,29.116060223188274,0.14892011449388498,1260,9
1100,refine_10m,10.0,980.0,570.0,1133.7107214805724,0.9885245901639345,1.0,0.0,0.9885245901639345,0.03208430913348946,0.03208430913348946,0.9,0.02619047619047619,0.02619047619047619,53.953179392779084,60.09223698937319,91.1199104199969,98.0436259996516,107.45836707155684,0.0,25.726197046251926,0.175696070778038,1260,9
1101,refine_10m,10.0,1050.0,430.0,1134.6365056704283,0.9918032786885246,1.0,0.0,0.9918032786885246,0.04426229508196721,0.04426229508196721,0.9166666666666666,0.03333333333333333,0.03333333333333333,56.96083100008434,61.97691190584866,91.63514916082461,98.91127643418929,111.47035781771925,0.0,30.773129727511094,0.1399687743950039,1260,9
1102,refine_2m,2.0,1042.0,450.0,1135.0171804867095,0.9913348946135832,1.0,0.0,0.9913348946135832,0.02185792349726776,0.02185792349726776,0.9142857142857143,0.016666666666666666,0.016666666666666666,56.50854605739797,61.369502291308095,90.64661517051474,98.1711620731157,110.10124955157208,0.0,29.882295491247,0.13840749414519907,1260,9
1103,refine_2m,2.0,1042.0,452.0,1135.8116040963837,0.9902419984387197,1.0,0.0,0.9902419984387197,0.02185792349726776,0.02185792349726776,0.9087301587301587,0.016666666666666666,0.016666666666666666,56.49847689319008,61.27299136843855,90.21228480130246,97.99910271524956,109.81926791008316,0.0,29.752319636021696,0.1395784543325527,1260,9
1104,refine_10m,10.0,1030.0,480.0,1136.3538181394033,0.9885245901639345,1.0,0.0,0.9885245901639345,0.030991412958626074,0.030991412958626074,0.9,0.023809523809523808,0.023809523809523808,55.470667513434,60.61986686344368,89.68936345579522,97.42481675028334,108.41355997935172,0.0,28.56782942885334,0.15089773614363777,1260,9
1105,refine_2m,2.0,1042.0,454.0,1136.6089916941535,0.9889929742388759,1.0,0.0,0.9889929742388759,0.02185792349726776,0.02185792349726776,0.9023809523809524,0.016666666666666666,0.016666666666666666,56.39266457150992,61.17293048934092,89.87359853763652,97.82910497795494,109.54089706529973,0.0,29.6165428385955,0.14074941451990633,1260,9
1106,refine_10m,10.0,980.0,580.0,1138.7712676389408,0.9885245901639345,1.0,0.0,0.9885245901639345,0.021337496747332815,0.021337496747332815,0.9,0.01746031746031746,0.01746031746031746,53.947912836560555,59.98544622424343,90.6599560401718,97.42363850709796,106.58478602916419,0.0,25.38078029654124,0.17884465261514443,1260,9
1107,refine_2m,2.0,1048.0,450.0,1140.5279479258718,0.9885245901639345,1.0,0.0,0.9885245901639345,0.005334374186833204,0.005334374186833204,0.9,0.003968253968253968,0.003968253968253968,56.507880790568734,61.2013235044399,89.69381875592777,97.25655611728085,108.92629465796115,0.0,29.71901659359278,0.1485558157689305,1260,9
1108,refine_2m,2.0,1050.0,446.0,1140.7962131774457,0.9885245901639345,1.0,0.0,0.9885245901639345,0.022404371584699455,0.022404371584699455,0.9,0.016666666666666666,0.016666666666666666,56.478494252452,61.30430709159408,89.91323972402145,97.29185430462432,109.09333088747452,0.0,29.886399068282696,0.15003903200624513,1260,9
1109,refine_2m,2.0,1048.0,452.0,1141.3185357296184,0.9885245901639345,1.0,0.0,0.9885245901639345,0.004267499349466563,0.004267499349466563,0.9,0.0031746031746031746,0.0031746031746031746,56.42402687502531,61.13835800131387,89.52829931955742,97.08087624358151,108.6512608093042,0.0,29.625656643668425,0.1507416081186573,1260,9
1110,refine_2m,2.0,1050.0,448.0,1141.5796073861866,0.9885245901639345,1.0,0.0,0.9885245901639345,0.022404371584699455,0.022404371584699455,0.9,0.016666666666666666,0.016666666666666666,56.46562404078598,61.23930970527767,89.76526885317887,97.12168568383368,108.8134106291887,0.0,29.792037133699928,0.15120999219359876,1260,9
1111,refine_2m,2.0,1048.0,454.0,1142.1120785632206,0.9885245901639345,1.0,0.0,0.9885245901639345,0.003200624512099922,0.003200624512099922,0.9,0.002380952380952381,0.002380952380952381,56.39878165921492,61.076473054664284,89.30557791315438,96.89382491641565,108.37976202137173,0.0,29.532831299873752,0.15191256830601094,1260,9
1112,refine_2m,2.0,1050.0,450.0,1142.3659658795862,0.9885245901639345,1.0,0.0,0.9885245901639345,0.022404371584699455,0.022404371584699455,0.9,0.016666666666666666,0.016666666666666666,56.381689676187605,61.175421766263945,89.61922240111036,96.94417147295327,108.53711316557633,0.0,29.6982182992819,0.1523809523809524,1260,9
1113,refine_2m,2.0,1048.0,456.0,1142.9085702714806,0.9885245901639345,1.0,0.0,0.9885245901639345,0.0021337496747332813,0.0021337496747332813,0.9,0.0015873015873015873,0.0015873015873015873,56.38441964386714,61.01565354679989,89.06725443565851,96.70914089878626,108.11174318912317,0.0,29.440536257335612,0.15308352849336457,1260,9
1114,refine_2m,2.0,1050.0,452.0,1143.1552825403905,0.9885245901639345,1.0,0.0,0.9885245901639345,0.008534998698933125,0.008534998698933125,0.9,0.006349206349206349,0.006349206349206349,56.34279984404613,61.11262760322015,89.47507306320276,96.75647712110194,108.26438149585428,0.0,29.604938167318632,0.15339578454332553,1260,9
