stage,resolution_m,x,y,movement_distance,guaranteed_receive_coverage,possible_receive_coverage,near_area_coverage,direction_available_coverage,clear_ready_coverage,operational_good_coverage,uniform_guaranteed_receive_coverage,uniform_clear_ready_coverage,uniform_operational_good_coverage,worst_diameter_median,worst_diameter_mean,worst_diameter_p90,worst_diameter_p95,worst_diameter_max,unbounded_fraction_of_direction_area,mean_abs_orthogonality_error_deg,orthogonal_80_100_area_coverage,target_sample_count,epsilon_sample_count
refine_50m,50.0,-50.0,0.0,50.0,0.40491803278688526,0.9349726775956284,0.0,0.40491803278688526,0.0,0.0,0.6333333333333333,0.0,0.0,nan,nan,nan,nan,nan,1.0,89.95413337040908,0.0,1260,9
refine_50m,50.0,-50.0,50.0,70.71067811865476,0.3841530054644809,0.9047879260994015,0.0,0.3841530054644809,0.00546448087431694,0.00546448087431694,0.6166666666666667,0.06666666666666667,0.06666666666666667,1388.4974426199367,53994.94816267617,8284.231617240534,15246.963111045683,19689802.390404623,0.1577592630224209,84.9100358221489,0.0,1260,9
refine_50m,50.0,-50.0,450.0,452.76925690687085,0.3074421025240697,0.8372365339578455,0.0,0.3074421025240697,0.049050221181368724,0.049050221181368724,0.5507936507936508,0.2150793650793651,0.2150793650793651,84.87687050931316,85.07575277223151,136.85039724530367,143.8594564207013,163.2517261729318,0.0,51.44836349859049,0.0004163413999479573,1260,9
refine_50m,50.0,-50.0,500.0,502.4937810560445,0.28852459016393445,0.8114754098360656,0.0,0.28852459016393445,0.04972677595628415,0.04972677595628415,0.5333333333333333,0.21666666666666667,0.21666666666666667,76.89955993051852,76.42349693619502,119.74908816399886,125.29531862406323,134.1663366785815,0.0,47.93251383500502,0.000546448087431694,1260,9
refine_50m,50.0,-50.0,550.0,552.268050859363,0.2710382513661202,0.7903981264637002,0.0,0.2710382513661202,0.04972677595628415,0.04972677595628415,0.5166666666666667,0.21666666666666667,0.21666666666666667,70.38552950242457,70.03033102795025,106.77292918905712,111.84412963329984,118.50360416223484,0.0,44.63954149422893,0.0009107468123861566,1260,9
refine_50m,50.0,0.0,0.0,0.0,0.9669008587041374,0.9968774395003903,0.0,0.9669008587041374,0.0,0.0,0.9793650793650793,0.0,0.0,nan,nan,nan,nan,nan,1.0,90.0,0.0,1260,9
refine_50m,50.0,0.0,50.0,50.0,0.4308352849336456,0.9687743950039032,0.0,0.4308352849336456,0.01053864168618267,0.01053864168618267,0.6523809523809524,0.09523809523809523,0.09523809523809523,1296.329730891573,4406.342919497345,7576.382996309114,15242.677776584904,223282.27257497824,0.16724044210907774,84.47142142383181,0.0,1260,9
refine_50m,50.0,0.0,450.0,450.0,0.34613583138173304,0.8988290398126464,0.0,0.34613583138173304,0.05737704918032787,0.05737704918032787,0.584920634920635,0.23333333333333334,0.23333333333333334,85.66301596501113,85.49898941580352,140.34467076560975,147.16918790142626,167.94376669483074,0.0,50.36221867420816,0.002888368462138954,1260,9
refine_50m,50.0,0.0,500.0,500.0,0.3251366120218579,0.8721311475409836,0.0,0.3251366120218579,0.05737704918032787,0.05737704918032787,0.5666666666666667,0.23333333333333334,0.23333333333333334,76.74033418890099,76.66420716324208,122.74025571656117,128.46521319077794,138.10721292413746,0.0,46.817582589392906,0.003278688524590164,1260,9
refine_50m,50.0,0.0,550.0,550.0,0.30655737704918035,0.8502732240437159,0.0,0.30655737704918035,0.05737704918032787,0.05737704918032787,0.55,0.23333333333333334,0.23333333333333334,70.4177466251518,70.29928131914976,109.34372011943702,114.784933763728,121.97948033683504,0.0,43.53905042309154,0.004007285974499089,1260,9
refine_50m,50.0,50.0,0.0,50.0,1.0,1.0,0.001092896174863388,0.9989071038251366,0.0,0.001092896174863388,1.0,0.0,0.016666666666666666,50.00000000000001,50.00000000000001,50.00000000000001,50.000000000000014,50.000000000000014,0.99945295404814,89.96086425161765,0.0,1260,9
refine_50m,50.0,50.0,50.0,70.71067811865476,1.0,1.0,0.0,1.0,0.01483216237314598,0.01483216237314598,1.0,0.10238095238095238,0.10238095238095238,1902.3219748752101,14092.948158816549,18602.30872069149,43540.09634586529,1500731.943001686,0.49661722612542286,85.80419550060871,0.001092896174863388,1260,9
refine_50m,50.0,50.0,250.0,254.95097567963924,1.0,1.0,0.0,1.0,0.052276867030965395,0.052276867030965395,1.0,0.20793650793650795,0.20793650793650795,365.9034962341429,384.4258164483711,722.6459307650325,810.0526828043571,1027.5169302412087,0.0,72.14009193411651,0.003278688524590164,1260,9
refine_50m,50.0,50.0,300.0,304.138126514911,0.9958105646630236,1.0,0.0,0.9958105646630236,0.05667447306791569,0.05667447306791569,0.9968253968253968,0.21746031746031746,0.21746031746031746,300.1890669428475,311.47569225995363,573.4848350760303,631.1985013596035,773.7003300578766,0.0,69.2041632202337,0.004944054124381993,1260,9
refine_50m,50.0,50.0,350.0,353.5533905932738,0.7323965651834504,1.0,0.0,0.7323965651834504,0.06448087431693988,0.06448087431693988,0.8206349206349206,0.23333333333333334,0.23333333333333334,186.021727590296,253.9781548796704,497.7096395533601,536.3726456790877,623.1673891649207,0.0,64.37598216580491,0.00546448087431694,1260,9
refine_50m,50.0,50.0,400.0,403.11288741492746,0.4203486859224564,0.9750195160031225,0.0,0.4203486859224564,0.06448087431693988,0.06448087431693988,0.6412698412698413,0.23333333333333334,0.23333333333333334,98.32618161130156,111.31583529134748,170.61670292367438,185.47816633267584,523.8962227518194,0.0,53.57643116978641,0.0059849076242518865,1260,9
refine_50m,50.0,50.0,450.0,452.76925690687085,0.3861306271142337,0.9626073380171741,0.0,0.3861306271142337,0.06739526411657559,0.06739526411657559,0.6182539682539683,0.2388888888888889,0.2388888888888889,84.8062951757095,85.7306629824992,143.38753077297704,150.55629207043705,172.65981892694865,0.0,49.19341924371064,0.0075461878740567265,1260,9
refine_50m,50.0,50.0,500.0,502.4937810560445,0.3648972157168878,0.9349726775956284,0.0,0.3648972157168878,0.06934686442883164,0.06934686442883164,0.6007936507936508,0.22698412698412698,0.22698412698412698,76.68016126899671,77.1248437104543,125.79981398316663,131.9555110801067,149.61900431197955,0.0,45.70065997015364,0.00819672131147541,1260,9
refine_50m,50.0,50.0,550.0,552.268050859363,0.3442622950819672,0.9123341139734582,0.0,0.3442622950819672,0.06934686442883164,0.06934686442883164,0.5833333333333334,0.22698412698412698,0.22698412698412698,70.35273859140634,70.59525200145143,112.1100522282314,117.20804257896705,125.473374410987,0.0,42.40614451969038,0.009289617486338797,1260,9
refine_50m,50.0,50.0,600.0,602.0797289396148,0.3162893572729638,0.8869633099141296,0.0,0.3162893572729638,0.06643247462919594,0.06643247462919594,0.5587301587301587,0.22142857142857142,0.22142857142857142,64.35921935199242,64.59972561502326,99.83045204643254,104.26289563088696,112.51959929138114,0.0,38.95576230268422,0.010694769711163154,1260,9
refine_50m,50.0,50.0,650.0,651.9202405202649,0.2868592245641426,0.8590163934426229,0.0,0.2868592245641426,0.06393442622950819,0.06393442622950819,0.5317460317460317,0.21666666666666667,0.21666666666666667,59.53781600519763,59.4630474561314,88.64981737435559,92.64089921335383,97.35659409700595,0.0,35.55046168575884,0.011657559198542805,1260,9
refine_50m,50.0,50.0,700.0,701.78344238091,0.25571168358053603,0.8286494925839188,0.0,0.25571168358053603,0.06393442622950819,0.06393442622950819,0.5015873015873016,0.21666666666666667,0.21666666666666667,55.63089020114103,55.152489510583486,79.48486494671265,82.51710178838051,89.6255770316795,0.0,32.1538901984349,0.013114754098360656,1260,9
refine_50m,50.0,50.0,750.0,751.6648189186454,0.2211553473848556,0.7960187353629976,0.0,0.2211553473848556,0.056128024980484,0.056128024980484,0.4658730158730159,0.2007936507936508,0.2007936507936508,51.12866960316588,51.239992811874316,71.12818010428178,73.90513394328936,79.58978771259517,0.0,28.631790797345936,0.014389799635701275,1260,9
refine_50m,50.0,50.0,850.0,851.46931829632,0.14543325526932085,0.7219620088472547,0.0,0.14543325526932085,0.048087431693989074,0.048087431693989074,0.3761904761904762,0.18333333333333332,0.18333333333333332,44.17695667052317,44.563091593993526,56.52964671088579,57.18345469622409,59.72494366791785,0.0,21.101870156337107,0.01738225344782722,1260,9
refine_50m,50.0,50.0,900.0,901.3878188659974,0.1034087952120739,0.6837106427270362,0.0,0.1034087952120739,0.040983606557377046,0.040983606557377046,0.31587301587301586,0.16666666666666666,0.16666666666666666,41.834604986060775,41.53758458880869,48.98268961082518,50.764586889395325,53.0847890987176,0.0,16.75571528204639,0.018631277647671092,1260,9
refine_50m,50.0,50.0,950.0,951.3148795220224,0.05748113453031486,0.6401769450949779,0.0,0.05748113453031486,0.03442622950819672,0.03442622950819672,0.23333333333333334,0.15,0.15,38.23041126162795,38.526683685282556,43.16995555509418,43.257777858730144,44.8033487639439,0.0,11.375068914667272,0.02107728337236534,1260,9
refine_50m,50.0,100.0,250.0,269.2582403567252,1.0,1.0,0.0,1.0,0.0633879781420765,0.0633879781420765,1.0,0.23333333333333334,0.23333333333333334,336.34135744426715,355.60952640729965,673.6202103763651,755.9647553945701,959.2516982115734,0.0,70.80073706575337,0.006557377049180328,1260,9
refine_50m,50.0,100.0,300.0,316.22776601683796,1.0,1.0,0.0,1.0,0.07004944054124382,0.07004944054124382,1.0,0.24603174603174602,0.24603174603174602,276.9626795101267,288.9504593571105,536.171366713921,592.3669453495135,725.8314350291873,0.0,67.79226429115097,0.009888108248763986,1260,9
refine_50m,50.0,100.0,350.0,364.0054944640259,1.0,1.0,0.0,1.0,0.07213114754098361,0.07213114754098361,1.0,0.25,0.25,238.01953048800422,245.61098929030143,448.1912127160183,490.33929341967195,586.4785030023934,0.0,64.9703370617508,0.01092896174863388,1260,9
refine_50m,50.0,100.0,400.0,412.31056256176606,1.0,1.0,0.0,1.0,0.07788186312776477,0.07788186312776477,1.0,0.26031746031746034,0.26031746031746034,209.0969700317014,215.3441423914288,389.3718953445038,420.6076494957366,494.22512484451215,0.0,62.320171379790075,0.011761644548529794,1260,9
refine_50m,50.0,100.0,450.0,460.9772228646444,0.9304970075461879,1.0,0.0,0.9304970075461879,0.0814207650273224,0.0814207650273224,0.9492063492063492,0.26666666666666666,0.26666666666666666,201.5295165781367,194.518842984439,347.71624628364543,371.8968453406061,428.9061318292524,0.0,59.476986561189875,0.014259692948217538,1260,9
refine_50m,50.0,100.0,500.0,509.9019513592785,0.6632058287795993,1.0,0.0,0.6632058287795993,0.07978142076502732,0.07978142076502732,0.7746031746031746,0.25,0.25,117.32391232755207,164.91047869135778,324.2501100018822,342.2733727656447,380.4267891202319,0.0,54.00181600100989,0.015300546448087432,1260,9
refine_50m,50.0,100.0,550.0,559.0169943749474,0.4017174082747853,0.9765807962529274,0.0,0.4017174082747853,0.07978142076502732,0.07978142076502732,0.6253968253968254,0.25,0.25,72.75432221429477,82.73008846685696,119.56858388704993,128.36090187864139,343.1739541302219,0.0,42.49761151614616,0.016757741347905284,1260,9
refine_50m,50.0,100.0,600.0,608.276253029822,0.3545667447306792,0.9503252667187093,0.0,0.3545667447306792,0.07978142076502732,0.07978142076502732,0.5920634920634921,0.25,0.25,64.15047086909948,64.94545477715012,101.96521258947291,106.69405976025705,115.66230790721075,0.0,37.86414418349141,0.018631277647671092,1260,9
refine_50m,50.0,100.0,650.0,657.6473218982952,0.3224824355971897,0.9213895394223263,0.0,0.3224824355971897,0.07535779339058028,0.07535779339058028,0.5642857142857143,0.24206349206349206,0.24206349206349206,59.14759592311682,59.73090062605901,90.43877732791962,95.03388532110888,100.12449844830178,0.0,34.44415613406489,0.01990632318501171,1260,9
refine_50m,50.0,100.0,700.0,707.1067811865476,0.2911007025761124,0.8899297423887588,0.0,0.2911007025761124,0.07049180327868852,0.07049180327868852,0.5357142857142857,0.23333333333333334,0.23333333333333334,55.39051497873924,55.632952394159666,81.5172191339316,84.73904839602437,92.15775819081252,0.0,31.159852247848743,0.02177985948477752,1260,9
refine_50m,50.0,100.0,750.0,756.6372975210778,0.25336976320582877,0.8561020036429873,0.0,0.25336976320582877,0.07049180327868852,0.07049180327868852,0.4992063492063492,0.23333333333333334,0.23333333333333334,52.10302348042735,51.64217837626176,72.8728030280882,75.93299952645962,81.86123194988407,0.0,27.626966858315463,0.0234192037470726,1260,9
refine_50m,50.0,100.0,850.0,855.8621384311845,0.1717408274785324,0.7792609940150924,0.0,0.1717408274785324,0.053551912568306013,0.053551912568306013,0.4095238095238095,0.2,0.2,45.20258053968914,44.93238476266414,57.96531435745507,58.81448846305801,61.471615256838206,0.0,20.16777808679269,0.027192297684100964,1260,9
refine_50m,50.0,100.0,900.0,905.5385138137417,0.12521467603434816,0.7394743689825657,0.0,0.12521467603434816,0.04590163934426229,0.04590163934426229,0.3484126984126984,0.18333333333333332,0.18333333333333332,41.561398483581875,41.840150451875715,50.302735574713886,52.165780862764144,54.60570885583482,0.0,15.830668154046245,0.028753577933905802,1260,9
refine_50m,50.0,100.0,950.0,955.24865872714,0.07444704657819412,0.6954983086130627,0.0,0.07444704657819412,0.03879781420765027,0.03879781420765027,0.26666666666666666,0.16666666666666666,0.16666666666666666,39.02365095340249,38.83520908270103,44.259097059966145,44.37694165935359,45.98979403955267,0.0,10.594805452371903,0.03177205308352849,1260,9
refine_50m,50.0,150.0,150.0,212.13203435596427,1.0,1.0,0.0,1.0,0.05644028103044497,0.05644028103044497,1.0,0.22142857142857142,0.22142857142857142,564.2752709318223,655.4488216393365,1365.4477074807062,1634.1434375736485,2547.5953206061886,0.0,76.27676783317455,0.008326827998959146,1260,9
refine_50m,50.0,150.0,200.0,250.0,1.0,1.0,0.0,1.0,0.06687483736664064,0.06687483736664064,1.0,0.24206349206349206,0.24206349206349206,396.1519829969472,432.34901202303655,854.5608750687004,977.3192001407889,1319.0309877884424,0.0,72.68359498841872,0.009836065573770493,1260,9
refine_50m,50.0,150.0,250.0,291.547594742265,1.0,1.0,0.0,1.0,0.07457715326567786,0.07457715326567786,1.0,0.2563492063492063,0.2563492063492063,308.7721245612204,328.3846121311834,628.1879393193433,703.3822216710188,894.4768207034291,0.0,69.35714185080208,0.009836065573770493,1260,9
refine_50m,50.0,150.0,300.0,335.4101966249685,1.0,1.0,0.0,1.0,0.08032786885245902,0.08032786885245902,1.0,0.26666666666666666,0.26666666666666666,255.8095038304405,267.87465814632696,502.0966449033686,555.190631607781,680.0716248578192,0.0,66.26301590631348,0.01504033307311996,1260,9
refine_50m,50.0,150.0,350.0,380.7886552931954,1.0,1.0,0.0,1.0,0.08688524590163935,0.08688524590163935,1.0,0.2777777777777778,0.2777777777777778,220.07207926372143,228.41523064064324,422.6973869699014,461.24260539517877,551.2545725987986,0.0,63.37664779081285,0.01639344262295082,1260,9
refine_50m,50.0,150.0,400.0,427.20018726587654,1.0,1.0,0.0,1.0,0.09016393442622951,0.09016393442622951,1.0,0.2833333333333333,0.2833333333333333,193.6283272541474,200.82520163173965,367.11397930665703,396.09089651972704,465.6596869400734,0.0,60.678765533373834,0.017720530835284933,1260,9
refine_50m,50.0,150.0,450.0,474.3416490252569,1.0,1.0,0.0,1.0,0.09016393442622951,0.09016393442622951,1.0,0.2833333333333333,0.2833333333333333,175.50869765585458,180.6069987377433,325.8263393545721,349.5277724100827,404.9179903992798,0.0,58.15334268026039,0.02138953942232631,1260,9
refine_50m,50.0,150.0,500.0,522.0153254455275,1.0,1.0,0.0,1.0,0.08743169398907104,0.08743169398907104,1.0,0.26666666666666666,0.26666666666666666,161.07140723585684,165.28716593822068,294.3681995665891,314.31255245162765,359.7742167018043,0.0,55.78654818804032,0.022950819672131147,1260,9
refine_50m,50.0,150.0,550.0,570.087712549569,0.9098100442362738,1.0,0.0,0.9098100442362738,0.08743169398907104,0.08743169398907104,0.9341269841269841,0.26666666666666666,0.26666666666666666,163.46911388379698,154.54585761666291,272.54323407960965,288.842427126373,325.05820366657844,0.0,53.08212556976517,0.025136612021857924,1260,9
refine_50m,50.0,150.0,600.0,618.4658438426491,0.682383554514702,1.0,0.0,0.682383554514702,0.08743169398907104,0.08743169398907104,0.7833333333333333,0.26666666666666666,0.26666666666666666,100.42384802283985,138.3227728217893,258.910613089173,271.35494973486317,297.6549592124997,0.0,48.32518889159114,0.027946916471506635,1260,9
refine_50m,50.0,150.0,650.0,667.0832032063167,0.41756440281030444,0.9859484777517564,0.0,0.41756440281030444,0.08743169398907104,0.08743169398907104,0.626984126984127,0.26666666666666666,0.26666666666666666,66.1472783677146,86.52267635738863,247.77685197144464,258.3895352860126,275.5757877771222,0.0,37.52637920165772,0.02984647410876919,1260,9
refine_50m,50.0,150.0,700.0,715.8910531638177,0.326984126984127,0.9533957845433255,0.0,0.326984126984127,0.08040593286494926,0.08040593286494926,0.5682539682539682,0.25476190476190474,0.25476190476190474,54.99792763392288,55.958838312141744,83.10543358501049,86.73819297899664,94.70600900246409,0.0,30.154298596571838,0.03231850117096019,1260,9
refine_50m,50.0,150.0,750.0,764.8529270389178,0.287743950039032,0.9183710642727037,0.0,0.287743950039032,0.07759562841530054,0.07759562841530054,0.5325396825396825,0.25,0.25,51.79773735393171,52.05401583555155,74.5878683040483,77.80748923061991,84.1502279457528,0.0,26.700840961612144,0.034504293520686964,1260,9
refine_50m,50.0,150.0,800.0,813.9410298049853,0.2462919594067135,0.8825136612021858,0.0,0.2462919594067135,0.06830601092896176,0.06830601092896176,0.49206349206349204,0.23333333333333334,0.23333333333333334,48.04042514473882,48.61467715060827,66.20127488386107,68.80100497675983,72.4016365950154,0.0,23.16588838000477,0.03731459797033568,1260,9
refine_50m,50.0,150.0,850.0,863.1338250816034,0.19953161592505855,0.83871975019516,0.0,0.19953161592505855,0.06747332812906584,0.06747332812906584,0.44206349206349205,0.23174603174603176,0.23174603174603176,44.8936888395422,45.27812760672684,59.38941397903757,60.39263093120292,63.24396965773439,0.0,19.298720060261672,0.03918813427010148,1260,9
refine_50m,50.0,150.0,900.0,912.4143795447329,0.15032526671870935,0.797423887587822,0.0,0.15032526671870935,0.059562841530054644,0.059562841530054644,0.3825396825396825,0.21666666666666667,0.21666666666666667,42.5368171106007,42.283947025379945,51.66981312986959,53.63145525233155,56.15868224322556,0.0,15.131486341074394,0.041061670569867294,1260,9
refine_50m,50.0,150.0,950.0,961.7692030835673,0.0935727296383034,0.7503773093937028,0.0,0.0935727296383034,0.04954462659380692,0.04954462659380692,0.3,0.19603174603174603,0.19603174603174603,38.84809096505653,39.180540915036325,45.37589979629908,45.52954534836139,47.22188527369247,0.0,10.005134146262709,0.04465261514441842,1260,9
refine_50m,50.0,200.0,150.0,250.0,1.0,1.0,0.0,1.0,0.06911267239136092,0.06911267239136092,1.0,0.24841269841269842,0.24841269841269842,510.08007195293555,593.965069796115,1245.2212326944186,1480.725537555391,2297.7317106045984,0.0,75.02894712361534,0.01131928181108509,1260,9
refine_50m,50.0,200.0,200.0,282.842712474619,1.0,1.0,0.0,1.0,0.07923497267759563,0.07923497267759563,1.0,0.26666666666666666,0.26666666666666666,360.75749165907945,396.2585179745409,787.7326041070944,900.2097969756712,1217.8826043510537,0.0,71.27537895781948,0.013114754098360656,1260,9
refine_50m,50.0,200.0,250.0,320.1562118716424,1.0,1.0,0.0,1.0,0.08907103825136611,0.08907103825136611,1.0,0.2833333333333333,0.2833333333333333,283.5166825375316,302.7004261513382,586.1131976976795,654.7189360768012,833.017561202924,0.0,67.83177995723909,0.013114754098360656,1260,9
refine_50m,50.0,200.0,300.0,360.5551275463989,1.0,1.0,0.0,1.0,0.09500390320062452,0.09500390320062452,1.0,0.29285714285714287,0.29285714285714287,234.88514321659574,247.9147592145836,471.3071107464876,519.6128841608543,636.3419310038214,0.0,64.65137496731056,0.019880301847514964,1260,9
refine_50m,50.0,200.0,350.0,403.11288741492746,1.0,1.0,0.0,1.0,0.0994535519125683,0.0994535519125683,1.0,0.3,0.3,202.64189021171057,212.0925129924536,396.9112107392956,432.8993777582021,517.4523227841785,0.0,61.701897523268656,0.02185792349726776,1260,9
refine_50m,50.0,200.0,400.0,447.21359549995793,1.0,1.0,0.0,1.0,0.10205568566224305,0.10205568566224305,1.0,0.30396825396825394,0.30396825396825394,179.27738832606866,187.02294963702366,346.0413080676679,373.0436793913827,438.17334473808785,0.0,58.95889080841488,0.023367161072079104,1260,9
refine_50m,50.0,200.0,450.0,492.44289008980525,1.0,1.0,0.0,1.0,0.10569867291178767,0.10569867291178767,1.0,0.30952380952380953,0.30952380952380953,162.7323292530356,168.65590352505592,307.52260473050274,329.43159851283406,381.7935414130867,0.0,56.40261702604112,0.028519385896435077,1260,9
refine_50m,50.0,200.0,500.0,538.5164807134504,1.0,1.0,0.0,1.0,0.10395524329950559,0.10395524329950559,1.0,0.29603174603174603,0.29603174603174603,150.27756680803557,154.75356682346563,278.56677059357327,296.39734753403656,339.8391652295351,0.0,54.016463977298784,0.030601092896174863,1260,9
refine_50m,50.0,200.0,550.0,585.2349955359813,1.0,1.0,0.0,1.0,0.1029143897996357,0.1029143897996357,1.0,0.29444444444444445,0.29444444444444445,140.38646028797635,143.97574972320137,255.19686382097638,271.5213199950933,307.5550808547745,0.0,51.786050216288494,0.033619568045797556,1260,9
refine_50m,50.0,200.0,600.0,632.4555320336759,0.9820973198022378,1.0,0.0,0.9820973198022378,0.09771012230028624,0.09771012230028624,0.9865079365079366,0.2865079365079365,0.2865079365079365,134.35711511185656,135.82378232491513,237.529960006496,252.01529730083965,282.06654379971826,0.0,49.62649861132945,0.037262555295342184,1260,9
refine_50m,50.0,200.0,650.0,680.0735254367721,0.8143377569607078,1.0,0.0,0.8143377569607078,0.09562841530054644,0.09562841530054644,0.8666666666666667,0.2833333333333333,0.2833333333333333,144.57281939204455,129.52515369118316,226.76726066615666,238.1677072806088,261.53334828123656,0.0,46.53775571020048,0.03983866770752017,1260,9
refine_50m,50.0,200.0,700.0,728.0109889280518,0.5962269060629717,1.0,0.0,0.5962269060629717,0.09562841530054644,0.09562841530054644,0.7261904761904762,0.2833333333333333,0.2833333333333333,78.78937457251142,114.27170270233731,218.90700597229625,227.3509669507734,244.72291082654604,0.0,41.12209393007663,0.04309133489461359,1260,9
refine_50m,50.0,200.0,750.0,776.2087348130012,0.36120218579234975,0.9828259172521467,0.0,0.36120218579234975,0.08524590163934426,0.08524590163934426,0.584920634920635,0.26666666666666666,0.26666666666666666,55.64295969415362,69.54975218337825,206.99392859829538,219.9525296728053,230.77866955798913,0.0,29.30453206001661,0.04600572469424929,1260,9
refine_50m,50.0,200.0,800.0,824.6211251235321,0.2801977621649753,0.945719489981785,0.0,0.2801977621649753,0.08384074941451991,0.08384074941451991,0.5253968253968254,0.2642857142857143,0.2642857142857143,49.06957016158422,49.06671926270574,67.91054659971802,70.50182193575603,74.43395516183497,0.0,22.393165089555534,0.049752797293780904,1260,9
refine_50m,50.0,200.0,850.0,873.212459828649,0.23015873015873015,0.9003642987249545,0.0,0.23015873015873015,0.07540983606557378,0.07540983606557378,0.4753968253968254,0.25,0.25,45.92468678867498,45.72614727756378,60.87188446034321,62.043309854019505,65.04005313567068,0.0,18.597286842645353,0.05225084569346865,1260,9
refine_50m,50.0,250.0,50.0,254.95097567963924,1.0,1.0,0.0,1.0,0.04865990111891751,0.04865990111891751,1.0,0.19206349206349208,0.19206349206349208,1364.9614525301606,8729.31666943912,10714.936216727858,21814.602804632894,688740.5220610785,0.3224824355971897,83.16372368672545,0.00546448087431694,1260,9
refine_50m,50.0,250.0,100.0,269.2582403567252,1.0,1.0,0.0,1.0,0.06801977621649753,0.06801977621649753,1.0,0.24841269841269842,0.24841269841269842,791.3907398385197,1240.6507544525293,2799.9983233145854,4077.9069417933347,14465.271923219128,0.0,78.11108544341761,0.00546448087431694,1260,9
refine_50m,50.0,250.0,150.0,291.547594742265,1.0,1.0,0.0,1.0,0.08188914910226386,0.08188914910226386,1.0,0.273015873015873,0.273015873015873,458.5881050585099,537.4704352124004,1127.9829063292577,1354.9529588614548,2073.3273645530317,0.0,73.73089255439238,0.014129586260733802,1260,9
refine_50m,50.0,250.0,200.0,320.1562118716424,1.0,1.0,0.0,1.0,0.09341660161332292,0.09341660161332292,1.0,0.2920634920634921,0.2920634920634921,329.1017473953352,362.5053875423243,731.3053779686044,835.7009020553098,1123.253674487421,0.0,69.80908849711757,0.01639344262295082,1260,9
refine_50m,50.0,250.0,250.0,353.5533905932738,1.0,1.0,0.0,1.0,0.1014832162373146,0.1014832162373146,1.0,0.3047619047619048,0.3047619047619048,258.62919212541317,278.5122201290884,546.2491696870975,609.7597666546028,774.7109886294621,0.0,66.2441975371389,0.01639344262295082,1260,9
refine_50m,50.0,250.0,300.0,390.51248379533274,1.0,1.0,0.0,1.0,0.1092896174863388,0.1092896174863388,1.0,0.31666666666666665,0.31666666666666665,215.7916670277587,229.04961383280562,440.21375683001577,484.7060364548249,594.5676133207133,0.0,62.97608004723511,0.024824355971896955,1260,9
refine_50m,50.0,250.0,350.0,430.11626335213134,1.0,1.0,0.0,1.0,0.11420765027322405,0.11420765027322405,1.0,0.3238095238095238,0.3238095238095238,186.10220711770023,196.63219276831916,372.1782742262092,405.6967200324294,485.030502833152,0.0,59.96397304013565,0.0273224043715847,1260,9
refine_50m,50.0,250.0,400.0,471.6990566028302,1.0,1.0,0.0,1.0,0.12021857923497267,0.12021857923497267,1.0,0.3325396825396825,0.3325396825396825,166.15130998958432,173.93208420821773,324.2372591731434,350.4124014755537,411.7407133420216,0.0,57.17763626253585,0.029247983346344004,1260,9
refine_50m,50.0,250.0,450.0,514.78150704935,1.0,1.0,0.0,1.0,0.12076502732240438,0.12076502732240438,1.0,0.3333333333333333,0.3333333333333333,151.02745039296215,157.3102419301911,288.88515358052047,310.5292970887399,359.5160461205456,0.0,54.593185183221756,0.03598750975800156,1260,9
refine_50m,50.0,250.0,500.0,559.0169943749474,1.0,1.0,0.0,1.0,0.11584699453551912,0.11584699453551912,1.0,0.31666666666666665,0.31666666666666665,139.67537002772482,144.74690047158563,262.04340777227594,279.5990448320429,320.610077582377,0.0,52.19091206429273,0.03825136612021858,1260,9
refine_50m,50.0,250.0,550.0,604.1522986797286,1.0,1.0,0.0,1.0,0.11584699453551912,0.11584699453551912,1.0,0.31666666666666665,0.31666666666666665,130.9208149161982,135.02855905641243,241.35632308512274,256.60524701851307,290.6563492789227,0.0,49.95405170560256,0.04205048139474369,1260,9
refine_50m,50.0,250.0,600.0,650.0,1.0,1.0,0.0,1.0,0.11584699453551912,0.11584699453551912,1.0,0.31666666666666665,0.31666666666666665,124.01597236304806,127.38133268145135,224.51357419744892,238.15286626349027,267.0061904510261,0.0,47.86803490405776,0.04657819411917773,1260,9
refine_50m,50.0,250.0,650.0,696.419413859206,0.9958365860005204,1.0,0.0,0.9958365860005204,0.10655737704918032,0.10655737704918032,0.9968253968253968,0.30317460317460315,0.30317460317460315,118.59971172912584,121.37124800533482,210.57317928632105,222.71702415982165,247.95965745312498,0.0,45.905918659387446,0.049830861306271144,1260,9
refine_50m,50.0,250.0,700.0,743.3034373659252,0.8712724434035909,1.0,0.0,0.8712724434035909,0.10437158469945355,0.10437158469945355,0.9055555555555556,0.3,0.3,126.8934299904519,117.62303963296606,201.9183091251907,211.95925785470007,232.3757314281264,0.0,43.44824319897777,0.053864168618266976,1260,9
refine_50m,50.0,250.0,750.0,790.5694150420949,0.6799895914650013,1.0,0.0,0.6799895914650013,0.0970856102003643,0.0970856102003643,0.7746031746031746,0.28888888888888886,0.28888888888888886,80.40352969991567,111.25230822128896,195.86682807478226,203.6733806971617,219.46013891281277,0.0,39.705231637108504,0.057507155867811605,1260,9
refine_50m,50.0,250.0,800.0,838.1527307120105,0.4504813947436898,1.0,0.0,0.4504813947436898,0.09344262295081968,0.09344262295081968,0.6293650793650793,0.2833333333333333,0.2833333333333333,60.07287945462681,90.76657616408437,192.01874651161899,197.78521002247751,208.64302694555792,0.0,32.012118863438616,0.06219099661722612,1260,9
refine_50m,50.0,250.0,850.0,886.0022573334675,0.26765547749154306,0.9657559198542806,0.0,0.26765547749154306,0.08306010928961749,0.08306010928961749,0.5111111111111111,0.26666666666666666,0.26666666666666666,45.779233468154395,48.88694499909054,62.824230949190195,65.94925728446216,199.5050208151488,0.0,18.67863514318758,0.0653135571168358,1260,9
refine_50m,50.0,250.0,900.0,934.0770846134702,0.2059849076242519,0.919880301847515,0.0,0.2059849076242519,0.073224043715847,0.073224043715847,0.4492063492063492,0.25,0.25,42.0966250852289,43.215160801991125,54.45251986382685,56.60346086887312,59.35106073236845,0.0,14.076193817181258,0.06851418162893573,1260,9
refine_50m,50.0,250.0,950.0,982.344135219425,0.13840749414519907,0.8692948217538381,0.0,0.13840749414519907,0.06393442622950819,0.06393442622950819,0.36666666666666664,0.23333333333333334,0.23333333333333334,39.53512267716174,40.05882434969974,46.374886577667816,47.971902983545576,49.80953339880832,0.0,9.371851072676066,0.0741608118657299,1260,9
refine_50m,50.0,300.0,50.0,304.138126514911,1.0,1.0,0.0,1.0,0.054670830080666144,0.054670830080666144,1.0,0.1595238095238095,0.1595238095238095,1208.4337284224425,20390.87233486284,9664.92073133077,18524.483436078313,8430034.501946013,0.2874056726515743,82.44690963140066,0.006557377049180328,1260,9
refine_50m,50.0,300.0,100.0,316.22776601683796,1.0,1.0,0.0,1.0,0.08173302107728338,0.08173302107728338,1.0,0.2746031746031746,0.2746031746031746,698.6619954344488,1060.9342308973994,2407.4436132634123,3470.515297118125,10371.559794278759,0.0,77.02547731810073,0.006557377049180328,1260,9
refine_50m,50.0,300.0,150.0,335.4101966249685,1.0,1.0,0.0,1.0,0.09726775956284153,0.09726775956284153,1.0,0.3,0.3,412.5456134588052,485.5749183707534,1034.0117025753802,1234.9183160284342,1871.0999057452004,0.0,72.39749237883497,0.01727816809784023,1260,9
refine_50m,50.0,300.0,200.0,360.5551275463989,1.0,1.0,0.0,1.0,0.10819672131147541,0.10819672131147541,1.0,0.31666666666666665,0.31666666666666665,297.11076156008477,330.9896935780981,674.5350718039805,774.3782897478029,1034.6839953414474,0.0,68.30108947046625,0.019672131147540985,1260,9
refine_50m,50.0,300.0,250.0,390.51248379533274,1.0,1.0,0.0,1.0,0.11912568306010929,0.11912568306010929,1.0,0.3325396825396825,0.3325396825396825,235.94912774438825,255.78078467528925,507.02024428211513,567.2776982356603,719.4050636072124,0.0,64.61126835493573,0.019672131147540985,1260,9
refine_50m,50.0,300.0,300.0,424.26406871192853,1.0,1.0,0.0,1.0,0.12482435597189695,0.12482435597189695,1.0,0.3404761904761905,0.3404761904761905,197.2977566158897,211.2614862154238,409.1128262860234,452.6532615899877,554.6779470573158,0.0,61.25399410480771,0.02976841009627895,1260,9
refine_50m,50.0,300.0,350.0,460.9772228646444,1.0,1.0,0.0,1.0,0.13169398907103824,0.13169398907103824,1.0,0.35,0.35,170.7257930222479,182.02611653967168,348.4752360155912,379.2860506015454,453.94983544639695,0.0,58.17947557180578,0.03278688524590164,1260,9
refine_50m,50.0,300.0,400.0,500.0,1.0,1.0,0.0,1.0,0.13169398907103824,0.13169398907103824,1.0,0.35,0.35,152.90325628100234,161.5492966669059,304.5553365991618,328.6601399395127,386.3375877624621,0.0,55.35123289063681,0.0351288056206089,1260,9
refine_50m,50.0,300.0,450.0,540.8326913195984,1.0,1.0,0.0,1.0,0.13289097059588864,0.13289097059588864,1.0,0.3515873015873016,0.3515873015873016,139.77873640799166,146.56933216042353,272.35740259112225,291.65495147650086,338.06957667490707,0.0,52.740869811065075,0.0429352068696331,1260,9
refine_50m,50.0,300.0,500.0,583.09518948453,1.0,1.0,0.0,1.0,0.12688004163414,0.12688004163414,1.0,0.3349206349206349,0.3349206349206349,129.86405972374868,135.2679601648389,247.16006847336638,263.87135566609675,302.0760102259818,0.0,50.32530098353047,0.04590163934426229,1260,9
refine_50m,50.0,300.0,550.0,626.4982043070834,1.0,1.0,0.0,1.0,0.12568306010928962,0.12568306010928962,1.0,0.3333333333333333,0.3333333333333333,122.01778107967061,126.54935537275283,228.00380751717077,242.46392822171273,274.3542668305205,0.0,48.08516355517041,0.050481394743689824,1260,9
refine_50m,50.0,300.0,600.0,670.820393249937,1.0,1.0,0.0,1.0,0.12568306010928962,0.12568306010928962,1.0,0.3333333333333333,0.3333333333333333,115.62972838499373,119.71306637840985,212.31111669952494,225.1843416786281,252.46830938797606,0.0,46.00384867144085,0.056310174342961226,1260,9
refine_50m,50.0,300.0,650.0,715.8910531638177,1.0,1.0,0.0,1.0,0.12568306010928962,0.12568306010928962,1.0,0.3333333333333333,0.3333333333333333,110.70332108957281,114.29037927748253,199.39084917171098,210.8362943345558,234.85061970164944,0.0,44.06687832391199,0.059380692167577416,1260,9
refine_50m,50.0,300.0,700.0,761.5773105863908,0.9979182930002602,1.0,0.0,0.9979182930002602,0.11366120218579236,0.11366120218579236,0.9984126984126984,0.31666666666666665,0.31666666666666665,106.92463070610184,109.99275104222527,188.74805912143952,199.63507419056924,220.4468996915647,0.0,42.255200636802776,0.06463700234192038,1260,9
refine_50m,50.0,300.0,750.0,807.7747210701756,0.8855321363518085,1.0,0.0,0.8855321363518085,0.11366120218579236,0.11366120218579236,0.915079365079365,0.31666666666666665,0.31666666666666665,114.52177972558643,107.71512507414995,182.44537033026876,191.4967907357076,208.52202742690284,0.0,40.104950285764616,0.06900858704137393,1260,9
refine_50m,50.0,300.0,800.0,854.4003745317531,0.7062971636742128,1.0,0.0,0.7062971636742128,0.10218579234972677,0.10218579234972677,0.7888888888888889,0.3,0.3,78.3949224521642,104.40332098443201,178.1817469580762,185.16040080757966,198.5478813213394,0.0,37.04785009181364,0.07478532396565184,1260,9
refine_50m,50.0,300.0,850.0,901.3878188659974,0.4965651834504293,1.0,0.0,0.4965651834504293,0.0912568306010929,0.0912568306010929,0.6484126984126984,0.2833333333333333,0.2833333333333333,60.14762559117921,94.63897283741505,175.43478019910216,180.50593298053997,190.13537708677043,0.0,31.69247278285753,0.07837626854020296,1260,9
refine_50m,50.0,300.0,900.0,948.6832980505138,0.2710382513661202,0.9843871975019516,0.0,0.2710382513661202,0.08087431693989071,0.08087431693989071,0.5,0.26666666666666666,0.26666666666666666,44.805423254572965,60.34982249181654,172.66463083060316,177.17160573587034,182.99163610466988,0.0,18.615611415481048,0.08225344782721832,1260,9
refine_50m,50.0,300.0,950.0,996.2429422585637,0.16411657559198542,0.933567525370804,0.0,0.16411657559198542,0.07103825136612021,0.07103825136612021,0.4,0.25,0.25,39.40238822724521,40.600526337489946,47.58057598023791,49.2595790980227,51.15894403671867,0.0,9.28240710302765,0.08899297423887588,1260,9
refine_50m,50.0,350.0,50.0,353.5533905932738,1.0,1.0,0.0,1.0,0.05893832943013271,0.05893832943013271,1.0,0.14047619047619048,0.14047619047619048,1099.2110643632438,6735.084908122411,8696.630496606564,16833.27731518477,961045.1485537055,0.25131407754358576,81.7214243405598,0.007650273224043716,1260,9
refine_50m,50.0,350.0,100.0,364.0054944640259,1.0,1.0,0.0,1.0,0.09557637262555295,0.09557637262555295,1.0,0.26825396825396824,0.26825396825396824,618.1162272836791,913.9871710983058,2086.633579592709,2975.2809373369546,7872.404265468953,0.0,75.92281519281464,0.007650273224043716,1260,9
refine_50m,50.0,350.0,150.0,380.7886552931954,1.0,1.0,0.0,1.0,0.11311475409836065,0.11311475409836065,1.0,0.3253968253968254,0.3253968253968254,369.92527810289334,437.9406623899104,935.9596691203235,1120.6202961378394,1688.3084955300835,0.0,71.04051330805399,0.02019255789747593,1260,9
refine_50m,50.0,350.0,200.0,403.11288741492746,1.0,1.0,0.0,1.0,0.1254488680718189,0.1254488680718189,1.0,0.34285714285714286,0.34285714285714286,268.9495031150313,301.62323019405613,620.8493209189749,712.3815918599223,951.7561443119562,0.0,66.76500787363588,0.022950819672131147,1260,9
refine_50m,50.0,350.0,250.0,430.11626335213134,1.0,1.0,0.0,1.0,0.13359354670830081,0.13359354670830081,1.0,0.353968253968254,0.353968253968254,213.76137067354668,234.47227786533205,467.7883113065599,526.2913482032791,666.9578240675316,0.0,62.947681744705044,0.022950819672131147,1260,9
refine_50m,50.0,350.0,300.0,460.9772228646444,1.0,1.0,0.0,1.0,0.1431693989071038,0.1431693989071038,1.0,0.36666666666666664,0.36666666666666664,179.3574561733628,194.53591454697548,383.13179952277994,421.94730652901535,516.606037237942,0.0,59.5003357017787,0.03471246422066094,1260,9
refine_50m,50.0,350.0,350.0,494.9747468305833,1.0,1.0,0.0,1.0,0.14504293520686964,0.14504293520686964,1.0,0.36904761904761907,0.36904761904761907,156.8695800709833,168.26846354770868,326.36311851719995,354.59556134103974,424.17298024546443,0.0,56.36381838446662,0.03825136612021858,1260,9
refine_50m,50.0,350.0,400.0,531.5072906367325,1.0,1.0,0.0,1.0,0.15066354410616706,0.15066354410616706,1.0,0.3761904761904762,0.3761904761904762,140.89350494023034,149.873105353463,285.292719658997,307.76903503421937,361.94095422997754,0.0,53.495086109296274,0.0410096278948738,1260,9
refine_50m,50.0,350.0,450.0,570.087712549569,1.0,1.0,0.0,1.0,0.15378610460577674,0.15378610460577674,1.0,0.38015873015873014,0.38015873015873014,129.1481766729185,136.43401053583585,255.13781463498634,273.5227998297576,317.4390448552762,0.0,50.86094697262875,0.05006505334374187,1260,9
refine_50m,50.0,350.0,500.0,610.3277807866851,1.0,1.0,0.0,1.0,0.14730679156908666,0.14730679156908666,1.0,0.36428571428571427,0.36428571428571427,120.32759597712032,126.31880800486788,232.63857387265145,248.51656589911445,284.2266676570873,0.0,48.43470381939036,0.053551912568306013,1260,9
refine_50m,50.0,350.0,550.0,651.9202405202649,1.0,1.0,0.0,1.0,0.14355971896955502,0.14355971896955502,1.0,0.3595238095238095,0.3595238095238095,113.34174843898235,118.54088565799586,214.88434674097323,228.82938335533686,258.6416205190245,0.0,46.19421006089061,0.058912308092635965,1260,9
refine_50m,50.0,350.0,600.0,694.6221994724903,1.0,1.0,0.0,1.0,0.1360655737704918,0.1360655737704918,1.0,0.35,0.35,107.83816710368019,112.46817107164495,200.36750110231444,212.68180924223344,238.44775691014055,0.0,44.12067324385173,0.06567785584179027,1260,9
refine_50m,50.0,350.0,650.0,738.24115301167,1.0,1.0,0.0,1.0,0.1360655737704918,0.1360655737704918,1.0,0.35,0.35,103.6285216796181,107.67696569301377,188.44819277978092,199.6743188294601,222.20252152520948,0.0,42.19787969875199,0.06932084309133489,1260,9
refine_50m,50.0,350.0,700.0,782.6237921249264,1.0,1.0,0.0,1.0,0.13008066614623992,0.13008066614623992,1.0,0.34206349206349207,0.34206349206349207,100.19096203478682,103.8727362281861,179.07304232011978,189.5825319136191,208.9337093512516,0.0,40.41166834102461,0.07540983606557378,1260,9
refine_50m,50.0,350.0,750.0,827.6472678623425,0.9947957325006506,1.0,0.0,0.9947957325006506,0.12349726775956284,0.12349726775956284,0.996031746031746,0.3333333333333333,0.3333333333333333,98.26082030819079,100.9251818683628,171.29668450315106,180.39974864536927,197.96234574162602,0.0,38.73680227155897,0.08100442362737445,1260,9
refine_50m,50.0,350.0,800.0,873.212459828649,0.8743429612282071,1.0,0.0,0.8743429612282071,0.11147540983606558,0.11147540983606558,0.9063492063492063,0.31666666666666665,0.31666666666666665,106.21322754904746,99.77897774011258,166.81907129016946,174.4023468028939,188.8000157763739,0.0,36.77423486637154,0.08727556596409056,1260,9
refine_50m,50.0,350.0,850.0,919.2388155425118,0.6980744210252406,1.0,0.0,0.6980744210252406,0.1,0.1,0.7793650793650794,0.3,0.3,117.41049366446873,98.28649332038476,163.5264681102468,169.62932472450268,181.0865177914433,0.0,34.182992496822564,0.09143897996357013,1260,9
refine_50m,50.0,350.0,900.0,965.6603957913983,0.49063231850117095,1.0,0.0,0.49063231850117095,0.08907103825136611,0.08907103825136611,0.6341269841269841,0.2833333333333333,0.2833333333333333,57.38152990186601,92.86982726341127,162.08547186832482,166.57283778528557,174.5504945248682,0.0,29.86951450853725,0.09599271402550091,1260,9
refine_50m,50.0,350.0,950.0,1012.4228365658294,0.2557897475930263,0.9921935987509758,0.0,0.2557897475930263,0.07782982045277127,0.07782982045277127,0.45,0.2492063492063492,0.2492063492063492,44.06808830656932,71.0680316141286,161.2317151853693,163.74578074420438,168.98373047441214,0.0,19.43416854675559,0.10361696591204787,1260,9
refine_50m,50.0,400.0,50.0,403.11288741492746,1.0,1.0,0.0,1.0,0.0599791829300026,0.0599791829300026,1.0,0.12222222222222222,0.12222222222222222,981.0897430168718,10997.26823907274,7238.270587078794,15056.356523329661,1777309.812891498,0.21717408274785324,80.99107135230742,0.008743169398907104,1260,9
refine_50m,50.0,400.0,100.0,412.31056256176606,1.0,1.0,0.0,1.0,0.10351288056206089,0.10351288056206089,1.0,0.23253968253968255,0.23253968253968255,539.3366971071217,790.9478248814551,1821.9790455074683,2564.9065793720683,6193.31175070613,0.0,74.81017837757442,0.008743169398907104,1260,9
refine_50m,50.0,400.0,150.0,427.20018726587654,1.0,1.0,0.0,1.0,0.12956023939630498,0.12956023939630498,1.0,0.3341269841269841,0.3341269841269841,329.1013227009457,394.2761983565408,855.2868413930905,1021.2971221030059,1522.646693490265,0.0,69.66968290347653,0.023054905022118138,1260,9
refine_50m,50.0,400.0,200.0,447.21359549995793,1.0,1.0,0.0,1.0,0.14207650273224043,0.14207650273224043,1.0,0.36666666666666664,0.36666666666666664,241.28898542075584,274.3291792359998,569.6788831995261,654.1024581453125,874.090721773883,0.0,65.21252646611734,0.02622950819672131,1260,9
refine_50m,50.0,400.0,250.0,471.6990566028302,1.0,1.0,0.0,1.0,0.1539422326307572,0.1539422326307572,1.0,0.3817460317460317,0.3817460317460317,193.51446252606777,214.55798908094005,435.6858816236296,487.3409361224379,617.2366625571887,0.0,61.266465837412376,0.02622950819672131,1260,9
refine_50m,50.0,400.0,300.0,500.0,1.0,1.0,0.0,1.0,0.1590944574551132,0.1590944574551132,1.0,0.3880952380952381,0.3880952380952381,162.5235191360527,178.86157999209564,355.65099303357914,392.2537902288352,480.28866136307477,0.0,57.729002544153204,0.040124902419984385,1260,9
refine_50m,50.0,400.0,350.0,531.5072906367325,1.0,1.0,0.0,1.0,0.1669008587041374,0.1669008587041374,1.0,0.3976190476190476,0.3976190476190476,143.0197394714312,155.3555997800647,303.38254407972374,330.6421520328891,395.6645138227931,0.0,54.53142136763576,0.04371584699453552,1260,9
refine_50m,50.0,400.0,400.0,565.685424949238,1.0,1.0,0.0,1.0,0.16885245901639345,0.16885245901639345,1.0,0.4,0.4,129.19373641996754,138.9036911592486,266.38644804919255,288.3438440879599,338.52901438450294,0.0,51.62389220597829,0.046890450169138696,1260,9
refine_50m,50.0,400.0,450.0,602.0797289396148,1.0,1.0,0.0,1.0,0.16885245901639345,0.16885245901639345,1.0,0.4,0.4,119.04622480128454,126.90645702524345,239.53611877927835,256.6748682035465,297.6102416092721,0.0,48.96821677656758,0.057194899817850635,1260,9
refine_50m,50.0,400.0,500.0,640.3124237432849,1.0,1.0,0.0,1.0,0.16065573770491803,0.16065573770491803,1.0,0.38333333333333336,0.38333333333333336,111.3113418178318,117.90280443800616,218.80190875297592,233.7216658422774,267.0524459286854,0.0,46.533902339030824,0.06120218579234973,1260,9
refine_50m,50.0,400.0,550.0,680.0735254367721,1.0,1.0,0.0,1.0,0.16065573770491803,0.16065573770491803,1.0,0.38333333333333336,0.38333333333333336,105.09230396901201,111.00700835693931,202.31290831572872,215.48645519077922,243.51176867536896,0.0,44.295866696823126,0.0673432214415821,1260,9
refine_50m,50.0,400.0,600.0,721.1102550927978,1.0,1.0,0.0,1.0,0.15740307051782462,0.15740307051782462,1.0,0.37936507936507935,0.37936507936507935,100.55291677399057,105.6506328650231,188.8779862023129,200.52341898281716,224.9398735969835,0.0,42.23301324559233,0.07473328129065834,1260,9
refine_50m,50.0,400.0,650.0,763.2168761236874,1.0,1.0,0.0,1.0,0.1469945355191257,0.1469945355191257,1.0,0.36666666666666664,0.36666666666666664,96.83377447959163,101.45204708106347,178.26179436675878,189.2434274208383,210.01206439486623,0.0,40.32730021538867,0.07926099401509237,1260,9
refine_50m,50.0,400.0,700.0,806.2257748298549,1.0,1.0,0.0,1.0,0.1469945355191257,0.1469945355191257,1.0,0.36666666666666664,0.36666666666666664,94.08485117701161,98.14559129550008,169.75149009793935,179.4129875536392,197.83381027388356,0.0,38.56310496331535,0.08618266978922717,1260,9
refine_50m,50.0,400.0,750.0,850.0,1.0,1.0,0.0,1.0,0.13387978142076504,0.13387978142076504,1.0,0.35,0.35,91.83478233417966,95.54074433337107,162.08754283345021,171.53045092733475,187.7794087989098,0.0,36.92677193207653,0.09255789747593027,1260,9
refine_50m,50.0,400.0,800.0,894.4271909999159,0.9853239656518346,1.0,0.0,0.9853239656518346,0.12370543845953683,0.12370543845953683,0.9888888888888889,0.33650793650793653,0.33650793650793653,91.8680805693199,93.68631220164221,156.2606934840117,165.1323408227769,179.3982109590292,0.0,35.37586215316558,0.09919333853760083,1260,9
refine_50m,50.0,400.0,850.0,939.4147114027968,0.8444704657819412,1.0,0.0,0.8444704657819412,0.12131147540983607,0.12131147540983607,0.8833333333333333,0.3333333333333333,0.3333333333333333,100.91494477923948,93.61076528879201,153.63487501244973,160.25386707866892,172.35754671518922,0.0,33.609109050486694,0.1045016913869373,1260,9
refine_50m,50.0,400.0,900.0,984.8857801796105,0.6615664845173042,1.0,0.0,0.6615664845173042,0.1092896174863388,0.1092896174863388,0.7484126984126984,0.31666666666666665,0.31666666666666665,112.40032179707178,93.53418139238627,152.09732006796193,157.12896885969852,166.4066146827109,0.0,31.435544084876415,0.1097319802237835,1260,9
refine_50m,50.0,400.0,950.0,1030.7764064044152,0.44395003903200625,1.0,0.0,0.44395003903200625,0.0825136612021858,0.0825136612021858,0.5373015873015873,0.23095238095238096,0.23095238095238096,123.0749387249269,92.50971877207367,151.1531543223772,154.76567021356468,161.3528668235711,0.0,28.450416220713528,0.11839708561020036,1260,9
refine_50m,50.0,450.0,50.0,452.76925690687085,1.0,1.0,0.0,1.0,0.0604735883424408,0.0604735883424408,1.0,0.10714285714285714,0.10714285714285714,856.7607199341223,6221.274033033647,6765.262129645019,14506.902285252334,539232.5965468497,0.18495966692688004,80.25902636861703,0.009836065573770493,1260,9
refine_50m,50.0,450.0,100.0,460.9772228646444,1.0,1.0,0.0,1.0,0.10884725474889409,0.10884725474889409,1.0,0.20714285714285716,0.20714285714285716,472.60343116552656,686.386456820191,1599.2450322836391,2203.161668306894,4991.472975927972,0.0,73.69355388150944,0.009836065573770493,1260,9
refine_50m,50.0,450.0,150.0,474.3416490252569,1.0,1.0,0.0,1.0,0.14153005464480875,0.14153005464480875,1.0,0.29444444444444445,0.29444444444444445,292.72916948160514,354.330574436204,776.7881782934312,929.0477330297754,1372.1598167634554,0.0,68.29341203944314,0.026411657559198543,1260,9
refine_50m,50.0,450.0,200.0,492.44289008980525,1.0,1.0,0.0,1.0,0.1620088472547489,0.1620088472547489,1.0,0.376984126984127,0.376984126984127,216.47040656810717,249.041620763765,524.0021728152892,598.413049778469,801.3422414130958,0.0,63.65400424731329,0.029508196721311476,1260,9
refine_50m,50.0,450.0,250.0,514.78150704935,1.0,1.0,0.0,1.0,0.1711423367161072,0.1711423367161072,1.0,0.403968253968254,0.403968253968254,173.6737791072313,196.01484313346802,401.9994346319601,449.7231152236672,570.117689710115,0.0,59.57946267960578,0.029508196721311476,1260,9
refine_50m,50.0,450.0,300.0,540.8326913195984,1.0,1.0,0.0,1.0,0.18129065833983868,0.18129065833983868,1.0,0.4158730158730159,0.4158730158730159,147.69139841784857,164.23050296867842,330.27095746697665,363.3296243303024,445.6661423401273,0.0,55.95291464801807,0.04512099921935987,1260,9
refine_50m,50.0,450.0,350.0,570.087712549569,1.0,1.0,0.0,1.0,0.1819672131147541,0.1819672131147541,1.0,0.4166666666666667,0.4166666666666667,130.62808269800587,143.28622986992858,283.1146550496116,307.7195544649908,368.39092915086667,0.0,52.695952399688075,0.04918032786885246,1260,9
refine_50m,50.0,450.0,400.0,602.0797289396148,1.0,1.0,0.0,1.0,0.18407494145199063,0.18407494145199063,1.0,0.41904761904761906,0.41904761904761906,118.49624753397947,128.64299929679115,249.37352916134435,268.5043136320166,316.0812250177801,0.0,49.751807430901174,0.052224824355971894,1260,9
refine_50m,50.0,450.0,450.0,636.3961030678928,1.0,1.0,0.0,1.0,0.18548009367681498,0.18548009367681498,1.0,0.42063492063492064,0.42063492063492064,109.55822885732546,117.99025940490175,224.11845405308176,240.946044880345,278.5698896763272,0.0,47.077123108127836,0.0643247462919594,1260,9
refine_50m,50.0,450.0,500.0,672.6812023536855,1.0,1.0,0.0,1.0,0.17338017174082748,0.17338017174082748,1.0,0.4007936507936508,0.4007936507936508,102.49781579743318,110.0242363233962,205.25734074699605,219.5670656852833,250.54448699993225,0.0,44.63747335342214,0.06885245901639345,1260,9
refine_50m,50.0,450.0,550.0,710.6335201775947,1.0,1.0,0.0,1.0,0.1726775956284153,0.1726775956284153,1.0,0.4,0.4,97.56044204245795,103.95248456024837,190.06350002794858,202.5757223497193,228.95869176240518,0.0,42.404723667421955,0.07577413479052823,1260,9
refine_50m,50.0,450.0,600.0,750.0,1.0,1.0,0.0,1.0,0.1726775956284153,0.1726775956284153,1.0,0.4,0.4,93.50674023012768,99.26541103514444,177.90526323354274,189.31719626675306,211.9405289798588,0.0,40.35537955570956,0.08404892011449389,1260,9
refine_50m,50.0,450.0,650.0,790.5694150420949,1.0,1.0,0.0,1.0,0.1638823835545147,0.1638823835545147,1.0,0.3896825396825397,0.3896825396825397,90.56622897199121,95.62046042860392,168.51125279097573,178.8399558918704,198.27640213397476,0.0,38.46949936703531,0.08920114493884986,1260,9
refine_50m,50.0,450.0,700.0,832.1658488546619,1.0,1.0,0.0,1.0,0.15846994535519127,0.15846994535519127,1.0,0.38333333333333336,0.38333333333333336,88.22496922259879,92.77891662457881,160.40709748210472,169.8842516462035,187.1452382668513,0.0,36.729946612328696,0.09695550351288056,1260,9
refine_50m,50.0,450.0,750.0,874.642784226795,1.0,1.0,0.0,1.0,0.1448087431693989,0.1448087431693989,1.0,0.36666666666666664,0.36666666666666664,86.59022633589186,90.56960063927147,153.6390788108008,162.84884186667327,177.97185835073338,0.0,35.12185534540673,0.10411137132448608,1260,9
refine_50m,50.0,450.0,800.0,917.8779875342909,1.0,1.0,0.0,1.0,0.1448087431693989,0.1448087431693989,1.0,0.36666666666666664,0.36666666666666664,85.36573073694574,88.86644577126334,148.3285232482526,156.5540674323835,170.3415211826053,0.0,33.63223436262512,0.11163153786104606,1260,9
refine_50m,50.0,450.0,850.0,961.7692030835673,0.9529794431433776,1.0,0.0,0.9529794431433776,0.13169398907103824,0.13169398907103824,0.9642857142857143,0.35,0.35,87.71764553987987,88.1429579168511,144.52483241438554,151.85400391785518,163.94779357264207,0.0,32.19893102947434,0.11756440281030445,1260,9
refine_50m,50.0,450.0,900.0,1006.2305898749054,0.7906062971636743,1.0,0.0,0.7906062971636743,0.11912568306010929,0.11912568306010929,0.8412698412698413,0.3333333333333333,0.3333333333333333,98.13813128375197,89.09983166254719,142.81727755947276,148.66795626801675,158.55950391542686,0.0,30.72333037571166,0.12409575852198804,1260,9
refine_50m,50.0,450.0,950.0,1051.189802081432,0.5867030965391621,1.0,0.0,0.5867030965391621,0.08576632838927921,0.08576632838927921,0.6063492063492063,0.21349206349206348,0.21349206349206348,110.07265798949476,91.76108713973579,142.78964076823993,146.87539183131753,153.99909388127955,0.0,29.481236853788197,0.13317720530835284,1260,9
refine_50m,50.0,450.0,1000.0,1096.5856099730654,0.2520947176684882,1.0,0.0,0.2520947176684882,0.008014571948998178,0.008014571948998178,0.1738095238095238,0.014285714285714285,0.014285714285714285,130.61192268328293,120.13238312042243,144.04403629412158,146.12046004625643,150.1280287018799,0.0,38.50746786218124,0.034504293520686964,1260,9
refine_50m,50.0,450.0,1050.0,1142.3659658795862,0.08110850897736144,0.9968774395003903,0.0,0.08110850897736144,0.0,0.0,0.04206349206349207,0.0,0.0,139.01685534410967,138.92638995131696,144.55162239527664,145.91496444756538,146.8367180758539,0.0,44.07767214350744,0.0,1260,9
refine_50m,50.0,500.0,50.0,502.4937810560445,1.0,1.0,0.0,1.0,0.06094197241738225,0.06094197241738225,1.0,0.09603174603174604,0.09603174603174604,740.244999112212,3940.2927371235355,5720.882202679548,10784.190785951538,279349.4014837848,0.15961488420504813,79.52809370269357,0.01092896174863388,1260,9
refine_50m,50.0,500.0,100.0,509.9019513592785,1.0,1.0,0.0,1.0,0.11196981524850377,0.11196981524850377,1.0,0.1865079365079365,0.1865079365079365,410.4571911863416,596.6802873852172,1411.876131512404,1902.4455852072244,4091.784107947051,0.0,72.57826824848884,0.01092896174863388,1260,9
refine_50m,50.0,500.0,150.0,522.0153254455275,1.0,1.0,0.0,1.0,0.14990892531876138,0.14990892531876138,1.0,0.26904761904761904,0.26904761904761904,256.5638054175199,317.88750163813495,698.8365155979775,833.7810190655514,1235.180512560927,0.0,66.91929202379887,0.029326047358834244,1260,9
refine_50m,50.0,500.0,200.0,538.5164807134504,1.0,1.0,0.0,1.0,0.17338017174082748,0.17338017174082748,1.0,0.3341269841269841,0.3341269841269841,192.40187500283787,225.70511695039707,480.973951197325,548.4099070024607,733.195576206415,0.0,62.098951848732796,0.03278688524590164,1260,9
refine_50m,50.0,500.0,250.0,559.0169943749474,1.0,1.0,0.0,1.0,0.192583918813427,0.192583918813427,1.0,0.3984126984126984,0.3984126984126984,154.90908825871094,178.82469612026543,369.7619866140857,414.88471440482357,525.4851805851504,0.0,57.897736636908824,0.03325526932084309,1260,9
refine_50m,50.0,500.0,300.0,583.09518948453,1.0,1.0,0.0,1.0,0.1970856102003643,0.1970856102003643,1.0,0.43492063492063493,0.43492063492063493,133.0465430205856,150.6379294890461,306.78895156628255,336.70671248875163,412.68225480788647,0.0,54.184344141554966,0.05011709601873536,1260,9
refine_50m,50.0,500.0,350.0,610.3277807866851,1.0,1.0,0.0,1.0,0.20437158469945355,0.20437158469945355,1.0,0.44285714285714284,0.44285714285714284,118.4058631034516,132.0612498582439,262.5222369876551,285.80435573254636,342.3206581596486,0.0,50.87058516462097,0.0546448087431694,1260,9
refine_50m,50.0,500.0,400.0,640.3124237432849,1.0,1.0,0.0,1.0,0.2087431693989071,0.2087431693989071,1.0,0.44761904761904764,0.44761904761904764,108.11256775653045,119.09458371075446,231.96819990524864,250.26516734708315,294.5783568302549,0.0,47.89264686898589,0.058053603955243296,1260,9
refine_50m,50.0,500.0,450.0,672.6812023536855,1.0,1.0,0.0,1.0,0.21020036429872496,0.21020036429872496,1.0,0.4492063492063492,0.4492063492063492,100.22303846895076,109.69024561575627,209.69096184386527,225.17347333730754,260.3057121057206,0.0,45.201906746512584,0.07145459276606818,1260,9
refine_50m,50.0,500.0,500.0,707.1067811865476,1.0,1.0,0.0,1.0,0.19763205828779598,0.19763205828779598,1.0,0.4301587301587302,0.4301587301587302,94.66410063858045,102.68855023566536,192.24304136460316,205.77632458476083,234.6947459861784,0.0,42.75990703251125,0.07650273224043716,1260,9
refine_50m,50.0,500.0,550.0,743.3034373659252,1.0,1.0,0.0,1.0,0.18961748633879782,0.18961748633879782,1.0,0.42142857142857143,0.42142857142857143,90.2146737939154,97.38287071798044,178.31587739803408,190.09089246429753,214.9770531436694,0.0,40.53537774129478,0.08420504813947437,1260,9
refine_50m,50.0,500.0,600.0,781.0249675906655,1.0,1.0,0.0,1.0,0.18524590163934426,0.18524590163934426,1.0,0.4166666666666667,0.4166666666666667,87.05156783433844,93.31801958153584,167.65095249472407,178.74002923159935,199.44617339005646,0.0,38.50236073459364,0.09336455893832943,1260,9
refine_50m,50.0,500.0,650.0,820.0609733428363,1.0,1.0,0.0,1.0,0.18524590163934426,0.18524590163934426,1.0,0.4166666666666667,0.4166666666666667,84.6099606509021,90.18764786368337,159.0284837576249,168.56536562702536,186.99318296852377,0.0,36.638965932963075,0.09914129586260734,1260,9
refine_50m,50.0,500.0,700.0,860.2325267042627,1.0,1.0,0.0,1.0,0.17049180327868851,0.17049180327868851,1.0,0.4,0.4,82.91005974320261,87.77814152689912,151.39883420335076,161.05183494250767,176.86644740986537,0.0,34.92651000022358,0.10772833723653395,1260,9
refine_50m,50.0,500.0,750.0,901.3878188659974,1.0,1.0,0.0,1.0,0.16710902940411138,0.16710902940411138,1.0,0.396031746031746,0.396031746031746,81.65446029507362,85.93611886914742,145.72720086025598,154.13574926797088,168.5386862394027,0.0,33.34889680825577,0.11527452511059068,1260,9
refine_50m,50.0,500.0,800.0,943.3981132056604,1.0,1.0,0.0,1.0,0.15628415300546447,0.15628415300546447,1.0,0.38333333333333336,0.38333333333333336,80.7561934803584,84.54869463500532,140.71604376572841,148.98531037141709,161.6292896593063,0.0,31.892156729323972,0.12406973718449128,1260,9
refine_50m,50.0,500.0,850.0,986.154146165801,0.9989591465001301,1.0,0.0,0.9989591465001301,0.14262295081967213,0.14262295081967213,0.9992063492063492,0.36666666666666664,0.36666666666666664,80.30493636459758,83.54413280508706,136.54865462714858,144.147250920187,155.85682235981815,0.0,30.543669357455425,0.1306271142336716,1260,9
refine_50m,50.0,500.0,900.0,1029.5630140987,0.8892011449388498,1.0,0.0,0.8892011449388498,0.12622950819672132,0.12622950819672132,0.8833333333333333,0.3,0.3,86.93231199863641,84.21876363745935,135.17493090275377,141.09218023051915,151.0088555418029,0.0,29.318018391033554,0.13788706739526413,1260,9
refine_50m,50.0,500.0,950.0,1073.5455276791945,0.6922456414259693,1.0,0.0,0.6922456414259693,0.09929742388758782,0.09929742388758782,0.6563492063492063,0.2126984126984127,0.2126984126984127,98.38016148625098,87.61035679156004,134.72085351413483,139.3000494188079,146.92217074645023,0.0,28.6432222213172,0.14795732500650532,1260,9
refine_50m,50.0,500.0,1000.0,1118.033988749895,0.3583398386677075,1.0,0.0,0.3583398386677075,0.004345563361956805,0.004345563361956805,0.2365079365079365,0.007936507936507936,0.007936507936507936,117.94809446651215,111.69139568327725,136.28025574549224,138.89730240443072,143.46939875311944,0.0,36.96295181386063,0.0410096278948738,1260,9
refine_50m,50.0,500.0,1050.0,1162.9703349613008,0.19942753057507157,1.0,0.0,0.19942753057507157,0.0,0.0,0.10634920634920635,0.0,0.0,126.07683564410281,126.1878073898696,136.00768090219444,138.03862200640148,140.54977752845255,0.0,41.506658789047435,0.0,1260,9
refine_50m,50.0,550.0,50.0,552.268050859363,1.0,1.0,0.0,1.0,0.05990111891751236,0.05990111891751236,1.0,0.08492063492063492,0.08492063492063492,648.2687957449274,4079.074122399394,4953.8181192970615,10761.94552067939,341199.7877402071,0.13156388238355451,78.80087289347554,0.012021857923497269,1260,9
refine_50m,50.0,550.0,100.0,559.0169943749474,1.0,1.0,0.0,1.0,0.11327088212334115,0.11327088212334115,1.0,0.16825396825396827,0.16825396825396827,353.1055207146829,519.2728891377203,1231.365056133812,1634.3100285203918,3395.469122766718,0.0,71.46928114174113,0.012021857923497269,1260,9
refine_50m,50.0,550.0,150.0,570.087712549569,1.0,1.0,0.0,1.0,0.1542544886807182,0.1542544886807182,1.0,0.24126984126984127,0.24126984126984127,226.4136468373939,284.7650434650208,636.3249034202678,751.9219320534543,1110.278039769121,0.0,65.5544560850323,0.03224043715846994,1260,9
refine_50m,50.0,550.0,200.0,585.2349955359813,1.0,1.0,0.0,1.0,0.18298204527712725,0.18298204527712725,1.0,0.30238095238095236,0.30238095238095236,170.14412456573982,204.2730830544968,437.19357208157714,502.08439063556295,669.3628858786457,0.0,60.556406108157695,0.036065573770491806,1260,9
refine_50m,50.0,550.0,250.0,604.1522986797286,1.0,1.0,0.0,1.0,0.20137913088732762,0.20137913088732762,1.0,0.3531746031746032,0.3531746031746032,138.66296072242986,162.97481798611557,341.36765442632765,381.9044185753962,483.2311031528766,0.0,56.231924839852425,0.03658600052042675,1260,9
refine_50m,50.0,550.0,300.0,626.4982043070834,1.0,1.0,0.0,1.0,0.21720010408534998,0.21720010408534998,1.0,0.3968253968253968,0.3968253968253968,119.84294425297362,138.08227298604393,282.44345176531874,311.1567590603,381.2841696862303,0.0,52.43522309958134,0.05573770491803279,1260,9
refine_50m,50.0,550.0,350.0,651.9202405202649,1.0,1.0,0.0,1.0,0.22404371584699453,0.22404371584699453,1.0,0.43333333333333335,0.43333333333333335,107.24783367819826,121.68380618833201,243.95555873514843,265.28417532666793,317.42412262948267,0.0,49.068259394899336,0.060109289617486336,1260,9
refine_50m,50.0,550.0,400.0,680.0735254367721,1.0,1.0,0.0,1.0,0.22568306010928962,0.22568306010928962,1.0,0.4666666666666667,0.4666666666666667,98.2642965765388,110.26374744491596,215.8641194455405,233.51616379305742,274.00257667215277,0.0,46.06009955934268,0.0638823835545147,1260,9
refine_50m,50.0,550.0,450.0,710.6335201775947,1.0,1.0,0.0,1.0,0.22568306010928962,0.22568306010928962,1.0,0.4666666666666667,0.4666666666666667,91.83778153246361,102.01258606001251,195.62953028157406,210.38219797018144,242.80652015363265,0.0,43.35678088337947,0.07858443924017694,1260,9
refine_50m,50.0,550.0,500.0,743.3034373659252,1.0,1.0,0.0,1.0,0.21420765027322405,0.21420765027322405,1.0,0.45,0.45,86.96369437717311,95.90221864837056,179.65420359405374,192.3741203167435,219.49607374106628,0.0,40.915748933206196,0.08415300546448087,1260,9
refine_50m,50.0,550.0,550.0,777.8174593052023,1.0,1.0,0.0,1.0,0.21420765027322405,0.21420765027322405,1.0,0.45,0.45,83.53851846187968,91.30468959882286,167.27297742482224,178.840604115154,201.5622712568795,0.0,38.70254639165617,0.0926359614884205,1260,9
refine_50m,50.0,550.0,600.0,813.9410298049853,1.0,1.0,0.0,1.0,0.19986989331251626,0.19986989331251626,1.0,0.43492063492063493,0.43492063492063493,80.98628198500454,87.81486566767056,157.81666844878643,167.92794690721402,187.45389758802312,0.0,36.68871403912952,0.10268019776216497,1260,9
refine_50m,50.0,550.0,650.0,851.46931829632,1.0,1.0,0.0,1.0,0.19836065573770492,0.19836065573770492,1.0,0.43333333333333335,0.43333333333333335,79.216848615256,85.15981019424271,149.4032379354677,159.30980428256558,176.16059619186439,0.0,34.85038980219178,0.10952380952380952,1260,9
refine_50m,50.0,550.0,700.0,890.2246907382428,1.0,1.0,0.0,1.0,0.1830601092896175,0.1830601092896175,1.0,0.4166666666666667,0.4166666666666667,77.93098275319393,83.14908177303258,143.20348757752137,152.0131108422904,166.99634437726806,0.0,33.16733217868997,0.11850117096018735,1260,9
refine_50m,50.0,550.0,750.0,930.0537618869137,1.0,1.0,0.0,1.0,0.1830601092896175,0.1830601092896175,1.0,0.4166666666666667,0.4166666666666667,77.0275238759446,81.64587797896985,137.8840415525394,146.29095607507116,159.47925760894992,0.0,31.622213649036233,0.126775956284153,1260,9
refine_50m,50.0,550.0,800.0,970.8243919473799,1.0,1.0,0.0,1.0,0.16666666666666666,0.16666666666666666,1.0,0.36666666666666664,0.36666666666666664,76.43182948781539,80.54944517304229,133.42335239991527,141.23141949103803,153.26116214177551,0.0,30.200092813221737,0.1365079365079365,1260,9
refine_50m,50.0,550.0,850.0,1012.4228365658294,1.0,1.0,0.0,1.0,0.14863387978142076,0.14863387978142076,1.0,0.31666666666666665,0.31666666666666665,76.08774481401896,79.78418426653363,129.98685271176925,137.34818358931017,148.08443706645397,0.0,28.88800914522702,0.14368982565703878,1260,9
refine_50m,50.0,550.0,900.0,1054.7511554864493,0.9654696851418163,1.0,0.0,0.9654696851418163,0.1251366120218579,0.1251366120218579,0.9111111111111111,0.25,0.25,78.06734581845494,79.84563132020018,127.56084938289351,134.08569754537075,143.7545482447832,0.0,27.701916900380645,0.1516783762685402,1260,9
refine_50m,50.0,550.0,950.0,1097.7249200050073,0.7746812386156648,1.0,0.0,0.7746812386156648,0.08865469685141816,0.08865469685141816,0.6928571428571428,0.1626984126984127,0.1626984126984127,89.11067132446325,83.18866814890313,127.48180594937595,132.50643542459775,140.12199477992777,0.0,27.22233654561772,0.16198282591725216,1260,9
refine_50m,50.0,550.0,1000.0,1141.2712210513328,0.4332812906583398,1.0,0.0,0.4332812906583398,0.0,0.0,0.28174603174603174,0.0,0.0,108.34034161122828,104.00006961659523,129.61500596229146,132.35791251147668,137.0701064660198,0.0,34.845649908063876,0.046187874056726516,1260,9
refine_50m,50.0,550.0,1050.0,1185.32695911297,0.28711943793911004,1.0,0.0,0.28711943793911004,0.0,0.0,0.15714285714285714,0.0,0.0,115.84720433617716,115.86047418503654,129.25657269566076,131.0873399459882,134.50659275844745,0.0,38.78232932262544,0.0,1260,9
refine_50m,50.0,600.0,50.0,602.0797289396148,1.0,1.0,0.0,1.0,0.056856622430392925,0.056856622430392925,1.0,0.07380952380952381,0.07380952380952381,560.96059089183,3097.085691587927,4170.744235690854,8812.365151038455,255905.00468081288,0.10960187353629977,78.07987897613715,0.013114754098360656,1260,9
refine_50m,50.0,600.0,100.0,608.276253029822,1.0,1.0,0.0,1.0,0.11238615664845172,0.11238615664845172,1.0,0.15079365079365079,0.15079365079365079,303.15557257975314,452.29239683198165,1079.9136355173475,1405.1964039913091,2842.5779428335786,0.0,70.3714041968401,0.013114754098360656,1260,9
refine_50m,50.0,600.0,150.0,618.4658438426491,1.0,1.0,0.0,1.0,0.1542544886807182,0.1542544886807182,1.0,0.21587301587301588,0.21587301587301588,197.40533280586914,254.80901885501135,573.3018229382816,682.9332035847733,996.2179902687652,0.0,64.20586226927033,0.035154826958105644,1260,9
refine_50m,50.0,600.0,200.0,632.4555320336759,1.0,1.0,0.0,1.0,0.18430913348946135,0.18430913348946135,1.0,0.26904761904761904,0.26904761904761904,148.55551190617257,184.71012046700338,400.46429791741787,457.86300285631256,609.5809671677681,0.0,59.035241022230686,0.03934426229508197,1260,9
refine_50m,50.0,600.0,250.0,650.0,1.0,1.0,0.0,1.0,0.21196981524850378,0.21196981524850378,1.0,0.32301587301587303,0.32301587301587303,122.91790843941291,148.45639410812512,313.07455024493316,350.32254174686534,443.25473138038876,0.0,54.59254711962083,0.03991673172001041,1260,9
refine_50m,50.0,600.0,300.0,670.820393249937,1.0,1.0,0.0,1.0,0.22380952380952382,0.22380952380952382,1.0,0.3595238095238095,0.3595238095238095,107.45180446403238,126.56523268953,261.21037962249295,286.66006911707416,351.4224440463364,0.0,50.71743332062376,0.06078584439240177,1260,9
refine_50m,50.0,600.0,350.0,694.6221994724903,1.0,1.0,0.0,1.0,0.2335415040333073,0.2335415040333073,1.0,0.3873015873015873,0.3873015873015873,96.75599781682455,112.15935642495299,224.9504599484423,244.91144923183194,293.67382033546477,0.0,47.30194033979552,0.06557377049180328,1260,9
refine_50m,50.0,600.0,400.0,721.1102550927978,1.0,1.0,0.0,1.0,0.24077543585740308,0.24077543585740308,1.0,0.41984126984126985,0.41984126984126985,89.16609374622288,102.15706468092563,200.69925768113671,216.88732457321663,254.33755902769016,0.0,44.267953948074826,0.0697111631537861,1260,9
refine_50m,50.0,600.0,450.0,750.0,1.0,1.0,0.0,1.0,0.24173822534478273,0.24173822534478273,1.0,0.4373015873015873,0.4373015873015873,83.76180872307614,94.96436104301647,182.0736645159242,196.04607086354665,226.06232483499753,0.0,41.55612276717297,0.08641686182669789,1260,9
refine_50m,50.0,600.0,500.0,781.0249675906655,1.0,1.0,0.0,1.0,0.22513661202185792,0.22513661202185792,1.0,0.4166666666666667,0.4166666666666667,80.0231355455702,89.6723834881508,167.57605721949443,179.65567736271547,204.9423175537615,0.0,39.11976009306156,0.09180327868852459,1260,9
refine_50m,50.0,600.0,550.0,813.9410298049853,1.0,1.0,0.0,1.0,0.226775956284153,0.226775956284153,1.0,0.43333333333333335,0.43333333333333335,77.34888398355167,85.72493092501755,156.88264435374435,167.8446848293102,188.7106046413793,0.0,36.92119948927778,0.10106687483736664,1260,9
refine_50m,50.0,600.0,600.0,848.5281374238571,1.0,1.0,0.0,1.0,0.22505854800936767,0.22505854800936767,1.0,0.4301587301587302,0.4301587301587302,75.5058231336995,82.76269458251123,147.8763103654892,157.8547339036256,175.96150053754698,0.0,34.929472116793804,0.11199583658600053,1260,9
refine_50m,50.0,600.0,650.0,884.5903006477066,1.0,1.0,0.0,1.0,0.2087431693989071,0.2087431693989071,1.0,0.4,0.4,74.19189468755178,80.5434125434049,140.8280250162865,150.1123112406419,165.7774230008099,0.0,33.11874700083231,0.1195160031225605,1260,9
refine_50m,50.0,600.0,700.0,921.9544457292888,1.0,1.0,0.0,1.0,0.2042935206869633,0.2042935206869633,1.0,0.38095238095238093,0.38095238095238093,73.28822699846154,78.89796527955309,135.15003681702598,143.70964749928632,157.5343237677542,0.0,31.467237013809253,0.12927400468384076,1260,9
refine_50m,50.0,600.0,750.0,960.4686356149273,1.0,1.0,0.0,1.0,0.18797814207650274,0.18797814207650274,1.0,0.35,0.35,72.7092421842669,77.7048379488303,130.36745757533208,138.3978193046906,150.7933327543077,0.0,29.956402890198028,0.13827738745771534,1260,9
refine_50m,50.0,600.0,800.0,1000.0,1.0,1.0,0.0,1.0,0.16939890710382513,0.16939890710382513,1.0,0.31666666666666665,0.31666666666666665,72.39193862127283,76.87456515880322,126.69683368865118,134.18712522814414,145.23709755032087,0.0,28.570355984054782,0.14894613583138172,1260,9
refine_50m,50.0,600.0,850.0,1040.4326023342405,0.9982045277127244,1.0,0.0,0.9982045277127244,0.143871975019516,0.143871975019516,0.9650793650793651,0.25793650793650796,0.25793650793650796,72.40381642820728,76.39855206236406,123.65662007769168,130.43894217093873,140.63068333004193,0.0,27.285008959614007,0.15675253708040593,1260,9
refine_50m,50.0,600.0,900.0,1081.6653826391969,0.9874837366640645,1.0,0.0,0.9874837366640645,0.1092896174863388,0.1092896174863388,0.8992063492063492,0.18333333333333332,0.18333333333333332,72.98958184816567,76.44033435827917,121.2340360966643,127.6602741446341,136.79664083884845,0.0,26.092306703801558,0.16500130106687483,1260,9
refine_50m,50.0,600.0,950.0,1123.6102527122116,0.8431433775696071,1.0,0.0,0.8431433775696071,0.052537080405932864,0.052537080405932864,0.7222222222222222,0.08095238095238096,0.08095238095238096,81.04466489945322,79.04249241160868,120.82654770816414,126.05720539950342,133.59859132579416,0.0,25.545520711917572,0.17671090294041114,1260,9
refine_50m,50.0,650.0,50.0,651.9202405202649,1.0,1.0,0.0,1.0,0.055191256830601096,0.055191256830601096,1.0,0.06587301587301587,0.06587301587301587,472.91412056996404,12096.558051532296,3564.450027836657,7499.969661858861,5492213.717360394,0.08607858443924017,77.36763965856235,0.014207650273224045,1260,9
refine_50m,50.0,650.0,100.0,657.6473218982952,1.0,1.0,0.0,1.0,0.10897736143637783,0.10897736143637783,1.0,0.13333333333333333,0.13333333333333333,258.06841411074635,394.3346860915677,935.01862230513,1207.9375997658094,2394.617172609744,0.0,69.289481827387,0.014207650273224045,1260,9
refine_50m,50.0,650.0,150.0,667.0832032063167,1.0,1.0,0.0,1.0,0.1520686963309914,0.1520686963309914,1.0,0.19285714285714287,0.19285714285714287,170.4948632260843,227.89192832917692,513.8118860007356,612.1923144303105,891.9300496368745,0.0,62.88053518285031,0.038069216757741345,1260,9
refine_50m,50.0,650.0,200.0,680.0735254367721,1.0,1.0,0.0,1.0,0.1888368462138954,0.1888368462138954,1.0,0.24761904761904763,0.24761904761904763,129.86880502305422,166.9891341412899,363.3560711834459,416.1358810015759,553.6089824258669,0.0,57.544444598451065,0.04262295081967213,1260,9
refine_50m,50.0,650.0,250.0,696.419413859206,1.0,1.0,0.0,1.0,0.20960187353629978,0.20960187353629978,1.0,0.2857142857142857,0.2857142857142857,108.64925131936357,135.26721811146615,287.6079552802741,319.84776896273405,405.46234947761025,0.0,52.990294345801864,0.04324746291959407,1260,9
refine_50m,50.0,650.0,300.0,715.8910531638177,1.0,1.0,0.0,1.0,0.23158990372105126,0.23158990372105126,1.0,0.326984126984127,0.326984126984127,95.73311095809983,116.09112597141181,239.06570430339963,263.5896386568078,323.0510665202957,0.0,49.04308772635586,0.06583398386677075,1260,9
refine_50m,50.0,650.0,350.0,738.24115301167,1.0,1.0,0.0,1.0,0.24681238615664844,0.24681238615664844,1.0,0.3595238095238095,0.3595238095238095,86.70618191506958,103.49481289261945,207.981054076854,226.5639114997788,271.0444557799129,0.0,45.584880728971974,0.07103825136612021,1260,9
refine_50m,50.0,650.0,400.0,763.2168761236874,1.0,1.0,0.0,1.0,0.2546448087431694,0.2546448087431694,1.0,0.38333333333333336,0.38333333333333336,80.61989115237147,94.78313514252972,185.99560167006936,201.2983196456555,235.56863413247137,0.0,42.53033315780346,0.07538381472807702,1260,9
refine_50m,50.0,650.0,450.0,790.5694150420949,1.0,1.0,0.0,1.0,0.25901639344262295,0.25901639344262295,1.0,0.4,0.4,76.49882865596096,88.55424650389283,169.10226103545563,182.0406092227846,210.0644773036394,0.0,39.81467902850029,0.09359875097580016,1260,9
refine_50m,50.0,650.0,500.0,820.0609733428363,1.0,1.0,0.0,1.0,0.23702836325787147,0.23702836325787147,1.0,0.3753968253968254,0.3753968253968254,73.69034030681102,84.00745167609922,156.52483175065433,168.20825756903835,191.02844302582804,0.0,37.38709193890553,0.0994535519125683,1260,9
refine_50m,50.0,650.0,550.0,851.46931829632,1.0,1.0,0.0,1.0,0.23169398907103825,0.23169398907103825,1.0,0.38333333333333336,0.38333333333333336,71.7704299915764,80.65162067962093,146.73183884275926,156.80134429539677,176.41925109347562,0.0,35.20670509642142,0.10949778818631278,1260,9
refine_50m,50.0,650.0,600.0,884.5903006477066,1.0,1.0,0.0,1.0,0.23132969034608378,0.23132969034608378,1.0,0.3817460317460317,0.3817460317460317,70.43282990937442,78.1691237778173,138.63504307418992,148.48960709268837,164.96756522062518,0.0,33.24006202422414,0.12131147540983607,1260,9
refine_50m,50.0,650.0,650.0,919.2388155425118,1.0,1.0,0.0,1.0,0.21092896174863388,0.21092896174863388,1.0,0.35,0.35,69.53627563601678,76.3456760262273,132.53472409137487,141.26467555601613,155.8430904426414,0.0,31.459394799863613,0.12950819672131147,1260,9
refine_50m,50.0,650.0,700.0,955.24865872714,1.0,1.0,0.0,1.0,0.20655737704918034,0.20655737704918034,1.0,0.3333333333333333,0.3333333333333333,68.98198024635943,75.03164556761764,127.37619620505733,135.66260754895717,148.48030280220613,0.0,29.841409429994258,0.14004683840749416,1260,9
refine_50m,50.0,650.0,750.0,992.4716620639604,1.0,1.0,0.0,1.0,0.18524590163934426,0.18524590163934426,1.0,0.3,0.3,68.69903708286651,74.1195077702049,123.436949148328,131.07179873460558,142.48108569478427,0.0,28.366397635592296,0.14977881863127765,1260,9
refine_50m,50.0,650.0,800.0,1030.7764064044152,0.9989331251626333,1.0,0.0,0.9989331251626333,0.15792349726775956,0.15792349726775956,0.9753968253968254,0.25,0.25,68.74326920333574,73.55991811169417,120.22819641469417,127.13898288777285,137.55737362371545,0.0,27.006722958386167,0.16138433515482695,1260,9
refine_50m,50.0,650.0,850.0,1070.046727951635,0.9938849856882643,1.0,0.0,0.9938849856882643,0.12896174863387977,0.12896174863387977,0.9293650793650794,0.2,0.2,69.04326860494267,73.37464708473865,117.69819140001135,124.19575168588582,133.49584417205529,0.0,25.731680771129998,0.16981524850377308,1260,9
refine_50m,50.0,650.0,900.0,1110.1801655587258,0.980327868852459,1.0,0.0,0.980327868852459,0.08032786885245902,0.08032786885245902,0.8666666666666667,0.11666666666666667,0.11666666666666667,69.81306142123196,73.65967582420566,115.59047351402447,121.72464983262857,130.13536075546153,0.0,24.54736142684003,0.17874056726515744,1260,9
refine_50m,50.0,650.0,950.0,1151.0864433221338,0.8985688264376789,1.0,0.0,0.8985688264376789,0.0,0.0,0.7428571428571429,0.0,0.0,74.56024617606795,75.42901138169574,114.50492119100247,120.25812699370306,127.3520972000568,0.0,23.799837387234803,0.19143897996357012,1260,9
refine_50m,50.0,700.0,50.0,701.78344238091,1.0,1.0,0.0,1.0,0.05191256830601093,0.05191256830601093,1.0,0.05714285714285714,0.05714285714285714,398.5195757953108,2320.545313462534,2986.1447954891196,5960.629267436189,225361.70122560536,0.06906062971636742,76.66678365187511,0.015300546448087432,1260,9
refine_50m,50.0,700.0,100.0,707.1067811865476,1.0,1.0,0.0,1.0,0.10627114233671611,0.10627114233671611,1.0,0.11984126984126985,0.11984126984126985,216.0199461034201,344.3220675142403,822.8969227913349,1063.2461040169785,2025.7396598541648,0.0,68.2285578165289,0.015300546448087432,1260,9
refine_50m,50.0,700.0,150.0,715.8910531638177,1.0,1.0,0.0,1.0,0.1507416081186573,0.1507416081186573,1.0,0.1746031746031746,0.1746031746031746,144.44768313189286,203.90808348868367,461.4692049276077,545.7965359360925,796.4820180988668,0.0,61.5857933396796,0.040983606557377046,1260,9
refine_50m,50.0,700.0,200.0,728.0109889280518,1.0,1.0,0.0,1.0,0.18358053603955243,0.18358053603955243,1.0,0.21984126984126984,0.21984126984126984,112.4991309089932,151.0903428063663,329.65230079437157,376.95715672768443,501.22653606575204,0.0,56.0933857234898,0.04590163934426229,1260,9
refine_50m,50.0,700.0,250.0,743.3034373659252,1.0,1.0,0.0,1.0,0.21478011969815247,0.21478011969815247,1.0,0.2642857142857143,0.2642857142857143,95.51976474111235,123.40867157992496,261.3568177718208,292.1223766696338,369.76705948006065,0.0,51.436313683564684,0.04725474889409316,1260,9
refine_50m,50.0,700.0,300.0,761.5773105863908,1.0,1.0,0.0,1.0,0.23036690085870415,0.23036690085870415,1.0,0.29285714285714287,0.29285714285714287,84.55170556608253,106.6683324518198,219.93760885927196,241.37395569131257,296.12757283480653,0.0,47.424815740820044,0.07098620869112672,1260,9
refine_50m,50.0,700.0,350.0,782.6237921249264,1.0,1.0,0.0,1.0,0.24153005464480876,0.24153005464480876,1.0,0.31666666666666665,0.31666666666666665,77.56883197317445,95.70041588924795,191.86972902352795,208.96924321017957,249.51312806713577,0.0,43.93089226950597,0.07650273224043716,1260,9
refine_50m,50.0,700.0,400.0,806.2257748298549,1.0,1.0,0.0,1.0,0.24863387978142076,0.24863387978142076,1.0,0.3333333333333333,0.3333333333333333,72.9544734776152,88.15116683339586,171.7621113306567,186.22743012190418,217.68298213852037,0.0,40.86194311336671,0.08121259432734843,1260,9
refine_50m,50.0,700.0,450.0,832.1658488546619,1.0,1.0,0.0,1.0,0.25519125683060107,0.25519125683060107,1.0,0.35,0.35,69.9995531177209,82.79120076185855,156.7111915057062,169.11053525544523,194.80584417833884,0.0,38.14778499154921,0.10078064012490243,1260,9
refine_50m,50.0,700.0,500.0,860.2325267042627,1.0,1.0,0.0,1.0,0.24329950559458757,0.24329950559458757,1.0,0.3412698412698413,0.3412698412698413,68.00158217114921,78.91622076916808,145.9119878264799,156.64927792231018,177.75068028360718,0.0,35.73347458686545,0.10710382513661203,1260,9
refine_50m,50.0,700.0,550.0,890.2246907382428,1.0,1.0,0.0,1.0,0.23356752537080405,0.23356752537080405,1.0,0.3380952380952381,0.3380952380952381,66.64822905836968,76.09313495857519,136.67091410454603,147.02805476309547,164.68646173090966,0.0,33.57498693874835,0.117096018735363,1260,9
refine_50m,50.0,700.0,600.0,921.9544457292888,1.0,1.0,0.0,1.0,0.2272703616965912,0.2272703616965912,1.0,0.33015873015873015,0.33015873015873015,65.76953938169677,74.04201317468821,130.0656347316156,138.9867118554116,154.47154156556797,0.0,31.636433649906497,0.1306271142336716,1260,9
refine_50m,50.0,700.0,650.0,955.24865872714,1.0,1.0,0.0,1.0,0.2132448607858444,0.2132448607858444,1.0,0.30793650793650795,0.30793650793650795,65.25073039144755,72.57398770770426,124.46209804863652,133.04691894810145,146.3577264628413,0.0,29.888173820360805,0.13950039032006245,1260,9
refine_50m,50.0,700.0,700.0,989.9494936611666,1.0,1.0,0.0,1.0,0.19836065573770492,0.19836065573770492,1.0,0.2833333333333333,0.2833333333333333,65.01185148201229,71.55709326915019,120.21133099940324,128.00957086092848,139.83475281767178,0.0,28.30547439356934,0.15081967213114755,1260,9
refine_50m,50.0,700.0,750.0,1025.9142264341594,0.9994535519125683,1.0,0.0,0.9994535519125683,0.17431693989071037,0.17431693989071037,0.9833333333333333,0.25,0.25,65.0958180082976,70.90892575743861,116.81210618664869,123.86765056749277,134.54311672997505,0.0,26.859259570060985,0.16128024980483996,1260,9
refine_50m,50.0,700.0,800.0,1063.014581273465,0.99568045797554,1.0,0.0,0.99568045797554,0.14207650273224043,0.14207650273224043,0.942063492063492,0.2,0.2,65.33932700502132,70.62076480742122,114.163549984454,120.73920534244243,130.2225849483857,0.0,25.50212655225455,0.17382253447827217,1260,9
refine_50m,50.0,700.0,850.0,1101.135777277262,0.9872495446265938,1.0,0.0,0.9872495446265938,0.09836065573770492,0.09836065573770492,0.8944444444444445,0.13333333333333333,0.13333333333333333,65.95919383028283,70.68144872288607,111.80647356960725,118.1601790245157,126.6804274288477,0.0,24.22802721556256,0.18287795992714026,1260,9
refine_50m,50.0,700.0,900.0,1140.175425099138,0.9699453551912568,1.0,0.0,0.9699453551912568,0.027868852459016394,0.027868852459016394,0.8333333333333334,0.03333333333333333,0.03333333333333333,66.94230767985724,71.17464532573837,110.15824346703315,115.9550329244873,123.77108419620161,0.0,23.0442880841526,0.19247983346344003,1260,9
refine_50m,50.0,700.0,950.0,1180.0423721205946,0.9215196461098101,1.0,0.0,0.9215196461098101,0.0,0.0,0.7396825396825397,0.0,0.0,69.76751182428292,72.57765945548299,109.08075551503343,114.660747357128,121.38273625602027,0.0,22.138986478187828,0.2067135050741608,1260,9
refine_50m,50.0,750.0,50.0,751.6648189186454,1.0,1.0,0.0,1.0,0.04871194379391101,0.04871194379391101,1.0,0.05,0.05,327.59649570136247,1993.2686614368852,2559.5931162306447,5147.885059675964,211077.41437776986,0.05199063231850117,75.98013058891917,0.01639344262295082,1260,9
refine_50m,50.0,750.0,100.0,756.6372975210778,1.0,1.0,0.0,1.0,0.10023419203747072,0.10023419203747072,1.0,0.10476190476190476,0.10476190476190476,179.36302211485597,301.42668090427225,717.5245859448454,919.7661860974845,1717.9460434847324,0.0,67.19404591354046,0.01639344262295082,1260,9
refine_50m,50.0,750.0,150.0,764.8529270389178,1.0,1.0,0.0,1.0,0.14376788966952903,0.14376788966952903,1.0,0.15396825396825398,0.15396825396825398,124.1540872593597,182.77998448492818,412.8257987450227,487.1140060248634,709.0587642498688,0.0,60.32948401655901,0.04314337756960708,1260,9
refine_50m,50.0,750.0,200.0,776.2087348130012,1.0,1.0,0.0,1.0,0.18194119177725734,0.18194119177725734,1.0,0.1992063492063492,0.1992063492063492,98.02830333553973,137.00646383646728,297.9753048208721,340.51700024833605,452.23208350558093,0.0,54.69209264820019,0.04918032786885246,1260,9
refine_50m,50.0,750.0,250.0,790.5694150420949,1.0,1.0,0.0,1.0,0.20218579234972678,0.20218579234972678,1.0,0.22857142857142856,0.22857142857142856,83.08503642565982,112.88671547927207,238.23899518191297,265.39457741013683,336.08871229689953,0.0,49.94250926219123,0.05063752276867031,1260,9
refine_50m,50.0,750.0,300.0,807.7747210701756,1.0,1.0,0.0,1.0,0.22167577413479053,0.22167577413479053,1.0,0.25555555555555554,0.25555555555555554,74.649942510948,98.30715410188292,200.9235417059364,220.61773518343855,270.61325221366474,0.0,45.876066682883014,0.0760343481654957,1260,9
refine_50m,50.0,750.0,350.0,827.6472678623425,1.0,1.0,0.0,1.0,0.23822534478272184,0.23822534478272184,1.0,0.28174603174603174,0.28174603174603174,69.38478842296384,88.78772769130701,176.34615880934183,192.35116536992615,229.05959276415646,0.0,42.35463607615162,0.08196721311475409,1260,9
refine_50m,50.0,750.0,400.0,850.0,1.0,1.0,0.0,1.0,0.24454852979443142,0.24454852979443142,1.0,0.29603174603174603,0.29603174603174603,66.25960210679004,82.27304719370626,158.15941170707194,171.51943251311351,200.66988516917368,0.0,39.27833882596431,0.08704137392661983,1260,9
refine_50m,50.0,750.0,450.0,874.642784226795,1.0,1.0,0.0,1.0,0.24316939890710382,0.24316939890710382,1.0,0.3,0.3,64.18658124983682,77.68650121349134,145.4018541880463,157.2881375421771,180.28102477579884,0.0,36.57160002058391,0.10796252927400468,1260,9
refine_50m,50.0,750.0,500.0,901.3878188659974,1.0,1.0,0.0,1.0,0.23434816549570647,0.23434816549570647,1.0,0.2976190476190476,0.2976190476190476,62.83116017591953,74.40830923451817,135.13027051121983,145.81629911580268,165.10669736557125,0.0,34.17541821820452,0.11475409836065574,1260,9
refine_50m,50.0,750.0,550.0,930.0537618869137,1.0,1.0,0.0,1.0,0.2355191256830601,0.2355191256830601,1.0,0.3,0.3,61.98617049969109,72.05802480795131,127.76644000437486,137.1227825192851,153.51166971707622,0.0,32.042691668977824,0.12547488940931564,1260,9
refine_50m,50.0,750.0,600.0,960.4686356149273,1.0,1.0,0.0,1.0,0.21381733021077284,0.21381733021077284,1.0,0.276984126984127,0.276984126984127,61.51752289205421,70.38928171305825,121.6416404166153,130.5790333355361,144.47383419712838,0.0,30.135194728183066,0.14082747853239658,1260,9
refine_50m,50.0,750.0,650.0,992.4716620639604,1.0,1.0,0.0,1.0,0.2087431693989071,0.2087431693989071,1.0,0.26666666666666666,0.26666666666666666,61.33513811813932,69.23577127434714,117.02507006177976,125.00974742250071,137.32221262730923,0.0,28.4215138830567,0.14949258391881343,1260,9
refine_50m,50.0,750.0,700.0,1025.9142264341594,0.9994535519125683,1.0,0.0,0.9994535519125683,0.1819672131147541,0.1819672131147541,0.9833333333333333,0.23333333333333334,0.23333333333333334,61.467864367631506,68.49069597048147,113.4086937212434,120.6288322013181,131.59872369371524,0.0,26.865118256443765,0.16159250585480095,1260,9
refine_50m,50.0,750.0,750.0,1060.6601717798212,0.9967213114754099,1.0,0.0,0.9967213114754099,0.1453551912568306,0.1453551912568306,0.95,0.18333333333333332,0.18333333333333332,61.7593752250753,68.09865808757465,110.28924014699193,117.2902414342242,126.98045515869205,0.0,25.418998590504927,0.1727816809784023,1260,9
refine_50m,50.0,750.0,800.0,1096.5856099730654,0.9902419984387197,1.0,0.0,0.9902419984387197,0.10710382513661203,0.10710382513661203,0.9087301587301587,0.13333333333333333,0.13333333333333333,62.32824437917848,68.03438633813487,108.1425991727665,114.59255847661642,123.23362988513406,0.0,24.05808114439089,0.18561020036429873,1260,9
refine_50m,50.0,750.0,850.0,1133.5784048754633,0.9784543325526932,1.0,0.0,0.9784543325526932,0.04426229508196721,0.04426229508196721,0.8603174603174604,0.05,0.05,63.11119238636916,68.29523013902336,106.42868973110828,112.30178402667188,120.18514188395497,0.0,22.776371557106085,0.1959406713505074,1260,9
refine_50m,50.0,750.0,900.0,1171.537451385998,0.9570387717928701,1.0,0.0,0.9570387717928701,0.0,0.0,0.7992063492063493,0.0,0.0,65.10993684820527,68.9656022593808,105.07378983845987,110.77089532588234,117.7043054953541,0.0,21.581994887630874,0.2062190996617226,1260,9
refine_50m,50.0,750.0,950.0,1210.3718436910203,0.916263335935467,1.0,0.0,0.916263335935467,0.0,0.0,0.7166666666666667,0.0,0.0,67.69047534350507,70.33309758423049,104.21767996059896,109.55236570860448,115.6907850861387,0.0,20.600755245864757,0.2214936247723133,1260,9
refine_50m,50.0,800.0,50.0,801.5609770940698,1.0,1.0,0.0,1.0,0.044548529794431434,0.044548529794431434,1.0,0.04285714285714286,0.04285714285714286,340.1443312376135,1506.8886611962541,2167.527849965828,4141.47963749632,196584.55104076816,0.03887587822014051,75.31079202655276,0.017486338797814208,1260,9
refine_50m,50.0,800.0,100.0,806.2257748298549,1.0,1.0,0.0,1.0,0.09344262295081968,0.09344262295081968,1.0,0.09126984126984126,0.09126984126984126,170.00461697350485,264.99308095565436,623.705331179361,803.3970542297338,1458.3173123288345,0.0,66.19192143112369,0.017486338797814208,1260,9
refine_50m,50.0,800.0,150.0,813.9410298049853,1.0,1.0,0.0,1.0,0.13835545147020556,0.13835545147020556,1.0,0.1373015873015873,0.1373015873015873,115.38843645201861,164.4409070828017,366.05156510477997,434.25561601044035,628.9451195777016,0.0,59.12024683543514,0.04600572469424929,1260,9
refine_50m,50.0,800.0,200.0,824.6211251235321,1.0,1.0,0.0,1.0,0.16846213895394224,0.16846213895394224,1.0,0.17142857142857143,0.17142857142857143,91.19880899651098,124.73104723544064,268.78635294354405,305.48695679078185,406.44167552849143,0.0,53.35156501550944,0.05245901639344262,1260,9
refine_50m,50.0,800.0,250.0,838.1527307120105,1.0,1.0,0.0,1.0,0.1984647410876919,0.1984647410876919,1.0,0.20555555555555555,0.20555555555555555,77.88857012779143,103.71344034811165,215.86411285003564,240.9084018738698,304.3539939658837,0.0,48.521878012914065,0.054020296643247465,1260,9
refine_50m,50.0,800.0,300.0,854.4003745317531,1.0,1.0,0.0,1.0,0.22021857923497268,0.22021857923497268,1.0,0.23333333333333334,0.23333333333333334,69.91253213708404,91.02127037776557,183.2715289021912,201.68733944231786,246.47347413591572,0.0,44.411446972575725,0.08108248763986468,1260,9
refine_50m,50.0,800.0,350.0,873.212459828649,1.0,1.0,0.0,1.0,0.23169398907103825,0.23169398907103825,1.0,0.25,0.25,65.41611757456236,82.76977157637042,161.24008726642026,176.31840170265235,209.66662022985057,0.0,40.871943191172164,0.08743169398907104,1260,9
refine_50m,50.0,800.0,400.0,894.4271909999159,1.0,1.0,0.0,1.0,0.24262295081967214,0.24262295081967214,1.0,0.26666666666666666,0.26666666666666666,61.93281882835562,77.16144483981026,145.63858929290774,158.34483858492413,184.5210518358998,0.0,37.79621551332315,0.09195940671350507,1260,9
refine_50m,50.0,800.0,450.0,917.8779875342909,1.0,1.0,0.0,1.0,0.2400728597449909,0.2400728597449909,1.0,0.26825396825396824,0.26825396825396824,59.77148066835306,73.2512051382686,134.27951241514342,145.12066615628015,166.48661764249908,0.0,35.10336178410867,0.11514441842310695,1260,9
refine_50m,50.0,800.0,500.0,943.3981132056604,1.0,1.0,0.0,1.0,0.21639344262295082,0.21639344262295082,1.0,0.25,0.25,58.576137177163275,70.49436145866167,125.59782962793116,135.6413702272057,153.0958025246789,0.0,32.730427521167805,0.12240437158469945,1260,9
refine_50m,50.0,800.0,550.0,970.8243919473799,1.0,1.0,0.0,1.0,0.21639344262295082,0.21639344262295082,1.0,0.25,0.25,58.00554012996327,68.5565195839984,118.93705151671254,128.1781099505737,142.89563148497427,0.0,30.627363928110174,0.13385376008326827,1260,9
refine_50m,50.0,800.0,600.0,1000.0,1.0,1.0,0.0,1.0,0.18935727296383034,0.18935727296383034,1.0,0.22063492063492063,0.22063492063492063,57.67702174563413,67.22048894020345,113.88456252452502,122.08432091310436,134.97589055412533,0.0,28.75374925603228,0.1501951600312256,1260,9
refine_50m,50.0,800.0,650.0,1030.7764064044152,0.9994535519125683,1.0,0.0,0.9994535519125683,0.1842831121519646,0.1842831121519646,0.9833333333333333,0.2126984126984127,0.2126984126984127,57.86936815316204,66.34559505892662,110.01809686167567,117.42733852187033,128.73822904322162,0.0,27.063999310929947,0.1594847775175644,1260,9
refine_50m,50.0,800.0,700.0,1063.014581273465,0.9967213114754099,1.0,0.0,0.9967213114754099,0.14590163934426228,0.14590163934426228,0.95,0.16666666666666666,0.16666666666666666,58.216990960185996,65.84872247762503,106.71947535656578,113.84808886483799,123.77385560909147,0.0,25.4991273354498,0.17236533957845435,1260,9
refine_50m,50.0,800.0,750.0,1096.5856099730654,0.9918032786885246,1.0,0.0,0.9918032786885246,0.10327868852459017,0.10327868852459017,0.9166666666666666,0.11666666666666667,0.11666666666666667,58.75600191895382,65.66524771586933,104.46232032428729,111.01936422301118,119.79454698609337,0.0,24.048716332821083,0.1842831121519646,1260,9
refine_50m,50.0,850.0,50.0,851.46931829632,1.0,1.0,0.0,1.0,0.04041113713244861,0.04041113713244861,1.0,0.03650793650793651,0.03650793650793651,324.6119144911548,1450.6413052064536,1844.7863519526445,3544.950708116086,181937.38081785015,0.025709081446786367,74.66229421807151,0.018579234972677595,1260,9
refine_50m,50.0,850.0,100.0,855.8621384311845,1.0,1.0,0.0,1.0,0.08951340098881083,0.08951340098881083,1.0,0.08174603174603175,0.08174603174603175,159.94431397280835,234.52690377575254,540.4701126557471,683.1913235862072,1237.3416577207236,0.0,65.22895308042631,0.018579234972677595,1260,9
refine_50m,50.0,850.0,150.0,863.1338250816034,1.0,1.0,0.0,1.0,0.1263335935467083,0.1263335935467083,1.0,0.11746031746031746,0.11746031746031746,109.64106743225655,148.85028765628945,323.7515608812008,384.63425478854623,555.511979282683,0.0,57.967830278058045,0.04886807181889149,1260,9
refine_50m,50.0,850.0,200.0,873.212459828649,1.0,1.0,0.0,1.0,0.15901639344262294,0.15901639344262294,1.0,0.15,0.15,87.00318565368296,114.27562672204226,239.99072025053033,273.87647860446737,363.6880654169784,0.0,52.08414463201621,0.05573770491803279,1260,9
refine_50m,50.0,850.0,250.0,886.0022573334675,1.0,1.0,0.0,1.0,0.17918293000260213,0.17918293000260213,1.0,0.173015873015873,0.173015873015873,74.38107718629495,95.90228777278338,194.44583923567615,216.45177414366555,274.4967162105843,0.0,47.18890348633605,0.05740307051782462,1260,9
refine_50m,50.0,850.0,300.0,901.3878188659974,1.0,1.0,0.0,1.0,0.1964350767629456,0.1964350767629456,1.0,0.19365079365079366,0.19365079365079366,67.31375724454244,84.82728470636867,166.65144860986376,183.59847630208773,223.67817735110714,0.0,43.047109359237076,0.08706739526411658,1260,9
refine_50m,50.0,850.0,350.0,919.2388155425118,1.0,1.0,0.0,1.0,0.20913348946135832,0.20913348946135832,1.0,0.20952380952380953,0.20952380952380953,62.931055509350564,77.6618252035318,146.94292625449944,160.72120529681152,191.3204801038659,0.0,39.5001778820007,0.09289617486338798,1260,9
refine_50m,50.0,850.0,400.0,939.4147114027968,1.0,1.0,0.0,1.0,0.2159510798855061,0.2159510798855061,1.0,0.21825396825396826,0.21825396825396826,59.63859619427848,72.82990884577819,134.01792699272562,145.69200223580188,169.23103146620966,0.0,36.43373187381074,0.09773614363778298,1260,9
refine_50m,50.0,850.0,450.0,961.7692030835673,1.0,1.0,0.0,1.0,0.22612542284673431,0.22612542284673431,1.0,0.23174603174603176,0.23174603174603176,57.6714714874077,69.49741284741147,123.70138322667732,134.61561664045152,153.421543182496,0.0,33.76166221469919,0.12328909705958886,1260,9
refine_50m,50.0,850.0,500.0,986.154146165801,1.0,1.0,0.0,1.0,0.19099661722612543,0.19099661722612543,1.0,0.2015873015873016,0.2015873015873016,56.62695637537727,67.18575984457975,116.37922931676198,125.90453267856347,141.7191746737218,0.0,31.41722856684129,0.13005464480874318,1260,9
refine_50m,50.0,850.0,550.0,1012.4228365658294,1.0,1.0,0.0,1.0,0.18847254748894093,0.18847254748894093,1.0,0.1992063492063492,0.1992063492063492,55.92519052632042,65.59821677645442,110.79803366303614,119.24910861943127,132.84057500182166,0.0,29.347626304115632,0.14223263075722092,1260,9
refine_50m,50.0,850.0,600.0,1040.4326023342405,0.9989331251626333,1.0,0.0,0.9989331251626333,0.1596409055425449,0.1596409055425449,0.9753968253968254,0.16904761904761906,0.16904761904761906,55.24719311948596,64.5473464862462,106.6401084137926,114.26925605762217,125.98028161358732,0.0,27.482909988988176,0.15956284153005465,1260,9
refine_50m,50.0,850.0,650.0,1070.046727951635,0.9967213114754099,1.0,0.0,0.9967213114754099,0.14371584699453552,0.14371584699453552,0.95,0.15,0.15,55.162400497569315,63.90767826025643,103.15147503179733,110.41140855587855,120.60828313057225,0.0,25.7898176643349,0.16947697111631538,1260,9
refine_50m,50.0,850.0,700.0,1101.135777277262,0.9918032786885246,1.0,0.0,0.9918032786885246,0.09672131147540984,0.09672131147540984,0.9166666666666666,0.1,0.1,55.37020493263121,63.60690318097216,100.76024925952969,107.43726853899811,116.36237026935807,0.0,24.212586211948597,0.18313817330210772,1260,9
refine_50m,50.0,850.0,750.0,1133.5784048754633,0.9846994535519126,1.0,0.0,0.9846994535519126,0.03598750975800156,0.03598750975800156,0.8833333333333333,0.03492063492063492,0.03492063492063492,56.039649567052585,63.5882881981256,98.82103451979285,104.95382616305238,112.987220814067,0.0,22.753340414135746,0.19578454332552694,1260,9
refine_50m,50.0,900.0,50.0,901.3878188659974,1.0,1.0,0.0,1.0,0.03453031485818371,0.03453031485818371,1.0,0.029365079365079365,0.029365079365079365,313.0514047368086,1544.0440488924298,1523.8056630597735,2745.815995836297,307667.2571745803,0.015248503773093938,74.03873679369067,0.019672131147540985,1260,9
refine_50m,50.0,900.0,100.0,905.5385138137417,1.0,1.0,0.0,1.0,0.07837626854020296,0.07837626854020296,1.0,0.06746031746031746,0.06746031746031746,153.87725290609865,209.63498287187463,462.8891999138187,593.4548872863184,1047.8621915985984,0.0,64.31300029366734,0.019672131147540985,1260,9
refine_50m,50.0,900.0,150.0,912.4143795447329,1.0,1.0,0.0,1.0,0.11337496747332813,0.11337496747332813,1.0,0.0992063492063492,0.0992063492063492,105.23421992120952,135.98352584392023,287.1041719478647,338.6851699788718,488.20508387855995,0.0,56.88349247054014,0.051730418943533696,1260,9
refine_50m,50.0,900.0,200.0,921.9544457292888,1.0,1.0,0.0,1.0,0.13879781420765028,0.13879781420765028,1.0,0.12301587301587301,0.12301587301587301,84.19838804774876,105.64687056978993,213.99693755338376,243.7394150773433,323.8202419145645,0.0,50.903976944211124,0.05901639344262295,1260,9
refine_50m,50.0,900.0,250.0,934.0770846134702,1.0,1.0,0.0,1.0,0.16424668227946917,0.16424668227946917,1.0,0.14761904761904762,0.14761904761904762,72.47877163808909,89.47294525435058,175.02503327643012,195.50495436458309,246.4583867733681,0.0,45.960035739921544,0.06078584439240177,1260,9
refine_50m,50.0,900.0,300.0,948.6832980505138,1.0,1.0,0.0,1.0,0.18022378350247203,0.18022378350247203,1.0,0.16428571428571428,0.16428571428571428,65.48172084874015,79.74428675117548,150.39202175604112,166.2771495462415,202.20258055984962,0.0,41.80121566014803,0.09216757741347906,1260,9
refine_50m,50.0,900.0,350.0,965.6603957913983,1.0,1.0,0.0,1.0,0.18579234972677597,0.18579234972677597,1.0,0.17222222222222222,0.17222222222222222,61.28388051889148,73.48123435160163,134.13664414893864,147.26417644749915,174.0115903678567,0.0,38.258657718632755,0.09836065573770492,1260,9
refine_50m,50.0,900.0,400.0,984.8857801796105,1.0,1.0,0.0,1.0,0.1899297423887588,0.1899297423887588,1.0,0.17936507936507937,0.17936507936507937,58.49853286440463,69.29231762720643,122.17186469253483,133.7217828351661,154.7977370232859,0.0,35.210872576335966,0.10351288056206089,1260,9
refine_50m,50.0,900.0,450.0,1006.2305898749054,1.0,1.0,0.0,1.0,0.19344262295081968,0.19344262295081968,1.0,0.18333333333333332,0.18333333333333332,56.76966463054021,66.43892729140045,114.01267920436783,123.87299431392816,141.08742641589163,0.0,32.566746659553075,0.1305230288836846,1260,9
refine_50m,50.0,900.0,500.0,1029.5630140987,0.9994535519125683,1.0,0.0,0.9994535519125683,0.17431693989071037,0.17431693989071037,0.9833333333333333,0.16666666666666666,0.16666666666666666,55.77702373576009,64.48917709900073,107.77635895559523,116.58076350838999,130.98011626392815,0.0,30.239603751998665,0.1377049180327869,1260,9
refine_50m,50.0,900.0,550.0,1054.7511554864493,0.9983606557377049,1.0,0.0,0.9983606557377049,0.14231069476971117,0.14231069476971117,0.9666666666666667,0.1373015873015873,0.1373015873015873,55.30685672577082,63.18454142076531,103.27395137605373,111.16249208527827,123.3503442050122,0.0,28.175539262029353,0.15061150143117355,1260,9
refine_50m,50.0,900.0,600.0,1081.6653826391969,0.99568045797554,1.0,0.0,0.99568045797554,0.12859744990892533,0.12859744990892533,0.942063492063492,0.12222222222222222,0.12222222222222222,54.31814552911095,62.35521043442586,99.94304962413833,106.97799720382204,117.49076259227992,0.0,26.3048846889156,0.16893052302888367,1260,9
refine_50m,50.0,900.0,650.0,1110.1801655587258,0.9918032786885246,1.0,0.0,0.9918032786885246,0.08743169398907104,0.08743169398907104,0.9166666666666666,0.08333333333333333,0.08333333333333333,54.39794629627211,61.897586430807124,97.04887604637615,103.84167029858561,112.93571002367628,0.0,24.606472727899654,0.17946916471506635,1260,9
refine_50m,50.0,900.0,700.0,1140.175425099138,0.9846994535519126,1.0,0.0,0.9846994535519126,0.018579234972677595,0.018579234972677595,0.8833333333333333,0.016666666666666666,0.016666666666666666,54.48193835813848,61.744929876616055,95.09233350567902,101.2498637871733,109.36703095068407,0.0,23.012733385825534,0.1939110070257611,1260,9
refine_50m,50.0,900.0,750.0,1171.537451385998,0.9754098360655737,1.0,0.0,0.9754098360655737,0.0,0.0,0.85,0.0,0.0,54.845572676725226,61.85043524488666,93.60178666773677,99.2359544102332,106.56062327189368,0.0,21.539795040045167,0.20728597449908925,1260,9
refine_50m,50.0,950.0,50.0,951.3148795220224,1.0,1.0,0.0,1.0,0.028545407233931824,0.028545407233931824,1.0,0.023015873015873017,0.023015873015873017,304.0436315896281,1099.3384398221528,1251.4410393094374,2254.1959161223062,152394.96651576288,0.0077023158990372105,73.44500815224369,0.020765027322404372,1260,9
refine_50m,50.0,950.0,100.0,955.24865872714,1.0,1.0,0.0,1.0,0.062243039292219624,0.062243039292219624,1.0,0.050793650793650794,0.050793650793650794,147.2826856827947,190.03460359968008,397.55958445899023,505.1122085628969,884.3926699882368,0.0,63.45341260188039,0.020765027322404372,1260,9
refine_50m,50.0,950.0,150.0,961.7692030835673,1.0,1.0,0.0,1.0,0.09963570127504554,0.09963570127504554,1.0,0.08174603174603175,0.08174603174603175,102.6027662803082,125.82632660556934,251.31336763222,296.3451060249244,426.5361435961751,0.0,55.88053042057953,0.0545927660681759,1260,9
refine_50m,50.0,950.0,200.0,970.8243919473799,1.0,1.0,0.0,1.0,0.12591725214676033,0.12591725214676033,1.0,0.10476190476190476,0.10476190476190476,82.33884773369823,98.86781441900322,189.6977110165581,216.05185648729005,286.70350677630523,0.0,49.82760656812742,0.06229508196721312,1260,9
refine_50m,50.0,950.0,250.0,982.344135219425,1.0,1.0,0.0,1.0,0.141295862607338,0.141295862607338,1.0,0.11904761904761904,0.11904761904761904,71.42677855860272,84.44873046179076,156.79574017049396,175.1415019929252,220.18917554861625,0.0,44.854293404637815,0.06416861826697892,1260,9
refine_50m,50.0,950.0,300.0,996.2429422585637,1.0,1.0,0.0,1.0,0.15628415300546447,0.15628415300546447,1.0,0.13333333333333333,0.13333333333333333,65.03818143846314,75.78908079192766,135.41395434455887,149.72081471118304,182.02819835583693,0.0,40.69449858554956,0.09726775956284153,1260,9
refine_50m,50.0,950.0,350.0,1012.4228365658294,1.0,1.0,0.0,1.0,0.168384074941452,0.168384074941452,1.0,0.14523809523809525,0.14523809523809525,60.70589199039617,70.2465127774334,121.46811816647234,133.53536556437697,157.73537875294093,0.0,37.16914509169062,0.10382513661202186,1260,9
refine_50m,50.0,950.0,400.0,1030.7764064044152,0.9994535519125683,1.0,0.0,0.9994535519125683,0.15552953421805882,0.15552953421805882,0.9833333333333333,0.1365079365079365,0.1365079365079365,58.23218796406006,66.55339280815035,111.9043185088584,122.31887844755482,141.22309451254554,0.0,34.13210519043675,0.1092896174863388,1260,9
refine_50m,50.0,950.0,450.0,1051.189802081432,0.9983606557377049,1.0,0.0,0.9983606557377049,0.15136612021857923,0.15136612021857923,0.9666666666666667,0.13333333333333333,0.13333333333333333,56.200393841058556,64.05749416392433,104.83440704006739,114.17267060549645,129.4890369381741,0.0,31.48812246836597,0.13775696070778037,1260,9
refine_50m,50.0,950.0,500.0,1073.5455276791945,0.9967213114754099,1.0,0.0,0.9967213114754099,0.12630757220921154,0.12630757220921154,0.95,0.11190476190476191,0.11190476190476191,55.27882596963215,62.378341619692094,99.91790487231714,108.11765362803652,120.88431396260411,0.0,29.165215059328183,0.1453551912568306,1260,9
refine_50m,50.0,950.0,550.0,1097.7249200050073,0.994535519125683,1.0,0.0,0.994535519125683,0.09289617486338798,0.09289617486338798,0.9333333333333333,0.08333333333333333,0.08333333333333333,54.844893931364865,61.28562898645895,96.32386145786616,103.54431445337349,114.43052026493973,0.0,27.1079782552211,0.1589903721051262,1260,9
refine_50m,50.0,950.0,600.0,1123.6102527122116,0.9902419984387197,1.0,0.0,0.9902419984387197,0.05737704918032787,0.05737704918032787,0.9087301587301587,0.05,0.05,54.03925796298072,60.61996438791605,93.35360855800054,100.2261438108702,109.51229412761322,0.0,25.23019918820371,0.17829820452771272,1260,9
refine_50m,50.0,950.0,650.0,1151.0864433221338,0.9846994535519126,1.0,0.0,0.9846994535519126,0.0,0.0,0.8833333333333333,0.0,0.0,53.81363194124618,60.295079930831385,91.25098490096634,97.51717272736133,105.72462741788358,0.0,23.52403514532166,0.18946135831381733,1260,9
refine_50m,50.0,950.0,700.0,1180.0423721205946,0.9754098360655737,1.0,0.0,0.9754098360655737,0.0,0.0,0.85,0.0,0.0,54.07907733534495,60.2455608223304,89.74486661106457,95.44376466031511,102.7910574718441,0.0,21.909194202628374,0.2046838407494145,1260,9
refine_50m,50.0,950.0,750.0,1210.3718436910203,0.9639344262295082,1.0,0.0,0.9639344262295082,0.0,0.0,0.8166666666666667,0.0,0.0,54.067194644242136,60.43713474220531,88.63570851460136,93.86804074282308,100.51711347657462,0.0,20.417225562662587,0.21990632318501172,1260,9
refine_50m,50.0,1000.0,150.0,1011.1874208078342,1.0,1.0,0.0,1.0,0.07699713765287536,0.07699713765287536,1.0,0.06031746031746032,0.06031746031746032,100.31044372186568,118.37793178540717,218.02561842523684,257.2348354429133,370.07616543443453,0.0,54.97500359906787,0.05745511319281811,1260,9
refine_50m,50.0,1000.0,200.0,1019.803902718557,1.0,1.0,0.0,1.0,0.0921935987509758,0.0921935987509758,1.0,0.07301587301587302,0.07301587301587302,81.05764999593727,93.96183248910462,167.3630167736568,190.11092034477034,252.22030695801143,0.0,48.87476819096146,0.06557377049180328,1260,9
refine_50m,50.0,1000.0,250.0,1030.7764064044152,0.9994535519125683,1.0,0.0,0.9994535519125683,0.10437158469945355,0.10437158469945355,0.9833333333333333,0.08333333333333333,0.08333333333333333,70.61804917471376,80.8214382092306,139.07298205328706,156.00361139665196,195.64945508249943,0.0,43.87668998075132,0.06854020296643247,1260,9
refine_50m,50.0,1000.0,300.0,1044.030650891055,0.9994535519125683,1.0,0.0,0.9994535519125683,0.11985428051001822,0.11985428051001822,0.9833333333333333,0.09682539682539683,0.09682539682539683,64.20430883959169,72.96558630382029,122.05481323586321,135.310996617671,163.1442779263187,0.0,39.732829861752734,0.10236794171220401,1260,9
refine_50m,50.0,1000.0,350.0,1059.4810050208546,0.9983606557377049,1.0,0.0,0.9983606557377049,0.12349726775956284,0.12349726775956284,0.9666666666666667,0.1,0.1,60.530751108640146,67.91055519421145,110.16021616559966,121.57386040789915,142.49341137232298,0.0,36.201123041753654,0.1092896174863388,1260,9
refine_50m,50.0,1000.0,400.0,1077.0329614269008,0.9967213114754099,1.0,0.0,0.9967213114754099,0.12349726775956284,0.12349726775956284,0.95,0.1,0.1,57.96251830155195,64.56016792976813,101.99334781812384,112.01659094574632,128.51382853507587,0.0,33.16471830521512,0.1150663544106167,1260,9
refine_50m,50.0,1000.0,450.0,1096.5856099730654,0.994535519125683,1.0,0.0,0.994535519125683,0.09836065573770492,0.09836065573770492,0.9333333333333333,0.08095238095238096,0.08095238095238096,56.465194731679965,62.31139908483133,96.7085937729104,105.14953501366584,118.63476853537495,0.0,30.52528971858708,0.14402810304449648,1260,9
refine_50m,50.0,1000.0,550.0,1141.2712210513328,0.9885245901639345,1.0,0.0,0.9885245901639345,0.0,0.0,0.9,0.0,0.0,54.5439020127425,59.87993575572651,89.62230470973137,96.58159717810078,106.08848768665119,0.0,26.159222056952196,0.16736924277907886,1260,9
refine_50m,50.0,1000.0,600.0,1166.19037896906,0.9826177465521728,1.0,0.0,0.9826177465521728,0.0,0.0,0.8753968253968254,0.0,0.0,54.4091896841436,59.32198948553518,87.3521998377707,93.74636543213731,102.05099526597593,0.0,24.272487542299835,0.18766588602654177,1260,9
refine_50m,50.0,1000.0,650.0,1192.6860441876563,0.9754098360655737,1.0,0.0,0.9754098360655737,0.0,0.0,0.85,0.0,0.0,54.030222525213375,59.083083205901026,85.81922123057528,91.6146590786339,98.97982176201162,0.0,22.555451750128963,0.1994535519125683,1260,9
refine_50m,50.0,1050.0,150.0,1060.6601717798212,0.9983606557377049,1.0,0.0,0.9983606557377049,0.06664064532916993,0.06664064532916993,0.9666666666666667,0.049206349206349205,0.049206349206349205,98.90169450400467,113.47743521981752,210.1330937818933,230.81536952213946,318.4510994850803,0.0,54.14184299512327,0.06031746031746032,1260,9
refine_50m,50.0,1050.0,200.0,1068.8779163215975,0.9983606557377049,1.0,0.0,0.9983606557377049,0.07587822014051522,0.07587822014051522,0.9666666666666667,0.05634920634920635,0.05634920634920635,80.2286287804507,90.8127243682895,159.1410040674507,176.29777835315357,220.27218644799703,0.0,48.019034283458595,0.06885245901639345,1260,9
refine_50m,50.0,1050.0,250.0,1079.3516572461451,0.9967213114754099,1.0,0.0,0.9967213114754099,0.0790007806401249,0.0790007806401249,0.95,0.05952380952380952,0.05952380952380952,70.1979854994878,78.47983869703577,131.94377667992057,143.32460037053406,172.81218951291314,0.0,42.99826570252919,0.07197501951600312,1260,9
refine_50m,50.0,1050.0,300.0,1092.0164833920778,0.9967213114754099,1.0,0.0,0.9967213114754099,0.06557377049180328,0.06557377049180328,0.95,0.05,0.05,64.24581448467474,71.17456097408808,114.62964001644959,124.19082621573307,145.54980978981894,0.0,38.8863022590917,0.10746812386156648,1260,9
refine_50m,50.0,1050.0,350.0,1106.7971810589327,0.994535519125683,1.0,0.0,0.994535519125683,0.06557377049180328,0.06557377049180328,0.9333333333333333,0.05,0.05,60.51480744503288,66.41645731850343,103.21143263985466,111.11923945177126,128.29484078587953,0.0,35.35834308232496,0.11475409836065574,1260,9
refine_50m,50.0,1050.0,400.0,1123.6102527122116,0.9918032786885246,1.0,0.0,0.9918032786885246,0.049336455893832946,0.049336455893832946,0.9166666666666666,0.0373015873015873,0.0373015873015873,57.96201436849815,63.270110708716096,95.37166374289072,102.4785207392856,116.68237080630693,0.0,32.3292706773661,0.12084309133489461,1260,9
refine_50m,50.0,1050.0,450.0,1142.3659658795862,0.9885245901639345,1.0,0.0,0.9885245901639345,0.022404371584699455,0.022404371584699455,0.9,0.016666666666666666,0.016666666666666666,56.381689676187605,61.175421766263945,89.61922240111036,96.94417147295327,108.53711316557633,0.0,29.6982182992819,0.1523809523809524,1260,9
refine_50m,50.0,1050.0,550.0,1185.32695911297,0.980327868852459,1.0,0.0,0.980327868852459,0.0,0.0,0.8666666666666667,0.0,0.0,54.58487314653843,58.94809194037472,83.66887562797689,89.9246732235389,98.3333955099771,0.0,25.347383611167693,0.17574811345303148,1260,9
refine_50m,50.0,1050.0,600.0,1209.3386622447824,0.9728077023158991,1.0,0.0,0.9728077023158991,0.0,0.0,0.8420634920634921,0.0,0.0,54.3570058307303,58.4448947632055,81.94259299011097,87.73866713760296,95.11398826318441,0.0,23.4489068392294,0.1970335675253708,1260,9
refine_50m,50.0,1050.0,650.0,1234.908903522847,0.9639344262295082,1.0,0.0,0.9639344262295082,0.0,0.0,0.8166666666666667,0.0,0.0,54.4229695504055,58.247708200056124,80.89708837862041,86.13907119170949,92.70653644298037,0.0,21.716921135527304,0.20944574551131928,1260,9
refine_50m,50.0,1100.0,350.0,1154.3396380615195,0.9885245901639345,1.0,0.0,0.9885245901639345,0.0,0.0,0.9,0.0,0.0,60.77803925452551,65.7245541791475,98.5384656166429,105.493682488892,120.33424914108197,0.0,34.668081820423254,0.12021857923497267,1260,9
refine_50m,50.0,1100.0,400.0,1170.4699910719626,0.9846994535519126,1.0,0.0,0.9846994535519126,0.0,0.0,0.8833333333333333,0.0,0.0,58.34998509151263,62.66491632690143,90.96370768357909,96.81156993322213,105.74782698879557,0.0,31.65232280187036,0.12661982825917253,1260,9
refine_50m,50.0,1100.0,450.0,1188.4864324004714,0.980327868852459,1.0,0.0,0.980327868852459,0.0,0.0,0.8666666666666667,0.0,0.0,57.03417512878086,60.629834991633274,85.61923489735466,90.857628591573,99.21303530878933,0.0,29.03229527463705,0.15961488420504813,1260,9
refine_50m,50.0,1150.0,350.0,1202.0815280171307,0.980327868852459,1.0,0.0,0.980327868852459,0.0,0.0,0.8666666666666667,0.0,0.0,61.03486413922865,65.82012016144046,95.38565484321872,103.60945466092899,125.60456990394279,0.0,34.16572444439432,0.12568306010928962,1260,9
refine_50m,50.0,1150.0,400.0,1217.579566188592,0.9754098360655737,1.0,0.0,0.9754098360655737,0.0,0.0,0.85,0.0,0.0,58.93790318518075,62.725431991928104,87.94749342256533,94.06113473621583,109.97795008173685,0.0,31.167634390472912,0.13239656518345044,1260,9
refine_50m,50.0,1150.0,450.0,1234.908903522847,0.9699453551912568,1.0,0.0,0.9699453551912568,0.0,0.0,0.8333333333333334,0.0,0.0,57.20061106385095,60.65820393407312,83.05906626806198,87.37238283145537,98.43334716975197,0.0,28.559259352567782,0.1668488160291439,1260,9
refine_50m,50.0,1350.0,850.0,1595.3056133543816,0.702888368462139,0.994535519125683,0.0,0.702888368462139,0.0,0.0,0.4587301587301587,0.0,0.0,59.3154203137854,59.889684009618335,65.11062042684037,66.42741698956476,67.37038819202004,0.0,12.600269527782764,0.35269320843091334,1260,9
refine_50m,50.0,1350.0,900.0,1622.4980739587952,0.6339578454332553,0.9902419984387197,0.0,0.6339578454332553,0.0,0.0,0.3984126984126984,0.0,0.0,59.13423770855236,60.173667825687524,65.64363336620147,67.42287599424849,68.09080738959969,0.0,10.231846271640798,0.37387457715326566,1260,9
refine_50m,50.0,1350.0,950.0,1650.7574019219178,0.5550351288056206,0.9846994535519126,0.0,0.5550351288056206,0.0,0.0,0.3357142857142857,0.0,0.0,59.823314479694034,60.77149522614113,66.63832223849269,68.34603392386913,68.86580692171259,0.0,7.922020247232187,0.3896695290137913,1260,9
refine_50m,50.0,1400.0,850.0,1637.83393541592,0.6657559198542805,0.9885245901639345,0.0,0.6657559198542805,0.0,0.0,0.4253968253968254,0.0,0.0,59.97193766848673,60.837079619038725,65.11892220425797,66.35858290347711,68.29017532869662,0.0,13.0122910349253,0.3162893572729638,1260,9
refine_50m,50.0,1400.0,900.0,1664.3316977093239,0.5928701535258912,0.9826177465521728,0.0,0.5928701535258912,0.0,0.0,0.36507936507936506,0.0,0.0,60.55925895443419,60.93100558946346,64.15692296355869,65.51532134223113,65.81851327275177,0.0,10.449263286584893,0.3253447827218319,1260,9
refine_50m,50.0,1400.0,950.0,1691.892431568863,0.5433775696070778,0.9754098360655737,0.0,0.5433775696070778,0.0,0.0,0.326984126984127,0.0,0.0,60.96391849692101,61.46989397572784,64.73008847707194,66.35417516719363,66.67474204894232,0.0,8.703320505896398,0.3369242779078845,1260,9
refine_50m,50.0,1450.0,850.0,1680.7736313971611,0.6263856362217018,0.980327868852459,0.0,0.6263856362217018,0.0,0.0,0.39206349206349206,0.0,0.0,61.19386541555029,62.10503837878794,67.03209991502065,68.21971304048581,71.09191942845393,0.0,13.850185469231025,0.2605256310174343,1260,9
refine_50m,50.0,1450.0,900.0,1706.6048165876011,0.5581576893052302,0.9728077023158991,0.0,0.5581576893052302,0.0,0.0,0.3380952380952381,0.0,0.0,61.67115145232736,62.06020571338791,65.1581499245916,66.18361506501343,67.4707046154918,0.0,11.289272863959013,0.26994535519125684,1260,9
refine_50m,50.0,1450.0,950.0,1733.4935823359717,0.5305750715586781,0.9639344262295082,0.0,0.5305750715586781,0.0,0.0,0.31746031746031744,0.0,0.0,62.132510995375604,62.618257886296604,65.00277974961651,65.65476181272966,67.03799046355945,0.0,10.013469162307443,0.28199323445225083,1260,9
