stage,resolution_m,x,y,movement_distance,guaranteed_receive_coverage,possible_receive_coverage,near_area_coverage,direction_available_coverage,clear_ready_coverage,operational_good_coverage,uniform_guaranteed_receive_coverage,uniform_clear_ready_coverage,uniform_operational_good_coverage,worst_diameter_median,worst_diameter_mean,worst_diameter_p90,worst_diameter_p95,worst_diameter_max,unbounded_fraction_of_direction_area,mean_abs_orthogonality_error_deg,orthogonal_80_100_area_coverage,target_sample_count,epsilon_sample_count
refine_10m,10.0,-30.0,0.0,30.0,0.40491803278688526,0.9349726775956284,0.0,0.40491803278688526,0.0,0.0,0.6333333333333333,0.0,0.0,nan,nan,nan,nan,nan,1.0,89.97095952184242,0.0,1260,9
refine_10m,10.0,-30.0,10.0,31.622776601683793,0.40491803278688526,0.9349726775956284,0.0,0.40491803278688526,0.000546448087431694,0.000546448087431694,0.6333333333333333,0.016666666666666666,0.016666666666666666,504.85631138367626,2730.9057777827343,4144.839400275199,11121.162007113204,52961.15052015502,0.9680611785874944,88.94176129308691,0.0,1260,9
refine_10m,10.0,-30.0,20.0,36.05551275463989,0.40491803278688526,0.9349726775956284,0.0,0.40491803278688526,0.002029664324746292,0.002029664324746292,0.6333333333333333,0.0373015873015873,0.0373015873015873,927.1462308630902,6620.655648266855,9593.621959705766,32295.258879925987,134504.67590397396,0.8457040035987404,87.88690925744339,0.0,1260,9
refine_10m,10.0,-30.0,30.0,42.42640687119285,0.40491803278688526,0.9349726775956284,0.0,0.40491803278688526,0.003590944574551132,0.003590944574551132,0.6333333333333333,0.05238095238095238,0.05238095238095238,1281.3364890870062,11059.126002885243,13774.12898842376,32288.784954970633,553833.9832632066,0.6357560568086884,86.83837382565893,0.0,1260,9
refine_10m,10.0,-20.0,0.0,20.0,0.4262295081967213,0.9672131147540983,0.0,0.4262295081967213,0.0,0.0,0.65,0.0,0.0,nan,nan,nan,nan,nan,1.0,89.98051425825332,0.0,1260,9
refine_10m,10.0,-20.0,10.0,22.360679774997898,0.4262295081967213,0.9672131147540983,0.0,0.4262295081967213,0.0009107468123861566,0.0009107468123861566,0.65,0.022222222222222223,0.022222222222222223,444.0763927337215,1969.2508479270061,4676.994162450095,9709.324690793681,37510.108813557636,0.9658119658119658,88.93509900294534,0.0,1260,9
refine_10m,10.0,-20.0,20.0,28.284271247461902,0.4262295081967213,0.9672131147540983,0.0,0.4262295081967213,0.002966432474629196,0.002966432474629196,0.65,0.046825396825396826,0.046825396825396826,847.962486685732,4221.4669480417115,7476.21197548745,16650.443829240652,112712.80141982308,0.8481074481074481,87.87463520360669,0.0,1260,9
refine_10m,10.0,-20.0,30.0,36.05551275463989,0.4262295081967213,0.9672131147540983,0.0,0.4262295081967213,0.004735883424408015,0.004735883424408015,0.65,0.06111111111111111,0.06111111111111111,1258.7579562862159,13507.742106346888,11330.00329093672,25641.386021264603,2329893.5266206516,0.6433455433455434,86.82213036432697,0.0,1260,9
refine_10m,10.0,-10.0,0.0,10.0,0.4262295081967213,0.9672131147540983,0.0,0.4262295081967213,0.0,0.0,0.65,0.0,0.0,nan,nan,nan,nan,nan,1.0,89.98992675522557,0.0,1260,9
refine_10m,10.0,-10.0,10.0,14.142135623730951,0.4262295081967213,0.9672131147540983,0.0,0.4262295081967213,0.001639344262295082,0.001639344262295082,0.65,0.03333333333333333,0.03333333333333333,427.1121630290021,2776.107304550029,5008.030937537028,8325.221914620326,56356.40070991154,0.961965811965812,88.89941290624644,0.0,1260,9
refine_10m,10.0,-10.0,20.0,22.360679774997898,0.4262295081967213,0.9672131147540983,0.0,0.4262295081967213,0.003278688524590164,0.003278688524590164,0.65,0.05,0.05,827.0294021087815,3940.4580874170847,8699.359070251456,20964.15526306478,68431.50857666844,0.8380952380952381,87.80553931791535,0.0,1260,9
refine_10m,10.0,-10.0,30.0,31.622776601683793,0.4262295081967213,0.9672131147540983,0.0,0.4262295081967213,0.00546448087431694,0.00546448087431694,0.65,0.06666666666666667,0.06666666666666667,1230.7652756706848,6705.211160240985,11205.350019669304,22880.902578891753,200177.68680456927,0.6315018315018315,86.72282365411338,0.0,1260,9
refine_10m,10.0,0.0,0.0,0.0,0.9669008587041374,0.9968774395003903,0.0,0.9669008587041374,0.0,0.0,0.9793650793650793,0.0,0.0,nan,nan,nan,nan,nan,1.0,90.0,0.0,1260,9
refine_10m,10.0,0.0,10.0,10.0,0.6494145199063232,0.9812646370023419,0.0,0.6494145199063232,0.001639344262295082,0.001639344262295082,0.7857142857142857,0.03333333333333333,0.03333333333333333,402.77149096053483,1513.8821076608083,3406.9083557662693,6938.2817382842795,33073.416362709744,0.9724726529630965,89.09248198420481,0.0,1260,9
refine_10m,10.0,0.0,20.0,20.0,0.5881342701014832,0.9781420765027322,0.0,0.5881342701014832,0.0037991152745251106,0.0037991152745251106,0.7476190476190476,0.05396825396825397,0.05396825396825397,800.0188967137456,3570.668158091397,6813.816711532539,13876.563476568559,116193.69376217591,0.8779311565348199,88.10174865273929,0.0,1260,9
refine_10m,10.0,0.0,30.0,30.0,0.5253447827218319,0.9750195160031225,0.0,0.5253447827218319,0.00585480093676815,0.00585480093676815,0.7087301587301588,0.06904761904761905,0.06904761904761905,1209.5553991776897,5668.962833293107,11562.959777989041,27345.994865387423,111298.36470782288,0.6891871811382436,86.99751637599047,0.0,1260,9
refine_10m,10.0,10.0,0.0,10.0,1.0,1.0,0.0,1.0,0.0,0.0,1.0,0.0,0.0,nan,nan,nan,nan,nan,1.0,89.99287245449385,0.0,1260,9
refine_10m,10.0,10.0,10.0,14.142135623730951,1.0,1.0,0.0,1.0,0.002263856362217018,0.002263856362217018,1.0,0.03968253968253968,0.03968253968253968,416.69785815885666,3599.480332894616,4813.14927085147,12688.073734854626,74063.9762860928,0.9796773354150403,89.22349596474072,0.0,1260,9
refine_10m,10.0,10.0,20.0,22.360679774997898,1.0,1.0,0.0,1.0,0.004735883424408015,0.004735883424408015,1.0,0.06111111111111111,0.06111111111111111,787.2346392798825,4111.8230630820435,7994.737326950057,22733.595794114513,107306.28296916035,0.9232370543845954,88.45833417640176,0.0,1260,9
refine_10m,10.0,10.0,30.0,31.622776601683793,1.0,1.0,0.0,1.0,0.00702576112412178,0.00702576112412178,1.0,0.0761904761904762,0.0761904761904762,1175.9158374081153,5472.500189221012,10682.40653549712,18990.191710443272,176050.15228892362,0.832552693208431,87.70418177202106,0.0,1260,9
refine_10m,10.0,20.0,0.0,20.0,1.0,1.0,2.6021337496747333e-05,0.9999739786625033,0.000156128024980484,0.00018214936247723133,1.0,0.004761904761904762,0.005555555555555556,13.393474582616928,20.94621398013008,40.250348212562805,40.250348212562805,40.250348212562805,0.999791823883005,89.9845442355797,0.0,1260,9
refine_10m,10.0,20.0,10.0,22.360679774997898,1.0,1.0,0.0,1.0,0.003044496487119438,0.003044496487119438,1.0,0.047619047619047616,0.047619047619047616,365.66569979792297,2930.574512982139,4091.506968941592,8449.646525740194,72563.43981096619,0.9777777777777777,89.18380695025095,0.0,1260,9
refine_10m,10.0,20.0,20.0,28.284271247461902,1.0,1.0,0.0,1.0,0.00546448087431694,0.00546448087431694,1.0,0.06666666666666667,0.06666666666666667,773.7067612545702,5797.81619446096,7988.19729785436,14182.351033335603,148127.9525721856,0.9193338537600833,88.40149817751957,0.0,1260,9
refine_10m,10.0,20.0,30.0,36.05551275463989,1.0,1.0,0.0,1.0,0.00819672131147541,0.00819672131147541,1.0,0.08333333333333333,0.08333333333333333,1157.0694584391783,4684.99992347955,10807.35339601537,26703.9170876234,79816.7320785189,0.8259953161592506,87.6325935051985,0.00044236273744470466,1260,9
refine_10m,10.0,20.0,620.0,620.3224967708329,0.28352849336455893,0.8400988810824876,0.0,0.28352849336455893,0.06229508196721312,0.06229508196721312,0.5285714285714286,0.22777777777777777,0.22777777777777777,62.49579252331834,62.28940249577314,93.76778766098757,98.4445259404012,104.22477911878325,0.0,38.26980790432885,0.00741608118657299,1260,9
refine_10m,10.0,20.0,630.0,630.3173803727769,0.2768670309653916,0.8343741868332032,0.0,0.2768670309653916,0.061124121779859486,0.061124121779859486,0.5222222222222223,0.2253968253968254,0.2253968253968254,61.68321900250204,61.147618693265294,91.69020058268059,95.45745629548944,103.28297540086588,0.0,37.53921597753972,0.0075461878740567265,1260,9
refine_10m,10.0,20.0,640.0,640.3124237432849,0.2710382513661202,0.8286494925839188,0.0,0.2710382513661202,0.059953161592505855,0.059953161592505855,0.5166666666666667,0.22301587301587303,0.22301587301587303,59.973108530364144,60.07469406699595,89.16287207939004,92.71746977724922,97.43084741778989,0.0,36.851038037122215,0.0078064012490242,1260,9
refine_10m,10.0,20.0,650.0,650.3076195155644,0.26619828259172523,0.8229247983346344,0.0,0.26619828259172523,0.05839188134270101,0.05839188134270101,0.5119047619047619,0.21984126984126984,0.21984126984126984,59.29827653048038,59.32464386841685,87.4196216973658,91.68798500809986,96.65781485284026,0.0,36.21697046762053,0.007936507936507936,1260,9
refine_10m,10.0,20.0,660.0,660.3029607687671,0.2597449908925319,0.8172001040853499,0.0,0.2597449908925319,0.05683060109289618,0.05683060109289618,0.5055555555555555,0.21666666666666667,0.21666666666666667,58.67419325199122,58.33634096130758,85.67866458835525,89.00784105810664,95.92180473877626,0.0,35.5057566619803,0.008066614623991674,1260,9
refine_10m,10.0,20.0,670.0,670.2984409947558,0.2540983606557377,0.8114754098360656,0.0,0.2540983606557377,0.05683060109289618,0.05683060109289618,0.5,0.21666666666666667,0.21666666666666667,58.09689415222875,57.410895473967436,83.8431684660836,86.78210873666411,90.66766985414127,0.0,34.83795420039815,0.00819672131147541,1260,9
refine_10m,10.0,20.0,680.0,680.2940540677979,0.24785323965651834,0.8044496487119438,0.0,0.24785323965651834,0.05683060109289618,0.05683060109289618,0.4936507936507937,0.21666666666666667,0.21666666666666667,56.312370332854215,56.5877949778714,81.73157069560068,85.31009945514616,90.07128281520944,0.0,34.14306306078455,0.008508977361436378,1260,9
refine_10m,10.0,30.0,0.0,30.0,1.0,1.0,2.6021337496747333e-05,0.9999739786625033,0.0005204267499349467,0.000546448087431694,1.0,0.015873015873015872,0.016666666666666666,15.029414859643673,19.326523721258916,30.000000000000007,30.000000000000007,30.000000000000007,0.9994795597075126,89.97593968232981,0.0,1260,9
refine_10m,10.0,30.0,10.0,31.622776601683793,1.0,1.0,0.0,1.0,0.003278688524590164,0.003278688524590164,1.0,0.05,0.05,359.9897496503268,3143.3888688895886,4437.659770455981,11745.451534650283,70923.0736183678,0.9754618787405672,89.15361476371321,0.0,1260,9
refine_10m,10.0,30.0,20.0,36.05551275463989,1.0,1.0,0.0,1.0,0.0059849076242518865,0.0059849076242518865,1.0,0.06984126984126984,0.06984126984126984,749.4013380592443,10276.909598247765,7321.486500101788,15693.801894726594,1659531.222560296,0.9160031225604996,88.3477117856787,0.0,1260,9
refine_10m,10.0,30.0,30.0,42.42640687119285,1.0,1.0,0.0,1.0,0.008508977361436378,0.008508977361436378,1.0,0.08492063492063492,0.08492063492063492,1141.3931849251262,7332.338149582253,11195.078227479542,21273.52655000341,277877.4329214703,0.8193338537600833,87.56055279273792,0.00039032006245121,1260,9
refine_10m,10.0,30.0,620.0,620.7253821135398,0.2893832943013271,0.8517304189435337,0.0,0.2893832943013271,0.06502732240437159,0.06502732240437159,0.5341269841269841,0.23333333333333334,0.23333333333333334,62.1507962406386,62.127442663614566,93.64694897875295,97.64620836866658,107.99298143254458,0.0,37.98961510373017,0.008352849336455893,1260,9
refine_10m,10.0,30.0,630.0,630.7138812488591,0.28436117616445483,0.8459016393442623,0.0,0.28436117616445483,0.06502732240437159,0.06502732240437159,0.5293650793650794,0.23333333333333334,0.23333333333333334,61.46264352455854,61.261385408159434,91.80280788423924,96.53015835347146,101.8239703506664,0.0,37.34156424177661,0.008508977361436378,1260,9
refine_10m,10.0,30.0,640.0,640.7027391856539,0.27853239656518347,0.8415300546448088,0.0,0.27853239656518347,0.06502732240437159,0.06502732240437159,0.5238095238095238,0.23333333333333334,0.23333333333333334,60.71324457989593,60.303479187301896,90.25485455358455,93.9946142874934,100.95320588621658,0.0,36.65909102406069,0.008821233411397346,1260,9
refine_10m,10.0,30.0,650.0,650.6919393998976,0.27270361696591205,0.8343741868332032,0.0,0.27270361696591205,0.06502732240437159,0.06502732240437159,0.5182539682539683,0.23333333333333334,0.23333333333333334,59.00482001740203,59.30715152338551,87.85154619759817,91.3833411991756,100.12353533936115,0.0,35.97964209640326,0.009133489461358314,1260,9
refine_10m,10.0,30.0,660.0,660.6814663663572,0.2670049440541244,0.8286494925839188,0.0,0.2670049440541244,0.06424668227946917,0.06424668227946917,0.5126984126984127,0.23174603174603176,0.23174603174603176,58.38737231673794,58.44890590850048,85.87252436464857,90.01534630112799,94.5913959616729,0.0,35.311066760315136,0.009289617486338797,1260,9
refine_10m,10.0,30.0,670.0,670.6713054842886,0.26055165235493105,0.8229247983346344,0.0,0.26055165235493105,0.06268540202966433,0.06268540202966433,0.5063492063492063,0.22857142857142856,0.22857142857142856,57.81673266479649,57.521188027507165,84.19267192091544,87.48244840329143,93.9135554471531,0.0,34.607706741425936,0.009601873536299765,1260,9
refine_10m,10.0,30.0,680.0,680.6614430096654,0.25490502211813687,0.8172001040853499,0.0,0.25490502211813687,0.060733801717408276,0.060733801717408276,0.5007936507936508,0.2246031746031746,0.2246031746031746,57.289300833820406,56.653652793247446,82.46267173404247,85.3778254980731,93.26840380078151,0.0,33.948117194813015,0.00975800156128025,1260,9
refine_10m,10.0,40.0,620.0,621.2889826803627,0.297111631537861,0.8648451730418943,0.0,0.297111631537861,0.06393442622950819,0.06393442622950819,0.5412698412698412,0.21666666666666667,0.21666666666666667,62.0290517420806,62.34783614618438,94.72353335822932,98.89696006754595,106.46641572590175,0.0,37.795329937098835,0.00975800156128025,1260,9
refine_10m,10.0,40.0,630.0,631.2685640834652,0.2911007025761124,0.8590163934426229,0.0,0.2911007025761124,0.06393442622950819,0.06393442622950819,0.5357142857142857,0.21666666666666667,0.21666666666666667,61.22277370943091,61.2629914052605,92.22262952533241,95.87704704018066,105.48952609926526,0.0,37.103647750547005,0.009914129586260733,1260,9
refine_10m,10.0,40.0,640.0,641.2487816752559,0.2860265417642467,0.8531876138433515,0.0,0.2860265417642467,0.06393442622950819,0.06393442622950819,0.530952380952381,0.21666666666666667,0.21666666666666667,60.47729614375745,60.38745171605859,90.19725315027351,94.57700793282747,99.536599125487,0.0,36.46133123141716,0.010226385636221701,1260,9
refine_10m,10.0,40.0,650.0,651.2296062065975,0.27936507936507937,0.8473588342440801,0.0,0.27936507936507937,0.06393442622950819,0.06393442622950819,0.5246031746031746,0.21666666666666667,0.21666666666666667,59.787627754647986,59.39150164537351,88.57352647347903,92.29383820027262,98.73238386431917,0.0,35.74691539679029,0.01053864168618267,1260,9
refine_10m,10.0,40.0,660.0,661.2110101926615,0.27353629976580796,0.8415300546448088,0.0,0.27353629976580796,0.06393442622950819,0.06393442622950819,0.5190476190476191,0.21666666666666667,0.21666666666666667,58.08319685496538,58.45743930015802,86.33786054247425,89.82339202233015,97.96629347810062,0.0,35.07560749117824,0.010694769711163154,1260,9
refine_10m,10.0,40.0,670.0,671.1929677819934,0.2670049440541244,0.8343741868332032,0.0,0.2670049440541244,0.06393442622950819,0.06393442622950819,0.5126984126984127,0.21666666666666667,0.21666666666666667,57.431126261814796,57.52717143142532,84.24594511443527,88.1668220928046,92.62080359351965,0.0,34.37294647073118,0.011007025761124122,1260,9
refine_10m,10.0,40.0,680.0,681.1754546370561,0.2613583138173302,0.8286494925839188,0.0,0.2613583138173302,0.06393442622950819,0.06393442622950819,0.5071428571428571,0.21666666666666667,0.21666666666666667,56.914294473794044,56.74996829851455,82.76354540195607,86.01337761437446,91.99757904869337,0.0,33.718390867025214,0.011163153786104605,1260,9
refine_10m,10.0,50.0,620.0,622.0128616033594,0.304839968774395,0.8750975800156128,0.0,0.304839968774395,0.06435076762945616,0.06435076762945616,0.5484126984126985,0.21746031746031746,0.21746031746031746,62.65533203617408,62.415487586129224,94.64791525329345,99.47753764164335,104.95629904079296,0.0,37.5955873142405,0.011163153786104605,1260,9
refine_10m,10.0,50.0,630.0,631.9810123729984,0.29882903981264636,0.8706739526411658,0.0,0.29882903981264636,0.06393442622950819,0.06393442622950819,0.5428571428571428,0.21666666666666667,0.21666666666666667,60.96323599889247,61.44535314923632,93.06128177514417,97.34631623978274,104.00766044587408,0.0,36.90988838099635,0.011475409836065573,1260,9
refine_10m,10.0,50.0,640.0,641.9501538281613,0.29281811085089776,0.8648451730418943,0.0,0.29281811085089776,0.06393442622950819,0.06393442622950819,0.5373015873015873,0.21666666666666667,0.21666666666666667,60.222506089986965,60.43810179686471,90.83438824769993,94.46700794571906,103.1036079833618,0.0,36.22709634180189,0.011475409836065573,1260,9
refine_10m,10.0,50.0,650.0,651.9202405202649,0.2868592245641426,0.8590163934426229,0.0,0.2868592245641426,0.06393442622950819,0.06393442622950819,0.5317460317460317,0.21666666666666667,0.21666666666666667,59.53781600519763,59.4630474561314,88.64981737435559,92.64089921335383,97.35659409700595,0.0,35.55046168575884,0.011657559198542805,1260,9
refine_10m,10.0,50.0,660.0,661.8912297349165,0.2810304449648712,0.8531876138433515,0.0,0.2810304449648712,0.06393442622950819,0.06393442622950819,0.5261904761904762,0.21666666666666667,0.21666666666666667,58.90463715417404,58.63186242399283,87.02187428436308,90.65601272249035,96.614769215731,0.0,34.88507061463455,0.012021857923497269,1260,9
refine_10m,10.0,50.0,670.0,671.863081289633,0.27436898256570386,0.8473588342440801,0.0,0.27436898256570386,0.06393442622950819,0.06393442622950819,0.5198412698412699,0.21666666666666667,0.21666666666666667,57.20629712122559,57.65299700539646,84.88053416477612,88.31956833686445,95.90833638014193,0.0,34.181080498982546,0.01238615664845173,1260,9
refine_10m,10.0,50.0,680.0,681.8357573492315,0.26781160551652355,0.8400988810824876,0.0,0.26781160551652355,0.06393442622950819,0.06393442622950819,0.5134920634920634,0.21666666666666667,0.21666666666666667,56.61063892347482,56.74761807950067,82.90427513428598,86.86251739319577,90.7411441769378,0.0,33.485026869002056,0.012568306010928962,1260,9
refine_10m,10.0,60.0,620.0,622.8964600958975,0.3118657298985168,0.8884465261514441,0.0,0.3118657298985168,0.07197501951600312,0.07197501951600312,0.5547619047619048,0.24761904761904763,0.24761904761904763,62.46065624548585,62.48945082141201,95.48682957588917,99.58657868657589,108.73154481129723,0.0,37.36201379736348,0.01238615664845173,1260,9
refine_10m,10.0,60.0,630.0,632.8506932918696,0.30569867291178765,0.8825136612021858,0.0,0.30569867291178765,0.07072599531615925,0.07072599531615925,0.5492063492063493,0.24523809523809523,0.24523809523809523,61.64316476135961,61.38898774812278,92.72007767915275,97.2257746594263,102.541895435386,0.0,36.67146594659933,0.012750455373406194,1260,9
refine_10m,10.0,60.0,640.0,642.8063471995279,0.29968774395003905,0.8765807962529274,0.0,0.29968774395003905,0.06947697111631537,0.06947697111631537,0.5436507936507936,0.24285714285714285,0.24285714285714285,59.94853865437621,60.48080431248073,91.18187709266174,95.53239262895588,101.66474624235114,0.0,35.99394275064212,0.013114754098360656,1260,9
refine_10m,10.0,60.0,650.0,652.7633568147036,0.2936768149882904,0.8721311475409836,0.0,0.2936768149882904,0.06781160551652354,0.06781160551652354,0.5380952380952381,0.2396825396825397,0.2396825396825397,59.269631826633585,59.53677698215979,89.2222922828026,92.80794581199223,100.82893002169052,0.0,35.31939169605964,0.013296903460837887,1260,9
refine_10m,10.0,60.0,660.0,662.7216610312356,0.2876919073640385,0.8648451730418943,0.0,0.2876919073640385,0.06614623991673171,0.06614623991673171,0.5325396825396825,0.2365079365079365,0.2365079365079365,58.6423619593444,58.58866536500758,86.91465268891193,90.68984848089195,95.27829858993752,0.0,34.64943674126392,0.01366120218579235,1260,9
refine_10m,10.0,60.0,670.0,672.6812023536855,0.2810304449648712,0.8590163934426229,0.0,0.2810304449648712,0.06393442622950819,0.06393442622950819,0.5261904761904762,0.21666666666666667,0.21666666666666667,57.9690141894778,57.71178892145043,85.27193914810948,88.83149480121824,94.5950073625997,0.0,33.95117227525567,0.013843351548269581,1260,9
refine_10m,10.0,60.0,680.0,682.6419266350405,0.2752016653655998,0.8531876138433515,0.0,0.2752016653655998,0.06393442622950819,0.06393442622950819,0.5206349206349207,0.21666666666666667,0.21666666666666667,56.29073092006045,56.89170617906316,83.4775667298107,86.86994735452582,93.94459019987087,0.0,33.29669433011046,0.014207650273224045,1260,9
refine_10m,10.0,70.0,620.0,623.9390995922599,0.31894353369763206,0.9017954722872755,0.0,0.31894353369763206,0.0715846994535519,0.0715846994535519,0.5611111111111111,0.23333333333333334,0.23333333333333334,62.12227922600932,62.515912687556664,95.90911291486891,100.58196958247633,107.1979323982741,0.0,37.12745454818998,0.014207650273224045,1260,9
refine_10m,10.0,70.0,630.0,633.8769596696192,0.3136351808482956,0.8958626073380171,0.0,0.3136351808482956,0.0715846994535519,0.0715846994535519,0.5563492063492064,0.23333333333333334,0.23333333333333334,61.43059632739164,61.605401139267364,94.01542934519524,97.75383988584707,106.21426666380995,0.0,36.48172983021878,0.014389799635701275,1260,9
refine_10m,10.0,70.0,640.0,643.8167441127949,0.3074421025240697,0.8899297423887588,0.0,0.3074421025240697,0.0715846994535519,0.0715846994535519,0.5507936507936508,0.23333333333333334,0.23333333333333334,60.677282631322264,60.54722506083542,91.32359945627918,95.38071364669867,105.27647949630098,0.0,35.798597642575814,0.014754098360655738,1260,9
refine_10m,10.0,70.0,650.0,653.7583651472461,0.3005464480874317,0.8839968774395004,0.0,0.3005464480874317,0.0715846994535519,0.0715846994535519,0.5444444444444444,0.23333333333333334,0.23333333333333334,58.982775887596844,59.56824037370885,89.51750089039916,93.78577344202724,99.43146771733531,0.0,35.08768473770368,0.01493624772313297,1260,9
refine_10m,10.0,70.0,660.0,663.7017402418047,0.29539422326307574,0.878064012490242,0.0,0.29539422326307574,0.0715846994535519,0.0715846994535519,0.5396825396825397,0.23333333333333334,0.23333333333333334,58.362196407769275,58.793722017398835,87.91671271095554,91.47757402989362,98.6596262695439,0.0,34.463189628666946,0.015300546448087432,1260,9
refine_10m,10.0,70.0,670.0,673.6467917239717,0.2885506115014312,0.8706739526411658,0.0,0.2885506115014312,0.07033567525370804,0.07033567525370804,0.5333333333333333,0.23095238095238096,0.23095238095238096,57.78918079071176,57.79414629288294,85.48937883347014,89.09006176897626,97.92422177474197,0.0,33.760307618279434,0.015300546448087432,1260,9
refine_10m,10.0,70.0,680.0,683.593446428504,0.28186312776476713,0.8648451730418943,0.0,0.28186312776476713,0.06825396825396825,0.06825396825396825,0.526984126984127,0.22698412698412698,0.22698412698412698,57.17173903840679,56.939757220580326,83.81753539991652,87.32509080972322,92.66809703258669,0.0,33.06867153720357,0.01571688784803539,1260,9
refine_10m,10.0,80.0,620.0,625.1399843235114,0.32695810564663025,0.9138433515482696,0.0,0.32695810564663025,0.0715846994535519,0.0715846994535519,0.5682539682539682,0.23333333333333334,0.23333333333333334,62.0093351912305,62.603938468263685,95.86008715637149,100.19172558783511,111.02016112963331,0.0,36.9328937350904,0.015300546448087432,1260,9
refine_10m,10.0,80.0,630.0,635.0590523722971,0.3207129846474109,0.9078064012490242,0.0,0.3207129846474109,0.0715846994535519,0.0715846994535519,0.5626984126984127,0.23333333333333334,0.23333333333333334,61.197951786689984,61.6061231846706,94.16660682215866,98.99254264127687,104.72563790052546,0.0,36.24899168946051,0.01571688784803539,1260,9
refine_10m,10.0,80.0,640.0,644.9806198638839,0.314519906323185,0.9017954722872755,0.0,0.314519906323185,0.0715846994535519,0.0715846994535519,0.5571428571428572,0.23333333333333334,0.23333333333333334,60.44851777178613,60.650850319395495,92.29641065612044,95.98714606626746,103.81526117139178,0.0,35.57146043065638,0.016133229247983348,1260,9
refine_10m,10.0,80.0,650.0,654.9045732013176,0.30921155347384854,0.8958626073380171,0.0,0.30921155347384854,0.0715846994535519,0.0715846994535519,0.5523809523809524,0.23333333333333334,0.23333333333333334,59.862362399697055,59.78021117839938,90.01771821053711,93.81351717786693,102.94742055548635,0.0,34.93868865990131,0.016549570647931305,1260,9
refine_10m,10.0,80.0,660.0,664.8308055437865,0.30140515222482434,0.8899297423887588,0.0,0.30140515222482434,0.0715846994535519,0.0715846994535519,0.5452380952380952,0.23333333333333334,0.23333333333333334,57.97057640186958,58.70493952360148,87.91296572846214,92.10396848200934,97.30204372567351,0.0,34.192448936912115,0.016757741347905284,1260,9
refine_10m,10.0,80.0,670.0,674.7592163134935,0.29539422326307574,0.8839968774395004,0.0,0.29539422326307574,0.0715846994535519,0.0715846994535519,0.5396825396825397,0.23333333333333334,0.23333333333333334,57.4086696202994,57.876517817807986,86.17602082046204,89.66687917085092,96.59022515426916,0.0,33.53498675662347,0.01717408274785324,1260,9
refine_10m,10.0,80.0,680.0,684.6897107449475,0.29024199843871973,0.878064012490242,0.0,0.29024199843871973,0.0715846994535519,0.0715846994535519,0.5349206349206349,0.23333333333333334,0.23333333333333334,56.97660231791461,57.126578616299085,84.33654053143404,87.66279426979959,95.91225547954032,0.0,32.92313928570028,0.01738225344782722,1260,9
refine_10m,10.0,470.0,920.0,1033.1021246711284,0.7573770491803279,1.0,0.0,0.7573770491803279,0.10546448087431694,0.10546448087431694,0.7674603174603175,0.26666666666666666,0.26666666666666666,97.5730512956646,87.99284086920953,139.23340090555877,144.70678106839696,153.6683712772144,0.0,29.723138141099263,0.13260473588342442,1260,9
refine_10m,10.0,470.0,930.0,1042.0172743289816,0.7180327868852459,1.0,0.0,0.7180327868852459,0.09177725735102785,0.09177725735102785,0.7253968253968254,0.2373015873015873,0.2373015873015873,100.26779876526106,88.57522832699274,139.13314935429682,144.13632088326642,152.7957211153898,0.0,29.52710724591457,0.13455633619568047,1260,9
refine_10m,10.0,470.0,940.0,1050.9519494249012,0.6749934946656259,1.0,0.0,0.6749934946656259,0.08904501691386937,0.08904501691386937,0.6761904761904762,0.21984126984126984,0.21984126984126984,102.94696855189711,89.35013508284122,139.35679856617352,143.93792778009623,151.9516389648577,0.0,29.373223646750553,0.13619568045797553,1260,9
refine_10m,10.0,470.0,950.0,1059.9056561788884,0.6297163674212855,1.0,0.0,0.6297163674212855,0.08540202966432475,0.08540202966432475,0.6238095238095238,0.2007936507936508,0.2007936507936508,105.73294125497698,90.347403223663,139.3599845703442,143.74209496003306,151.13511141014516,0.0,29.288114846747355,0.13783502472027062,1260,9
refine_10m,10.0,470.0,960.0,1068.8779163215975,0.5840749414519907,1.0,0.0,0.5840749414519907,0.08100442362737445,0.08100442362737445,0.5714285714285714,0.18174603174603174,0.18174603174603174,107.99478770835599,91.50147455299923,139.47318497105522,143.55581997833752,150.3451717504177,0.0,29.262590425848064,0.1394743689825657,1260,9
refine_10m,10.0,470.0,970.0,1077.8682665335314,0.5313557116835805,1.0,0.0,0.5313557116835805,0.06276346604215456,0.06276346604215456,0.5079365079365079,0.14047619047619048,0.14047619047619048,111.0321148730881,93.42450251537433,139.57697591725827,142.9807602657124,149.58089736958203,0.0,29.509141847189607,0.1417902680197762,1260,9
refine_10m,10.0,470.0,980.0,1086.8762579061151,0.47062190996617226,1.0,0.0,0.47062190996617226,0.052615144418423104,0.052615144418423104,0.43253968253968256,0.10952380952380952,0.10952380952380952,114.67093956308359,96.44930638754454,139.56374134528085,142.85676677733684,148.84140728141642,0.0,30.17059633330344,0.14082747853239658,1260,9
refine_10m,10.0,470.0,990.0,1095.9014554237986,0.3977621649752797,1.0,0.0,0.3977621649752797,0.03622170179547229,0.03622170179547229,0.3380952380952381,0.06904761904761905,0.06904761904761905,119.3354440855115,102.13245190684552,139.9440250557082,143.0184150951618,148.12585983623612,0.0,31.98678891152417,0.11204787926099402,1260,9
refine_10m,10.0,470.0,1000.0,1104.943437466371,0.2980744210252407,1.0,0.0,0.2980744210252407,0.004475670049440541,0.004475670049440541,0.2,0.00873015873015873,0.00873015873015873,125.23850816828778,117.01921794531981,140.77231000365046,143.08760794798576,147.43345057685832,0.0,38.13754152879182,0.036455893832943016,1260,9
refine_10m,10.0,470.0,1010.0,1114.0017953306897,0.2356232110330471,1.0,0.0,0.2356232110330471,0.0,0.0,0.12698412698412698,0.0,0.0,128.85536905362628,128.90660193460363,141.13527157425028,143.43204480732416,146.7634102326312,0.0,43.083282891205585,0.0,1260,9
refine_10m,10.0,470.0,1020.0,1123.0761327710602,0.21202185792349726,1.0,0.0,0.21202185792349726,0.0,0.0,0.11349206349206349,0.0,0.0,129.91350273495766,129.951178596969,141.0436508085098,143.30869398324225,146.11500284126453,0.0,43.08272710283195,0.0,1260,9
refine_10m,10.0,470.0,1030.0,1132.1660655575224,0.18662503252667187,1.0,0.0,0.18662503252667187,0.0,0.0,0.0992063492063492,0.0,0.0,131.1941561653353,131.08251705156258,140.9550336848055,143.18887219563425,145.48752398907746,0.0,43.08871997543401,0.0,1260,9
refine_10m,10.0,480.0,920.0,1037.6897416858278,0.7796773354150404,1.0,0.0,0.7796773354150404,0.11475409836065574,0.11475409836065574,0.7841269841269841,0.2833333333333333,0.2833333333333333,95.62086676890549,86.99661754508122,137.6263215613525,142.98260420589062,152.19760163770925,0.0,29.469167414194995,0.1363257871454593,1260,9
refine_10m,10.0,480.0,930.0,1046.5658125507446,0.7378090033827739,1.0,0.0,0.7378090033827739,0.11256830601092896,0.11256830601092896,0.7365079365079366,0.26666666666666666,0.26666666666666666,97.96929649230538,87.65445109481715,137.74928580905294,142.78693934418806,151.3438827374889,0.0,29.293893036574563,0.1376528753577934,1260,9
refine_10m,10.0,480.0,940.0,1055.461984156701,0.697632058287796,1.0,0.0,0.697632058287796,0.09781420765027322,0.09781420765027322,0.6904761904761905,0.23333333333333334,0.23333333333333334,100.0294098411584,88.36216555577336,137.58342158430352,142.5872687981869,150.51825690238707,0.0,29.14218869964646,0.1399687743950039,1260,9
refine_10m,10.0,480.0,950.0,1064.377752492037,0.6541764246682279,1.0,0.0,0.6541764246682279,0.09398907103825137,0.09398907103825137,0.6396825396825396,0.21428571428571427,0.21428571428571427,102.73744936586104,89.33693490931479,137.63742930521587,141.9575809624906,149.71972759527233,0.0,29.07445734505529,0.1409575852198803,1260,9
refine_10m,10.0,480.0,960.0,1073.312629199899,0.6051522248243559,1.0,0.0,0.6051522248243559,0.08862867551392141,0.08862867551392141,0.5817460317460318,0.19206349206349208,0.19206349206349208,105.70533206283497,90.71591691074134,137.7178088707287,141.83299250026724,148.9473442134299,0.0,29.13364206423446,0.1422846734322144,1260,9
refine_10m,10.0,480.0,970.0,1082.266141020775,0.5517564402810304,1.0,0.0,0.5517564402810304,0.08134270101483217,0.08134270101483217,0.5174603174603175,0.16666666666666666,0.16666666666666666,108.91205840975853,92.67316472656753,138.00688387230093,141.7118489380698,148.20019950354933,0.0,29.407592692329786,0.14361176164454853,1260,9
refine_10m,10.0,480.0,980.0,1091.2378292562992,0.4921415560759823,1.0,0.0,0.4921415560759823,0.05951079885506115,0.05951079885506115,0.44365079365079363,0.11984126984126985,0.11984126984126985,112.46009874688475,95.68877221776945,138.20630733403326,141.59412272602145,147.47742714863926,0.0,30.11508062385086,0.14238875878220142,1260,9
refine_10m,10.0,480.0,990.0,1100.2272492535349,0.41834504293520686,1.0,0.0,0.41834504293520686,0.04228467343221442,0.04228467343221442,0.3476190476190476,0.07857142857142857,0.07857142857142857,116.68655744695427,101.48555623296745,138.53623405821398,141.47978538884274,146.77819951363327,0.0,32.04183153102223,0.11199583658600053,1260,9
refine_10m,10.0,480.0,1000.0,1109.233969908964,0.3182149362477231,1.0,0.0,0.3182149362477231,0.012021857923497269,0.012021857923497269,0.2119047619047619,0.020634920634920634,0.020634920634920634,122.84705563901922,115.24505183265401,139.30169867908654,141.5511836539496,146.10172553768376,0.0,37.77498520790947,0.03788706739526412,1260,9
refine_10m,10.0,480.0,1010.0,1118.257573191436,0.25748113453031485,1.0,0.0,0.25748113453031485,0.0,0.0,0.13968253968253969,0.0,0.0,126.28098731566786,126.38438805567424,139.61473316240478,141.71541827388768,145.44724876208562,0.0,42.50098594513608,0.0,1260,9
refine_10m,10.0,480.0,1020.0,1127.2976536833562,0.234296122820713,1.0,0.0,0.234296122820713,0.0,0.0,0.1261904761904762,0.0,0.0,127.31544247580882,127.45205233876233,139.3904779156576,141.60475333095644,144.81404548381488,0.0,42.52603484586526,0.0,1260,9
refine_10m,10.0,480.0,1030.0,1136.3538181394033,0.20645329169919333,1.0,0.0,0.20645329169919333,0.0,0.0,0.11031746031746031,0.0,0.0,128.70701027700525,128.7535597090499,139.31353575306994,141.49746134071808,144.20142302538568,0.0,42.57784661903878,0.0,1260,9
refine_10m,10.0,490.0,920.0,1042.3531071570708,0.7973458235753318,1.0,0.0,0.7973458235753318,0.10320062451209992,0.10320062451209992,0.7928571428571428,0.2619047619047619,0.2619047619047619,93.2395907258619,86.11911936972345,136.25869133912104,141.6363153041069,150.73836100838685,0.0,29.222256870560987,0.139032006245121,1260,9
refine_10m,10.0,490.0,930.0,1051.189802081432,0.7582617746552173,1.0,0.0,0.7582617746552173,0.10085870413739266,0.10085870413739266,0.7476190476190476,0.24523809523809523,0.24523809523809523,95.48752702058994,86.72702989850593,135.9916575222691,141.43305210272044,149.90341678872164,0.0,29.04974715120828,0.14004683840749416,1260,9
refine_10m,10.0,490.0,940.0,1060.0471687618433,0.716679677335415,1.0,0.0,0.716679677335415,0.09750195160031226,0.09750195160031226,0.6984126984126984,0.2261904761904762,0.2261904761904762,98.18002404486768,87.52606394421191,136.04528886964522,140.80760604876676,149.0960944661516,0.0,28.935141331509012,0.1410616705698673,1260,9
refine_10m,10.0,490.0,950.0,1068.9246933250256,0.6716107207910487,1.0,0.0,0.6716107207910487,0.08123861566484518,0.08123861566484518,0.6460317460317461,0.18968253968253967,0.18968253968253967,100.90924727852085,88.53620836365165,136.1414319239927,140.68589878675417,148.315414239912,0.0,28.881841803051735,0.14207650273224043,1260,9
refine_10m,10.0,490.0,960.0,1077.821877677383,0.6245641425969295,1.0,0.0,0.6245641425969295,0.07582617746552173,0.07582617746552173,0.5904761904761905,0.16825396825396827,0.16825396825396827,103.95006519673196,89.88147812343064,136.29211904955466,140.4380525538585,147.56044147096256,0.0,28.954275243369253,0.14376788966952903,1260,9
refine_10m,10.0,490.0,970.0,1086.7382389517727,0.5727816809784023,1.0,0.0,0.5727816809784023,0.06814988290398126,0.06814988290398126,0.5277777777777778,0.14285714285714285,0.14285714285714285,106.74642281903436,91.81144593622388,136.2844751187677,140.27614957653392,146.83028414134145,0.0,29.2505011905684,0.14548529794431433,1260,9
refine_10m,10.0,490.0,980.0,1095.673308974897,0.5141295862607338,1.0,0.0,0.5141295862607338,0.04621389539422326,0.04621389539422326,0.45555555555555555,0.09682539682539683,0.09682539682539683,110.32575940121812,94.7742125165094,136.5706136485808,140.11870403266724,146.12409048240931,0.0,29.973845226374948,0.14590163934426228,1260,9
refine_10m,10.0,490.0,990.0,1104.6266337545912,0.43783502472027064,1.0,0.0,0.43783502472027064,0.028805620608899296,0.028805620608899296,0.35873015873015873,0.05634920634920635,0.05634920634920635,114.58493226764685,100.44880413405623,136.86187956598448,139.96565751109264,145.4410467589906,0.0,31.877992074139286,0.11524850377309394,1260,9
refine_10m,10.0,490.0,1000.0,1113.5977729862789,0.3381993234452251,1.0,0.0,0.3381993234452251,0.005620608899297424,0.005620608899297424,0.22380952380952382,0.010317460317460317,0.010317460317460317,120.61691773396832,113.52750593196197,137.90322199722812,140.26412926129032,144.7803751975793,0.0,37.40784459782174,0.03921415560759823,1260,9
refine_10m,10.0,490.0,1010.0,1122.586299577899,0.2763986468904502,1.0,0.0,0.2763986468904502,0.0,0.0,0.15079365079365079,0.0,0.0,124.10664264361168,124.10227847971568,138.2660303621896,140.47321947774032,144.14133204783053,0.0,41.95232686440714,0.0,1260,9
refine_10m,10.0,490.0,1020.0,1131.591799192624,0.2520166536559979,1.0,0.0,0.2520166536559979,0.0,0.0,0.1365079365079365,0.0,0.0,125.15460241902052,125.19430908557402,137.82050720349818,139.92835261349762,143.52320576744452,0.0,41.975003836770064,0.0,1260,9
refine_10m,10.0,490.0,1030.0,1140.6138698087095,0.22872755659640906,1.0,0.0,0.22872755659640906,0.0,0.0,0.12301587301587301,0.0,0.0,126.17045390025538,126.25684080728225,137.70935313390768,139.83326604953425,142.9253153213278,0.0,41.99993024675286,0.0,1260,9
refine_10m,10.0,500.0,920.0,1047.091209016674,0.8155087171480614,1.0,0.0,0.8155087171480614,0.11147540983606558,0.11147540983606558,0.796031746031746,0.26666666666666666,0.26666666666666666,91.16547335343486,85.20031029667163,134.8639112083553,140.27948167227328,149.2906487895695,0.0,28.933734593881706,0.14168618266978922,1260,9
refine_10m,10.0,500.0,930.0,1055.8882516630251,0.7770231589903721,1.0,0.0,0.7770231589903721,0.1087431693989071,0.1087431693989071,0.7515873015873016,0.25,0.25,93.72999000584798,85.8132240486354,134.459651220654,139.6583282268629,148.47432268299215,0.0,28.774634108333963,0.14376788966952903,1260,9
refine_10m,10.0,500.0,940.0,1064.7065323364932,0.7357272963830341,1.0,0.0,0.7357272963830341,0.10546448087431694,0.10546448087431694,0.7047619047619048,0.23333333333333334,0.23333333333333334,96.0815728652566,86.63507954388716,134.57089770639413,139.53951652041118,147.68515107035535,0.0,28.685536891244837,0.1458495966692688,1260,9
refine_10m,10.0,500.0,950.0,1073.5455276791945,0.6922456414259693,1.0,0.0,0.6922456414259693,0.09929742388758782,0.09929742388758782,0.6563492063492063,0.2126984126984127,0.2126984126984127,98.38016148625098,87.61035679156004,134.72085351413483,139.3000494188079,146.92217074645023,0.0,28.6432222213172,0.14795732500650532,1260,9
refine_10m,10.0,500.0,960.0,1082.4047302187846,0.644496487119438,1.0,0.0,0.644496487119438,0.07564402810304449,0.07564402810304449,0.6,0.16428571428571428,0.16428571428571428,101.08244181317947,88.98367080017077,134.72891924211686,139.14088525800832,146.18446290252174,0.0,28.740223570811498,0.1493624772313297,1260,9
refine_10m,10.0,500.0,970.0,1091.283647820309,0.590840489201145,1.0,0.0,0.590840489201145,0.06630236794171221,0.06630236794171221,0.5373015873015873,0.1373015873015873,0.1373015873015873,104.13856016730405,90.90911547039377,134.97246480811097,138.74182972538136,145.47115062953236,0.0,29.044485326262464,0.15040333073119957,1260,9
refine_10m,10.0,500.0,980.0,1100.1818031580053,0.5323965651834505,1.0,0.0,0.5323965651834505,0.05490502211813687,0.05490502211813687,0.4642857142857143,0.10634920634920635,0.10634920634920635,107.49611899015136,93.89339313740588,135.30596703185932,138.64295929507816,144.78139658726712,0.0,29.80607749022582,0.14873796513140775,1260,9
refine_10m,10.0,500.0,990.0,1109.0987332063814,0.45685662243039293,1.0,0.0,0.45685662243039293,0.02505854800936768,0.02505854800936768,0.3682539682539683,0.048412698412698414,0.048412698412698414,112.55550530075467,99.42523257823835,135.47867406791784,138.68985958790017,144.11440082656839,0.0,31.704634076863957,0.11704397606036951,1260,9
refine_10m,10.0,500.0,1000.0,1118.033988749895,0.3583398386677075,1.0,0.0,0.3583398386677075,0.004345563361956805,0.004345563361956805,0.2365079365079365,0.007936507936507936,0.007936507936507936,117.94809446651215,111.69139568327725,136.28025574549224,138.89730240443072,143.46939875311944,0.0,36.96295181386063,0.0410096278948738,1260,9
refine_10m,10.0,500.0,1010.0,1126.9871339105873,0.2937288576632839,1.0,0.0,0.2937288576632839,0.0,0.0,0.16111111111111112,0.0,0.0,121.6655996955911,121.93960074083718,136.7041784109853,138.80177752354598,142.8456592221079,0.0,41.40644048871738,0.0,1260,9
refine_10m,10.0,500.0,1020.0,1135.9577456930342,0.2710382513661202,1.0,0.0,0.2710382513661202,0.0,0.0,0.14761904761904762,0.0,0.0,122.95420982802857,122.96022180583523,136.5818147369571,138.70946128720774,142.24248275411253,0.0,41.43037180346847,0.0,1260,9
refine_10m,10.0,500.0,1030.0,1144.945413545991,0.24795732500650533,1.0,0.0,0.24795732500650533,0.0,0.0,0.13412698412698412,0.0,0.0,123.90120908137995,123.9814613791772,136.4909608625311,138.6203223988804,141.65919986329763,0.0,41.4451220264576,0.0,1260,9
refine_10m,10.0,510.0,920.0,1051.9030373565806,0.8353629976580796,1.0,0.0,0.8353629976580796,0.10983606557377049,0.10983606557377049,0.8111111111111111,0.25,0.25,89.1399275199978,84.21591466802614,133.17885976580695,138.97613163486528,147.85446463928298,0.0,28.63371341371975,0.14512099921935986,1260,9
refine_10m,10.0,510.0,930.0,1060.6601717798212,0.7970075461878741,1.0,0.0,0.7970075461878741,0.09726775956284153,0.09726775956284153,0.7666666666666667,0.23333333333333334,0.23333333333333334,91.27927081759294,84.83862525948179,133.00638248642437,138.39388406507635,147.05660007557475,0.0,28.48815437778804,0.1461878740567265,1260,9
refine_10m,10.0,510.0,940.0,1069.4391053257777,0.7548529794431433,1.0,0.0,0.7548529794431433,0.09344262295081968,0.09344262295081968,0.7174603174603175,0.21428571428571427,0.21428571428571427,93.54820606591562,85.64831743955244,133.15610270018988,138.16257933472195,146.2854263547749,0.0,28.393089084106293,0.14725474889409315,1260,9
refine_10m,10.0,510.0,950.0,1078.2393055347222,0.7101743429612282,1.0,0.0,0.7101743429612282,0.08849856882643768,0.08849856882643768,0.665079365079365,0.19365079365079366,0.19365079365079366,96.39030415170883,86.68588179682986,133.0729492702248,138.0061697080958,145.53999672756086,0.0,28.37757411294992,0.14865990111891753,1260,9
refine_10m,10.0,510.0,960.0,1087.0602559196063,0.6628155087171481,1.0,0.0,0.6628155087171481,0.07049180327868852,0.07049180327868852,0.6095238095238096,0.15555555555555556,0.15555555555555556,99.24668163726803,88.08054766817149,133.42170280062902,137.60628275391085,144.81940808315596,0.0,28.502922771680527,0.15006505334374187,1260,9
refine_10m,10.0,510.0,970.0,1095.9014554237986,0.6088732760863909,1.0,0.0,0.6088732760863909,0.06167056986729118,0.06167056986729118,0.5444444444444444,0.12857142857142856,0.12857142857142856,102.43720213803817,90.07248075838962,133.3454397571847,137.51025637587912,144.12279849601168,0.0,28.84640215790898,0.15110590684361175,1260,9
refine_10m,10.0,510.0,980.0,1104.7624178980745,0.5481654957064793,1.0,0.0,0.5481654957064793,0.05066354410616706,0.05066354410616706,0.4722222222222222,0.1,0.1,105.73569589712966,92.94582059109938,133.67814846695484,137.41740378129026,143.44934493532674,0.0,29.572277455762297,0.15050741608118656,1260,9
refine_10m,10.0,510.0,990.0,1113.6426715962352,0.4744730679156909,1.0,0.0,0.4744730679156909,0.03177205308352849,0.03177205308352849,0.37777777777777777,0.05873015873015873,0.05873015873015873,109.99069350423292,98.34145332998858,134.01125941537725,137.32769835475085,142.79826112498608,0.0,31.478563149867227,0.11787665886026542,1260,9
refine_10m,10.0,510.0,1000.0,1122.5417586887359,0.3745511319281811,1.0,0.0,0.3745511319281811,0.0072339318240957585,0.0072339318240957585,0.24603174603174602,0.012698412698412698,0.012698412698412698,115.98659559513193,110.15317937786527,134.752603304937,137.28959448211796,142.16879554249525,0.0,36.605197129152046,0.041686182669789226,1260,9
refine_10m,10.0,510.0,1010.0,1131.4592347937241,0.3094977881863128,1.0,0.0,0.3094977881863128,0.0,0.0,0.17063492063492064,0.0,0.0,119.66008505474922,119.8852603620007,135.4663541859012,137.58650705623228,141.5602295464883,0.0,40.86151714983978,0.0,1260,9
refine_10m,10.0,510.0,1020.0,1140.3946685248927,0.28974759302628156,1.0,0.0,0.28974759302628156,0.0,0.0,0.15873015873015872,0.0,0.0,120.57225338029733,120.74607595546266,134.99777189922278,137.07718832651167,140.97187562330438,0.0,40.860636579070935,0.0,1260,9
refine_10m,10.0,510.0,1030.0,1149.3476410555686,0.26567785584179027,1.0,0.0,0.26567785584179027,0.0,0.0,0.14444444444444443,0.0,0.0,121.82587619378585,121.86215622799627,134.88102290698347,136.99979188295015,140.40307574387802,0.0,40.914124154137596,0.0,1260,9
refine_10m,10.0,520.0,920.0,1056.7875850898324,0.8507416081186573,1.0,0.0,0.8507416081186573,0.10655737704918032,0.10655737704918032,0.8111111111111111,0.23333333333333334,0.23333333333333334,87.22690351283512,83.36896460960172,131.87649134784064,137.2490407858207,146.42980847026394,0.0,28.332832647343913,0.14676034348165495,1260,9
refine_10m,10.0,520.0,930.0,1065.5045753069294,0.8135831381733021,1.0,0.0,0.8135831381733021,0.10117096018735364,0.10117096018735364,0.7698412698412699,0.2261904761904762,0.2261904761904762,89.33597043116353,83.98993255389365,131.69799752745212,137.02567756124247,145.65024885976558,0.0,28.20575102099026,0.14892011449388498,1260,9
refine_10m,10.0,520.0,940.0,1074.2439201596628,0.7705958886286756,1.0,0.0,0.7705958886286756,0.09016393442622951,0.09016393442622951,0.7214285714285714,0.2,0.2,92.09020909717613,84.8347704513531,131.5239040652489,136.87203826263007,144.89692018109193,0.0,28.1358542395981,0.15071558678116057,1260,9
refine_10m,10.0,520.0,950.0,1083.0050784737807,0.7282851938589644,1.0,0.0,0.7282851938589644,0.08579234972677596,0.08579234972677596,0.6722222222222223,0.18333333333333332,0.18333333333333332,94.65259774457213,85.84686468952403,131.51621911103948,136.47160079823578,144.1688920022686,0.0,28.1348422175087,0.15251105906843612,1260,9
refine_10m,10.0,520.0,960.0,1091.7875251164944,0.6806661462399167,1.0,0.0,0.6806661462399167,0.07983346344002082,0.07983346344002082,0.6166666666666667,0.1634920634920635,0.1634920634920635,97.39078006936779,87.17820677759602,131.80334003232096,136.37843080279228,143.46527677926167,0.0,28.238863066164033,0.15430653135571168,1260,9
refine_10m,10.0,520.0,970.0,1100.5907504608604,0.6259692948217538,1.0,0.0,0.6259692948217538,0.06023939630497008,0.06023939630497008,0.5547619047619048,0.1246031746031746,0.1246031746031746,100.56335245953076,89.08470561135222,132.11018622483707,135.9969232083525,142.78522744554286,0.0,28.572052383616022,0.15683060109289618,1260,9
refine_10m,10.0,520.0,980.0,1109.414259868693,0.5687223523289097,1.0,0.0,0.5687223523289097,0.04767109029404112,0.04767109029404112,0.48333333333333334,0.09285714285714286,0.09285714285714286,104.01422857227496,91.90651466319272,132.3981469229503,135.86724784751428,142.12793516164948,0.0,29.3205809950192,0.15438459536820193,1260,9
refine_10m,10.0,520.0,990.0,1118.257573191436,0.49089253187613846,1.0,0.0,0.49089253187613846,0.028155087171480613,0.028155087171480613,0.3865079365079365,0.051587301587301584,0.051587301587301584,108.21027324670735,97.21802160484641,132.73979820826813,136.1177588822193,141.49262721236988,0.0,31.203389873101425,0.12112932604735883,1260,9
refine_10m,10.0,520.0,1000.0,1127.1202242884297,0.3865990111891751,1.0,0.0,0.3865990111891751,0.0050481394743689826,0.0050481394743689826,0.2515873015873016,0.00873015873015873,0.00873015873015873,114.37441743187632,108.94332831524315,133.54978285388887,136.0412954689118,140.87856504046883,0.0,36.335930343416315,0.04093156388238355,1260,9
refine_10m,10.0,520.0,1010.0,1136.001760562016,0.3251366120218579,1.0,0.0,0.3251366120218579,0.0,0.0,0.18015873015873016,0.0,0.0,117.95582552277469,117.88263960413367,133.88770887490088,135.9594061682722,140.28504240669565,0.0,40.31588805957763,0.0,1260,9
refine_10m,10.0,520.0,1020.0,1144.9017425089369,0.3042414780119698,1.0,0.0,0.3042414780119698,0.0,0.0,0.16746031746031745,0.0,0.0,118.58052570807587,118.80081688470825,133.7758746420692,135.88477404420385,139.71138366671354,0.0,40.32969717416326,0.0,1260,9
refine_10m,10.0,520.0,1030.0,1153.819743287486,0.2830601092896175,1.0,0.0,0.2830601092896175,0.0,0.0,0.15476190476190477,0.0,0.0,119.81076122582992,119.73883731942244,133.40085709308343,135.40553703325745,139.15694215636856,0.0,40.34735835764614,0.0,1260,9
refine_10m,10.0,530.0,920.0,1061.7438485811915,0.8689305230288837,1.0,0.0,0.8689305230288837,0.11584699453551912,0.11584699453551912,0.8222222222222222,0.24523809523809523,0.24523809523809523,85.23571159358355,82.43980778169184,130.2124125947283,135.99834178968084,145.01668044653488,0.0,28.01627703451647,0.15048139474368982,1260,9
refine_10m,10.0,530.0,930.0,1070.420478129973,0.8299505594587562,1.0,0.0,0.8299505594587562,0.11311475409836065,0.11311475409836065,0.7777777777777778,0.23333333333333334,0.23333333333333334,87.76825341392012,83.0766507583562,130.40823042894917,135.73852720148082,144.25526916313456,0.0,27.88742112014311,0.1523289097059589,1260,9
refine_10m,10.0,530.0,940.0,1079.1200118615168,0.7897215716887848,1.0,0.0,0.7897215716887848,0.09617486338797815,0.09617486338797815,0.7325396825396825,0.2,0.2,89.93532457213578,83.83069405195491,129.98795901112115,135.3378247218138,143.51963262884854,0.0,27.7999226691987,0.1541504033307312,1260,9
refine_10m,10.0,530.0,950.0,1087.8419002777932,0.7448868071818892,1.0,0.0,0.7448868071818892,0.0912568306010929,0.0912568306010929,0.6801587301587302,0.18333333333333332,0.18333333333333332,92.41113675384807,84.92699746935125,130.27458195590745,135.24752338587453,142.80885659164272,0.0,27.83539362326442,0.1556336195680458,1260,9
refine_10m,10.0,530.0,960.0,1096.5856099730654,0.6977881863127765,1.0,0.0,0.6977881863127765,0.08579234972677596,0.08579234972677596,0.6261904761904762,0.16666666666666666,0.16666666666666666,95.05759618185931,86.25301107220716,130.21218064564658,134.87312646892408,142.1220689439997,0.0,27.960462022114562,0.1571168358053604,1260,9
refine_10m,10.0,530.0,970.0,1105.350623105628,0.6426229508196721,1.0,0.0,0.6426229508196721,0.07853239656518345,0.07853239656518345,0.5619047619047619,0.14682539682539683,0.14682539682539683,98.3284579762458,88.20566773337288,130.55818820148542,134.74621012619997,141.45843735495657,0.0,28.322826321065243,0.158600052042675,1260,9
refine_10m,10.0,530.0,980.0,1114.1364368873321,0.5839448347645069,1.0,0.0,0.5839448347645069,0.054983086130627114,0.054983086130627114,0.49047619047619045,0.10238095238095238,0.10238095238095238,101.66611658757823,90.96144687743976,130.89802855192536,134.62336901195619,140.81716705919422,0.0,29.054313705354307,0.15685662243039292,1260,9
refine_10m,10.0,530.0,990.0,1122.9425630903836,0.5052042674993494,1.0,0.0,0.5052042674993494,0.03494665625813167,0.03494665625813167,0.39365079365079364,0.06111111111111111,0.06111111111111111,106.48163363090384,96.16132489164164,131.45398398819125,134.50454908947322,140.1974987911147,0.0,30.917215385929545,0.12331511839708562,1260,9
refine_10m,10.0,530.0,1000.0,1131.7685275708986,0.4055425448868072,1.0,0.0,0.4055425448868072,0.00858704137392662,0.00858704137392662,0.2642857142857143,0.014285714285714285,0.014285714285714285,112.08189883716285,107.07644075198459,131.96956301622052,134.8032489835153,139.59870685297983,0.0,35.79672485865805,0.0433775696070778,1260,9
refine_10m,10.0,530.0,1010.0,1140.6138698087095,0.3418423106947697,1.0,0.0,0.3418423106947697,0.0,0.0,0.19047619047619047,0.0,0.0,115.99550466722074,115.83474860255508,132.67163072069133,134.7707410114449,139.02009730703523,0.0,39.73631895718359,0.0,1260,9
refine_10m,10.0,530.0,1020.0,1149.4781424629177,0.3186572989851678,1.0,0.0,0.3186572989851678,0.0,0.0,0.1761904761904762,0.0,0.0,116.86156811663959,116.91172473462667,132.2990449830212,134.29581123432868,138.46100628249857,0.0,39.802689569930095,0.0,1260,9
refine_10m,10.0,530.0,1030.0,1158.3609109426993,0.29898516783762685,1.0,0.0,0.29898516783762685,0.0,0.0,0.16428571428571428,0.0,0.0,117.55496010652179,117.75771058967258,132.12263452180812,134.23546222375444,137.92079838893292,0.0,39.803270339955304,0.0,1260,9
refine_10m,10.0,620.0,320.0,697.7105417004963,1.0,1.0,0.0,1.0,0.23770491803278687,0.23770491803278687,1.0,0.36666666666666664,0.36666666666666664,98.23319391452438,116.14296505993303,237.24895092443768,259.92641267833943,314.93128337391204,0.0,48.6195499388091,0.0633879781420765,1260,9
refine_10m,10.0,620.0,330.0,702.3531875061151,1.0,1.0,0.0,1.0,0.23770491803278687,0.23770491803278687,1.0,0.36666666666666664,0.36666666666666664,96.3246676279532,113.43281677089865,230.8731037407653,251.53329694238002,303.9585391733466,0.0,47.933291464725094,0.0669008587041374,1260,9
refine_10m,10.0,620.0,340.0,707.1067811865476,1.0,1.0,0.0,1.0,0.23916211293260473,0.23916211293260473,1.0,0.37222222222222223,0.37222222222222223,94.35935012327063,110.9217037646165,223.74569255917055,244.03685811516306,293.84197761774817,0.0,47.263787116885844,0.06830601092896176,1260,9
refine_10m,10.0,620.0,350.0,711.9691004531026,1.0,1.0,0.0,1.0,0.24207650273224043,0.24207650273224043,1.0,0.38333333333333336,0.38333333333333336,92.54456771071874,108.59068078237982,218.33014785442856,237.33922342231378,284.488900500292,0.0,46.610421528210935,0.06830601092896176,1260,9
refine_10m,10.0,620.0,360.0,716.9379331573969,1.0,1.0,0.0,1.0,0.24207650273224043,0.24207650273224043,1.0,0.38333333333333336,0.38333333333333336,90.86740190138894,106.42315946036905,212.87783204938106,231.3151893087233,275.81949462161924,0.0,45.97262411461431,0.07002341920374708,1260,9
refine_10m,10.0,620.0,370.0,722.0110802473879,1.0,1.0,0.0,1.0,0.24207650273224043,0.24207650273224043,1.0,0.38333333333333336,0.38333333333333336,89.44190726969894,104.4045156292127,207.87997769751965,225.9208733415098,267.7646680946601,0.0,45.349876174265425,0.07116835805360396,1260,9
refine_10m,10.0,620.0,380.0,727.1863585079137,1.0,1.0,0.0,1.0,0.2393702836325787,0.2393702836325787,1.0,0.3888888888888889,0.3888888888888889,88.15254594442492,102.52182147382159,203.26277050423022,220.35518807423196,260.2643085346248,0.0,44.74164885727872,0.07231329690346083,1260,9
refine_10m,10.0,620.0,390.0,732.4616030891995,1.0,1.0,0.0,1.0,0.23466042154566744,0.23466042154566744,1.0,0.38571428571428573,0.38571428571428573,86.95076448393769,100.76358736230276,198.91864530756476,215.26992574324447,253.26587018227076,0.0,44.14744798129505,0.07345823575331772,1260,9
refine_10m,10.0,620.0,400.0,737.8346698278687,1.0,1.0,0.0,1.0,0.23278688524590163,0.23278688524590163,1.0,0.38333333333333336,0.38333333333333336,85.76065610659872,99.11957932329958,194.8258690327211,210.56453656264324,246.72321969957648,0.0,43.566810341369305,0.0746031746031746,1260,9
refine_10m,10.0,620.0,410.0,743.3034373659252,1.0,1.0,0.0,1.0,0.23278688524590163,0.23278688524590163,1.0,0.38333333333333336,0.38333333333333336,84.5829839481954,97.58065181806742,190.625604974251,206.13186957948142,240.59568702099486,0.0,42.99929478775742,0.07574811345303148,1260,9
refine_10m,10.0,620.0,420.0,748.8658090739622,1.0,1.0,0.0,1.0,0.23434816549570647,0.23434816549570647,1.0,0.39126984126984127,0.39126984126984127,83.48694697400718,96.13860663859637,187.1013371201679,201.95062447603163,234.8472799790747,0.0,42.44449603483293,0.07689305230288837,1260,9
refine_10m,10.0,620.0,430.0,754.5197147855051,1.0,1.0,0.0,1.0,0.2360655737704918,0.2360655737704918,1.0,0.4,0.4,82.4971071289624,94.78607327273937,183.46160133839027,197.703211242376,229.4460306557365,0.0,41.90200310633212,0.08022378350247203,1260,9
refine_10m,10.0,620.0,440.0,760.2631123499285,1.0,1.0,0.0,1.0,0.2360655737704918,0.2360655737704918,1.0,0.4,0.4,81.65921700319522,93.51640700660447,180.02445084798202,194.0957919709764,224.36344838292587,0.0,41.37142554942049,0.08298204527712724,1260,9
refine_10m,10.0,620.0,450.0,766.0939890117922,1.0,1.0,0.0,1.0,0.2360655737704918,0.2360655737704918,1.0,0.4,0.4,80.87494972281898,92.32360175963562,176.77497323161518,190.36985328685353,219.5740596275652,0.0,40.85239654416969,0.0863127764767109,1260,9
refine_10m,10.0,620.0,460.0,772.0103626247513,1.0,1.0,0.0,1.0,0.2360655737704918,0.2360655737704918,1.0,0.4,0.4,80.14059800674504,91.20221521763095,173.71187675414922,186.8471384129143,215.05501907407753,0.0,40.344564948445424,0.08907103825136611,1260,9
refine_10m,10.0,620.0,470.0,778.0102827083971,1.0,1.0,0.0,1.0,0.2360655737704918,0.2360655737704918,1.0,0.4,0.4,79.35216263556771,90.14730427964032,170.8189424543158,183.5129594548838,210.78577937317814,0.0,39.847594342361816,0.0912568306010929,1260,9
refine_10m,10.0,620.0,480.0,784.0918313565063,1.0,1.0,0.0,1.0,0.23697632058287796,0.23697632058287796,1.0,0.40555555555555556,0.40555555555555556,78.61497724193161,89.1543691933724,168.02374814651202,180.35399926687157,206.74780948442057,0.0,39.36116215261556,0.09398907103825137,1260,9
refine_10m,10.0,630.0,320.0,706.6116330771805,1.0,1.0,0.0,1.0,0.23278688524590163,0.23278688524590163,1.0,0.35,0.35,96.09721730458399,114.20640610964992,233.73196679713192,255.47336723557964,309.7777384322052,0.0,48.280904643311395,0.06291959406713506,1260,9
refine_10m,10.0,630.0,330.0,711.1961754677819,1.0,1.0,0.0,1.0,0.23395784543325526,0.23395784543325526,1.0,0.353968253968254,0.353968253968254,94.112578660847,111.56811944628397,226.76280689573596,247.29298399107327,299.0320630912594,0.0,47.59293994712243,0.06471506635441061,1260,9
refine_10m,10.0,630.0,340.0,715.8910531638177,1.0,1.0,0.0,1.0,0.23770491803278687,0.23770491803278687,1.0,0.36666666666666664,0.36666666666666664,92.22921138399074,109.12397932021794,220.26102163780075,240.08834566255385,289.1240654337608,0.0,46.921915776897784,0.065912047879261,1260,9
refine_10m,10.0,630.0,350.0,720.69410986909,1.0,1.0,0.0,1.0,0.23770491803278687,0.23770491803278687,1.0,0.36666666666666664,0.36666666666666664,90.49228890902937,106.85549815383378,215.06518385398454,233.67183655548124,279.96321102801755,0.0,46.26721793510117,0.06710902940411137,1260,9
refine_10m,10.0,630.0,360.0,725.6031973468695,1.0,1.0,0.0,1.0,0.23770491803278687,0.23770491803278687,1.0,0.36666666666666664,0.36666666666666664,88.98706088733245,104.74641696349548,209.52100037103747,227.89759216819715,271.4715267624324,0.0,45.62828332748465,0.06830601092896176,1260,9
refine_10m,10.0,630.0,370.0,730.6161783043132,1.0,1.0,0.0,1.0,0.24082747853239655,0.24082747853239655,1.0,0.37857142857142856,0.37857142857142856,87.65984326929744,102.78253572970837,204.70946470335886,222.60283100286853,263.58149523052174,0.0,45.004553303847096,0.06830601092896176,1260,9
refine_10m,10.0,630.0,380.0,735.7309290766564,1.0,1.0,0.0,1.0,0.24207650273224043,0.24207650273224043,1.0,0.38333333333333336,0.38333333333333336,86.42466809593928,100.9512332675916,200.18926286127163,216.95442924254928,256.2343589776928,0.0,44.39549533273807,0.07122040072859745,1260,9
refine_10m,10.0,630.0,390.0,740.9453421137082,1.0,1.0,0.0,1.0,0.24207650273224043,0.24207650273224043,1.0,0.38333333333333336,0.38333333333333336,85.21998988900059,99.24133379421805,195.93661031629753,212.05533702338047,249.3787444556521,0.0,43.80061378825891,0.07413479052823316,1260,9
refine_10m,10.0,630.0,400.0,746.2573282722254,1.0,1.0,0.0,1.0,0.24207650273224043,0.24207650273224043,1.0,0.38333333333333336,0.38333333333333336,84.01076271299873,97.6428696838425,191.77241452585884,207.44679386735922,242.9695375032213,0.0,43.2194372625769,0.07704918032786885,1260,9
refine_10m,10.0,630.0,410.0,751.6648189186454,1.0,1.0,0.0,1.0,0.2442622950819672,0.2442622950819672,1.0,0.39285714285714285,0.39285714285714285,82.88709686950337,96.14692511113269,187.923247896159,203.1055345589602,236.96695829858314,0.0,42.65152683095609,0.08037991152745251,1260,9
refine_10m,10.0,630.0,420.0,757.1657678474378,1.0,1.0,0.0,1.0,0.2459016393442623,0.2459016393442623,1.0,0.4,0.4,81.86860241695739,94.74550695627933,184.2611879198438,198.9386731813433,231.3357956865213,0.0,42.09645558223465,0.08371064272703617,1260,9
refine_10m,10.0,630.0,430.0,762.7581530209952,1.0,1.0,0.0,1.0,0.2459016393442623,0.2459016393442623,1.0,0.4,0.4,81.01341595856698,93.43142841023916,180.70191294478315,194.86856087660917,226.04476973828312,0.0,41.55380301504269,0.08704137392661983,1260,9
refine_10m,10.0,630.0,440.0,768.439978137525,1.0,1.0,0.0,1.0,0.2459016393442623,0.2459016393442623,1.0,0.4,0.4,80.21390261490073,92.19820981577871,177.340995849121,191.21210015564097,221.0659981675826,0.0,41.02317895821472,0.0881863127764767,1260,9
refine_10m,10.0,630.0,450.0,774.2092740338364,1.0,1.0,0.0,1.0,0.2459016393442623,0.2459016393442623,1.0,0.4,0.4,79.46387904688189,91.03999382835255,174.16384599804744,187.56660652918475,216.3745473819794,0.0,40.50421030179143,0.0893312516263336,1260,9
refine_10m,10.0,630.0,460.0,780.0640999302557,1.0,1.0,0.0,1.0,0.24652615144418424,0.24652615144418424,1.0,0.4031746031746032,0.4031746031746032,78.66009947652934,89.95147253317313,171.26888358843058,184.12017449369,211.9480529095423,0.0,39.996539932315414,0.09047619047619047,1260,9
refine_10m,10.0,630.0,470.0,786.0025445251434,1.0,1.0,0.0,1.0,0.24855581576893052,0.24855581576893052,1.0,0.41349206349206347,0.41349206349206347,77.9102018729385,88.92782459182199,168.30925058178374,180.85842789062932,207.76639700632074,0.0,39.49982575913574,0.09104865990111892,1260,9
refine_10m,10.0,630.0,480.0,792.0227269466451,1.0,1.0,0.0,1.0,0.24918032786885247,0.24918032786885247,1.0,0.4166666666666667,0.4166666666666667,77.21031482760023,87.96466083965082,165.60892901267908,177.8347764698485,203.81143363976017,0.0,39.01374916748789,0.0921935987509758,1260,9
refine_10m,10.0,640.0,320.0,715.5417527999327,1.0,1.0,0.0,1.0,0.23335935467083008,0.23335935467083008,1.0,0.3412698412698413,0.3412698412698413,93.89477682338422,112.31342791394586,230.05717253902094,251.06706772604184,304.6760906931284,0.0,47.9487330972115,0.05573770491803279,1260,9
refine_10m,10.0,640.0,330.0,720.0694410957876,1.0,1.0,0.0,1.0,0.23809523809523808,0.23809523809523808,1.0,0.353968253968254,0.353968253968254,91.93735697400301,109.74533549945099,222.69760175949787,243.22878294772406,294.15467198886597,0.0,47.2589028646589,0.061306271142336714,1260,9
refine_10m,10.0,640.0,340.0,724.7068372797376,1.0,1.0,0.0,1.0,0.23944834764506895,0.23944834764506895,1.0,0.35634920634920636,0.35634920634920636,90.13614439071733,107.36655369320704,216.92042209870664,236.2639676793168,284.4527079590689,0.0,46.586221851212294,0.0654176424668228,1260,9
refine_10m,10.0,640.0,350.0,729.4518489934753,1.0,1.0,0.0,1.0,0.24028103044496488,0.24028103044496488,1.0,0.35714285714285715,0.35714285714285715,88.54495284053925,105.159088314837,211.45646940804002,230.03926337334983,275.4817892581403,0.0,45.93006402202535,0.0702576112412178,1260,9
refine_10m,10.0,640.0,360.0,734.3023900274328,1.0,1.0,0.0,1.0,0.24439240176945096,0.24439240176945096,1.0,0.36904761904761907,0.36904761904761907,87.1774558867591,103.10714858440274,206.27863765724774,224.51105332619468,267.1657507124612,0.0,45.28983742400097,0.07423887587822015,1260,9
refine_10m,10.0,640.0,370.0,739.2563831310488,1.0,1.0,0.0,1.0,0.24603174603174602,0.24603174603174602,1.0,0.3746031746031746,0.3746031746031746,85.90684818581676,101.19681485954953,201.56907891455944,218.92893603688373,259.43862248791777,0.0,44.66498144691674,0.0776216497527973,1260,9
refine_10m,10.0,640.0,380.0,744.3117626371358,1.0,1.0,0.0,1.0,0.24686442883164195,0.24686442883164195,1.0,0.3753968253968254,0.3753968253968254,84.68706119694019,99.41574203761685,197.1448787217112,213.66813610567252,252.2429793887425,0.0,44.05496438088039,0.07881863127764767,1260,9
refine_10m,10.0,640.0,390.0,749.4664769020693,1.0,1.0,0.0,1.0,0.24686442883164195,0.24686442883164195,1.0,0.3753968253968254,0.3753968253968254,83.44440788489358,97.75308391327988,192.98276356639929,208.87076254386966,245.52860085773412,0.0,43.459281230750406,0.08001561280249805,1260,9
refine_10m,10.0,640.0,400.0,754.7184905645283,1.0,1.0,0.0,1.0,0.24977881863127765,0.24977881863127765,1.0,0.3865079365079365,0.3865079365079365,82.29156279119671,96.19910168232022,188.72163408241772,204.35807333055894,239.25137552289712,0.0,42.877451754256455,0.08121259432734843,1260,9
refine_10m,10.0,640.0,410.0,760.0657866263946,1.0,1.0,0.0,1.0,0.2512360135310955,0.2512360135310955,1.0,0.39206349206349206,0.39206349206349206,81.24282022208274,94.74512624642279,185.13847560261192,200.10729602611866,233.37239975842297,0.0,42.309018695580846,0.0824095758521988,1260,9
refine_10m,10.0,640.0,420.0,765.5063683601855,1.0,1.0,0.0,1.0,0.2504033307311996,0.2504033307311996,1.0,0.39126984126984127,0.39126984126984127,80.369530590031,93.38337039087396,181.4488390954451,195.7941520393342,227.85723131899402,0.0,41.753546190325466,0.083008066614624,1260,9
refine_10m,10.0,640.0,430.0,771.0382610480494,1.0,1.0,0.0,1.0,0.24957064793130368,0.24957064793130368,1.0,0.3904761904761905,0.3904761904761905,79.55410100376054,92.1068271045343,177.96919243086035,192.1324445787,222.67526778997723,0.0,41.21061832125461,0.08360655737704918,1260,9
refine_10m,10.0,640.0,440.0,776.659513557904,1.0,1.0,0.0,1.0,0.24873796513140775,0.24873796513140775,1.0,0.3896825396825397,0.3896825396825397,78.78691667105801,90.90917830691302,174.68372660786153,188.3560734418918,217.7992261601311,0.0,40.67983780710287,0.08360655737704918,1260,9
refine_10m,10.0,640.0,450.0,782.368199762746,1.0,1.0,0.0,1.0,0.24990892531876138,0.24990892531876138,1.0,0.3976190476190476,0.3976190476190476,77.96794325850733,89.78471227805346,171.63564602526236,184.79020202081085,213.20470482795653,0.0,40.160824809172595,0.08436117616445485,1260,9
refine_10m,10.0,640.0,460.0,788.1624198095212,1.0,1.0,0.0,1.0,0.2508977361436378,0.2508977361436378,1.0,0.40476190476190477,0.40476190476190477,77.20485081699839,88.7282527116918,168.64381906088735,181.4192790086697,208.86981319856423,0.0,39.65321584249993,0.08776997137652875,1260,9
refine_10m,10.0,640.0,470.0,794.0403012442126,1.0,1.0,0.0,1.0,0.24923237054384595,0.24923237054384595,1.0,0.4031746031746032,0.4031746031746032,76.49353216823832,87.73509752089521,165.8562906461428,178.22923561712807,204.7748570059157,0.0,39.156662780109144,0.09117876658860266,1260,9
refine_10m,10.0,640.0,480.0,800.0,1.0,1.0,0.0,1.0,0.24756700494405412,0.24756700494405412,1.0,0.4015873015873016,0.4015873015873016,75.9202506473976,86.80096586279132,163.22506252012317,175.45962629996149,200.90206981743881,0.0,38.67083194035477,0.09401509237574811,1260,9
refine_10m,10.0,650.0,320.0,724.4998274671982,1.0,1.0,0.0,1.0,0.23895394223263075,0.23895394223263075,1.0,0.34285714285714286,0.34285714285714286,91.67128953752282,110.45616826116206,225.85963072079278,246.7073174204029,299.6260815312221,0.0,47.606469839712354,0.06978922716627635,1260,9
refine_10m,10.0,650.0,330.0,728.9718787443038,1.0,1.0,0.0,1.0,0.24176424668227947,0.24176424668227947,1.0,0.3476190476190476,0.3476190476190476,89.80072745064257,107.95700377142781,218.92836038724607,239.20548072794082,289.3261373727949,0.0,46.915501155604396,0.07103825136612021,1260,9
refine_10m,10.0,650.0,340.0,733.5529974037322,1.0,1.0,0.0,1.0,0.24259692948217537,0.24259692948217537,1.0,0.3484126984126984,0.3484126984126984,88.11662085356399,105.64236082818607,213.61085794869962,232.53601693937034,279.827702894286,0.0,46.24184961698405,0.07103825136612021,1260,9
refine_10m,10.0,650.0,350.0,738.24115301167,1.0,1.0,0.0,1.0,0.24681238615664844,0.24681238615664844,1.0,0.3595238095238095,0.3595238095238095,86.70618191506958,103.49481289261945,207.981054076854,226.5639114997788,271.0444557799129,0.0,45.584880728971974,0.07103825136612021,1260,9
refine_10m,10.0,650.0,360.0,743.0343195303969,1.0,1.0,0.0,1.0,0.24972677595628415,0.24972677595628415,1.0,0.36666666666666664,0.36666666666666664,85.39790964023102,101.49891666530858,203.06740943827327,221.15548959694252,262.90200715446525,0.0,44.94399443034301,0.07103825136612021,1260,9
refine_10m,10.0,650.0,370.0,747.9304780526062,1.0,1.0,0.0,1.0,0.24972677595628415,0.24972677595628415,1.0,0.36666666666666664,0.36666666666666664,84.16244874664817,99.64115177673096,198.45875714883613,215.413387320574,255.33590826298175,0.0,44.31862234552977,0.07103825136612021,1260,9
refine_10m,10.0,650.0,380.0,752.9276193632427,1.0,1.0,0.0,1.0,0.2499609679937549,0.2499609679937549,1.0,0.3674603174603175,0.3674603174603175,82.88432457096725,97.9095125431946,194.1295634443991,210.41285090188603,248.2900438373751,0.0,43.70822533192343,0.07163674212854541,1260,9
refine_10m,10.0,650.0,390.0,758.023746329889,1.0,1.0,0.0,1.0,0.25323965651834507,0.25323965651834507,1.0,0.37857142857142856,0.37857142857142856,81.70061310570944,96.29334352145676,189.9005860829539,205.71613899034986,241.7153273727255,0.0,43.11229128350104,0.07283372365339578,1260,9
refine_10m,10.0,650.0,400.0,763.2168761236874,1.0,1.0,0.0,1.0,0.2546448087431694,0.2546448087431694,1.0,0.38333333333333336,0.38333333333333336,80.61989115237147,94.78313514252972,185.99560167006936,201.2983196456555,235.56863413247137,0.0,42.53033315780346,0.07538381472807702,1260,9
refine_10m,10.0,650.0,410.0,768.505042273634,1.0,1.0,0.0,1.0,0.2546448087431694,0.2546448087431694,1.0,0.38333333333333336,0.38333333333333336,79.72763182259845,93.37047239550888,182.27061629309262,197.06726974147486,229.8119228349359,0.0,41.961887198236106,0.07959927140255009,1260,9
refine_10m,10.0,650.0,420.0,773.8862965578342,1.0,1.0,0.0,1.0,0.2546448087431694,0.2546448087431694,1.0,0.38333333333333336,0.38333333333333336,78.8955690498966,92.04774310608518,178.66425678571898,192.9395252176426,224.41150820752966,0.0,41.4065113277703,0.08321623731459797,1260,9
refine_10m,10.0,650.0,430.0,779.3587107359486,1.0,1.0,0.0,1.0,0.2554774915430653,0.2554774915430653,1.0,0.3865079365079365,0.3865079365079365,78.11043359098038,90.80813443278083,175.26341161239898,189.2208407533654,219.3374550145554,0.0,40.863783693546,0.08667707520166537,1260,9
refine_10m,10.0,650.0,440.0,784.9203781276162,1.0,1.0,0.0,1.0,0.2579755399427531,0.2579755399427531,1.0,0.396031746031746,0.396031746031746,77.27562695788323,89.6454919573957,172.05262000804902,185.527675899306,214.56307053253954,0.0,40.333301344743106,0.09013791308873276,1260,9
refine_10m,10.0,650.0,450.0,790.5694150420949,1.0,1.0,0.0,1.0,0.25901639344262295,0.25901639344262295,1.0,0.4,0.4,76.49882865596096,88.55424650389283,169.10226103545563,182.0406092227846,210.0644773036394,0.0,39.81467902850029,0.09359875097580016,1260,9
refine_10m,10.0,650.0,460.0,796.3039620647382,1.0,1.0,0.0,1.0,0.25818371064272705,0.25818371064272705,1.0,0.39920634920634923,0.39920634920634923,75.78224036107653,87.52935061479181,166.14667686881938,178.74442625088906,205.8202517316622,0.0,39.30754809069701,0.09630497007546188,1260,9
refine_10m,10.0,650.0,470.0,802.1221852062191,1.0,1.0,0.0,1.0,0.25456674473067914,0.25456674473067914,1.0,0.3952380952380952,0.3952380952380952,75.20452839226144,86.566218975575,163.4274180967253,175.73947169775224,201.81111697754196,0.0,38.811555470141734,0.09765807962529274,1260,9
refine_10m,10.0,650.0,480.0,808.0222769206305,1.0,1.0,0.0,1.0,0.2463960447567005,0.2463960447567005,1.0,0.38571428571428573,0.38571428571428573,74.66492225332537,85.66067683239064,160.95052224810468,173.1056136079917,198.01968086734144,0.0,38.32636277617945,0.09885506115014311,1260,9
refine_10m,10.0,660.0,320.0,733.48483283569,1.0,1.0,0.0,1.0,0.23825136612021858,0.23825136612021858,1.0,0.3333333333333333,0.3333333333333333,89.48803237148427,108.63817534749774,221.7091627206058,242.49378513337305,294.6274573305533,0.0,47.28221916712243,0.06167056986729118,1260,9
refine_10m,10.0,660.0,330.0,737.9024325749306,1.0,1.0,0.0,1.0,0.23825136612021858,0.23825136612021858,1.0,0.3333333333333333,0.3333333333333333,87.70322638969441,106.20640205454997,215.53955728115318,235.24020592818673,284.54623542005055,0.0,46.58924143228772,0.06291959406713506,1260,9
refine_10m,10.0,660.0,340.0,742.4284477308235,1.0,1.0,0.0,1.0,0.24168618266978922,0.24168618266978922,1.0,0.34285714285714286,0.34285714285714286,86.24691097680609,103.95449421182764,210.06548988995542,228.84410505730202,275.2488523214912,0.0,45.913802044870415,0.06416861826697892,1260,9
refine_10m,10.0,660.0,350.0,747.0609078247904,1.0,1.0,0.0,1.0,0.2442622950819672,0.2442622950819672,1.0,0.35,0.35,84.89852386458028,101.86540446521049,204.69466024725676,223.12922704700455,266.6510353149762,0.0,45.25525335033768,0.06755139214155607,1260,9
refine_10m,10.0,660.0,360.0,751.7978451685001,1.0,1.0,0.0,1.0,0.2442622950819672,0.2442622950819672,1.0,0.35,0.35,83.64679702507806,99.92419856916041,199.88724665616135,217.5317560622807,258.6801406863115,0.0,44.612983004481,0.07257351027842832,1260,9
refine_10m,10.0,660.0,370.0,756.6372975210778,1.0,1.0,0.0,1.0,0.24504293520686962,0.24504293520686962,1.0,0.3523809523809524,0.3523809523809524,82.33096153106132,98.11772110934301,195.3784397782658,212.0831689696202,251.27321467511877,0.0,43.98641114536164,0.07684100962789488,1260,9
refine_10m,10.0,660.0,380.0,761.5773105863908,1.0,1.0,0.0,1.0,0.2484257090814468,0.2484257090814468,1.0,0.3626984126984127,0.3626984126984127,81.11454321838008,96.43424505811547,191.14326581625926,207.1885047021526,244.3754299451737,0.0,43.37498787074968,0.08110850897736144,1260,9
refine_10m,10.0,660.0,390.0,766.6159403508383,1.0,1.0,0.0,1.0,0.24972677595628415,0.24972677595628415,1.0,0.36666666666666664,0.36666666666666664,79.9999565422237,94.8634209497077,186.81821038226383,202.59140625181882,237.93881538224653,0.0,42.77819098045652,0.08462138953942233,1260,9
refine_10m,10.0,660.0,400.0,771.7512552629895,1.0,1.0,0.0,1.0,0.24972677595628415,0.24972677595628415,1.0,0.36666666666666664,0.36666666666666664,79.08779518486169,93.3959900360861,183.17320402772603,198.26748059586168,231.92121696220133,0.0,42.19552394925672,0.08688524590163935,1260,9
refine_10m,10.0,660.0,410.0,776.9813382572326,1.0,1.0,0.0,1.0,0.24972677595628415,0.24972677595628415,1.0,0.36666666666666664,0.36666666666666664,78.2383309835894,92.02368220193387,179.4313684034275,193.885314187147,226.2854420890959,0.0,41.62651410128214,0.08688524590163935,1260,9
refine_10m,10.0,660.0,420.0,782.3042886243178,1.0,1.0,0.0,1.0,0.25183450429352067,0.25183450429352067,1.0,0.3738095238095238,0.3738095238095238,77.43439654359352,90.73905899636296,175.90741042069786,190.16675973917205,220.99855068903076,0.0,41.07071096106792,0.08688524590163935,1260,9
refine_10m,10.0,660.0,430.0,787.7182237323192,1.0,1.0,0.0,1.0,0.2544106167056987,0.2544106167056987,1.0,0.3825396825396825,0.3825396825396825,76.58307501033156,89.53551550383646,172.5845454736135,186.33769803189588,216.03126450854825,0.0,40.52768476000605,0.08748373666406453,1260,9
refine_10m,10.0,660.0,440.0,793.2212806020776,1.0,1.0,0.0,1.0,0.2546448087431694,0.2546448087431694,1.0,0.38333333333333336,0.38333333333333336,75.7920291682459,88.40703236174188,169.55286290321536,182.7268745578948,211.35747224281445,0.0,39.99702507995314,0.08868071818891492,1260,9
refine_10m,10.0,660.0,450.0,798.8116173416608,1.0,1.0,0.0,1.0,0.2546448087431694,0.2546448087431694,1.0,0.38333333333333336,0.38333333333333336,75.07399951076204,87.34818968914435,166.48308940990802,179.31780044726813,206.95381283177957,0.0,39.47833961825108,0.08987769971376529,1260,9
refine_10m,10.0,660.0,460.0,804.4874144447507,1.0,1.0,0.0,1.0,0.2546448087431694,0.2546448087431694,1.0,0.38333333333333336,0.38333333333333336,74.48794991125678,86.35407526824481,163.67848501385916,176.095593258292,202.79932288708292,0.0,38.97125306053917,0.09107468123861566,1260,9
refine_10m,10.0,660.0,470.0,810.246875958186,1.0,1.0,0.0,1.0,0.2546448087431694,0.2546448087431694,1.0,0.38333333333333336,0.38333333333333336,73.94116572186228,85.4202180617517,161.06370354115455,173.3510747806848,198.8751370214826,0.0,38.47540604953069,0.09167317200104086,1260,9
refine_10m,10.0,660.0,480.0,816.0882305241266,1.0,1.0,0.0,1.0,0.25506115014311737,0.25506115014311737,1.0,0.38492063492063494,0.38492063492063494,73.43104389271917,84.5425471513024,158.69761766867472,170.77273010585108,195.16423204434938,0.0,37.99045423945373,0.09443143377569607,1260,9
refine_10m,10.0,670.0,320.0,742.4957912338629,1.0,1.0,0.0,1.0,0.23114754098360657,0.23114754098360657,1.0,0.31666666666666665,0.31666666666666665,87.3451603893726,106.86032383722501,217.62997572630334,238.39057557598628,289.67996957298044,0.0,46.94722933613495,0.06848816029143898,1260,9
refine_10m,10.0,670.0,330.0,746.8600939935136,1.0,1.0,0.0,1.0,0.23575331772053085,0.23575331772053085,1.0,0.326984126984127,0.326984126984127,85.80063804024667,104.49479545843981,212.1827820367529,231.44786032500477,279.8147470691102,0.0,46.252996334573226,0.07226125422846734,1260,9
refine_10m,10.0,670.0,340.0,751.3321502504734,1.0,1.0,0.0,1.0,0.2394223263075722,0.2394223263075722,1.0,0.3349206349206349,0.3349206349206349,84.40943850181912,102.304470291686,206.46249082941588,225.263399534448,270.7159627970311,0.0,45.57649407918562,0.07377049180327869,1260,9
refine_10m,10.0,670.0,350.0,755.9100475585703,1.0,1.0,0.0,1.0,0.2394223263075722,0.2394223263075722,1.0,0.3349206349206349,0.3349206349206349,83.12211621345473,100.2728396214259,201.44040032618608,219.72650111985936,262.30135681093446,0.0,44.91705072070895,0.07377049180327869,1260,9
refine_10m,10.0,670.0,360.0,760.5918747922568,1.0,1.0,0.0,1.0,0.24142596929482174,0.24142596929482174,1.0,0.3388888888888889,0.3388888888888889,81.7848175341975,98.38535335441597,196.73808405685733,213.89301296396792,254.49999991451133,0.0,44.27404484573579,0.07564402810304449,1260,9
refine_10m,10.0,670.0,370.0,765.3757247260982,1.0,1.0,0.0,1.0,0.2451470205568566,0.2451470205568566,1.0,0.3492063492063492,0.3492063492063492,80.53367933629639,96.62916590860456,192.32807084181715,208.78494289665744,247.2504076599546,0.0,43.64691045340462,0.07689305230288837,1260,9
refine_10m,10.0,670.0,380.0,770.2596964660685,1.0,1.0,0.0,1.0,0.24020296643247463,0.24020296643247463,1.0,0.34523809523809523,0.34523809523809523,79.38316974398927,94.99295206235463,188.0309400750102,203.99503200046408,240.4990189775618,0.0,43.03507420673267,0.07814207650273224,1260,9
refine_10m,10.0,670.0,390.0,775.2418977325723,1.0,1.0,0.0,1.0,0.23393182409575852,0.23393182409575852,1.0,0.3380952380952381,0.3380952380952381,78.45010129096318,93.4666065303953,184.06735783876698,199.4965075172416,234.19895975558057,0.0,42.43799730840472,0.07939110070257611,1260,9
refine_10m,10.0,670.0,400.0,780.3204469959761,1.0,1.0,0.0,1.0,0.23148581837106427,0.23148581837106427,1.0,0.3357142857142857,0.3357142857142857,77.58241101966561,92.04110252421134,180.2762567440767,195.19803317865075,228.30903098708657,0.0,41.855175942325644,0.08064012490241998,1260,9
refine_10m,10.0,670.0,410.0,785.4934754662193,1.0,1.0,0.0,1.0,0.2334894613583138,0.2334894613583138,1.0,0.34365079365079365,0.34365079365079365,76.75876644942988,90.70839931120845,176.62069865789775,191.00986609603783,222.792875294501,0.0,41.286130492137346,0.08188914910226386,1260,9
refine_10m,10.0,670.0,420.0,790.7591289387685,1.0,1.0,0.0,1.0,0.23497267759562843,0.23497267759562843,1.0,0.35,0.35,75.89020217778227,89.46125946075709,173.178272824295,187.2258987901032,217.6182861898573,0.0,40.73041973887643,0.08313817330210772,1260,9
refine_10m,10.0,670.0,430.0,796.1155694998057,1.0,1.0,0.0,1.0,0.23497267759562843,0.23497267759562843,1.0,0.35,0.35,75.0843339712221,88.29318809171534,169.93257226435176,183.48298070710516,212.75663234215224,0.0,40.18759884049694,0.08672911787665886,1260,9
refine_10m,10.0,670.0,440.0,801.5609770940698,1.0,1.0,0.0,1.0,0.23497267759562843,0.23497267759562843,1.0,0.35,0.35,74.36505204755159,87.19829185573894,166.92428182304263,179.9536394962473,208.1823751130456,0.0,39.65724324845316,0.08969555035128805,1260,9
refine_10m,10.0,670.0,450.0,807.0935509592429,1.0,1.0,0.0,1.0,0.23497267759562843,0.23497267759562843,1.0,0.35,0.35,73.77041214337342,86.17132437977237,163.97366013372226,176.6217509411343,203.87266219481776,0.0,39.13895503205862,0.0932864949258392,1260,9
refine_10m,10.0,670.0,460.0,812.7115109311544,1.0,1.0,0.0,1.0,0.23544106167056986,0.23544106167056986,1.0,0.3515873015873016,0.3515873015873016,73.21625925882405,85.20748385579283,161.23501283858639,173.637048434571,199.80698370276153,0.0,38.63235351642992,0.09625292740046838,1260,9
refine_10m,10.0,670.0,470.0,818.4130986244049,1.0,1.0,0.0,1.0,0.2373145979703357,0.2373145979703357,1.0,0.35793650793650794,0.35793650793650794,72.6998506813059,84.30240811569294,158.77826125584417,170.9843066628317,195.96687980151364,0.0,38.13707423897614,0.09859484777517565,1260,9
refine_10m,10.0,670.0,480.0,824.1965784932621,1.0,1.0,0.0,1.0,0.2391881342701015,0.2391881342701015,1.0,0.36428571428571427,0.36428571428571427,72.2186813718198,83.45214062347213,156.46634906829541,168.46096966182026,192.33569107394794,0.0,37.65276799213586,0.1015352589123081,1260,9
refine_10m,10.0,680.0,320.0,751.5317691222374,1.0,1.0,0.0,1.0,0.2375487900078064,0.2375487900078064,1.0,0.31825396825396823,0.31825396825396823,85.36847986481149,105.11758812021681,214.1900581757545,234.329765008658,284.7833749333945,0.0,46.62039803901407,0.06791569086651054,1260,9
refine_10m,10.0,680.0,330.0,755.8438992278762,1.0,1.0,0.0,1.0,0.2414519906323185,0.2414519906323185,1.0,0.3261904761904762,0.3261904761904762,83.93148892114789,102.81677653507579,208.7077503694611,227.6928647615078,275.13145811769516,0.0,45.92473970311027,0.06986729117876658,1260,9
refine_10m,10.0,680.0,340.0,760.2631123499285,1.0,1.0,0.0,1.0,0.24231069476971118,0.24231069476971118,1.0,0.326984126984127,0.326984126984127,82.60435648172884,100.68681874318239,203.12948123171816,221.77774757229074,266.22884545067933,0.0,45.24698941072984,0.07116835805360396,1260,9
refine_10m,10.0,680.0,350.0,764.7875521999557,1.0,1.0,0.0,1.0,0.24418423106947698,0.24418423106947698,1.0,0.33174603174603173,0.33174603174603173,81.2464488760347,98.71150216231104,198.21820269644144,216.16628376403526,257.99525354099296,0.0,44.586479025746804,0.07246942492844133,1260,9
refine_10m,10.0,680.0,360.0,769.4153624668538,1.0,1.0,0.0,1.0,0.24847775175644027,0.24847775175644027,1.0,0.3412698412698413,0.3412698412698413,79.95838289352795,96.87663398436682,193.61986031252104,210.51637135924173,250.36143755358864,0.0,43.94259702441503,0.07377049180327869,1260,9
refine_10m,10.0,680.0,370.0,774.1446893184761,1.0,1.0,0.0,1.0,0.24972677595628415,0.24972677595628415,1.0,0.34444444444444444,0.34444444444444444,78.77074864752454,95.1697693650805,189.30759816347097,205.51863752297209,243.26735706776907,0.0,43.31473391235337,0.07377049180327869,1260,9
refine_10m,10.0,680.0,380.0,778.9736837660179,1.0,1.0,0.0,1.0,0.2505854800936768,0.2505854800936768,1.0,0.34523809523809523,0.34523809523809523,77.8146363929113,93.57983420330515,184.91531735090695,200.83237081863325,236.66069594077297,0.0,42.7023120296643,0.07689305230288837,1260,9
refine_10m,10.0,680.0,390.0,783.9005038906405,1.0,1.0,0.0,1.0,0.2517304189435337,0.2517304189435337,1.0,0.3484126984126984,0.3484126984126984,76.92783325504797,92.09699127243576,181.20527598965836,196.4313893768569,230.49565894480253,0.0,42.10479283281996,0.08001561280249805,1260,9
refine_10m,10.0,680.0,400.0,788.9233169326408,1.0,1.0,0.0,1.0,0.2540202966432475,0.2540202966432475,1.0,0.35634920634920636,0.35634920634920636,76.08349755505982,90.71251597225275,177.40877982544868,191.97665340568307,224.7319866197641,0.0,41.52166429784979,0.08313817330210772,1260,9
refine_10m,10.0,680.0,410.0,794.0403012442126,1.0,1.0,0.0,1.0,0.25573770491803277,0.25573770491803277,1.0,0.3611111111111111,0.3611111111111111,75.19691224103137,89.41854883251757,173.83857741923188,188.198507027637,219.3341435277738,0.0,40.952450540110654,0.08672911787665886,1260,9
refine_10m,10.0,680.0,420.0,799.2496481075234,1.0,1.0,0.0,1.0,0.25487900078064013,0.25487900078064013,1.0,0.3603174603174603,0.3603174603174603,74.37561096325321,88.20803515836113,170.47682032099283,184.314341034565,214.27064531343385,0.0,40.39668683913477,0.09032006245120999,1260,9
refine_10m,10.0,680.0,430.0,804.5495634204271,1.0,1.0,0.0,1.0,0.2540202966432475,0.2540202966432475,1.0,0.3595238095238095,0.3595238095238095,73.6552950218209,87.07465459436628,167.450825285407,180.65665633421236,209.51349764388445,0.0,39.853917941953824,0.09391100702576112,1260,9
refine_10m,10.0,680.0,440.0,809.9382692526635,1.0,1.0,0.0,1.0,0.2531615925058548,0.2531615925058548,1.0,0.35873015873015873,0.35873015873015873,73.0518015196189,86.0126868817979,164.31609118444516,177.20794393308432,205.03772591088708,0.0,39.323720923064485,0.095160031225605,1260,9
refine_10m,10.0,680.0,450.0,815.4140052758476,1.0,1.0,0.0,1.0,0.2537861046057767,0.2537861046057767,1.0,0.36428571428571427,0.36428571428571427,72.4900833398117,85.0169695594497,161.4896238519505,173.96619642634693,200.82097901308572,0.0,38.80569159909389,0.09640905542544886,1260,9
refine_10m,10.0,680.0,460.0,820.9750300709517,1.0,1.0,0.0,1.0,0.2541504033307312,0.2541504033307312,1.0,0.36904761904761907,0.36904761904761907,71.9672472787406,84.08279500322638,158.89262740696276,171.2348835320993,196.84319395117896,0.0,38.29944336851999,0.09765807962529274,1260,9
refine_10m,10.0,680.0,470.0,826.6196223173026,1.0,1.0,0.0,1.0,0.2534738485558158,0.2534738485558158,1.0,0.37063492063492065,0.37063492063492065,71.48065615126335,83.20592959352855,156.51497911364518,168.63916080200872,193.08631061632275,0.0,37.80460614952436,0.09828259172521468,1260,9
refine_10m,10.0,680.0,480.0,832.3460818673925,1.0,1.0,0.0,1.0,0.25175644028103045,0.25175644028103045,1.0,0.36904761904761907,0.36904761904761907,71.02790177824238,82.38252280076392,154.3322886832984,166.17032835837358,189.53402822014192,0.0,37.3208359409305,0.09953161592505855,1260,9
refine_10m,10.0,690.0,370.0,782.9431652425353,1.0,1.0,0.0,1.0,0.24918032786885247,0.24918032786885247,1.0,0.3333333333333333,0.3333333333333333,77.18149301610384,93.74753613024946,186.16358989207671,202.28418504509267,239.32393676770326,0.0,42.989153104613195,0.08365860005204268,1260,9
refine_10m,10.0,690.0,380.0,787.7182237323192,1.0,1.0,0.0,1.0,0.25105386416861825,0.25105386416861825,1.0,0.3380952380952381,0.3380952380952381,76.27462154575417,92.20271579789504,182.1384142549902,197.70046281633802,232.86034968433202,0.0,42.37601112142518,0.08495966692688005,1260,9
refine_10m,10.0,690.0,390.0,792.5906888173744,1.0,1.0,0.0,1.0,0.2544886807181889,0.2544886807181889,1.0,0.3468253968253968,0.3468253968253968,75.40853643368374,90.7623087919668,178.2777569853979,193.33107539419117,226.82881508505363,0.0,41.7779228298225,0.0862607338017174,1260,9
refine_10m,10.0,690.0,400.0,797.5587752636166,1.0,1.0,0.0,1.0,0.25573770491803277,0.25573770491803277,1.0,0.35,0.35,74.50309648653706,89.41777162450552,174.57074082543213,189.07948534338965,221.18999780822114,0.0,41.19436733160684,0.08756180067655478,1260,9
refine_10m,10.0,690.0,410.0,802.6207074328446,1.0,1.0,0.0,1.0,0.25573770491803277,0.25573770491803277,1.0,0.35,0.35,73.66571253063165,88.16146372782396,171.0849788058512,185.22694376790335,215.90917126339784,0.0,40.6248488836423,0.08821233411397346,1260,9
refine_10m,10.0,690.0,420.0,807.7747210701756,1.0,1.0,0.0,1.0,0.25573770491803277,0.25573770491803277,1.0,0.35,0.35,72.94461421891793,86.98656666804838,167.80303284679576,181.43205117137907,210.9555619320093,0.0,40.06889516762764,0.08951340098881083,1260,9
refine_10m,10.0,690.0,430.0,813.0190649671138,1.0,1.0,0.0,1.0,0.2571688784803539,0.2571688784803539,1.0,0.353968253968254,0.353968253968254,72.33199275775641,85.88690455864769,164.7340986650335,177.8586958311651,206.30180268904692,0.0,39.52605572217867,0.09016393442622951,1260,9
refine_10m,10.0,690.0,440.0,818.3520025025906,1.0,1.0,0.0,1.0,0.2597449908925319,0.2597449908925319,1.0,0.3611111111111111,0.3611111111111111,71.76250672645385,84.85689212380775,161.7894663645859,174.4897643223501,201.92347443459306,0.0,38.99590051816267,0.09016393442622951,1260,9
refine_10m,10.0,690.0,450.0,823.7718130647588,1.0,1.0,0.0,1.0,0.2617486338797814,0.2617486338797814,1.0,0.36666666666666664,0.36666666666666664,71.23310050513281,83.89150813780168,159.04295473730903,171.52702062420414,197.79871982629012,0.0,38.47801866085316,0.09016393442622951,1260,9
refine_10m,10.0,690.0,460.0,829.2767933567176,1.0,1.0,0.0,1.0,0.2617486338797814,0.2617486338797814,1.0,0.36666666666666664,0.36666666666666664,70.74099470864584,82.98618173113542,156.59588022205992,168.85486282166275,193.90791621718608,0.0,37.97201720468892,0.09463960447567005,1260,9
refine_10m,10.0,690.0,470.0,834.8652585896721,1.0,1.0,0.0,1.0,0.2608899297423888,0.2608899297423888,1.0,0.36587301587301585,0.36587301587301585,70.28365643457863,82.13676542018662,154.2983087447514,166.31563301562167,190.2333974736308,0.0,37.477520068297196,0.09830861306271142,1260,9
refine_10m,10.0,690.0,480.0,840.535543567314,1.0,1.0,0.0,1.0,0.25917252146760345,0.25917252146760345,1.0,0.36428571428571427,0.36428571428571427,69.85877322379349,81.33948476612798,152.0687334280163,163.90080455161504,186.75921635585433,0.0,36.99416703903594,0.10135310954983086,1260,9
refine_10m,10.0,700.0,370.0,791.7701686727027,1.0,1.0,0.0,1.0,0.2445745511319282,0.2445745511319282,1.0,0.3238095238095238,0.3238095238095238,75.6227993593337,92.35568061599675,183.0129343291879,199.08152155433126,235.42002475804455,0.0,42.656653020763976,0.07650273224043716,1260,9
refine_10m,10.0,700.0,380.0,796.4923100695951,1.0,1.0,0.0,1.0,0.24795732500650533,0.24795732500650533,1.0,0.33174603174603173,0.33174603174603173,74.73382081647652,90.8551926790692,179.23441641981287,194.59925340656866,229.09787300919325,0.0,42.04341856684021,0.07715326567785584,1260,9
refine_10m,10.0,700.0,390.0,801.3114251026251,1.0,1.0,0.0,1.0,0.24863387978142076,0.24863387978142076,1.0,0.3333333333333333,0.3333333333333333,73.8086319492069,89.45644529151981,175.38061949998246,190.06811803380072,223.1983341001752,0.0,41.4453577881244,0.07910486599011189,1260,9
refine_10m,10.0,700.0,400.0,806.2257748298549,1.0,1.0,0.0,1.0,0.24863387978142076,0.24863387978142076,1.0,0.3333333333333333,0.3333333333333333,72.9544734776152,88.15116683339586,171.7621113306567,186.22743012190418,217.68298213852037,0.0,40.86194311336671,0.08121259432734843,1260,9
refine_10m,10.0,700.0,410.0,811.2336284942828,1.0,1.0,0.0,1.0,0.24894613583138173,0.24894613583138173,1.0,0.3341269841269841,0.3341269841269841,72.23288278651324,86.9319123545861,168.35988081397986,182.28557592321388,212.51788647329295,0.0,40.292672425258,0.08574030705178246,1260,9
refine_10m,10.0,700.0,420.0,816.3332652783421,1.0,1.0,0.0,1.0,0.25175644028103045,0.25175644028103045,1.0,0.3412698412698413,0.3412698412698413,71.61084749574344,85.79200298339022,165.2710601490034,178.57899750357765,207.67297328279565,0.0,39.73706731964571,0.0902680197762165,1260,9
refine_10m,10.0,700.0,430.0,821.5229759416349,1.0,1.0,0.0,1.0,0.2542544886807182,0.2542544886807182,1.0,0.3476190476190476,0.3476190476190476,71.0333851575409,84.7254300140745,162.13784384071602,175.0890735830043,203.12149299222455,0.0,39.19467152701471,0.09333853760083269,1260,9
refine_10m,10.0,700.0,440.0,826.8010643437755,1.0,1.0,0.0,1.0,0.25519125683060107,0.25519125683060107,1.0,0.35,0.35,70.49726457651396,83.72678884647817,159.28893622432182,171.86350842204308,198.83957360175484,0.0,38.66504947728152,0.09705958886286756,1260,9
refine_10m,10.0,700.0,450.0,832.1658488546619,1.0,1.0,0.0,1.0,0.25519125683060107,0.25519125683060107,1.0,0.35,0.35,69.9995531177209,82.79120076185855,156.7111915057062,169.11053525544523,194.80584417833884,0.0,38.14778499154921,0.10078064012490243,1260,9
refine_10m,10.0,700.0,460.0,837.6156636548769,1.0,1.0,0.0,1.0,0.25519125683060107,0.25519125683060107,1.0,0.35,0.35,69.53758386631758,81.91417801904672,154.32184490694178,166.4969817894693,191.00111597886877,0.0,37.642480086663234,0.1045016913869373,1260,9
refine_10m,10.0,700.0,470.0,843.1488599292535,1.0,1.0,0.0,1.0,0.2523809523809524,0.2523809523809524,1.0,0.3468253968253968,0.3468253968253968,69.10892696969712,81.0916924202036,152.06229970838172,164.01372154573517,187.4081111670344,0.0,37.14875388026885,0.10515222482435597,1260,9
refine_10m,10.0,700.0,480.0,848.7638069569177,1.0,1.0,0.0,1.0,0.24605776736924279,0.24605776736924279,1.0,0.3396825396825397,0.3396825396825397,68.71136455639314,80.3200663697352,149.90239963798007,161.60663150072511,184.01123103570674,0.0,36.66624158565228,0.10645329169919333,1260,9
refine_10m,10.0,710.0,370.0,800.6247560499238,1.0,1.0,0.0,1.0,0.24647410876919074,0.24647410876919074,1.0,0.32063492063492066,0.32063492063492066,74.05927822109548,90.99636710122863,180.20865587308649,195.91058716243737,231.5555032828379,0.0,42.3397895262909,0.08266978922716628,1260,9
refine_10m,10.0,710.0,380.0,805.2949770115296,1.0,1.0,0.0,1.0,0.2468384074941452,0.2468384074941452,1.0,0.32142857142857145,0.32142857142857145,73.11337936483828,89.53903292856363,176.27472493415337,191.46651817689627,225.3731627819288,0.0,41.725769855290565,0.0872495446265938,1260,9
refine_10m,10.0,710.0,390.0,810.0617260431454,1.0,1.0,0.0,1.0,0.2459536820192558,0.2459536820192558,1.0,0.32063492063492066,0.32063492063492066,72.241708629107,88.1809212081093,172.5138322094793,187.14827289135852,219.60412581392652,0.0,41.12708048670237,0.09034608378870675,1260,9
refine_10m,10.0,710.0,400.0,814.9233092751734,1.0,1.0,0.0,1.0,0.24764506895654437,0.24764506895654437,1.0,0.3246031746031746,0.3246031746031746,71.51995966637078,86.9138496328324,168.98286709523555,183.22360911248214,214.21086094280207,0.0,40.54318429575865,0.09344262295081968,1260,9
refine_10m,10.0,710.0,410.0,819.8780397107853,1.0,1.0,0.0,1.0,0.2498048399687744,0.2498048399687744,1.0,0.33095238095238094,0.33095238095238094,70.88821273873268,85.73063686495607,165.7100196934762,179.3743688189455,209.16022073119572,0.0,39.973570195503946,0.09344262295081968,1260,9
refine_10m,10.0,710.0,420.0,824.9242389456138,1.0,1.0,0.0,1.0,0.2504033307311996,0.2504033307311996,1.0,0.3349206349206349,0.3349206349206349,70.30255986973077,84.62478718393504,162.53839148318144,175.75515205301173,204.4228200685517,0.0,39.41775135156193,0.09344262295081968,1260,9
refine_10m,10.0,710.0,430.0,830.0602387778853,1.0,1.0,0.0,1.0,0.24951860525631017,0.24951860525631017,1.0,0.3341269841269841,0.3341269841269841,69.75957973719665,83.5904449992314,159.59329376938987,172.34776755030117,199.97251740390584,0.0,38.87526356384703,0.09409315638823836,1260,9
refine_10m,10.0,710.0,440.0,835.2843827104634,1.0,1.0,0.0,1.0,0.24863387978142076,0.24863387978142076,1.0,0.3333333333333333,0.3333333333333333,69.25617428937578,82.62232771639574,156.863247489454,169.40885908538107,195.78597954177556,0.0,38.34566379562298,0.09539422326307573,1260,9
refine_10m,10.0,710.0,450.0,840.5950273467004,1.0,1.0,0.0,1.0,0.24863387978142076,0.24863387978142076,1.0,0.3333333333333333,0.3333333333333333,68.7895324135657,81.71565751979038,154.40271483360652,166.71673539726558,191.84231470561843,0.0,37.828528833014914,0.09669529013791309,1260,9
refine_10m,10.0,710.0,460.0,845.9905436823748,1.0,1.0,0.0,1.0,0.2492583918813427,0.2492583918813427,1.0,0.3349206349206349,0.3349206349206349,68.35709832945425,80.86610290215721,152.13390210169382,164.16123850926516,188.12276169153242,0.0,37.32345406036076,0.09799635701275046,1260,9
refine_10m,10.0,710.0,470.0,851.46931829632,1.0,1.0,0.0,1.0,0.2511319281811085,0.2511319281811085,1.0,0.3396825396825397,0.3396825396825397,67.95654400886907,80.0697635100185,149.85813745245053,161.73342712595812,184.6104253556675,0.0,36.83005233871918,0.09864689045016914,1260,9
refine_10m,10.0,710.0,480.0,857.0297544426331,1.0,1.0,0.0,1.0,0.2530054644808743,0.2530054644808743,1.0,0.34444444444444444,0.34444444444444444,67.58574503914998,79.32302828446534,147.7577284630194,159.188442790481,181.29005057135106,0.0,36.34795297649146,0.10161332292479834,1260,9
refine_10m,10.0,720.0,370.0,809.5060222135472,1.0,1.0,0.0,1.0,0.2501431173562321,0.2501431173562321,1.0,0.31507936507936507,0.31507936507936507,72.41718077546167,89.67252716250097,177.2603175511299,192.77132613363625,227.7302589552363,0.0,42.01548332623727,0.08261774655217279,1260,9
refine_10m,10.0,720.0,380.0,814.1252974819048,1.0,1.0,0.0,1.0,0.2435857403070518,0.2435857403070518,1.0,0.30793650793650795,0.30793650793650795,71.52721004481799,88.25743983111587,173.34638316350367,188.15964786285002,221.68612005515058,0.0,41.401341866467426,0.08397085610200364,1260,9
refine_10m,10.0,720.0,390.0,818.8406438373709,1.0,1.0,0.0,1.0,0.24015092375748112,0.24015092375748112,1.0,0.30793650793650795,0.30793650793650795,70.80568779791491,86.93907610347436,169.67736827301363,184.2532432787453,216.0461040671416,0.0,40.802654155268655,0.0853239656518345,1260,9
refine_10m,10.0,720.0,400.0,823.6504112789601,1.0,1.0,0.0,1.0,0.24015092375748112,0.24015092375748112,1.0,0.3111111111111111,0.3111111111111111,70.1639190900383,85.70953603379432,166.23298818098394,180.2509303963475,210.77355941269232,0.0,40.21887588614182,0.08667707520166537,1260,9
refine_10m,10.0,720.0,410.0,828.5529554590944,1.0,1.0,0.0,1.0,0.24072339318240957,0.24072339318240957,1.0,0.3134920634920635,0.3134920634920635,69.56985592217114,84.56173255317427,163.07823622132534,176.4932917728818,205.83610932216325,0.0,39.64948914493844,0.08803018475149622,1260,9
refine_10m,10.0,720.0,420.0,833.5466393669883,1.0,1.0,0.0,1.0,0.23983866770752016,0.23983866770752016,1.0,0.3126984126984127,0.3126984126984127,69.01987072029307,83.48928485265404,159.9475165825496,172.96049067962923,201.20504656289017,0.0,39.094016887030506,0.08938329430132709,1260,9
refine_10m,10.0,720.0,430.0,838.6298349093001,1.0,1.0,0.0,1.0,0.23895394223263075,0.23895394223263075,1.0,0.3119047619047619,0.3119047619047619,68.51068659278009,82.48655598012364,157.07558052317282,169.75276218247808,196.85482821141994,0.0,38.55198088293748,0.09240176945094977,1260,9
refine_10m,10.0,720.0,440.0,843.8009243891595,1.0,1.0,0.0,1.0,0.23786104605776737,0.23786104605776737,1.0,0.3119047619047619,0.3119047619047619,68.03933704186132,81.5483977905343,154.51869758866792,166.97746702654902,192.76265169231652,0.0,38.02292267136564,0.09640905542544886,1260,9
refine_10m,10.0,720.0,450.0,849.0583018850944,1.0,1.0,0.0,1.0,0.23812125943273485,0.23812125943273485,1.0,0.31507936507936507,0.31507936507936507,67.6031310273763,80.67015381451738,152.12635627773005,164.3456188902355,188.9080972288259,0.0,37.50641354671818,0.10026021337496747,1260,9
refine_10m,10.0,720.0,460.0,854.4003745317531,1.0,1.0,0.0,1.0,0.23871975019516004,0.23871975019516004,1.0,0.319047619047619,0.319047619047619,67.1996225751725,79.8476021411197,149.84193756723948,161.84763371569244,185.2728248748657,0.0,37.00204367266654,0.10343481654957065,1260,9
refine_10m,10.0,720.0,470.0,859.8255637046389,1.0,1.0,0.0,1.0,0.23809523809523808,0.23809523809523808,1.0,0.32142857142857145,0.32142857142857145,66.82658425888192,79.07690608525323,147.68355373281778,159.35231124747543,181.840316646665,0.0,36.50942094821489,0.1059328649492584,1260,9
refine_10m,10.0,720.0,480.0,865.3323061113574,1.0,1.0,0.0,1.0,0.23544106167056986,0.23544106167056986,1.0,0.319047619047619,0.319047619047619,66.48198399472345,78.35457142693991,145.6347332752609,156.7951957647644,178.5956561092545,0.0,36.0281699664192,0.10908144678636482,1260,9
refine_10m,10.0,730.0,370.0,818.4130986244049,1.0,1.0,0.0,1.0,0.24488680718188915,0.24488680718188915,1.0,0.30238095238095236,0.30238095238095236,70.81074377041055,88.37790695713818,174.2667231754269,189.60449449780683,223.94418288788629,0.0,41.69946373194994,0.07923497267759563,1260,9
refine_10m,10.0,730.0,380.0,822.9823813423955,1.0,1.0,0.0,1.0,0.24839968774395005,0.24839968774395005,1.0,0.30952380952380953,0.30952380952380953,70.08989205471774,87.00402851785783,170.44936125923374,185.2161051503641,218.03665019456724,0.0,41.08501730429885,0.08256570387717929,1260,9
refine_10m,10.0,730.0,390.0,827.6472678623425,1.0,1.0,0.0,1.0,0.25152224824355973,0.25152224824355973,1.0,0.31587301587301586,0.31587301587301586,69.43777873103667,85.72447701327324,166.871205487538,181.2154873231385,212.5241868409883,0.0,40.486158902962394,0.08589643507676295,1260,9
refine_10m,10.0,730.0,400.0,832.4061508662703,1.0,1.0,0.0,1.0,0.25191256830601094,0.25191256830601094,1.0,0.31666666666666665,0.31666666666666665,68.83508029503967,84.53151178571235,163.6129323029962,177.30936019156414,207.371006718495,0.0,39.90233605689042,0.08922716627634661,1260,9
refine_10m,10.0,730.0,410.0,837.2574275573792,1.0,1.0,0.0,1.0,0.25191256830601094,0.25191256830601094,1.0,0.31666666666666665,0.31666666666666665,68.27794501180519,83.41824930517303,160.35543140043941,173.64231822651684,202.5454913573123,0.0,39.33303624337796,0.0930783242258652,1260,9
refine_10m,10.0,730.0,420.0,842.1995013059554,1.0,1.0,0.0,1.0,0.25191256830601094,0.25191256830601094,1.0,0.31666666666666665,0.31666666666666665,67.76290231156214,82.37851123359617,157.38426494124113,170.19499320559405,198.0196007204055,0.0,38.77775698989431,0.09692948217538382,1260,9
refine_10m,10.0,730.0,430.0,847.2307831990054,1.0,1.0,0.0,1.0,0.2544626593806922,0.2544626593806922,1.0,0.32222222222222224,0.32222222222222224,67.28681800246738,81.40670092069143,154.67222897052477,167.28198673926065,193.76838124426305,0.0,38.23600871450107,0.10078064012490243,1260,9
refine_10m,10.0,730.0,440.0,852.3496934944014,1.0,1.0,0.0,1.0,0.2570127504553734,0.2570127504553734,1.0,0.3277777777777778,0.3277777777777778,66.84685556453816,80.49780168813227,152.1980437219274,164.56932977566385,189.76955289970869,0.0,37.70733609284447,0.10213374967473328,1260,9
refine_10m,10.0,730.0,450.0,857.5546629807338,1.0,1.0,0.0,1.0,0.2591985428051002,0.2591985428051002,1.0,0.3325396825396825,0.3325396825396825,66.44044258747608,79.64731984203289,149.8902241353162,161.99718641882583,186.00316084839443,0.0,37.19130426315454,0.10348685922456415,1260,9
refine_10m,10.0,730.0,460.0,862.8441342444185,1.0,1.0,0.0,1.0,0.25956284153005466,0.25956284153005466,1.0,0.3333333333333333,0.3333333333333333,66.06524157661937,78.85114060091186,147.63608698431102,159.5561708797945,182.45128020335042,0.0,36.68749756761429,0.104839968774395,1260,9
refine_10m,10.0,730.0,470.0,868.2165628459296,1.0,1.0,0.0,1.0,0.25956284153005466,0.25956284153005466,1.0,0.3333333333333333,0.3333333333333333,65.71912448216212,78.10552448960493,145.53117329120096,156.92048029992378,179.0977646805557,0.0,36.19551839903115,0.10551652354931043,1260,9
refine_10m,10.0,730.0,480.0,873.6704184073077,1.0,1.0,0.0,1.0,0.25779339058027584,0.25779339058027584,1.0,0.33174603174603173,0.33174603174603173,65.40015041316488,77.40706570954644,143.53343027286408,154.42689387046394,175.92803171104993,0.0,35.7149979314618,0.1068696330991413,1260,9
refine_10m,10.0,920.0,520.0,1056.7875850898324,0.9983606557377049,1.0,0.0,0.9983606557377049,0.1431693989071038,0.1431693989071038,0.9666666666666667,0.13333333333333333,0.13333333333333333,55.00305298120326,63.03129300012685,102.83591156205668,111.06827208079638,123.76668431678848,0.0,28.95208374148122,0.14839968774395004,1260,9
refine_10m,10.0,920.0,530.0,1061.7438485811915,0.9983606557377049,1.0,0.0,0.9983606557377049,0.1431693989071038,0.1431693989071038,0.9666666666666667,0.13333333333333333,0.13333333333333333,54.99602221576329,62.792612881077105,101.93045995822037,109.93641227155157,122.34178284355872,0.0,28.549104165122458,0.1492583918813427,1260,9
refine_10m,10.0,920.0,540.0,1066.770828247567,0.9967213114754099,1.0,0.0,0.9967213114754099,0.1431693989071038,0.1431693989071038,0.95,0.13333333333333333,0.13333333333333333,54.85725303975494,62.56023845654033,101.07487662691847,108.86626489027383,120.99234630743905,0.0,28.10800811886826,0.15097580015612802,1260,9
refine_10m,10.0,920.0,550.0,1071.8675291284833,0.9967213114754099,1.0,0.0,0.9967213114754099,0.13939630497007546,0.13939630497007546,0.95,0.12936507936507938,0.12936507936507938,54.778373403434,62.36169987166904,100.26611318155696,108.00045578284637,119.71359287891084,0.0,27.724872652629934,0.1518345042935207,1260,9
refine_10m,10.0,920.0,560.0,1077.0329614269008,0.9967213114754099,1.0,0.0,0.9967213114754099,0.1103304709862087,0.1103304709862087,0.95,0.10396825396825397,0.10396825396825397,54.657562328654805,62.18119702098953,99.50135854956206,107.21430140422699,118.50112664589807,0.0,27.35109074691695,0.15376008326828,1260,9
refine_10m,10.0,920.0,570.0,1082.266141020775,0.9967213114754099,1.0,0.0,0.9967213114754099,0.10655737704918032,0.10655737704918032,0.95,0.1,0.1,54.58733932603115,62.01773308199425,98.77801679761242,106.46686072444922,117.35089998489995,0.0,26.98634929036775,0.15867811605516524,1260,9
refine_10m,10.0,920.0,580.0,1087.5660899458019,0.994535519125683,1.0,0.0,0.994535519125683,0.10655737704918032,0.10655737704918032,0.9333333333333333,0.1,0.1,54.53627770380035,61.85822814225813,98.49904648210162,105.60481505783108,116.2591802344661,0.0,26.568600727162607,0.1627374447046578,1260,9
refine_10m,10.0,930.0,520.0,1065.5045753069294,0.9967213114754099,1.0,0.0,0.9967213114754099,0.1469945355191257,0.1469945355191257,0.95,0.13333333333333333,0.13333333333333333,54.74077202590479,62.61490635549752,101.2592761507406,109.32732846475571,121.84816572344124,0.0,28.707861972121876,0.14597970335675253,1260,9
refine_10m,10.0,930.0,530.0,1070.420478129973,0.9967213114754099,1.0,0.0,0.9967213114754099,0.1469945355191257,0.1469945355191257,0.95,0.13333333333333333,0.13333333333333333,54.731384815158265,62.38607498423537,100.39032322673174,108.23751892234479,120.47016160921113,0.0,28.306607315359493,0.15092375748113454,1260,9
refine_10m,10.0,930.0,540.0,1075.4068997360953,0.9967213114754099,1.0,0.0,0.9967213114754099,0.1469945355191257,0.1469945355191257,0.95,0.13333333333333333,0.13333333333333333,54.601756218411836,62.177109494625505,99.56964692430843,107.35399530322597,119.1655129096792,0.0,27.915378601523187,0.15584179026801978,1260,9
refine_10m,10.0,930.0,550.0,1080.4628637764465,0.9967213114754099,1.0,0.0,0.9967213114754099,0.14543325526932085,0.14543325526932085,0.95,0.13174603174603175,0.13174603174603175,54.52065025933135,61.986867995217956,98.79429316692105,106.55623669836342,117.92956898967563,0.0,27.53383238112638,0.1588342440801457,1260,9
refine_10m,10.0,930.0,560.0,1085.5873986004076,0.994535519125683,1.0,0.0,0.994535519125683,0.1359094457455113,0.1359094457455113,0.9333333333333333,0.12222222222222222,0.12222222222222222,54.38650997623353,61.79729649404095,98.48326739320767,105.79828307028811,116.75805457630139,0.0,27.098274895616903,0.16375227686703098,1260,9
refine_10m,10.0,930.0,570.0,1090.7795377618706,0.994535519125683,1.0,0.0,0.994535519125683,0.12217017954722872,0.12217017954722872,0.9333333333333333,0.10952380952380952,0.10952380952380952,54.307471779040064,61.64226204686878,97.77530760372775,104.91812262579842,115.64703318192534,0.0,26.735361767225424,0.1667447306791569,1260,9
refine_10m,10.0,930.0,580.0,1096.038320497965,0.994535519125683,1.0,0.0,0.994535519125683,0.09578454332552694,0.09578454332552694,0.9333333333333333,0.0880952380952381,0.0880952380952381,54.29136208817957,61.50298406299809,97.1059535962762,104.07489576542297,114.59287470498616,0.0,26.381208155114532,0.16973718449128286,1260,9
refine_10m,10.0,940.0,520.0,1074.2439201596628,0.9967213114754099,1.0,0.0,0.9967213114754099,0.13060109289617486,0.13060109289617486,0.95,0.11666666666666667,0.11666666666666667,55.2131142115734,62.24089982887721,99.7056460234598,107.61075725833354,119.95430767050033,0.0,28.52129835933607,0.1559718969555035,1260,9
refine_10m,10.0,940.0,530.0,1079.1200118615168,0.9967213114754099,1.0,0.0,0.9967213114754099,0.13060109289617486,0.13060109289617486,0.95,0.11666666666666667,0.11666666666666667,55.01795563766736,62.020413293161724,98.87266914733631,106.70881360048195,118.62261695853256,0.0,28.12147678913159,0.15685662243039292,1260,9
refine_10m,10.0,940.0,540.0,1084.0664186294123,0.9967213114754099,1.0,0.0,0.9967213114754099,0.13060109289617486,0.13060109289617486,0.95,0.11666666666666667,0.11666666666666667,54.72298899167484,61.81940138155501,98.08639594284404,105.89906346596636,117.36219612409627,0.0,27.731688357301874,0.15862607338017173,1260,9
refine_10m,10.0,940.0,550.0,1089.0821823902913,0.994535519125683,1.0,0.0,0.994535519125683,0.12961228207129846,0.12961228207129846,0.9333333333333333,0.11587301587301588,0.11587301587301588,54.34391055378683,61.61551401184598,97.7671421065784,105.13026314406022,116.16852411380457,0.0,27.286898662082315,0.15951079885506114,1260,9
refine_10m,10.0,940.0,560.0,1094.1663493271944,0.994535519125683,1.0,0.0,0.994535519125683,0.11517043976060369,0.11517043976060369,0.9333333333333333,0.10238095238095238,0.10238095238095238,54.11967943154768,61.451126393427025,97.05028145735324,104.23130521384212,115.03744483656466,0.0,26.916383056332975,0.16039552432995055,1260,9
refine_10m,10.0,940.0,570.0,1099.3179703798169,0.994535519125683,1.0,0.0,0.994535519125683,0.10476190476190476,0.10476190476190476,0.9333333333333333,0.09285714285714286,0.09285714285714286,54.076015823953895,61.303069395016294,96.37307402003272,103.37586377969912,113.96513162027243,0.0,26.554915872590918,0.16216497527972937,1260,9
refine_10m,10.0,940.0,580.0,1104.536101718726,0.9928441321883945,1.0,0.0,0.9928441321883945,0.09685141816289357,0.09685141816289357,0.9230158730158731,0.0865079365079365,0.0865079365079365,54.01525835057552,61.15866534668952,95.7332034795481,102.93550431828278,112.94805572412263,0.0,26.15463013614616,0.16390840489201144,1260,9
refine_10m,10.0,950.0,520.0,1083.0050784737807,0.9967213114754099,1.0,0.0,0.9967213114754099,0.10101483216237314,0.10101483216237314,0.95,0.08968253968253968,0.08968253968253968,55.00766696924769,61.89130045855361,98.17510605200243,106.06493936520019,118.0851778880145,0.0,28.33781919000191,0.14889409315638824,1260,9
refine_10m,10.0,950.0,530.0,1087.8419002777932,0.994535519125683,1.0,0.0,0.994535519125683,0.09289617486338798,0.09289617486338798,0.9333333333333333,0.08333333333333333,0.08333333333333333,54.86025774150313,61.65214942909621,97.75016942575776,105.24278994516577,116.7992148509584,0.0,27.873698921485477,0.14977881863127765,1260,9
refine_10m,10.0,950.0,540.0,1092.748827498799,0.994535519125683,1.0,0.0,0.994535519125683,0.09289617486338798,0.09289617486338798,0.9333333333333333,0.08333333333333333,0.08333333333333333,54.88599533600509,61.45990861227587,97.04985655979209,104.46279244156531,115.58245999559249,0.0,27.485996436983267,0.15482695810564662,1260,9
refine_10m,10.0,950.0,550.0,1097.7249200050073,0.994535519125683,1.0,0.0,0.994535519125683,0.09289617486338798,0.09289617486338798,0.9333333333333333,0.08333333333333333,0.08333333333333333,54.844893931364865,61.28562898645895,96.32386145786616,103.54431445337349,114.43052026493973,0.0,27.1079782552211,0.1589903721051262,1260,9
refine_10m,10.0,950.0,560.0,1102.7692415006868,0.994535519125683,1.0,0.0,0.994535519125683,0.07957325006505335,0.07957325006505335,0.9333333333333333,0.07063492063492063,0.07063492063492063,54.74396218789543,61.128301554064684,95.6386157061923,102.67626892127403,113.33935731646608,0.0,26.73931177981254,0.1640385115794952,1260,9
refine_10m,10.0,950.0,570.0,1107.880860020607,0.9918032786885246,1.0,0.0,0.9918032786885246,0.07540983606557378,0.07540983606557378,0.9166666666666666,0.06666666666666667,0.06666666666666667,54.65903725308506,60.96273175931229,94.99169431889422,102.23368573666828,112.30525299456522,0.0,26.29984494113735,0.16710902940411138,1260,9
refine_10m,10.0,950.0,580.0,1113.0588483993108,0.9918032786885246,1.0,0.0,0.9918032786885246,0.07540983606557378,0.07540983606557378,0.9166666666666666,0.06666666666666667,0.06666666666666667,54.47502556433416,60.83766547921734,94.38085655157413,101.52842732928352,111.32477873887191,0.0,25.94926142371349,0.17127244340359093,1260,9
refine_10m,10.0,960.0,520.0,1091.7875251164944,0.994535519125683,1.0,0.0,0.994535519125683,0.11777257351027842,0.11777257351027842,0.9333333333333333,0.1007936507936508,0.1007936507936508,54.73608229757729,61.53086567333069,97.05030387931627,104.58742393782232,116.2408478887728,0.0,28.100636049998922,0.15500910746812385,1260,9
refine_10m,10.0,960.0,530.0,1096.5856099730654,0.994535519125683,1.0,0.0,0.994535519125683,0.11693989071038251,0.11693989071038251,0.9333333333333333,0.1,0.1,54.700692525469094,61.326951724339466,96.3313040234096,103.79024959789358,115.00002471669688,0.0,27.704284322880937,0.15919854280510018,1260,9
refine_10m,10.0,960.0,540.0,1101.4535850411492,0.994535519125683,1.0,0.0,0.994535519125683,0.10577673692427791,0.10577673692427791,0.9333333333333333,0.09126984126984126,0.09126984126984126,54.721870604704385,61.141740162448286,95.5959323097661,102.85709720061867,113.82637174374251,0.0,27.3179691330118,0.16320582877959927,1260,9
refine_10m,10.0,960.0,550.0,1106.3905277974861,0.9933645589383294,1.0,0.0,0.9933645589383294,0.09476971116315379,0.09476971116315379,0.9261904761904762,0.08253968253968254,0.08253968253968254,54.60866338578729,60.961170964455945,94.90245794041148,102.28542878932089,112.71562235086108,0.0,26.907127565356248,0.1673952641165756,1260,9
refine_10m,10.0,960.0,560.0,1111.3955191559844,0.9918032786885246,1.0,0.0,0.9918032786885246,0.07759562841530054,0.07759562841530054,0.9166666666666666,0.06666666666666667,0.06666666666666667,54.51286211492723,60.79378436078444,94.24833999429339,101.5312947568842,111.66385453454338,0.0,26.492582108479194,0.17007546187874056,1260,9
refine_10m,10.0,960.0,570.0,1116.4676439557038,0.9918032786885246,1.0,0.0,0.9918032786885246,0.07759562841530054,0.07759562841530054,0.9166666666666666,0.06666666666666667,0.06666666666666667,54.4330687927354,60.65981618077637,93.6312341075315,100.81714543863212,110.66745737754545,0.0,26.134665989353664,0.17096018735362997,1260,9
refine_10m,10.0,960.0,580.0,1121.6059914247962,0.9918032786885246,1.0,0.0,0.9918032786885246,0.0731720010408535,0.0731720010408535,0.9166666666666666,0.0626984126984127,0.0626984126984127,54.36803700663369,60.54076984541141,93.09034615653424,100.14071633098725,109.72310133799958,0.0,25.785500001384047,0.1727296383034088,1260,9
refine_10m,10.0,970.0,520.0,1100.5907504608604,0.994535519125683,1.0,0.0,0.994535519125683,0.07845433255269321,0.07845433255269321,0.9333333333333333,0.06746031746031746,0.06746031746031746,54.565840895197844,61.229608080091666,95.61136855583153,103.11788329369763,114.42139297838472,0.0,27.932760627790657,0.1564663023679417,1260,9
refine_10m,10.0,970.0,530.0,1105.350623105628,0.994535519125683,1.0,0.0,0.994535519125683,0.07759562841530054,0.07759562841530054,0.9333333333333333,0.06666666666666667,0.06666666666666667,54.571620652077755,61.03274797414114,94.86636917914484,102.1695950385794,113.22511945319123,0.0,27.53826914990014,0.15737704918032788,1260,9
refine_10m,10.0,970.0,540.0,1110.1801655587258,0.9918032786885246,1.0,0.0,0.9918032786885246,0.07759562841530054,0.07759562841530054,0.9166666666666666,0.06666666666666667,0.06666666666666667,54.445816714606,60.81808931327597,94.16447040148947,101.5926518429604,112.09400174707258,0.0,27.07042182036827,0.15919854280510018,1260,9
refine_10m,10.0,970.0,550.0,1115.0784725749124,0.9918032786885246,1.0,0.0,0.9918032786885246,0.06963309914129587,0.06963309914129587,0.9166666666666666,0.05952380952380952,0.05952380952380952,54.349000301012715,60.65831485743608,93.50300747324196,100.82826307066074,111.02389814686968,0.0,26.69590770322992,0.16010928961748633,1260,9
refine_10m,10.0,970.0,560.0,1120.0446419674531,0.9918032786885246,1.0,0.0,0.9918032786885246,0.05901639344262295,0.05901639344262295,0.9166666666666666,0.05,0.05,54.302870802531274,60.51483223633117,92.87952559493327,100.10498158120241,110.0110016018086,0.0,26.33073955072892,0.16213895394223263,1260,9
refine_10m,10.0,970.0,570.0,1125.0777750893492,0.9914910226385636,1.0,0.0,0.9914910226385636,0.05901639344262295,0.05901639344262295,0.915079365079365,0.05,0.05,54.23828375042977,60.383605867095596,92.3496663091202,99.42043679508056,109.05180717527129,0.0,25.965728575763762,0.16731720010408535,1260,9
refine_10m,10.0,970.0,580.0,1130.1769772916098,0.9885245901639345,1.0,0.0,0.9885245901639345,0.03989071038251366,0.03989071038251366,0.9,0.03333333333333333,0.03333333333333333,54.13432536539016,60.24082879603569,91.86606508234004,98.77243253277103,108.14308319978275,0.0,25.530653129646094,0.17158469945355193,1260,9
refine_10m,10.0,980.0,520.0,1109.414259868693,0.9923237054384595,1.0,0.0,0.9923237054384595,0.07978142076502732,0.07978142076502732,0.9198412698412698,0.06666666666666667,0.06666666666666667,55.04375893151283,60.91258205916521,94.13503677268834,101.6911175998367,112.6268922547158,0.0,27.707524725751867,0.15383814728077022,1260,9
refine_10m,10.0,980.0,530.0,1114.1364368873321,0.9918032786885246,1.0,0.0,0.9918032786885246,0.07978142076502732,0.07978142076502732,0.9166666666666666,0.06666666666666667,0.06666666666666667,54.9687841641279,60.71547376924363,93.42451226560247,100.89946529524359,111.4745754107735,0.0,27.298199264947645,0.1590424147801197,1260,9
refine_10m,10.0,980.0,540.0,1118.9280584559492,0.9918032786885246,1.0,0.0,0.9918032786885246,0.07978142076502732,0.07978142076502732,0.9166666666666666,0.06666666666666667,0.06666666666666667,54.690986825525655,60.54476407020109,92.75555339357292,100.12451646067824,110.38542351640076,0.0,26.91565010466622,0.1642206609419724,1260,9
refine_10m,10.0,980.0,550.0,1123.7882362794157,0.9918032786885246,1.0,0.0,0.9918032786885246,0.060655737704918035,0.060655737704918035,0.9166666666666666,0.05,0.05,54.43615020270628,60.39101850908536,92.12558752624221,99.39185181397932,109.35541825821893,0.0,26.542771489052477,0.16736924277907886,1260,9
refine_10m,10.0,980.0,560.0,1128.716084761797,0.9888368462138954,1.0,0.0,0.9888368462138954,0.058678116055165236,0.058678116055165236,0.9015873015873016,0.048412698412698414,0.048412698412698414,54.08758388305824,60.217184104109315,91.6073949630975,98.69898759505656,108.38086617458372,0.0,26.090124747641223,0.17254748894093155,1260,9
refine_10m,10.0,980.0,570.0,1133.7107214805724,0.9885245901639345,1.0,0.0,0.9885245901639345,0.03208430913348946,0.03208430913348946,0.9,0.02619047619047619,0.02619047619047619,53.953179392779084,60.09223698937319,91.1199104199969,98.0436259996516,107.45836707155684,0.0,25.726197046251926,0.175696070778038,1260,9
refine_10m,10.0,980.0,580.0,1138.7712676389408,0.9885245901639345,1.0,0.0,0.9885245901639345,0.021337496747332815,0.021337496747332815,0.9,0.01746031746031746,0.01746031746031746,53.947912836560555,59.98544622424343,90.6599560401718,97.42363850709796,106.58478602916419,0.0,25.38078029654124,0.17884465261514443,1260,9
refine_10m,10.0,1020.0,420.0,1103.0865786510142,0.994535519125683,1.0,0.0,0.994535519125683,0.06229508196721312,0.06229508196721312,0.9333333333333333,0.05,0.05,57.0779695015567,63.00038012239798,96.34310610755912,105.35770589045727,119.63627852496357,0.0,31.73424773642997,0.12586520947176685,1260,9
refine_10m,10.0,1020.0,430.0,1106.932698947863,0.994535519125683,1.0,0.0,0.994535519125683,0.06229508196721312,0.06229508196721312,0.9333333333333333,0.05,0.05,56.804672711878204,62.58334724624264,95.38030707616271,103.98829393458634,117.81228455919316,0.0,31.22496321721096,0.12898776997137654,1260,9
refine_10m,10.0,1020.0,440.0,1110.8555261599054,0.994535519125683,1.0,0.0,0.994535519125683,0.06229508196721312,0.06229508196721312,0.9333333333333333,0.05,0.05,56.48004483527779,62.19944004252915,94.47731432474647,102.6779682523727,116.10459042128333,0.0,30.730299990399878,0.13554514702055687,1260,9
refine_10m,10.0,1020.0,450.0,1114.8542505637229,0.9918032786885246,1.0,0.0,0.9918032786885246,0.06229508196721312,0.06229508196721312,0.9166666666666666,0.05,0.05,56.16979563007349,61.769446893838946,93.62994012864826,101.94998130223408,114.50406587792234,0.0,30.15860862290139,0.14111371324486077,1260,9
refine_10m,10.0,1020.0,460.0,1118.9280584559492,0.9918032786885246,1.0,0.0,0.9918032786885246,0.047853239656518345,0.047853239656518345,0.9166666666666666,0.0380952380952381,0.0380952380952381,56.004497507525606,61.44762617680289,92.83436690342246,100.85968607242042,113.00248701768997,0.0,29.69158686002709,0.1476710902940411,1260,9
refine_10m,10.0,1020.0,470.0,1123.0761327710602,0.9918032786885246,1.0,0.0,0.9918032786885246,0.04207650273224044,0.04207650273224044,0.9166666666666666,0.03333333333333333,0.03333333333333333,55.86098750786321,61.15236496770468,91.98611868004967,99.80477741771651,111.59242795570051,0.0,29.237550730894537,0.15110590684361175,1260,9
refine_10m,10.0,1020.0,480.0,1127.2976536833562,0.9918032786885246,1.0,0.0,0.9918032786885246,0.04207650273224044,0.04207650273224044,0.9166666666666666,0.03333333333333333,0.03333333333333333,55.69376462066985,60.881901583759216,91.18888150419045,98.98412646067581,110.26716765740032,0.0,28.795999933295807,0.1564663023679417,1260,9
refine_10m,10.0,1030.0,420.0,1112.3398761170076,0.994535519125683,1.0,0.0,0.994535519125683,0.06393442622950819,0.06393442622950819,0.9333333333333333,0.05,0.05,57.420192584855094,62.78972146448227,95.09213561402915,103.41408325814682,117.42079477621719,0.0,31.60452352400756,0.13986468904501692,1260,9
refine_10m,10.0,1030.0,430.0,1116.1541112229977,0.9918032786885246,1.0,0.0,0.9918032786885246,0.06393442622950819,0.06393442622950819,0.9166666666666666,0.05,0.05,57.08784672130877,62.291784723101685,93.7973889702368,102.45951871693448,115.66582591951374,0.0,31.004866937230993,0.1429872495446266,1260,9
refine_10m,10.0,1030.0,440.0,1120.0446419674531,0.9918032786885246,1.0,0.0,0.9918032786885246,0.06393442622950819,0.06393442622950819,0.9166666666666666,0.05,0.05,56.86244040666167,61.91743957835057,92.93587439853789,101.3219355679137,114.02330557265614,0.0,30.51213596868987,0.143976060369503,1260,9
refine_10m,10.0,1030.0,450.0,1124.0106761058812,0.9918032786885246,1.0,0.0,0.9918032786885246,0.058990372105126206,0.058990372105126206,0.9166666666666666,0.046031746031746035,0.046031746031746035,56.53449253191394,61.57333014080075,92.1190678541218,100.20940072060759,112.48439921695746,0.0,30.033457407767052,0.1459536820192558,1260,9
refine_10m,10.0,1030.0,460.0,1128.0514172678477,0.9918032786885246,1.0,0.0,0.9918032786885246,0.04316939890710383,0.04316939890710383,0.9166666666666666,0.03333333333333333,0.03333333333333333,56.1068068246738,61.25735635538268,91.25480383298415,99.14116021866909,111.04114931229869,0.0,29.568274948362305,0.1469424928441322,1260,9
refine_10m,10.0,1030.0,470.0,1132.1660655575224,0.9918032786885246,1.0,0.0,0.9918032786885246,0.04316939890710383,0.04316939890710383,0.9166666666666666,0.03333333333333333,0.03333333333333333,55.71180487187131,60.96760973055091,90.44622825268188,98.30739562454096,109.68637059584188,0.0,29.116060223188274,0.14892011449388498,1260,9
refine_10m,10.0,1030.0,480.0,1136.3538181394033,0.9885245901639345,1.0,0.0,0.9885245901639345,0.030991412958626074,0.030991412958626074,0.9,0.023809523809523808,0.023809523809523808,55.470667513434,60.61986686344368,89.68936345579522,97.42481675028334,108.41355997935172,0.0,28.56782942885334,0.15089773614363777,1260,9
refine_10m,10.0,1040.0,420.0,1121.6059914247962,0.9918032786885246,1.0,0.0,0.9918032786885246,0.04316939890710383,0.04316939890710383,0.9166666666666666,0.03333333333333333,0.03333333333333333,57.372802004176556,62.52082841253812,93.61767311833808,101.85746641823658,115.23871406605598,0.0,31.395031951614072,0.1340359094457455,1260,9
refine_10m,10.0,1040.0,430.0,1125.3888216967503,0.9918032786885246,1.0,0.0,0.9918032786885246,0.04316939890710383,0.04316939890710383,0.9166666666666666,0.03333333333333333,0.03333333333333333,57.035809264014816,62.11978092018849,92.71878278561321,100.69572012014359,113.55179946118638,0.0,30.88933283183969,0.1360655737704918,1260,9
refine_10m,10.0,1040.0,440.0,1129.2475370794484,0.9918032786885246,1.0,0.0,0.9918032786885246,0.04316939890710383,0.04316939890710383,0.9166666666666666,0.03333333333333333,0.03333333333333333,56.80335126542404,61.75091239935442,91.86659606163214,99.55993527215097,111.97353154880884,0.0,30.398266836349865,0.1360655737704918,1260,9
refine_10m,10.0,1040.0,450.0,1133.181362359971,0.9918032786885246,1.0,0.0,0.9918032786885246,0.02185792349726776,0.02185792349726776,0.9166666666666666,0.016666666666666666,0.016666666666666666,56.56842029430561,61.41193552288798,90.6510806602131,98.47791776119531,110.49536730901396,0.0,29.921244672730896,0.1370543845953682,1260,9
refine_10m,10.0,1040.0,460.0,1137.18951806636,0.9885245901639345,1.0,0.0,0.9885245901639345,0.02185792349726776,0.02185792349726776,0.9,0.016666666666666666,0.016666666666666666,56.247082065658596,61.00667335520898,89.70070752083403,97.6274691059101,109.10961186613943,0.0,29.347557287900905,0.14137392661982826,1260,9
refine_10m,10.0,1040.0,470.0,1141.2712210513328,0.9885245901639345,1.0,0.0,0.9885245901639345,0.0,0.0,0.9,0.0,0.0,56.09555554250659,60.72464230237354,88.9338957110915,96.7275257014368,107.80931730784964,0.0,28.897156655618208,0.14704657819411918,1260,9
refine_10m,10.0,1040.0,480.0,1145.4256850621082,0.9885245901639345,1.0,0.0,0.9885245901639345,0.0,0.0,0.9,0.0,0.0,56.01497293724181,60.46667909504458,88.23879652037137,95.88196429141908,106.58819559422919,0.0,28.459231472800255,0.1537080405932865,1260,9
refine_10m,10.0,1050.0,420.0,1130.884609498246,0.9918032786885246,1.0,0.0,0.9918032786885246,0.04426229508196721,0.04426229508196721,0.9166666666666666,0.03333333333333333,0.03333333333333333,57.280995532569854,62.37270697409082,92.6306212739402,100.07139422564401,113.09019325066768,0.0,31.276411765160507,0.13427010148321625,1260,9
refine_10m,10.0,1050.0,430.0,1134.6365056704283,0.9918032786885246,1.0,0.0,0.9918032786885246,0.04426229508196721,0.04426229508196721,0.9166666666666666,0.03333333333333333,0.03333333333333333,56.96083100008434,61.97691190584866,91.63514916082461,98.91127643418929,111.47035781771925,0.0,30.773129727511094,0.1399687743950039,1260,9
refine_10m,10.0,1050.0,440.0,1138.4638773364748,0.9885245901639345,1.0,0.0,0.9885245901639345,0.022404371584699455,0.022404371584699455,0.9,0.016666666666666666,0.016666666666666666,56.62504547346392,61.5061172504716,90.36897959386155,97.81501453932225,109.95541633746127,0.0,30.172788147822093,0.1466822794691647,1260,9
refine_10m,10.0,1050.0,450.0,1142.3659658795862,0.9885245901639345,1.0,0.0,0.9885245901639345,0.022404371584699455,0.022404371584699455,0.9,0.016666666666666666,0.016666666666666666,56.381689676187605,61.175421766263945,89.61922240111036,96.94417147295327,108.53711316557633,0.0,29.6982182992819,0.1523809523809524,1260,9
refine_10m,10.0,1050.0,460.0,1146.3420083029323,0.9885245901639345,1.0,0.0,0.9885245901639345,0.0,0.0,0.9,0.0,0.0,56.303958627871616,60.8720855306874,88.58195710085631,96.0291999342193,107.20801246408354,0.0,29.237118296084407,0.1555815768930523,1260,9
refine_10m,10.0,1050.0,470.0,1150.3912377969505,0.9885245901639345,1.0,0.0,0.9885245901639345,0.0,0.0,0.9,0.0,0.0,56.08445089960649,60.594255944991176,87.83787640876017,95.17050073851324,105.96140046870686,0.0,28.78895511903358,0.15659640905542546,1260,9
refine_10m,10.0,1050.0,480.0,1154.5128842936315,0.9885245901639345,1.0,0.0,0.9885245901639345,0.0,0.0,0.9,0.0,0.0,55.922888017246564,60.34024599184705,86.9062245235314,94.36420022200609,104.79120134933979,0.0,28.35322253680664,0.15862607338017173,1260,9
refine_10m,10.0,1060.0,420.0,1140.175425099138,0.9885245901639345,1.0,0.0,0.9885245901639345,0.01600312256049961,0.01600312256049961,0.9,0.011904761904761904,0.011904761904761904,57.52993281306851,62.13430239817262,91.60794231414242,98.26340756053138,110.97539915499618,0.0,31.068583575297833,0.13934426229508196,1260,9
refine_10m,10.0,1060.0,430.0,1143.8968484964018,0.9885245901639345,1.0,0.0,0.9885245901639345,0.0,0.0,0.9,0.0,0.0,57.293389179557515,61.74682451738527,90.54406990088276,97.15241033875144,109.4216627049732,0.0,30.566921182339087,0.14137392661982826,1260,9
refine_10m,10.0,1060.0,440.0,1147.693338832286,0.9885245901639345,1.0,0.0,0.9885245901639345,0.0,0.0,0.9,0.0,0.0,56.82648005664334,61.39070063329031,89.50222574772896,96.26026728023419,107.9691161726944,0.0,30.07987396373116,0.14340359094457455,1260,9
refine_10m,10.0,1060.0,450.0,1151.5641536623134,0.9885245901639345,1.0,0.0,0.9885245901639345,0.0,0.0,0.9,0.0,0.0,56.39511070812802,61.06370548347034,88.58406183653851,95.32971190323117,106.60978725798927,0.0,29.606846680660137,0.1444184231069477,1260,9
refine_10m,10.0,1060.0,460.0,1155.508546052343,0.9885245901639345,1.0,0.0,0.9885245901639345,0.0,0.0,0.9,0.0,0.0,56.13245728656905,60.76382117702395,87.86070012639215,94.45743132093241,105.33649561271,0.0,29.14727501368421,0.146448087431694,1260,9
refine_10m,10.0,1060.0,470.0,1159.5257651298655,0.9846994535519126,1.0,0.0,0.9846994535519126,0.0,0.0,0.8833333333333333,0.0,0.0,55.913217383563456,60.37758819756929,86.74044775599464,93.63932556291857,104.14275848593397,0.0,28.571158025618757,0.1484777517564403,1260,9
refine_10m,10.0,1060.0,480.0,1163.6150566231086,0.9846994535519126,1.0,0.0,0.9846994535519126,0.0,0.0,0.8833333333333333,0.0,0.0,55.72180390528452,60.13027213441595,85.94801166770966,92.87165899442648,103.02270947677691,0.0,28.137184203136233,0.14949258391881343,1260,9
refine_10m,10.0,1070.0,420.0,1149.4781424629177,0.9885245901639345,1.0,0.0,0.9885245901639345,0.0,0.0,0.9,0.0,0.0,57.510333516471086,62.04853282716425,90.75678115732588,97.02388142974984,108.89450870923112,0.0,30.970728700843317,0.1320582877959927,1260,9
refine_10m,10.0,1070.0,430.0,1153.16954521007,0.9885245901639345,1.0,0.0,0.9885245901639345,0.0,0.0,0.9,0.0,0.0,57.28824089273936,61.66468631359284,89.73045227865116,96.09837764388341,107.40588500502692,0.0,30.471411985735664,0.1341399947957325,1260,9
refine_10m,10.0,1070.0,440.0,1156.9356075426151,0.9885245901639345,1.0,0.0,0.9885245901639345,0.0,0.0,0.9,0.0,0.0,57.00733609766565,61.31194424128851,88.70978501074651,94.76208627426442,106.0147955721231,0.0,29.986661749128736,0.14116575591985428,1260,9
refine_10m,10.0,1070.0,450.0,1160.775602776006,0.9846994535519126,1.0,0.0,0.9846994535519126,0.0,0.0,0.8833333333333333,0.0,0.0,56.759136108686384,60.86203248229164,87.49260079490041,93.74259303795745,104.7135475134841,0.0,29.384616696402894,0.14803538901899557,1260,9
refine_10m,10.0,1070.0,460.0,1164.6887996370533,0.9846994535519126,1.0,0.0,0.9846994535519126,0.0,0.0,0.8833333333333333,0.0,0.0,56.540245413553485,60.56929673177228,86.50334568516831,92.91231847119619,103.49521250031603,0.0,28.927442688810135,0.153864168618267,1260,9
refine_10m,10.0,1070.0,470.0,1168.6744627996284,0.9846994535519126,1.0,0.0,0.9846994535519126,0.0,0.0,0.8833333333333333,0.0,0.0,56.43770449983615,60.30144390745891,85.89870287613485,92.13414668561431,102.35353572630007,0.0,28.48317143227515,0.158495966692688,1260,9
refine_10m,10.0,1070.0,480.0,1172.7318534089538,0.9846994535519126,1.0,0.0,0.9846994535519126,0.0,0.0,0.8833333333333333,0.0,0.0,56.14280446413965,60.056831588516985,85.28376698826158,91.40447865144613,101.2828574951913,0.0,28.05129268643425,0.16411657559198542,1260,9
refine_10m,10.0,1080.0,420.0,1158.7924749496779,0.9885245901639345,1.0,0.0,0.9885245901639345,0.0,0.0,0.9,0.0,0.0,57.50960673050501,61.9891665316597,90.38339848379877,95.95579104550227,106.84770905498635,0.0,30.88925574950917,0.14663023679417123,1260,9
refine_10m,10.0,1080.0,430.0,1162.4543001770005,0.9846994535519126,1.0,0.0,0.9846994535519126,0.0,0.0,0.8833333333333333,0.0,0.0,57.136368876668044,61.46612112237849,88.86676757507325,94.56150082516945,105.42320481812146,0.0,30.25915350639437,0.14990892531876138,1260,9
refine_10m,10.0,1080.0,440.0,1166.19037896906,0.9846994535519126,1.0,0.0,0.9846994535519126,0.0,0.0,0.8833333333333333,0.0,0.0,56.89731355501645,61.1207596483356,87.90273795155764,93.69576608279472,104.0926273410948,0.0,29.776531029227595,0.15094977881863128,1260,9
refine_10m,10.0,1080.0,450.0,1170.0,0.9846994535519126,1.0,0.0,0.9846994535519126,0.0,0.0,0.8833333333333333,0.0,0.0,56.74579974503769,60.80387336962487,86.8951141999816,92.63932495441222,102.84855927766753,0.0,29.307875960389108,0.15303148581837106,1260,9
refine_10m,10.0,1080.0,460.0,1173.882447266335,0.9846994535519126,1.0,0.0,0.9846994535519126,0.0,0.0,0.8833333333333333,0.0,0.0,56.51991875669799,60.5134930814785,85.86250374097327,91.79059873989495,101.68432092324787,0.0,28.852620427857403,0.15407233931824096,1260,9
refine_10m,10.0,1080.0,470.0,1177.8370006074695,0.9846994535519126,1.0,0.0,0.9846994535519126,0.0,0.0,0.8833333333333333,0.0,0.0,56.3726894030863,60.247829272722456,85.26155007780201,90.65511457686655,100.5938824110835,0.0,28.41022606809048,0.15615404631798074,1260,9
refine_10m,10.0,1080.0,480.0,1181.8629362155325,0.980327868852459,1.0,0.0,0.980327868852459,0.0,0.0,0.8666666666666667,0.0,0.0,56.14314450206784,59.8759574610659,84.0279415547781,89.96280058213694,99.57178807860463,0.0,27.831220470351198,0.15719489981785065,1260,9
