x,y,near_guaranteed_rx,near_near,near_direction_available,near_robust_clear_ready,near_operational_good,near_worst_diameter,far_guaranteed_rx,far_near,far_direction_available,far_robust_clear_ready,far_operational_good,far_worst_diameter,both_operational_good
-1500.0,0.0,False,False,False,False,False,nan,False,False,False,False,False,nan,False
-1500.0,100.0,False,False,False,False,False,nan,False,False,False,False,False,nan,False
-1500.0,200.0,False,False,False,False,False,nan,False,False,False,False,False,nan,False
-1500.0,300.0,False,False,False,False,False,nan,False,False,False,False,False,nan,False
-1500.0,400.0,False,False,False,False,False,nan,False,False,False,False,False,nan,False
-1500.0,500.0,False,False,False,False,False,nan,False,False,False,False,False,nan,False
-1500.0,600.0,False,False,False,False,False,nan,False,False,False,False,False,nan,False
-1500.0,700.0,False,False,False,False,False,nan,False,False,False,False,False,nan,False
-1500.0,800.0,False,False,False,False,False,nan,False,False,False,False,False,nan,False
-1500.0,900.0,False,False,False,False,False,nan,False,False,False,False,False,nan,False
-1500.0,1000.0,False,False,False,False,False,nan,False,False,False,False,False,nan,False
-1500.0,1100.0,False,False,False,False,False,nan,False,False,False,False,False,nan,False
-1500.0,1200.0,False,False,False,False,False,nan,False,False,False,False,False,nan,False
-1500.0,1300.0,False,False,False,False,False,nan,False,False,False,False,False,nan,False
-1500.0,1400.0,False,False,False,False,False,nan,False,False,False,False,False,nan,False
-1500.0,1500.0,False,False,False,False,False,nan,False,False,False,False,False,nan,False
-1500.0,1600.0,False,False,False,False,False,nan,False,False,False,False,False,nan,False
-1500.0,1700.0,False,False,False,False,False,nan,False,False,False,False,False,nan,False
-1500.0,1800.0,False,False,False,False,False,nan,False,False,False,False,False,nan,False
-1500.0,1900.0,False,False,False,False,False,nan,False,False,False,False,False,nan,False
-1500.0,2000.0,False,False,False,False,False,nan,False,False,False,False,False,nan,False
-1500.0,2100.0,False,False,False,False,False,nan,False,False,False,False,False,nan,False
-1500.0,2200.0,False,False,False,False,False,nan,False,False,False,False,False,nan,False
-1500.0,2300.0,False,False,False,False,False,nan,False,False,False,False,False,nan,False
-1500.0,2400.0,False,False,False,False,False,nan,False,False,False,False,False,nan,False
-1500.0,2500.0,False,False,False,False,False,nan,False,False,False,False,False,nan,False
-1500.0,2600.0,False,False,False,False,False,nan,False,False,False,False,False,nan,False
-1500.0,2700.0,False,False,False,False,False,nan,False,False,False,False,False,nan,False
-1500.0,2800.0,False,False,False,False,False,nan,False,False,False,False,False,nan,False
-1500.0,2900.0,False,False,False,False,False,nan,False,False,False,False,False,nan,False
-1500.0,3000.0,False,False,False,False,False,nan,False,False,False,False,False,nan,False
-1400.0,0.0,False,False,False,False,False,nan,False,False,False,False,False,nan,False
-1400.0,100.0,False,False,False,False,False,nan,False,False,False,False,False,nan,False
-1400.0,200.0,False,False,False,False,False,nan,False,False,False,False,False,nan,False
-1400.0,300.0,False,False,False,False,False,nan,False,False,False,False,False,nan,False
-1400.0,400.0,False,False,False,False,False,nan,False,False,False,False,False,nan,False
-1400.0,500.0,False,False,False,False,False,nan,False,False,False,False,False,nan,False
-1400.0,600.0,False,False,False,False,False,nan,False,False,False,False,False,nan,False
-1400.0,700.0,False,False,False,False,False,nan,False,False,False,False,False,nan,False
-1400.0,800.0,False,False,False,False,False,nan,False,False,False,False,False,nan,False
-1400.0,900.0,False,False,False,False,False,nan,False,False,False,False,False,nan,False
-1400.0,1000.0,False,False,False,False,False,nan,False,False,False,False,False,nan,False
-1400.0,1100.0,False,False,False,False,False,nan,False,False,False,False,False,nan,False
-1400.0,1200.0,False,False,False,False,False,nan,False,False,False,False,False,nan,False
-1400.0,1300.0,False,False,False,False,False,nan,False,False,False,False,False,nan,False
-1400.0,1400.0,False,False,False,False,False,nan,False,False,False,False,False,nan,False
-1400.0,1500.0,False,False,False,False,False,nan,False,False,False,False,False,nan,False
-1400.0,1600.0,False,False,False,False,False,nan,False,False,False,False,False,nan,False
-1400.0,1700.0,False,False,False,False,False,nan,False,False,False,False,False,nan,False
-1400.0,1800.0,False,False,False,False,False,nan,False,False,False,False,False,nan,False
-1400.0,1900.0,False,False,False,False,False,nan,False,False,False,False,False,nan,False
-1400.0,2000.0,False,False,False,False,False,nan,False,False,False,False,False,nan,False
-1400.0,2100.0,False,False,False,False,False,nan,False,False,False,False,False,nan,False
-1400.0,2200.0,False,False,False,False,False,nan,False,False,False,False,False,nan,False
-1400.0,2300.0,False,False,False,False,False,nan,False,False,False,False,False,nan,False
-1400.0,2400.0,False,False,False,False,False,nan,False,False,False,False,False,nan,False
-1400.0,2500.0,False,False,False,False,False,nan,False,False,False,False,False,nan,False
-1400.0,2600.0,False,False,False,False,False,nan,False,False,False,False,False,nan,False
-1400.0,2700.0,False,False,False,False,False,nan,False,False,False,False,False,nan,False
-1400.0,2800.0,False,False,False,False,False,nan,False,False,False,False,False,nan,False
-1400.0,2900.0,False,False,False,False,False,nan,False,False,False,False,False,nan,False
-1400.0,3000.0,False,False,False,False,False,nan,False,False,False,False,False,nan,False
-1300.0,0.0,False,False,False,False,False,nan,False,False,False,False,False,nan,False
-1300.0,100.0,False,False,False,False,False,nan,False,False,False,False,False,nan,False
-1300.0,200.0,False,False,False,False,False,nan,False,False,False,False,False,nan,False
-1300.0,300.0,False,False,False,False,False,nan,False,False,False,False,False,nan,False
-1300.0,400.0,False,False,False,False,False,nan,False,False,False,False,False,nan,False
-1300.0,500.0,False,False,False,False,False,nan,False,False,False,False,False,nan,False
-1300.0,600.0,False,False,False,False,False,nan,False,False,False,False,False,nan,False
-1300.0,700.0,False,False,False,False,False,nan,False,False,False,False,False,nan,False
-1300.0,800.0,False,False,False,False,False,nan,False,False,False,False,False,nan,False
-1300.0,900.0,False,False,False,False,False,nan,False,False,False,False,False,nan,False
-1300.0,1000.0,False,False,False,False,False,nan,False,False,False,False,False,nan,False
-1300.0,1100.0,False,False,False,False,False,nan,False,False,False,False,False,nan,False
-1300.0,1200.0,False,False,False,False,False,nan,False,False,False,False,False,nan,False
-1300.0,1300.0,False,False,False,False,False,nan,False,False,False,False,False,nan,False
-1300.0,1400.0,False,False,False,False,False,nan,False,False,False,False,False,nan,False
-1300.0,1500.0,False,False,False,False,False,nan,False,False,False,False,False,nan,False
-1300.0,1600.0,False,False,False,False,False,nan,False,False,False,False,False,nan,False
-1300.0,1700.0,False,False,False,False,False,nan,False,False,False,False,False,nan,False
-1300.0,1800.0,False,False,False,False,False,nan,False,False,False,False,False,nan,False
-1300.0,1900.0,False,False,False,False,False,nan,False,False,False,False,False,nan,False
-1300.0,2000.0,False,False,False,False,False,nan,False,False,False,False,False,nan,False
-1300.0,2100.0,False,False,False,False,False,nan,False,False,False,False,False,nan,False
-1300.0,2200.0,False,False,False,False,False,nan,False,False,False,False,False,nan,False
-1300.0,2300.0,False,False,False,False,False,nan,False,False,False,False,False,nan,False
-1300.0,2400.0,False,False,False,False,False,nan,False,False,False,False,False,nan,False
-1300.0,2500.0,False,False,False,False,False,nan,False,False,False,False,False,nan,False
-1300.0,2600.0,False,False,False,False,False,nan,False,False,False,False,False,nan,False
-1300.0,2700.0,False,False,False,False,False,nan,False,False,False,False,False,nan,False
-1300.0,2800.0,False,False,False,False,False,nan,False,False,False,False,False,nan,False
-1300.0,2900.0,False,False,False,False,False,nan,False,False,False,False,False,nan,False
-1300.0,3000.0,False,False,False,False,False,nan,False,False,False,False,False,nan,False
-1200.0,0.0,False,False,False,False,False,nan,False,False,False,False,False,nan,False
-1200.0,100.0,False,False,False,False,False,nan,False,False,False,False,False,nan,False
-1200.0,200.0,False,False,False,False,False,nan,False,False,False,False,False,nan,False
-1200.0,300.0,False,False,False,False,False,nan,False,False,False,False,False,nan,False
-1200.0,400.0,False,False,False,False,False,nan,False,False,False,False,False,nan,False
-1200.0,500.0,False,False,False,False,False,nan,False,False,False,False,False,nan,False
-1200.0,600.0,False,False,False,False,False,nan,False,False,False,False,False,nan,False
-1200.0,700.0,False,False,False,False,False,nan,False,False,False,False,False,nan,False
-1200.0,800.0,False,False,False,False,False,nan,False,False,False,False,False,nan,False
-1200.0,900.0,False,False,False,False,False,nan,False,False,False,False,False,nan,False
-1200.0,1000.0,False,False,False,False,False,nan,False,False,False,False,False,nan,False
-1200.0,1100.0,False,False,False,False,False,nan,False,False,False,False,False,nan,False
-1200.0,1200.0,False,False,False,False,False,nan,False,False,False,False,False,nan,False
-1200.0,1300.0,False,False,False,False,False,nan,False,False,False,False,False,nan,False
-1200.0,1400.0,False,False,False,False,False,nan,False,False,False,False,False,nan,False
-1200.0,1500.0,False,False,False,False,False,nan,False,False,False,False,False,nan,False
-1200.0,1600.0,False,False,False,False,False,nan,False,False,False,False,False,nan,False
-1200.0,1700.0,False,False,False,False,False,nan,False,False,False,False,False,nan,False
-1200.0,1800.0,False,False,False,False,False,nan,False,False,False,False,False,nan,False
-1200.0,1900.0,False,False,False,False,False,nan,False,False,False,False,False,nan,False
-1200.0,2000.0,False,False,False,False,False,nan,False,False,False,False,False,nan,False
-1200.0,2100.0,False,False,False,False,False,nan,False,False,False,False,False,nan,False
-1200.0,2200.0,False,False,False,False,False,nan,False,False,False,False,False,nan,False
-1200.0,2300.0,False,False,False,False,False,nan,False,False,False,False,False,nan,False
-1200.0,2400.0,False,False,False,False,False,nan,False,False,False,False,False,nan,False
-1200.0,2500.0,False,False,False,False,False,nan,False,False,False,False,False,nan,False
-1200.0,2600.0,False,False,False,False,False,nan,False,False,False,False,False,nan,False
-1200.0,2700.0,False,False,False,False,False,nan,False,False,False,False,False,nan,False
-1200.0,2800.0,False,False,False,False,False,nan,False,False,False,False,False,nan,False
-1200.0,2900.0,False,False,False,False,False,nan,False,False,False,False,False,nan,False
-1200.0,3000.0,False,False,False,False,False,nan,False,False,False,False,False,nan,False
-1100.0,0.0,False,False,False,False,False,nan,False,False,False,False,False,nan,False
-1100.0,100.0,False,False,False,False,False,nan,False,False,False,False,False,nan,False
-1100.0,200.0,False,False,False,False,False,nan,False,False,False,False,False,nan,False
-1100.0,300.0,False,False,False,False,False,nan,False,False,False,False,False,nan,False
-1100.0,400.0,False,False,False,False,False,nan,False,False,False,False,False,nan,False
-1100.0,500.0,False,False,False,False,False,nan,False,False,False,False,False,nan,False
-1100.0,600.0,False,False,False,False,False,nan,False,False,False,False,False,nan,False
-1100.0,700.0,False,False,False,False,False,nan,False,False,False,False,False,nan,False
-1100.0,800.0,False,False,False,False,False,nan,False,False,False,False,False,nan,False
-1100.0,900.0,False,False,False,False,False,nan,False,False,False,False,False,nan,False
-1100.0,1000.0,False,False,False,False,False,nan,False,False,False,False,False,nan,False
-1100.0,1100.0,False,False,False,False,False,nan,False,False,False,False,False,nan,False
-1100.0,1200.0,False,False,False,False,False,nan,False,False,False,False,False,nan,False
-1100.0,1300.0,False,False,False,False,False,nan,False,False,False,False,False,nan,False
-1100.0,1400.0,False,False,False,False,False,nan,False,False,False,False,False,nan,False
-1100.0,1500.0,False,False,False,False,False,nan,False,False,False,False,False,nan,False
-1100.0,1600.0,False,False,False,False,False,nan,False,False,False,False,False,nan,False
-1100.0,1700.0,False,False,False,False,False,nan,False,False,False,False,False,nan,False
-1100.0,1800.0,False,False,False,False,False,nan,False,False,False,False,False,nan,False
-1100.0,1900.0,False,False,False,False,False,nan,False,False,False,False,False,nan,False
-1100.0,2000.0,False,False,False,False,False,nan,False,False,False,False,False,nan,False
-1100.0,2100.0,False,False,False,False,False,nan,False,False,False,False,False,nan,False
-1100.0,2200.0,False,False,False,False,False,nan,False,False,False,False,False,nan,False
-1100.0,2300.0,False,False,False,False,False,nan,False,False,False,False,False,nan,False
-1100.0,2400.0,False,False,False,False,False,nan,False,False,False,False,False,nan,False
-1100.0,2500.0,False,False,False,False,False,nan,False,False,False,False,False,nan,False
-1100.0,2600.0,False,False,False,False,False,nan,False,False,False,False,False,nan,False
-1100.0,2700.0,False,False,False,False,False,nan,False,False,False,False,False,nan,False
-1100.0,2800.0,False,False,False,False,False,nan,False,False,False,False,False,nan,False
-1100.0,2900.0,False,False,False,False,False,nan,False,False,False,False,False,nan,False
-1100.0,3000.0,False,False,False,False,False,nan,False,False,False,False,False,nan,False
-1000.0,0.0,False,False,False,False,False,nan,False,False,False,False,False,nan,False
-1000.0,100.0,False,False,False,False,False,nan,False,False,False,False,False,nan,False
-1000.0,200.0,False,False,False,False,False,nan,False,False,False,False,False,nan,False
-1000.0,300.0,False,False,False,False,False,nan,False,False,False,False,False,nan,False
-1000.0,400.0,False,False,False,False,False,nan,False,False,False,False,False,nan,False
-1000.0,500.0,False,False,False,False,False,nan,False,False,False,False,False,nan,False
-1000.0,600.0,False,False,False,False,False,nan,False,False,False,False,False,nan,False
-1000.0,700.0,False,False,False,False,False,nan,False,False,False,False,False,nan,False
-1000.0,800.0,False,False,False,False,False,nan,False,False,False,False,False,nan,False
-1000.0,900.0,False,False,False,False,False,nan,False,False,False,False,False,nan,False
-1000.0,1000.0,False,False,False,False,False,nan,False,False,False,False,False,nan,False
-1000.0,1100.0,False,False,False,False,False,nan,False,False,False,False,False,nan,False
-1000.0,1200.0,False,False,False,False,False,nan,False,False,False,False,False,nan,False
-1000.0,1300.0,False,False,False,False,False,nan,False,False,False,False,False,nan,False
-1000.0,1400.0,False,False,False,False,False,nan,False,False,False,False,False,nan,False
-1000.0,1500.0,False,False,False,False,False,nan,False,False,False,False,False,nan,False
-1000.0,1600.0,False,False,False,False,False,nan,False,False,False,False,False,nan,False
-1000.0,1700.0,False,False,False,False,False,nan,False,False,False,False,False,nan,False
-1000.0,1800.0,False,False,False,False,False,nan,False,False,False,False,False,nan,False
-1000.0,1900.0,False,False,False,False,False,nan,False,False,False,False,False,nan,False
-1000.0,2000.0,False,False,False,False,False,nan,False,False,False,False,False,nan,False
-1000.0,2100.0,False,False,False,False,False,nan,False,False,False,False,False,nan,False
-1000.0,2200.0,False,False,False,False,False,nan,False,False,False,False,False,nan,False
-1000.0,2300.0,False,False,False,False,False,nan,False,False,False,False,False,nan,False
-1000.0,2400.0,False,False,False,False,False,nan,False,False,False,False,False,nan,False
-1000.0,2500.0,False,False,False,False,False,nan,False,False,False,False,False,nan,False
-1000.0,2600.0,False,False,False,False,False,nan,False,False,False,False,False,nan,False
-1000.0,2700.0,False,False,False,False,False,nan,False,False,False,False,False,nan,False
-1000.0,2800.0,False,False,False,False,False,nan,False,False,False,False,False,nan,False
-1000.0,2900.0,False,False,False,False,False,nan,False,False,False,False,False,nan,False
-1000.0,3000.0,False,False,False,False,False,nan,False,False,False,False,False,nan,False
-900.0,0.0,True,False,True,False,False,inf,False,False,False,False,False,nan,False
-900.0,100.0,True,False,True,False,False,555.5003963483189,False,False,False,False,False,nan,False
-900.0,200.0,True,False,True,False,False,198.3185661505772,False,False,False,False,False,nan,False
-900.0,300.0,True,False,True,False,False,126.73997252696664,False,False,False,False,False,nan,False
-900.0,400.0,True,False,True,False,False,97.74194351231,False,False,False,False,False,nan,False
-900.0,500.0,False,False,False,False,False,nan,False,False,False,False,False,nan,False
-900.0,600.0,False,False,False,False,False,nan,False,False,False,False,False,nan,False
-900.0,700.0,False,False,False,False,False,nan,False,False,False,False,False,nan,False
-900.0,800.0,False,False,False,False,False,nan,False,False,False,False,False,nan,False
-900.0,900.0,False,False,False,False,False,nan,False,False,False,False,False,nan,False
-900.0,1000.0,False,False,False,False,False,nan,False,False,False,False,False,nan,False
-900.0,1100.0,False,False,False,False,False,nan,False,False,False,False,False,nan,False
-900.0,1200.0,False,False,False,False,False,nan,False,False,False,False,False,nan,False
-900.0,1300.0,False,False,False,False,False,nan,False,False,False,False,False,nan,False
-900.0,1400.0,False,False,False,False,False,nan,False,False,False,False,False,nan,False
-900.0,1500.0,False,False,False,False,False,nan,False,False,False,False,False,nan,False
-900.0,1600.0,False,False,False,False,False,nan,False,False,False,False,False,nan,False
-900.0,1700.0,False,False,False,False,False,nan,False,False,False,False,False,nan,False
-900.0,1800.0,False,False,False,False,False,nan,False,False,False,False,False,nan,False
-900.0,1900.0,False,False,False,False,False,nan,False,False,False,False,False,nan,False
-900.0,2000.0,False,False,False,False,False,nan,False,False,False,False,False,nan,False
-900.0,2100.0,False,False,False,False,False,nan,False,False,False,False,False,nan,False
-900.0,2200.0,False,False,False,False,False,nan,False,False,False,False,False,nan,False
-900.0,2300.0,False,False,False,False,False,nan,False,False,False,False,False,nan,False
-900.0,2400.0,False,False,False,False,False,nan,False,False,False,False,False,nan,False
-900.0,2500.0,False,False,False,False,False,nan,False,False,False,False,False,nan,False
-900.0,2600.0,False,False,False,False,False,nan,False,False,False,False,False,nan,False
-900.0,2700.0,False,False,False,False,False,nan,False,False,False,False,False,nan,False
-900.0,2800.0,False,False,False,False,False,nan,False,False,False,False,False,nan,False
-900.0,2900.0,False,False,False,False,False,nan,False,False,False,False,False,nan,False
-900.0,3000.0,False,False,False,False,False,nan,False,False,False,False,False,nan,False
-800.0,0.0,True,False,True,False,False,inf,False,False,False,False,False,nan,False
-800.0,100.0,True,False,True,False,False,401.32628060529856,False,False,False,False,False,nan,False
-800.0,200.0,True,False,True,False,False,153.70859094292592,False,False,False,False,False,nan,False
-800.0,300.0,True,False,True,False,False,100.88544044118217,False,False,False,False,False,nan,False
-800.0,400.0,True,False,True,False,False,79.53644914650316,False,False,False,False,False,nan,False
-800.0,500.0,True,False,True,False,False,69.03885720503968,False,False,False,False,False,nan,False
-800.0,600.0,False,False,False,False,False,nan,False,False,False,False,False,nan,False
-800.0,700.0,False,False,False,False,False,nan,False,False,False,False,False,nan,False
-800.0,800.0,False,False,False,False,False,nan,False,False,False,False,False,nan,False
-800.0,900.0,False,False,False,False,False,nan,False,False,False,False,False,nan,False
-800.0,1000.0,False,False,False,False,False,nan,False,False,False,False,False,nan,False
-800.0,1100.0,False,False,False,False,False,nan,False,False,False,False,False,nan,False
-800.0,1200.0,False,False,False,False,False,nan,False,False,False,False,False,nan,False
-800.0,1300.0,False,False,False,False,False,nan,False,False,False,False,False,nan,False
-800.0,1400.0,False,False,False,False,False,nan,False,False,False,False,False,nan,False
-800.0,1500.0,False,False,False,False,False,nan,False,False,False,False,False,nan,False
-800.0,1600.0,False,False,False,False,False,nan,False,False,False,False,False,nan,False
-800.0,1700.0,False,False,False,False,False,nan,False,False,False,False,False,nan,False
-800.0,1800.0,False,False,False,False,False,nan,False,False,False,False,False,nan,False
-800.0,1900.0,False,False,False,False,False,nan,False,False,False,False,False,nan,False
-800.0,2000.0,False,False,False,False,False,nan,False,False,False,False,False,nan,False
-800.0,2100.0,False,False,False,False,False,nan,False,False,False,False,False,nan,False
-800.0,2200.0,False,False,False,False,False,nan,False,False,False,False,False,nan,False
-800.0,2300.0,False,False,False,False,False,nan,False,False,False,False,False,nan,False
-800.0,2400.0,False,False,False,False,False,nan,False,False,False,False,False,nan,False
-800.0,2500.0,False,False,False,False,False,nan,False,False,False,False,False,nan,False
-800.0,2600.0,False,False,False,False,False,nan,False,False,False,False,False,nan,False
-800.0,2700.0,False,False,False,False,False,nan,False,False,False,False,False,nan,False
-800.0,2800.0,False,False,False,False,False,nan,False,False,False,False,False,nan,False
-800.0,2900.0,False,False,False,False,False,nan,False,False,False,False,False,nan,False
-800.0,3000.0,False,False,False,False,False,nan,False,False,False,False,False,nan,False
-700.0,0.0,True,False,True,False,False,inf,False,False,False,False,False,nan,False
-700.0,100.0,True,False,True,False,False,283.8814235792753,False,False,False,False,False,nan,False
-700.0,200.0,True,False,True,False,False,116.25159125745269,False,False,False,False,False,nan,False
-700.0,300.0,True,False,True,False,False,78.71730752261648,False,False,False,False,False,nan,False
-700.0,400.0,True,False,True,False,False,63.78122021089863,False,False,False,False,False,nan,False
-700.0,500.0,True,False,True,False,False,56.80423078844578,False,False,False,False,False,nan,False
-700.0,600.0,True,False,True,False,False,53.54621120046937,False,False,False,False,False,nan,False
-700.0,700.0,True,False,True,False,False,52.32472414835659,False,False,False,False,False,nan,False
-700.0,800.0,False,False,False,False,False,nan,False,False,False,False,False,nan,False
-700.0,900.0,False,False,False,False,False,nan,False,False,False,False,False,nan,False
-700.0,1000.0,False,False,False,False,False,nan,False,False,False,False,False,nan,False
-700.0,1100.0,False,False,False,False,False,nan,False,False,False,False,False,nan,False
-700.0,1200.0,False,False,False,False,False,nan,False,False,False,False,False,nan,False
-700.0,1300.0,False,False,False,False,False,nan,False,False,False,False,False,nan,False
-700.0,1400.0,False,False,False,False,False,nan,False,False,False,False,False,nan,False
-700.0,1500.0,False,False,False,False,False,nan,False,False,False,False,False,nan,False
-700.0,1600.0,False,False,False,False,False,nan,False,False,False,False,False,nan,False
-700.0,1700.0,False,False,False,False,False,nan,False,False,False,False,False,nan,False
-700.0,1800.0,False,False,False,False,False,nan,False,False,False,False,False,nan,False
-700.0,1900.0,False,False,False,False,False,nan,False,False,False,False,False,nan,False
-700.0,2000.0,False,False,False,False,False,nan,False,False,False,False,False,nan,False
-700.0,2100.0,False,False,False,False,False,nan,False,False,False,False,False,nan,False
-700.0,2200.0,False,False,False,False,False,nan,False,False,False,False,False,nan,False
-700.0,2300.0,False,False,False,False,False,nan,False,False,False,False,False,nan,False
-700.0,2400.0,False,False,False,False,False,nan,False,False,False,False,False,nan,False
-700.0,2500.0,False,False,False,False,False,nan,False,False,False,False,False,nan,False
-700.0,2600.0,False,False,False,False,False,nan,False,False,False,False,False,nan,False
-700.0,2700.0,False,False,False,False,False,nan,False,False,False,False,False,nan,False
-700.0,2800.0,False,False,False,False,False,nan,False,False,False,False,False,nan,False
-700.0,2900.0,False,False,False,False,False,nan,False,False,False,False,False,nan,False
-700.0,3000.0,False,False,False,False,False,nan,False,False,False,False,False,nan,False
-600.0,0.0,True,False,True,False,False,inf,False,False,False,False,False,nan,False
-600.0,100.0,True,False,True,False,False,194.70292368872833,False,False,False,False,False,nan,False
-600.0,200.0,True,False,True,False,False,85.2790335977997,False,False,False,False,False,nan,False
-600.0,300.0,True,False,True,False,False,60.019486733619175,False,False,False,False,False,nan,False
-600.0,400.0,True,False,True,False,False,50.37163674089891,False,False,False,False,False,nan,False
-600.0,500.0,True,False,True,False,False,46.33562568109411,False,False,False,False,False,nan,False
-600.0,600.0,True,False,True,False,False,44.949415497707314,False,False,False,False,False,nan,False
-600.0,700.0,True,False,True,False,False,45.023667191954004,False,False,False,False,False,nan,False
-600.0,800.0,False,False,False,False,False,nan,False,False,False,False,False,nan,False
-600.0,900.0,False,False,False,False,False,nan,False,False,False,False,False,nan,False
-600.0,1000.0,False,False,False,False,False,nan,False,False,False,False,False,nan,False
-600.0,1100.0,False,False,False,False,False,nan,False,False,False,False,False,nan,False
-600.0,1200.0,False,False,False,False,False,nan,False,False,False,False,False,nan,False
-600.0,1300.0,False,False,False,False,False,nan,False,False,False,False,False,nan,False
-600.0,1400.0,False,False,False,False,False,nan,False,False,False,False,False,nan,False
-600.0,1500.0,False,False,False,False,False,nan,False,False,False,False,False,nan,False
-600.0,1600.0,False,False,False,False,False,nan,False,False,False,False,False,nan,False
-600.0,1700.0,False,False,False,False,False,nan,False,False,False,False,False,nan,False
-600.0,1800.0,False,False,False,False,False,nan,False,False,False,False,False,nan,False
-600.0,1900.0,False,False,False,False,False,nan,False,False,False,False,False,nan,False
-600.0,2000.0,False,False,False,False,False,nan,False,False,False,False,False,nan,False
-600.0,2100.0,False,False,False,False,False,nan,False,False,False,False,False,nan,False
-600.0,2200.0,False,False,False,False,False,nan,False,False,False,False,False,nan,False
-600.0,2300.0,False,False,False,False,False,nan,False,False,False,False,False,nan,False
-600.0,2400.0,False,False,False,False,False,nan,False,False,False,False,False,nan,False
-600.0,2500.0,False,False,False,False,False,nan,False,False,False,False,False,nan,False
-600.0,2600.0,False,False,False,False,False,nan,False,False,False,False,False,nan,False
-600.0,2700.0,False,False,False,False,False,nan,False,False,False,False,False,nan,False
-600.0,2800.0,False,False,False,False,False,nan,False,False,False,False,False,nan,False
-600.0,2900.0,False,False,False,False,False,nan,False,False,False,False,False,nan,False
-600.0,3000.0,False,False,False,False,False,nan,False,False,False,False,False,nan,False
-500.0,0.0,True,False,True,False,False,inf,False,False,False,False,False,nan,False
-500.0,100.0,True,False,True,False,False,127.74217214445468,False,False,False,False,False,nan,False
-500.0,200.0,True,False,True,False,False,60.20317396451028,False,False,False,False,False,nan,False
-500.0,300.0,True,False,True,False,False,44.592460195697605,False,False,False,False,False,nan,False
-500.0,400.0,True,False,True,True,True,39.208953610082226,False,False,False,False,False,nan,False
-500.0,500.0,True,False,True,True,True,37.5743990279607,False,False,False,False,False,nan,False
-500.0,600.0,True,False,True,True,True,37.728137167872006,False,False,False,False,False,nan,False
-500.0,700.0,True,False,True,True,True,38.87376499744092,False,False,False,False,False,nan,False
-500.0,800.0,True,False,True,False,False,40.62665493904835,False,False,False,False,False,nan,False
-500.0,900.0,False,False,False,False,False,nan,False,False,False,False,False,nan,False
-500.0,1000.0,False,False,False,False,False,nan,False,False,False,False,False,nan,False
-500.0,1100.0,False,False,False,False,False,nan,False,False,False,False,False,nan,False
-500.0,1200.0,False,False,False,False,False,nan,False,False,False,False,False,nan,False
-500.0,1300.0,False,False,False,False,False,nan,False,False,False,False,False,nan,False
-500.0,1400.0,False,False,False,False,False,nan,False,False,False,False,False,nan,False
-500.0,1500.0,False,False,False,False,False,nan,False,False,False,False,False,nan,False
-500.0,1600.0,False,False,False,False,False,nan,False,False,False,False,False,nan,False
-500.0,1700.0,False,False,False,False,False,nan,False,False,False,False,False,nan,False
-500.0,1800.0,False,False,False,False,False,nan,False,False,False,False,False,nan,False
-500.0,1900.0,False,False,False,False,False,nan,False,False,False,False,False,nan,False
-500.0,2000.0,False,False,False,False,False,nan,False,False,False,False,False,nan,False
-500.0,2100.0,False,False,False,False,False,nan,False,False,False,False,False,nan,False
-500.0,2200.0,False,False,False,False,False,nan,False,False,False,False,False,nan,False
-500.0,2300.0,False,False,False,False,False,nan,False,False,False,False,False,nan,False
-500.0,2400.0,False,False,False,False,False,nan,False,False,False,False,False,nan,False
-500.0,2500.0,False,False,False,False,False,nan,False,False,False,False,False,nan,False
-500.0,2600.0,False,False,False,False,False,nan,False,False,False,False,False,nan,False
-500.0,2700.0,False,False,False,False,False,nan,False,False,False,False,False,nan,False
-500.0,2800.0,False,False,False,False,False,nan,False,False,False,False,False,nan,False
-500.0,2900.0,False,False,False,False,False,nan,False,False,False,False,False,nan,False
-500.0,3000.0,False,False,False,False,False,nan,False,False,False,False,False,nan,False
-400.0,0.0,True,False,True,False,False,inf,False,False,False,False,False,nan,False
-400.0,100.0,True,False,True,False,False,78.56122788031062,False,False,False,False,False,nan,False
-400.0,200.0,True,False,True,False,False,40.5052217022403,False,False,False,False,False,nan,False
-400.0,300.0,True,False,True,True,True,32.25172489182643,False,False,False,False,False,nan,False
-400.0,400.0,True,False,True,True,True,30.19989352345855,False,False,False,False,False,nan,False
-400.0,500.0,True,False,True,True,True,30.46447461253053,False,False,False,False,False,nan,False
-400.0,600.0,True,False,True,True,True,31.845003311218846,False,False,False,False,False,nan,False
-400.0,700.0,True,False,True,True,True,33.84834736003133,False,False,False,False,False,nan,False
-400.0,800.0,True,False,True,True,True,36.23462608678048,False,False,False,False,False,nan,False
-400.0,900.0,True,False,True,True,True,38.873132755750085,False,False,False,False,False,nan,False
-400.0,1000.0,False,False,False,False,False,nan,False,False,False,False,False,nan,False
-400.0,1100.0,False,False,False,False,False,nan,False,False,False,False,False,nan,False
-400.0,1200.0,False,False,False,False,False,nan,False,False,False,False,False,nan,False
-400.0,1300.0,False,False,False,False,False,nan,False,False,False,False,False,nan,False
-400.0,1400.0,False,False,False,False,False,nan,False,False,False,False,False,nan,False
-400.0,1500.0,False,False,False,False,False,nan,False,False,False,False,False,nan,False
-400.0,1600.0,False,False,False,False,False,nan,False,False,False,False,False,nan,False
-400.0,1700.0,False,False,False,False,False,nan,False,False,False,False,False,nan,False
-400.0,1800.0,False,False,False,False,False,nan,False,False,False,False,False,nan,False
-400.0,1900.0,False,False,False,False,False,nan,False,False,False,False,False,nan,False
-400.0,2000.0,False,False,False,False,False,nan,False,False,False,False,False,nan,False
-400.0,2100.0,False,False,False,False,False,nan,False,False,False,False,False,nan,False
-400.0,2200.0,False,False,False,False,False,nan,False,False,False,False,False,nan,False
-400.0,2300.0,False,False,False,False,False,nan,False,False,False,False,False,nan,False
-400.0,2400.0,False,False,False,False,False,nan,False,False,False,False,False,nan,False
-400.0,2500.0,False,False,False,False,False,nan,False,False,False,False,False,nan,False
-400.0,2600.0,False,False,False,False,False,nan,False,False,False,False,False,nan,False
-400.0,2700.0,False,False,False,False,False,nan,False,False,False,False,False,nan,False
-400.0,2800.0,False,False,False,False,False,nan,False,False,False,False,False,nan,False
-400.0,2900.0,False,False,False,False,False,nan,False,False,False,False,False,nan,False
-400.0,3000.0,False,False,False,False,False,nan,False,False,False,False,False,nan,False
-300.0,0.0,True,False,True,False,False,inf,False,False,False,False,False,nan,False
-300.0,100.0,True,False,True,False,False,43.830175119475086,False,False,False,False,False,nan,False
-300.0,200.0,True,False,True,True,True,25.72553726578497,False,False,False,False,False,nan,False
-300.0,300.0,True,False,True,True,True,22.826408871363874,False,False,False,False,False,nan,False
-300.0,400.0,True,False,True,True,True,23.256269248000503,False,False,False,False,False,nan,False
-300.0,500.0,True,False,True,True,True,24.952199679780335,False,False,False,False,False,nan,False
-300.0,600.0,True,False,True,True,True,27.263978009858658,False,False,False,False,False,nan,False
-300.0,700.0,True,False,True,True,True,29.921558378817153,False,False,False,False,False,nan,False
-300.0,800.0,True,False,True,True,True,32.79264783280702,False,False,False,False,False,nan,False
-300.0,900.0,True,False,True,True,True,35.804803543161235,False,False,False,False,False,nan,False
-300.0,1000.0,False,False,False,False,False,nan,False,False,False,False,False,nan,False
-300.0,1100.0,False,False,False,False,False,nan,False,False,False,False,False,nan,False
-300.0,1200.0,False,False,False,False,False,nan,False,False,False,False,False,nan,False
-300.0,1300.0,False,False,False,False,False,nan,False,False,False,False,False,nan,False
-300.0,1400.0,False,False,False,False,False,nan,False,False,False,False,False,nan,False
-300.0,1500.0,False,False,False,False,False,nan,False,False,False,False,False,nan,False
-300.0,1600.0,False,False,False,False,False,nan,False,False,False,False,False,nan,False
-300.0,1700.0,False,False,False,False,False,nan,False,False,False,False,False,nan,False
-300.0,1800.0,False,False,False,False,False,nan,False,False,False,False,False,nan,False
-300.0,1900.0,False,False,False,False,False,nan,False,False,False,False,False,nan,False
-300.0,2000.0,False,False,False,False,False,nan,False,False,False,False,False,nan,False
-300.0,2100.0,False,False,False,False,False,nan,False,False,False,False,False,nan,False
-300.0,2200.0,False,False,False,False,False,nan,False,False,False,False,False,nan,False
-300.0,2300.0,False,False,False,False,False,nan,False,False,False,False,False,nan,False
-300.0,2400.0,False,False,False,False,False,nan,False,False,False,False,False,nan,False
-300.0,2500.0,False,False,False,False,False,nan,False,False,False,False,False,nan,False
-300.0,2600.0,False,False,False,False,False,nan,False,False,False,False,False,nan,False
-300.0,2700.0,False,False,False,False,False,nan,False,False,False,False,False,nan,False
-300.0,2800.0,False,False,False,False,False,nan,False,False,False,False,False,nan,False
-300.0,2900.0,False,False,False,False,False,nan,False,False,False,False,False,nan,False
-300.0,3000.0,False,False,False,False,False,nan,False,False,False,False,False,nan,False
-200.0,0.0,True,False,True,False,False,inf,False,False,False,False,False,nan,False
-200.0,100.0,True,False,True,True,True,21.00174929831389,False,False,False,False,False,nan,False
-200.0,200.0,True,False,True,True,True,15.455471615822107,False,False,False,False,False,nan,False
-200.0,300.0,True,False,True,True,True,16.15802158381934,False,False,False,False,False,nan,False
-200.0,400.0,True,False,True,True,True,18.29462618545843,False,False,False,False,False,nan,False
-200.0,500.0,True,False,True,True,True,20.986207794210024,False,False,False,False,False,nan,False
-200.0,600.0,True,False,True,True,True,23.950300115383975,False,False,False,False,False,nan,False
-200.0,700.0,True,False,True,True,True,27.06832473543421,False,False,False,False,False,nan,False
-200.0,800.0,True,False,True,True,True,30.281785863925105,False,False,False,False,False,nan,False
-200.0,900.0,True,False,True,True,True,33.558494254471874,False,False,False,False,False,nan,False
-200.0,1000.0,False,False,False,False,False,nan,False,False,False,False,False,nan,False
-200.0,1100.0,False,False,False,False,False,nan,False,False,False,False,False,nan,False
-200.0,1200.0,False,False,False,False,False,nan,False,False,False,False,False,nan,False
-200.0,1300.0,False,False,False,False,False,nan,False,False,False,False,False,nan,False
-200.0,1400.0,False,False,False,False,False,nan,False,False,False,False,False,nan,False
-200.0,1500.0,False,False,False,False,False,nan,False,False,False,False,False,nan,False
-200.0,1600.0,False,False,False,False,False,nan,False,False,False,False,False,nan,False
-200.0,1700.0,False,False,False,False,False,nan,False,False,False,False,False,nan,False
-200.0,1800.0,False,False,False,False,False,nan,False,False,False,False,False,nan,False
-200.0,1900.0,False,False,False,False,False,nan,False,False,False,False,False,nan,False
-200.0,2000.0,False,False,False,False,False,nan,False,False,False,False,False,nan,False
-200.0,2100.0,False,False,False,False,False,nan,False,False,False,False,False,nan,False
-200.0,2200.0,False,False,False,False,False,nan,False,False,False,False,False,nan,False
-200.0,2300.0,False,False,False,False,False,nan,False,False,False,False,False,nan,False
-200.0,2400.0,False,False,False,False,False,nan,False,False,False,False,False,nan,False
-200.0,2500.0,False,False,False,False,False,nan,False,False,False,False,False,nan,False
-200.0,2600.0,False,False,False,False,False,nan,False,False,False,False,False,nan,False
-200.0,2700.0,False,False,False,False,False,nan,False,False,False,False,False,nan,False
-200.0,2800.0,False,False,False,False,False,nan,False,False,False,False,False,nan,False
-200.0,2900.0,False,False,False,False,False,nan,False,False,False,False,False,nan,False
-200.0,3000.0,False,False,False,False,False,nan,False,False,False,False,False,nan,False
-100.0,0.0,True,False,True,False,False,inf,False,False,False,False,False,nan,False
-100.0,100.0,True,False,True,True,True,8.094679360262361,False,False,False,False,False,nan,False
-100.0,200.0,True,False,True,True,True,9.330439486971168,False,False,False,False,False,nan,False
-100.0,300.0,True,False,True,True,True,12.099279569225281,False,False,False,False,False,nan,False
-100.0,400.0,True,False,True,True,True,15.235901355212686,False,False,False,False,False,nan,False
-100.0,500.0,True,False,True,True,True,18.51729122148169,False,False,False,False,False,nan,False
-100.0,600.0,True,False,True,True,True,21.87042656496881,False,False,False,False,False,nan,False
-100.0,700.0,True,False,True,True,True,25.264326947555087,False,False,False,False,False,nan,False
-100.0,800.0,True,False,True,True,True,28.683604358026127,False,False,False,False,False,nan,False
-100.0,900.0,True,False,True,True,True,32.11975002098313,False,False,False,False,False,nan,False
-100.0,1000.0,False,False,False,False,False,nan,False,False,False,False,False,nan,False
-100.0,1100.0,False,False,False,False,False,nan,False,False,False,False,False,nan,False
-100.0,1200.0,False,False,False,False,False,nan,False,False,False,False,False,nan,False
-100.0,1300.0,False,False,False,False,False,nan,False,False,False,False,False,nan,False
-100.0,1400.0,False,False,False,False,False,nan,False,False,False,False,False,nan,False
-100.0,1500.0,False,False,False,False,False,nan,False,False,False,False,False,nan,False
-100.0,1600.0,False,False,False,False,False,nan,False,False,False,False,False,nan,False
-100.0,1700.0,False,False,False,False,False,nan,False,False,False,False,False,nan,False
-100.0,1800.0,False,False,False,False,False,nan,False,False,False,False,False,nan,False
-100.0,1900.0,False,False,False,False,False,nan,False,False,False,False,False,nan,False
-100.0,2000.0,False,False,False,False,False,nan,False,False,False,False,False,nan,False
-100.0,2100.0,False,False,False,False,False,nan,False,False,False,False,False,nan,False
-100.0,2200.0,False,False,False,False,False,nan,False,False,False,False,False,nan,False
-100.0,2300.0,False,False,False,False,False,nan,False,False,False,False,False,nan,False
-100.0,2400.0,False,False,False,False,False,nan,False,False,False,False,False,nan,False
-100.0,2500.0,False,False,False,False,False,nan,False,False,False,False,False,nan,False
-100.0,2600.0,False,False,False,False,False,nan,False,False,False,False,False,nan,False
-100.0,2700.0,False,False,False,False,False,nan,False,False,False,False,False,nan,False
-100.0,2800.0,False,False,False,False,False,nan,False,False,False,False,False,nan,False
-100.0,2900.0,False,False,False,False,False,nan,False,False,False,False,False,nan,False
-100.0,3000.0,False,False,False,False,False,nan,False,False,False,False,False,nan,False
-50.0,0.0,True,False,True,False,False,inf,False,False,False,False,False,nan,False
-50.0,50.0,True,False,True,True,True,4.436915422060176,False,False,False,False,False,nan,False
-50.0,450.0,True,False,True,True,True,16.109530081075107,False,False,False,False,False,nan,False
-50.0,500.0,True,False,True,True,True,17.829422204289042,False,False,False,False,False,nan,False
-50.0,550.0,True,False,True,True,True,19.55433407641484,False,False,False,False,False,nan,False
-30.0,0.0,True,False,True,False,False,inf,False,False,False,False,False,nan,False
-30.0,10.0,True,False,True,True,True,6.84378228070442,False,False,False,False,False,nan,False
-30.0,20.0,True,False,True,True,True,3.676526298936728,False,False,False,False,False,nan,False
-30.0,30.0,True,False,True,True,True,3.001659382042455,False,False,False,False,False,nan,False
-20.0,0.0,True,False,True,False,False,inf,False,False,False,False,False,nan,False
-20.0,10.0,True,False,True,True,True,3.7288725281105517,False,False,False,False,False,nan,False
-20.0,20.0,True,False,True,True,True,2.313577788598187,False,False,False,False,False,nan,False
-20.0,30.0,True,False,True,True,True,2.125314713149818,False,False,False,False,False,nan,False
-10.0,0.0,True,False,True,False,False,inf,False,False,False,False,False,nan,False
-10.0,10.0,True,False,True,True,True,1.7237188630455424,False,False,False,False,False,nan,False
-10.0,20.0,True,False,True,True,True,1.389459759042686,False,False,False,False,False,nan,False
-10.0,30.0,True,False,True,True,True,1.5198352199140512,False,False,False,False,False,nan,False
-8.0,0.0,True,False,True,False,False,inf,False,False,False,False,False,nan,False
-8.0,2.0,True,False,True,True,True,7.343218047810765,False,False,False,False,False,nan,False
-8.0,4.0,True,False,True,True,True,3.077281236110879,False,False,False,False,False,nan,False
-8.0,6.0,True,False,True,True,True,2.0705217184226656,False,False,False,False,False,nan,False
-8.0,8.0,True,False,True,True,True,1.6504232496814426,False,False,False,False,False,nan,False
-6.0,0.0,True,False,True,False,False,inf,False,False,False,False,False,nan,False
-6.0,2.0,True,False,True,True,True,5.270551829562725,False,False,False,False,False,nan,False
-6.0,4.0,True,False,True,True,True,2.346640493007021,False,False,False,False,False,nan,False
-6.0,6.0,True,False,True,True,True,1.6280169823170363,False,False,False,False,False,nan,False
-6.0,8.0,True,False,True,True,True,1.3331434780476765,False,False,False,False,False,nan,False
-4.0,0.0,True,False,True,False,False,inf,False,False,False,False,False,nan,False
-4.0,2.0,True,False,True,True,True,3.667756465595571,False,False,False,False,False,nan,False
-4.0,4.0,True,False,True,True,True,1.738066255106709,False,False,False,False,False,nan,False
-4.0,6.0,True,False,True,True,True,1.253194438185321,False,False,False,False,False,nan,False
-4.0,8.0,True,False,True,True,True,1.0624294298088786,False,False,False,False,False,nan,False
-2.0,0.0,True,False,True,False,False,inf,False,False,False,False,False,nan,False
-2.0,2.0,True,False,True,True,True,2.441349947533921,False,False,False,False,False,nan,False
-2.0,4.0,True,False,True,True,True,1.2416001263057923,False,False,False,False,False,nan,False
-2.0,6.0,True,False,True,True,True,0.9429325320550952,False,False,False,False,False,nan,False
-2.0,8.0,True,False,True,True,True,0.8368053817688967,False,False,False,False,False,nan,False
0.0,0.0,True,False,True,False,False,inf,True,False,True,False,False,inf,False
0.0,2.0,True,False,True,True,True,1.5219148581728676,False,False,False,False,False,nan,False
0.0,4.0,True,False,True,True,True,0.8492389448868864,False,False,False,False,False,nan,False
0.0,6.0,True,False,True,True,True,0.6947653716423244,False,False,False,False,False,nan,False
0.0,8.0,True,False,True,True,True,0.6549800693102016,False,False,False,False,False,nan,False
0.0,10.0,True,False,True,True,True,0.6586923499626078,False,False,False,False,False,nan,False
0.0,20.0,True,False,True,True,True,0.8698996529512413,False,False,False,False,False,nan,False
0.0,30.0,True,False,True,True,True,1.1700733535809376,False,False,False,False,False,nan,False
0.0,50.0,True,False,True,True,True,1.8282651207445917,False,False,False,False,False,nan,False
0.0,100.0,True,False,True,True,True,3.544473223556989,False,False,False,False,False,nan,False
0.0,200.0,True,False,True,True,True,7.023514337958631,False,False,False,False,False,nan,False
0.0,300.0,True,False,True,True,True,10.513011546595513,False,False,False,False,False,nan,False
0.0,400.0,True,False,True,False,False,14.005128715201787,False,False,False,False,False,nan,False
0.0,450.0,True,False,True,False,False,15.751624183151185,False,False,False,False,False,nan,False
0.0,500.0,True,False,True,False,False,17.498294436629187,False,False,False,False,False,nan,False
0.0,550.0,True,False,True,False,False,19.24509181672202,False,False,False,False,False,nan,False
0.0,600.0,True,False,True,False,False,20.991984547111308,False,False,False,False,False,nan,False
0.0,700.0,True,False,True,False,False,24.48597434024675,False,False,False,False,False,nan,False
0.0,800.0,True,False,True,False,False,27.980151446166587,False,False,False,False,False,nan,False
0.0,900.0,True,False,True,False,False,31.474453431792863,False,False,False,False,False,nan,False
0.0,1000.0,False,False,False,False,False,nan,False,False,False,False,False,nan,False
0.0,1100.0,False,False,False,False,False,nan,False,False,False,False,False,nan,False
0.0,1200.0,False,False,False,False,False,nan,False,False,False,False,False,nan,False
0.0,1300.0,False,False,False,False,False,nan,False,False,False,False,False,nan,False
0.0,1400.0,False,False,False,False,False,nan,False,False,False,False,False,nan,False
0.0,1500.0,False,False,False,False,False,nan,False,False,False,False,False,nan,False
0.0,1600.0,False,False,False,False,False,nan,False,False,False,False,False,nan,False
0.0,1700.0,False,False,False,False,False,nan,False,False,False,False,False,nan,False
0.0,1800.0,False,False,False,False,False,nan,False,False,False,False,False,nan,False
0.0,1900.0,False,False,False,False,False,nan,False,False,False,False,False,nan,False
0.0,2000.0,False,False,False,False,False,nan,False,False,False,False,False,nan,False
0.0,2100.0,False,False,False,False,False,nan,False,False,False,False,False,nan,False
0.0,2200.0,False,False,False,False,False,nan,False,False,False,False,False,nan,False
0.0,2300.0,False,False,False,False,False,nan,False,False,False,False,False,nan,False
0.0,2400.0,False,False,False,False,False,nan,False,False,False,False,False,nan,False
0.0,2500.0,False,False,False,False,False,nan,False,False,False,False,False,nan,False
0.0,2600.0,False,False,False,False,False,nan,False,False,False,False,False,nan,False
0.0,2700.0,False,False,False,False,False,nan,False,False,False,False,False,nan,False
0.0,2800.0,False,False,False,False,False,nan,False,False,False,False,False,nan,False
0.0,2900.0,False,False,False,False,False,nan,False,False,False,False,False,nan,False
0.0,3000.0,False,False,False,False,False,nan,False,False,False,False,False,nan,False
1.0,0.0,True,True,False,False,True,nan,True,False,True,False,False,inf,False
1.0,1.0,True,False,True,True,True,2.43903906661841,True,False,True,False,False,inf,False
1.0,2.0,True,False,True,True,True,1.1607804065334746,True,False,True,False,False,inf,False
1.0,3.0,True,False,True,True,True,0.8279828794229379,True,False,True,False,False,inf,False
1.0,4.0,True,False,True,True,True,0.690280121534373,True,False,True,False,False,inf,False
1.0,5.0,True,False,True,True,True,0.6246987666441054,True,False,True,False,False,inf,False
2.0,0.0,True,True,False,False,True,nan,True,False,True,False,False,inf,False
2.0,1.0,True,True,False,False,True,nan,True,False,True,False,False,inf,False
2.0,2.0,True,True,False,False,True,nan,True,False,True,False,False,inf,False
2.0,3.0,True,True,False,False,True,nan,True,False,True,False,False,inf,False
2.0,4.0,True,False,True,True,True,0.555589209617723,True,False,True,False,False,inf,False
2.0,5.0,True,False,True,True,True,0.5195179668893022,True,False,True,False,False,inf,False
2.0,6.0,True,False,True,True,True,0.5068821486187227,True,False,True,False,False,inf,False
2.0,8.0,True,False,True,True,True,0.5156401363125074,True,False,True,False,False,inf,False
3.0,0.0,True,True,False,False,True,nan,True,False,True,False,False,inf,False
3.0,1.0,True,True,False,False,True,nan,True,False,True,False,False,inf,False
3.0,2.0,True,True,False,False,True,nan,True,False,True,False,False,inf,False
3.0,3.0,True,True,False,False,True,nan,True,False,True,False,False,inf,False
3.0,4.0,True,True,False,False,True,nan,True,False,True,False,False,inf,False
3.0,5.0,True,False,True,True,True,0.4327394636143755,True,False,True,False,False,inf,False
4.0,0.0,True,True,False,False,True,nan,True,False,True,False,False,inf,False
4.0,1.0,True,True,False,False,True,nan,True,False,True,False,False,inf,False
4.0,2.0,True,True,False,False,True,nan,True,False,True,False,False,inf,False
4.0,3.0,True,True,False,False,True,nan,True,False,True,False,False,inf,False
4.0,4.0,True,True,False,False,True,nan,True,False,True,False,False,inf,False
4.0,5.0,True,False,True,True,True,0.36408208014261695,True,False,True,False,False,inf,False
4.0,6.0,True,False,True,True,True,0.3773934318230023,True,False,True,False,False,inf,False
4.0,8.0,True,False,True,True,True,0.416866985210985,True,False,True,False,False,inf,False
5.0,0.0,True,True,False,False,True,nan,True,False,True,False,False,inf,False
5.0,1.0,True,True,False,False,True,nan,True,False,True,False,False,inf,False
5.0,2.0,True,True,False,False,True,nan,True,False,True,False,False,inf,False
5.0,3.0,True,True,False,False,True,nan,True,False,True,False,False,inf,False
5.0,4.0,True,True,False,False,True,nan,True,False,True,False,False,inf,False
5.0,5.0,True,False,True,True,True,0.31284145970471905,True,False,True,False,False,inf,False
6.0,0.0,True,True,False,False,True,nan,True,False,True,False,False,inf,False
6.0,1.0,True,True,False,False,True,nan,True,False,True,False,False,inf,False
6.0,2.0,True,True,False,False,True,nan,True,False,True,False,False,inf,False
6.0,3.0,True,True,False,False,True,nan,True,False,True,False,False,inf,False
6.0,4.0,True,True,False,False,True,nan,True,False,True,False,False,inf,False
6.0,5.0,True,True,False,False,True,nan,True,False,True,False,False,inf,False
6.0,6.0,True,False,True,False,False,0.30157826836412877,True,False,True,False,False,inf,False
6.0,8.0,True,False,True,False,False,0.3552028531656347,True,False,True,False,False,inf,False
7.0,0.0,True,True,False,False,True,nan,True,False,True,False,False,inf,False
7.0,1.0,True,True,False,False,True,nan,True,False,True,False,False,inf,False
7.0,2.0,True,True,False,False,True,nan,True,False,True,False,False,inf,False
7.0,3.0,True,True,False,False,True,nan,True,False,True,False,False,inf,False
7.0,4.0,True,True,False,False,True,nan,True,False,True,False,False,inf,False
7.0,5.0,True,False,True,True,True,0.30728164836109884,True,False,True,False,False,inf,False
8.0,0.0,True,True,False,False,True,nan,True,False,True,False,False,inf,False
8.0,1.0,True,True,False,False,True,nan,True,False,True,False,False,inf,False
8.0,2.0,True,True,False,False,True,nan,True,False,True,False,False,inf,False
8.0,3.0,True,True,False,False,True,nan,True,False,True,False,False,inf,False
8.0,4.0,True,True,False,False,True,nan,True,False,True,False,False,inf,False
8.0,5.0,True,False,True,True,True,0.35715127310163647,True,False,True,False,False,inf,False
8.0,6.0,True,False,True,True,True,0.3700823034974508,True,False,True,False,False,inf,False
8.0,8.0,True,False,True,True,True,0.40884065458311364,True,False,True,False,False,inf,False
9.0,0.0,True,True,False,False,True,nan,True,False,True,False,False,inf,False
9.0,1.0,True,True,False,False,True,nan,True,False,True,False,False,inf,False
9.0,2.0,True,True,False,False,True,nan,True,False,True,False,False,inf,False
9.0,3.0,True,True,False,False,True,nan,True,False,True,False,False,inf,False
9.0,4.0,True,True,False,False,True,nan,True,False,True,False,False,inf,False
9.0,5.0,True,False,True,True,True,0.4235259928672135,True,False,True,False,False,inf,False
10.0,0.0,True,True,False,False,True,nan,True,False,True,False,False,inf,False
10.0,1.0,True,True,False,False,True,nan,True,False,True,False,False,inf,False
10.0,2.0,True,True,False,False,True,nan,True,False,True,False,False,inf,False
10.0,3.0,True,True,False,False,True,nan,True,False,True,False,False,inf,False
10.0,4.0,True,False,True,True,True,0.5410991918367979,True,False,True,False,False,inf,False
10.0,5.0,True,False,True,True,True,0.5068383824846986,True,False,True,False,False,inf,False
10.0,10.0,True,False,True,True,True,0.5353923939097828,True,False,True,False,False,inf,False
10.0,20.0,True,False,True,True,True,0.7987406109904267,True,False,True,False,False,inf,False
10.0,30.0,True,False,True,True,True,1.1161529874136042,True,False,True,False,False,inf,False
11.0,0.0,True,True,False,False,True,nan,True,False,True,False,False,inf,False
11.0,1.0,True,False,True,True,True,2.153833421117481,True,False,True,False,False,inf,False
11.0,2.0,True,False,True,True,True,1.09871956716739,True,False,True,False,False,inf,False
11.0,3.0,True,False,True,True,True,0.7967040296348665,True,False,True,False,False,inf,False
11.0,4.0,True,False,True,True,True,0.6685874755454936,True,False,True,False,False,inf,False
11.0,5.0,True,False,True,True,True,0.6070497974896583,True,False,True,False,False,inf,False
20.0,0.0,True,False,True,True,True,20.000000000000004,True,False,True,False,False,inf,False
20.0,10.0,True,False,True,True,True,1.3764514312298528,True,False,True,False,False,inf,False
20.0,20.0,True,False,True,True,True,1.2200077056073333,True,False,True,False,False,inf,False
20.0,30.0,True,False,True,True,True,1.4002098576042283,True,False,True,False,False,inf,False
20.0,620.0,True,False,True,False,False,21.65646242277195,False,False,False,False,False,nan,False
20.0,630.0,True,False,True,False,False,22.00576093168362,False,False,False,False,False,nan,False
20.0,640.0,True,False,True,False,False,22.35512101887162,False,False,False,False,False,nan,False
20.0,650.0,True,False,True,False,False,22.70448558903389,False,False,False,False,False,nan,False
20.0,660.0,True,False,True,False,False,23.053853468054065,False,False,False,False,False,nan,False
20.0,670.0,True,False,True,False,False,23.403224507973697,False,False,False,False,False,nan,False
20.0,680.0,True,False,True,False,False,23.75259856952799,False,False,False,False,False,nan,False
30.0,0.0,True,False,True,True,True,30.000000000000007,True,False,True,False,False,inf,False
30.0,10.0,True,False,True,True,True,2.9953271722818653,True,False,True,False,False,inf,False
30.0,20.0,True,False,True,True,True,2.0079148509796503,True,False,True,False,False,inf,False
30.0,30.0,True,False,True,True,True,1.923316433096678,True,False,True,False,False,inf,False
30.0,620.0,True,False,True,False,False,21.673306991041315,False,False,False,False,False,nan,False
30.0,630.0,True,False,True,False,False,22.021081181312773,False,False,False,False,False,nan,False
30.0,640.0,True,False,True,False,False,22.369451095246735,False,False,False,False,False,nan,False
30.0,650.0,True,False,True,False,False,22.717840641648618,False,False,False,False,False,nan,False
30.0,660.0,True,False,True,False,False,23.06624892856625,False,False,False,False,False,nan,False
30.0,670.0,True,False,True,False,False,23.414675117267606,False,False,False,False,False,nan,False
30.0,680.0,True,False,True,False,False,23.763118418335164,False,False,False,False,False,nan,False
40.0,620.0,True,False,True,True,True,21.70657181516611,False,False,False,False,False,nan,False
40.0,630.0,True,False,True,True,True,22.05346873733037,False,False,False,False,False,nan,False
40.0,640.0,True,False,True,True,True,22.401285397979667,False,False,False,False,False,nan,False
40.0,650.0,True,False,True,False,False,22.749138701699763,False,False,False,False,False,nan,False
40.0,660.0,True,False,True,False,False,23.0970269839201,False,False,False,False,False,nan,False
40.0,670.0,True,False,True,False,False,23.444948679384026,False,False,False,False,False,nan,False
40.0,680.0,True,False,True,False,False,23.7929023148507,False,False,False,False,False,nan,False
50.0,0.0,True,False,True,False,False,50.00000000000001,True,False,True,False,False,inf,False
50.0,50.0,True,False,True,True,True,3.339018364897062,True,False,True,False,False,inf,False
50.0,250.0,True,False,True,True,True,9.042873976381978,True,False,True,False,False,794.6432107913796,False
50.0,300.0,True,False,True,True,True,10.730585638692078,True,False,True,False,False,632.2936683828092,False
50.0,350.0,True,False,True,True,True,12.43459573216162,True,False,True,False,False,527.8929922390286,False
50.0,400.0,True,False,True,True,True,14.147948787084491,False,False,False,False,False,nan,False
50.0,450.0,True,False,True,True,True,15.87015450844075,False,False,False,False,False,nan,False
50.0,500.0,True,False,True,True,True,17.59542124536055,False,False,False,False,False,nan,False
50.0,550.0,True,False,True,True,True,19.325132895815926,False,False,False,False,False,nan,False
50.0,600.0,True,False,True,True,True,21.05722493075422,False,False,False,False,False,nan,False
50.0,620.0,True,False,True,True,True,21.75107967808586,False,False,False,False,False,nan,False
50.0,630.0,True,False,True,True,True,22.096919712627933,False,False,False,False,False,nan,False
50.0,640.0,True,False,True,True,True,22.44401052321203,False,False,False,False,False,nan,False
50.0,650.0,True,False,True,True,True,22.791160289793286,False,False,False,False,False,nan,False
50.0,660.0,True,False,True,True,True,23.13836633455158,False,False,False,False,False,nan,False
50.0,670.0,True,False,True,True,True,23.485626139413817,False,False,False,False,False,nan,False
50.0,680.0,True,False,True,True,True,23.83293733431726,False,False,False,False,False,nan,False
50.0,700.0,True,False,True,True,True,24.526556489923856,False,False,False,False,False,nan,False
50.0,750.0,True,False,True,True,True,26.264248033395692,False,False,False,False,False,nan,False
50.0,850.0,True,False,True,False,False,29.741146079528892,False,False,False,False,False,nan,False
50.0,900.0,True,False,True,False,False,31.48011939718711,False,False,False,False,False,nan,False
50.0,950.0,True,False,True,False,False,33.22068416813046,False,False,False,False,False,nan,False
60.0,620.0,True,False,True,True,True,21.80532776322862,False,False,False,False,False,nan,False
60.0,630.0,True,False,True,True,True,22.15142951929985,False,False,False,False,False,nan,False
60.0,640.0,True,False,True,True,True,22.497622024853754,False,False,False,False,False,nan,False
60.0,650.0,True,False,True,True,True,22.843901095187782,False,False,False,False,False,nan,False
60.0,660.0,True,False,True,True,True,23.190262798986165,False,False,False,False,False,nan,False
60.0,670.0,True,False,True,True,True,23.536703439427644,False,False,False,False,False,nan,False
60.0,680.0,True,False,True,True,True,23.883219536959608,False,False,False,False,False,nan,False
70.0,620.0,True,False,True,True,True,21.871996923453263,False,False,False,False,False,nan,False
70.0,630.0,True,False,True,True,True,22.216993573374733,False,False,False,False,False,nan,False
70.0,640.0,True,False,True,True,True,22.562115460529565,False,False,False,False,False,nan,False
70.0,650.0,True,False,True,True,True,22.907356810653045,False,False,False,False,False,nan,False
70.0,660.0,True,False,True,True,True,23.25271219907196,False,False,False,False,False,nan,False
70.0,670.0,True,False,True,True,True,23.59817652464336,False,False,False,False,False,nan,False
70.0,680.0,True,False,True,True,True,23.943744985987582,False,False,False,False,False,nan,False
80.0,620.0,True,False,True,True,True,21.949893460818632,False,False,False,False,False,nan,False
80.0,630.0,True,False,True,True,True,22.293607294753485,False,False,False,False,False,nan,False
80.0,640.0,True,False,True,True,True,22.637486391523467,False,False,False,False,False,nan,False
80.0,650.0,True,False,True,True,True,22.981523132419735,False,False,False,False,False,nan,False
80.0,660.0,True,False,True,True,True,23.325710359936235,False,False,False,False,False,nan,False
80.0,670.0,True,False,True,True,True,23.670041343387414,False,False,False,False,False,nan,False
80.0,680.0,True,False,True,True,True,24.01242337639529,False,False,False,False,False,nan,False
100.0,0.0,True,False,True,False,False,100.00000000000001,True,False,True,False,False,inf,False
100.0,100.0,True,False,True,True,True,6.8587184668188526,True,False,True,False,False,4261.948996522915,False
100.0,200.0,True,False,True,True,True,8.647707931621094,True,False,True,False,False,1008.3446639072241,False
100.0,250.0,True,False,True,True,True,10.04920578648752,True,False,True,False,False,745.0965133240093,False
100.0,300.0,True,False,True,True,True,11.56526236720229,True,False,True,False,False,595.0154855655456,False
100.0,350.0,True,False,True,True,True,13.147648555566436,True,False,True,False,False,498.0304040855354,False
100.0,400.0,True,False,True,True,True,14.769394710898657,True,False,True,False,False,430.3332536761091,False
100.0,450.0,True,False,True,True,True,16.417388003407346,True,False,True,False,False,380.5453754789837,False
100.0,500.0,True,False,True,True,True,18.0866361129471,True,False,True,False,False,342.5236251357639,False
100.0,550.0,True,False,True,True,True,19.769188962624092,False,False,False,False,False,nan,False
100.0,600.0,True,False,True,True,True,21.46173158292024,False,False,False,False,False,nan,False
100.0,650.0,True,False,True,True,True,23.161970396773874,False,False,False,False,False,nan,False
100.0,700.0,True,False,True,True,True,24.868268383937963,False,False,False,False,False,nan,False
100.0,750.0,True,False,True,True,True,26.58209728578428,False,False,False,False,False,nan,False
100.0,800.0,True,False,True,True,True,28.297174039144235,False,False,False,False,False,nan,False
100.0,850.0,True,False,True,True,True,30.01552443017159,False,False,False,False,False,nan,False
100.0,900.0,True,False,True,True,True,31.739178811155735,False,False,False,False,False,nan,False
100.0,950.0,True,False,True,True,True,33.465086603927915,False,False,False,False,False,nan,False
100.0,1000.0,False,False,False,False,False,nan,False,False,False,False,False,nan,False
100.0,1100.0,False,False,False,False,False,nan,False,False,False,False,False,nan,False
100.0,1200.0,False,False,False,False,False,nan,False,False,False,False,False,nan,False
100.0,1300.0,False,False,False,False,False,nan,False,False,False,False,False,nan,False
100.0,1400.0,False,False,False,False,False,nan,False,False,False,False,False,nan,False
100.0,1500.0,False,False,False,False,False,nan,False,False,False,False,False,nan,False
100.0,1600.0,False,False,False,False,False,nan,False,False,False,False,False,nan,False
100.0,1700.0,False,False,False,False,False,nan,False,False,False,False,False,nan,False
100.0,1800.0,False,False,False,False,False,nan,False,False,False,False,False,nan,False
100.0,1900.0,False,False,False,False,False,nan,False,False,False,False,False,nan,False
100.0,2000.0,False,False,False,False,False,nan,False,False,False,False,False,nan,False
100.0,2100.0,False,False,False,False,False,nan,False,False,False,False,False,nan,False
100.0,2200.0,False,False,False,False,False,nan,False,False,False,False,False,nan,False
100.0,2300.0,False,False,False,False,False,nan,False,False,False,False,False,nan,False
100.0,2400.0,False,False,False,False,False,nan,False,False,False,False,False,nan,False
100.0,2500.0,False,False,False,False,False,nan,False,False,False,False,False,nan,False
100.0,2600.0,False,False,False,False,False,nan,False,False,False,False,False,nan,False
100.0,2700.0,False,False,False,False,False,nan,False,False,False,False,False,nan,False
100.0,2800.0,False,False,False,False,False,nan,False,False,False,False,False,nan,False
100.0,2900.0,False,False,False,False,False,nan,False,False,False,False,False,nan,False
100.0,3000.0,False,False,False,False,False,nan,False,False,False,False,False,nan,False
150.0,150.0,True,False,True,True,True,10.288481514848115,True,False,True,False,False,1466.8639653539494,False
150.0,200.0,True,False,True,True,True,10.764627990962948,True,False,True,False,False,938.8104645228984,False
150.0,250.0,True,False,True,True,True,11.742057935039645,True,False,True,False,False,697.8317375824374,False
150.0,300.0,True,False,True,True,True,12.97345249990303,True,False,True,False,False,559.260842069031,False
150.0,350.0,True,False,True,True,True,14.349626222737259,True,False,True,False,False,469.2932178797854,False
150.0,400.0,True,False,True,True,True,15.821054153148529,True,False,True,False,False,406.32144441458763,False
150.0,450.0,True,False,True,True,True,17.347624024806855,True,False,True,False,False,359.93346305704495,False
150.0,500.0,True,False,True,True,True,18.920981546327432,True,False,True,False,False,324.4762663766261,False
150.0,550.0,True,False,True,True,True,20.52481559663087,True,False,True,False,False,296.6092849232256,False
150.0,600.0,True,False,True,True,True,22.151517623163496,True,False,True,False,False,274.2289990638007,False
150.0,650.0,True,False,True,True,True,23.800223544000772,True,False,True,False,False,255.94364964311333,False
150.0,700.0,True,False,True,True,True,25.458306762429572,False,False,False,False,False,nan,False
150.0,750.0,True,False,True,True,True,27.127480012878024,False,False,False,False,False,nan,False
150.0,800.0,True,False,True,True,True,28.80991860654491,False,False,False,False,False,nan,False
150.0,850.0,True,False,True,True,True,30.495501439757696,False,False,False,False,False,nan,False
150.0,900.0,True,False,True,True,True,32.191455494925336,False,False,False,False,False,nan,False
150.0,950.0,True,False,True,True,True,33.892572273973336,False,False,False,False,False,nan,False
200.0,0.0,True,False,True,False,False,200.00000000000003,True,False,True,False,False,inf,False
200.0,100.0,True,False,True,True,True,16.861200553528068,True,False,True,False,False,3214.3484142780935,False
200.0,150.0,True,False,True,True,True,14.199778607498875,True,False,True,False,False,1347.4401318561968,False
200.0,200.0,True,False,True,True,True,13.717208827835522,True,False,True,False,False,873.1289300389573,False
200.0,250.0,True,False,True,True,True,14.104706173377435,True,False,True,False,False,652.7503801468479,False
200.0,300.0,True,False,True,True,True,14.951322007249825,True,False,True,False,False,524.9789726412259,False
200.0,350.0,True,False,True,True,True,16.038717341557966,True,False,True,False,False,441.651365300769,False
200.0,400.0,True,False,True,True,True,17.295395785852033,True,False,True,False,False,383.176004755986,False
200.0,450.0,True,False,True,True,True,18.659352833773816,True,False,True,False,False,340.0361661939134,False
200.0,500.0,True,False,True,True,True,20.098410577755317,True,False,True,False,False,307.03638096833157,False
200.0,550.0,True,False,True,True,True,21.598568301640025,True,False,True,False,False,281.0940904485695,False
200.0,600.0,True,False,True,True,True,23.13308623207714,True,False,True,False,False,260.2623065337541,False
200.0,650.0,True,False,True,True,True,24.699164820968388,True,False,True,False,False,243.24975859861266,False
200.0,700.0,True,False,True,True,True,26.29616331304564,True,False,True,False,False,229.16581690777562,False
200.0,750.0,True,False,True,True,True,27.90681227717267,False,False,False,False,False,nan,False
200.0,800.0,True,False,True,True,True,29.539569960971736,False,False,False,False,False,nan,False
200.0,850.0,True,False,True,True,True,31.179609363142276,False,False,False,False,False,nan,False
200.0,900.0,True,False,True,True,True,32.83658534478826,False,False,False,False,False,nan,False
200.0,1000.0,False,False,False,False,False,nan,False,False,False,False,False,nan,False
200.0,1100.0,False,False,False,False,False,nan,False,False,False,False,False,nan,False
200.0,1200.0,False,False,False,False,False,nan,False,False,False,False,False,nan,False
200.0,1300.0,False,False,False,False,False,nan,False,False,False,False,False,nan,False
200.0,1400.0,False,False,False,False,False,nan,False,False,False,False,False,nan,False
200.0,1500.0,False,False,False,False,False,nan,False,False,False,False,False,nan,False
200.0,1600.0,False,False,False,False,False,nan,False,False,False,False,False,nan,False
200.0,1700.0,False,False,False,False,False,nan,False,False,False,False,False,nan,False
200.0,1800.0,False,False,False,False,False,nan,False,False,False,False,False,nan,False
200.0,1900.0,False,False,False,False,False,nan,False,False,False,False,False,nan,False
200.0,2000.0,False,False,False,False,False,nan,False,False,False,False,False,nan,False
200.0,2100.0,False,False,False,False,False,nan,False,False,False,False,False,nan,False
200.0,2200.0,False,False,False,False,False,nan,False,False,False,False,False,nan,False
200.0,2300.0,False,False,False,False,False,nan,False,False,False,False,False,nan,False
200.0,2400.0,False,False,False,False,False,nan,False,False,False,False,False,nan,False
200.0,2500.0,False,False,False,False,False,nan,False,False,False,False,False,nan,False
200.0,2600.0,False,False,False,False,False,nan,False,False,False,False,False,nan,False
200.0,2700.0,False,False,False,False,False,nan,False,False,False,False,False,nan,False
200.0,2800.0,False,False,False,False,False,nan,False,False,False,False,False,nan,False
200.0,2900.0,False,False,False,False,False,nan,False,False,False,False,False,nan,False
200.0,3000.0,False,False,False,False,False,nan,False,False,False,False,False,nan,False
250.0,50.0,True,False,True,False,False,41.66498153032757,True,False,True,False,False,inf,False
250.0,100.0,True,False,True,True,True,24.213515055773165,True,False,True,False,False,2815.412180944812,False
250.0,150.0,True,False,True,True,True,19.210821493350995,True,False,True,False,False,1237.031145044958,False
250.0,200.0,True,False,True,True,True,17.495431289977,True,False,True,False,False,811.0736369014805,False
250.0,250.0,True,False,True,True,True,17.13975540239823,True,False,True,False,False,609.7597666546028,False
250.0,300.0,True,False,True,True,True,17.480803606061926,True,False,True,False,False,492.1216391951454,False
250.0,350.0,True,False,True,True,True,18.22124907945473,True,False,True,False,False,415.07615865504965,False
250.0,400.0,True,False,True,True,True,19.201804620512014,True,False,True,False,False,360.8784264818312,False
250.0,450.0,True,False,True,True,True,20.35063025361386,True,False,True,False,False,320.84089822111514,False
250.0,500.0,True,False,True,True,True,21.626276774476338,True,False,True,False,False,290.1951016333691,False
250.0,550.0,True,False,True,True,True,22.97826181872516,True,False,True,False,False,266.100649468115,False
250.0,600.0,True,False,True,True,True,24.394604483535353,True,False,True,False,False,246.75813438849502,False
250.0,650.0,True,False,True,True,True,25.868678112332024,True,False,True,False,False,230.97137188579873,False
250.0,700.0,True,False,True,True,True,27.373271543370326,True,False,True,False,False,217.91378252665336,False
250.0,750.0,True,False,True,True,True,28.916941266063464,True,False,True,False,False,206.99571985573462,False
250.0,800.0,True,False,True,True,True,30.47790732130231,True,False,True,False,False,197.78521002247751,False
250.0,850.0,True,False,True,True,True,32.067441428751955,False,False,False,False,False,nan,False
250.0,900.0,True,False,True,True,True,33.67420527399323,False,False,False,False,False,nan,False
250.0,950.0,True,False,True,True,True,35.28796186920992,False,False,False,False,False,nan,False
300.0,0.0,True,False,True,False,False,300.00000000000006,True,False,True,False,False,inf,False
300.0,50.0,True,False,True,False,False,58.234722411428194,True,False,True,False,False,inf,False
300.0,100.0,True,False,True,True,True,33.167848263185896,True,False,True,False,False,2476.1715201362686,False
300.0,150.0,True,False,True,True,True,25.282176604141696,True,False,True,False,False,1134.818146759095,False
300.0,200.0,True,False,True,True,True,22.08904009981084,True,False,True,False,False,752.4357004133116,False
300.0,250.0,True,False,True,True,True,20.84655893915181,True,False,True,False,False,568.772692696695,False
300.0,300.0,True,False,True,True,True,20.573641440397665,True,False,True,False,False,460.6430421079098,False
300.0,350.0,True,False,True,True,True,20.87347618365946,True,False,True,False,False,389.5402791910842,False
300.0,400.0,True,False,True,True,True,21.532515221747687,True,False,True,False,False,339.4111047910623,False
300.0,450.0,True,False,True,True,True,22.41908219838767,True,False,True,False,False,302.3357396882653,False
300.0,500.0,True,False,True,True,True,23.487324377318235,True,False,True,False,False,273.9440918971038,False
300.0,550.0,True,False,True,True,True,24.666784228903076,True,False,True,False,False,251.6230037380531,False
300.0,600.0,True,False,True,True,True,25.94990285951315,True,False,True,False,False,233.71216128738516,False
300.0,650.0,True,False,True,True,True,27.293288335575856,True,False,True,False,False,219.10532307866725,False
300.0,700.0,True,False,True,True,True,28.703078171945098,True,False,True,False,False,207.03668020218285,False
300.0,750.0,True,False,True,True,True,30.147401761370098,True,False,True,False,False,196.95915049723914,False
300.0,800.0,True,False,True,True,True,31.638091612611728,True,False,True,False,False,188.4714824716878,False
300.0,850.0,True,False,True,True,True,33.15859202440149,True,False,True,False,False,181.2727331001986,False
300.0,900.0,True,False,True,True,True,34.69445476579037,True,False,True,False,False,175.13281750747026,False
300.0,950.0,True,False,True,True,True,36.260876572015356,False,False,False,False,False,nan,False
300.0,1000.0,False,False,False,False,False,nan,False,False,False,False,False,nan,False
300.0,1100.0,False,False,False,False,False,nan,False,False,False,False,False,nan,False
300.0,1200.0,False,False,False,False,False,nan,False,False,False,False,False,nan,False
300.0,1300.0,False,False,False,False,False,nan,False,False,False,False,False,nan,False
300.0,1400.0,False,False,False,False,False,nan,False,False,False,False,False,nan,False
300.0,1500.0,False,False,False,False,False,nan,False,False,False,False,False,nan,False
300.0,1600.0,False,False,False,False,False,nan,False,False,False,False,False,nan,False
300.0,1700.0,False,False,False,False,False,nan,False,False,False,False,False,nan,False
300.0,1800.0,False,False,False,False,False,nan,False,False,False,False,False,nan,False
300.0,1900.0,False,False,False,False,False,nan,False,False,False,False,False,nan,False
300.0,2000.0,False,False,False,False,False,nan,False,False,False,False,False,nan,False
300.0,2100.0,False,False,False,False,False,nan,False,False,False,False,False,nan,False
300.0,2200.0,False,False,False,False,False,nan,False,False,False,False,False,nan,False
300.0,2300.0,False,False,False,False,False,nan,False,False,False,False,False,nan,False
300.0,2400.0,False,False,False,False,False,nan,False,False,False,False,False,nan,False
300.0,2500.0,False,False,False,False,False,nan,False,False,False,False,False,nan,False
300.0,2600.0,False,False,False,False,False,nan,False,False,False,False,False,nan,False
300.0,2700.0,False,False,False,False,False,nan,False,False,False,False,False,nan,False
300.0,2800.0,False,False,False,False,False,nan,False,False,False,False,False,nan,False
300.0,2900.0,False,False,False,False,False,nan,False,False,False,False,False,nan,False
300.0,3000.0,False,False,False,False,False,nan,False,False,False,False,False,nan,False
350.0,50.0,True,False,True,False,False,77.45197351508374,True,False,True,False,False,inf,False
350.0,100.0,True,False,True,False,False,43.55208430738771,True,False,True,False,False,2184.7892606696614,False
350.0,150.0,True,False,True,True,True,32.40721033651288,True,False,True,False,False,1040.0780892554321,False
350.0,200.0,True,False,True,True,True,27.49643607478582,True,False,True,False,False,697.0221864014837,False
350.0,250.0,True,False,True,True,True,25.201617267078145,True,False,True,False,False,529.7071062666764,False
350.0,300.0,True,False,True,True,True,24.211692467103127,True,False,True,False,False,430.49974913354475,False
350.0,350.0,True,False,True,True,True,23.995869844743858,True,False,True,False,False,365.0177774181588,False
350.0,400.0,True,False,True,True,True,24.26623673375207,True,False,True,False,False,318.7573638967744,False
350.0,450.0,True,False,True,True,True,24.861911272268223,True,False,True,False,False,284.50947301176086,False
350.0,500.0,True,False,True,True,True,25.68594283050224,True,False,True,False,False,258.2755827555504,False
350.0,550.0,True,False,True,True,True,26.662191807695713,True,False,True,False,False,237.65567229476224,False
350.0,600.0,True,False,True,True,True,27.778394811281007,True,False,True,False,False,221.12047563952427,False
350.0,650.0,True,False,True,True,True,28.99080838722929,True,False,True,False,False,207.6488004876335,False
350.0,700.0,True,False,True,True,True,30.266295737165837,True,False,True,False,False,196.5324787452828,False
350.0,750.0,True,False,True,True,True,31.61537523674936,True,False,True,False,False,187.26490841011665,False
350.0,800.0,True,False,True,True,True,33.01371305471369,True,False,True,False,False,179.47412538379763,False
350.0,850.0,True,False,True,True,True,34.44090119639529,True,False,True,False,False,172.88091845868124,False
350.0,900.0,True,False,True,True,True,35.91390815783892,True,False,True,False,False,167.27168229177457,False
350.0,950.0,False,False,False,False,False,nan,True,False,True,False,False,162.4802851258016,False
400.0,0.0,True,False,True,False,False,400.00000000000006,True,False,True,False,False,inf,False
400.0,50.0,True,False,True,False,False,99.45121301040939,True,False,True,False,False,inf,False
400.0,100.0,True,False,True,False,False,55.44713427335942,True,False,True,False,False,1932.3574057040057,False
400.0,150.0,True,False,True,False,False,40.51371379612185,True,False,True,False,False,952.1702046165946,False
400.0,200.0,True,False,True,True,True,33.6950723839368,True,False,True,False,False,644.6547128435855,False
400.0,250.0,True,False,True,True,True,30.188440864680143,True,False,True,False,False,492.48583116051884,False
400.0,300.0,True,False,True,True,True,28.41524386380975,True,False,True,False,False,401.6506438117784,False
400.0,350.0,True,False,True,True,True,27.60643606210243,True,False,True,False,False,341.48408760545396,False
400.0,400.0,True,False,True,True,True,27.42956756129839,True,False,True,False,False,298.90149446732664,False
400.0,450.0,True,False,True,True,True,27.675905202351373,True,False,True,False,False,267.3516272159002,False
400.0,500.0,True,False,True,True,True,28.21952666592796,True,False,True,False,False,243.1824177629987,False
400.0,550.0,True,False,True,True,True,28.97995903122808,True,False,True,False,False,224.19369340264674,False
400.0,600.0,True,False,True,True,True,29.88664370365049,True,False,True,False,False,208.97961262051757,False
400.0,650.0,True,False,True,True,True,30.936420406660538,True,False,True,False,False,196.59937842396303,False
400.0,700.0,True,False,True,True,True,32.084892902964896,True,False,True,False,False,186.3994795911838,False
400.0,750.0,True,False,True,True,True,33.312439541404025,True,False,True,False,False,177.91180357376183,False
400.0,800.0,True,False,True,True,True,34.58988679003537,True,False,True,False,False,170.79230128757558,False
400.0,850.0,True,False,True,True,True,35.93513951047536,True,False,True,False,False,164.78252063166087,False
400.0,900.0,True,False,True,True,True,37.32458228373209,True,False,True,False,False,159.6846296507515,False
400.0,950.0,False,False,False,False,False,nan,True,False,True,False,False,155.34470742413575,False
400.0,1000.0,False,False,False,False,False,nan,True,False,True,False,False,151.64127235751778,False
400.0,1100.0,False,False,False,False,False,nan,False,False,False,False,False,nan,False
400.0,1200.0,False,False,False,False,False,nan,False,False,False,False,False,nan,False
400.0,1300.0,False,False,False,False,False,nan,False,False,False,False,False,nan,False
400.0,1400.0,False,False,False,False,False,nan,False,False,False,False,False,nan,False
400.0,1500.0,False,False,False,False,False,nan,False,False,False,False,False,nan,False
400.0,1600.0,False,False,False,False,False,nan,False,False,False,False,False,nan,False
400.0,1700.0,False,False,False,False,False,nan,False,False,False,False,False,nan,False
400.0,1800.0,False,False,False,False,False,nan,False,False,False,False,False,nan,False
400.0,1900.0,False,False,False,False,False,nan,False,False,False,False,False,nan,False
400.0,2000.0,False,False,False,False,False,nan,False,False,False,False,False,nan,False
400.0,2100.0,False,False,False,False,False,nan,False,False,False,False,False,nan,False
400.0,2200.0,False,False,False,False,False,nan,False,False,False,False,False,nan,False
400.0,2300.0,False,False,False,False,False,nan,False,False,False,False,False,nan,False
400.0,2400.0,False,False,False,False,False,nan,False,False,False,False,False,nan,False
400.0,2500.0,False,False,False,False,False,nan,False,False,False,False,False,nan,False
400.0,2600.0,False,False,False,False,False,nan,False,False,False,False,False,nan,False
400.0,2700.0,False,False,False,False,False,nan,False,False,False,False,False,nan,False
400.0,2800.0,False,False,False,False,False,nan,False,False,False,False,False,nan,False
400.0,2900.0,False,False,False,False,False,nan,False,False,False,False,False,nan,False
400.0,3000.0,False,False,False,False,False,nan,False,False,False,False,False,nan,False
450.0,50.0,True,False,True,False,False,123.09696757958834,True,False,True,False,False,inf,False
450.0,100.0,True,False,True,False,False,68.70186518780967,True,False,True,False,False,1712.0438111089663,False
450.0,150.0,True,False,True,False,False,49.673414413667516,True,False,True,False,False,870.5247317320611,False
450.0,200.0,True,False,True,False,False,40.66677272308915,True,False,True,False,False,595.1682218763204,False
450.0,250.0,True,False,True,True,True,35.84214446822888,True,False,True,False,False,457.03633190922,False
450.0,300.0,True,False,True,True,True,33.15896850634871,True,False,True,False,False,374.0568961051213,False
450.0,350.0,True,False,True,True,True,31.68419892855421,True,False,True,False,False,318.91605933570713,False
450.0,400.0,True,False,True,True,True,31.004374992652544,True,False,True,False,False,279.8288054652727,False
450.0,450.0,True,False,True,True,True,30.857446722438393,True,False,True,False,False,250.85253483615097,False
450.0,500.0,True,False,True,True,True,31.0851396102762,True,False,True,False,False,228.65810807582736,False
450.0,550.0,True,False,True,True,True,31.586211710789822,True,False,True,False,False,211.23267427896727,False
450.0,600.0,True,False,True,True,True,32.292887692159624,True,False,True,False,False,197.28659689685824,False
450.0,650.0,True,False,True,True,True,33.158085909039926,True,False,True,False,False,185.95505229530875,False
450.0,700.0,True,False,True,True,True,34.12967257104499,True,False,True,False,False,176.6363443057715,False
450.0,750.0,True,False,True,True,True,35.2203649665721,True,False,True,False,False,168.89895098798226,False
450.0,800.0,True,False,True,True,True,36.392305370302985,True,False,True,False,False,162.42542783470665,False
450.0,850.0,True,False,True,True,True,37.63124715654213,True,False,True,False,False,156.97715229963262,False
450.0,900.0,False,False,False,False,False,nan,True,False,True,False,False,152.37139047633426,False
450.0,950.0,False,False,False,False,False,nan,True,False,True,False,False,148.46593106237293,False
450.0,1000.0,False,False,False,False,False,nan,True,False,True,False,False,145.14852144694427,False
450.0,1050.0,False,False,False,False,False,nan,True,False,True,False,False,142.3294396403906,False
470.0,920.0,False,False,False,False,False,nan,True,False,True,False,False,147.95346769542368,False
470.0,930.0,False,False,False,False,False,nan,True,False,True,False,False,147.2070445241583,False
470.0,940.0,False,False,False,False,False,nan,True,False,True,False,False,146.48493136449537,False
470.0,950.0,False,False,False,False,False,nan,True,False,True,False,False,145.7863041136536,False
470.0,960.0,False,False,False,False,False,nan,True,False,True,False,False,145.1103750237184,False
470.0,970.0,False,False,False,False,False,nan,True,False,True,False,False,144.45639074360534,False
470.0,980.0,False,False,False,False,False,nan,True,False,True,False,False,143.82363048573416,False
470.0,990.0,False,False,False,False,False,nan,True,False,True,False,False,143.21140430817084,False
470.0,1000.0,False,False,False,False,False,nan,True,False,True,False,False,142.6190515038852,False
470.0,1010.0,False,False,False,False,False,nan,True,False,True,False,False,142.04593908937977,False
470.0,1020.0,False,False,False,False,False,nan,True,False,True,False,False,141.49146038563273,False
470.0,1030.0,False,False,False,False,False,nan,True,False,True,False,False,140.9550336848055,False
480.0,920.0,False,False,False,False,False,nan,True,False,True,False,False,146.58018431076545,False
480.0,930.0,False,False,False,False,False,nan,True,False,True,False,False,145.85044608384982,False
480.0,940.0,False,False,False,False,False,nan,True,False,True,False,False,145.1446195253938,False
480.0,950.0,False,False,False,False,False,nan,True,False,True,False,False,144.4618939807874,False
480.0,960.0,False,False,False,False,False,nan,True,False,True,False,False,143.80149456058624,False
480.0,970.0,False,False,False,False,False,nan,True,False,True,False,False,143.16268021473869,False
480.0,980.0,False,False,False,False,False,nan,True,False,True,False,False,142.54474192935783,False
480.0,990.0,False,False,False,False,False,nan,True,False,True,False,False,141.9470010370664,False
480.0,1000.0,False,False,False,False,False,nan,True,False,True,False,False,141.36880763259026,False
480.0,1010.0,False,False,False,False,False,nan,True,False,True,False,False,140.80953908609231,False
480.0,1020.0,False,False,False,False,False,nan,True,False,True,False,False,140.2685986472403,False
480.0,1030.0,False,False,False,False,False,nan,True,False,True,False,False,139.74541413361825,False
490.0,920.0,False,False,False,False,False,nan,True,False,True,False,False,145.21756875715917,False
490.0,930.0,False,False,False,False,False,nan,True,False,True,False,False,144.50437966202458,False
490.0,940.0,False,False,False,False,False,nan,True,False,True,False,False,143.81470692921044,False
490.0,950.0,False,False,False,False,False,nan,True,False,True,False,False,143.14775324603337,False
490.0,960.0,False,False,False,False,False,nan,True,False,True,False,False,142.50275648063013,False
490.0,970.0,False,False,False,False,False,nan,True,False,True,False,False,141.8789877880983,False
490.0,980.0,False,False,False,False,False,nan,True,False,True,False,False,141.27574983709997,False
490.0,990.0,False,False,False,False,False,nan,True,False,True,False,False,140.69237514804882,False
490.0,1000.0,False,False,False,False,False,nan,True,False,True,False,False,140.1282245348175,False
490.0,1010.0,False,False,False,False,False,nan,True,False,True,False,False,139.5826856425076,False
490.0,1020.0,False,False,False,False,False,nan,True,False,True,False,False,139.05517157439874,False
490.0,1030.0,False,False,False,False,False,nan,True,False,True,False,False,138.54511960187637,False
500.0,0.0,True,False,True,False,False,500.0000000000001,True,False,True,False,False,inf,False
500.0,50.0,True,False,True,False,False,149.65442837572382,True,False,True,False,False,inf,False
500.0,100.0,True,False,True,False,False,83.24304716383688,True,False,True,False,False,1518.5207845381733,False
500.0,150.0,True,False,True,False,False,59.78866853837087,True,False,True,False,False,794.6334823336346,False
500.0,200.0,True,False,True,False,False,48.416224680354475,True,False,True,False,False,548.4099070024607,False
500.0,250.0,True,False,True,False,False,42.12025087340567,True,False,True,False,False,423.2905222963828,False
500.0,300.0,True,False,True,True,True,38.434006014857545,True,False,True,False,False,347.6819591231045,False
500.0,350.0,True,False,True,True,True,36.22259402310964,True,False,True,False,False,297.29200990272705,False
500.0,400.0,True,False,True,True,True,34.98560361507404,True,False,True,False,False,261.5256936269191,False
500.0,450.0,True,False,True,True,True,34.40252459161289,True,False,True,False,False,235.0034035141164,False
500.0,500.0,True,False,True,True,True,34.27952255159772,True,False,True,False,False,214.69689923699724,False
500.0,550.0,True,False,True,True,True,34.492483769435296,True,False,True,False,False,198.76884968464668,False
500.0,600.0,True,False,True,True,True,34.95825405256063,True,False,True,False,False,186.0389915491493,False
500.0,650.0,True,False,True,True,True,35.619029887222666,True,False,True,False,False,175.71427754682418,False
500.0,700.0,True,False,True,True,True,36.433381942755396,True,False,True,False,False,167.2421239600561,False
500.0,750.0,True,False,True,True,True,37.37084053582974,True,False,True,False,False,160.22579134038975,False
500.0,800.0,True,False,True,True,True,38.408496359371966,True,False,True,False,False,154.3731908598382,False
500.0,850.0,True,False,True,True,True,39.5287925065807,True,False,True,False,False,149.46464296517183,False
500.0,900.0,False,False,False,False,False,nan,True,False,True,False,False,145.331867111488,False
500.0,920.0,False,False,False,False,False,nan,True,False,True,False,False,143.8656218223272,False
500.0,930.0,False,False,False,False,False,nan,True,False,True,False,False,143.16884599965064,False
500.0,940.0,False,False,False,False,False,nan,True,False,True,False,False,142.4951942606394,False
500.0,950.0,False,False,False,False,False,nan,True,False,True,False,False,141.8438825291753,False
500.0,960.0,False,False,False,False,False,nan,True,False,True,False,False,141.2141613309505,False
500.0,970.0,False,False,False,False,False,nan,True,False,True,False,False,140.60531393114766,False
500.0,980.0,False,False,False,False,False,nan,True,False,True,False,False,140.01665459053706,False
500.0,990.0,False,False,False,False,False,nan,True,False,True,False,False,139.44752693127927,False
500.0,1000.0,False,False,False,False,False,nan,True,False,True,False,False,138.89730240443072,False
500.0,1010.0,False,False,False,False,False,nan,True,False,True,False,False,138.36537885190037,False
500.0,1020.0,False,False,False,False,False,nan,True,False,True,False,False,137.8511791560858,False
500.0,1030.0,False,False,False,False,False,nan,True,False,True,False,False,137.3541499710468,False
500.0,1050.0,False,False,False,False,False,nan,True,False,True,False,False,136.40950152046545,False
500.0,1100.0,False,False,False,False,False,nan,True,False,True,False,False,134.3137108945123,False
500.0,1200.0,False,False,False,False,False,nan,False,False,False,False,False,nan,False
500.0,1300.0,False,False,False,False,False,nan,False,False,False,False,False,nan,False
500.0,1400.0,False,False,False,False,False,nan,False,False,False,False,False,nan,False
500.0,1500.0,False,False,False,False,False,nan,False,False,False,False,False,nan,False
500.0,1600.0,False,False,False,False,False,nan,False,False,False,False,False,nan,False
500.0,1700.0,False,False,False,False,False,nan,False,False,False,False,False,nan,False
500.0,1800.0,False,False,False,False,False,nan,False,False,False,False,False,nan,False
500.0,1900.0,False,False,False,False,False,nan,False,False,False,False,False,nan,False
500.0,2000.0,False,False,False,False,False,nan,False,False,False,False,False,nan,False
500.0,2100.0,False,False,False,False,False,nan,False,False,False,False,False,nan,False
500.0,2200.0,False,False,False,False,False,nan,False,False,False,False,False,nan,False
500.0,2300.0,False,False,False,False,False,nan,False,False,False,False,False,nan,False
500.0,2400.0,False,False,False,False,False,nan,False,False,False,False,False,nan,False
500.0,2500.0,False,False,False,False,False,nan,False,False,False,False,False,nan,False
500.0,2600.0,False,False,False,False,False,nan,False,False,False,False,False,nan,False
500.0,2700.0,False,False,False,False,False,nan,False,False,False,False,False,nan,False
500.0,2800.0,False,False,False,False,False,nan,False,False,False,False,False,nan,False
500.0,2900.0,False,False,False,False,False,nan,False,False,False,False,False,nan,False
500.0,3000.0,False,False,False,False,False,nan,False,False,False,False,False,nan,False
510.0,920.0,False,False,False,False,False,nan,True,False,True,False,False,142.52434452718506,False
510.0,930.0,False,False,False,False,False,nan,True,False,True,False,False,141.8438460557071,False
510.0,940.0,False,False,False,False,False,nan,True,False,True,False,False,141.18608240768015,False
510.0,950.0,False,False,False,False,False,nan,True,False,True,False,False,140.5502826391349,False
510.0,960.0,False,False,False,False,False,nan,True,False,True,False,False,139.93570983411166,False
510.0,970.0,False,False,False,False,False,nan,True,False,True,False,False,139.34165927359246,False
510.0,980.0,False,False,False,False,False,nan,True,False,True,False,False,138.7674567207823,False
510.0,990.0,False,False,False,False,False,nan,True,False,True,False,False,138.21245681420706,False
510.0,1000.0,False,False,False,False,False,nan,True,False,True,False,False,137.67604156077778,False
510.0,1010.0,False,False,False,False,False,nan,True,False,True,False,False,137.1576189216943,False
510.0,1020.0,False,False,False,False,False,nan,True,False,True,False,False,136.65662148450568,False
510.0,1030.0,False,False,False,False,False,nan,True,False,True,False,False,136.1725052153479,False
520.0,920.0,False,False,False,False,False,nan,True,False,True,False,False,141.1937381225394,False
520.0,930.0,False,False,False,False,False,nan,True,False,True,False,False,140.52938100356582,False
520.0,940.0,False,False,False,False,False,nan,True,False,True,False,False,139.88737245779555,False
520.0,950.0,False,False,False,False,False,nan,True,False,True,False,False,139.26695456985686,False
520.0,960.0,False,False,False,False,False,nan,True,False,True,False,False,138.6674028837943,False
520.0,970.0,False,False,False,False,False,nan,True,False,True,False,False,138.0880246028742,False
520.0,980.0,False,False,False,False,False,nan,True,False,True,False,False,137.52815690377184,False
520.0,990.0,False,False,False,False,False,nan,True,False,True,False,False,136.9871653566777,False
520.0,1000.0,False,False,False,False,False,nan,True,False,True,False,False,136.46444244366626,False
520.0,1010.0,False,False,False,False,False,nan,True,False,True,False,False,135.9594061682722,False
520.0,1020.0,False,False,False,False,False,nan,True,False,True,False,False,135.47149874978453,False
520.0,1030.0,False,False,False,False,False,nan,True,False,True,False,False,135.00018539631995,False
530.0,920.0,False,False,False,False,False,nan,True,False,True,False,False,139.87380408538314,False
530.0,930.0,False,False,False,False,False,nan,True,False,True,False,False,139.22545222703053,False
530.0,940.0,False,False,False,False,False,nan,True,False,True,False,False,138.59906569365754,False
530.0,950.0,False,False,False,False,False,nan,True,False,True,False,False,137.9938994958551,False
530.0,960.0,False,False,False,False,False,nan,True,False,True,False,False,137.4092415401124,False
530.0,970.0,False,False,False,False,False,nan,True,False,True,False,False,136.8444108592545,False
530.0,980.0,False,False,False,False,False,nan,True,False,True,False,False,136.2987559551714,False
530.0,990.0,False,False,False,False,False,nan,True,False,True,False,False,135.7716532456866,False
530.0,1000.0,False,False,False,False,False,nan,True,False,True,False,False,135.26250560794404,False
530.0,1010.0,False,False,False,False,False,nan,True,False,True,False,False,134.7707410114449,False
530.0,1020.0,False,False,False,False,False,nan,True,False,True,False,False,134.29581123432868,False
530.0,1030.0,False,False,False,False,False,nan,True,False,True,False,False,133.83719065707916,False
550.0,50.0,True,False,True,False,False,178.4227051201701,True,False,True,False,False,266427.91073766263,False
550.0,100.0,True,False,True,False,False,99.42598095728383,True,False,True,False,False,1347.572626957248,False
550.0,150.0,True,False,True,False,False,71.03420615200606,True,False,True,False,False,724.0419173781121,False
550.0,200.0,True,False,True,False,False,57.02965323911957,True,False,True,False,False,504.2382846937581,False
550.0,250.0,True,False,True,False,False,49.00883137630843,True,False,True,False,False,391.18462141621285,False
550.0,300.0,True,False,True,False,False,44.230702839696235,True,False,True,False,False,322.49159730804627,False
550.0,350.0,True,False,True,False,False,41.214453330814926,True,False,True,False,False,276.59180254478065,False
550.0,400.0,True,False,True,True,True,39.40247115886502,True,False,True,False,False,243.9797346915733,False
550.0,450.0,True,False,True,True,True,38.34615215040289,True,False,True,False,False,219.7964053492434,False
550.0,500.0,True,False,True,True,True,37.834108030244614,True,False,True,False,False,201.29385172958877,False
550.0,550.0,True,False,True,True,True,37.72754990513296,True,False,True,False,False,186.7991504812451,False
550.0,600.0,True,False,True,True,True,37.92621680410591,True,False,True,False,False,175.2349535306823,False
550.0,650.0,True,False,True,True,True,38.36038522731104,True,False,True,False,False,165.87601220493863,False
550.0,700.0,True,False,True,True,True,38.98006541514115,True,False,True,False,False,158.21628972919243,False
550.0,750.0,True,False,True,True,True,39.73277322052491,True,False,True,False,False,151.89211107220714,False
550.0,800.0,True,False,True,False,False,40.61451698628286,True,False,True,False,False,146.635555520697,False
550.0,850.0,False,False,False,False,False,nan,True,False,True,False,False,142.2450428003294,False
550.0,900.0,False,False,False,False,False,nan,True,False,True,False,False,138.56613145081144,False
550.0,950.0,False,False,False,False,False,nan,True,False,True,False,False,135.47861390480503,False
550.0,1000.0,False,False,False,False,False,nan,True,False,True,False,False,132.88762154037897,False
550.0,1050.0,False,False,False,False,False,nan,True,False,True,False,False,130.71735654292797,False
600.0,0.0,True,False,True,False,False,600.0000000000001,True,False,True,False,False,inf,False
600.0,50.0,True,False,True,False,False,209.0894772559677,True,False,True,False,False,18722.565962049688,False
600.0,100.0,True,False,True,False,False,116.61162552052997,True,False,True,False,False,1195.8200013464661,False
600.0,150.0,True,False,True,False,False,83.00370576510286,True,False,True,False,False,658.3424753212894,False
600.0,200.0,True,False,True,False,False,66.25908689089836,True,False,True,False,False,462.5224042873588,False
600.0,250.0,True,False,True,False,False,56.605645629563654,True,False,True,False,False,360.6590637801844,False
600.0,300.0,True,False,True,False,False,50.53865260039324,True,False,True,False,False,298.4539535144697,False
600.0,350.0,True,False,True,False,False,46.71908400106325,True,False,True,False,False,256.79695708723096,False
600.0,400.0,True,False,True,False,False,44.20035490134725,True,False,True,False,False,227.17980156597906,False
600.0,450.0,True,False,True,False,False,42.61305180417543,True,False,True,False,False,205.22478767196876,False
600.0,500.0,True,False,True,False,False,41.68202475939567,True,False,True,False,False,188.4449375262069,False
600.0,550.0,True,False,True,False,False,41.230783924393904,True,False,True,False,False,175.3212831518314,False
600.0,600.0,True,False,True,False,False,41.14091703888263,True,False,True,False,False,164.87329569676433,False
600.0,650.0,True,False,True,False,False,41.33001587895768,True,False,True,False,False,156.43976237251448,False
600.0,700.0,True,False,True,False,False,41.73895888126255,True,False,True,False,False,149.55876362824185,False
600.0,750.0,True,False,True,False,False,42.324228530198155,True,False,True,False,False,143.89806052544392,False
600.0,800.0,True,False,True,False,False,43.053082002600014,True,False,True,False,False,139.21277413060477,False
600.0,850.0,False,False,False,False,False,nan,True,False,True,False,False,135.31862234831442,False
600.0,900.0,False,False,False,False,False,nan,True,False,True,False,False,132.07441848959837,False
600.0,950.0,False,False,False,False,False,nan,True,False,True,False,False,129.37029197173797,False
600.0,1000.0,False,False,False,False,False,nan,True,False,True,False,False,127.11955956020937,False
600.0,1100.0,False,False,False,False,False,nan,True,False,True,False,False,123.71468963546104,False
600.0,1200.0,False,False,False,False,False,nan,True,False,True,False,False,121.4486215313255,False
600.0,1300.0,False,False,False,False,False,nan,False,False,False,False,False,nan,False
600.0,1400.0,False,False,False,False,False,nan,False,False,False,False,False,nan,False
600.0,1500.0,False,False,False,False,False,nan,False,False,False,False,False,nan,False
600.0,1600.0,False,False,False,False,False,nan,False,False,False,False,False,nan,False
600.0,1700.0,False,False,False,False,False,nan,False,False,False,False,False,nan,False
600.0,1800.0,False,False,False,False,False,nan,False,False,False,False,False,nan,False
600.0,1900.0,False,False,False,False,False,nan,False,False,False,False,False,nan,False
600.0,2000.0,False,False,False,False,False,nan,False,False,False,False,False,nan,False
600.0,2100.0,False,False,False,False,False,nan,False,False,False,False,False,nan,False
600.0,2200.0,False,False,False,False,False,nan,False,False,False,False,False,nan,False
600.0,2300.0,False,False,False,False,False,nan,False,False,False,False,False,nan,False
600.0,2400.0,False,False,False,False,False,nan,False,False,False,False,False,nan,False
600.0,2500.0,False,False,False,False,False,nan,False,False,False,False,False,nan,False
600.0,2600.0,False,False,False,False,False,nan,False,False,False,False,False,nan,False
600.0,2700.0,False,False,False,False,False,nan,False,False,False,False,False,nan,False
600.0,2800.0,False,False,False,False,False,nan,False,False,False,False,False,nan,False
600.0,2900.0,False,False,False,False,False,nan,False,False,False,False,False,nan,False
600.0,3000.0,False,False,False,False,False,nan,False,False,False,False,False,nan,False
620.0,320.0,True,False,True,False,False,51.315823394859315,True,False,True,False,False,271.36518347496445,False
620.0,330.0,True,False,True,False,False,50.47026778766376,True,False,True,False,False,263.42057021309677,False
620.0,340.0,True,False,True,False,False,49.69325355299422,True,False,True,False,False,256.0259604053023,False
620.0,350.0,True,False,True,False,False,48.97904616428133,True,False,True,False,False,249.12872068278364,False
620.0,360.0,True,False,True,False,False,48.322533444159696,True,False,True,False,False,242.6827315062618,False
620.0,370.0,True,False,True,False,False,47.71914336789767,True,False,True,False,False,236.64740596337563,False
620.0,380.0,True,False,True,False,False,47.20074425078232,True,False,True,False,False,230.98688133445424,False
620.0,390.0,True,False,True,False,False,46.71800259337327,True,False,True,False,False,225.66934885341806,False
620.0,400.0,True,False,True,False,False,46.24882089614544,True,False,True,False,False,220.6664947948052,False
620.0,410.0,True,False,True,False,False,45.81878423604667,True,False,True,False,False,215.95303183980946,False
620.0,420.0,True,False,True,False,False,45.425149030362675,True,False,True,False,False,211.50630411162072,False
620.0,430.0,True,False,True,False,False,45.0654222312437,True,False,True,False,False,207.3059526806462,False
620.0,440.0,True,False,True,False,False,44.737333366552754,True,False,True,False,False,203.33363098099835,False
620.0,450.0,True,False,True,False,False,44.43881024318153,True,False,True,False,False,199.57276163943956,False
620.0,460.0,True,False,True,False,False,44.167957765072174,True,False,True,False,False,196.00832783600922,False
620.0,470.0,True,False,True,False,False,43.923039409852834,True,False,True,False,False,192.626693594155,False
620.0,480.0,True,False,True,False,False,43.702460982760236,True,False,True,False,False,189.41544841543873,False
630.0,320.0,True,False,True,False,False,52.614898539945216,True,False,True,False,False,267.1396544991349,False
630.0,330.0,True,False,True,False,False,51.73133791955266,True,False,True,False,False,259.3540040745778,False
630.0,340.0,True,False,True,False,False,50.918470965546824,True,False,True,False,False,252.10714893443335,False
630.0,350.0,True,False,True,False,False,50.17038538295629,True,False,True,False,False,245.34760711044055,False
630.0,360.0,True,False,True,False,False,49.48181027552231,True,False,True,False,False,239.03025702730537,False
630.0,370.0,True,False,True,False,False,48.84803146439787,True,False,True,False,False,233.11538106774876,False
630.0,380.0,True,False,True,False,False,48.26481987785424,True,False,True,False,False,227.56787725928436,False
630.0,390.0,True,False,True,False,False,47.7283707171948,True,False,True,False,False,222.3566054952513,False
630.0,400.0,True,False,True,False,False,47.26477118541557,True,False,True,False,False,217.45384217507433,False
630.0,410.0,True,False,True,False,False,46.842736431838425,True,False,True,False,False,212.83482279820328,False
630.0,420.0,True,False,True,False,False,46.42530669341941,True,False,True,False,False,208.47735635448078,False
630.0,430.0,True,False,True,False,False,46.04286133208314,True,False,True,False,False,204.36149866603282,False
630.0,440.0,True,False,True,False,False,45.69305851434078,True,False,True,False,False,200.4692744019037,False
630.0,450.0,True,False,True,False,False,45.37376085918353,True,False,True,False,False,196.784439489196,False
630.0,460.0,True,False,True,False,False,45.08301360271043,True,False,True,False,False,193.29227721771002,False
630.0,470.0,True,False,True,False,False,44.81902550263488,True,False,True,False,False,189.97942257925345,False
630.0,480.0,True,False,True,False,False,44.58015208977383,True,False,True,False,False,186.83371037248222,False
640.0,320.0,True,False,True,False,False,53.93409788095053,True,False,True,False,False,262.95423864107374,False
640.0,330.0,True,False,True,False,False,53.01196968350343,True,False,True,False,False,255.32575555743307,False
640.0,340.0,True,False,True,False,False,52.16271797468215,True,False,True,False,False,248.225016664787,False
640.0,350.0,True,False,True,False,False,51.380250277307496,True,False,True,False,False,241.60167212643452,False
640.0,360.0,True,False,True,False,False,50.659134809759934,True,False,True,False,False,235.41158199606335,False
640.0,370.0,True,False,True,False,False,49.99451328914717,True,False,True,False,False,229.61588402271877,False
640.0,380.0,True,False,True,False,False,49.38202718893298,True,False,True,False,False,224.18022503944908,False
640.0,390.0,True,False,True,False,False,48.817755089729104,True,False,True,False,False,219.07412330898606,False
640.0,400.0,True,False,True,False,False,48.29815922398371,True,False,True,False,False,214.27043644672762,False
640.0,410.0,True,False,True,False,False,47.82003967805039,True,False,True,False,False,209.74491502292665,False
640.0,420.0,True,False,True,False,False,47.3940872185228,True,False,True,False,False,205.47582612862013,False
640.0,430.0,True,False,True,False,False,47.035643159103785,True,False,True,False,False,201.44363440657898,False
640.0,440.0,True,False,True,False,False,46.66379682483195,True,False,True,False,False,197.63073054208522,False
640.0,450.0,True,False,True,False,False,46.32340891934388,True,False,True,False,False,194.02119915475512,False
640.0,460.0,True,False,True,False,False,46.0124641573567,True,False,True,False,False,190.60061956242015,False
640.0,470.0,True,False,True,False,False,45.72911579179485,True,False,True,False,False,187.3558940983532,False
640.0,480.0,True,False,True,False,False,45.471668356101375,True,False,True,False,False,184.27509962618532,False
650.0,50.0,True,False,True,False,False,241.11765249744317,True,False,True,False,False,9082.661537595413,False
650.0,100.0,True,False,True,False,False,135.1657350487825,True,False,True,False,False,1060.5224994246655,False
650.0,150.0,True,False,True,False,False,96.15545165985348,True,False,True,False,False,597.1689499332797,False
650.0,200.0,True,False,True,False,False,76.38156550863569,True,False,True,False,False,423.1411955379615,False
650.0,250.0,True,False,True,False,False,64.6957331373621,True,False,True,False,False,331.65847349973143,False
650.0,300.0,True,False,True,False,False,57.450340584705216,True,False,True,False,False,275.539665234745,False
650.0,320.0,True,False,True,False,False,55.27339577984021,True,False,True,False,False,258.80877210572186,False
650.0,330.0,True,False,True,False,False,54.31213889312413,True,False,True,False,False,251.3356795207227,False
650.0,340.0,True,False,True,False,False,53.42597172586825,True,False,True,False,False,244.37943492112595,False
650.0,350.0,True,False,True,False,False,52.60861921769712,True,False,True,False,False,237.89080164296206,False
650.0,360.0,True,False,True,False,False,51.854486546319784,True,False,True,False,False,231.82660529029582,False
650.0,370.0,True,False,True,False,False,51.15856938460544,True,False,True,False,False,226.14882526320636,False
650.0,380.0,True,False,True,False,False,50.51637800000847,True,False,True,False,False,220.82384543758883,False
650.0,390.0,True,False,True,False,False,49.923872767831696,True,False,True,False,False,215.8218323065499,False
650.0,400.0,True,False,True,False,False,49.37740914480895,True,False,True,False,False,211.116215920703,False
650.0,410.0,True,False,True,False,False,48.8736905225018,True,False,True,False,False,206.68325428310942,False
650.0,420.0,True,False,True,False,False,48.409727674740616,True,False,True,False,False,202.50166591447748,False
650.0,430.0,True,False,True,False,False,47.98280374764554,True,False,True,False,False,198.55231842823957,False
650.0,440.0,True,False,True,False,False,47.59044392811617,True,False,True,False,False,194.8179633775461,False
650.0,450.0,True,False,True,False,False,47.265771587747544,True,False,True,False,False,191.2830095279854,False
650.0,460.0,True,False,True,False,False,46.95629735500429,True,False,True,False,False,187.93332819733556,False
650.0,470.0,True,False,True,False,False,46.653298694544816,True,False,True,False,False,184.75608548062067,False
650.0,480.0,True,False,True,False,False,46.37699866082446,True,False,True,False,False,181.73959711593358,False
650.0,500.0,True,False,True,False,False,45.89819302462362,True,False,True,False,False,176.147154940624,False
650.0,550.0,True,False,True,False,False,45.06997802212238,True,False,True,False,False,164.33382098146214,False
650.0,600.0,True,False,True,False,False,44.66470740517852,True,False,True,False,False,154.95355491293967,False
650.0,650.0,True,False,True,False,False,44.586028109564566,True,False,True,False,False,147.4056293990692,False
650.0,700.0,True,False,True,False,False,44.76478904798837,True,False,True,False,False,141.26994766781533,False
650.0,750.0,True,False,True,False,False,45.150074535804784,True,False,True,False,False,136.2441682810122,False
650.0,800.0,False,False,False,False,False,nan,True,False,True,False,False,132.105388809111,False
650.0,850.0,False,False,False,False,False,nan,True,False,True,False,False,128.68586634367787,False
650.0,900.0,False,False,False,False,False,nan,True,False,True,False,False,125.85711379181927,False
650.0,950.0,False,False,False,False,False,nan,True,False,True,False,False,123.51918139453488,False
660.0,320.0,True,False,True,False,False,56.632766642660506,True,False,True,False,False,254.70309517457773,False
660.0,330.0,True,False,True,False,False,55.63182140238368,True,False,True,False,False,247.38363469809832,False
660.0,340.0,True,False,True,False,False,54.708209401609786,True,False,True,False,False,240.57027872427216,False
660.0,350.0,True,False,True,False,False,53.85547060855428,True,False,True,False,False,234.21488510859442,False
660.0,360.0,True,False,True,False,False,53.06784501605073,True,False,True,False,False,228.2752291796564,False
660.0,370.0,True,False,True,False,False,52.34018032222956,True,False,True,False,False,222.7141184838925,False
660.0,380.0,True,False,True,False,False,51.66785384583747,True,False,True,False,False,217.4986623540476,False
660.0,390.0,True,False,True,False,False,51.046706179721056,True,False,True,False,False,212.59966552375312,False
660.0,400.0,True,False,True,False,False,50.47298457414816,True,False,True,False,False,207.99112182481818,False
660.0,410.0,True,False,True,False,False,49.943294424966474,True,False,True,False,False,203.64978916337733,False
660.0,420.0,True,False,True,False,False,49.454557544544386,True,False,True,False,False,199.55483091132746,False
660.0,430.0,True,False,True,False,False,49.00397613427978,True,False,True,False,False,195.68751188311452,False
660.0,440.0,True,False,True,False,False,48.58900157005257,True,False,True,False,False,192.03093942110166,False
660.0,450.0,True,False,True,False,False,48.20730726683333,True,False,True,False,False,188.5698419511506,False
660.0,460.0,True,False,True,False,False,47.856765013792526,True,False,True,False,False,185.29037881615315,False
660.0,470.0,True,False,True,False,False,47.53542427287414,True,False,True,False,False,182.17997634004846,False
660.0,480.0,True,False,True,False,False,47.278307858511596,True,False,True,False,False,179.22718598629882,False
670.0,320.0,True,False,True,False,False,58.01218491943797,True,False,True,False,False,250.6370523030494,False
670.0,330.0,True,False,True,False,False,56.97099310551462,True,False,True,False,False,243.46948379521484,False
670.0,340.0,True,False,True,False,False,56.00940822136653,True,False,True,False,False,236.79742688794758,False
670.0,350.0,True,False,True,False,False,55.12078288829979,True,False,True,False,False,230.5738156039969,False
670.0,360.0,True,False,True,False,False,54.29918978113185,True,False,True,False,False,224.75735941986423,False
670.0,370.0,True,False,True,False,False,53.53932670241869,True,False,True,False,False,219.3116807315065,False
670.0,380.0,True,False,True,False,False,52.83643628796058,True,False,True,False,False,214.20460291695176,False
670.0,390.0,True,False,True,False,False,52.18623777844586,True,False,True,False,False,209.40755910791498,False
670.0,400.0,True,False,True,False,False,51.58486879348942,True,False,True,False,False,204.89509838871479,False
670.0,410.0,True,False,True,False,False,51.02883543811483,True,False,True,False,False,200.6444711459726,False
670.0,420.0,True,False,True,False,False,50.514969382919894,True,False,True,False,False,196.63527911640003,False
670.0,430.0,True,False,True,False,False,50.04039080665478,True,False,True,False,False,192.84917862545302,False
670.0,440.0,True,False,True,False,False,49.60247628779193,True,False,True,False,False,189.2696277952318,False
670.0,450.0,True,False,True,False,False,49.19883089078968,True,False,True,False,False,185.8816702865018,False
670.0,460.0,True,False,True,False,False,48.827263821339116,True,False,True,False,False,182.67174954540116,False
670.0,470.0,True,False,True,False,False,48.48576712933085,True,False,True,False,False,179.62754863850677,False
670.0,480.0,True,False,True,False,False,48.17249702349423,True,False,True,False,False,176.73785164676568,False
680.0,320.0,True,False,True,False,False,59.3064559191372,True,False,True,False,False,246.610492224095,False
680.0,330.0,True,False,True,False,False,58.32962993691481,True,False,True,False,False,239.5930935931371,False
680.0,340.0,True,False,True,False,False,57.329545441465775,True,False,True,False,False,233.06076212129653,False
680.0,350.0,True,False,True,False,False,56.404534529273,True,False,True,False,False,226.96748994307987,False
680.0,360.0,True,False,True,False,False,55.54850043501633,True,False,True,False,False,221.27290535207743,False
680.0,370.0,True,False,True,False,False,54.75598915445982,True,False,True,False,False,215.94143250196498,False
680.0,380.0,True,False,True,False,False,54.022106914655225,True,False,True,False,False,210.94159757685154,False
680.0,390.0,True,False,True,False,False,53.34245004184419,True,False,True,False,False,206.24545240976607,False
680.0,400.0,True,False,True,False,False,52.71304510734762,True,False,True,False,False,201.82809293280158,False
680.0,410.0,True,False,True,False,False,52.13029763603846,True,False,True,False,False,197.66725469654324,False
680.0,420.0,True,False,True,False,False,51.59094798157601,True,False,True,False,False,193.74297140743275,False
680.0,430.0,True,False,True,False,False,51.09203322671109,True,False,True,False,False,190.03728529085575,False
680.0,440.0,True,False,True,False,False,50.63085417020152,True,False,True,False,False,186.53400030779918,False
680.0,450.0,True,False,True,False,False,50.20494662529668,True,False,True,False,False,183.21847098852766,False
680.0,460.0,True,False,True,False,False,49.81205638683182,True,False,True,False,False,180.0774210131152,False
680.0,470.0,True,False,True,False,False,49.450117331285554,True,False,True,False,False,177.0987867508901,False
680.0,480.0,True,False,True,False,False,49.11723220167759,True,False,True,False,False,174.27158183337417,False
682.0,442.0,True,False,True,False,False,50.7494750009124,True,False,True,False,False,185.31521104938258,False
682.0,444.0,True,False,True,False,False,50.66203260142554,True,False,True,False,False,184.64783305241417,False
682.0,446.0,True,False,True,False,False,50.57597126776868,True,False,True,False,False,183.98771294088607,False
682.0,448.0,True,False,True,False,False,50.491272885126754,True,False,True,False,False,183.33474509787098,False
682.0,450.0,True,False,True,False,False,50.407919654109705,True,False,True,False,False,182.68882592782612,False
682.0,452.0,True,False,True,False,False,50.32589408391785,True,False,True,False,False,182.04985380844093,False
682.0,454.0,True,False,True,False,False,50.24517898568268,True,False,True,False,False,181.41772904383444,False
682.0,456.0,True,False,True,False,False,50.165757465979915,True,False,True,False,False,180.7923538191131,False
682.0,458.0,True,False,True,False,False,50.087612920509436,True,False,True,False,False,180.17363215618778,False
682.0,460.0,True,False,True,False,False,50.01072902793558,True,False,True,False,False,179.56146987083721,False
682.0,462.0,True,False,True,False,False,49.93508974388496,True,False,True,False,False,178.95577453099307,False
682.0,464.0,True,False,True,False,False,49.86067929509838,True,False,True,False,False,178.35645541616194,False
682.0,466.0,True,False,True,False,False,49.7874821737253,True,False,True,False,False,177.7634234779933,False
682.0,468.0,True,False,True,False,False,49.715483131767435,True,False,True,False,False,177.17659130192186,False
682.0,470.0,True,False,True,False,False,49.64466717565735,True,False,True,False,False,176.5958730698699,False
682.0,472.0,True,False,True,False,False,49.57501956097494,True,False,True,False,False,176.0211845239658,False
682.0,474.0,True,False,True,False,False,49.506525787292105,True,False,True,False,False,175.45244293126294,False
682.0,476.0,True,False,True,False,False,49.43917159314845,True,False,True,False,False,174.88956704940472,False
682.0,478.0,True,False,True,False,False,49.37294295114646,True,False,True,False,False,174.33247709320156,False
684.0,442.0,True,False,True,False,False,50.956616985459235,True,False,True,False,False,184.77512497441438,False
684.0,444.0,True,False,True,False,False,50.86826637319575,True,False,True,False,False,184.11065049941587,False
684.0,446.0,True,False,True,False,False,50.78130471824213,True,False,True,False,False,183.45340442001267,False
684.0,448.0,True,False,True,False,False,50.6957138033865,True,False,True,False,False,182.80328156206266,False
684.0,450.0,True,False,True,False,False,50.61147572860643,True,False,True,False,False,182.16017876387107,False
684.0,452.0,True,False,True,False,False,50.5285729041957,True,False,True,False,False,181.523994828282,False
684.0,454.0,True,False,True,False,False,50.44698804406766,True,False,True,False,False,180.89463047608243,False
684.0,456.0,True,False,True,False,False,50.366704159234004,True,False,True,False,False,180.27198830077893,False
684.0,458.0,True,False,True,False,False,50.2877045514474,True,False,True,False,False,179.65597272460727,False
684.0,460.0,True,False,True,False,False,50.20997280701048,True,False,True,False,False,179.04648995581775,False
684.0,462.0,True,False,True,False,False,50.133492790737925,True,False,True,False,False,178.44344794713905,False
684.0,464.0,True,False,True,False,False,50.05824864007754,True,False,True,False,False,177.84675635538332,False
684.0,466.0,True,False,True,False,False,49.98422475937364,True,False,True,False,False,177.2563265022055,False
684.0,468.0,True,False,True,False,False,49.91140581427607,True,False,True,False,False,176.67207133592854,False
684.0,470.0,True,False,True,False,False,49.839776726293536,True,False,True,False,False,176.09390539440002,False
684.0,472.0,True,False,True,False,False,49.76932266747813,True,False,True,False,False,175.5217447688998,False
684.0,474.0,True,False,True,False,False,49.70002905524166,True,False,True,False,False,174.9555070689997,False
684.0,476.0,True,False,True,False,False,49.63188154730565,True,False,True,False,False,174.39511138839185,False
684.0,478.0,True,False,True,False,False,49.56486603676477,True,False,True,False,False,173.84047827163775,False
686.0,442.0,True,False,True,False,False,51.16435179478993,True,False,True,False,False,184.23605908673204,False
686.0,444.0,True,False,True,False,False,51.07509046713375,True,False,True,False,False,183.57448242486237,False
686.0,446.0,True,False,True,False,False,50.98722600927701,True,False,True,False,False,182.92010473542138,False
686.0,448.0,True,False,True,False,False,50.9007401013469,True,False,True,False,False,182.27282128583056,False
686.0,450.0,True,False,True,False,False,50.81561474243053,True,False,True,False,False,181.63252934707455,False
686.0,452.0,True,False,True,False,False,50.73183224365955,True,False,True,False,False,180.99912814598028,False
686.0,454.0,True,False,True,False,False,50.64937522148043,True,False,True,False,False,180.37251881888244,False
686.0,456.0,True,False,True,False,False,50.568226591092866,True,False,True,False,False,179.75260436657436,False
686.0,458.0,True,False,True,False,False,50.48836956006383,True,False,True,False,False,179.13928961055467,False
686.0,460.0,True,False,True,False,False,50.409787622092395,True,False,True,False,False,178.53248115048387,False
686.0,462.0,True,False,True,False,False,50.3324645509497,True,False,True,False,False,177.9320873228505,False
686.0,464.0,True,False,True,False,False,50.256384394558246,True,False,True,False,False,177.3380181607741,False
686.0,466.0,True,False,True,False,False,50.181531469229334,True,False,True,False,False,176.75018535493453,False
686.0,468.0,True,False,True,False,False,50.10789035404021,True,False,True,False,False,176.16850221557536,False
686.0,470.0,True,False,True,False,False,50.035445885355905,True,False,True,False,False,175.59288363553225,False
686.0,472.0,True,False,True,False,False,49.96418315148373,True,False,True,False,False,175.0232460543145,False
686.0,474.0,True,False,True,False,False,49.894087487463935,True,False,True,False,False,174.45950742311604,False
686.0,476.0,True,False,True,False,False,49.82514446998777,True,False,True,False,False,173.9015871708067,False
686.0,478.0,True,False,True,False,False,49.75733991243856,True,False,True,False,False,173.34940617082893,False
688.0,442.0,True,False,True,False,False,51.37267931885349,True,False,True,False,False,183.6980132130287,False
688.0,444.0,True,False,True,False,False,51.282504774138715,True,False,True,False,False,183.03932866272615,False
688.0,446.0,True,False,True,False,False,51.193735032707224,True,False,True,False,False,182.38781372819753,False
688.0,448.0,True,False,True,False,False,51.1063516717655,True,False,True,False,False,181.74336411722751,False
688.0,450.0,True,False,True,False,False,51.02033658925055,True,False,True,False,False,181.1058775322853,False
688.0,452.0,True,False,True,False,False,50.93567199687925,True,False,True,False,False,180.47525362304643,False
688.0,454.0,True,False,True,False,False,50.85234041337989,True,False,True,False,False,179.85139394025367,False
688.0,456.0,True,False,True,False,False,50.77032465789602,True,False,True,False,False,179.2342018908956,False
688.0,458.0,True,False,True,False,False,50.68960784356163,True,False,True,False,False,178.62358269464747,False
688.0,460.0,True,False,True,False,False,50.610173371241515,True,False,True,False,False,178.01944334153322,False
688.0,462.0,True,False,True,False,False,50.53200492342421,True,False,True,False,False,177.42169255078178,False
688.0,464.0,True,False,True,False,False,50.45508645827915,True,False,True,False,False,176.83024073081197,False
688.0,466.0,True,False,True,False,False,50.379402203857396,True,False,True,False,False,176.24499994034792,False
688.0,468.0,True,False,True,False,False,50.30493665244033,True,False,True,False,False,175.66588385058893,False
688.0,470.0,True,False,True,False,False,50.23167455502897,True,False,True,False,False,175.0928077084364,False
688.0,472.0,True,False,True,False,False,50.15960091597126,True,False,True,False,False,174.52568830070047,False
688.0,474.0,True,False,True,False,False,50.08870098772217,True,False,True,False,False,173.96444391930518,False
688.0,476.0,True,False,True,False,False,50.01896026573506,True,False,True,False,False,173.40899432741543,False
688.0,478.0,True,False,True,False,False,49.95036448347462,True,False,True,False,False,172.85926072650295,False
690.0,370.0,True,False,True,False,False,55.99014833647148,True,False,True,False,False,212.60329784264079,False
690.0,380.0,True,False,True,False,False,55.22484734088666,True,False,True,False,False,207.70958020615748,False
690.0,390.0,True,False,True,False,False,54.51532547250328,True,False,True,False,False,203.1132880798119,False
690.0,400.0,True,False,True,False,False,53.85749684322376,True,False,True,False,False,198.79005596133783,False
690.0,410.0,True,False,True,False,False,53.2476651142176,True,False,True,False,False,194.7180973538077,False
690.0,420.0,True,False,True,False,False,52.682478152154445,True,False,True,False,False,190.87787162873607,False
690.0,430.0,True,False,True,False,False,52.15888887499246,True,False,True,False,False,187.25180137866732,False
690.0,440.0,True,False,True,False,False,51.67412132353551,True,False,True,False,False,183.824031530731,False
690.0,442.0,True,False,True,False,False,51.581599447628655,True,False,True,False,False,183.16098718460415,False
690.0,444.0,True,False,True,False,False,51.49050918513376,True,False,True,False,False,182.50518905154453,False
690.0,446.0,True,False,True,False,False,51.400831680392116,True,False,True,False,False,181.85653124396393,False
690.0,448.0,True,False,True,False,False,51.3125484074253,True,False,True,False,False,181.21490990880076,False
690.0,450.0,True,False,True,False,False,51.22564116276232,True,False,True,False,False,180.58022317882913,False
690.0,452.0,True,False,True,False,False,51.140092058450385,True,False,True,False,False,179.95237112542475,False
690.0,454.0,True,False,True,False,False,51.05588351525013,True,False,True,False,False,179.33125571261766,False
690.0,456.0,True,False,True,False,False,50.97299825600293,True,False,True,False,False,178.71678075249292,False
690.0,458.0,True,False,True,False,False,50.89141929917147,True,False,True,False,False,178.10885186183202,False
690.0,460.0,True,False,True,False,False,50.81112995254249,True,False,True,False,False,177.50737641997458,False
690.0,462.0,True,False,True,False,False,50.73211380709194,True,False,True,False,False,176.91226352786146,False
690.0,464.0,True,False,True,False,False,50.65435473100518,True,False,True,False,False,176.3234239682136,False
690.0,466.0,True,False,True,False,False,50.57783686384714,True,False,True,False,False,175.7407701668179,False
690.0,468.0,True,False,True,False,False,50.50254461087905,True,False,True,False,False,175.16421615488576,False
690.0,470.0,True,False,True,False,False,50.42846263751972,True,False,True,False,False,174.593677532431,False
690.0,472.0,True,False,True,False,False,50.35557586394199,True,False,True,False,False,174.0290714326637,False
690.0,474.0,True,False,True,False,False,50.28386945980398,True,False,True,False,False,173.47031648733423,False
690.0,476.0,True,False,True,False,False,50.21332883910989,True,False,True,False,False,172.91733279304182,False
690.0,478.0,True,False,True,False,False,50.143939655201514,True,False,True,False,False,172.37004187842314,False
690.0,480.0,True,False,True,False,False,50.075687795866756,True,False,True,False,False,171.82836667224134,False
692.0,442.0,True,False,True,False,False,51.79111207111769,True,False,True,False,False,182.62498083738325,False
692.0,444.0,True,False,True,False,False,51.6991035910707,True,False,True,False,False,181.97206343445188,False
692.0,446.0,True,False,True,False,False,51.60851584421886,True,False,True,False,False,181.3262571329006,False
692.0,448.0,True,False,True,False,False,51.51933020113666,True,False,True,False,False,180.6874585176176,False
692.0,450.0,True,False,True,False,False,51.431528356687004,True,False,True,False,False,180.05556615052245,False
692.0,452.0,True,False,True,False,False,51.34509232299396,True,False,True,False,False,179.43048052352532,False
692.0,454.0,True,False,True,False,False,51.26000442260073,True,False,True,False,False,178.81210401282848,False
692.0,456.0,True,False,True,False,False,51.17624728180171,True,False,True,False,False,178.2003408345254,False
692.0,458.0,True,False,True,False,False,51.09380382414454,True,False,True,False,False,177.59509700142613,False
692.0,460.0,True,False,True,False,False,51.012657264103524,True,False,True,False,False,176.9962802811489,False
692.0,462.0,True,False,True,False,False,50.93279110090638,True,False,True,False,False,176.40380015531974,False
692.0,464.0,True,False,True,False,False,50.854189112524416,True,False,True,False,False,175.8175677799653,False
692.0,466.0,True,False,True,False,False,50.776835349810185,True,False,True,False,False,175.23749594696199,False
692.0,468.0,True,False,True,False,False,50.70071413078329,True,False,True,False,False,174.66349904657642,False
692.0,470.0,True,False,True,False,False,50.625810035060105,True,False,True,False,False,174.095493031007,False
692.0,472.0,True,False,True,False,False,50.55210789842255,True,False,True,False,False,173.5333953789471,False
692.0,474.0,True,False,True,False,False,50.47959280751833,True,False,True,False,False,172.977125061088,False
692.0,476.0,True,False,True,False,False,50.408250094696996,True,False,True,False,False,172.42660250658636,False
692.0,478.0,True,False,True,False,False,50.33806533296973,True,False,True,False,False,171.88174957039323,False
694.0,442.0,True,False,True,False,False,52.00121707935267,True,False,True,False,False,182.0899940119443,False
694.0,444.0,True,False,True,False,False,51.908287882928114,True,False,True,False,False,181.43995165919722,False
694.0,446.0,True,False,True,False,False,51.81678741610065,True,False,True,False,False,180.79699124977574,False
694.0,448.0,True,False,True,False,False,51.726696945735604,True,False,True,False,False,180.16100980531385,False
694.0,450.0,True,False,True,False,False,51.63799806477179,True,False,True,False,False,179.53190631569427,False
694.0,452.0,True,False,True,False,False,51.55067268515698,True,False,True,False,False,178.90958169223492,False
694.0,454.0,True,False,True,False,False,51.46470303096744,True,False,True,False,False,178.2939387221927,False
694.0,456.0,True,False,True,False,False,51.38007163170401,True,False,True,False,False,177.68488202455893,False
694.0,458.0,True,False,True,False,False,51.296761315760094,True,False,True,False,False,177.08231800713222,False
694.0,460.0,True,False,True,False,False,51.21475520405807,True,False,True,False,False,176.48615482474375,False
694.0,462.0,True,False,True,False,False,51.13403670384526,True,False,True,False,False,175.8963023387027,False
694.0,464.0,True,False,True,False,False,51.05458950264892,True,False,True,False,False,175.31267207733742,False
694.0,466.0,True,False,True,False,False,50.976397562382395,True,False,True,False,False,174.73517719764897,False
694.0,468.0,True,False,True,False,False,50.89944511360157,True,False,True,False,False,174.16373244800107,False
694.0,470.0,True,False,True,False,False,50.823716649902174,True,False,True,False,False,173.5982541318481,False
694.0,472.0,True,False,True,False,False,50.74919692245828,True,False,True,False,False,173.03866007245645,False
694.0,474.0,True,False,True,False,False,50.67587093469643,True,False,True,False,False,172.48486957857662,False
694.0,476.0,True,False,True,False,False,50.603723937102934,True,False,True,False,False,171.93680341104266,False
694.0,478.0,True,False,True,False,False,50.532741422151396,True,False,True,False,False,171.39438375027805,False
696.0,442.0,True,False,True,False,False,52.21191436239297,True,False,True,False,False,181.55602655354727,False
696.0,444.0,True,False,True,False,False,52.11806195171171,True,False,True,False,False,180.90885357818593,False
696.0,446.0,True,False,True,False,False,52.02564628797768,True,False,True,False,False,180.26873345397078,False
696.0,448.0,True,False,True,False,False,51.9346485340847,True,False,True,False,False,179.63556363808968,False
696.0,450.0,True,False,True,False,False,51.845050180790125,True,False,True,False,False,179.00924354723,False
696.0,452.0,True,False,True,False,False,51.75683303961189,True,False,True,False,False,178.38967451096374,False
696.0,454.0,True,False,True,False,False,51.66997923590988,True,False,True,False,False,177.77675972648794,False
696.0,456.0,True,False,True,False,False,51.58447120214652,True,False,True,False,False,177.17040421461826,False
696.0,458.0,True,False,True,False,False,51.500291671319424,True,False,True,False,False,176.5705147770591,False
696.0,460.0,True,False,True,False,False,51.417423670563764,True,False,True,False,False,175.97699995483393,False
696.0,462.0,True,False,True,False,False,51.33585051491047,True,False,True,False,False,175.3897699879046,False
696.0,464.0,True,False,True,False,False,51.255555801213916,True,False,True,False,False,174.80873677592322,False
696.0,466.0,True,False,True,False,False,51.176523402223346,True,False,True,False,False,174.2338138400299,False
696.0,468.0,True,False,True,False,False,51.09873746080729,True,False,True,False,False,173.66491628574462,False
696.0,470.0,True,False,True,False,False,51.022182384321916,True,False,True,False,False,173.10196076685222,False
696.0,472.0,True,False,True,False,False,50.946842839119824,True,False,True,False,False,172.5448654502881,False
696.0,474.0,True,False,True,False,False,50.872703745194045,True,False,True,False,False,171.9935499819649,False
696.0,476.0,True,False,True,False,False,50.79975027095585,True,False,True,False,False,171.447935453535,False
696.0,478.0,True,False,True,False,False,50.72796782814038,True,False,True,False,False,170.90794437004317,False
698.0,442.0,True,False,True,False,False,52.423203810324864,True,False,True,False,False,181.02307831215887,False
698.0,444.0,True,False,True,False,False,52.32842568845403,True,False,True,False,False,180.37876904849017,False
698.0,446.0,True,False,True,False,False,52.23509235181657,True,False,True,False,False,179.74148360950608,False
698.0,448.0,True,False,True,False,False,52.143184859072655,True,False,True,False,False,179.11111988676362,False
698.0,450.0,True,False,True,False,False,52.05268459854124,True,False,True,False,False,178.4875777225789,False
698.0,452.0,True,False,True,False,False,51.9635732810565,True,False,True,False,False,177.87075886365204,False
698.0,454.0,True,False,True,False,False,51.87583293301279,True,False,True,False,False,177.26056691600306,False
698.0,456.0,True,False,True,False,False,51.789445889591704,True,False,True,False,False,176.65690730119277,False
698.0,458.0,True,False,True,False,False,51.704394788151866,True,False,True,False,False,176.05968721376306,False
698.0,460.0,True,False,True,False,False,51.620662561802256,True,False,True,False,False,175.4688155798962,False
698.0,462.0,True,False,True,False,False,51.53823243312693,True,False,True,False,False,174.88420301719935,False
698.0,464.0,True,False,True,False,False,51.457087908078904,True,False,True,False,False,174.30576179564753,False
698.0,466.0,True,False,True,False,False,51.377212770014886,True,False,True,False,False,173.73340579956255,False
698.0,468.0,True,False,True,False,False,51.298591073895444,True,False,True,False,False,173.16705049066996,False
698.0,470.0,True,False,True,False,False,51.221207140618716,True,False,True,False,False,172.60661287216118,False
698.0,472.0,True,False,True,False,False,51.14504555149913,True,False,True,False,False,172.05201145373675,False
698.0,474.0,True,False,True,False,False,51.070091142885424,True,False,True,False,False,171.50316621758947,False
698.0,476.0,True,False,True,False,False,50.9963290009066,True,False,True,False,False,170.95999858532437,False
698.0,478.0,True,False,True,False,False,50.923744456351656,True,False,True,False,False,170.42243138576205,False
700.0,0.0,True,False,True,False,False,700.0000000000001,True,False,True,False,False,inf,False
700.0,50.0,True,False,True,False,False,275.048840837233,True,False,True,False,False,5711.4213903177015,False
700.0,100.0,True,False,True,False,False,155.19568346070386,True,False,True,False,False,939.4347281499016,False
700.0,150.0,True,False,True,False,False,110.2634281214939,True,False,True,False,False,540.1917615729251,False
700.0,200.0,True,False,True,False,False,87.01884207670238,True,False,True,False,False,385.98296006967297,False
700.0,250.0,True,False,True,False,False,73.52221427760341,True,False,True,False,False,304.13171753450564,False
700.0,300.0,True,False,True,False,False,64.76851334283926,True,False,True,False,False,253.72204410893602,False
700.0,350.0,True,False,True,False,False,58.962313859182025,True,False,True,False,False,219.85867672168973,False
700.0,370.0,True,False,True,False,False,57.24178493534571,True,False,True,False,False,209.29720445991214,False
700.0,380.0,True,False,True,False,False,56.444639208258785,True,False,True,False,False,204.50848820357004,False
700.0,390.0,True,False,True,False,False,55.70484659771708,True,False,True,False,False,200.01101216933372,False
700.0,400.0,True,False,True,False,False,55.01820735157382,True,False,True,False,False,195.78094125984276,False
700.0,410.0,True,False,True,False,False,54.38092198949204,True,False,True,False,False,191.7969598231862,False
700.0,420.0,True,False,True,False,False,53.78954472620426,True,False,True,False,False,188.03994668095478,False
700.0,430.0,True,False,True,False,False,53.24094325062308,True,False,True,False,False,184.49269933774463,False
700.0,440.0,True,False,True,False,False,52.73226387141183,True,False,True,False,False,181.13969888173918,False
700.0,450.0,True,False,True,False,False,52.260901211850175,True,False,True,False,False,177.96690872379273,False
700.0,460.0,True,False,True,False,False,51.82447177597922,True,False,True,False,False,174.96160161283635,False
700.0,470.0,True,False,True,False,False,51.42079082111369,True,False,True,False,False,172.11221038818448,False
700.0,480.0,True,False,True,False,False,51.04785206407079,True,False,True,False,False,169.4081987449831,False
700.0,500.0,True,False,True,False,False,50.38696326830151,True,False,True,False,False,164.39866391841474,False
700.0,550.0,True,False,True,False,False,49.15964548474201,True,False,True,False,False,153.83630695870906,False
700.0,600.0,True,False,True,False,False,48.41986174096161,True,False,True,False,False,145.4760648816891,False
700.0,650.0,True,False,True,False,False,48.0567566114696,True,False,True,False,False,138.77435652276023,False
700.0,700.0,True,False,True,False,False,47.990715290112334,True,False,True,False,False,133.35074884293832,False
700.0,750.0,False,False,False,False,False,nan,True,False,True,False,False,128.93134904940578,False
700.0,800.0,False,False,False,False,False,nan,True,False,True,False,False,125.31422647624416,False
700.0,850.0,False,False,False,False,False,nan,True,False,True,False,False,122.34745946217609,False
700.0,900.0,False,False,False,False,False,nan,True,False,True,False,False,119.91473302680294,False
700.0,950.0,False,False,False,False,False,nan,True,False,True,False,False,117.92562046310155,False
700.0,1000.0,False,False,False,False,False,nan,True,False,True,False,False,116.30886361937483,False
700.0,1100.0,False,False,False,False,False,nan,True,False,True,False,False,113.97607955420295,False
700.0,1200.0,False,False,False,False,False,nan,True,False,True,False,False,112.57941386742924,False
700.0,1300.0,False,False,False,False,False,nan,False,False,False,False,False,nan,False
700.0,1400.0,False,False,False,False,False,nan,False,False,False,False,False,nan,False
700.0,1500.0,False,False,False,False,False,nan,False,False,False,False,False,nan,False
700.0,1600.0,False,False,False,False,False,nan,False,False,False,False,False,nan,False
700.0,1700.0,False,False,False,False,False,nan,False,False,False,False,False,nan,False
700.0,1800.0,False,False,False,False,False,nan,False,False,False,False,False,nan,False
700.0,1900.0,False,False,False,False,False,nan,False,False,False,False,False,nan,False
700.0,2000.0,False,False,False,False,False,nan,False,False,False,False,False,nan,False
700.0,2100.0,False,False,False,False,False,nan,False,False,False,False,False,nan,False
700.0,2200.0,False,False,False,False,False,nan,False,False,False,False,False,nan,False
700.0,2300.0,False,False,False,False,False,nan,False,False,False,False,False,nan,False
700.0,2400.0,False,False,False,False,False,nan,False,False,False,False,False,nan,False
700.0,2500.0,False,False,False,False,False,nan,False,False,False,False,False,nan,False
700.0,2600.0,False,False,False,False,False,nan,False,False,False,False,False,nan,False
700.0,2700.0,False,False,False,False,False,nan,False,False,False,False,False,nan,False
700.0,2800.0,False,False,False,False,False,nan,False,False,False,False,False,nan,False
700.0,2900.0,False,False,False,False,False,nan,False,False,False,False,False,nan,False
700.0,3000.0,False,False,False,False,False,nan,False,False,False,False,False,nan,False
710.0,370.0,True,False,True,False,False,58.50390405021915,True,False,True,False,False,206.02308383234055,False
710.0,380.0,True,False,True,False,False,57.68146418496328,True,False,True,False,False,201.33826260368028,False
710.0,390.0,True,False,True,False,False,56.91099596944008,True,False,True,False,False,196.93857423624723,False
710.0,400.0,True,False,True,False,False,56.19516000577044,True,False,True,False,False,192.8007059969608,False
710.0,410.0,True,False,True,False,False,55.53005240002876,True,False,True,False,False,188.9038060745408,False
710.0,420.0,True,False,True,False,False,54.912132555152525,True,False,True,False,False,185.22916661454957,False
710.0,430.0,True,False,True,False,False,54.33818187128294,True,False,True,False,False,181.75995465563625,False
710.0,440.0,True,False,True,False,False,53.80526795479906,True,False,True,False,False,178.48098270913164,False
710.0,450.0,True,False,True,False,False,53.31071349746302,True,False,True,False,False,175.3785123149765,False
710.0,460.0,True,False,True,False,False,52.85206912987267,True,False,True,False,False,172.44008516077264,False
710.0,470.0,True,False,True,False,False,52.42708966942862,True,False,True,False,False,169.6543773446764,False
710.0,480.0,True,False,True,False,False,52.033713277720636,True,False,True,False,False,167.01107315608039,False
720.0,370.0,True,False,True,False,False,59.70024671953403,True,False,True,False,False,202.78087132965328,False
720.0,380.0,True,False,True,False,False,58.887791187167565,True,False,True,False,False,198.19884819206413,False
720.0,390.0,True,False,True,False,False,58.13375616424713,True,False,True,False,False,193.89592745598,False
720.0,400.0,True,False,True,False,False,57.388338202059266,True,False,True,False,False,189.8493108309935,False
720.0,410.0,True,False,True,False,False,56.6950405052872,True,False,True,False,False,186.03860344418996,False
720.0,420.0,True,False,True,False,False,56.05022651027797,True,False,True,False,False,182.4455047272105,False
720.0,430.0,True,False,True,False,False,55.45059027318667,True,False,True,False,False,179.05354595130575,False
720.0,440.0,True,False,True,False,False,54.893119731990694,True,False,True,False,False,175.84786637980153,False
720.0,450.0,True,False,True,False,False,54.375064760724506,True,False,True,False,False,172.81502155239914,False
720.0,460.0,True,False,True,False,False,53.893909302156956,True,False,True,False,False,169.9428184336113,False
720.0,470.0,True,False,True,False,False,53.44734698410102,True,False,True,False,False,167.22017312378074,False
720.0,480.0,True,False,True,False,False,53.03325972166031,True,False,True,False,False,164.63698760208925,False
730.0,370.0,True,False,True,False,False,61.00071937402979,True,False,True,False,False,199.57050633786787,False
730.0,380.0,True,False,True,False,False,60.109525166526865,True,False,True,False,False,195.09019362598494,False
730.0,390.0,True,False,True,False,False,59.28362649332345,True,False,True,False,False,190.883028737606,False
730.0,400.0,True,False,True,False,False,58.589444169792486,True,False,True,False,False,186.92672002121773,False
730.0,410.0,True,False,True,False,False,57.87587048598458,True,False,True,False,False,183.20132274131447,False
730.0,420.0,True,False,True,False,False,57.20381148267767,True,False,True,False,False,179.68893766524684,False
730.0,430.0,True,False,True,False,False,56.57815401105432,True,False,True,False,False,176.37345507143374,False
730.0,440.0,True,False,True,False,False,55.99580537858695,True,False,True,False,False,173.24033637045184,False
730.0,450.0,True,False,True,False,False,55.45394175896189,True,False,True,False,False,170.2764270306414,False
730.0,460.0,True,False,True,False,False,54.94997959595938,True,False,True,False,False,167.46979568299113,False
730.0,470.0,True,False,True,False,False,54.48155058102625,True,False,True,False,False,164.809595218758,False
730.0,480.0,True,False,True,False,False,54.04647969413544,True,False,True,False,False,162.2859424427764,False
750.0,50.0,True,False,True,False,False,310.8071098813805,True,False,True,False,False,4000.5010282167545,False
750.0,100.0,True,False,True,False,False,176.48352325765177,True,False,True,False,False,830.6997716222006,False
750.0,150.0,True,False,True,False,False,124.81413730228509,True,False,True,False,False,487.1140060248634,False
750.0,200.0,True,False,True,False,False,98.60052058901441,True,False,True,False,False,350.9450222683348,False
750.0,250.0,True,False,True,False,False,82.76229268102307,True,False,True,False,False,278.032060119139,False
750.0,300.0,True,False,True,False,False,72.71597097793693,True,False,True,False,False,232.9773382242292,False
750.0,350.0,True,False,True,False,False,65.78758017687828,True,False,True,False,False,202.6882065667353,False
750.0,400.0,True,False,True,False,False,60.96935014476057,True,False,True,False,False,181.16782721535105,False
750.0,450.0,True,False,True,False,False,57.655220070569904,True,False,True,False,False,165.27390459780193,False
750.0,500.0,True,False,True,False,False,55.25539070992502,True,False,True,False,False,153.19894326558833,False
750.0,550.0,True,False,True,False,False,53.59522057696861,True,False,True,False,False,143.82936728929943,False
750.0,600.0,True,False,True,False,False,52.49294159978514,True,False,True,False,False,136.44203095892706,False
750.0,650.0,True,False,True,False,False,51.821834659870106,True,False,True,False,False,130.54737144397606,False
750.0,700.0,False,False,False,False,False,nan,True,False,True,False,False,125.802596196931,False
750.0,750.0,False,False,False,False,False,nan,True,False,True,False,False,121.96090152796826,False
750.0,800.0,False,False,False,False,False,nan,True,False,True,False,False,118.84038300045832,False
750.0,850.0,False,False,False,False,False,nan,True,False,True,False,False,116.30426130699021,False
750.0,900.0,False,False,False,False,False,nan,True,False,True,False,False,114.24789139537357,False
750.0,950.0,False,False,False,False,False,nan,True,False,True,False,False,112.58998770178432,False
800.0,0.0,True,False,True,False,False,800.0000000000001,True,False,True,False,False,inf,False
800.0,50.0,True,False,True,False,False,348.5599453907823,True,False,True,False,False,2969.3495254022805,False
800.0,100.0,True,False,True,False,False,199.0016059970908,True,False,True,False,False,732.7692452479274,False
800.0,150.0,True,False,True,False,False,140.69441125395312,True,False,True,False,False,437.6682028856789,False
800.0,200.0,True,False,True,False,False,110.91794394994615,True,False,True,False,False,317.9335684489036,False
800.0,250.0,True,False,True,False,False,92.78068838954701,True,False,True,False,False,253.3174508512808,False
800.0,300.0,True,False,True,False,False,81.00637059549776,True,False,True,False,False,213.2851041063373,False
800.0,350.0,True,False,True,False,False,73.10065155693854,True,False,True,False,False,186.36965686167255,False
800.0,400.0,True,False,True,False,False,67.40311388219763,True,False,True,False,False,167.2729164846475,False
800.0,450.0,True,False,True,False,False,63.317319745883005,True,False,True,False,False,153.20324140260735,False
800.0,500.0,True,False,True,False,False,60.37087474249356,True,False,True,False,False,142.54896984868859,False
800.0,550.0,True,False,True,False,False,58.33078994886703,True,False,True,False,False,134.3148324075433,False
800.0,600.0,True,False,True,False,False,56.84229789313073,True,False,True,False,False,127.85360215123858,False
800.0,650.0,False,False,False,False,False,nan,True,False,True,False,False,122.72681941761257,False
800.0,700.0,False,False,False,False,False,nan,True,False,True,False,False,118.62744467090744,False
800.0,750.0,False,False,False,False,False,nan,True,False,True,False,False,115.33449148127167,False
800.0,800.0,False,False,False,False,False,nan,True,False,True,False,False,112.6851924980116,False
800.0,900.0,False,False,False,False,False,nan,True,False,True,False,False,108.85726046478301,False
800.0,1000.0,False,False,False,False,False,nan,True,False,True,False,False,106.46643041852887,False
800.0,1100.0,False,False,False,False,False,nan,True,False,True,False,False,105.09637704037148,False
800.0,1200.0,False,False,False,False,False,nan,True,False,True,False,False,104.47859602638269,False
800.0,1300.0,False,False,False,False,False,nan,True,False,True,False,False,104.432873302199,False
800.0,1400.0,False,False,False,False,False,nan,False,False,False,False,False,nan,False
800.0,1500.0,False,False,False,False,False,nan,False,False,False,False,False,nan,False
800.0,1600.0,False,False,False,False,False,nan,False,False,False,False,False,nan,False
800.0,1700.0,False,False,False,False,False,nan,False,False,False,False,False,nan,False
800.0,1800.0,False,False,False,False,False,nan,False,False,False,False,False,nan,False
800.0,1900.0,False,False,False,False,False,nan,False,False,False,False,False,nan,False
800.0,2000.0,False,False,False,False,False,nan,False,False,False,False,False,nan,False
800.0,2100.0,False,False,False,False,False,nan,False,False,False,False,False,nan,False
800.0,2200.0,False,False,False,False,False,nan,False,False,False,False,False,nan,False
800.0,2300.0,False,False,False,False,False,nan,False,False,False,False,False,nan,False
800.0,2400.0,False,False,False,False,False,nan,False,False,False,False,False,nan,False
800.0,2500.0,False,False,False,False,False,nan,False,False,False,False,False,nan,False
800.0,2600.0,False,False,False,False,False,nan,False,False,False,False,False,nan,False
800.0,2700.0,False,False,False,False,False,nan,False,False,False,False,False,nan,False
800.0,2800.0,False,False,False,False,False,nan,False,False,False,False,False,nan,False
800.0,2900.0,False,False,False,False,False,nan,False,False,False,False,False,nan,False
800.0,3000.0,False,False,False,False,False,nan,False,False,False,False,False,nan,False
850.0,50.0,True,False,True,False,False,388.18432821933,True,False,True,False,False,2282.3841655390643,False
850.0,100.0,True,False,True,False,False,222.41816288809568,True,False,True,False,False,644.3426127568111,False
850.0,150.0,True,False,True,False,False,157.47830262114397,True,False,True,False,False,391.6137056225082,False
850.0,200.0,True,False,True,False,False,123.53795533393689,True,False,True,False,False,286.86372300099265,False
850.0,250.0,True,False,True,False,False,103.40222459664382,True,False,True,False,False,229.95099417298158,False
850.0,300.0,True,False,True,False,False,89.96209296966005,True,False,True,False,False,194.6287254031396,False
850.0,350.0,True,False,True,False,False,80.70227268339913,True,False,True,False,False,170.89640305940245,False
850.0,400.0,True,False,True,False,False,74.23679105735897,True,False,True,False,False,154.09482696341533,False
850.0,450.0,True,False,True,False,False,69.41880530436978,True,False,True,False,False,141.75627568683214,False
850.0,500.0,True,False,True,False,False,65.88138058400105,True,False,True,False,False,132.45141693735732,False
850.0,550.0,False,False,False,False,False,nan,True,False,True,False,False,125.29585910652199,False
850.0,600.0,False,False,False,False,False,nan,True,False,True,False,False,119.71393242932956,False
850.0,650.0,False,False,False,False,False,nan,True,False,True,False,False,115.31557891387732,False
850.0,700.0,False,False,False,False,False,nan,True,False,True,False,False,111.82775852572158,False
850.0,750.0,False,False,False,False,False,nan,True,False,True,False,False,109.05411395743172,False
900.0,0.0,True,False,True,False,False,900.0000000000001,True,False,True,False,False,inf,False
900.0,50.0,True,False,True,False,False,429.41468267409175,True,False,True,False,False,1793.57765319257,False
900.0,100.0,True,False,True,False,False,246.6567687102312,True,False,True,False,False,564.3207196249872,False
900.0,150.0,True,False,True,False,False,175.15217456347165,True,False,True,False,False,348.73478438067536,False
900.0,200.0,True,False,True,False,False,137.22925054117505,True,False,True,False,False,257.6599409284301,False
900.0,250.0,True,False,True,False,False,114.57088243444188,True,False,True,False,False,207.90167052239056,False
900.0,300.0,True,False,True,False,False,99.4287351968265,True,False,True,False,False,176.99612874141366,False
900.0,350.0,True,False,True,False,False,88.88868349722831,True,False,True,False,False,156.2655389857968,False
900.0,400.0,True,False,True,False,False,81.31576899061761,True,False,True,False,False,141.63522118826108,False
900.0,450.0,False,False,False,False,False,nan,True,False,True,False,False,130.93680726414098,False
900.0,500.0,False,False,False,False,False,nan,True,False,True,False,False,122.91086373412722,False
900.0,550.0,False,False,False,False,False,nan,True,False,True,False,False,116.77704231888116,False
900.0,600.0,False,False,False,False,False,nan,True,False,True,False,False,112.02721916925032,False
900.0,650.0,False,False,False,False,False,nan,True,False,True,False,False,108.31724860061777,False
900.0,700.0,False,False,False,False,False,nan,True,False,True,False,False,105.4064648311104,False
900.0,750.0,False,False,False,False,False,nan,True,False,True,False,False,103.1220271061553,False
900.0,800.0,False,False,False,False,False,nan,True,False,True,False,False,101.33697028337008,False
900.0,900.0,False,False,False,False,False,nan,True,False,True,False,False,98.90723002337621,False
900.0,1000.0,False,False,False,False,False,nan,True,False,True,False,False,97.59260839473606,False
900.0,1100.0,False,False,False,False,False,nan,True,False,True,False,False,97.07237328619863,False
900.0,1200.0,False,False,False,False,False,nan,True,False,True,False,False,97.14055960298035,False
900.0,1300.0,False,False,False,False,False,nan,True,False,True,False,False,97.65927987982758,False
900.0,1400.0,False,False,False,False,False,nan,False,False,False,False,False,nan,False
900.0,1500.0,False,False,False,False,False,nan,False,False,False,False,False,nan,False
900.0,1600.0,False,False,False,False,False,nan,False,False,False,False,False,nan,False
900.0,1700.0,False,False,False,False,False,nan,False,False,False,False,False,nan,False
900.0,1800.0,False,False,False,False,False,nan,False,False,False,False,False,nan,False
900.0,1900.0,False,False,False,False,False,nan,False,False,False,False,False,nan,False
900.0,2000.0,False,False,False,False,False,nan,False,False,False,False,False,nan,False
900.0,2100.0,False,False,False,False,False,nan,False,False,False,False,False,nan,False
900.0,2200.0,False,False,False,False,False,nan,False,False,False,False,False,nan,False
900.0,2300.0,False,False,False,False,False,nan,False,False,False,False,False,nan,False
900.0,2400.0,False,False,False,False,False,nan,False,False,False,False,False,nan,False
900.0,2500.0,False,False,False,False,False,nan,False,False,False,False,False,nan,False
900.0,2600.0,False,False,False,False,False,nan,False,False,False,False,False,nan,False
900.0,2700.0,False,False,False,False,False,nan,False,False,False,False,False,nan,False
900.0,2800.0,False,False,False,False,False,nan,False,False,False,False,False,nan,False
900.0,2900.0,False,False,False,False,False,nan,False,False,False,False,False,nan,False
900.0,3000.0,False,False,False,False,False,nan,False,False,False,False,False,nan,False
920.0,520.0,False,False,False,False,False,nan,True,False,True,False,False,116.77181319413405,False
920.0,530.0,False,False,False,False,False,nan,True,False,True,False,False,115.62735434703714,False
920.0,540.0,False,False,False,False,False,nan,True,False,True,False,False,114.54153416477081,False
920.0,550.0,False,False,False,False,False,nan,True,False,True,False,False,113.5108771591215,False
920.0,560.0,False,False,False,False,False,nan,True,False,True,False,False,112.53217032460827,False
920.0,570.0,False,False,False,False,False,nan,True,False,True,False,False,111.60243921932894,False
920.0,580.0,False,False,False,False,False,nan,True,False,True,False,False,110.71892660238674,False
930.0,520.0,False,False,False,False,False,nan,True,False,True,False,False,115.05854816062816,False
930.0,530.0,False,False,False,False,False,nan,True,False,True,False,False,113.9525642468497,False
930.0,540.0,False,False,False,False,False,nan,True,False,True,False,False,112.9036115681893,False
930.0,550.0,False,False,False,False,False,nan,True,False,True,False,False,111.90830685579665,False
930.0,560.0,False,False,False,False,False,nan,True,False,True,False,False,110.96352250237541,False
930.0,570.0,False,False,False,False,False,nan,True,False,True,False,False,110.06636327046968,False
930.0,580.0,False,False,False,False,False,nan,True,False,True,False,False,109.21414548823876,False
940.0,520.0,False,False,False,False,False,nan,True,False,True,False,False,113.36704695944702,False
940.0,530.0,False,False,False,False,False,nan,True,False,True,False,False,112.29907474660158,False
940.0,540.0,False,False,False,False,False,nan,True,False,True,False,False,111.28654277662001,False
940.0,550.0,False,False,False,False,False,nan,True,False,True,False,False,110.32615903278456,False
940.0,560.0,False,False,False,False,False,nan,True,False,True,False,False,109.41488042550564,False
940.0,570.0,False,False,False,False,False,nan,True,False,True,False,False,108.54989011825421,False
940.0,580.0,False,False,False,False,False,nan,True,False,True,False,False,107.72857727315959,False
950.0,50.0,True,False,True,False,False,472.18775645140283,True,False,True,False,False,1429.1759468798857,False
950.0,100.0,True,False,True,False,False,272.0191388386,True,False,True,False,False,491.7700538511956,False
950.0,150.0,True,False,True,False,False,193.70266339602446,True,False,True,False,False,308.83946116029506,False
950.0,200.0,True,False,True,False,False,151.6245400205137,True,False,True,False,False,230.2568449192139,False
950.0,250.0,True,False,True,False,False,126.04285161845152,True,False,True,False,False,187.14541270048588,False
950.0,300.0,True,False,True,False,False,109.40247261517989,True,False,True,False,False,160.38076441780072,False
950.0,350.0,False,False,False,False,False,nan,True,False,True,False,False,142.4786595778573,False
950.0,400.0,False,False,False,False,False,nan,True,False,True,False,False,129.89937115829892,False
950.0,450.0,False,False,False,False,False,nan,True,False,True,False,False,120.75144544774751,False
950.0,500.0,False,False,False,False,False,nan,True,False,True,False,False,113.93399949849726,False
950.0,520.0,False,False,False,False,False,nan,True,False,True,False,False,111.6973806068489,False
950.0,530.0,False,False,False,False,False,nan,True,False,True,False,False,110.66695451419311,False
950.0,540.0,False,False,False,False,False,nan,True,False,True,False,False,109.69039404416715,False
950.0,550.0,False,False,False,False,False,nan,True,False,True,False,False,108.7644974833545,False
950.0,560.0,False,False,False,False,False,nan,True,False,True,False,False,107.88630539561204,False
950.0,570.0,False,False,False,False,False,nan,True,False,True,False,False,107.05307855611332,False
950.0,580.0,False,False,False,False,False,nan,True,False,True,False,False,106.26227823839982,False
950.0,600.0,False,False,False,False,False,nan,True,False,True,False,False,104.79870068605372,False
950.0,650.0,False,False,False,False,False,nan,True,False,True,False,False,101.73609035286631,False
950.0,700.0,False,False,False,False,False,nan,True,False,True,False,False,99.36686499624676,False
950.0,750.0,False,False,False,False,False,nan,True,False,True,False,False,97.54064869542256,False
960.0,520.0,False,False,False,False,False,nan,True,False,True,False,False,110.04962332463971,False
960.0,530.0,False,False,False,False,False,nan,True,False,True,False,False,109.05627514740651,False
960.0,540.0,False,False,False,False,False,nan,True,False,True,False,False,108.1152342938963,False
960.0,550.0,False,False,False,False,False,nan,True,False,True,False,False,107.22338842313812,False
960.0,560.0,False,False,False,False,False,nan,True,False,True,False,False,106.37786090398043,False
960.0,570.0,False,False,False,False,False,nan,True,False,True,False,False,105.57598934790124,False
960.0,580.0,False,False,False,False,False,nan,True,False,True,False,False,104.81530642936306,False
970.0,520.0,False,False,False,False,False,nan,True,False,True,False,False,108.42385252908996,False
970.0,530.0,False,False,False,False,False,nan,True,False,True,False,False,107.46711115210937,False
970.0,540.0,False,False,False,False,False,nan,True,False,True,False,False,106.56113508651384,False
970.0,550.0,False,False,False,False,False,nan,True,False,True,False,False,105.70290045041726,False
970.0,560.0,False,False,False,False,False,nan,True,False,True,False,False,104.88961258448654,False
970.0,570.0,False,False,False,False,False,nan,True,False,True,False,False,104.1186851743924,False
970.0,580.0,False,False,False,False,False,nan,True,False,True,False,False,103.38772159655842,False
980.0,520.0,False,False,False,False,False,nan,True,False,True,False,False,106.82014880945435,False
980.0,530.0,False,False,False,False,False,nan,True,False,True,False,False,105.89953991005227,False
980.0,540.0,False,False,False,False,False,nan,True,False,True,False,False,105.02817057870196,False
980.0,550.0,False,False,False,False,False,nan,True,False,True,False,False,104.20310449615843,False
980.0,560.0,False,False,False,False,False,nan,True,False,True,False,False,103.42162815641079,False
980.0,570.0,False,False,False,False,False,nan,True,False,True,False,False,102.68123056989835,False
980.0,580.0,False,False,False,False,False,nan,True,False,True,False,False,101.9795851269123,False
1000.0,0.0,True,False,True,False,False,1000.0000000000002,True,False,True,False,False,inf,False
1000.0,100.0,True,False,True,False,False,298.63092015607486,True,False,True,False,False,425.8953619518584,False
1000.0,150.0,False,False,False,False,False,nan,True,False,True,False,False,271.7592844066118,False
1000.0,200.0,False,False,False,False,False,nan,True,False,True,False,False,204.60071385266164,False
1000.0,250.0,False,False,False,False,False,nan,True,False,True,False,False,167.66668939511652,False
1000.0,300.0,False,False,False,False,False,nan,True,False,True,False,False,144.78293936693777,False
1000.0,350.0,False,False,False,False,False,nan,True,False,True,False,False,129.5428510328963,False
1000.0,400.0,False,False,False,False,False,nan,True,False,True,False,False,118.89681515684285,False
1000.0,450.0,False,False,False,False,False,nan,True,False,True,False,False,111.20998737308959,False
1000.0,500.0,False,False,False,False,False,nan,True,False,True,False,False,105.5297918801951,False
1000.0,550.0,False,False,False,False,False,nan,True,False,True,False,False,101.26588365117279,False
1000.0,600.0,False,False,False,False,False,nan,True,False,True,False,False,98.03458738752167,False
1000.0,650.0,False,False,False,False,False,nan,True,False,True,False,False,95.57690843426454,False
1000.0,700.0,False,False,False,False,False,nan,True,False,True,False,False,93.71248990209969,False
1000.0,800.0,False,False,False,False,False,nan,True,False,True,False,False,91.28239779177025,False
1000.0,900.0,False,False,False,False,False,nan,True,False,True,False,False,90.06844934805727,False
1000.0,1000.0,False,False,False,False,False,nan,True,False,True,False,False,89.6849508080642,False
1000.0,1100.0,False,False,False,False,False,nan,True,False,True,False,False,89.89760335506264,False
1000.0,1200.0,False,False,False,False,False,nan,True,False,True,False,False,90.55646657868625,False
1000.0,1300.0,False,False,False,False,False,nan,True,False,True,False,False,91.56119178785372,False
1000.0,1400.0,False,False,False,False,False,nan,True,False,True,False,False,92.84193303041403,False
1000.0,1500.0,False,False,False,False,False,nan,False,False,False,False,False,nan,False
1000.0,1600.0,False,False,False,False,False,nan,False,False,False,False,False,nan,False
1000.0,1700.0,False,False,False,False,False,nan,False,False,False,False,False,nan,False
1000.0,1800.0,False,False,False,False,False,nan,False,False,False,False,False,nan,False
1000.0,1900.0,False,False,False,False,False,nan,False,False,False,False,False,nan,False
1000.0,2000.0,False,False,False,False,False,nan,False,False,False,False,False,nan,False
1000.0,2100.0,False,False,False,False,False,nan,False,False,False,False,False,nan,False
1000.0,2200.0,False,False,False,False,False,nan,False,False,False,False,False,nan,False
1000.0,2300.0,False,False,False,False,False,nan,False,False,False,False,False,nan,False
1000.0,2400.0,False,False,False,False,False,nan,False,False,False,False,False,nan,False
1000.0,2500.0,False,False,False,False,False,nan,False,False,False,False,False,nan,False
1000.0,2600.0,False,False,False,False,False,nan,False,False,False,False,False,nan,False
1000.0,2700.0,False,False,False,False,False,nan,False,False,False,False,False,nan,False
1000.0,2800.0,False,False,False,False,False,nan,False,False,False,False,False,nan,False
1000.0,2900.0,False,False,False,False,False,nan,False,False,False,False,False,nan,False
1000.0,3000.0,False,False,False,False,False,nan,False,False,False,False,False,nan,False
1020.0,420.0,False,False,False,False,False,nan,True,False,True,False,False,111.58006030354844,False
1020.0,430.0,False,False,False,False,False,nan,True,False,True,False,False,110.16145769150951,False
1020.0,440.0,False,False,False,False,False,nan,True,False,True,False,False,108.82904290337501,False
1020.0,450.0,False,False,False,False,False,nan,True,False,True,False,False,107.57655755216106,False
1020.0,460.0,False,False,False,False,False,nan,True,False,True,False,False,106.39831771716005,False
1020.0,470.0,False,False,False,False,False,nan,True,False,True,False,False,105.2891505568716,False
1020.0,480.0,False,False,False,False,False,nan,True,False,True,False,False,104.24433909922429,False
1030.0,420.0,False,False,False,False,False,nan,True,False,True,False,False,109.64742992462911,False
1030.0,430.0,False,False,False,False,False,nan,True,False,True,False,False,108.28343759515822,False
1030.0,440.0,False,False,False,False,False,nan,True,False,True,False,False,107.00284062176475,False
1030.0,450.0,False,False,False,False,False,nan,True,False,True,False,False,105.7995753616788,False
1030.0,460.0,False,False,False,False,False,nan,True,False,True,False,False,104.66813514471426,False
1030.0,470.0,False,False,False,False,False,nan,True,False,True,False,False,103.60350883642815,False
1030.0,480.0,False,False,False,False,False,nan,True,False,True,False,False,102.60112731923549,False
1040.0,420.0,False,False,False,False,False,nan,True,False,True,False,False,107.74357809515213,False
1040.0,430.0,False,False,False,False,False,nan,True,False,True,False,False,106.43346241270845,False
1040.0,440.0,False,False,False,False,False,nan,True,False,True,False,False,105.20398067235416,False
1040.0,450.0,False,False,False,False,False,nan,True,False,True,False,False,104.04926172294202,False
1040.0,460.0,False,False,False,False,False,nan,True,False,True,False,False,102.96397414408709,False
1040.0,470.0,False,False,False,False,False,nan,True,False,True,False,False,101.94326672464402,False
1040.0,480.0,False,False,False,False,False,nan,True,False,True,False,False,100.98271660513163,False
1042.0,442.0,False,False,False,False,False,nan,True,False,True,False,False,104.6127211342161,False
1042.0,444.0,False,False,False,False,False,nan,True,False,True,False,False,104.38086395873248,False
1042.0,446.0,False,False,False,False,False,nan,True,False,True,False,False,104.151888067437,False
1042.0,448.0,False,False,False,False,False,nan,True,False,True,False,False,103.92575114406505,False
1042.0,450.0,False,False,False,False,False,nan,True,False,True,False,False,103.70241167002732,False
1042.0,452.0,False,False,False,False,False,nan,True,False,True,False,False,103.48182890609353,False
1042.0,454.0,False,False,False,False,False,nan,True,False,True,False,False,103.26396287456492,False
1042.0,456.0,False,False,False,False,False,nan,True,False,True,False,False,103.04877434193232,False
1042.0,458.0,False,False,False,False,False,nan,True,False,True,False,False,102.8362248020105,False
1044.0,442.0,False,False,False,False,False,nan,True,False,True,False,False,104.25930373667137,False
1044.0,444.0,False,False,False,False,False,nan,True,False,True,False,False,104.02938620023637,False
1044.0,446.0,False,False,False,False,False,nan,True,False,True,False,False,103.80233016195314,False
1044.0,448.0,False,False,False,False,False,nan,True,False,True,False,False,103.57809358308808,False
1044.0,450.0,False,False,False,False,False,nan,True,False,True,False,False,103.35663521751688,False
1044.0,452.0,False,False,False,False,False,nan,True,False,True,False,False,103.13791459352235,False
1044.0,454.0,False,False,False,False,False,nan,True,False,True,False,False,102.9218919960797,False
1044.0,456.0,False,False,False,False,False,nan,True,False,True,False,False,102.70852844963102,False
1044.0,458.0,False,False,False,False,False,nan,True,False,True,False,False,102.49778570131087,False
1046.0,442.0,False,False,False,False,False,nan,True,False,True,False,False,103.90698286447365,False
1046.0,444.0,False,False,False,False,False,nan,True,False,True,False,False,103.67899946473291,False
1046.0,446.0,False,False,False,False,False,nan,True,False,True,False,False,103.4538578216508,False
1046.0,448.0,False,False,False,False,False,nan,True,False,True,False,False,103.23151617340747,False
1046.0,450.0,False,False,False,False,False,nan,True,False,True,False,False,103.01193354574272,False
1046.0,452.0,False,False,False,False,False,nan,True,False,True,False,False,102.79506973386103,False
1046.0,454.0,False,False,False,False,False,nan,True,False,True,False,False,102.58088528483842,False
1046.0,456.0,False,False,False,False,False,nan,True,False,True,False,False,102.36934148049734,False
1046.0,458.0,False,False,False,False,False,nan,True,False,True,False,False,102.16040032075676,False
1048.0,442.0,False,False,False,False,False,nan,True,False,True,False,False,103.5557597503196,False
1048.0,444.0,False,False,False,False,False,nan,True,False,True,False,False,103.32970497426501,False
1048.0,446.0,False,False,False,False,False,nan,True,False,True,False,False,103.10647225790305,False
1048.0,448.0,False,False,False,False,False,nan,True,False,True,False,False,102.88602011571896,False
1048.0,450.0,False,False,False,False,False,nan,True,False,True,False,False,102.66830784471215,False
1048.0,452.0,False,False,False,False,False,nan,True,False,True,False,False,102.4532955064271,False
1048.0,454.0,False,False,False,False,False,nan,True,False,True,False,False,102.2409439094624,False
1048.0,456.0,False,False,False,False,False,nan,True,False,True,False,False,102.03121459246998,False
1048.0,458.0,False,False,False,False,False,nan,True,False,True,False,False,101.824069807592,False
1050.0,150.0,False,False,False,False,False,nan,True,False,True,False,False,237.35041285800614,False
1050.0,200.0,False,False,False,False,False,nan,True,False,True,False,False,180.65195842441778,False
1050.0,250.0,False,False,False,False,False,nan,True,False,True,False,False,149.46081556243675,False
1050.0,300.0,False,False,False,False,False,nan,True,False,True,False,False,130.21160710158313,False
1050.0,350.0,False,False,False,False,False,nan,True,False,True,False,False,117.47190838122069,False
1050.0,400.0,False,False,False,False,False,nan,True,False,True,False,False,108.64207768627189,False
1050.0,420.0,False,False,False,False,False,nan,True,False,True,False,False,105.86866508643708,False
1050.0,430.0,False,False,False,False,False,nan,True,False,True,False,False,104.61168669943756,False
1050.0,440.0,False,False,False,False,False,nan,True,False,True,False,False,103.43261172662405,False
1050.0,442.0,False,False,False,False,False,nan,True,False,True,False,False,103.20563563744498,False
1050.0,444.0,False,False,False,False,False,nan,True,False,True,False,False,102.98150396118972,False
1050.0,446.0,False,False,False,False,False,nan,True,False,True,False,False,102.76017469218155,False
1050.0,448.0,False,False,False,False,False,nan,True,False,True,False,False,102.54160662059648,False
1050.0,450.0,False,False,False,False,False,nan,True,False,True,False,False,102.32575931409832,False
1050.0,452.0,False,False,False,False,False,nan,True,False,True,False,False,102.11259309998685,False
1050.0,454.0,False,False,False,False,False,nan,True,False,True,False,False,101.90206904781805,False
1050.0,456.0,False,False,False,False,False,nan,True,False,True,False,False,101.6941489525085,False
1050.0,458.0,False,False,False,False,False,nan,True,False,True,False,False,101.4887953178868,False
1050.0,460.0,False,False,False,False,False,nan,True,False,True,False,False,101.28597134069327,False
1050.0,470.0,False,False,False,False,False,nan,True,False,True,False,False,100.30855477775796,False
1050.0,480.0,False,False,False,False,False,nan,True,False,True,False,False,99.38923146416994,False
1050.0,550.0,False,False,False,False,False,nan,True,False,True,False,False,94.2903231766266,False
1050.0,600.0,False,False,False,False,False,nan,True,False,True,False,False,91.74189245075154,False
1050.0,650.0,False,False,False,False,False,nan,True,False,True,False,False,89.84484056886323,False
1052.0,442.0,False,False,False,False,False,nan,True,False,True,False,False,102.85661177961863,False
1052.0,444.0,False,False,False,False,False,nan,True,False,True,False,False,102.63439766817011,False
1052.0,446.0,False,False,False,False,False,nan,True,False,True,False,False,102.4149663560339,False
1052.0,448.0,False,False,False,False,False,nan,True,False,True,False,False,102.19827690846817,False
1052.0,450.0,False,False,False,False,False,nan,True,False,True,False,False,101.9842891632092,False
1052.0,452.0,False,False,False,False,False,nan,True,False,True,False,False,101.7729637127334,False
1052.0,454.0,False,False,False,False,False,nan,True,False,True,False,False,101.56426188698188,False
1052.0,456.0,False,False,False,False,False,nan,True,False,True,False,False,101.35814573658566,False
1052.0,458.0,False,False,False,False,False,nan,True,False,True,False,False,101.15457801651245,False
1054.0,442.0,False,False,False,False,False,nan,True,False,True,False,False,102.50868944112074,False
1054.0,444.0,False,False,False,False,False,nan,True,False,True,False,False,102.28838734815403,False
1054.0,446.0,False,False,False,False,False,nan,True,False,True,False,False,102.07084849106818,False
1054.0,448.0,False,False,False,False,False,nan,True,False,True,False,False,101.85603220960141,False
1054.0,450.0,False,False,False,False,False,nan,True,False,True,False,False,101.6438986109759,False
1054.0,452.0,False,False,False,False,False,nan,True,False,True,False,False,101.43440855225839,False
1054.0,454.0,False,False,False,False,False,nan,True,False,True,False,False,101.22752362321884,False
1054.0,456.0,False,False,False,False,False,nan,True,False,True,False,False,101.02320612964493,False
1054.0,458.0,False,False,False,False,False,nan,True,False,True,False,False,100.82141907710601,False
1056.0,442.0,False,False,False,False,False,nan,True,False,True,False,False,102.16186989673143,False
1056.0,444.0,False,False,False,False,False,nan,True,False,True,False,False,101.9434742643531,False
1056.0,446.0,False,False,False,False,False,nan,True,False,True,False,False,101.7278223489291,False
1056.0,448.0,False,False,False,False,False,nan,True,False,True,False,False,101.51487376407866,False
1056.0,450.0,False,False,False,False,False,nan,True,False,True,False,False,101.30458888591482,False
1056.0,452.0,False,False,False,False,False,nan,True,False,True,False,False,101.09692883552715,False
1056.0,454.0,False,False,False,False,False,nan,True,False,True,False,False,100.89185546194884,False
1056.0,456.0,False,False,False,False,False,nan,True,False,True,False,False,100.68933132557702,False
1056.0,458.0,False,False,False,False,False,nan,True,False,True,False,False,100.48931968204525,False
1058.0,442.0,False,False,False,False,False,nan,True,False,True,False,False,101.81615443170395,False
1058.0,444.0,False,False,False,False,False,nan,True,False,True,False,False,101.59965969022204,False
1058.0,446.0,False,False,False,False,False,nan,True,False,True,False,False,101.38588919127731,False
1058.0,448.0,False,False,False,False,False,nan,True,False,True,False,False,101.17480282176531,False
1058.0,450.0,False,False,False,False,False,nan,True,False,True,False,False,100.96636122611004,False
1058.0,452.0,False,False,False,False,False,nan,True,False,True,False,False,100.76052578885238,False
1058.0,454.0,False,False,False,False,False,nan,True,False,True,False,False,100.5572586177242,False
1058.0,456.0,False,False,False,False,False,nan,True,False,True,False,False,100.35652252718951,False
1058.0,458.0,False,False,False,False,False,nan,True,False,True,False,False,100.15828102240782,False
1060.0,420.0,False,False,False,False,False,nan,True,False,True,False,False,104.02285940005069,False
1060.0,430.0,False,False,False,False,False,nan,True,False,True,False,False,102.81827247302135,False
1060.0,440.0,False,False,False,False,False,nan,True,False,True,False,False,101.688889197433,False
1060.0,450.0,False,False,False,False,False,nan,True,False,True,False,False,100.62921687918204,False
1060.0,460.0,False,False,False,False,False,nan,True,False,True,False,False,99.63426879435691,False
1060.0,470.0,False,False,False,False,False,nan,True,False,True,False,False,98.69950839732417,False
1060.0,480.0,False,False,False,False,False,nan,True,False,True,False,False,97.82080070050003,False
1070.0,420.0,False,False,False,False,False,nan,True,False,True,False,False,102.20633781273018,False
1070.0,430.0,False,False,False,False,False,nan,True,False,True,False,False,101.05338921850745,False
1070.0,440.0,False,False,False,False,False,nan,True,False,True,False,False,99.97297520901904,False
1070.0,450.0,False,False,False,False,False,nan,True,False,True,False,False,98.95978916770038,False
1070.0,460.0,False,False,False,False,False,nan,True,False,True,False,False,98.00901391265946,False
1070.0,470.0,False,False,False,False,False,nan,True,False,True,False,False,97.1162677211407,False
1070.0,480.0,False,False,False,False,False,nan,True,False,True,False,False,96.27755728711739,False
1080.0,420.0,False,False,False,False,False,nan,True,False,True,False,False,100.41928538993348,False
1080.0,430.0,False,False,False,False,False,nan,True,False,True,False,False,99.31721386142958,False
1080.0,440.0,False,False,False,False,False,nan,True,False,True,False,False,98.28503853502438,False
1080.0,450.0,False,False,False,False,False,nan,True,False,True,False,False,97.31763684243673,False
1080.0,460.0,False,False,False,False,False,nan,True,False,True,False,False,96.41035933299693,False
1080.0,470.0,False,False,False,False,False,nan,True,False,True,False,False,95.55897748359357,False
1080.0,480.0,False,False,False,False,False,nan,True,False,True,False,False,94.75963820812463,False
1100.0,0.0,False,False,False,False,False,nan,True,False,True,False,False,inf,False
1100.0,100.0,False,False,False,False,False,nan,True,False,True,False,False,311.56729511393286,False
1100.0,200.0,False,False,False,False,False,nan,True,False,True,False,False,158.3891297676458,False
1100.0,300.0,False,False,False,False,False,nan,True,False,True,False,False,116.68671878088988,False
1100.0,350.0,False,False,False,False,False,nan,True,False,True,False,False,106.28775854986912,False
1100.0,400.0,False,False,False,False,False,nan,True,False,True,False,False,99.15537326638153,False
1100.0,450.0,False,False,False,False,False,nan,True,False,True,False,False,94.11582976239355,False
1100.0,500.0,False,False,False,False,False,nan,True,False,True,False,False,90.48693012919934,False
1100.0,600.0,False,False,False,False,False,nan,True,False,True,False,False,85.92811943281596,False
1100.0,700.0,False,False,False,False,False,nan,True,False,True,False,False,83.57329195791115,False
1100.0,800.0,False,False,False,False,False,nan,True,False,True,False,False,82.53171615869839,False
1100.0,900.0,False,False,False,False,False,nan,True,False,True,False,False,82.33981707140082,False
1100.0,1000.0,False,False,False,False,False,nan,True,False,True,False,False,82.73553969653368,False
1100.0,1100.0,False,False,False,False,False,nan,True,False,True,False,False,83.5603952385561,False
1100.0,1200.0,False,False,False,False,False,nan,True,False,True,False,False,84.71287131127686,False
1100.0,1300.0,False,False,False,False,False,nan,True,False,True,False,False,86.12462625847395,False
1100.0,1400.0,False,False,False,False,False,nan,True,False,True,False,False,87.74759295020839,False
1100.0,1500.0,False,False,False,False,False,nan,False,False,False,False,False,nan,False
1100.0,1600.0,False,False,False,False,False,nan,False,False,False,False,False,nan,False
1100.0,1700.0,False,False,False,False,False,nan,False,False,False,False,False,nan,False
1100.0,1800.0,False,False,False,False,False,nan,False,False,False,False,False,nan,False
1100.0,1900.0,False,False,False,False,False,nan,False,False,False,False,False,nan,False
1100.0,2000.0,False,False,False,False,False,nan,False,False,False,False,False,nan,False
1100.0,2100.0,False,False,False,False,False,nan,False,False,False,False,False,nan,False
1100.0,2200.0,False,False,False,False,False,nan,False,False,False,False,False,nan,False
1100.0,2300.0,False,False,False,False,False,nan,False,False,False,False,False,nan,False
1100.0,2400.0,False,False,False,False,False,nan,False,False,False,False,False,nan,False
1100.0,2500.0,False,False,False,False,False,nan,False,False,False,False,False,nan,False
1100.0,2600.0,False,False,False,False,False,nan,False,False,False,False,False,nan,False
1100.0,2700.0,False,False,False,False,False,nan,False,False,False,False,False,nan,False
1100.0,2800.0,False,False,False,False,False,nan,False,False,False,False,False,nan,False
1100.0,2900.0,False,False,False,False,False,nan,False,False,False,False,False,nan,False
1100.0,3000.0,False,False,False,False,False,nan,False,False,False,False,False,nan,False
1150.0,350.0,False,False,False,False,False,nan,True,False,True,False,False,96.0219665464262,False
1150.0,400.0,False,False,False,False,False,nan,True,False,True,False,False,90.46312430060988,False
1150.0,450.0,False,False,False,False,False,nan,True,False,True,False,False,86.60094014534492,False
1200.0,0.0,False,False,False,False,False,nan,True,False,True,False,False,inf,False
1200.0,100.0,False,False,False,False,False,nan,True,False,True,False,False,217.121040960945,False
1200.0,200.0,False,False,False,False,False,nan,True,False,True,False,False,118.9684682866891,False
1200.0,300.0,False,False,False,False,False,nan,True,False,True,False,False,92.92927985704887,False
1200.0,400.0,False,False,False,False,False,nan,True,False,True,False,False,82.59797624265357,False
1200.0,500.0,False,False,False,False,False,nan,True,False,True,False,False,77.89753094959266,False
1200.0,600.0,False,False,False,False,False,nan,True,False,True,False,False,75.76654691844702,False
1200.0,700.0,False,False,False,False,False,nan,True,False,True,False,False,75.01113851572616,False
1200.0,800.0,False,False,False,False,False,nan,True,False,True,False,False,75.08575245606268,False
1200.0,900.0,False,False,False,False,False,nan,True,False,True,False,False,75.71043402834317,False
1200.0,1000.0,False,False,False,False,False,nan,True,False,True,False,False,76.72765148952485,False
1200.0,1100.0,False,False,False,False,False,nan,True,False,True,False,False,78.04166061708231,False
1200.0,1200.0,False,False,False,False,False,nan,True,False,True,False,False,79.5902862190936,False
1200.0,1300.0,False,False,False,False,False,nan,True,False,True,False,False,81.33076712907723,False
1200.0,1400.0,False,False,False,False,False,nan,True,False,True,False,False,83.23220327191648,False
1200.0,1500.0,False,False,False,False,False,nan,False,False,False,False,False,nan,False
1200.0,1600.0,False,False,False,False,False,nan,False,False,False,False,False,nan,False
1200.0,1700.0,False,False,False,False,False,nan,False,False,False,False,False,nan,False
1200.0,1800.0,False,False,False,False,False,nan,False,False,False,False,False,nan,False
1200.0,1900.0,False,False,False,False,False,nan,False,False,False,False,False,nan,False
1200.0,2000.0,False,False,False,False,False,nan,False,False,False,False,False,nan,False
1200.0,2100.0,False,False,False,False,False,nan,False,False,False,False,False,nan,False
1200.0,2200.0,False,False,False,False,False,nan,False,False,False,False,False,nan,False
1200.0,2300.0,False,False,False,False,False,nan,False,False,False,False,False,nan,False
1200.0,2400.0,False,False,False,False,False,nan,False,False,False,False,False,nan,False
1200.0,2500.0,False,False,False,False,False,nan,False,False,False,False,False,nan,False
1200.0,2600.0,False,False,False,False,False,nan,False,False,False,False,False,nan,False
1200.0,2700.0,False,False,False,False,False,nan,False,False,False,False,False,nan,False
1200.0,2800.0,False,False,False,False,False,nan,False,False,False,False,False,nan,False
1200.0,2900.0,False,False,False,False,False,nan,False,False,False,False,False,nan,False
1200.0,3000.0,False,False,False,False,False,nan,False,False,False,False,False,nan,False
1300.0,0.0,False,False,False,False,False,nan,True,False,True,False,False,inf,False
1300.0,100.0,False,False,False,False,False,nan,True,False,True,False,False,140.03084473752685,False
1300.0,200.0,False,False,False,False,False,nan,True,False,True,False,False,86.88340460490775,False
1300.0,300.0,False,False,False,False,False,nan,True,False,True,False,False,74.00762867315542,False
1300.0,400.0,False,False,False,False,False,nan,True,False,True,False,False,69.50285448081121,False
1300.0,500.0,False,False,False,False,False,nan,True,False,True,False,False,67.88954704303151,False
1300.0,600.0,False,False,False,False,False,nan,True,False,True,False,False,67.5944554961705,False
1300.0,700.0,False,False,False,False,False,nan,True,False,True,False,False,68.02811224439597,False
1300.0,800.0,False,False,False,False,False,nan,True,False,True,False,False,68.92638761591138,False
1300.0,900.0,False,False,False,False,False,nan,True,False,True,False,False,70.15367653561984,False
1300.0,1000.0,False,False,False,False,False,nan,True,False,True,False,False,71.63215425188153,False
1300.0,1100.0,False,False,False,False,False,nan,True,False,True,False,False,73.31274079559226,False
1300.0,1200.0,False,False,False,False,False,nan,True,False,True,False,False,75.16191841170348,False
1300.0,1300.0,False,False,False,False,False,nan,True,False,True,False,False,77.15524573909521,False
1300.0,1400.0,False,False,False,False,False,nan,True,False,True,False,False,79.27394595029904,False
1300.0,1500.0,False,False,False,False,False,nan,False,False,False,False,False,nan,False
1300.0,1600.0,False,False,False,False,False,nan,False,False,False,False,False,nan,False
1300.0,1700.0,False,False,False,False,False,nan,False,False,False,False,False,nan,False
1300.0,1800.0,False,False,False,False,False,nan,False,False,False,False,False,nan,False
1300.0,1900.0,False,False,False,False,False,nan,False,False,False,False,False,nan,False
1300.0,2000.0,False,False,False,False,False,nan,False,False,False,False,False,nan,False
1300.0,2100.0,False,False,False,False,False,nan,False,False,False,False,False,nan,False
1300.0,2200.0,False,False,False,False,False,nan,False,False,False,False,False,nan,False
1300.0,2300.0,False,False,False,False,False,nan,False,False,False,False,False,nan,False
1300.0,2400.0,False,False,False,False,False,nan,False,False,False,False,False,nan,False
1300.0,2500.0,False,False,False,False,False,nan,False,False,False,False,False,nan,False
1300.0,2600.0,False,False,False,False,False,nan,False,False,False,False,False,nan,False
1300.0,2700.0,False,False,False,False,False,nan,False,False,False,False,False,nan,False
1300.0,2800.0,False,False,False,False,False,nan,False,False,False,False,False,nan,False
1300.0,2900.0,False,False,False,False,False,nan,False,False,False,False,False,nan,False
1300.0,3000.0,False,False,False,False,False,nan,False,False,False,False,False,nan,False
1350.0,850.0,False,False,False,False,False,nan,True,False,True,False,False,67.01173799650356,False
1350.0,900.0,False,False,False,False,False,nan,True,False,True,False,False,67.76344462057753,False
1350.0,950.0,False,False,False,False,False,nan,True,False,True,False,False,68.56541412764693,False
1400.0,0.0,False,False,False,False,False,nan,True,False,True,False,False,inf,False
1400.0,100.0,False,False,False,False,False,nan,True,False,True,False,False,81.05808331416783,False
1400.0,200.0,False,False,False,False,False,nan,True,False,True,False,False,63.888305809488166,False
1400.0,300.0,False,False,False,False,False,nan,True,False,True,False,False,60.721432336465234,False
1400.0,400.0,False,False,False,False,False,nan,True,False,True,False,False,60.16705500947255,False
1400.0,500.0,False,False,False,False,False,nan,True,False,True,False,False,60.54495579276199,False
1400.0,600.0,False,False,False,False,False,nan,True,False,True,False,False,61.406724574595536,False
1400.0,700.0,False,False,False,False,False,nan,True,False,True,False,False,62.58622814093259,False
1400.0,800.0,False,False,False,False,False,nan,True,False,True,False,False,64.00572231161254,False
1400.0,850.0,False,False,False,False,False,nan,True,False,True,False,False,64.79105422430797,False
1400.0,900.0,False,False,False,False,False,nan,True,False,True,False,False,65.62135496779784,False
1400.0,950.0,False,False,False,False,False,nan,True,False,True,False,False,66.49339497244753,False
1400.0,1000.0,False,False,False,False,False,nan,True,False,True,False,False,67.40439631048015,False
1400.0,1100.0,False,False,False,False,False,nan,True,False,True,False,False,69.33379214228147,False
1400.0,1200.0,False,False,False,False,False,nan,True,False,True,False,False,71.39287903990171,False
1400.0,1300.0,False,False,False,False,False,nan,True,False,True,False,False,73.56780342681272,False
1400.0,1400.0,False,False,False,False,False,nan,True,False,True,False,False,75.84669690701747,False
1400.0,1500.0,False,False,False,False,False,nan,False,False,False,False,False,nan,False
1400.0,1600.0,False,False,False,False,False,nan,False,False,False,False,False,nan,False
1400.0,1700.0,False,False,False,False,False,nan,False,False,False,False,False,nan,False
1400.0,1800.0,False,False,False,False,False,nan,False,False,False,False,False,nan,False
1400.0,1900.0,False,False,False,False,False,nan,False,False,False,False,False,nan,False
1400.0,2000.0,False,False,False,False,False,nan,False,False,False,False,False,nan,False
1400.0,2100.0,False,False,False,False,False,nan,False,False,False,False,False,nan,False
1400.0,2200.0,False,False,False,False,False,nan,False,False,False,False,False,nan,False
1400.0,2300.0,False,False,False,False,False,nan,False,False,False,False,False,nan,False
1400.0,2400.0,False,False,False,False,False,nan,False,False,False,False,False,nan,False
1400.0,2500.0,False,False,False,False,False,nan,False,False,False,False,False,nan,False
1400.0,2600.0,False,False,False,False,False,nan,False,False,False,False,False,nan,False
1400.0,2700.0,False,False,False,False,False,nan,False,False,False,False,False,nan,False
1400.0,2800.0,False,False,False,False,False,nan,False,False,False,False,False,nan,False
1400.0,2900.0,False,False,False,False,False,nan,False,False,False,False,False,nan,False
1400.0,3000.0,False,False,False,False,False,nan,False,False,False,False,False,nan,False
1450.0,850.0,False,False,False,False,False,nan,True,False,True,False,False,62.83158565090072,False
1450.0,900.0,False,False,False,False,False,nan,True,False,True,False,False,63.71737168247146,False
1450.0,950.0,False,False,False,False,False,nan,True,False,True,False,False,64.6398864837235,False
1495.0,0.0,False,False,False,False,False,nan,True,True,False,False,True,nan,False
1495.0,1.0,False,False,False,False,False,nan,True,False,True,False,False,187.44633933869676,False
1495.0,2.0,False,False,False,False,False,nan,True,False,True,False,False,87.16104026779017,False
1495.0,3.0,False,False,False,False,False,nan,True,False,True,False,False,62.03900114493102,False
1495.0,4.0,False,False,False,False,False,nan,True,False,True,False,False,51.616147802502276,False
1495.0,5.0,False,False,False,False,False,nan,True,False,True,False,False,46.46415184728452,False
1496.0,0.0,False,False,False,False,False,nan,True,True,False,False,True,nan,False
1496.0,1.0,False,False,False,False,False,nan,True,True,False,False,True,nan,False
1496.0,2.0,False,False,False,False,False,nan,True,True,False,False,True,nan,False
1496.0,3.0,False,False,False,False,False,nan,True,True,False,False,True,nan,False
1496.0,4.0,False,False,False,False,False,nan,True,False,True,False,False,44.995985125598395,False
1496.0,5.0,False,False,False,False,False,nan,True,False,True,False,False,41.6381276557609,False
1497.0,0.0,False,False,False,False,False,nan,True,True,False,False,True,nan,False
1497.0,1.0,False,False,False,False,False,nan,True,True,False,False,True,nan,False
1497.0,2.0,False,False,False,False,False,nan,True,True,False,False,True,nan,False
1497.0,3.0,False,False,False,False,False,nan,True,True,False,False,True,nan,False
1497.0,4.0,False,False,False,False,False,nan,True,True,False,False,True,nan,False
1497.0,5.0,False,False,False,False,False,nan,True,False,True,True,True,37.52812109037443,False
1498.0,0.0,False,False,False,False,False,nan,True,True,False,False,True,nan,False
1498.0,1.0,False,False,False,False,False,nan,True,True,False,False,True,nan,False
1498.0,2.0,False,False,False,False,False,nan,True,True,False,False,True,nan,False
1498.0,3.0,False,False,False,False,False,nan,True,True,False,False,True,nan,False
1498.0,4.0,False,False,False,False,False,nan,True,True,False,False,True,nan,False
1498.0,5.0,False,False,False,False,False,nan,True,False,True,True,True,34.30719319082559,False
1499.0,0.0,False,False,False,False,False,nan,True,True,False,False,True,nan,False
1499.0,1.0,False,False,False,False,False,nan,True,True,False,False,True,nan,False
1499.0,2.0,False,False,False,False,False,nan,True,True,False,False,True,nan,False
1499.0,3.0,False,False,False,False,False,nan,True,True,False,False,True,nan,False
1499.0,4.0,False,False,False,False,False,nan,True,True,False,False,True,nan,False
1499.0,5.0,False,False,False,False,False,nan,True,False,True,True,True,32.1581705473027,False
1500.0,0.0,False,False,False,False,False,nan,True,True,False,False,True,nan,False
1500.0,1.0,False,False,False,False,False,nan,True,True,False,False,True,nan,False
1500.0,2.0,False,False,False,False,False,nan,True,True,False,False,True,nan,False
1500.0,3.0,False,False,False,False,False,nan,True,True,False,False,True,nan,False
1500.0,4.0,False,False,False,False,False,nan,True,True,False,False,True,nan,False
1500.0,5.0,False,False,False,False,False,nan,True,True,False,False,True,nan,False
1500.0,100.0,False,False,False,False,False,nan,True,False,True,False,False,52.62717621483273,False
1500.0,200.0,False,False,False,False,False,nan,True,False,True,False,False,53.09465530210261,False
1500.0,300.0,False,False,False,False,False,nan,True,False,True,False,False,53.7856074572695,False
1500.0,400.0,False,False,False,False,False,nan,True,False,True,False,False,54.69156351798912,False
1500.0,500.0,False,False,False,False,False,nan,True,False,True,False,False,55.802052588890945,False
1500.0,600.0,False,False,False,False,False,nan,True,False,True,False,False,57.1051436284055,False
1500.0,700.0,False,False,False,False,False,nan,True,False,True,False,False,58.58798671318773,False
1500.0,800.0,False,False,False,False,False,nan,True,False,True,False,False,60.23730860508991,False
1500.0,900.0,False,False,False,False,False,nan,True,False,True,False,False,62.03983326429376,False
1500.0,1000.0,False,False,False,False,False,nan,True,False,True,False,False,63.9826138691932,False
1500.0,1100.0,False,False,False,False,False,nan,True,False,True,False,False,66.05327581735459,False
1500.0,1200.0,False,False,False,False,False,nan,True,False,True,False,False,68.24017890853716,False
1500.0,1300.0,False,False,False,False,False,nan,True,False,True,False,False,70.53251159097583,False
1500.0,1400.0,False,False,False,False,False,nan,True,False,True,False,False,72.9203316489268,False
1500.0,1500.0,False,False,False,False,False,nan,True,False,True,False,False,75.39456709103202,False
1500.0,1600.0,False,False,False,False,False,nan,False,False,False,False,False,nan,False
1500.0,1700.0,False,False,False,False,False,nan,False,False,False,False,False,nan,False
1500.0,1800.0,False,False,False,False,False,nan,False,False,False,False,False,nan,False
1500.0,1900.0,False,False,False,False,False,nan,False,False,False,False,False,nan,False
1500.0,2000.0,False,False,False,False,False,nan,False,False,False,False,False,nan,False
1500.0,2100.0,False,False,False,False,False,nan,False,False,False,False,False,nan,False
1500.0,2200.0,False,False,False,False,False,nan,False,False,False,False,False,nan,False
1500.0,2300.0,False,False,False,False,False,nan,False,False,False,False,False,nan,False
1500.0,2400.0,False,False,False,False,False,nan,False,False,False,False,False,nan,False
1500.0,2500.0,False,False,False,False,False,nan,False,False,False,False,False,nan,False
1500.0,2600.0,False,False,False,False,False,nan,False,False,False,False,False,nan,False
1500.0,2700.0,False,False,False,False,False,nan,False,False,False,False,False,nan,False
1500.0,2800.0,False,False,False,False,False,nan,False,False,False,False,False,nan,False
1500.0,2900.0,False,False,False,False,False,nan,False,False,False,False,False,nan,False
1500.0,3000.0,False,False,False,False,False,nan,False,False,False,False,False,nan,False
1501.0,0.0,False,False,False,False,False,nan,True,True,False,False,True,nan,False
1501.0,1.0,False,False,False,False,False,nan,True,True,False,False,True,nan,False
1501.0,2.0,False,False,False,False,False,nan,True,True,False,False,True,nan,False
1501.0,3.0,False,False,False,False,False,nan,True,True,False,False,True,nan,False
1501.0,4.0,False,False,False,False,False,nan,True,True,False,False,True,nan,False
1501.0,5.0,False,False,False,False,False,nan,True,False,True,True,True,31.929401215200812,False
1502.0,0.0,False,False,False,False,False,nan,True,True,False,False,True,nan,False
1502.0,1.0,False,False,False,False,False,nan,True,True,False,False,True,nan,False
1502.0,2.0,False,False,False,False,False,nan,True,True,False,False,True,nan,False
1502.0,3.0,False,False,False,False,False,nan,True,True,False,False,True,nan,False
1502.0,4.0,False,False,False,False,False,nan,True,True,False,False,True,nan,False
1502.0,5.0,False,False,False,False,False,nan,True,False,True,True,True,33.858686805609125,False
1503.0,0.0,False,False,False,False,False,nan,True,True,False,False,True,nan,False
1503.0,1.0,False,False,False,False,False,nan,True,True,False,False,True,nan,False
1503.0,2.0,False,False,False,False,False,nan,True,True,False,False,True,nan,False
1503.0,3.0,False,False,False,False,False,nan,True,True,False,False,True,nan,False
1503.0,4.0,False,False,False,False,False,nan,True,True,False,False,True,nan,False
1503.0,5.0,False,False,False,False,False,nan,True,False,True,True,True,36.811440507042285,False
1504.0,0.0,False,False,False,False,False,nan,True,True,False,False,True,nan,False
1504.0,1.0,False,False,False,False,False,nan,True,True,False,False,True,nan,False
1504.0,2.0,False,False,False,False,False,nan,True,True,False,False,True,nan,False
1504.0,3.0,False,False,False,False,False,nan,True,True,False,False,True,nan,False
1504.0,4.0,False,False,False,False,False,nan,True,False,True,False,False,43.543432784540286,False
1504.0,5.0,False,False,False,False,False,nan,True,False,True,False,False,40.58941529270399,False
1505.0,0.0,False,False,False,False,False,nan,True,True,False,False,True,nan,False
1505.0,1.0,False,False,False,False,False,nan,True,False,True,False,False,152.3456271874445,False
1505.0,2.0,False,False,False,False,False,nan,True,False,True,False,False,79.59217843468356,False
1505.0,3.0,False,False,False,False,False,nan,True,False,True,False,False,58.59504031559669,False
1505.0,4.0,False,False,False,False,False,nan,True,False,True,False,False,49.536262257001354,False
1505.0,5.0,False,False,False,False,False,nan,True,False,True,False,False,45.00789379855411,False
1600.0,0.0,False,False,False,False,False,nan,True,False,True,False,False,1600.0000000000002,False
1600.0,100.0,False,False,False,False,False,nan,True,False,True,False,False,80.54052428235715,False
1600.0,200.0,False,False,False,False,False,nan,True,False,True,False,False,63.479566265251194,False
1600.0,300.0,False,False,False,False,False,nan,True,False,True,False,False,60.24503424426261,False
1600.0,400.0,False,False,False,False,False,nan,True,False,True,False,False,59.59825473828032,False
1600.0,500.0,False,False,False,False,False,nan,True,False,True,False,False,59.87891521802119,False
1600.0,600.0,False,False,False,False,False,nan,True,False,True,False,False,60.64452971555565,False
1600.0,700.0,False,False,False,False,False,nan,True,False,True,False,False,61.73145263713028,False
1600.0,800.0,False,False,False,False,False,nan,True,False,True,False,False,63.063142696155566,False
1600.0,900.0,False,False,False,False,False,nan,True,False,True,False,False,64.59632222873455,False
1600.0,1000.0,False,False,False,False,False,nan,True,False,True,False,False,66.30247282043096,False
1600.0,1100.0,False,False,False,False,False,nan,True,False,True,False,False,68.1605232401645,False
1600.0,1200.0,False,False,False,False,False,nan,True,False,True,False,False,70.15364561729064,False
1600.0,1300.0,False,False,False,False,False,nan,True,False,True,False,False,72.26772867491083,False
1600.0,1400.0,False,False,False,False,False,nan,True,False,True,False,False,74.49059116579936,False
1600.0,1500.0,False,False,False,False,False,nan,False,False,False,False,False,nan,False
1600.0,1600.0,False,False,False,False,False,nan,False,False,False,False,False,nan,False
1600.0,1700.0,False,False,False,False,False,nan,False,False,False,False,False,nan,False
1600.0,1800.0,False,False,False,False,False,nan,False,False,False,False,False,nan,False
1600.0,1900.0,False,False,False,False,False,nan,False,False,False,False,False,nan,False
1600.0,2000.0,False,False,False,False,False,nan,False,False,False,False,False,nan,False
1600.0,2100.0,False,False,False,False,False,nan,False,False,False,False,False,nan,False
1600.0,2200.0,False,False,False,False,False,nan,False,False,False,False,False,nan,False
1600.0,2300.0,False,False,False,False,False,nan,False,False,False,False,False,nan,False
1600.0,2400.0,False,False,False,False,False,nan,False,False,False,False,False,nan,False
1600.0,2500.0,False,False,False,False,False,nan,False,False,False,False,False,nan,False
1600.0,2600.0,False,False,False,False,False,nan,False,False,False,False,False,nan,False
1600.0,2700.0,False,False,False,False,False,nan,False,False,False,False,False,nan,False
1600.0,2800.0,False,False,False,False,False,nan,False,False,False,False,False,nan,False
1600.0,2900.0,False,False,False,False,False,nan,False,False,False,False,False,nan,False
1600.0,3000.0,False,False,False,False,False,nan,False,False,False,False,False,nan,False
1700.0,0.0,False,False,False,False,False,nan,True,False,True,False,False,1700.0000000000005,False
1700.0,100.0,False,False,False,False,False,nan,True,False,True,False,False,137.72144096580132,False
1700.0,200.0,False,False,False,False,False,nan,True,False,True,False,False,85.9966831127031,False
1700.0,300.0,False,False,False,False,False,nan,True,False,True,False,False,73.27018045748444,False
1700.0,400.0,False,False,False,False,False,nan,True,False,True,False,False,68.75387755871941,False
1700.0,500.0,False,False,False,False,False,nan,True,False,True,False,False,67.08447467683025,False
1700.0,600.0,False,False,False,False,False,nan,True,False,True,False,False,66.71753607009377,False
1700.0,700.0,False,False,False,False,False,nan,True,False,True,False,False,67.07410317109715,False
1700.0,800.0,False,False,False,False,False,nan,True,False,True,False,False,67.89478897558492,False
1700.0,900.0,False,False,False,False,False,nan,True,False,True,False,False,69.04639230549516,False
1700.0,1000.0,False,False,False,False,False,nan,True,False,True,False,False,70.4523630913892,False
1700.0,1100.0,False,False,False,False,False,nan,True,False,True,False,False,72.06428025146744,False
1700.0,1200.0,False,False,False,False,False,nan,True,False,True,False,False,73.84892112655176,False
1700.0,1300.0,False,False,False,False,False,nan,True,False,True,False,False,75.7819145619551,False
1700.0,1400.0,False,False,False,False,False,nan,True,False,True,False,False,77.84441268208663,False
1700.0,1500.0,False,False,False,False,False,nan,False,False,False,False,False,nan,False
1700.0,1600.0,False,False,False,False,False,nan,False,False,False,False,False,nan,False
1700.0,1700.0,False,False,False,False,False,nan,False,False,False,False,False,nan,False
1700.0,1800.0,False,False,False,False,False,nan,False,False,False,False,False,nan,False
1700.0,1900.0,False,False,False,False,False,nan,False,False,False,False,False,nan,False
1700.0,2000.0,False,False,False,False,False,nan,False,False,False,False,False,nan,False
1700.0,2100.0,False,False,False,False,False,nan,False,False,False,False,False,nan,False
1700.0,2200.0,False,False,False,False,False,nan,False,False,False,False,False,nan,False
1700.0,2300.0,False,False,False,False,False,nan,False,False,False,False,False,nan,False
1700.0,2400.0,False,False,False,False,False,nan,False,False,False,False,False,nan,False
1700.0,2500.0,False,False,False,False,False,nan,False,False,False,False,False,nan,False
1700.0,2600.0,False,False,False,False,False,nan,False,False,False,False,False,nan,False
1700.0,2700.0,False,False,False,False,False,nan,False,False,False,False,False,nan,False
1700.0,2800.0,False,False,False,False,False,nan,False,False,False,False,False,nan,False
1700.0,2900.0,False,False,False,False,False,nan,False,False,False,False,False,nan,False
1700.0,3000.0,False,False,False,False,False,nan,False,False,False,False,False,nan,False
1800.0,0.0,False,False,False,False,False,nan,True,False,True,False,False,1800.0000000000002,False
1800.0,100.0,False,False,False,False,False,nan,True,False,True,False,False,209.98389695185062,False
1800.0,200.0,False,False,False,False,False,nan,True,False,True,False,False,117.02708437055355,False
1800.0,300.0,False,False,False,False,False,nan,True,False,True,False,False,91.6790295327343,False
1800.0,400.0,False,False,False,False,False,nan,True,False,True,False,False,81.51880555045517,False
1800.0,500.0,False,False,False,False,False,nan,True,False,True,False,False,76.84928834040436,False
1800.0,600.0,False,False,False,False,False,nan,True,False,True,False,False,74.69620317713553,False
1800.0,700.0,False,False,False,False,False,nan,True,False,True,False,False,73.89528774699063,False
1800.0,800.0,False,False,False,False,False,nan,True,False,True,False,False,73.91365932937757,False
1800.0,900.0,False,False,False,False,False,nan,True,False,True,False,False,74.4776269101003,False
1800.0,1000.0,False,False,False,False,False,nan,True,False,True,False,False,75.43304829287925,False
1800.0,1100.0,False,False,False,False,False,nan,True,False,True,False,False,76.68610750981952,False
1800.0,1200.0,False,False,False,False,False,nan,True,False,True,False,False,78.17574283760048,False
1800.0,1300.0,False,False,False,False,False,nan,True,False,True,False,False,79.85982119471645,False
1800.0,1400.0,False,False,False,False,False,nan,True,False,True,False,False,81.70776832633257,False
1800.0,1500.0,False,False,False,False,False,nan,False,False,False,False,False,nan,False
1800.0,1600.0,False,False,False,False,False,nan,False,False,False,False,False,nan,False
1800.0,1700.0,False,False,False,False,False,nan,False,False,False,False,False,nan,False
1800.0,1800.0,False,False,False,False,False,nan,False,False,False,False,False,nan,False
1800.0,1900.0,False,False,False,False,False,nan,False,False,False,False,False,nan,False
1800.0,2000.0,False,False,False,False,False,nan,False,False,False,False,False,nan,False
1800.0,2100.0,False,False,False,False,False,nan,False,False,False,False,False,nan,False
1800.0,2200.0,False,False,False,False,False,nan,False,False,False,False,False,nan,False
1800.0,2300.0,False,False,False,False,False,nan,False,False,False,False,False,nan,False
1800.0,2400.0,False,False,False,False,False,nan,False,False,False,False,False,nan,False
1800.0,2500.0,False,False,False,False,False,nan,False,False,False,False,False,nan,False
1800.0,2600.0,False,False,False,False,False,nan,False,False,False,False,False,nan,False
1800.0,2700.0,False,False,False,False,False,nan,False,False,False,False,False,nan,False
1800.0,2800.0,False,False,False,False,False,nan,False,False,False,False,False,nan,False
1800.0,2900.0,False,False,False,False,False,nan,False,False,False,False,False,nan,False
1800.0,3000.0,False,False,False,False,False,nan,False,False,False,False,False,nan,False
1900.0,0.0,False,False,False,False,False,nan,True,False,True,False,False,1900.0000000000005,False
1900.0,100.0,False,False,False,False,False,nan,True,False,True,False,False,294.3724645516895,False
1900.0,200.0,False,False,False,False,False,nan,True,False,True,False,False,154.50729572238933,False
1900.0,300.0,False,False,False,False,False,nan,True,False,True,False,False,114.5676273731384,False
1900.0,400.0,False,False,False,False,False,nan,True,False,True,False,False,97.54804406398489,False
1900.0,500.0,False,False,False,False,False,nan,True,False,True,False,False,89.06521940261402,False
1900.0,600.0,False,False,False,False,False,nan,True,False,True,False,False,84.56962065167495,False
1900.0,700.0,False,False,False,False,False,nan,True,False,True,False,False,82.22226234190008,False
1900.0,800.0,False,False,False,False,False,nan,True,False,True,False,False,81.15994456864821,False
1900.0,900.0,False,False,False,False,False,nan,True,False,True,False,False,80.93234342901508,False
1900.0,1000.0,False,False,False,False,False,nan,True,False,True,False,False,81.28448564314799,False
1900.0,1100.0,False,False,False,False,False,nan,True,False,True,False,False,82.06194629096201,False
1900.0,1200.0,False,False,False,False,False,nan,True,False,True,False,False,83.16565411141742,False
1900.0,1300.0,False,False,False,False,False,nan,True,False,True,False,False,84.52877031539589,False
1900.0,1400.0,False,False,False,False,False,nan,True,False,True,False,False,86.10415756559415,False
1900.0,1500.0,False,False,False,False,False,nan,False,False,False,False,False,nan,False
1900.0,1600.0,False,False,False,False,False,nan,False,False,False,False,False,nan,False
1900.0,1700.0,False,False,False,False,False,nan,False,False,False,False,False,nan,False
1900.0,1800.0,False,False,False,False,False,nan,False,False,False,False,False,nan,False
1900.0,1900.0,False,False,False,False,False,nan,False,False,False,False,False,nan,False
1900.0,2000.0,False,False,False,False,False,nan,False,False,False,False,False,nan,False
1900.0,2100.0,False,False,False,False,False,nan,False,False,False,False,False,nan,False
1900.0,2200.0,False,False,False,False,False,nan,False,False,False,False,False,nan,False
1900.0,2300.0,False,False,False,False,False,nan,False,False,False,False,False,nan,False
1900.0,2400.0,False,False,False,False,False,nan,False,False,False,False,False,nan,False
1900.0,2500.0,False,False,False,False,False,nan,False,False,False,False,False,nan,False
1900.0,2600.0,False,False,False,False,False,nan,False,False,False,False,False,nan,False
1900.0,2700.0,False,False,False,False,False,nan,False,False,False,False,False,nan,False
1900.0,2800.0,False,False,False,False,False,nan,False,False,False,False,False,nan,False
1900.0,2900.0,False,False,False,False,False,nan,False,False,False,False,False,nan,False
1900.0,3000.0,False,False,False,False,False,nan,False,False,False,False,False,nan,False
2000.0,0.0,False,False,False,False,False,nan,True,False,True,False,False,2000.0000000000005,False
2000.0,100.0,False,False,False,False,False,nan,True,False,True,False,False,390.4850242478999,False
2000.0,200.0,False,False,False,False,False,nan,True,False,True,False,False,197.5252112839682,False
2000.0,300.0,False,False,False,False,False,nan,True,False,True,False,False,141.3145863591368,False
2000.0,400.0,False,False,False,False,False,nan,True,False,True,False,False,116.50501457890344,False
2000.0,500.0,False,False,False,False,False,nan,True,False,True,False,False,103.57199834087345,False
2000.0,600.0,False,False,False,False,False,nan,True,False,True,False,False,96.27329135776783,False
2000.0,700.0,False,False,False,False,False,nan,True,False,True,False,False,92.0396767232422,False
2000.0,800.0,False,False,False,False,False,nan,True,False,True,False,False,89.64235410379062,False
2000.0,900.0,False,False,False,False,False,nan,True,False,True,False,False,88.43013622686622,False
2000.0,1000.0,False,False,False,False,False,nan,True,False,True,False,False,88.0303196590676,False
2000.0,1100.0,False,False,False,False,False,nan,True,False,True,False,False,88.21600890410093,False
2000.0,1200.0,False,False,False,False,False,nan,True,False,True,False,False,88.84173097646348,False
2000.0,1300.0,False,False,False,False,False,nan,True,False,True,False,False,89.80994307890292,False
2000.0,1400.0,False,False,False,False,False,nan,True,False,True,False,False,91.05260806409726,False
2000.0,1500.0,False,False,False,False,False,nan,False,False,False,False,False,nan,False
2000.0,1600.0,False,False,False,False,False,nan,False,False,False,False,False,nan,False
2000.0,1700.0,False,False,False,False,False,nan,False,False,False,False,False,nan,False
2000.0,1800.0,False,False,False,False,False,nan,False,False,False,False,False,nan,False
2000.0,1900.0,False,False,False,False,False,nan,False,False,False,False,False,nan,False
2000.0,2000.0,False,False,False,False,False,nan,False,False,False,False,False,nan,False
2000.0,2100.0,False,False,False,False,False,nan,False,False,False,False,False,nan,False
2000.0,2200.0,False,False,False,False,False,nan,False,False,False,False,False,nan,False
2000.0,2300.0,False,False,False,False,False,nan,False,False,False,False,False,nan,False
2000.0,2400.0,False,False,False,False,False,nan,False,False,False,False,False,nan,False
2000.0,2500.0,False,False,False,False,False,nan,False,False,False,False,False,nan,False
2000.0,2600.0,False,False,False,False,False,nan,False,False,False,False,False,nan,False
2000.0,2700.0,False,False,False,False,False,nan,False,False,False,False,False,nan,False
2000.0,2800.0,False,False,False,False,False,nan,False,False,False,False,False,nan,False
2000.0,2900.0,False,False,False,False,False,nan,False,False,False,False,False,nan,False
2000.0,3000.0,False,False,False,False,False,nan,False,False,False,False,False,nan,False
2100.0,0.0,False,False,False,False,False,nan,True,False,True,False,False,2100.0000000000005,False
2100.0,100.0,False,False,False,False,False,nan,True,False,True,False,False,498.58989002007286,False
2100.0,200.0,False,False,False,False,False,nan,True,False,True,False,False,245.71083978275726,False
2100.0,300.0,False,False,False,False,False,nan,True,False,True,False,False,171.5571472673021,False
2100.0,400.0,False,False,False,False,False,nan,True,False,True,False,False,138.1362186003259,False
2100.0,500.0,False,False,False,False,False,nan,True,False,True,False,False,120.21719046195658,False
2100.0,600.0,False,False,False,False,False,nan,True,False,True,False,False,109.72537662228619,False
2100.0,700.0,False,False,False,False,False,nan,True,False,True,False,False,103.30981048486173,False
2100.0,800.0,False,False,False,False,False,nan,True,False,True,False,False,99.34912308263819,False
2100.0,900.0,False,False,False,False,False,nan,True,False,True,False,False,96.97379251771592,False
2100.0,1000.0,False,False,False,False,False,nan,True,False,True,False,False,95.68101399228851,False
2100.0,1100.0,False,False,False,False,False,nan,True,False,True,False,False,95.16238466945875,False
2100.0,1200.0,False,False,False,False,False,nan,True,False,True,False,False,95.21934939787589,False
2100.0,1300.0,False,False,False,False,False,nan,True,False,True,False,False,95.71868761910888,False
2100.0,1400.0,False,False,False,False,False,nan,False,False,False,False,False,nan,False
2100.0,1500.0,False,False,False,False,False,nan,False,False,False,False,False,nan,False
2100.0,1600.0,False,False,False,False,False,nan,False,False,False,False,False,nan,False
2100.0,1700.0,False,False,False,False,False,nan,False,False,False,False,False,nan,False
2100.0,1800.0,False,False,False,False,False,nan,False,False,False,False,False,nan,False
2100.0,1900.0,False,False,False,False,False,nan,False,False,False,False,False,nan,False
2100.0,2000.0,False,False,False,False,False,nan,False,False,False,False,False,nan,False
2100.0,2100.0,False,False,False,False,False,nan,False,False,False,False,False,nan,False
2100.0,2200.0,False,False,False,False,False,nan,False,False,False,False,False,nan,False
2100.0,2300.0,False,False,False,False,False,nan,False,False,False,False,False,nan,False
2100.0,2400.0,False,False,False,False,False,nan,False,False,False,False,False,nan,False
2100.0,2500.0,False,False,False,False,False,nan,False,False,False,False,False,nan,False
2100.0,2600.0,False,False,False,False,False,nan,False,False,False,False,False,nan,False
2100.0,2700.0,False,False,False,False,False,nan,False,False,False,False,False,nan,False
2100.0,2800.0,False,False,False,False,False,nan,False,False,False,False,False,nan,False
2100.0,2900.0,False,False,False,False,False,nan,False,False,False,False,False,nan,False
2100.0,3000.0,False,False,False,False,False,nan,False,False,False,False,False,nan,False
2200.0,0.0,False,False,False,False,False,nan,True,False,True,False,False,2200.0000000000005,False
2200.0,100.0,False,False,False,False,False,nan,True,False,True,False,False,619.2106433891446,False
2200.0,200.0,False,False,False,False,False,nan,True,False,True,False,False,298.9375432974053,False
2200.0,300.0,False,False,False,False,False,nan,True,False,True,False,False,205.09731134549475,False
2200.0,400.0,False,False,False,False,False,nan,True,False,True,False,False,162.27064381623214,False
2200.0,500.0,False,False,False,False,False,nan,True,False,True,False,False,138.878424397037,False
2200.0,600.0,False,False,False,False,False,nan,True,False,True,False,False,124.84770675652183,False
2200.0,700.0,False,False,False,False,False,nan,True,False,True,False,False,115.98758211313299,False
2200.0,800.0,False,False,False,False,False,nan,True,False,True,False,False,110.25773391878265,False
2200.0,900.0,False,False,False,False,False,nan,True,False,True,False,False,106.55532195429576,False
2200.0,1000.0,False,False,False,False,False,nan,True,False,True,False,False,104.2375040602524,False
2200.0,1100.0,False,False,False,False,False,nan,True,False,True,False,False,102.90721188097434,False
2200.0,1200.0,False,False,False,False,False,nan,True,False,True,False,False,102.30744770652697,False
2200.0,1300.0,False,False,False,False,False,nan,True,False,True,False,False,102.26522660817594,False
2200.0,1400.0,False,False,False,False,False,nan,False,False,False,False,False,nan,False
2200.0,1500.0,False,False,False,False,False,nan,False,False,False,False,False,nan,False
2200.0,1600.0,False,False,False,False,False,nan,False,False,False,False,False,nan,False
2200.0,1700.0,False,False,False,False,False,nan,False,False,False,False,False,nan,False
2200.0,1800.0,False,False,False,False,False,nan,False,False,False,False,False,nan,False
2200.0,1900.0,False,False,False,False,False,nan,False,False,False,False,False,nan,False
2200.0,2000.0,False,False,False,False,False,nan,False,False,False,False,False,nan,False
2200.0,2100.0,False,False,False,False,False,nan,False,False,False,False,False,nan,False
2200.0,2200.0,False,False,False,False,False,nan,False,False,False,False,False,nan,False
2200.0,2300.0,False,False,False,False,False,nan,False,False,False,False,False,nan,False
2200.0,2400.0,False,False,False,False,False,nan,False,False,False,False,False,nan,False
2200.0,2500.0,False,False,False,False,False,nan,False,False,False,False,False,nan,False
2200.0,2600.0,False,False,False,False,False,nan,False,False,False,False,False,nan,False
2200.0,2700.0,False,False,False,False,False,nan,False,False,False,False,False,nan,False
2200.0,2800.0,False,False,False,False,False,nan,False,False,False,False,False,nan,False
2200.0,2900.0,False,False,False,False,False,nan,False,False,False,False,False,nan,False
2200.0,3000.0,False,False,False,False,False,nan,False,False,False,False,False,nan,False
2300.0,0.0,False,False,False,False,False,nan,True,False,True,False,False,2300.0000000000005,False
2300.0,100.0,False,False,False,False,False,nan,True,False,True,False,False,753.0086732903399,False
2300.0,200.0,False,False,False,False,False,nan,True,False,True,False,False,357.1959311270377,False
2300.0,300.0,False,False,False,False,False,nan,True,False,True,False,False,241.83394734389066,False
2300.0,400.0,False,False,False,False,False,nan,True,False,True,False,False,188.79948713607217,False
2300.0,500.0,False,False,False,False,False,nan,True,False,True,False,False,159.46552541881942,False
2300.0,600.0,False,False,False,False,False,nan,True,False,True,False,False,141.57457973153342,False
2300.0,700.0,False,False,False,False,False,nan,True,False,True,False,False,130.02940696962608,False
2300.0,800.0,False,False,False,False,False,nan,True,False,True,False,False,122.34190463192449,False
2300.0,900.0,False,False,False,False,False,nan,True,False,True,False,False,117.1609515813708,False
2300.0,1000.0,False,False,False,False,False,nan,True,False,True,False,False,113.69459329577835,False
2300.0,1100.0,False,False,False,False,False,nan,True,False,True,False,False,111.45091949681857,False
2300.0,1200.0,False,False,False,False,False,nan,True,False,True,False,False,110.1099742919543,False
2300.0,1300.0,False,False,False,False,False,nan,False,False,False,False,False,nan,False
2300.0,1400.0,False,False,False,False,False,nan,False,False,False,False,False,nan,False
2300.0,1500.0,False,False,False,False,False,nan,False,False,False,False,False,nan,False
2300.0,1600.0,False,False,False,False,False,nan,False,False,False,False,False,nan,False
2300.0,1700.0,False,False,False,False,False,nan,False,False,False,False,False,nan,False
2300.0,1800.0,False,False,False,False,False,nan,False,False,False,False,False,nan,False
2300.0,1900.0,False,False,False,False,False,nan,False,False,False,False,False,nan,False
2300.0,2000.0,False,False,False,False,False,nan,False,False,False,False,False,nan,False
2300.0,2100.0,False,False,False,False,False,nan,False,False,False,False,False,nan,False
2300.0,2200.0,False,False,False,False,False,nan,False,False,False,False,False,nan,False
2300.0,2300.0,False,False,False,False,False,nan,False,False,False,False,False,nan,False
2300.0,2400.0,False,False,False,False,False,nan,False,False,False,False,False,nan,False
2300.0,2500.0,False,False,False,False,False,nan,False,False,False,False,False,nan,False
2300.0,2600.0,False,False,False,False,False,nan,False,False,False,False,False,nan,False
2300.0,2700.0,False,False,False,False,False,nan,False,False,False,False,False,nan,False
2300.0,2800.0,False,False,False,False,False,nan,False,False,False,False,False,nan,False
2300.0,2900.0,False,False,False,False,False,nan,False,False,False,False,False,nan,False
2300.0,3000.0,False,False,False,False,False,nan,False,False,False,False,False,nan,False
2400.0,0.0,False,False,False,False,False,nan,True,False,True,False,False,2400.0000000000005,False
2400.0,100.0,False,False,False,False,False,nan,True,False,True,False,False,900.7449126111817,False
2400.0,200.0,False,False,False,False,False,nan,True,False,True,False,False,420.53869540812724,False
2400.0,300.0,False,False,False,False,False,nan,True,False,True,False,False,281.72296065878965,False
2400.0,400.0,False,False,False,False,False,nan,True,False,True,False,False,217.65690639895968,False
2400.0,500.0,False,False,False,False,False,nan,True,False,True,False,False,181.91545007703897,False
2400.0,600.0,False,False,False,False,False,nan,True,False,True,False,False,159.8546133236392,False
2400.0,700.0,False,False,False,False,False,nan,True,False,True,False,False,145.397361412318,False
2400.0,800.0,False,False,False,False,False,nan,True,False,True,False,False,135.5758637705867,False
2400.0,900.0,False,False,False,False,False,nan,True,False,True,False,False,128.77470849685736,False
2400.0,1000.0,False,False,False,False,False,nan,True,False,True,False,False,124.04369137870535,False
2400.0,1100.0,False,False,False,False,False,nan,True,False,True,False,False,120.79021618281507,False
2400.0,1200.0,False,False,False,False,False,nan,True,False,True,False,False,118.62728673836902,False
2400.0,1300.0,False,False,False,False,False,nan,False,False,False,False,False,nan,False
2400.0,1400.0,False,False,False,False,False,nan,False,False,False,False,False,nan,False
2400.0,1500.0,False,False,False,False,False,nan,False,False,False,False,False,nan,False
2400.0,1600.0,False,False,False,False,False,nan,False,False,False,False,False,nan,False
2400.0,1700.0,False,False,False,False,False,nan,False,False,False,False,False,nan,False
2400.0,1800.0,False,False,False,False,False,nan,False,False,False,False,False,nan,False
2400.0,1900.0,False,False,False,False,False,nan,False,False,False,False,False,nan,False
2400.0,2000.0,False,False,False,False,False,nan,False,False,False,False,False,nan,False
2400.0,2100.0,False,False,False,False,False,nan,False,False,False,False,False,nan,False
2400.0,2200.0,False,False,False,False,False,nan,False,False,False,False,False,nan,False
2400.0,2300.0,False,False,False,False,False,nan,False,False,False,False,False,nan,False
2400.0,2400.0,False,False,False,False,False,nan,False,False,False,False,False,nan,False
2400.0,2500.0,False,False,False,False,False,nan,False,False,False,False,False,nan,False
2400.0,2600.0,False,False,False,False,False,nan,False,False,False,False,False,nan,False
2400.0,2700.0,False,False,False,False,False,nan,False,False,False,False,False,nan,False
2400.0,2800.0,False,False,False,False,False,nan,False,False,False,False,False,nan,False
2400.0,2900.0,False,False,False,False,False,nan,False,False,False,False,False,nan,False
2400.0,3000.0,False,False,False,False,False,nan,False,False,False,False,False,nan,False
2500.0,0.0,False,False,False,False,False,nan,True,False,True,False,False,2500.0000000000005,False
2500.0,100.0,False,False,False,False,False,nan,True,False,True,False,False,1063.2679846504186,False
2500.0,200.0,False,False,False,False,False,nan,True,False,True,False,False,489.05479237473963,False
2500.0,300.0,False,False,False,False,False,nan,True,False,True,False,False,324.754864808931,False
2500.0,400.0,False,False,False,False,False,nan,True,False,True,False,False,248.80601030429062,False
2500.0,500.0,False,False,False,False,False,nan,True,False,True,False,False,206.18603038152864,False
2500.0,600.0,False,False,False,False,False,nan,True,False,True,False,False,179.64952256736817,False
2500.0,700.0,False,False,False,False,False,nan,True,False,True,False,False,162.0604902292099,False
2500.0,800.0,False,False,False,False,False,nan,True,False,True,False,False,149.93656745933635,False
2500.0,900.0,False,False,False,False,False,nan,True,False,True,False,False,141.38069921164882,False
2500.0,1000.0,False,False,False,False,False,nan,True,False,True,False,False,135.2747979591996,False
2500.0,1100.0,False,False,False,False,False,nan,True,False,True,False,False,130.91967913688865,False
2500.0,1200.0,False,False,False,False,False,nan,False,False,False,False,False,nan,False
2500.0,1300.0,False,False,False,False,False,nan,False,False,False,False,False,nan,False
2500.0,1400.0,False,False,False,False,False,nan,False,False,False,False,False,nan,False
2500.0,1500.0,False,False,False,False,False,nan,False,False,False,False,False,nan,False
2500.0,1600.0,False,False,False,False,False,nan,False,False,False,False,False,nan,False
2500.0,1700.0,False,False,False,False,False,nan,False,False,False,False,False,nan,False
2500.0,1800.0,False,False,False,False,False,nan,False,False,False,False,False,nan,False
2500.0,1900.0,False,False,False,False,False,nan,False,False,False,False,False,nan,False
2500.0,2000.0,False,False,False,False,False,nan,False,False,False,False,False,nan,False
2500.0,2100.0,False,False,False,False,False,nan,False,False,False,False,False,nan,False
2500.0,2200.0,False,False,False,False,False,nan,False,False,False,False,False,nan,False
2500.0,2300.0,False,False,False,False,False,nan,False,False,False,False,False,nan,False
2500.0,2400.0,False,False,False,False,False,nan,False,False,False,False,False,nan,False
2500.0,2500.0,False,False,False,False,False,nan,False,False,False,False,False,nan,False
2500.0,2600.0,False,False,False,False,False,nan,False,False,False,False,False,nan,False
2500.0,2700.0,False,False,False,False,False,nan,False,False,False,False,False,nan,False
2500.0,2800.0,False,False,False,False,False,nan,False,False,False,False,False,nan,False
2500.0,2900.0,False,False,False,False,False,nan,False,False,False,False,False,nan,False
2500.0,3000.0,False,False,False,False,False,nan,False,False,False,False,False,nan,False
2600.0,0.0,False,False,False,False,False,nan,True,False,True,False,False,2600.0000000000005,False
2600.0,100.0,False,False,False,False,False,nan,True,False,True,False,False,1241.513008287771,False
2600.0,200.0,False,False,False,False,False,nan,True,False,True,False,False,562.85654874537,False
2600.0,300.0,False,False,False,False,False,nan,True,False,True,False,False,370.9420402250287,False
2600.0,400.0,False,False,False,False,False,nan,True,False,True,False,False,282.2294678404185,False
2600.0,500.0,False,False,False,False,False,nan,True,False,True,False,False,232.25058047400992,False
2600.0,600.0,False,False,False,False,False,nan,True,False,True,False,False,200.93193043120056,False
2600.0,700.0,False,False,False,False,False,nan,True,False,True,False,False,179.9946494986818,False
2600.0,800.0,False,False,False,False,False,nan,True,False,True,False,False,165.40458779656674,False
2600.0,900.0,False,False,False,False,False,nan,True,False,True,False,False,154.9643911752773,False
2600.0,1000.0,False,False,False,False,False,nan,True,False,True,False,False,147.37781294813698,False
2600.0,1100.0,False,False,False,False,False,nan,False,False,False,False,False,nan,False
2600.0,1200.0,False,False,False,False,False,nan,False,False,False,False,False,nan,False
2600.0,1300.0,False,False,False,False,False,nan,False,False,False,False,False,nan,False
2600.0,1400.0,False,False,False,False,False,nan,False,False,False,False,False,nan,False
2600.0,1500.0,False,False,False,False,False,nan,False,False,False,False,False,nan,False
2600.0,1600.0,False,False,False,False,False,nan,False,False,False,False,False,nan,False
2600.0,1700.0,False,False,False,False,False,nan,False,False,False,False,False,nan,False
2600.0,1800.0,False,False,False,False,False,nan,False,False,False,False,False,nan,False
2600.0,1900.0,False,False,False,False,False,nan,False,False,False,False,False,nan,False
2600.0,2000.0,False,False,False,False,False,nan,False,False,False,False,False,nan,False
2600.0,2100.0,False,False,False,False,False,nan,False,False,False,False,False,nan,False
2600.0,2200.0,False,False,False,False,False,nan,False,False,False,False,False,nan,False
2600.0,2300.0,False,False,False,False,False,nan,False,False,False,False,False,nan,False
2600.0,2400.0,False,False,False,False,False,nan,False,False,False,False,False,nan,False
2600.0,2500.0,False,False,False,False,False,nan,False,False,False,False,False,nan,False
2600.0,2600.0,False,False,False,False,False,nan,False,False,False,False,False,nan,False
2600.0,2700.0,False,False,False,False,False,nan,False,False,False,False,False,nan,False
2600.0,2800.0,False,False,False,False,False,nan,False,False,False,False,False,nan,False
2600.0,2900.0,False,False,False,False,False,nan,False,False,False,False,False,nan,False
2600.0,3000.0,False,False,False,False,False,nan,False,False,False,False,False,nan,False
2700.0,0.0,False,False,False,False,False,nan,True,False,True,False,False,2700.000000000001,False
2700.0,100.0,False,False,False,False,False,nan,True,False,True,False,False,1436.50560177107,False
2700.0,200.0,False,False,False,False,False,nan,True,False,True,False,False,642.0728713688717,False
2700.0,300.0,False,False,False,False,False,nan,True,False,True,False,False,420.3113129983175,False
2700.0,400.0,False,False,False,False,False,nan,True,False,True,False,False,317.9233654607723,False
2700.0,500.0,False,False,False,False,False,nan,True,False,True,False,False,260.0937636936654,False
2700.0,600.0,False,False,False,False,False,nan,True,False,True,False,False,223.68315341894075,False
2700.0,700.0,False,False,False,False,False,nan,True,False,True,False,False,199.18173229026513,False
2700.0,800.0,False,False,False,False,False,nan,True,False,True,False,False,181.9642437712215,False
2700.0,900.0,False,False,False,False,False,nan,True,False,True,False,False,169.5132172630929,False
2700.0,1000.0,False,False,False,False,False,nan,False,False,False,False,False,nan,False
2700.0,1100.0,False,False,False,False,False,nan,False,False,False,False,False,nan,False
2700.0,1200.0,False,False,False,False,False,nan,False,False,False,False,False,nan,False
2700.0,1300.0,False,False,False,False,False,nan,False,False,False,False,False,nan,False
2700.0,1400.0,False,False,False,False,False,nan,False,False,False,False,False,nan,False
2700.0,1500.0,False,False,False,False,False,nan,False,False,False,False,False,nan,False
2700.0,1600.0,False,False,False,False,False,nan,False,False,False,False,False,nan,False
2700.0,1700.0,False,False,False,False,False,nan,False,False,False,False,False,nan,False
2700.0,1800.0,False,False,False,False,False,nan,False,False,False,False,False,nan,False
2700.0,1900.0,False,False,False,False,False,nan,False,False,False,False,False,nan,False
2700.0,2000.0,False,False,False,False,False,nan,False,False,False,False,False,nan,False
2700.0,2100.0,False,False,False,False,False,nan,False,False,False,False,False,nan,False
2700.0,2200.0,False,False,False,False,False,nan,False,False,False,False,False,nan,False
2700.0,2300.0,False,False,False,False,False,nan,False,False,False,False,False,nan,False
2700.0,2400.0,False,False,False,False,False,nan,False,False,False,False,False,nan,False
2700.0,2500.0,False,False,False,False,False,nan,False,False,False,False,False,nan,False
2700.0,2600.0,False,False,False,False,False,nan,False,False,False,False,False,nan,False
2700.0,2700.0,False,False,False,False,False,nan,False,False,False,False,False,nan,False
2700.0,2800.0,False,False,False,False,False,nan,False,False,False,False,False,nan,False
2700.0,2900.0,False,False,False,False,False,nan,False,False,False,False,False,nan,False
2700.0,3000.0,False,False,False,False,False,nan,False,False,False,False,False,nan,False
2800.0,0.0,False,False,False,False,False,nan,True,False,True,False,False,2800.0000000000005,False
2800.0,100.0,False,False,False,False,False,nan,True,False,True,False,False,1649.3690105484447,False
2800.0,200.0,False,False,False,False,False,nan,True,False,True,False,False,726.8455324202282,False
2800.0,300.0,False,False,False,False,False,nan,True,False,True,False,False,472.8995049813833,False
2800.0,400.0,False,False,False,False,False,nan,True,False,True,False,False,355.8931916147565,False
2800.0,500.0,False,False,False,False,False,nan,True,False,True,False,False,289.70857384902115,False
2800.0,600.0,False,False,False,False,False,nan,True,False,True,False,False,247.89129851614368,False
2800.0,700.0,False,False,False,False,False,nan,True,False,True,False,False,219.60872463993528,False
2800.0,800.0,False,False,False,False,False,nan,False,False,False,False,False,nan,False
2800.0,900.0,False,False,False,False,False,nan,False,False,False,False,False,nan,False
2800.0,1000.0,False,False,False,False,False,nan,False,False,False,False,False,nan,False
2800.0,1100.0,False,False,False,False,False,nan,False,False,False,False,False,nan,False
2800.0,1200.0,False,False,False,False,False,nan,False,False,False,False,False,nan,False
2800.0,1300.0,False,False,False,False,False,nan,False,False,False,False,False,nan,False
2800.0,1400.0,False,False,False,False,False,nan,False,False,False,False,False,nan,False
2800.0,1500.0,False,False,False,False,False,nan,False,False,False,False,False,nan,False
2800.0,1600.0,False,False,False,False,False,nan,False,False,False,False,False,nan,False
2800.0,1700.0,False,False,False,False,False,nan,False,False,False,False,False,nan,False
2800.0,1800.0,False,False,False,False,False,nan,False,False,False,False,False,nan,False
2800.0,1900.0,False,False,False,False,False,nan,False,False,False,False,False,nan,False
2800.0,2000.0,False,False,False,False,False,nan,False,False,False,False,False,nan,False
2800.0,2100.0,False,False,False,False,False,nan,False,False,False,False,False,nan,False
2800.0,2200.0,False,False,False,False,False,nan,False,False,False,False,False,nan,False
2800.0,2300.0,False,False,False,False,False,nan,False,False,False,False,False,nan,False
2800.0,2400.0,False,False,False,False,False,nan,False,False,False,False,False,nan,False
2800.0,2500.0,False,False,False,False,False,nan,False,False,False,False,False,nan,False
2800.0,2600.0,False,False,False,False,False,nan,False,False,False,False,False,nan,False
2800.0,2700.0,False,False,False,False,False,nan,False,False,False,False,False,nan,False
2800.0,2800.0,False,False,False,False,False,nan,False,False,False,False,False,nan,False
2800.0,2900.0,False,False,False,False,False,nan,False,False,False,False,False,nan,False
2800.0,3000.0,False,False,False,False,False,nan,False,False,False,False,False,nan,False
2900.0,0.0,False,False,False,False,False,nan,True,False,True,False,False,2900.0000000000005,False
2900.0,100.0,False,False,False,False,False,nan,True,False,True,False,False,1881.333563170712,False
2900.0,200.0,False,False,False,False,False,nan,True,False,True,False,False,817.3270978276151,False
2900.0,300.0,False,False,False,False,False,nan,True,False,True,False,False,528.7506893012626,False
2900.0,400.0,False,False,False,False,False,nan,True,False,True,False,False,396.1511865657941,False
2900.0,500.0,False,False,False,False,False,nan,True,False,True,False,False,321.09417118002665,False
2900.0,600.0,False,False,False,False,False,nan,False,False,False,False,False,nan,False
2900.0,700.0,False,False,False,False,False,nan,False,False,False,False,False,nan,False
2900.0,800.0,False,False,False,False,False,nan,False,False,False,False,False,nan,False
2900.0,900.0,False,False,False,False,False,nan,False,False,False,False,False,nan,False
2900.0,1000.0,False,False,False,False,False,nan,False,False,False,False,False,nan,False
2900.0,1100.0,False,False,False,False,False,nan,False,False,False,False,False,nan,False
2900.0,1200.0,False,False,False,False,False,nan,False,False,False,False,False,nan,False
2900.0,1300.0,False,False,False,False,False,nan,False,False,False,False,False,nan,False
2900.0,1400.0,False,False,False,False,False,nan,False,False,False,False,False,nan,False
2900.0,1500.0,False,False,False,False,False,nan,False,False,False,False,False,nan,False
2900.0,1600.0,False,False,False,False,False,nan,False,False,False,False,False,nan,False
2900.0,1700.0,False,False,False,False,False,nan,False,False,False,False,False,nan,False
2900.0,1800.0,False,False,False,False,False,nan,False,False,False,False,False,nan,False
2900.0,1900.0,False,False,False,False,False,nan,False,False,False,False,False,nan,False
2900.0,2000.0,False,False,False,False,False,nan,False,False,False,False,False,nan,False
2900.0,2100.0,False,False,False,False,False,nan,False,False,False,False,False,nan,False
2900.0,2200.0,False,False,False,False,False,nan,False,False,False,False,False,nan,False
2900.0,2300.0,False,False,False,False,False,nan,False,False,False,False,False,nan,False
2900.0,2400.0,False,False,False,False,False,nan,False,False,False,False,False,nan,False
2900.0,2500.0,False,False,False,False,False,nan,False,False,False,False,False,nan,False
2900.0,2600.0,False,False,False,False,False,nan,False,False,False,False,False,nan,False
2900.0,2700.0,False,False,False,False,False,nan,False,False,False,False,False,nan,False
2900.0,2800.0,False,False,False,False,False,nan,False,False,False,False,False,nan,False
2900.0,2900.0,False,False,False,False,False,nan,False,False,False,False,False,nan,False
2900.0,3000.0,False,False,False,False,False,nan,False,False,False,False,False,nan,False
3000.0,0.0,False,False,False,False,False,nan,True,False,True,False,False,3000.0000000000005,False
3000.0,100.0,False,False,False,False,False,nan,False,False,False,False,False,nan,False
3000.0,200.0,False,False,False,False,False,nan,False,False,False,False,False,nan,False
3000.0,300.0,False,False,False,False,False,nan,False,False,False,False,False,nan,False
3000.0,400.0,False,False,False,False,False,nan,False,False,False,False,False,nan,False
3000.0,500.0,False,False,False,False,False,nan,False,False,False,False,False,nan,False
3000.0,600.0,False,False,False,False,False,nan,False,False,False,False,False,nan,False
3000.0,700.0,False,False,False,False,False,nan,False,False,False,False,False,nan,False
3000.0,800.0,False,False,False,False,False,nan,False,False,False,False,False,nan,False
3000.0,900.0,False,False,False,False,False,nan,False,False,False,False,False,nan,False
3000.0,1000.0,False,False,False,False,False,nan,False,False,False,False,False,nan,False
3000.0,1100.0,False,False,False,False,False,nan,False,False,False,False,False,nan,False
3000.0,1200.0,False,False,False,False,False,nan,False,False,False,False,False,nan,False
3000.0,1300.0,False,False,False,False,False,nan,False,False,False,False,False,nan,False
3000.0,1400.0,False,False,False,False,False,nan,False,False,False,False,False,nan,False
3000.0,1500.0,False,False,False,False,False,nan,False,False,False,False,False,nan,False
3000.0,1600.0,False,False,False,False,False,nan,False,False,False,False,False,nan,False
3000.0,1700.0,False,False,False,False,False,nan,False,False,False,False,False,nan,False
3000.0,1800.0,False,False,False,False,False,nan,False,False,False,False,False,nan,False
3000.0,1900.0,False,False,False,False,False,nan,False,False,False,False,False,nan,False
3000.0,2000.0,False,False,False,False,False,nan,False,False,False,False,False,nan,False
3000.0,2100.0,False,False,False,False,False,nan,False,False,False,False,False,nan,False
3000.0,2200.0,False,False,False,False,False,nan,False,False,False,False,False,nan,False
3000.0,2300.0,False,False,False,False,False,nan,False,False,False,False,False,nan,False
3000.0,2400.0,False,False,False,False,False,nan,False,False,False,False,False,nan,False
3000.0,2500.0,False,False,False,False,False,nan,False,False,False,False,False,nan,False
3000.0,2600.0,False,False,False,False,False,nan,False,False,False,False,False,nan,False
3000.0,2700.0,False,False,False,False,False,nan,False,False,False,False,False,nan,False
3000.0,2800.0,False,False,False,False,False,nan,False,False,False,False,False,nan,False
3000.0,2900.0,False,False,False,False,False,nan,False,False,False,False,False,nan,False
3000.0,3000.0,False,False,False,False,False,nan,False,False,False,False,False,nan,False
